{
"type": "FeatureCollection",
"name": "Anas_acuta_points",
"crs": { "type": "name", "properties": { "name": "urn:ogc:def:crs:OGC:1.3:CRS84" } },
"features": [
{ "type": "Feature", "properties": { "decimalLatitude": 21.3368, "decimalLongitude": 76.5061, "month": 1, "species_sci": "Anas acuta", "species_com": "Northern Pintail / Onagagamo" }, "geometry": { "type": "Point", "coordinates": [ 76.5061, 21.3368 ] } },
{ "type": "Feature", "properties": { "decimalLatitude": 56.7144, "decimalLongitude": 8.2448, "month": 1, "species_sci": "Anas acuta", "species_com": "Northern Pintail / Onagagamo" }, "geometry": { "type": "Point", "coordinates": [ 8.2448, 56.7144 ] } },
{ "type": "Feature", "properties": { "decimalLatitude": 57.0204, "decimalLongitude": 12.3362, "month": 1, "species_sci": "Anas acuta", "species_com": "Northern Pintail / Onagagamo" }, "geometry": { "type": "Point", "coordinates": [ 12.3362, 57.0204 ] } },
{ "type": "Feature", "properties": { "decimalLatitude": 59.6064, "decimalLongitude": 16.565, "month": 1, "species_sci": "Anas acuta", "species_com": "Northern Pintail / Onagagamo" }, "geometry": { "type": "Point", "coordinates": [ 16.565, 59.6064 ] } },
{ "type": "Feature", "properties": { "decimalLatitude": 49.0191, "decimalLongitude": -122.8064, "month": 1, "species_sci": "Anas acuta", "species_com": "Northern Pintail / Onagagamo" }, "geometry": { "type": "Point", "coordinates": [ -122.8064, 49.0191 ] } },
{ "type": "Feature", "properties": { "decimalLatitude": 56.2024, "decimalLongitude": 16.3973, "month": 1, "species_sci": "Anas acuta", "species_com": "Northern Pintail / Onagagamo" }, "geometry": { "type": "Point", "coordinates": [ 16.3973, 56.2024 ] } },
{ "type": "Feature", "properties": { "decimalLatitude": 68.3937, "decimalLongitude": 14.4782, "month": 1, "species_sci": "Anas acuta", "species_com": "Northern Pintail / Onagagamo" }, "geometry": { "type": "Point", "coordinates": [ 14.4782, 68.3937 ] } },
{ "type": "Feature", "properties": { "decimalLatitude": 50.8333, "decimalLongitude": -1.0292, "month": 1, "species_sci": "Anas acuta", "species_com": "Northern Pintail / Onagagamo" }, "geometry": { "type": "Point", "coordinates": [ -1.0292, 50.8333 ] } },
{ "type": "Feature", "properties": { "decimalLatitude": 26.0822, "decimalLongitude": -98.1355, "month": 1, "species_sci": "Anas acuta", "species_com": "Northern Pintail / Onagagamo" }, "geometry": { "type": "Point", "coordinates": [ -98.1355, 26.0822 ] } },
{ "type": "Feature", "properties": { "decimalLatitude": 33.5231, "decimalLongitude": -112.2889, "month": 1, "species_sci": "Anas acuta", "species_com": "Northern Pintail / Onagagamo" }, "geometry": { "type": "Point", "coordinates": [ -112.2889, 33.5231 ] } },
{ "type": "Feature", "properties": { "decimalLatitude": 39.4297, "decimalLongitude": -122.1917, "month": 1, "species_sci": "Anas acuta", "species_com": "Northern Pintail / Onagagamo" }, "geometry": { "type": "Point", "coordinates": [ -122.1917, 39.4297 ] } },
{ "type": "Feature", "properties": { "decimalLatitude": 57.7084, "decimalLongitude": 11.8174, "month": 1, "species_sci": "Anas acuta", "species_com": "Northern Pintail / Onagagamo" }, "geometry": { "type": "Point", "coordinates": [ 11.8174, 57.7084 ] } },
{ "type": "Feature", "properties": { "decimalLatitude": 55.6676, "decimalLongitude": 13.0629, "month": 1, "species_sci": "Anas acuta", "species_com": "Northern Pintail / Onagagamo" }, "geometry": { "type": "Point", "coordinates": [ 13.0629, 55.6676 ] } },
{ "type": "Feature", "properties": { "decimalLatitude": 35.5011, "decimalLongitude": -76.2118, "month": 1, "species_sci": "Anas acuta", "species_com": "Northern Pintail / Onagagamo" }, "geometry": { "type": "Point", "coordinates": [ -76.2118, 35.5011 ] } },
{ "type": "Feature", "properties": { "decimalLatitude": 59.6064, "decimalLongitude": 16.565, "month": 1, "species_sci": "Anas acuta", "species_com": "Northern Pintail / Onagagamo" }, "geometry": { "type": "Point", "coordinates": [ 16.565, 59.6064 ] } },
{ "type": "Feature", "properties": { "decimalLatitude": 57.1247, "decimalLongitude": 12.2527, "month": 1, "species_sci": "Anas acuta", "species_com": "Northern Pintail / Onagagamo" }, "geometry": { "type": "Point", "coordinates": [ 12.2527, 57.1247 ] } },
{ "type": "Feature", "properties": { "decimalLatitude": 39.4297, "decimalLongitude": -122.1917, "month": 1, "species_sci": "Anas acuta", "species_com": "Northern Pintail / Onagagamo" }, "geometry": { "type": "Point", "coordinates": [ -122.1917, 39.4297 ] } },
{ "type": "Feature", "properties": { "decimalLatitude": 55.8782, "decimalLongitude": 9.8759, "month": 1, "species_sci": "Anas acuta", "species_com": "Northern Pintail / Onagagamo" }, "geometry": { "type": "Point", "coordinates": [ 9.8759, 55.8782 ] } },
{ "type": "Feature", "properties": { "decimalLatitude": 55.9222, "decimalLongitude": 8.4678, "month": 1, "species_sci": "Anas acuta", "species_com": "Northern Pintail / Onagagamo" }, "geometry": { "type": "Point", "coordinates": [ 8.4678, 55.9222 ] } },
{ "type": "Feature", "properties": { "decimalLatitude": 35.8377, "decimalLongitude": 126.6898, "month": 1, "species_sci": "Anas acuta", "species_com": "Northern Pintail / Onagagamo" }, "geometry": { "type": "Point", "coordinates": [ 126.6898, 35.8377 ] } },
{ "type": "Feature", "properties": { "decimalLatitude": 29.2945, "decimalLongitude": -98.4976, "month": 1, "species_sci": "Anas acuta", "species_com": "Northern Pintail / Onagagamo" }, "geometry": { "type": "Point", "coordinates": [ -98.4976, 29.2945 ] } },
{ "type": "Feature", "properties": { "decimalLatitude": 55.5552, "decimalLongitude": 12.9049, "month": 1, "species_sci": "Anas acuta", "species_com": "Northern Pintail / Onagagamo" }, "geometry": { "type": "Point", "coordinates": [ 12.9049, 55.5552 ] } },
{ "type": "Feature", "properties": { "decimalLatitude": 56.1964, "decimalLongitude": 16.3993, "month": 1, "species_sci": "Anas acuta", "species_com": "Northern Pintail / Onagagamo" }, "geometry": { "type": "Point", "coordinates": [ 16.3993, 56.1964 ] } },
{ "type": "Feature", "properties": { "decimalLatitude": 60.3865, "decimalLongitude": 5.3017, "month": 1, "species_sci": "Anas acuta", "species_com": "Northern Pintail / Onagagamo" }, "geometry": { "type": "Point", "coordinates": [ 5.3017, 60.3865 ] } },
{ "type": "Feature", "properties": { "decimalLatitude": 57.7084, "decimalLongitude": 11.8174, "month": 1, "species_sci": "Anas acuta", "species_com": "Northern Pintail / Onagagamo" }, "geometry": { "type": "Point", "coordinates": [ 11.8174, 57.7084 ] } },
{ "type": "Feature", "properties": { "decimalLatitude": 63.4394, "decimalLongitude": 10.4736, "month": 1, "species_sci": "Anas acuta", "species_com": "Northern Pintail / Onagagamo" }, "geometry": { "type": "Point", "coordinates": [ 10.4736, 63.4394 ] } },
{ "type": "Feature", "properties": { "decimalLatitude": 49.2162, "decimalLongitude": -123.2126, "month": 1, "species_sci": "Anas acuta", "species_com": "Northern Pintail / Onagagamo" }, "geometry": { "type": "Point", "coordinates": [ -123.2126, 49.2162 ] } },
{ "type": "Feature", "properties": { "decimalLatitude": 54.8976, "decimalLongitude": 9.9094, "month": 1, "species_sci": "Anas acuta", "species_com": "Northern Pintail / Onagagamo" }, "geometry": { "type": "Point", "coordinates": [ 9.9094, 54.8976 ] } },
{ "type": "Feature", "properties": { "decimalLatitude": 58.6795, "decimalLongitude": 17.1104, "month": 1, "species_sci": "Anas acuta", "species_com": "Northern Pintail / Onagagamo" }, "geometry": { "type": "Point", "coordinates": [ 17.1104, 58.6795 ] } },
{ "type": "Feature", "properties": { "decimalLatitude": 56.6537, "decimalLongitude": 16.3431, "month": 1, "species_sci": "Anas acuta", "species_com": "Northern Pintail / Onagagamo" }, "geometry": { "type": "Point", "coordinates": [ 16.3431, 56.6537 ] } },
{ "type": "Feature", "properties": { "decimalLatitude": 55.6692, "decimalLongitude": 13.0629, "month": 1, "species_sci": "Anas acuta", "species_com": "Northern Pintail / Onagagamo" }, "geometry": { "type": "Point", "coordinates": [ 13.0629, 55.6692 ] } },
{ "type": "Feature", "properties": { "decimalLatitude": 57.1265, "decimalLongitude": 12.2522, "month": 1, "species_sci": "Anas acuta", "species_com": "Northern Pintail / Onagagamo" }, "geometry": { "type": "Point", "coordinates": [ 12.2522, 57.1265 ] } },
{ "type": "Feature", "properties": { "decimalLatitude": 63.4394, "decimalLongitude": 10.474, "month": 1, "species_sci": "Anas acuta", "species_com": "Northern Pintail / Onagagamo" }, "geometry": { "type": "Point", "coordinates": [ 10.474, 63.4394 ] } },
{ "type": "Feature", "properties": { "decimalLatitude": 55.6381, "decimalLongitude": 13.044, "month": 1, "species_sci": "Anas acuta", "species_com": "Northern Pintail / Onagagamo" }, "geometry": { "type": "Point", "coordinates": [ 13.044, 55.6381 ] } },
{ "type": "Feature", "properties": { "decimalLatitude": 55.3787, "decimalLongitude": 13.0957, "month": 1, "species_sci": "Anas acuta", "species_com": "Northern Pintail / Onagagamo" }, "geometry": { "type": "Point", "coordinates": [ 13.0957, 55.3787 ] } },
{ "type": "Feature", "properties": { "decimalLatitude": 56.7379, "decimalLongitude": 16.5402, "month": 1, "species_sci": "Anas acuta", "species_com": "Northern Pintail / Onagagamo" }, "geometry": { "type": "Point", "coordinates": [ 16.5402, 56.7379 ] } },
{ "type": "Feature", "properties": { "decimalLatitude": 47.4951, "decimalLongitude": 9.6242, "month": 1, "species_sci": "Anas acuta", "species_com": "Northern Pintail / Onagagamo" }, "geometry": { "type": "Point", "coordinates": [ 9.6242, 47.4951 ] } },
{ "type": "Feature", "properties": { "decimalLatitude": 57.0708, "decimalLongitude": 18.1763, "month": 1, "species_sci": "Anas acuta", "species_com": "Northern Pintail / Onagagamo" }, "geometry": { "type": "Point", "coordinates": [ 18.1763, 57.0708 ] } },
{ "type": "Feature", "properties": { "decimalLatitude": 56.7366, "decimalLongitude": 8.2348, "month": 1, "species_sci": "Anas acuta", "species_com": "Northern Pintail / Onagagamo" }, "geometry": { "type": "Point", "coordinates": [ 8.2348, 56.7366 ] } },
{ "type": "Feature", "properties": { "decimalLatitude": 21.3368, "decimalLongitude": 76.5061, "month": 1, "species_sci": "Anas acuta", "species_com": "Northern Pintail / Onagagamo" }, "geometry": { "type": "Point", "coordinates": [ 76.5061, 21.3368 ] } },
{ "type": "Feature", "properties": { "decimalLatitude": 49.2161, "decimalLongitude": -123.2128, "month": 1, "species_sci": "Anas acuta", "species_com": "Northern Pintail / Onagagamo" }, "geometry": { "type": "Point", "coordinates": [ -123.2128, 49.2161 ] } },
{ "type": "Feature", "properties": { "decimalLatitude": 57.1265, "decimalLongitude": 12.2522, "month": 1, "species_sci": "Anas acuta", "species_com": "Northern Pintail / Onagagamo" }, "geometry": { "type": "Point", "coordinates": [ 12.2522, 57.1265 ] } },
{ "type": "Feature", "properties": { "decimalLatitude": 59.3192, "decimalLongitude": 10.7285, "month": 1, "species_sci": "Anas acuta", "species_com": "Northern Pintail / Onagagamo" }, "geometry": { "type": "Point", "coordinates": [ 10.7285, 59.3192 ] } },
{ "type": "Feature", "properties": { "decimalLatitude": 57.1307, "decimalLongitude": 12.238, "month": 1, "species_sci": "Anas acuta", "species_com": "Northern Pintail / Onagagamo" }, "geometry": { "type": "Point", "coordinates": [ 12.238, 57.1307 ] } },
{ "type": "Feature", "properties": { "decimalLatitude": 56.2009, "decimalLongitude": 16.3922, "month": 1, "species_sci": "Anas acuta", "species_com": "Northern Pintail / Onagagamo" }, "geometry": { "type": "Point", "coordinates": [ 16.3922, 56.2009 ] } },
{ "type": "Feature", "properties": { "decimalLatitude": 55.6602, "decimalLongitude": 13.059, "month": 1, "species_sci": "Anas acuta", "species_com": "Northern Pintail / Onagagamo" }, "geometry": { "type": "Point", "coordinates": [ 13.059, 55.6602 ] } },
{ "type": "Feature", "properties": { "decimalLatitude": 21.3368, "decimalLongitude": 76.5061, "month": 1, "species_sci": "Anas acuta", "species_com": "Northern Pintail / Onagagamo" }, "geometry": { "type": "Point", "coordinates": [ 76.5061, 21.3368 ] } },
{ "type": "Feature", "properties": { "decimalLatitude": 57.1265, "decimalLongitude": 12.2522, "month": 1, "species_sci": "Anas acuta", "species_com": "Northern Pintail / Onagagamo" }, "geometry": { "type": "Point", "coordinates": [ 12.2522, 57.1265 ] } },
{ "type": "Feature", "properties": { "decimalLatitude": 53.1579, "decimalLongitude": 4.8802, "month": 1, "species_sci": "Anas acuta", "species_com": "Northern Pintail / Onagagamo" }, "geometry": { "type": "Point", "coordinates": [ 4.8802, 53.1579 ] } },
{ "type": "Feature", "properties": { "decimalLatitude": 55.1024, "decimalLongitude": 10.0886, "month": 1, "species_sci": "Anas acuta", "species_com": "Northern Pintail / Onagagamo" }, "geometry": { "type": "Point", "coordinates": [ 10.0886, 55.1024 ] } },
{ "type": "Feature", "properties": { "decimalLatitude": 55.9177, "decimalLongitude": 8.438, "month": 1, "species_sci": "Anas acuta", "species_com": "Northern Pintail / Onagagamo" }, "geometry": { "type": "Point", "coordinates": [ 8.438, 55.9177 ] } },
{ "type": "Feature", "properties": { "decimalLatitude": 58.0662, "decimalLongitude": 6.7566, "month": 1, "species_sci": "Anas acuta", "species_com": "Northern Pintail / Onagagamo" }, "geometry": { "type": "Point", "coordinates": [ 6.7566, 58.0662 ] } },
{ "type": "Feature", "properties": { "decimalLatitude": 56.0025, "decimalLongitude": 12.7287, "month": 1, "species_sci": "Anas acuta", "species_com": "Northern Pintail / Onagagamo" }, "geometry": { "type": "Point", "coordinates": [ 12.7287, 56.0025 ] } },
{ "type": "Feature", "properties": { "decimalLatitude": 57.0175, "decimalLongitude": 12.3365, "month": 1, "species_sci": "Anas acuta", "species_com": "Northern Pintail / Onagagamo" }, "geometry": { "type": "Point", "coordinates": [ 12.3365, 57.0175 ] } },
{ "type": "Feature", "properties": { "decimalLatitude": 58.588, "decimalLongitude": 16.1673, "month": 1, "species_sci": "Anas acuta", "species_com": "Northern Pintail / Onagagamo" }, "geometry": { "type": "Point", "coordinates": [ 16.1673, 58.588 ] } },
{ "type": "Feature", "properties": { "decimalLatitude": 42.9763, "decimalLongitude": -81.2831, "month": 1, "species_sci": "Anas acuta", "species_com": "Northern Pintail / Onagagamo" }, "geometry": { "type": "Point", "coordinates": [ -81.2831, 42.9763 ] } },
{ "type": "Feature", "properties": { "decimalLatitude": 34.6803, "decimalLongitude": 112.4861, "month": 1, "species_sci": "Anas acuta", "species_com": "Northern Pintail / Onagagamo" }, "geometry": { "type": "Point", "coordinates": [ 112.4861, 34.6803 ] } },
{ "type": "Feature", "properties": { "decimalLatitude": 56.8191, "decimalLongitude": 8.7365, "month": 1, "species_sci": "Anas acuta", "species_com": "Northern Pintail / Onagagamo" }, "geometry": { "type": "Point", "coordinates": [ 8.7365, 56.8191 ] } },
{ "type": "Feature", "properties": { "decimalLatitude": 63.4394, "decimalLongitude": 10.474, "month": 1, "species_sci": "Anas acuta", "species_com": "Northern Pintail / Onagagamo" }, "geometry": { "type": "Point", "coordinates": [ 10.474, 63.4394 ] } },
{ "type": "Feature", "properties": { "decimalLatitude": 56.1964, "decimalLongitude": 16.3993, "month": 1, "species_sci": "Anas acuta", "species_com": "Northern Pintail / Onagagamo" }, "geometry": { "type": "Point", "coordinates": [ 16.3993, 56.1964 ] } },
{ "type": "Feature", "properties": { "decimalLatitude": 37.2183, "decimalLongitude": 138.3498, "month": 1, "species_sci": "Anas acuta", "species_com": "Northern Pintail / Onagagamo" }, "geometry": { "type": "Point", "coordinates": [ 138.3498, 37.2183 ] } },
{ "type": "Feature", "properties": { "decimalLatitude": 56.2159, "decimalLongitude": 10.2245, "month": 1, "species_sci": "Anas acuta", "species_com": "Northern Pintail / Onagagamo" }, "geometry": { "type": "Point", "coordinates": [ 10.2245, 56.2159 ] } },
{ "type": "Feature", "properties": { "decimalLatitude": 56.7443, "decimalLongitude": 16.5159, "month": 1, "species_sci": "Anas acuta", "species_com": "Northern Pintail / Onagagamo" }, "geometry": { "type": "Point", "coordinates": [ 16.5159, 56.7443 ] } },
{ "type": "Feature", "properties": { "decimalLatitude": 55.0264, "decimalLongitude": 15.1215, "month": 1, "species_sci": "Anas acuta", "species_com": "Northern Pintail / Onagagamo" }, "geometry": { "type": "Point", "coordinates": [ 15.1215, 55.0264 ] } },
{ "type": "Feature", "properties": { "decimalLatitude": 42.7762, "decimalLongitude": -70.8077, "month": 1, "species_sci": "Anas acuta", "species_com": "Northern Pintail / Onagagamo" }, "geometry": { "type": "Point", "coordinates": [ -70.8077, 42.7762 ] } },
{ "type": "Feature", "properties": { "decimalLatitude": 22.4647, "decimalLongitude": 113.9954, "month": 1, "species_sci": "Anas acuta", "species_com": "Northern Pintail / Onagagamo" }, "geometry": { "type": "Point", "coordinates": [ 113.9954, 22.4647 ] } },
{ "type": "Feature", "properties": { "decimalLatitude": 59.6064, "decimalLongitude": 16.565, "month": 1, "species_sci": "Anas acuta", "species_com": "Northern Pintail / Onagagamo" }, "geometry": { "type": "Point", "coordinates": [ 16.565, 59.6064 ] } },
{ "type": "Feature", "properties": { "decimalLatitude": 55.6602, "decimalLongitude": 13.059, "month": 1, "species_sci": "Anas acuta", "species_com": "Northern Pintail / Onagagamo" }, "geometry": { "type": "Point", "coordinates": [ 13.059, 55.6602 ] } },
{ "type": "Feature", "properties": { "decimalLatitude": 60.3865, "decimalLongitude": 5.3017, "month": 1, "species_sci": "Anas acuta", "species_com": "Northern Pintail / Onagagamo" }, "geometry": { "type": "Point", "coordinates": [ 5.3017, 60.3865 ] } },
{ "type": "Feature", "properties": { "decimalLatitude": 56.2159, "decimalLongitude": 10.2245, "month": 1, "species_sci": "Anas acuta", "species_com": "Northern Pintail / Onagagamo" }, "geometry": { "type": "Point", "coordinates": [ 10.2245, 56.2159 ] } },
{ "type": "Feature", "properties": { "decimalLatitude": 56.2308, "decimalLongitude": 12.5309, "month": 1, "species_sci": "Anas acuta", "species_com": "Northern Pintail / Onagagamo" }, "geometry": { "type": "Point", "coordinates": [ 12.5309, 56.2308 ] } },
{ "type": "Feature", "properties": { "decimalLatitude": 57.1265, "decimalLongitude": 12.2522, "month": 1, "species_sci": "Anas acuta", "species_com": "Northern Pintail / Onagagamo" }, "geometry": { "type": "Point", "coordinates": [ 12.2522, 57.1265 ] } },
{ "type": "Feature", "properties": { "decimalLatitude": 55.5182, "decimalLongitude": 12.2204, "month": 1, "species_sci": "Anas acuta", "species_com": "Northern Pintail / Onagagamo" }, "geometry": { "type": "Point", "coordinates": [ 12.2204, 55.5182 ] } },
{ "type": "Feature", "properties": { "decimalLatitude": 63.4394, "decimalLongitude": 10.474, "month": 1, "species_sci": "Anas acuta", "species_com": "Northern Pintail / Onagagamo" }, "geometry": { "type": "Point", "coordinates": [ 10.474, 63.4394 ] } },
{ "type": "Feature", "properties": { "decimalLatitude": 39.459, "decimalLongitude": -74.4313, "month": 1, "species_sci": "Anas acuta", "species_com": "Northern Pintail / Onagagamo" }, "geometry": { "type": "Point", "coordinates": [ -74.4313, 39.459 ] } },
{ "type": "Feature", "properties": { "decimalLatitude": 55.5611, "decimalLongitude": 12.5598, "month": 1, "species_sci": "Anas acuta", "species_com": "Northern Pintail / Onagagamo" }, "geometry": { "type": "Point", "coordinates": [ 12.5598, 55.5611 ] } },
{ "type": "Feature", "properties": { "decimalLatitude": 60.3865, "decimalLongitude": 5.3017, "month": 1, "species_sci": "Anas acuta", "species_com": "Northern Pintail / Onagagamo" }, "geometry": { "type": "Point", "coordinates": [ 5.3017, 60.3865 ] } },
{ "type": "Feature", "properties": { "decimalLatitude": 52.0256, "decimalLongitude": 7.6523, "month": 1, "species_sci": "Anas acuta", "species_com": "Northern Pintail / Onagagamo" }, "geometry": { "type": "Point", "coordinates": [ 7.6523, 52.0256 ] } },
{ "type": "Feature", "properties": { "decimalLatitude": 49.0578, "decimalLongitude": -122.8786, "month": 1, "species_sci": "Anas acuta", "species_com": "Northern Pintail / Onagagamo" }, "geometry": { "type": "Point", "coordinates": [ -122.8786, 49.0578 ] } },
{ "type": "Feature", "properties": { "decimalLatitude": 55.6602, "decimalLongitude": 13.059, "month": 1, "species_sci": "Anas acuta", "species_com": "Northern Pintail / Onagagamo" }, "geometry": { "type": "Point", "coordinates": [ 13.059, 55.6602 ] } },
{ "type": "Feature", "properties": { "decimalLatitude": 56.2024, "decimalLongitude": 16.3973, "month": 1, "species_sci": "Anas acuta", "species_com": "Northern Pintail / Onagagamo" }, "geometry": { "type": "Point", "coordinates": [ 16.3973, 56.2024 ] } },
{ "type": "Feature", "properties": { "decimalLatitude": 44.5106, "decimalLongitude": -109.0236, "month": 1, "species_sci": "Anas acuta", "species_com": "Northern Pintail / Onagagamo" }, "geometry": { "type": "Point", "coordinates": [ -109.0236, 44.5106 ] } },
{ "type": "Feature", "properties": { "decimalLatitude": 55.5676, "decimalLongitude": 12.8993, "month": 1, "species_sci": "Anas acuta", "species_com": "Northern Pintail / Onagagamo" }, "geometry": { "type": "Point", "coordinates": [ 12.8993, 55.5676 ] } },
{ "type": "Feature", "properties": { "decimalLatitude": 48.4296, "decimalLongitude": -123.4582, "month": 1, "species_sci": "Anas acuta", "species_com": "Northern Pintail / Onagagamo" }, "geometry": { "type": "Point", "coordinates": [ -123.4582, 48.4296 ] } },
{ "type": "Feature", "properties": { "decimalLatitude": 52.0256, "decimalLongitude": 7.6523, "month": 1, "species_sci": "Anas acuta", "species_com": "Northern Pintail / Onagagamo" }, "geometry": { "type": "Point", "coordinates": [ 7.6523, 52.0256 ] } },
{ "type": "Feature", "properties": { "decimalLatitude": 56.8577, "decimalLongitude": 14.8265, "month": 1, "species_sci": "Anas acuta", "species_com": "Northern Pintail / Onagagamo" }, "geometry": { "type": "Point", "coordinates": [ 14.8265, 56.8577 ] } },
{ "type": "Feature", "properties": { "decimalLatitude": 55.5841, "decimalLongitude": 12.5332, "month": 1, "species_sci": "Anas acuta", "species_com": "Northern Pintail / Onagagamo" }, "geometry": { "type": "Point", "coordinates": [ 12.5332, 55.5841 ] } },
{ "type": "Feature", "properties": { "decimalLatitude": 53.088, "decimalLongitude": 4.8986, "month": 1, "species_sci": "Anas acuta", "species_com": "Northern Pintail / Onagagamo" }, "geometry": { "type": "Point", "coordinates": [ 4.8986, 53.088 ] } },
{ "type": "Feature", "properties": { "decimalLatitude": 49.1704, "decimalLongitude": -123.1224, "month": 1, "species_sci": "Anas acuta", "species_com": "Northern Pintail / Onagagamo" }, "geometry": { "type": "Point", "coordinates": [ -123.1224, 49.1704 ] } },
{ "type": "Feature", "properties": { "decimalLatitude": 55.6602, "decimalLongitude": 13.059, "month": 1, "species_sci": "Anas acuta", "species_com": "Northern Pintail / Onagagamo" }, "geometry": { "type": "Point", "coordinates": [ 13.059, 55.6602 ] } },
{ "type": "Feature", "properties": { "decimalLatitude": 60.3865, "decimalLongitude": 5.3017, "month": 1, "species_sci": "Anas acuta", "species_com": "Northern Pintail / Onagagamo" }, "geometry": { "type": "Point", "coordinates": [ 5.3017, 60.3865 ] } },
{ "type": "Feature", "properties": { "decimalLatitude": 55.7001, "decimalLongitude": 13.1506, "month": 1, "species_sci": "Anas acuta", "species_com": "Northern Pintail / Onagagamo" }, "geometry": { "type": "Point", "coordinates": [ 13.1506, 55.7001 ] } },
{ "type": "Feature", "properties": { "decimalLatitude": 55.4285, "decimalLongitude": 12.8465, "month": 1, "species_sci": "Anas acuta", "species_com": "Northern Pintail / Onagagamo" }, "geometry": { "type": "Point", "coordinates": [ 12.8465, 55.4285 ] } },
{ "type": "Feature", "properties": { "decimalLatitude": 58.588, "decimalLongitude": 16.1673, "month": 1, "species_sci": "Anas acuta", "species_com": "Northern Pintail / Onagagamo" }, "geometry": { "type": "Point", "coordinates": [ 16.1673, 58.588 ] } },
{ "type": "Feature", "properties": { "decimalLatitude": 55.6602, "decimalLongitude": 13.059, "month": 1, "species_sci": "Anas acuta", "species_com": "Northern Pintail / Onagagamo" }, "geometry": { "type": "Point", "coordinates": [ 13.059, 55.6602 ] } },
{ "type": "Feature", "properties": { "decimalLatitude": 56.5494, "decimalLongitude": 9.3322, "month": 1, "species_sci": "Anas acuta", "species_com": "Northern Pintail / Onagagamo" }, "geometry": { "type": "Point", "coordinates": [ 9.3322, 56.5494 ] } },
{ "type": "Feature", "properties": { "decimalLatitude": 19.2577, "decimalLongitude": -100.0326, "month": 1, "species_sci": "Anas acuta", "species_com": "Northern Pintail / Onagagamo" }, "geometry": { "type": "Point", "coordinates": [ -100.0326, 19.2577 ] } },
{ "type": "Feature", "properties": { "decimalLatitude": 28.3258, "decimalLongitude": -105.4142, "month": 1, "species_sci": "Anas acuta", "species_com": "Northern Pintail / Onagagamo" }, "geometry": { "type": "Point", "coordinates": [ -105.4142, 28.3258 ] } },
{ "type": "Feature", "properties": { "decimalLatitude": 59.6064, "decimalLongitude": 16.565, "month": 1, "species_sci": "Anas acuta", "species_com": "Northern Pintail / Onagagamo" }, "geometry": { "type": "Point", "coordinates": [ 16.565, 59.6064 ] } },
{ "type": "Feature", "properties": { "decimalLatitude": 57.1265, "decimalLongitude": 12.2522, "month": 1, "species_sci": "Anas acuta", "species_com": "Northern Pintail / Onagagamo" }, "geometry": { "type": "Point", "coordinates": [ 12.2522, 57.1265 ] } },
{ "type": "Feature", "properties": { "decimalLatitude": 56.3318, "decimalLongitude": 16.5436, "month": 1, "species_sci": "Anas acuta", "species_com": "Northern Pintail / Onagagamo" }, "geometry": { "type": "Point", "coordinates": [ 16.5436, 56.3318 ] } },
{ "type": "Feature", "properties": { "decimalLatitude": 55.5611, "decimalLongitude": 12.5598, "month": 1, "species_sci": "Anas acuta", "species_com": "Northern Pintail / Onagagamo" }, "geometry": { "type": "Point", "coordinates": [ 12.5598, 55.5611 ] } },
{ "type": "Feature", "properties": { "decimalLatitude": 57.1265, "decimalLongitude": 12.2522, "month": 1, "species_sci": "Anas acuta", "species_com": "Northern Pintail / Onagagamo" }, "geometry": { "type": "Point", "coordinates": [ 12.2522, 57.1265 ] } },
{ "type": "Feature", "properties": { "decimalLatitude": 58.8215, "decimalLongitude": 5.7183, "month": 1, "species_sci": "Anas acuta", "species_com": "Northern Pintail / Onagagamo" }, "geometry": { "type": "Point", "coordinates": [ 5.7183, 58.8215 ] } },
{ "type": "Feature", "properties": { "decimalLatitude": 55.3804, "decimalLongitude": 12.8213, "month": 1, "species_sci": "Anas acuta", "species_com": "Northern Pintail / Onagagamo" }, "geometry": { "type": "Point", "coordinates": [ 12.8213, 55.3804 ] } },
{ "type": "Feature", "properties": { "decimalLatitude": 56.2308, "decimalLongitude": 12.5309, "month": 1, "species_sci": "Anas acuta", "species_com": "Northern Pintail / Onagagamo" }, "geometry": { "type": "Point", "coordinates": [ 12.5309, 56.2308 ] } },
{ "type": "Feature", "properties": { "decimalLatitude": 57.7084, "decimalLongitude": 11.8174, "month": 1, "species_sci": "Anas acuta", "species_com": "Northern Pintail / Onagagamo" }, "geometry": { "type": "Point", "coordinates": [ 11.8174, 57.7084 ] } },
{ "type": "Feature", "properties": { "decimalLatitude": 42.7764, "decimalLongitude": -70.8082, "month": 1, "species_sci": "Anas acuta", "species_com": "Northern Pintail / Onagagamo" }, "geometry": { "type": "Point", "coordinates": [ -70.8082, 42.7764 ] } },
{ "type": "Feature", "properties": { "decimalLatitude": 57.9354, "decimalLongitude": 12.4943, "month": 1, "species_sci": "Anas acuta", "species_com": "Northern Pintail / Onagagamo" }, "geometry": { "type": "Point", "coordinates": [ 12.4943, 57.9354 ] } },
{ "type": "Feature", "properties": { "decimalLatitude": 33.8051, "decimalLongitude": -106.8845, "month": 1, "species_sci": "Anas acuta", "species_com": "Northern Pintail / Onagagamo" }, "geometry": { "type": "Point", "coordinates": [ -106.8845, 33.8051 ] } },
{ "type": "Feature", "properties": { "decimalLatitude": 55.1591, "decimalLongitude": 11.1437, "month": 1, "species_sci": "Anas acuta", "species_com": "Northern Pintail / Onagagamo" }, "geometry": { "type": "Point", "coordinates": [ 11.1437, 55.1591 ] } },
{ "type": "Feature", "properties": { "decimalLatitude": 58.588, "decimalLongitude": 16.1673, "month": 1, "species_sci": "Anas acuta", "species_com": "Northern Pintail / Onagagamo" }, "geometry": { "type": "Point", "coordinates": [ 16.1673, 58.588 ] } },
{ "type": "Feature", "properties": { "decimalLatitude": 58.8296, "decimalLongitude": 11.1762, "month": 1, "species_sci": "Anas acuta", "species_com": "Northern Pintail / Onagagamo" }, "geometry": { "type": "Point", "coordinates": [ 11.1762, 58.8296 ] } },
{ "type": "Feature", "properties": { "decimalLatitude": 55.1501, "decimalLongitude": 8.6422, "month": 1, "species_sci": "Anas acuta", "species_com": "Northern Pintail / Onagagamo" }, "geometry": { "type": "Point", "coordinates": [ 8.6422, 55.1501 ] } },
{ "type": "Feature", "properties": { "decimalLatitude": 55.4734, "decimalLongitude": 10.5077, "month": 1, "species_sci": "Anas acuta", "species_com": "Northern Pintail / Onagagamo" }, "geometry": { "type": "Point", "coordinates": [ 10.5077, 55.4734 ] } },
{ "type": "Feature", "properties": { "decimalLatitude": 54.9142, "decimalLongitude": 11.7578, "month": 1, "species_sci": "Anas acuta", "species_com": "Northern Pintail / Onagagamo" }, "geometry": { "type": "Point", "coordinates": [ 11.7578, 54.9142 ] } },
{ "type": "Feature", "properties": { "decimalLatitude": 55.3784, "decimalLongitude": 12.8122, "month": 1, "species_sci": "Anas acuta", "species_com": "Northern Pintail / Onagagamo" }, "geometry": { "type": "Point", "coordinates": [ 12.8122, 55.3784 ] } },
{ "type": "Feature", "properties": { "decimalLatitude": 55.5696, "decimalLongitude": 12.6182, "month": 1, "species_sci": "Anas acuta", "species_com": "Northern Pintail / Onagagamo" }, "geometry": { "type": "Point", "coordinates": [ 12.6182, 55.5696 ] } },
{ "type": "Feature", "properties": { "decimalLatitude": 51.5266, "decimalLongitude": 0.6285, "month": 1, "species_sci": "Anas acuta", "species_com": "Northern Pintail / Onagagamo" }, "geometry": { "type": "Point", "coordinates": [ 0.6285, 51.5266 ] } },
{ "type": "Feature", "properties": { "decimalLatitude": 56.7414, "decimalLongitude": 12.6243, "month": 1, "species_sci": "Anas acuta", "species_com": "Northern Pintail / Onagagamo" }, "geometry": { "type": "Point", "coordinates": [ 12.6243, 56.7414 ] } },
{ "type": "Feature", "properties": { "decimalLatitude": 58.8215, "decimalLongitude": 5.7183, "month": 1, "species_sci": "Anas acuta", "species_com": "Northern Pintail / Onagagamo" }, "geometry": { "type": "Point", "coordinates": [ 5.7183, 58.8215 ] } },
{ "type": "Feature", "properties": { "decimalLatitude": 58.8215, "decimalLongitude": 5.7183, "month": 1, "species_sci": "Anas acuta", "species_com": "Northern Pintail / Onagagamo" }, "geometry": { "type": "Point", "coordinates": [ 5.7183, 58.8215 ] } },
{ "type": "Feature", "properties": { "decimalLatitude": 49.033, "decimalLongitude": -122.8087, "month": 1, "species_sci": "Anas acuta", "species_com": "Northern Pintail / Onagagamo" }, "geometry": { "type": "Point", "coordinates": [ -122.8087, 49.033 ] } },
{ "type": "Feature", "properties": { "decimalLatitude": 55.881, "decimalLongitude": 10.6393, "month": 1, "species_sci": "Anas acuta", "species_com": "Northern Pintail / Onagagamo" }, "geometry": { "type": "Point", "coordinates": [ 10.6393, 55.881 ] } },
{ "type": "Feature", "properties": { "decimalLatitude": 59.6064, "decimalLongitude": 16.565, "month": 1, "species_sci": "Anas acuta", "species_com": "Northern Pintail / Onagagamo" }, "geometry": { "type": "Point", "coordinates": [ 16.565, 59.6064 ] } },
{ "type": "Feature", "properties": { "decimalLatitude": 27.8328, "decimalLongitude": -101.0618, "month": 1, "species_sci": "Anas acuta", "species_com": "Northern Pintail / Onagagamo" }, "geometry": { "type": "Point", "coordinates": [ -101.0618, 27.8328 ] } },
{ "type": "Feature", "properties": { "decimalLatitude": 57.0204, "decimalLongitude": 12.3362, "month": 1, "species_sci": "Anas acuta", "species_com": "Northern Pintail / Onagagamo" }, "geometry": { "type": "Point", "coordinates": [ 12.3362, 57.0204 ] } },
{ "type": "Feature", "properties": { "decimalLatitude": 55.4752, "decimalLongitude": 12.1977, "month": 1, "species_sci": "Anas acuta", "species_com": "Northern Pintail / Onagagamo" }, "geometry": { "type": "Point", "coordinates": [ 12.1977, 55.4752 ] } },
{ "type": "Feature", "properties": { "decimalLatitude": 54.7968, "decimalLongitude": 10.6649, "month": 1, "species_sci": "Anas acuta", "species_com": "Northern Pintail / Onagagamo" }, "geometry": { "type": "Point", "coordinates": [ 10.6649, 54.7968 ] } },
{ "type": "Feature", "properties": { "decimalLatitude": 27.8328, "decimalLongitude": -101.0618, "month": 1, "species_sci": "Anas acuta", "species_com": "Northern Pintail / Onagagamo" }, "geometry": { "type": "Point", "coordinates": [ -101.0618, 27.8328 ] } },
{ "type": "Feature", "properties": { "decimalLatitude": 55.5984, "decimalLongitude": 12.948, "month": 1, "species_sci": "Anas acuta", "species_com": "Northern Pintail / Onagagamo" }, "geometry": { "type": "Point", "coordinates": [ 12.948, 55.5984 ] } },
{ "type": "Feature", "properties": { "decimalLatitude": 56.6619, "decimalLongitude": 12.8476, "month": 1, "species_sci": "Anas acuta", "species_com": "Northern Pintail / Onagagamo" }, "geometry": { "type": "Point", "coordinates": [ 12.8476, 56.6619 ] } },
{ "type": "Feature", "properties": { "decimalLatitude": 59.913, "decimalLongitude": 10.654, "month": 1, "species_sci": "Anas acuta", "species_com": "Northern Pintail / Onagagamo" }, "geometry": { "type": "Point", "coordinates": [ 10.654, 59.913 ] } },
{ "type": "Feature", "properties": { "decimalLatitude": 19.0155, "decimalLongitude": 73.0063, "month": 1, "species_sci": "Anas acuta", "species_com": "Northern Pintail / Onagagamo" }, "geometry": { "type": "Point", "coordinates": [ 73.0063, 19.0155 ] } },
{ "type": "Feature", "properties": { "decimalLatitude": 57.1265, "decimalLongitude": 12.2522, "month": 1, "species_sci": "Anas acuta", "species_com": "Northern Pintail / Onagagamo" }, "geometry": { "type": "Point", "coordinates": [ 12.2522, 57.1265 ] } },
{ "type": "Feature", "properties": { "decimalLatitude": 63.8047, "decimalLongitude": 11.4504, "month": 1, "species_sci": "Anas acuta", "species_com": "Northern Pintail / Onagagamo" }, "geometry": { "type": "Point", "coordinates": [ 11.4504, 63.8047 ] } },
{ "type": "Feature", "properties": { "decimalLatitude": 57.931, "decimalLongitude": 12.5068, "month": 1, "species_sci": "Anas acuta", "species_com": "Northern Pintail / Onagagamo" }, "geometry": { "type": "Point", "coordinates": [ 12.5068, 57.931 ] } },
{ "type": "Feature", "properties": { "decimalLatitude": 55.7764, "decimalLongitude": 11.3821, "month": 1, "species_sci": "Anas acuta", "species_com": "Northern Pintail / Onagagamo" }, "geometry": { "type": "Point", "coordinates": [ 11.3821, 55.7764 ] } },
{ "type": "Feature", "properties": { "decimalLatitude": 53.1395, "decimalLongitude": 4.8091, "month": 1, "species_sci": "Anas acuta", "species_com": "Northern Pintail / Onagagamo" }, "geometry": { "type": "Point", "coordinates": [ 4.8091, 53.1395 ] } },
{ "type": "Feature", "properties": { "decimalLatitude": 56.2053, "decimalLongitude": 16.3946, "month": 1, "species_sci": "Anas acuta", "species_com": "Northern Pintail / Onagagamo" }, "geometry": { "type": "Point", "coordinates": [ 16.3946, 56.2053 ] } },
{ "type": "Feature", "properties": { "decimalLatitude": 57.0175, "decimalLongitude": 12.3365, "month": 1, "species_sci": "Anas acuta", "species_com": "Northern Pintail / Onagagamo" }, "geometry": { "type": "Point", "coordinates": [ 12.3365, 57.0175 ] } },
{ "type": "Feature", "properties": { "decimalLatitude": 12.7179, "decimalLongitude": 80.2126, "month": 1, "species_sci": "Anas acuta", "species_com": "Northern Pintail / Onagagamo" }, "geometry": { "type": "Point", "coordinates": [ 80.2126, 12.7179 ] } },
{ "type": "Feature", "properties": { "decimalLatitude": 56.1262, "decimalLongitude": 15.3122, "month": 1, "species_sci": "Anas acuta", "species_com": "Northern Pintail / Onagagamo" }, "geometry": { "type": "Point", "coordinates": [ 15.3122, 56.1262 ] } },
{ "type": "Feature", "properties": { "decimalLatitude": 63.4394, "decimalLongitude": 10.474, "month": 1, "species_sci": "Anas acuta", "species_com": "Northern Pintail / Onagagamo" }, "geometry": { "type": "Point", "coordinates": [ 10.474, 63.4394 ] } },
{ "type": "Feature", "properties": { "decimalLatitude": 57.4345, "decimalLongitude": 12.1093, "month": 1, "species_sci": "Anas acuta", "species_com": "Northern Pintail / Onagagamo" }, "geometry": { "type": "Point", "coordinates": [ 12.1093, 57.4345 ] } },
{ "type": "Feature", "properties": { "decimalLatitude": 55.6974, "decimalLongitude": 13.1571, "month": 1, "species_sci": "Anas acuta", "species_com": "Northern Pintail / Onagagamo" }, "geometry": { "type": "Point", "coordinates": [ 13.1571, 55.6974 ] } },
{ "type": "Feature", "properties": { "decimalLatitude": 57.8925, "decimalLongitude": 16.5485, "month": 1, "species_sci": "Anas acuta", "species_com": "Northern Pintail / Onagagamo" }, "geometry": { "type": "Point", "coordinates": [ 16.5485, 57.8925 ] } },
{ "type": "Feature", "properties": { "decimalLatitude": 27.8328, "decimalLongitude": -101.0618, "month": 1, "species_sci": "Anas acuta", "species_com": "Northern Pintail / Onagagamo" }, "geometry": { "type": "Point", "coordinates": [ -101.0618, 27.8328 ] } },
{ "type": "Feature", "properties": { "decimalLatitude": 56.6619, "decimalLongitude": 12.8476, "month": 1, "species_sci": "Anas acuta", "species_com": "Northern Pintail / Onagagamo" }, "geometry": { "type": "Point", "coordinates": [ 12.8476, 56.6619 ] } },
{ "type": "Feature", "properties": { "decimalLatitude": 31.3871, "decimalLongitude": 104.8125, "month": 1, "species_sci": "Anas acuta", "species_com": "Northern Pintail / Onagagamo" }, "geometry": { "type": "Point", "coordinates": [ 104.8125, 31.3871 ] } },
{ "type": "Feature", "properties": { "decimalLatitude": 27.2599, "decimalLongitude": 76.461, "month": 2, "species_sci": "Anas acuta", "species_com": "Northern Pintail / Onagagamo" }, "geometry": { "type": "Point", "coordinates": [ 76.461, 27.2599 ] } },
{ "type": "Feature", "properties": { "decimalLatitude": 52.25, "decimalLongitude": 4.9, "month": 2, "species_sci": "Anas acuta", "species_com": "Northern Pintail / Onagagamo" }, "geometry": { "type": "Point", "coordinates": [ 4.9, 52.25 ] } },
{ "type": "Feature", "properties": { "decimalLatitude": 55.5223, "decimalLongitude": 12.891, "month": 2, "species_sci": "Anas acuta", "species_com": "Northern Pintail / Onagagamo" }, "geometry": { "type": "Point", "coordinates": [ 12.891, 55.5223 ] } },
{ "type": "Feature", "properties": { "decimalLatitude": 52.4, "decimalLongitude": 5.25, "month": 2, "species_sci": "Anas acuta", "species_com": "Northern Pintail / Onagagamo" }, "geometry": { "type": "Point", "coordinates": [ 5.25, 52.4 ] } },
{ "type": "Feature", "properties": { "decimalLatitude": 55.6602, "decimalLongitude": 13.059, "month": 2, "species_sci": "Anas acuta", "species_com": "Northern Pintail / Onagagamo" }, "geometry": { "type": "Point", "coordinates": [ 13.059, 55.6602 ] } },
{ "type": "Feature", "properties": { "decimalLatitude": 51.65, "decimalLongitude": 3.8, "month": 2, "species_sci": "Anas acuta", "species_com": "Northern Pintail / Onagagamo" }, "geometry": { "type": "Point", "coordinates": [ 3.8, 51.65 ] } },
{ "type": "Feature", "properties": { "decimalLatitude": 51.7854, "decimalLongitude": 4.7833, "month": 2, "species_sci": "Anas acuta", "species_com": "Northern Pintail / Onagagamo" }, "geometry": { "type": "Point", "coordinates": [ 4.7833, 51.7854 ] } },
{ "type": "Feature", "properties": { "decimalLatitude": 51.2848, "decimalLongitude": 3.118, "month": 2, "species_sci": "Anas acuta", "species_com": "Northern Pintail / Onagagamo" }, "geometry": { "type": "Point", "coordinates": [ 3.118, 51.2848 ] } },
{ "type": "Feature", "properties": { "decimalLatitude": 45.6803, "decimalLongitude": 21.4049, "month": 2, "species_sci": "Anas acuta", "species_com": "Northern Pintail / Onagagamo" }, "geometry": { "type": "Point", "coordinates": [ 21.4049, 45.6803 ] } },
{ "type": "Feature", "properties": { "decimalLatitude": 51.8344, "decimalLongitude": 0.9715, "month": 2, "species_sci": "Anas acuta", "species_com": "Northern Pintail / Onagagamo" }, "geometry": { "type": "Point", "coordinates": [ 0.9715, 51.8344 ] } },
{ "type": "Feature", "properties": { "decimalLatitude": 55.6555, "decimalLongitude": 13.0527, "month": 2, "species_sci": "Anas acuta", "species_com": "Northern Pintail / Onagagamo" }, "geometry": { "type": "Point", "coordinates": [ 13.0527, 55.6555 ] } },
{ "type": "Feature", "properties": { "decimalLatitude": 60.3817, "decimalLongitude": 5.3251, "month": 2, "species_sci": "Anas acuta", "species_com": "Northern Pintail / Onagagamo" }, "geometry": { "type": "Point", "coordinates": [ 5.3251, 60.3817 ] } },
{ "type": "Feature", "properties": { "decimalLatitude": 51.5, "decimalLongitude": 4.75, "month": 2, "species_sci": "Anas acuta", "species_com": "Northern Pintail / Onagagamo" }, "geometry": { "type": "Point", "coordinates": [ 4.75, 51.5 ] } },
{ "type": "Feature", "properties": { "decimalLatitude": 55.8429, "decimalLongitude": 12.0389, "month": 2, "species_sci": "Anas acuta", "species_com": "Northern Pintail / Onagagamo" }, "geometry": { "type": "Point", "coordinates": [ 12.0389, 55.8429 ] } },
{ "type": "Feature", "properties": { "decimalLatitude": 53.0, "decimalLongitude": 4.75, "month": 2, "species_sci": "Anas acuta", "species_com": "Northern Pintail / Onagagamo" }, "geometry": { "type": "Point", "coordinates": [ 4.75, 53.0 ] } },
{ "type": "Feature", "properties": { "decimalLatitude": 52.7, "decimalLongitude": 5.15, "month": 2, "species_sci": "Anas acuta", "species_com": "Northern Pintail / Onagagamo" }, "geometry": { "type": "Point", "coordinates": [ 5.15, 52.7 ] } },
{ "type": "Feature", "properties": { "decimalLatitude": 55.5203, "decimalLongitude": 12.8989, "month": 2, "species_sci": "Anas acuta", "species_com": "Northern Pintail / Onagagamo" }, "geometry": { "type": "Point", "coordinates": [ 12.8989, 55.5203 ] } },
{ "type": "Feature", "properties": { "decimalLatitude": 55.617, "decimalLongitude": 37.6757, "month": 2, "species_sci": "Anas acuta", "species_com": "Northern Pintail / Onagagamo" }, "geometry": { "type": "Point", "coordinates": [ 37.6757, 55.617 ] } },
{ "type": "Feature", "properties": { "decimalLatitude": 38.2677, "decimalLongitude": -121.4412, "month": 2, "species_sci": "Anas acuta", "species_com": "Northern Pintail / Onagagamo" }, "geometry": { "type": "Point", "coordinates": [ -121.4412, 38.2677 ] } },
{ "type": "Feature", "properties": { "decimalLatitude": 30.2456, "decimalLongitude": -97.699, "month": 2, "species_sci": "Anas acuta", "species_com": "Northern Pintail / Onagagamo" }, "geometry": { "type": "Point", "coordinates": [ -97.699, 30.2456 ] } },
{ "type": "Feature", "properties": { "decimalLatitude": 56.1209, "decimalLongitude": 15.3479, "month": 2, "species_sci": "Anas acuta", "species_com": "Northern Pintail / Onagagamo" }, "geometry": { "type": "Point", "coordinates": [ 15.3479, 56.1209 ] } },
{ "type": "Feature", "properties": { "decimalLatitude": 51.95, "decimalLongitude": 5.15, "month": 2, "species_sci": "Anas acuta", "species_com": "Northern Pintail / Onagagamo" }, "geometry": { "type": "Point", "coordinates": [ 5.15, 51.95 ] } },
{ "type": "Feature", "properties": { "decimalLatitude": 51.85, "decimalLongitude": 5.85, "month": 2, "species_sci": "Anas acuta", "species_com": "Northern Pintail / Onagagamo" }, "geometry": { "type": "Point", "coordinates": [ 5.85, 51.85 ] } },
{ "type": "Feature", "properties": { "decimalLatitude": 33.5231, "decimalLongitude": -101.8976, "month": 2, "species_sci": "Anas acuta", "species_com": "Northern Pintail / Onagagamo" }, "geometry": { "type": "Point", "coordinates": [ -101.8976, 33.5231 ] } },
{ "type": "Feature", "properties": { "decimalLatitude": 51.75, "decimalLongitude": 4.8, "month": 2, "species_sci": "Anas acuta", "species_com": "Northern Pintail / Onagagamo" }, "geometry": { "type": "Point", "coordinates": [ 4.8, 51.75 ] } },
{ "type": "Feature", "properties": { "decimalLatitude": 44.5958, "decimalLongitude": 33.4475, "month": 2, "species_sci": "Anas acuta", "species_com": "Northern Pintail / Onagagamo" }, "geometry": { "type": "Point", "coordinates": [ 33.4475, 44.5958 ] } },
{ "type": "Feature", "properties": { "decimalLatitude": 55.6602, "decimalLongitude": 13.059, "month": 2, "species_sci": "Anas acuta", "species_com": "Northern Pintail / Onagagamo" }, "geometry": { "type": "Point", "coordinates": [ 13.059, 55.6602 ] } },
{ "type": "Feature", "properties": { "decimalLatitude": 51.7, "decimalLongitude": 5.2, "month": 2, "species_sci": "Anas acuta", "species_com": "Northern Pintail / Onagagamo" }, "geometry": { "type": "Point", "coordinates": [ 5.2, 51.7 ] } },
{ "type": "Feature", "properties": { "decimalLatitude": 52.7, "decimalLongitude": 4.6, "month": 2, "species_sci": "Anas acuta", "species_com": "Northern Pintail / Onagagamo" }, "geometry": { "type": "Point", "coordinates": [ 4.6, 52.7 ] } },
{ "type": "Feature", "properties": { "decimalLatitude": 58.8215, "decimalLongitude": 5.7183, "month": 2, "species_sci": "Anas acuta", "species_com": "Northern Pintail / Onagagamo" }, "geometry": { "type": "Point", "coordinates": [ 5.7183, 58.8215 ] } },
{ "type": "Feature", "properties": { "decimalLatitude": 37.1291, "decimalLongitude": -6.491, "month": 2, "species_sci": "Anas acuta", "species_com": "Northern Pintail / Onagagamo" }, "geometry": { "type": "Point", "coordinates": [ -6.491, 37.1291 ] } },
{ "type": "Feature", "properties": { "decimalLatitude": 50.5565, "decimalLongitude": 3.1727, "month": 2, "species_sci": "Anas acuta", "species_com": "Northern Pintail / Onagagamo" }, "geometry": { "type": "Point", "coordinates": [ 3.1727, 50.5565 ] } },
{ "type": "Feature", "properties": { "decimalLatitude": 35.6563, "decimalLongitude": 139.4431, "month": 2, "species_sci": "Anas acuta", "species_com": "Northern Pintail / Onagagamo" }, "geometry": { "type": "Point", "coordinates": [ 139.4431, 35.6563 ] } },
{ "type": "Feature", "properties": { "decimalLatitude": 60.3817, "decimalLongitude": 5.3251, "month": 2, "species_sci": "Anas acuta", "species_com": "Northern Pintail / Onagagamo" }, "geometry": { "type": "Point", "coordinates": [ 5.3251, 60.3817 ] } },
{ "type": "Feature", "properties": { "decimalLatitude": 51.75, "decimalLongitude": 4.75, "month": 2, "species_sci": "Anas acuta", "species_com": "Northern Pintail / Onagagamo" }, "geometry": { "type": "Point", "coordinates": [ 4.75, 51.75 ] } },
{ "type": "Feature", "properties": { "decimalLatitude": 51.85, "decimalLongitude": 5.95, "month": 2, "species_sci": "Anas acuta", "species_com": "Northern Pintail / Onagagamo" }, "geometry": { "type": "Point", "coordinates": [ 5.95, 51.85 ] } },
{ "type": "Feature", "properties": { "decimalLatitude": 56.6619, "decimalLongitude": 12.8476, "month": 2, "species_sci": "Anas acuta", "species_com": "Northern Pintail / Onagagamo" }, "geometry": { "type": "Point", "coordinates": [ 12.8476, 56.6619 ] } },
{ "type": "Feature", "properties": { "decimalLatitude": 51.8, "decimalLongitude": 3.95, "month": 2, "species_sci": "Anas acuta", "species_com": "Northern Pintail / Onagagamo" }, "geometry": { "type": "Point", "coordinates": [ 3.95, 51.8 ] } },
{ "type": "Feature", "properties": { "decimalLatitude": 39.6044, "decimalLongitude": -121.9143, "month": 2, "species_sci": "Anas acuta", "species_com": "Northern Pintail / Onagagamo" }, "geometry": { "type": "Point", "coordinates": [ -121.9143, 39.6044 ] } },
{ "type": "Feature", "properties": { "decimalLatitude": 55.5203, "decimalLongitude": 12.8989, "month": 2, "species_sci": "Anas acuta", "species_com": "Northern Pintail / Onagagamo" }, "geometry": { "type": "Point", "coordinates": [ 12.8989, 55.5203 ] } },
{ "type": "Feature", "properties": { "decimalLatitude": 56.6619, "decimalLongitude": 12.8476, "month": 2, "species_sci": "Anas acuta", "species_com": "Northern Pintail / Onagagamo" }, "geometry": { "type": "Point", "coordinates": [ 12.8476, 56.6619 ] } },
{ "type": "Feature", "properties": { "decimalLatitude": 55.5245, "decimalLongitude": 12.8966, "month": 2, "species_sci": "Anas acuta", "species_com": "Northern Pintail / Onagagamo" }, "geometry": { "type": "Point", "coordinates": [ 12.8966, 55.5245 ] } },
{ "type": "Feature", "properties": { "decimalLatitude": 47.268, "decimalLongitude": 11.4575, "month": 2, "species_sci": "Anas acuta", "species_com": "Northern Pintail / Onagagamo" }, "geometry": { "type": "Point", "coordinates": [ 11.4575, 47.268 ] } },
{ "type": "Feature", "properties": { "decimalLatitude": 52.15, "decimalLongitude": 4.45, "month": 2, "species_sci": "Anas acuta", "species_com": "Northern Pintail / Onagagamo" }, "geometry": { "type": "Point", "coordinates": [ 4.45, 52.15 ] } },
{ "type": "Feature", "properties": { "decimalLatitude": 52.75, "decimalLongitude": 5.1, "month": 2, "species_sci": "Anas acuta", "species_com": "Northern Pintail / Onagagamo" }, "geometry": { "type": "Point", "coordinates": [ 5.1, 52.75 ] } },
{ "type": "Feature", "properties": { "decimalLatitude": 52.25, "decimalLongitude": 4.9, "month": 2, "species_sci": "Anas acuta", "species_com": "Northern Pintail / Onagagamo" }, "geometry": { "type": "Point", "coordinates": [ 4.9, 52.25 ] } },
{ "type": "Feature", "properties": { "decimalLatitude": 55.6602, "decimalLongitude": 13.059, "month": 2, "species_sci": "Anas acuta", "species_com": "Northern Pintail / Onagagamo" }, "geometry": { "type": "Point", "coordinates": [ 13.059, 55.6602 ] } },
{ "type": "Feature", "properties": { "decimalLatitude": 59.913, "decimalLongitude": 10.654, "month": 2, "species_sci": "Anas acuta", "species_com": "Northern Pintail / Onagagamo" }, "geometry": { "type": "Point", "coordinates": [ 10.654, 59.913 ] } },
{ "type": "Feature", "properties": { "decimalLatitude": 63.4308, "decimalLongitude": 10.528, "month": 2, "species_sci": "Anas acuta", "species_com": "Northern Pintail / Onagagamo" }, "geometry": { "type": "Point", "coordinates": [ 10.528, 63.4308 ] } },
{ "type": "Feature", "properties": { "decimalLatitude": 52.3, "decimalLongitude": 4.5, "month": 2, "species_sci": "Anas acuta", "species_com": "Northern Pintail / Onagagamo" }, "geometry": { "type": "Point", "coordinates": [ 4.5, 52.3 ] } },
{ "type": "Feature", "properties": { "decimalLatitude": 46.2259, "decimalLongitude": -63.214, "month": 2, "species_sci": "Anas acuta", "species_com": "Northern Pintail / Onagagamo" }, "geometry": { "type": "Point", "coordinates": [ -63.214, 46.2259 ] } },
{ "type": "Feature", "properties": { "decimalLatitude": 39.4219, "decimalLongitude": -122.1847, "month": 2, "species_sci": "Anas acuta", "species_com": "Northern Pintail / Onagagamo" }, "geometry": { "type": "Point", "coordinates": [ -122.1847, 39.4219 ] } },
{ "type": "Feature", "properties": { "decimalLatitude": 52.15, "decimalLongitude": 6.15, "month": 2, "species_sci": "Anas acuta", "species_com": "Northern Pintail / Onagagamo" }, "geometry": { "type": "Point", "coordinates": [ 6.15, 52.15 ] } },
{ "type": "Feature", "properties": { "decimalLatitude": 57.1489, "decimalLongitude": 12.2287, "month": 2, "species_sci": "Anas acuta", "species_com": "Northern Pintail / Onagagamo" }, "geometry": { "type": "Point", "coordinates": [ 12.2287, 57.1489 ] } },
{ "type": "Feature", "properties": { "decimalLatitude": 39.1883, "decimalLongitude": -122.0452, "month": 2, "species_sci": "Anas acuta", "species_com": "Northern Pintail / Onagagamo" }, "geometry": { "type": "Point", "coordinates": [ -122.0452, 39.1883 ] } },
{ "type": "Feature", "properties": { "decimalLatitude": 55.6974, "decimalLongitude": 13.1571, "month": 2, "species_sci": "Anas acuta", "species_com": "Northern Pintail / Onagagamo" }, "geometry": { "type": "Point", "coordinates": [ 13.1571, 55.6974 ] } },
{ "type": "Feature", "properties": { "decimalLatitude": 57.7084, "decimalLongitude": 11.8174, "month": 2, "species_sci": "Anas acuta", "species_com": "Northern Pintail / Onagagamo" }, "geometry": { "type": "Point", "coordinates": [ 11.8174, 57.7084 ] } },
{ "type": "Feature", "properties": { "decimalLatitude": 37.2697, "decimalLongitude": -109.5907, "month": 2, "species_sci": "Anas acuta", "species_com": "Northern Pintail / Onagagamo" }, "geometry": { "type": "Point", "coordinates": [ -109.5907, 37.2697 ] } },
{ "type": "Feature", "properties": { "decimalLatitude": 48.1031, "decimalLongitude": 10.1372, "month": 2, "species_sci": "Anas acuta", "species_com": "Northern Pintail / Onagagamo" }, "geometry": { "type": "Point", "coordinates": [ 10.1372, 48.1031 ] } },
{ "type": "Feature", "properties": { "decimalLatitude": 52.05, "decimalLongitude": 5.2, "month": 2, "species_sci": "Anas acuta", "species_com": "Northern Pintail / Onagagamo" }, "geometry": { "type": "Point", "coordinates": [ 5.2, 52.05 ] } },
{ "type": "Feature", "properties": { "decimalLatitude": 56.1964, "decimalLongitude": 16.3993, "month": 2, "species_sci": "Anas acuta", "species_com": "Northern Pintail / Onagagamo" }, "geometry": { "type": "Point", "coordinates": [ 16.3993, 56.1964 ] } },
{ "type": "Feature", "properties": { "decimalLatitude": 35.102, "decimalLongitude": 128.9467, "month": 2, "species_sci": "Anas acuta", "species_com": "Northern Pintail / Onagagamo" }, "geometry": { "type": "Point", "coordinates": [ 128.9467, 35.102 ] } },
{ "type": "Feature", "properties": { "decimalLatitude": 51.65, "decimalLongitude": 3.8, "month": 2, "species_sci": "Anas acuta", "species_com": "Northern Pintail / Onagagamo" }, "geometry": { "type": "Point", "coordinates": [ 3.8, 51.65 ] } },
{ "type": "Feature", "properties": { "decimalLatitude": 35.5752, "decimalLongitude": 139.7249, "month": 2, "species_sci": "Anas acuta", "species_com": "Northern Pintail / Onagagamo" }, "geometry": { "type": "Point", "coordinates": [ 139.7249, 35.5752 ] } },
{ "type": "Feature", "properties": { "decimalLatitude": 55.5225, "decimalLongitude": 12.9024, "month": 2, "species_sci": "Anas acuta", "species_com": "Northern Pintail / Onagagamo" }, "geometry": { "type": "Point", "coordinates": [ 12.9024, 55.5225 ] } },
{ "type": "Feature", "properties": { "decimalLatitude": 55.5225, "decimalLongitude": 12.9024, "month": 2, "species_sci": "Anas acuta", "species_com": "Northern Pintail / Onagagamo" }, "geometry": { "type": "Point", "coordinates": [ 12.9024, 55.5225 ] } },
{ "type": "Feature", "properties": { "decimalLatitude": 52.05, "decimalLongitude": 4.4, "month": 2, "species_sci": "Anas acuta", "species_com": "Northern Pintail / Onagagamo" }, "geometry": { "type": "Point", "coordinates": [ 4.4, 52.05 ] } },
{ "type": "Feature", "properties": { "decimalLatitude": 60.3817, "decimalLongitude": 5.3251, "month": 2, "species_sci": "Anas acuta", "species_com": "Northern Pintail / Onagagamo" }, "geometry": { "type": "Point", "coordinates": [ 5.3251, 60.3817 ] } },
{ "type": "Feature", "properties": { "decimalLatitude": 51.7423, "decimalLongitude": -2.4039, "month": 2, "species_sci": "Anas acuta", "species_com": "Northern Pintail / Onagagamo" }, "geometry": { "type": "Point", "coordinates": [ -2.4039, 51.7423 ] } },
{ "type": "Feature", "properties": { "decimalLatitude": 44.5729, "decimalLongitude": 33.4035, "month": 2, "species_sci": "Anas acuta", "species_com": "Northern Pintail / Onagagamo" }, "geometry": { "type": "Point", "coordinates": [ 33.4035, 44.5729 ] } },
{ "type": "Feature", "properties": { "decimalLatitude": 52.25, "decimalLongitude": 4.9, "month": 2, "species_sci": "Anas acuta", "species_com": "Northern Pintail / Onagagamo" }, "geometry": { "type": "Point", "coordinates": [ 4.9, 52.25 ] } },
{ "type": "Feature", "properties": { "decimalLatitude": 51.5, "decimalLongitude": 4.75, "month": 2, "species_sci": "Anas acuta", "species_com": "Northern Pintail / Onagagamo" }, "geometry": { "type": "Point", "coordinates": [ 4.75, 51.5 ] } },
{ "type": "Feature", "properties": { "decimalLatitude": 51.8, "decimalLongitude": 3.95, "month": 2, "species_sci": "Anas acuta", "species_com": "Northern Pintail / Onagagamo" }, "geometry": { "type": "Point", "coordinates": [ 3.95, 51.8 ] } },
{ "type": "Feature", "properties": { "decimalLatitude": 48.5002, "decimalLongitude": 12.0374, "month": 2, "species_sci": "Anas acuta", "species_com": "Northern Pintail / Onagagamo" }, "geometry": { "type": "Point", "coordinates": [ 12.0374, 48.5002 ] } },
{ "type": "Feature", "properties": { "decimalLatitude": 57.1316, "decimalLongitude": 12.2473, "month": 2, "species_sci": "Anas acuta", "species_com": "Northern Pintail / Onagagamo" }, "geometry": { "type": "Point", "coordinates": [ 12.2473, 57.1316 ] } },
{ "type": "Feature", "properties": { "decimalLatitude": 51.65, "decimalLongitude": 3.8, "month": 2, "species_sci": "Anas acuta", "species_com": "Northern Pintail / Onagagamo" }, "geometry": { "type": "Point", "coordinates": [ 3.8, 51.65 ] } },
{ "type": "Feature", "properties": { "decimalLatitude": 30.7667, "decimalLongitude": -99.3037, "month": 2, "species_sci": "Anas acuta", "species_com": "Northern Pintail / Onagagamo" }, "geometry": { "type": "Point", "coordinates": [ -99.3037, 30.7667 ] } },
{ "type": "Feature", "properties": { "decimalLatitude": 59.3192, "decimalLongitude": 10.7285, "month": 2, "species_sci": "Anas acuta", "species_com": "Northern Pintail / Onagagamo" }, "geometry": { "type": "Point", "coordinates": [ 10.7285, 59.3192 ] } },
{ "type": "Feature", "properties": { "decimalLatitude": 57.1316, "decimalLongitude": 12.2473, "month": 2, "species_sci": "Anas acuta", "species_com": "Northern Pintail / Onagagamo" }, "geometry": { "type": "Point", "coordinates": [ 12.2473, 57.1316 ] } },
{ "type": "Feature", "properties": { "decimalLatitude": 51.65, "decimalLongitude": 4.7, "month": 2, "species_sci": "Anas acuta", "species_com": "Northern Pintail / Onagagamo" }, "geometry": { "type": "Point", "coordinates": [ 4.7, 51.65 ] } },
{ "type": "Feature", "properties": { "decimalLatitude": 58.8215, "decimalLongitude": 5.7183, "month": 2, "species_sci": "Anas acuta", "species_com": "Northern Pintail / Onagagamo" }, "geometry": { "type": "Point", "coordinates": [ 5.7183, 58.8215 ] } },
{ "type": "Feature", "properties": { "decimalLatitude": 55.7001, "decimalLongitude": 13.1506, "month": 2, "species_sci": "Anas acuta", "species_com": "Northern Pintail / Onagagamo" }, "geometry": { "type": "Point", "coordinates": [ 13.1506, 55.7001 ] } },
{ "type": "Feature", "properties": { "decimalLatitude": 62.9944, "decimalLongitude": 7.1685, "month": 2, "species_sci": "Anas acuta", "species_com": "Northern Pintail / Onagagamo" }, "geometry": { "type": "Point", "coordinates": [ 7.1685, 62.9944 ] } },
{ "type": "Feature", "properties": { "decimalLatitude": 30.2456, "decimalLongitude": -97.699, "month": 2, "species_sci": "Anas acuta", "species_com": "Northern Pintail / Onagagamo" }, "geometry": { "type": "Point", "coordinates": [ -97.699, 30.2456 ] } },
{ "type": "Feature", "properties": { "decimalLatitude": 51.75, "decimalLongitude": 4.75, "month": 2, "species_sci": "Anas acuta", "species_com": "Northern Pintail / Onagagamo" }, "geometry": { "type": "Point", "coordinates": [ 4.75, 51.75 ] } },
{ "type": "Feature", "properties": { "decimalLatitude": 52.75, "decimalLongitude": 5.1, "month": 2, "species_sci": "Anas acuta", "species_com": "Northern Pintail / Onagagamo" }, "geometry": { "type": "Point", "coordinates": [ 5.1, 52.75 ] } },
{ "type": "Feature", "properties": { "decimalLatitude": 48.5115, "decimalLongitude": -2.6773, "month": 2, "species_sci": "Anas acuta", "species_com": "Northern Pintail / Onagagamo" }, "geometry": { "type": "Point", "coordinates": [ -2.6773, 48.5115 ] } },
{ "type": "Feature", "properties": { "decimalLatitude": 63.755, "decimalLongitude": 11.3018, "month": 2, "species_sci": "Anas acuta", "species_com": "Northern Pintail / Onagagamo" }, "geometry": { "type": "Point", "coordinates": [ 11.3018, 63.755 ] } },
{ "type": "Feature", "properties": { "decimalLatitude": 55.5252, "decimalLongitude": 12.8966, "month": 2, "species_sci": "Anas acuta", "species_com": "Northern Pintail / Onagagamo" }, "geometry": { "type": "Point", "coordinates": [ 12.8966, 55.5252 ] } },
{ "type": "Feature", "properties": { "decimalLatitude": 51.65, "decimalLongitude": 4.0, "month": 2, "species_sci": "Anas acuta", "species_com": "Northern Pintail / Onagagamo" }, "geometry": { "type": "Point", "coordinates": [ 4.0, 51.65 ] } },
{ "type": "Feature", "properties": { "decimalLatitude": 46.9647, "decimalLongitude": 7.3706, "month": 2, "species_sci": "Anas acuta", "species_com": "Northern Pintail / Onagagamo" }, "geometry": { "type": "Point", "coordinates": [ 7.3706, 46.9647 ] } },
{ "type": "Feature", "properties": { "decimalLatitude": 51.95, "decimalLongitude": 4.75, "month": 2, "species_sci": "Anas acuta", "species_com": "Northern Pintail / Onagagamo" }, "geometry": { "type": "Point", "coordinates": [ 4.75, 51.95 ] } },
{ "type": "Feature", "properties": { "decimalLatitude": 52.1, "decimalLongitude": 4.55, "month": 2, "species_sci": "Anas acuta", "species_com": "Northern Pintail / Onagagamo" }, "geometry": { "type": "Point", "coordinates": [ 4.55, 52.1 ] } },
{ "type": "Feature", "properties": { "decimalLatitude": 51.65, "decimalLongitude": 3.8, "month": 2, "species_sci": "Anas acuta", "species_com": "Northern Pintail / Onagagamo" }, "geometry": { "type": "Point", "coordinates": [ 3.8, 51.65 ] } },
{ "type": "Feature", "properties": { "decimalLatitude": 52.25, "decimalLongitude": 5.45, "month": 2, "species_sci": "Anas acuta", "species_com": "Northern Pintail / Onagagamo" }, "geometry": { "type": "Point", "coordinates": [ 5.45, 52.25 ] } },
{ "type": "Feature", "properties": { "decimalLatitude": 33.0046, "decimalLongitude": -117.2739, "month": 2, "species_sci": "Anas acuta", "species_com": "Northern Pintail / Onagagamo" }, "geometry": { "type": "Point", "coordinates": [ -117.2739, 33.0046 ] } },
{ "type": "Feature", "properties": { "decimalLatitude": 27.8274, "decimalLongitude": -97.0797, "month": 2, "species_sci": "Anas acuta", "species_com": "Northern Pintail / Onagagamo" }, "geometry": { "type": "Point", "coordinates": [ -97.0797, 27.8274 ] } },
{ "type": "Feature", "properties": { "decimalLatitude": 57.1316, "decimalLongitude": 12.2473, "month": 2, "species_sci": "Anas acuta", "species_com": "Northern Pintail / Onagagamo" }, "geometry": { "type": "Point", "coordinates": [ 12.2473, 57.1316 ] } },
{ "type": "Feature", "properties": { "decimalLatitude": 52.25, "decimalLongitude": 5.3, "month": 2, "species_sci": "Anas acuta", "species_com": "Northern Pintail / Onagagamo" }, "geometry": { "type": "Point", "coordinates": [ 5.3, 52.25 ] } },
{ "type": "Feature", "properties": { "decimalLatitude": 51.65, "decimalLongitude": 3.8, "month": 2, "species_sci": "Anas acuta", "species_com": "Northern Pintail / Onagagamo" }, "geometry": { "type": "Point", "coordinates": [ 3.8, 51.65 ] } },
{ "type": "Feature", "properties": { "decimalLatitude": 53.0, "decimalLongitude": 4.75, "month": 2, "species_sci": "Anas acuta", "species_com": "Northern Pintail / Onagagamo" }, "geometry": { "type": "Point", "coordinates": [ 4.75, 53.0 ] } },
{ "type": "Feature", "properties": { "decimalLatitude": 26.1376, "decimalLongitude": -97.1755, "month": 2, "species_sci": "Anas acuta", "species_com": "Northern Pintail / Onagagamo" }, "geometry": { "type": "Point", "coordinates": [ -97.1755, 26.1376 ] } },
{ "type": "Feature", "properties": { "decimalLatitude": 60.3817, "decimalLongitude": 5.3251, "month": 2, "species_sci": "Anas acuta", "species_com": "Northern Pintail / Onagagamo" }, "geometry": { "type": "Point", "coordinates": [ 5.3251, 60.3817 ] } },
{ "type": "Feature", "properties": { "decimalLatitude": 32.5736, "decimalLongitude": -117.1258, "month": 2, "species_sci": "Anas acuta", "species_com": "Northern Pintail / Onagagamo" }, "geometry": { "type": "Point", "coordinates": [ -117.1258, 32.5736 ] } },
{ "type": "Feature", "properties": { "decimalLatitude": 51.85, "decimalLongitude": 6.0, "month": 2, "species_sci": "Anas acuta", "species_com": "Northern Pintail / Onagagamo" }, "geometry": { "type": "Point", "coordinates": [ 6.0, 51.85 ] } },
{ "type": "Feature", "properties": { "decimalLatitude": 55.6918, "decimalLongitude": 13.0514, "month": 2, "species_sci": "Anas acuta", "species_com": "Northern Pintail / Onagagamo" }, "geometry": { "type": "Point", "coordinates": [ 13.0514, 55.6918 ] } },
{ "type": "Feature", "properties": { "decimalLatitude": 52.25, "decimalLongitude": 5.45, "month": 2, "species_sci": "Anas acuta", "species_com": "Northern Pintail / Onagagamo" }, "geometry": { "type": "Point", "coordinates": [ 5.45, 52.25 ] } },
{ "type": "Feature", "properties": { "decimalLatitude": 57.7084, "decimalLongitude": 11.8174, "month": 2, "species_sci": "Anas acuta", "species_com": "Northern Pintail / Onagagamo" }, "geometry": { "type": "Point", "coordinates": [ 11.8174, 57.7084 ] } },
{ "type": "Feature", "properties": { "decimalLatitude": 51.35, "decimalLongitude": 3.45, "month": 2, "species_sci": "Anas acuta", "species_com": "Northern Pintail / Onagagamo" }, "geometry": { "type": "Point", "coordinates": [ 3.45, 51.35 ] } },
{ "type": "Feature", "properties": { "decimalLatitude": 57.1307, "decimalLongitude": 12.238, "month": 2, "species_sci": "Anas acuta", "species_com": "Northern Pintail / Onagagamo" }, "geometry": { "type": "Point", "coordinates": [ 12.238, 57.1307 ] } },
{ "type": "Feature", "properties": { "decimalLatitude": 52.3, "decimalLongitude": 4.5, "month": 2, "species_sci": "Anas acuta", "species_com": "Northern Pintail / Onagagamo" }, "geometry": { "type": "Point", "coordinates": [ 4.5, 52.3 ] } },
{ "type": "Feature", "properties": { "decimalLatitude": 52.15, "decimalLongitude": 4.5, "month": 2, "species_sci": "Anas acuta", "species_com": "Northern Pintail / Onagagamo" }, "geometry": { "type": "Point", "coordinates": [ 4.5, 52.15 ] } },
{ "type": "Feature", "properties": { "decimalLatitude": 51.75, "decimalLongitude": 4.8, "month": 2, "species_sci": "Anas acuta", "species_com": "Northern Pintail / Onagagamo" }, "geometry": { "type": "Point", "coordinates": [ 4.8, 51.75 ] } },
{ "type": "Feature", "properties": { "decimalLatitude": 58.8215, "decimalLongitude": 5.7183, "month": 2, "species_sci": "Anas acuta", "species_com": "Northern Pintail / Onagagamo" }, "geometry": { "type": "Point", "coordinates": [ 5.7183, 58.8215 ] } },
{ "type": "Feature", "properties": { "decimalLatitude": 52.25, "decimalLongitude": 5.45, "month": 2, "species_sci": "Anas acuta", "species_com": "Northern Pintail / Onagagamo" }, "geometry": { "type": "Point", "coordinates": [ 5.45, 52.25 ] } },
{ "type": "Feature", "properties": { "decimalLatitude": 60.3817, "decimalLongitude": 5.3251, "month": 2, "species_sci": "Anas acuta", "species_com": "Northern Pintail / Onagagamo" }, "geometry": { "type": "Point", "coordinates": [ 5.3251, 60.3817 ] } },
{ "type": "Feature", "properties": { "decimalLatitude": 52.25, "decimalLongitude": 5.5, "month": 2, "species_sci": "Anas acuta", "species_com": "Northern Pintail / Onagagamo" }, "geometry": { "type": "Point", "coordinates": [ 5.5, 52.25 ] } },
{ "type": "Feature", "properties": { "decimalLatitude": 52.25, "decimalLongitude": 5.45, "month": 2, "species_sci": "Anas acuta", "species_com": "Northern Pintail / Onagagamo" }, "geometry": { "type": "Point", "coordinates": [ 5.45, 52.25 ] } },
{ "type": "Feature", "properties": { "decimalLatitude": 48.4714, "decimalLongitude": -123.404, "month": 2, "species_sci": "Anas acuta", "species_com": "Northern Pintail / Onagagamo" }, "geometry": { "type": "Point", "coordinates": [ -123.404, 48.4714 ] } },
{ "type": "Feature", "properties": { "decimalLatitude": 51.65, "decimalLongitude": 3.8, "month": 2, "species_sci": "Anas acuta", "species_com": "Northern Pintail / Onagagamo" }, "geometry": { "type": "Point", "coordinates": [ 3.8, 51.65 ] } },
{ "type": "Feature", "properties": { "decimalLatitude": 45.4998, "decimalLongitude": -123.223, "month": 2, "species_sci": "Anas acuta", "species_com": "Northern Pintail / Onagagamo" }, "geometry": { "type": "Point", "coordinates": [ -123.223, 45.4998 ] } },
{ "type": "Feature", "properties": { "decimalLatitude": 37.7799, "decimalLongitude": -122.2822, "month": 2, "species_sci": "Anas acuta", "species_com": "Northern Pintail / Onagagamo" }, "geometry": { "type": "Point", "coordinates": [ -122.2822, 37.7799 ] } },
{ "type": "Feature", "properties": { "decimalLatitude": 57.1307, "decimalLongitude": 12.238, "month": 2, "species_sci": "Anas acuta", "species_com": "Northern Pintail / Onagagamo" }, "geometry": { "type": "Point", "coordinates": [ 12.238, 57.1307 ] } },
{ "type": "Feature", "properties": { "decimalLatitude": 32.1308, "decimalLongitude": -93.474, "month": 2, "species_sci": "Anas acuta", "species_com": "Northern Pintail / Onagagamo" }, "geometry": { "type": "Point", "coordinates": [ -93.474, 32.1308 ] } },
{ "type": "Feature", "properties": { "decimalLatitude": 52.25, "decimalLongitude": 4.9, "month": 2, "species_sci": "Anas acuta", "species_com": "Northern Pintail / Onagagamo" }, "geometry": { "type": "Point", "coordinates": [ 4.9, 52.25 ] } },
{ "type": "Feature", "properties": { "decimalLatitude": 32.5665, "decimalLongitude": -117.125, "month": 2, "species_sci": "Anas acuta", "species_com": "Northern Pintail / Onagagamo" }, "geometry": { "type": "Point", "coordinates": [ -117.125, 32.5665 ] } },
{ "type": "Feature", "properties": { "decimalLatitude": 35.3291, "decimalLongitude": -120.8452, "month": 2, "species_sci": "Anas acuta", "species_com": "Northern Pintail / Onagagamo" }, "geometry": { "type": "Point", "coordinates": [ -120.8452, 35.3291 ] } },
{ "type": "Feature", "properties": { "decimalLatitude": 52.25, "decimalLongitude": 5.3, "month": 2, "species_sci": "Anas acuta", "species_com": "Northern Pintail / Onagagamo" }, "geometry": { "type": "Point", "coordinates": [ 5.3, 52.25 ] } },
{ "type": "Feature", "properties": { "decimalLatitude": 41.476, "decimalLongitude": -112.214, "month": 2, "species_sci": "Anas acuta", "species_com": "Northern Pintail / Onagagamo" }, "geometry": { "type": "Point", "coordinates": [ -112.214, 41.476 ] } },
{ "type": "Feature", "properties": { "decimalLatitude": 57.7082, "decimalLongitude": 11.8175, "month": 2, "species_sci": "Anas acuta", "species_com": "Northern Pintail / Onagagamo" }, "geometry": { "type": "Point", "coordinates": [ 11.8175, 57.7082 ] } },
{ "type": "Feature", "properties": { "decimalLatitude": 52.05, "decimalLongitude": 4.6, "month": 2, "species_sci": "Anas acuta", "species_com": "Northern Pintail / Onagagamo" }, "geometry": { "type": "Point", "coordinates": [ 4.6, 52.05 ] } },
{ "type": "Feature", "properties": { "decimalLatitude": 51.75, "decimalLongitude": 4.7, "month": 2, "species_sci": "Anas acuta", "species_com": "Northern Pintail / Onagagamo" }, "geometry": { "type": "Point", "coordinates": [ 4.7, 51.75 ] } },
{ "type": "Feature", "properties": { "decimalLatitude": 39.4225, "decimalLongitude": -122.149, "month": 2, "species_sci": "Anas acuta", "species_com": "Northern Pintail / Onagagamo" }, "geometry": { "type": "Point", "coordinates": [ -122.149, 39.4225 ] } },
{ "type": "Feature", "properties": { "decimalLatitude": 56.6619, "decimalLongitude": 12.8476, "month": 2, "species_sci": "Anas acuta", "species_com": "Northern Pintail / Onagagamo" }, "geometry": { "type": "Point", "coordinates": [ 12.8476, 56.6619 ] } },
{ "type": "Feature", "properties": { "decimalLatitude": 52.9, "decimalLongitude": 5.0, "month": 2, "species_sci": "Anas acuta", "species_com": "Northern Pintail / Onagagamo" }, "geometry": { "type": "Point", "coordinates": [ 5.0, 52.9 ] } },
{ "type": "Feature", "properties": { "decimalLatitude": 32.1289, "decimalLongitude": -93.4738, "month": 2, "species_sci": "Anas acuta", "species_com": "Northern Pintail / Onagagamo" }, "geometry": { "type": "Point", "coordinates": [ -93.4738, 32.1289 ] } },
{ "type": "Feature", "properties": { "decimalLatitude": 52.05, "decimalLongitude": 4.4, "month": 2, "species_sci": "Anas acuta", "species_com": "Northern Pintail / Onagagamo" }, "geometry": { "type": "Point", "coordinates": [ 4.4, 52.05 ] } },
{ "type": "Feature", "properties": { "decimalLatitude": 53.0, "decimalLongitude": 4.75, "month": 2, "species_sci": "Anas acuta", "species_com": "Northern Pintail / Onagagamo" }, "geometry": { "type": "Point", "coordinates": [ 4.75, 53.0 ] } },
{ "type": "Feature", "properties": { "decimalLatitude": 63.4369, "decimalLongitude": 10.4993, "month": 2, "species_sci": "Anas acuta", "species_com": "Northern Pintail / Onagagamo" }, "geometry": { "type": "Point", "coordinates": [ 10.4993, 63.4369 ] } },
{ "type": "Feature", "properties": { "decimalLatitude": 55.732, "decimalLongitude": 12.964, "month": 2, "species_sci": "Anas acuta", "species_com": "Northern Pintail / Onagagamo" }, "geometry": { "type": "Point", "coordinates": [ 12.964, 55.732 ] } },
{ "type": "Feature", "properties": { "decimalLatitude": 40.86, "decimalLongitude": -124.0989, "month": 2, "species_sci": "Anas acuta", "species_com": "Northern Pintail / Onagagamo" }, "geometry": { "type": "Point", "coordinates": [ -124.0989, 40.86 ] } },
{ "type": "Feature", "properties": { "decimalLatitude": 56.1964, "decimalLongitude": 16.3993, "month": 2, "species_sci": "Anas acuta", "species_com": "Northern Pintail / Onagagamo" }, "geometry": { "type": "Point", "coordinates": [ 16.3993, 56.1964 ] } },
{ "type": "Feature", "properties": { "decimalLatitude": 51.35, "decimalLongitude": 3.6, "month": 2, "species_sci": "Anas acuta", "species_com": "Northern Pintail / Onagagamo" }, "geometry": { "type": "Point", "coordinates": [ 3.6, 51.35 ] } },
{ "type": "Feature", "properties": { "decimalLatitude": 33.9841, "decimalLongitude": -99.954, "month": 2, "species_sci": "Anas acuta", "species_com": "Northern Pintail / Onagagamo" }, "geometry": { "type": "Point", "coordinates": [ -99.954, 33.9841 ] } },
{ "type": "Feature", "properties": { "decimalLatitude": 51.75, "decimalLongitude": 4.7, "month": 2, "species_sci": "Anas acuta", "species_com": "Northern Pintail / Onagagamo" }, "geometry": { "type": "Point", "coordinates": [ 4.7, 51.75 ] } },
{ "type": "Feature", "properties": { "decimalLatitude": 35.826, "decimalLongitude": -88.99, "month": 2, "species_sci": "Anas acuta", "species_com": "Northern Pintail / Onagagamo" }, "geometry": { "type": "Point", "coordinates": [ -88.99, 35.826 ] } },
{ "type": "Feature", "properties": { "decimalLatitude": 52.25, "decimalLongitude": 5.45, "month": 2, "species_sci": "Anas acuta", "species_com": "Northern Pintail / Onagagamo" }, "geometry": { "type": "Point", "coordinates": [ 5.45, 52.25 ] } },
{ "type": "Feature", "properties": { "decimalLatitude": 57.1265, "decimalLongitude": 12.2522, "month": 2, "species_sci": "Anas acuta", "species_com": "Northern Pintail / Onagagamo" }, "geometry": { "type": "Point", "coordinates": [ 12.2522, 57.1265 ] } },
{ "type": "Feature", "properties": { "decimalLatitude": 63.4351, "decimalLongitude": 10.4998, "month": 2, "species_sci": "Anas acuta", "species_com": "Northern Pintail / Onagagamo" }, "geometry": { "type": "Point", "coordinates": [ 10.4998, 63.4351 ] } },
{ "type": "Feature", "properties": { "decimalLatitude": 56.6619, "decimalLongitude": 12.8476, "month": 2, "species_sci": "Anas acuta", "species_com": "Northern Pintail / Onagagamo" }, "geometry": { "type": "Point", "coordinates": [ 12.8476, 56.6619 ] } },
{ "type": "Feature", "properties": { "decimalLatitude": 55.636, "decimalLongitude": 13.0004, "month": 3, "species_sci": "Anas acuta", "species_com": "Northern Pintail / Onagagamo" }, "geometry": { "type": "Point", "coordinates": [ 13.0004, 55.636 ] } },
{ "type": "Feature", "properties": { "decimalLatitude": 51.75, "decimalLongitude": 4.75, "month": 3, "species_sci": "Anas acuta", "species_com": "Northern Pintail / Onagagamo" }, "geometry": { "type": "Point", "coordinates": [ 4.75, 51.75 ] } },
{ "type": "Feature", "properties": { "decimalLatitude": 58.8215, "decimalLongitude": 5.7183, "month": 3, "species_sci": "Anas acuta", "species_com": "Northern Pintail / Onagagamo" }, "geometry": { "type": "Point", "coordinates": [ 5.7183, 58.8215 ] } },
{ "type": "Feature", "properties": { "decimalLatitude": 52.15, "decimalLongitude": 4.45, "month": 3, "species_sci": "Anas acuta", "species_com": "Northern Pintail / Onagagamo" }, "geometry": { "type": "Point", "coordinates": [ 4.45, 52.15 ] } },
{ "type": "Feature", "properties": { "decimalLatitude": 56.9233, "decimalLongitude": 12.3593, "month": 3, "species_sci": "Anas acuta", "species_com": "Northern Pintail / Onagagamo" }, "geometry": { "type": "Point", "coordinates": [ 12.3593, 56.9233 ] } },
{ "type": "Feature", "properties": { "decimalLatitude": 53.3, "decimalLongitude": 6.9, "month": 3, "species_sci": "Anas acuta", "species_com": "Northern Pintail / Onagagamo" }, "geometry": { "type": "Point", "coordinates": [ 6.9, 53.3 ] } },
{ "type": "Feature", "properties": { "decimalLatitude": 52.25, "decimalLongitude": 4.9, "month": 3, "species_sci": "Anas acuta", "species_com": "Northern Pintail / Onagagamo" }, "geometry": { "type": "Point", "coordinates": [ 4.9, 52.25 ] } },
{ "type": "Feature", "properties": { "decimalLatitude": 56.9233, "decimalLongitude": 12.3593, "month": 3, "species_sci": "Anas acuta", "species_com": "Northern Pintail / Onagagamo" }, "geometry": { "type": "Point", "coordinates": [ 12.3593, 56.9233 ] } },
{ "type": "Feature", "properties": { "decimalLatitude": 59.0502, "decimalLongitude": 17.6874, "month": 3, "species_sci": "Anas acuta", "species_com": "Northern Pintail / Onagagamo" }, "geometry": { "type": "Point", "coordinates": [ 17.6874, 59.0502 ] } },
{ "type": "Feature", "properties": { "decimalLatitude": 58.5834, "decimalLongitude": 13.9536, "month": 3, "species_sci": "Anas acuta", "species_com": "Northern Pintail / Onagagamo" }, "geometry": { "type": "Point", "coordinates": [ 13.9536, 58.5834 ] } },
{ "type": "Feature", "properties": { "decimalLatitude": 56.9233, "decimalLongitude": 12.3593, "month": 3, "species_sci": "Anas acuta", "species_com": "Northern Pintail / Onagagamo" }, "geometry": { "type": "Point", "coordinates": [ 12.3593, 56.9233 ] } },
{ "type": "Feature", "properties": { "decimalLatitude": 51.75, "decimalLongitude": 4.75, "month": 3, "species_sci": "Anas acuta", "species_com": "Northern Pintail / Onagagamo" }, "geometry": { "type": "Point", "coordinates": [ 4.75, 51.75 ] } },
{ "type": "Feature", "properties": { "decimalLatitude": 51.9, "decimalLongitude": 4.05, "month": 3, "species_sci": "Anas acuta", "species_com": "Northern Pintail / Onagagamo" }, "geometry": { "type": "Point", "coordinates": [ 4.05, 51.9 ] } },
{ "type": "Feature", "properties": { "decimalLatitude": 56.922, "decimalLongitude": 12.3618, "month": 3, "species_sci": "Anas acuta", "species_com": "Northern Pintail / Onagagamo" }, "geometry": { "type": "Point", "coordinates": [ 12.3618, 56.922 ] } },
{ "type": "Feature", "properties": { "decimalLatitude": 53.45, "decimalLongitude": 6.65, "month": 3, "species_sci": "Anas acuta", "species_com": "Northern Pintail / Onagagamo" }, "geometry": { "type": "Point", "coordinates": [ 6.65, 53.45 ] } },
{ "type": "Feature", "properties": { "decimalLatitude": 52.25, "decimalLongitude": 4.9, "month": 3, "species_sci": "Anas acuta", "species_com": "Northern Pintail / Onagagamo" }, "geometry": { "type": "Point", "coordinates": [ 4.9, 52.25 ] } },
{ "type": "Feature", "properties": { "decimalLatitude": 55.5225, "decimalLongitude": 12.9024, "month": 3, "species_sci": "Anas acuta", "species_com": "Northern Pintail / Onagagamo" }, "geometry": { "type": "Point", "coordinates": [ 12.9024, 55.5225 ] } },
{ "type": "Feature", "properties": { "decimalLatitude": 51.4, "decimalLongitude": 5.6, "month": 3, "species_sci": "Anas acuta", "species_com": "Northern Pintail / Onagagamo" }, "geometry": { "type": "Point", "coordinates": [ 5.6, 51.4 ] } },
{ "type": "Feature", "properties": { "decimalLatitude": 52.25, "decimalLongitude": 5.45, "month": 3, "species_sci": "Anas acuta", "species_com": "Northern Pintail / Onagagamo" }, "geometry": { "type": "Point", "coordinates": [ 5.45, 52.25 ] } },
{ "type": "Feature", "properties": { "decimalLatitude": 56.5906, "decimalLongitude": 16.3985, "month": 3, "species_sci": "Anas acuta", "species_com": "Northern Pintail / Onagagamo" }, "geometry": { "type": "Point", "coordinates": [ 16.3985, 56.5906 ] } },
{ "type": "Feature", "properties": { "decimalLatitude": 56.3229, "decimalLongitude": 16.5428, "month": 3, "species_sci": "Anas acuta", "species_com": "Northern Pintail / Onagagamo" }, "geometry": { "type": "Point", "coordinates": [ 16.5428, 56.3229 ] } },
{ "type": "Feature", "properties": { "decimalLatitude": 52.25, "decimalLongitude": 4.9, "month": 3, "species_sci": "Anas acuta", "species_com": "Northern Pintail / Onagagamo" }, "geometry": { "type": "Point", "coordinates": [ 4.9, 52.25 ] } },
{ "type": "Feature", "properties": { "decimalLatitude": 52.05, "decimalLongitude": 4.4, "month": 3, "species_sci": "Anas acuta", "species_com": "Northern Pintail / Onagagamo" }, "geometry": { "type": "Point", "coordinates": [ 4.4, 52.05 ] } },
{ "type": "Feature", "properties": { "decimalLatitude": 52.5, "decimalLongitude": 6.0, "month": 3, "species_sci": "Anas acuta", "species_com": "Northern Pintail / Onagagamo" }, "geometry": { "type": "Point", "coordinates": [ 6.0, 52.5 ] } },
{ "type": "Feature", "properties": { "decimalLatitude": 52.25, "decimalLongitude": 4.9, "month": 3, "species_sci": "Anas acuta", "species_com": "Northern Pintail / Onagagamo" }, "geometry": { "type": "Point", "coordinates": [ 4.9, 52.25 ] } },
{ "type": "Feature", "properties": { "decimalLatitude": 51.35, "decimalLongitude": 3.6, "month": 3, "species_sci": "Anas acuta", "species_com": "Northern Pintail / Onagagamo" }, "geometry": { "type": "Point", "coordinates": [ 3.6, 51.35 ] } },
{ "type": "Feature", "properties": { "decimalLatitude": 57.4866, "decimalLongitude": 11.936, "month": 3, "species_sci": "Anas acuta", "species_com": "Northern Pintail / Onagagamo" }, "geometry": { "type": "Point", "coordinates": [ 11.936, 57.4866 ] } },
{ "type": "Feature", "properties": { "decimalLatitude": 51.75, "decimalLongitude": 4.75, "month": 3, "species_sci": "Anas acuta", "species_com": "Northern Pintail / Onagagamo" }, "geometry": { "type": "Point", "coordinates": [ 4.75, 51.75 ] } },
{ "type": "Feature", "properties": { "decimalLatitude": 52.1, "decimalLongitude": 6.05, "month": 3, "species_sci": "Anas acuta", "species_com": "Northern Pintail / Onagagamo" }, "geometry": { "type": "Point", "coordinates": [ 6.05, 52.1 ] } },
{ "type": "Feature", "properties": { "decimalLatitude": 51.7, "decimalLongitude": 3.8, "month": 3, "species_sci": "Anas acuta", "species_com": "Northern Pintail / Onagagamo" }, "geometry": { "type": "Point", "coordinates": [ 3.8, 51.7 ] } },
{ "type": "Feature", "properties": { "decimalLatitude": 62.9924, "decimalLongitude": 7.1684, "month": 3, "species_sci": "Anas acuta", "species_com": "Northern Pintail / Onagagamo" }, "geometry": { "type": "Point", "coordinates": [ 7.1684, 62.9924 ] } },
{ "type": "Feature", "properties": { "decimalLatitude": 51.8, "decimalLongitude": 5.05, "month": 3, "species_sci": "Anas acuta", "species_com": "Northern Pintail / Onagagamo" }, "geometry": { "type": "Point", "coordinates": [ 5.05, 51.8 ] } },
{ "type": "Feature", "properties": { "decimalLatitude": 52.0, "decimalLongitude": 4.9, "month": 3, "species_sci": "Anas acuta", "species_com": "Northern Pintail / Onagagamo" }, "geometry": { "type": "Point", "coordinates": [ 4.9, 52.0 ] } },
{ "type": "Feature", "properties": { "decimalLatitude": 52.25, "decimalLongitude": 4.9, "month": 3, "species_sci": "Anas acuta", "species_com": "Northern Pintail / Onagagamo" }, "geometry": { "type": "Point", "coordinates": [ 4.9, 52.25 ] } },
{ "type": "Feature", "properties": { "decimalLatitude": 51.75, "decimalLongitude": 3.8, "month": 3, "species_sci": "Anas acuta", "species_com": "Northern Pintail / Onagagamo" }, "geometry": { "type": "Point", "coordinates": [ 3.8, 51.75 ] } },
{ "type": "Feature", "properties": { "decimalLatitude": 51.95, "decimalLongitude": 5.6, "month": 3, "species_sci": "Anas acuta", "species_com": "Northern Pintail / Onagagamo" }, "geometry": { "type": "Point", "coordinates": [ 5.6, 51.95 ] } },
{ "type": "Feature", "properties": { "decimalLatitude": 59.0502, "decimalLongitude": 17.6874, "month": 3, "species_sci": "Anas acuta", "species_com": "Northern Pintail / Onagagamo" }, "geometry": { "type": "Point", "coordinates": [ 17.6874, 59.0502 ] } },
{ "type": "Feature", "properties": { "decimalLatitude": 51.75, "decimalLongitude": 4.7, "month": 3, "species_sci": "Anas acuta", "species_com": "Northern Pintail / Onagagamo" }, "geometry": { "type": "Point", "coordinates": [ 4.7, 51.75 ] } },
{ "type": "Feature", "properties": { "decimalLatitude": 52.1, "decimalLongitude": 6.05, "month": 3, "species_sci": "Anas acuta", "species_com": "Northern Pintail / Onagagamo" }, "geometry": { "type": "Point", "coordinates": [ 6.05, 52.1 ] } },
{ "type": "Feature", "properties": { "decimalLatitude": 56.0746, "decimalLongitude": 15.8391, "month": 3, "species_sci": "Anas acuta", "species_com": "Northern Pintail / Onagagamo" }, "geometry": { "type": "Point", "coordinates": [ 15.8391, 56.0746 ] } },
{ "type": "Feature", "properties": { "decimalLatitude": 58.5388, "decimalLongitude": 12.9419, "month": 3, "species_sci": "Anas acuta", "species_com": "Northern Pintail / Onagagamo" }, "geometry": { "type": "Point", "coordinates": [ 12.9419, 58.5388 ] } },
{ "type": "Feature", "properties": { "decimalLatitude": 63.4677, "decimalLongitude": 10.9093, "month": 3, "species_sci": "Anas acuta", "species_com": "Northern Pintail / Onagagamo" }, "geometry": { "type": "Point", "coordinates": [ 10.9093, 63.4677 ] } },
{ "type": "Feature", "properties": { "decimalLatitude": 52.35, "decimalLongitude": 5.55, "month": 3, "species_sci": "Anas acuta", "species_com": "Northern Pintail / Onagagamo" }, "geometry": { "type": "Point", "coordinates": [ 5.55, 52.35 ] } },
{ "type": "Feature", "properties": { "decimalLatitude": 52.7, "decimalLongitude": 4.6, "month": 3, "species_sci": "Anas acuta", "species_com": "Northern Pintail / Onagagamo" }, "geometry": { "type": "Point", "coordinates": [ 4.6, 52.7 ] } },
{ "type": "Feature", "properties": { "decimalLatitude": 51.8, "decimalLongitude": 3.95, "month": 3, "species_sci": "Anas acuta", "species_com": "Northern Pintail / Onagagamo" }, "geometry": { "type": "Point", "coordinates": [ 3.95, 51.8 ] } },
{ "type": "Feature", "properties": { "decimalLatitude": 52.25, "decimalLongitude": 4.9, "month": 3, "species_sci": "Anas acuta", "species_com": "Northern Pintail / Onagagamo" }, "geometry": { "type": "Point", "coordinates": [ 4.9, 52.25 ] } },
{ "type": "Feature", "properties": { "decimalLatitude": 56.9966, "decimalLongitude": 12.3556, "month": 3, "species_sci": "Anas acuta", "species_com": "Northern Pintail / Onagagamo" }, "geometry": { "type": "Point", "coordinates": [ 12.3556, 56.9966 ] } },
{ "type": "Feature", "properties": { "decimalLatitude": 51.8, "decimalLongitude": 5.45, "month": 3, "species_sci": "Anas acuta", "species_com": "Northern Pintail / Onagagamo" }, "geometry": { "type": "Point", "coordinates": [ 5.45, 51.8 ] } },
{ "type": "Feature", "properties": { "decimalLatitude": 52.25, "decimalLongitude": 5.45, "month": 3, "species_sci": "Anas acuta", "species_com": "Northern Pintail / Onagagamo" }, "geometry": { "type": "Point", "coordinates": [ 5.45, 52.25 ] } },
{ "type": "Feature", "properties": { "decimalLatitude": 53.0, "decimalLongitude": 4.7, "month": 3, "species_sci": "Anas acuta", "species_com": "Northern Pintail / Onagagamo" }, "geometry": { "type": "Point", "coordinates": [ 4.7, 53.0 ] } },
{ "type": "Feature", "properties": { "decimalLatitude": 52.1, "decimalLongitude": 6.05, "month": 3, "species_sci": "Anas acuta", "species_com": "Northern Pintail / Onagagamo" }, "geometry": { "type": "Point", "coordinates": [ 6.05, 52.1 ] } },
{ "type": "Feature", "properties": { "decimalLatitude": 53.35, "decimalLongitude": 6.15, "month": 3, "species_sci": "Anas acuta", "species_com": "Northern Pintail / Onagagamo" }, "geometry": { "type": "Point", "coordinates": [ 6.15, 53.35 ] } },
{ "type": "Feature", "properties": { "decimalLatitude": 52.35, "decimalLongitude": 5.0, "month": 3, "species_sci": "Anas acuta", "species_com": "Northern Pintail / Onagagamo" }, "geometry": { "type": "Point", "coordinates": [ 5.0, 52.35 ] } },
{ "type": "Feature", "properties": { "decimalLatitude": 51.95, "decimalLongitude": 5.65, "month": 3, "species_sci": "Anas acuta", "species_com": "Northern Pintail / Onagagamo" }, "geometry": { "type": "Point", "coordinates": [ 5.65, 51.95 ] } },
{ "type": "Feature", "properties": { "decimalLatitude": 59.913, "decimalLongitude": 10.654, "month": 3, "species_sci": "Anas acuta", "species_com": "Northern Pintail / Onagagamo" }, "geometry": { "type": "Point", "coordinates": [ 10.654, 59.913 ] } },
{ "type": "Feature", "properties": { "decimalLatitude": 56.8222, "decimalLongitude": 16.8406, "month": 3, "species_sci": "Anas acuta", "species_com": "Northern Pintail / Onagagamo" }, "geometry": { "type": "Point", "coordinates": [ 16.8406, 56.8222 ] } },
{ "type": "Feature", "properties": { "decimalLatitude": 55.6988, "decimalLongitude": 13.5373, "month": 3, "species_sci": "Anas acuta", "species_com": "Northern Pintail / Onagagamo" }, "geometry": { "type": "Point", "coordinates": [ 13.5373, 55.6988 ] } },
{ "type": "Feature", "properties": { "decimalLatitude": 52.25, "decimalLongitude": 5.45, "month": 3, "species_sci": "Anas acuta", "species_com": "Northern Pintail / Onagagamo" }, "geometry": { "type": "Point", "coordinates": [ 5.45, 52.25 ] } },
{ "type": "Feature", "properties": { "decimalLatitude": 51.95, "decimalLongitude": 5.65, "month": 3, "species_sci": "Anas acuta", "species_com": "Northern Pintail / Onagagamo" }, "geometry": { "type": "Point", "coordinates": [ 5.65, 51.95 ] } },
{ "type": "Feature", "properties": { "decimalLatitude": 52.25, "decimalLongitude": 5.3, "month": 3, "species_sci": "Anas acuta", "species_com": "Northern Pintail / Onagagamo" }, "geometry": { "type": "Point", "coordinates": [ 5.3, 52.25 ] } },
{ "type": "Feature", "properties": { "decimalLatitude": 56.231, "decimalLongitude": 12.7492, "month": 3, "species_sci": "Anas acuta", "species_com": "Northern Pintail / Onagagamo" }, "geometry": { "type": "Point", "coordinates": [ 12.7492, 56.231 ] } },
{ "type": "Feature", "properties": { "decimalLatitude": 52.0, "decimalLongitude": 4.1, "month": 3, "species_sci": "Anas acuta", "species_com": "Northern Pintail / Onagagamo" }, "geometry": { "type": "Point", "coordinates": [ 4.1, 52.0 ] } },
{ "type": "Feature", "properties": { "decimalLatitude": 52.45, "decimalLongitude": 5.4, "month": 3, "species_sci": "Anas acuta", "species_com": "Northern Pintail / Onagagamo" }, "geometry": { "type": "Point", "coordinates": [ 5.4, 52.45 ] } },
{ "type": "Feature", "properties": { "decimalLatitude": 51.5, "decimalLongitude": 3.55, "month": 3, "species_sci": "Anas acuta", "species_com": "Northern Pintail / Onagagamo" }, "geometry": { "type": "Point", "coordinates": [ 3.55, 51.5 ] } },
{ "type": "Feature", "properties": { "decimalLatitude": 55.7026, "decimalLongitude": 13.5307, "month": 3, "species_sci": "Anas acuta", "species_com": "Northern Pintail / Onagagamo" }, "geometry": { "type": "Point", "coordinates": [ 13.5307, 55.7026 ] } },
{ "type": "Feature", "properties": { "decimalLatitude": 56.224, "decimalLongitude": 12.6976, "month": 3, "species_sci": "Anas acuta", "species_com": "Northern Pintail / Onagagamo" }, "geometry": { "type": "Point", "coordinates": [ 12.6976, 56.224 ] } },
{ "type": "Feature", "properties": { "decimalLatitude": 52.15, "decimalLongitude": 4.45, "month": 3, "species_sci": "Anas acuta", "species_com": "Northern Pintail / Onagagamo" }, "geometry": { "type": "Point", "coordinates": [ 4.45, 52.15 ] } },
{ "type": "Feature", "properties": { "decimalLatitude": 52.25, "decimalLongitude": 4.9, "month": 3, "species_sci": "Anas acuta", "species_com": "Northern Pintail / Onagagamo" }, "geometry": { "type": "Point", "coordinates": [ 4.9, 52.25 ] } },
{ "type": "Feature", "properties": { "decimalLatitude": 52.15, "decimalLongitude": 4.5, "month": 3, "species_sci": "Anas acuta", "species_com": "Northern Pintail / Onagagamo" }, "geometry": { "type": "Point", "coordinates": [ 4.5, 52.15 ] } },
{ "type": "Feature", "properties": { "decimalLatitude": 51.5, "decimalLongitude": 3.55, "month": 3, "species_sci": "Anas acuta", "species_com": "Northern Pintail / Onagagamo" }, "geometry": { "type": "Point", "coordinates": [ 3.55, 51.5 ] } },
{ "type": "Feature", "properties": { "decimalLatitude": 52.25, "decimalLongitude": 5.5, "month": 3, "species_sci": "Anas acuta", "species_com": "Northern Pintail / Onagagamo" }, "geometry": { "type": "Point", "coordinates": [ 5.5, 52.25 ] } },
{ "type": "Feature", "properties": { "decimalLatitude": 52.25, "decimalLongitude": 5.45, "month": 3, "species_sci": "Anas acuta", "species_com": "Northern Pintail / Onagagamo" }, "geometry": { "type": "Point", "coordinates": [ 5.45, 52.25 ] } },
{ "type": "Feature", "properties": { "decimalLatitude": 52.15, "decimalLongitude": 4.45, "month": 3, "species_sci": "Anas acuta", "species_com": "Northern Pintail / Onagagamo" }, "geometry": { "type": "Point", "coordinates": [ 4.45, 52.15 ] } },
{ "type": "Feature", "properties": { "decimalLatitude": 52.1, "decimalLongitude": 6.05, "month": 3, "species_sci": "Anas acuta", "species_com": "Northern Pintail / Onagagamo" }, "geometry": { "type": "Point", "coordinates": [ 6.05, 52.1 ] } },
{ "type": "Feature", "properties": { "decimalLatitude": 58.3237, "decimalLongitude": 13.5376, "month": 3, "species_sci": "Anas acuta", "species_com": "Northern Pintail / Onagagamo" }, "geometry": { "type": "Point", "coordinates": [ 13.5376, 58.3237 ] } },
{ "type": "Feature", "properties": { "decimalLatitude": 52.5, "decimalLongitude": 6.0, "month": 3, "species_sci": "Anas acuta", "species_com": "Northern Pintail / Onagagamo" }, "geometry": { "type": "Point", "coordinates": [ 6.0, 52.5 ] } },
{ "type": "Feature", "properties": { "decimalLatitude": 51.65, "decimalLongitude": 4.7, "month": 3, "species_sci": "Anas acuta", "species_com": "Northern Pintail / Onagagamo" }, "geometry": { "type": "Point", "coordinates": [ 4.7, 51.65 ] } },
{ "type": "Feature", "properties": { "decimalLatitude": 51.65, "decimalLongitude": 3.8, "month": 3, "species_sci": "Anas acuta", "species_com": "Northern Pintail / Onagagamo" }, "geometry": { "type": "Point", "coordinates": [ 3.8, 51.65 ] } },
{ "type": "Feature", "properties": { "decimalLatitude": 57.0284, "decimalLongitude": 12.3184, "month": 3, "species_sci": "Anas acuta", "species_com": "Northern Pintail / Onagagamo" }, "geometry": { "type": "Point", "coordinates": [ 12.3184, 57.0284 ] } },
{ "type": "Feature", "properties": { "decimalLatitude": 52.25, "decimalLongitude": 5.45, "month": 3, "species_sci": "Anas acuta", "species_com": "Northern Pintail / Onagagamo" }, "geometry": { "type": "Point", "coordinates": [ 5.45, 52.25 ] } },
{ "type": "Feature", "properties": { "decimalLatitude": 52.15, "decimalLongitude": 6.15, "month": 3, "species_sci": "Anas acuta", "species_com": "Northern Pintail / Onagagamo" }, "geometry": { "type": "Point", "coordinates": [ 6.15, 52.15 ] } },
{ "type": "Feature", "properties": { "decimalLatitude": 58.7971, "decimalLongitude": 17.7994, "month": 3, "species_sci": "Anas acuta", "species_com": "Northern Pintail / Onagagamo" }, "geometry": { "type": "Point", "coordinates": [ 17.7994, 58.7971 ] } },
{ "type": "Feature", "properties": { "decimalLatitude": 53.1, "decimalLongitude": 4.8, "month": 3, "species_sci": "Anas acuta", "species_com": "Northern Pintail / Onagagamo" }, "geometry": { "type": "Point", "coordinates": [ 4.8, 53.1 ] } },
{ "type": "Feature", "properties": { "decimalLatitude": 57.9254, "decimalLongitude": 11.773, "month": 3, "species_sci": "Anas acuta", "species_com": "Northern Pintail / Onagagamo" }, "geometry": { "type": "Point", "coordinates": [ 11.773, 57.9254 ] } },
{ "type": "Feature", "properties": { "decimalLatitude": 51.95, "decimalLongitude": 5.15, "month": 3, "species_sci": "Anas acuta", "species_com": "Northern Pintail / Onagagamo" }, "geometry": { "type": "Point", "coordinates": [ 5.15, 51.95 ] } },
{ "type": "Feature", "properties": { "decimalLatitude": 51.95, "decimalLongitude": 5.6, "month": 3, "species_sci": "Anas acuta", "species_com": "Northern Pintail / Onagagamo" }, "geometry": { "type": "Point", "coordinates": [ 5.6, 51.95 ] } },
{ "type": "Feature", "properties": { "decimalLatitude": 52.55, "decimalLongitude": 5.8, "month": 3, "species_sci": "Anas acuta", "species_com": "Northern Pintail / Onagagamo" }, "geometry": { "type": "Point", "coordinates": [ 5.8, 52.55 ] } },
{ "type": "Feature", "properties": { "decimalLatitude": 52.15, "decimalLongitude": 4.45, "month": 3, "species_sci": "Anas acuta", "species_com": "Northern Pintail / Onagagamo" }, "geometry": { "type": "Point", "coordinates": [ 4.45, 52.15 ] } },
{ "type": "Feature", "properties": { "decimalLatitude": 59.0502, "decimalLongitude": 17.6874, "month": 3, "species_sci": "Anas acuta", "species_com": "Northern Pintail / Onagagamo" }, "geometry": { "type": "Point", "coordinates": [ 17.6874, 59.0502 ] } },
{ "type": "Feature", "properties": { "decimalLatitude": 51.8, "decimalLongitude": 3.95, "month": 3, "species_sci": "Anas acuta", "species_com": "Northern Pintail / Onagagamo" }, "geometry": { "type": "Point", "coordinates": [ 3.95, 51.8 ] } },
{ "type": "Feature", "properties": { "decimalLatitude": 52.0, "decimalLongitude": 4.45, "month": 3, "species_sci": "Anas acuta", "species_com": "Northern Pintail / Onagagamo" }, "geometry": { "type": "Point", "coordinates": [ 4.45, 52.0 ] } },
{ "type": "Feature", "properties": { "decimalLatitude": 52.25, "decimalLongitude": 4.9, "month": 3, "species_sci": "Anas acuta", "species_com": "Northern Pintail / Onagagamo" }, "geometry": { "type": "Point", "coordinates": [ 4.9, 52.25 ] } },
{ "type": "Feature", "properties": { "decimalLatitude": 52.1, "decimalLongitude": 6.05, "month": 3, "species_sci": "Anas acuta", "species_com": "Northern Pintail / Onagagamo" }, "geometry": { "type": "Point", "coordinates": [ 6.05, 52.1 ] } },
{ "type": "Feature", "properties": { "decimalLatitude": 52.15, "decimalLongitude": 4.45, "month": 3, "species_sci": "Anas acuta", "species_com": "Northern Pintail / Onagagamo" }, "geometry": { "type": "Point", "coordinates": [ 4.45, 52.15 ] } },
{ "type": "Feature", "properties": { "decimalLatitude": 54.7756, "decimalLongitude": 9.9026, "month": 3, "species_sci": "Anas acuta", "species_com": "Northern Pintail / Onagagamo" }, "geometry": { "type": "Point", "coordinates": [ 9.9026, 54.7756 ] } },
{ "type": "Feature", "properties": { "decimalLatitude": 51.85, "decimalLongitude": 5.85, "month": 3, "species_sci": "Anas acuta", "species_com": "Northern Pintail / Onagagamo" }, "geometry": { "type": "Point", "coordinates": [ 5.85, 51.85 ] } },
{ "type": "Feature", "properties": { "decimalLatitude": 56.9233, "decimalLongitude": 12.3593, "month": 3, "species_sci": "Anas acuta", "species_com": "Northern Pintail / Onagagamo" }, "geometry": { "type": "Point", "coordinates": [ 12.3593, 56.9233 ] } },
{ "type": "Feature", "properties": { "decimalLatitude": 59.0502, "decimalLongitude": 17.6874, "month": 3, "species_sci": "Anas acuta", "species_com": "Northern Pintail / Onagagamo" }, "geometry": { "type": "Point", "coordinates": [ 17.6874, 59.0502 ] } },
{ "type": "Feature", "properties": { "decimalLatitude": 53.15, "decimalLongitude": 6.65, "month": 3, "species_sci": "Anas acuta", "species_com": "Northern Pintail / Onagagamo" }, "geometry": { "type": "Point", "coordinates": [ 6.65, 53.15 ] } },
{ "type": "Feature", "properties": { "decimalLatitude": 53.45, "decimalLongitude": 5.65, "month": 3, "species_sci": "Anas acuta", "species_com": "Northern Pintail / Onagagamo" }, "geometry": { "type": "Point", "coordinates": [ 5.65, 53.45 ] } },
{ "type": "Feature", "properties": { "decimalLatitude": 52.3, "decimalLongitude": 4.5, "month": 3, "species_sci": "Anas acuta", "species_com": "Northern Pintail / Onagagamo" }, "geometry": { "type": "Point", "coordinates": [ 4.5, 52.3 ] } },
{ "type": "Feature", "properties": { "decimalLatitude": 51.95, "decimalLongitude": 4.75, "month": 3, "species_sci": "Anas acuta", "species_com": "Northern Pintail / Onagagamo" }, "geometry": { "type": "Point", "coordinates": [ 4.75, 51.95 ] } },
{ "type": "Feature", "properties": { "decimalLatitude": 52.25, "decimalLongitude": 5.45, "month": 3, "species_sci": "Anas acuta", "species_com": "Northern Pintail / Onagagamo" }, "geometry": { "type": "Point", "coordinates": [ 5.45, 52.25 ] } },
{ "type": "Feature", "properties": { "decimalLatitude": 52.5, "decimalLongitude": 6.0, "month": 3, "species_sci": "Anas acuta", "species_com": "Northern Pintail / Onagagamo" }, "geometry": { "type": "Point", "coordinates": [ 6.0, 52.5 ] } },
{ "type": "Feature", "properties": { "decimalLatitude": 52.4, "decimalLongitude": 4.7, "month": 3, "species_sci": "Anas acuta", "species_com": "Northern Pintail / Onagagamo" }, "geometry": { "type": "Point", "coordinates": [ 4.7, 52.4 ] } },
{ "type": "Feature", "properties": { "decimalLatitude": 59.8866, "decimalLongitude": 10.8298, "month": 3, "species_sci": "Anas acuta", "species_com": "Northern Pintail / Onagagamo" }, "geometry": { "type": "Point", "coordinates": [ 10.8298, 59.8866 ] } },
{ "type": "Feature", "properties": { "decimalLatitude": 52.55, "decimalLongitude": 5.8, "month": 3, "species_sci": "Anas acuta", "species_com": "Northern Pintail / Onagagamo" }, "geometry": { "type": "Point", "coordinates": [ 5.8, 52.55 ] } },
{ "type": "Feature", "properties": { "decimalLatitude": 57.1316, "decimalLongitude": 12.2473, "month": 3, "species_sci": "Anas acuta", "species_com": "Northern Pintail / Onagagamo" }, "geometry": { "type": "Point", "coordinates": [ 12.2473, 57.1316 ] } },
{ "type": "Feature", "properties": { "decimalLatitude": 52.05, "decimalLongitude": 4.4, "month": 3, "species_sci": "Anas acuta", "species_com": "Northern Pintail / Onagagamo" }, "geometry": { "type": "Point", "coordinates": [ 4.4, 52.05 ] } },
{ "type": "Feature", "properties": { "decimalLatitude": 57.4552, "decimalLongitude": 11.9137, "month": 3, "species_sci": "Anas acuta", "species_com": "Northern Pintail / Onagagamo" }, "geometry": { "type": "Point", "coordinates": [ 11.9137, 57.4552 ] } },
{ "type": "Feature", "properties": { "decimalLatitude": 53.7264, "decimalLongitude": 7.3679, "month": 3, "species_sci": "Anas acuta", "species_com": "Northern Pintail / Onagagamo" }, "geometry": { "type": "Point", "coordinates": [ 7.3679, 53.7264 ] } },
{ "type": "Feature", "properties": { "decimalLatitude": 52.9, "decimalLongitude": 4.75, "month": 3, "species_sci": "Anas acuta", "species_com": "Northern Pintail / Onagagamo" }, "geometry": { "type": "Point", "coordinates": [ 4.75, 52.9 ] } },
{ "type": "Feature", "properties": { "decimalLatitude": 52.75, "decimalLongitude": 5.1, "month": 3, "species_sci": "Anas acuta", "species_com": "Northern Pintail / Onagagamo" }, "geometry": { "type": "Point", "coordinates": [ 5.1, 52.75 ] } },
{ "type": "Feature", "properties": { "decimalLatitude": 51.95, "decimalLongitude": 5.65, "month": 3, "species_sci": "Anas acuta", "species_com": "Northern Pintail / Onagagamo" }, "geometry": { "type": "Point", "coordinates": [ 5.65, 51.95 ] } },
{ "type": "Feature", "properties": { "decimalLatitude": 51.2, "decimalLongitude": 6.0, "month": 3, "species_sci": "Anas acuta", "species_com": "Northern Pintail / Onagagamo" }, "geometry": { "type": "Point", "coordinates": [ 6.0, 51.2 ] } },
{ "type": "Feature", "properties": { "decimalLatitude": 53.1, "decimalLongitude": 4.8, "month": 3, "species_sci": "Anas acuta", "species_com": "Northern Pintail / Onagagamo" }, "geometry": { "type": "Point", "coordinates": [ 4.8, 53.1 ] } },
{ "type": "Feature", "properties": { "decimalLatitude": 52.0, "decimalLongitude": 4.45, "month": 3, "species_sci": "Anas acuta", "species_com": "Northern Pintail / Onagagamo" }, "geometry": { "type": "Point", "coordinates": [ 4.45, 52.0 ] } },
{ "type": "Feature", "properties": { "decimalLatitude": 51.65, "decimalLongitude": 3.8, "month": 3, "species_sci": "Anas acuta", "species_com": "Northern Pintail / Onagagamo" }, "geometry": { "type": "Point", "coordinates": [ 3.8, 51.65 ] } },
{ "type": "Feature", "properties": { "decimalLatitude": 57.0288, "decimalLongitude": 12.3098, "month": 3, "species_sci": "Anas acuta", "species_com": "Northern Pintail / Onagagamo" }, "geometry": { "type": "Point", "coordinates": [ 12.3098, 57.0288 ] } },
{ "type": "Feature", "properties": { "decimalLatitude": 51.95, "decimalLongitude": 4.75, "month": 3, "species_sci": "Anas acuta", "species_com": "Northern Pintail / Onagagamo" }, "geometry": { "type": "Point", "coordinates": [ 4.75, 51.95 ] } },
{ "type": "Feature", "properties": { "decimalLatitude": 51.6, "decimalLongitude": 4.0, "month": 3, "species_sci": "Anas acuta", "species_com": "Northern Pintail / Onagagamo" }, "geometry": { "type": "Point", "coordinates": [ 4.0, 51.6 ] } },
{ "type": "Feature", "properties": { "decimalLatitude": 42.4125, "decimalLongitude": -1.5862, "month": 3, "species_sci": "Anas acuta", "species_com": "Northern Pintail / Onagagamo" }, "geometry": { "type": "Point", "coordinates": [ -1.5862, 42.4125 ] } },
{ "type": "Feature", "properties": { "decimalLatitude": 55.7078, "decimalLongitude": 13.5225, "month": 3, "species_sci": "Anas acuta", "species_com": "Northern Pintail / Onagagamo" }, "geometry": { "type": "Point", "coordinates": [ 13.5225, 55.7078 ] } },
{ "type": "Feature", "properties": { "decimalLatitude": 53.05, "decimalLongitude": 6.7, "month": 3, "species_sci": "Anas acuta", "species_com": "Northern Pintail / Onagagamo" }, "geometry": { "type": "Point", "coordinates": [ 6.7, 53.05 ] } },
{ "type": "Feature", "properties": { "decimalLatitude": 52.05, "decimalLongitude": 5.2, "month": 3, "species_sci": "Anas acuta", "species_com": "Northern Pintail / Onagagamo" }, "geometry": { "type": "Point", "coordinates": [ 5.2, 52.05 ] } },
{ "type": "Feature", "properties": { "decimalLatitude": 56.224, "decimalLongitude": 12.6976, "month": 3, "species_sci": "Anas acuta", "species_com": "Northern Pintail / Onagagamo" }, "geometry": { "type": "Point", "coordinates": [ 12.6976, 56.224 ] } },
{ "type": "Feature", "properties": { "decimalLatitude": 59.8833, "decimalLongitude": 10.8333, "month": 3, "species_sci": "Anas acuta", "species_com": "Northern Pintail / Onagagamo" }, "geometry": { "type": "Point", "coordinates": [ 10.8333, 59.8833 ] } },
{ "type": "Feature", "properties": { "decimalLatitude": 51.95, "decimalLongitude": 4.75, "month": 3, "species_sci": "Anas acuta", "species_com": "Northern Pintail / Onagagamo" }, "geometry": { "type": "Point", "coordinates": [ 4.75, 51.95 ] } },
{ "type": "Feature", "properties": { "decimalLatitude": 52.75, "decimalLongitude": 5.1, "month": 3, "species_sci": "Anas acuta", "species_com": "Northern Pintail / Onagagamo" }, "geometry": { "type": "Point", "coordinates": [ 5.1, 52.75 ] } },
{ "type": "Feature", "properties": { "decimalLatitude": 56.2297, "decimalLongitude": 12.7767, "month": 3, "species_sci": "Anas acuta", "species_com": "Northern Pintail / Onagagamo" }, "geometry": { "type": "Point", "coordinates": [ 12.7767, 56.2297 ] } },
{ "type": "Feature", "properties": { "decimalLatitude": 51.65, "decimalLongitude": 3.8, "month": 3, "species_sci": "Anas acuta", "species_com": "Northern Pintail / Onagagamo" }, "geometry": { "type": "Point", "coordinates": [ 3.8, 51.65 ] } },
{ "type": "Feature", "properties": { "decimalLatitude": 52.65, "decimalLongitude": 4.7, "month": 3, "species_sci": "Anas acuta", "species_com": "Northern Pintail / Onagagamo" }, "geometry": { "type": "Point", "coordinates": [ 4.7, 52.65 ] } },
{ "type": "Feature", "properties": { "decimalLatitude": 52.4, "decimalLongitude": 5.25, "month": 3, "species_sci": "Anas acuta", "species_com": "Northern Pintail / Onagagamo" }, "geometry": { "type": "Point", "coordinates": [ 5.25, 52.4 ] } },
{ "type": "Feature", "properties": { "decimalLatitude": 56.9236, "decimalLongitude": 12.358, "month": 3, "species_sci": "Anas acuta", "species_com": "Northern Pintail / Onagagamo" }, "geometry": { "type": "Point", "coordinates": [ 12.358, 56.9236 ] } },
{ "type": "Feature", "properties": { "decimalLatitude": 52.05, "decimalLongitude": 4.4, "month": 3, "species_sci": "Anas acuta", "species_com": "Northern Pintail / Onagagamo" }, "geometry": { "type": "Point", "coordinates": [ 4.4, 52.05 ] } },
{ "type": "Feature", "properties": { "decimalLatitude": 51.65, "decimalLongitude": 3.8, "month": 3, "species_sci": "Anas acuta", "species_com": "Northern Pintail / Onagagamo" }, "geometry": { "type": "Point", "coordinates": [ 3.8, 51.65 ] } },
{ "type": "Feature", "properties": { "decimalLatitude": 53.2, "decimalLongitude": 6.1, "month": 3, "species_sci": "Anas acuta", "species_com": "Northern Pintail / Onagagamo" }, "geometry": { "type": "Point", "coordinates": [ 6.1, 53.2 ] } },
{ "type": "Feature", "properties": { "decimalLatitude": 52.05, "decimalLongitude": 4.4, "month": 3, "species_sci": "Anas acuta", "species_com": "Northern Pintail / Onagagamo" }, "geometry": { "type": "Point", "coordinates": [ 4.4, 52.05 ] } },
{ "type": "Feature", "properties": { "decimalLatitude": 52.25, "decimalLongitude": 4.9, "month": 3, "species_sci": "Anas acuta", "species_com": "Northern Pintail / Onagagamo" }, "geometry": { "type": "Point", "coordinates": [ 4.9, 52.25 ] } },
{ "type": "Feature", "properties": { "decimalLatitude": 60.3573, "decimalLongitude": 5.3574, "month": 3, "species_sci": "Anas acuta", "species_com": "Northern Pintail / Onagagamo" }, "geometry": { "type": "Point", "coordinates": [ 5.3574, 60.3573 ] } },
{ "type": "Feature", "properties": { "decimalLatitude": 59.1866, "decimalLongitude": 11.0803, "month": 3, "species_sci": "Anas acuta", "species_com": "Northern Pintail / Onagagamo" }, "geometry": { "type": "Point", "coordinates": [ 11.0803, 59.1866 ] } },
{ "type": "Feature", "properties": { "decimalLatitude": 57.1307, "decimalLongitude": 12.238, "month": 3, "species_sci": "Anas acuta", "species_com": "Northern Pintail / Onagagamo" }, "geometry": { "type": "Point", "coordinates": [ 12.238, 57.1307 ] } },
{ "type": "Feature", "properties": { "decimalLatitude": 51.95, "decimalLongitude": 5.6, "month": 3, "species_sci": "Anas acuta", "species_com": "Northern Pintail / Onagagamo" }, "geometry": { "type": "Point", "coordinates": [ 5.6, 51.95 ] } },
{ "type": "Feature", "properties": { "decimalLatitude": 51.95, "decimalLongitude": 4.75, "month": 3, "species_sci": "Anas acuta", "species_com": "Northern Pintail / Onagagamo" }, "geometry": { "type": "Point", "coordinates": [ 4.75, 51.95 ] } },
{ "type": "Feature", "properties": { "decimalLatitude": 52.15, "decimalLongitude": 4.45, "month": 3, "species_sci": "Anas acuta", "species_com": "Northern Pintail / Onagagamo" }, "geometry": { "type": "Point", "coordinates": [ 4.45, 52.15 ] } },
{ "type": "Feature", "properties": { "decimalLatitude": 51.65, "decimalLongitude": 3.8, "month": 3, "species_sci": "Anas acuta", "species_com": "Northern Pintail / Onagagamo" }, "geometry": { "type": "Point", "coordinates": [ 3.8, 51.65 ] } },
{ "type": "Feature", "properties": { "decimalLatitude": 52.1, "decimalLongitude": 6.05, "month": 3, "species_sci": "Anas acuta", "species_com": "Northern Pintail / Onagagamo" }, "geometry": { "type": "Point", "coordinates": [ 6.05, 52.1 ] } },
{ "type": "Feature", "properties": { "decimalLatitude": 56.5932, "decimalLongitude": 16.3918, "month": 3, "species_sci": "Anas acuta", "species_com": "Northern Pintail / Onagagamo" }, "geometry": { "type": "Point", "coordinates": [ 16.3918, 56.5932 ] } },
{ "type": "Feature", "properties": { "decimalLatitude": 51.4, "decimalLongitude": 5.85, "month": 3, "species_sci": "Anas acuta", "species_com": "Northern Pintail / Onagagamo" }, "geometry": { "type": "Point", "coordinates": [ 5.85, 51.4 ] } },
{ "type": "Feature", "properties": { "decimalLatitude": 55.7026, "decimalLongitude": 13.5307, "month": 3, "species_sci": "Anas acuta", "species_com": "Northern Pintail / Onagagamo" }, "geometry": { "type": "Point", "coordinates": [ 13.5307, 55.7026 ] } },
{ "type": "Feature", "properties": { "decimalLatitude": 59.5428, "decimalLongitude": 18.1552, "month": 4, "species_sci": "Anas acuta", "species_com": "Northern Pintail / Onagagamo" }, "geometry": { "type": "Point", "coordinates": [ 18.1552, 59.5428 ] } },
{ "type": "Feature", "properties": { "decimalLatitude": 56.4182, "decimalLongitude": 16.3987, "month": 4, "species_sci": "Anas acuta", "species_com": "Northern Pintail / Onagagamo" }, "geometry": { "type": "Point", "coordinates": [ 16.3987, 56.4182 ] } },
{ "type": "Feature", "properties": { "decimalLatitude": 52.9, "decimalLongitude": 4.75, "month": 4, "species_sci": "Anas acuta", "species_com": "Northern Pintail / Onagagamo" }, "geometry": { "type": "Point", "coordinates": [ 4.75, 52.9 ] } },
{ "type": "Feature", "properties": { "decimalLatitude": 55.0488, "decimalLongitude": 12.2173, "month": 4, "species_sci": "Anas acuta", "species_com": "Northern Pintail / Onagagamo" }, "geometry": { "type": "Point", "coordinates": [ 12.2173, 55.0488 ] } },
{ "type": "Feature", "properties": { "decimalLatitude": 59.5685, "decimalLongitude": 17.9234, "month": 4, "species_sci": "Anas acuta", "species_com": "Northern Pintail / Onagagamo" }, "geometry": { "type": "Point", "coordinates": [ 17.9234, 59.5685 ] } },
{ "type": "Feature", "properties": { "decimalLatitude": 56.4182, "decimalLongitude": 16.3987, "month": 4, "species_sci": "Anas acuta", "species_com": "Northern Pintail / Onagagamo" }, "geometry": { "type": "Point", "coordinates": [ 16.3987, 56.4182 ] } },
{ "type": "Feature", "properties": { "decimalLatitude": 52.0, "decimalLongitude": 4.45, "month": 4, "species_sci": "Anas acuta", "species_com": "Northern Pintail / Onagagamo" }, "geometry": { "type": "Point", "coordinates": [ 4.45, 52.0 ] } },
{ "type": "Feature", "properties": { "decimalLatitude": 53.0, "decimalLongitude": 4.75, "month": 4, "species_sci": "Anas acuta", "species_com": "Northern Pintail / Onagagamo" }, "geometry": { "type": "Point", "coordinates": [ 4.75, 53.0 ] } },
{ "type": "Feature", "properties": { "decimalLatitude": 58.3636, "decimalLongitude": 14.9155, "month": 4, "species_sci": "Anas acuta", "species_com": "Northern Pintail / Onagagamo" }, "geometry": { "type": "Point", "coordinates": [ 14.9155, 58.3636 ] } },
{ "type": "Feature", "properties": { "decimalLatitude": 51.95, "decimalLongitude": 5.6, "month": 4, "species_sci": "Anas acuta", "species_com": "Northern Pintail / Onagagamo" }, "geometry": { "type": "Point", "coordinates": [ 5.6, 51.95 ] } },
{ "type": "Feature", "properties": { "decimalLatitude": 52.15, "decimalLongitude": 4.8, "month": 4, "species_sci": "Anas acuta", "species_com": "Northern Pintail / Onagagamo" }, "geometry": { "type": "Point", "coordinates": [ 4.8, 52.15 ] } },
{ "type": "Feature", "properties": { "decimalLatitude": 58.1055, "decimalLongitude": 6.6031, "month": 4, "species_sci": "Anas acuta", "species_com": "Northern Pintail / Onagagamo" }, "geometry": { "type": "Point", "coordinates": [ 6.6031, 58.1055 ] } },
{ "type": "Feature", "properties": { "decimalLatitude": 56.4177, "decimalLongitude": 16.4048, "month": 4, "species_sci": "Anas acuta", "species_com": "Northern Pintail / Onagagamo" }, "geometry": { "type": "Point", "coordinates": [ 16.4048, 56.4177 ] } },
{ "type": "Feature", "properties": { "decimalLatitude": 51.95, "decimalLongitude": 5.5, "month": 4, "species_sci": "Anas acuta", "species_com": "Northern Pintail / Onagagamo" }, "geometry": { "type": "Point", "coordinates": [ 5.5, 51.95 ] } },
{ "type": "Feature", "properties": { "decimalLatitude": 58.272, "decimalLongitude": 13.4968, "month": 4, "species_sci": "Anas acuta", "species_com": "Northern Pintail / Onagagamo" }, "geometry": { "type": "Point", "coordinates": [ 13.4968, 58.272 ] } },
{ "type": "Feature", "properties": { "decimalLatitude": 55.5548, "decimalLongitude": 12.2335, "month": 4, "species_sci": "Anas acuta", "species_com": "Northern Pintail / Onagagamo" }, "geometry": { "type": "Point", "coordinates": [ 12.2335, 55.5548 ] } },
{ "type": "Feature", "properties": { "decimalLatitude": 53.25, "decimalLongitude": 5.8, "month": 4, "species_sci": "Anas acuta", "species_com": "Northern Pintail / Onagagamo" }, "geometry": { "type": "Point", "coordinates": [ 5.8, 53.25 ] } },
{ "type": "Feature", "properties": { "decimalLatitude": 58.1055, "decimalLongitude": 6.6031, "month": 4, "species_sci": "Anas acuta", "species_com": "Northern Pintail / Onagagamo" }, "geometry": { "type": "Point", "coordinates": [ 6.6031, 58.1055 ] } },
{ "type": "Feature", "properties": { "decimalLatitude": 61.1171, "decimalLongitude": 10.4363, "month": 4, "species_sci": "Anas acuta", "species_com": "Northern Pintail / Onagagamo" }, "geometry": { "type": "Point", "coordinates": [ 10.4363, 61.1171 ] } },
{ "type": "Feature", "properties": { "decimalLatitude": 56.2024, "decimalLongitude": 16.3973, "month": 4, "species_sci": "Anas acuta", "species_com": "Northern Pintail / Onagagamo" }, "geometry": { "type": "Point", "coordinates": [ 16.3973, 56.2024 ] } },
{ "type": "Feature", "properties": { "decimalLatitude": 53.3, "decimalLongitude": 6.15, "month": 4, "species_sci": "Anas acuta", "species_com": "Northern Pintail / Onagagamo" }, "geometry": { "type": "Point", "coordinates": [ 6.15, 53.3 ] } },
{ "type": "Feature", "properties": { "decimalLatitude": 56.9315, "decimalLongitude": 12.3483, "month": 4, "species_sci": "Anas acuta", "species_com": "Northern Pintail / Onagagamo" }, "geometry": { "type": "Point", "coordinates": [ 12.3483, 56.9315 ] } },
{ "type": "Feature", "properties": { "decimalLatitude": 27.8247, "decimalLongitude": -97.0821, "month": 4, "species_sci": "Anas acuta", "species_com": "Northern Pintail / Onagagamo" }, "geometry": { "type": "Point", "coordinates": [ -97.0821, 27.8247 ] } },
{ "type": "Feature", "properties": { "decimalLatitude": 52.05, "decimalLongitude": 4.4, "month": 4, "species_sci": "Anas acuta", "species_com": "Northern Pintail / Onagagamo" }, "geometry": { "type": "Point", "coordinates": [ 4.4, 52.05 ] } },
{ "type": "Feature", "properties": { "decimalLatitude": 58.1055, "decimalLongitude": 6.6031, "month": 4, "species_sci": "Anas acuta", "species_com": "Northern Pintail / Onagagamo" }, "geometry": { "type": "Point", "coordinates": [ 6.6031, 58.1055 ] } },
{ "type": "Feature", "properties": { "decimalLatitude": 53.4, "decimalLongitude": 6.15, "month": 4, "species_sci": "Anas acuta", "species_com": "Northern Pintail / Onagagamo" }, "geometry": { "type": "Point", "coordinates": [ 6.15, 53.4 ] } },
{ "type": "Feature", "properties": { "decimalLatitude": 59.4675, "decimalLongitude": 13.3839, "month": 4, "species_sci": "Anas acuta", "species_com": "Northern Pintail / Onagagamo" }, "geometry": { "type": "Point", "coordinates": [ 13.3839, 59.4675 ] } },
{ "type": "Feature", "properties": { "decimalLatitude": 56.6254, "decimalLongitude": 14.311, "month": 4, "species_sci": "Anas acuta", "species_com": "Northern Pintail / Onagagamo" }, "geometry": { "type": "Point", "coordinates": [ 14.311, 56.6254 ] } },
{ "type": "Feature", "properties": { "decimalLatitude": 55.4045, "decimalLongitude": 38.5865, "month": 4, "species_sci": "Anas acuta", "species_com": "Northern Pintail / Onagagamo" }, "geometry": { "type": "Point", "coordinates": [ 38.5865, 55.4045 ] } },
{ "type": "Feature", "properties": { "decimalLatitude": 67.1033, "decimalLongitude": 15.4233, "month": 4, "species_sci": "Anas acuta", "species_com": "Northern Pintail / Onagagamo" }, "geometry": { "type": "Point", "coordinates": [ 15.4233, 67.1033 ] } },
{ "type": "Feature", "properties": { "decimalLatitude": 52.15, "decimalLongitude": 4.8, "month": 4, "species_sci": "Anas acuta", "species_com": "Northern Pintail / Onagagamo" }, "geometry": { "type": "Point", "coordinates": [ 4.8, 52.15 ] } },
{ "type": "Feature", "properties": { "decimalLatitude": 56.196, "decimalLongitude": 16.3987, "month": 4, "species_sci": "Anas acuta", "species_com": "Northern Pintail / Onagagamo" }, "geometry": { "type": "Point", "coordinates": [ 16.3987, 56.196 ] } },
{ "type": "Feature", "properties": { "decimalLatitude": 52.45, "decimalLongitude": 5.4, "month": 4, "species_sci": "Anas acuta", "species_com": "Northern Pintail / Onagagamo" }, "geometry": { "type": "Point", "coordinates": [ 5.4, 52.45 ] } },
{ "type": "Feature", "properties": { "decimalLatitude": 63.4729, "decimalLongitude": 10.898, "month": 4, "species_sci": "Anas acuta", "species_com": "Northern Pintail / Onagagamo" }, "geometry": { "type": "Point", "coordinates": [ 10.898, 63.4729 ] } },
{ "type": "Feature", "properties": { "decimalLatitude": 44.3841, "decimalLongitude": -78.7146, "month": 4, "species_sci": "Anas acuta", "species_com": "Northern Pintail / Onagagamo" }, "geometry": { "type": "Point", "coordinates": [ -78.7146, 44.3841 ] } },
{ "type": "Feature", "properties": { "decimalLatitude": 55.1128, "decimalLongitude": 39.1542, "month": 4, "species_sci": "Anas acuta", "species_com": "Northern Pintail / Onagagamo" }, "geometry": { "type": "Point", "coordinates": [ 39.1542, 55.1128 ] } },
{ "type": "Feature", "properties": { "decimalLatitude": 56.5461, "decimalLongitude": 12.9473, "month": 4, "species_sci": "Anas acuta", "species_com": "Northern Pintail / Onagagamo" }, "geometry": { "type": "Point", "coordinates": [ 12.9473, 56.5461 ] } },
{ "type": "Feature", "properties": { "decimalLatitude": 55.8545, "decimalLongitude": 8.2386, "month": 4, "species_sci": "Anas acuta", "species_com": "Northern Pintail / Onagagamo" }, "geometry": { "type": "Point", "coordinates": [ 8.2386, 55.8545 ] } },
{ "type": "Feature", "properties": { "decimalLatitude": 59.8866, "decimalLongitude": 10.8298, "month": 4, "species_sci": "Anas acuta", "species_com": "Northern Pintail / Onagagamo" }, "geometry": { "type": "Point", "coordinates": [ 10.8298, 59.8866 ] } },
{ "type": "Feature", "properties": { "decimalLatitude": 52.8, "decimalLongitude": 6.4, "month": 4, "species_sci": "Anas acuta", "species_com": "Northern Pintail / Onagagamo" }, "geometry": { "type": "Point", "coordinates": [ 6.4, 52.8 ] } },
{ "type": "Feature", "properties": { "decimalLatitude": 60.3654, "decimalLongitude": 18.1507, "month": 4, "species_sci": "Anas acuta", "species_com": "Northern Pintail / Onagagamo" }, "geometry": { "type": "Point", "coordinates": [ 18.1507, 60.3654 ] } },
{ "type": "Feature", "properties": { "decimalLatitude": 44.646, "decimalLongitude": -1.033, "month": 4, "species_sci": "Anas acuta", "species_com": "Northern Pintail / Onagagamo" }, "geometry": { "type": "Point", "coordinates": [ -1.033, 44.646 ] } },
{ "type": "Feature", "properties": { "decimalLatitude": 51.65, "decimalLongitude": 5.2, "month": 4, "species_sci": "Anas acuta", "species_com": "Northern Pintail / Onagagamo" }, "geometry": { "type": "Point", "coordinates": [ 5.2, 51.65 ] } },
{ "type": "Feature", "properties": { "decimalLatitude": 63.7623, "decimalLongitude": 20.2719, "month": 4, "species_sci": "Anas acuta", "species_com": "Northern Pintail / Onagagamo" }, "geometry": { "type": "Point", "coordinates": [ 20.2719, 63.7623 ] } },
{ "type": "Feature", "properties": { "decimalLatitude": 43.7482, "decimalLongitude": -80.3538, "month": 4, "species_sci": "Anas acuta", "species_com": "Northern Pintail / Onagagamo" }, "geometry": { "type": "Point", "coordinates": [ -80.3538, 43.7482 ] } },
{ "type": "Feature", "properties": { "decimalLatitude": 30.4385, "decimalLongitude": -97.5747, "month": 4, "species_sci": "Anas acuta", "species_com": "Northern Pintail / Onagagamo" }, "geometry": { "type": "Point", "coordinates": [ -97.5747, 30.4385 ] } },
{ "type": "Feature", "properties": { "decimalLatitude": 51.75, "decimalLongitude": 4.65, "month": 4, "species_sci": "Anas acuta", "species_com": "Northern Pintail / Onagagamo" }, "geometry": { "type": "Point", "coordinates": [ 4.65, 51.75 ] } },
{ "type": "Feature", "properties": { "decimalLatitude": 63.3413, "decimalLongitude": 10.2239, "month": 4, "species_sci": "Anas acuta", "species_com": "Northern Pintail / Onagagamo" }, "geometry": { "type": "Point", "coordinates": [ 10.2239, 63.3413 ] } },
{ "type": "Feature", "properties": { "decimalLatitude": 61.1171, "decimalLongitude": 10.4363, "month": 4, "species_sci": "Anas acuta", "species_com": "Northern Pintail / Onagagamo" }, "geometry": { "type": "Point", "coordinates": [ 10.4363, 61.1171 ] } },
{ "type": "Feature", "properties": { "decimalLatitude": 58.9622, "decimalLongitude": 17.543, "month": 4, "species_sci": "Anas acuta", "species_com": "Northern Pintail / Onagagamo" }, "geometry": { "type": "Point", "coordinates": [ 17.543, 58.9622 ] } },
{ "type": "Feature", "properties": { "decimalLatitude": 58.7285, "decimalLongitude": 5.5442, "month": 4, "species_sci": "Anas acuta", "species_com": "Northern Pintail / Onagagamo" }, "geometry": { "type": "Point", "coordinates": [ 5.5442, 58.7285 ] } },
{ "type": "Feature", "properties": { "decimalLatitude": 52.45, "decimalLongitude": 5.4, "month": 4, "species_sci": "Anas acuta", "species_com": "Northern Pintail / Onagagamo" }, "geometry": { "type": "Point", "coordinates": [ 5.4, 52.45 ] } },
{ "type": "Feature", "properties": { "decimalLatitude": 60.7629, "decimalLongitude": 11.2278, "month": 4, "species_sci": "Anas acuta", "species_com": "Northern Pintail / Onagagamo" }, "geometry": { "type": "Point", "coordinates": [ 11.2278, 60.7629 ] } },
{ "type": "Feature", "properties": { "decimalLatitude": 52.25, "decimalLongitude": 5.45, "month": 4, "species_sci": "Anas acuta", "species_com": "Northern Pintail / Onagagamo" }, "geometry": { "type": "Point", "coordinates": [ 5.45, 52.25 ] } },
{ "type": "Feature", "properties": { "decimalLatitude": 52.45, "decimalLongitude": 5.4, "month": 4, "species_sci": "Anas acuta", "species_com": "Northern Pintail / Onagagamo" }, "geometry": { "type": "Point", "coordinates": [ 5.4, 52.45 ] } },
{ "type": "Feature", "properties": { "decimalLatitude": 51.35, "decimalLongitude": 3.6, "month": 4, "species_sci": "Anas acuta", "species_com": "Northern Pintail / Onagagamo" }, "geometry": { "type": "Point", "coordinates": [ 3.6, 51.35 ] } },
{ "type": "Feature", "properties": { "decimalLatitude": 51.4, "decimalLongitude": 4.5, "month": 4, "species_sci": "Anas acuta", "species_com": "Northern Pintail / Onagagamo" }, "geometry": { "type": "Point", "coordinates": [ 4.5, 51.4 ] } },
{ "type": "Feature", "properties": { "decimalLatitude": 63.3413, "decimalLongitude": 10.2239, "month": 4, "species_sci": "Anas acuta", "species_com": "Northern Pintail / Onagagamo" }, "geometry": { "type": "Point", "coordinates": [ 10.2239, 63.3413 ] } },
{ "type": "Feature", "properties": { "decimalLatitude": 53.35, "decimalLongitude": 6.15, "month": 4, "species_sci": "Anas acuta", "species_com": "Northern Pintail / Onagagamo" }, "geometry": { "type": "Point", "coordinates": [ 6.15, 53.35 ] } },
{ "type": "Feature", "properties": { "decimalLatitude": 67.5177, "decimalLongitude": 12.0926, "month": 4, "species_sci": "Anas acuta", "species_com": "Northern Pintail / Onagagamo" }, "geometry": { "type": "Point", "coordinates": [ 12.0926, 67.5177 ] } },
{ "type": "Feature", "properties": { "decimalLatitude": 56.2024, "decimalLongitude": 16.3973, "month": 4, "species_sci": "Anas acuta", "species_com": "Northern Pintail / Onagagamo" }, "geometry": { "type": "Point", "coordinates": [ 16.3973, 56.2024 ] } },
{ "type": "Feature", "properties": { "decimalLatitude": 55.1145, "decimalLongitude": 39.16, "month": 4, "species_sci": "Anas acuta", "species_com": "Northern Pintail / Onagagamo" }, "geometry": { "type": "Point", "coordinates": [ 39.16, 55.1145 ] } },
{ "type": "Feature", "properties": { "decimalLatitude": 57.3008, "decimalLongitude": 13.9329, "month": 4, "species_sci": "Anas acuta", "species_com": "Northern Pintail / Onagagamo" }, "geometry": { "type": "Point", "coordinates": [ 13.9329, 57.3008 ] } },
{ "type": "Feature", "properties": { "decimalLatitude": 63.3428, "decimalLongitude": 10.2125, "month": 4, "species_sci": "Anas acuta", "species_com": "Northern Pintail / Onagagamo" }, "geometry": { "type": "Point", "coordinates": [ 10.2125, 63.3428 ] } },
{ "type": "Feature", "properties": { "decimalLatitude": 51.75, "decimalLongitude": 4.7, "month": 4, "species_sci": "Anas acuta", "species_com": "Northern Pintail / Onagagamo" }, "geometry": { "type": "Point", "coordinates": [ 4.7, 51.75 ] } },
{ "type": "Feature", "properties": { "decimalLatitude": 51.95, "decimalLongitude": 4.55, "month": 4, "species_sci": "Anas acuta", "species_com": "Northern Pintail / Onagagamo" }, "geometry": { "type": "Point", "coordinates": [ 4.55, 51.95 ] } },
{ "type": "Feature", "properties": { "decimalLatitude": 50.7199, "decimalLongitude": -120.5222, "month": 4, "species_sci": "Anas acuta", "species_com": "Northern Pintail / Onagagamo" }, "geometry": { "type": "Point", "coordinates": [ -120.5222, 50.7199 ] } },
{ "type": "Feature", "properties": { "decimalLatitude": 59.6653, "decimalLongitude": 11.3903, "month": 4, "species_sci": "Anas acuta", "species_com": "Northern Pintail / Onagagamo" }, "geometry": { "type": "Point", "coordinates": [ 11.3903, 59.6653 ] } },
{ "type": "Feature", "properties": { "decimalLatitude": 53.0, "decimalLongitude": 4.75, "month": 4, "species_sci": "Anas acuta", "species_com": "Northern Pintail / Onagagamo" }, "geometry": { "type": "Point", "coordinates": [ 4.75, 53.0 ] } },
{ "type": "Feature", "properties": { "decimalLatitude": 63.4633, "decimalLongitude": 10.9078, "month": 4, "species_sci": "Anas acuta", "species_com": "Northern Pintail / Onagagamo" }, "geometry": { "type": "Point", "coordinates": [ 10.9078, 63.4633 ] } },
{ "type": "Feature", "properties": { "decimalLatitude": 54.4331, "decimalLongitude": 12.8242, "month": 4, "species_sci": "Anas acuta", "species_com": "Northern Pintail / Onagagamo" }, "geometry": { "type": "Point", "coordinates": [ 12.8242, 54.4331 ] } },
{ "type": "Feature", "properties": { "decimalLatitude": 55.4991, "decimalLongitude": 12.2055, "month": 4, "species_sci": "Anas acuta", "species_com": "Northern Pintail / Onagagamo" }, "geometry": { "type": "Point", "coordinates": [ 12.2055, 55.4991 ] } },
{ "type": "Feature", "properties": { "decimalLatitude": 60.5094, "decimalLongitude": 17.7178, "month": 4, "species_sci": "Anas acuta", "species_com": "Northern Pintail / Onagagamo" }, "geometry": { "type": "Point", "coordinates": [ 17.7178, 60.5094 ] } },
{ "type": "Feature", "properties": { "decimalLatitude": 52.0, "decimalLongitude": 4.1, "month": 4, "species_sci": "Anas acuta", "species_com": "Northern Pintail / Onagagamo" }, "geometry": { "type": "Point", "coordinates": [ 4.1, 52.0 ] } },
{ "type": "Feature", "properties": { "decimalLatitude": 53.0, "decimalLongitude": 4.75, "month": 4, "species_sci": "Anas acuta", "species_com": "Northern Pintail / Onagagamo" }, "geometry": { "type": "Point", "coordinates": [ 4.75, 53.0 ] } },
{ "type": "Feature", "properties": { "decimalLatitude": 56.5932, "decimalLongitude": 16.3918, "month": 4, "species_sci": "Anas acuta", "species_com": "Northern Pintail / Onagagamo" }, "geometry": { "type": "Point", "coordinates": [ 16.3918, 56.5932 ] } },
{ "type": "Feature", "properties": { "decimalLatitude": 52.95, "decimalLongitude": 6.8, "month": 4, "species_sci": "Anas acuta", "species_com": "Northern Pintail / Onagagamo" }, "geometry": { "type": "Point", "coordinates": [ 6.8, 52.95 ] } },
{ "type": "Feature", "properties": { "decimalLatitude": 59.883, "decimalLongitude": 10.831, "month": 4, "species_sci": "Anas acuta", "species_com": "Northern Pintail / Onagagamo" }, "geometry": { "type": "Point", "coordinates": [ 10.831, 59.883 ] } },
{ "type": "Feature", "properties": { "decimalLatitude": 58.2775, "decimalLongitude": 13.4907, "month": 4, "species_sci": "Anas acuta", "species_com": "Northern Pintail / Onagagamo" }, "geometry": { "type": "Point", "coordinates": [ 13.4907, 58.2775 ] } },
{ "type": "Feature", "properties": { "decimalLatitude": 55.4821, "decimalLongitude": 37.6892, "month": 4, "species_sci": "Anas acuta", "species_com": "Northern Pintail / Onagagamo" }, "geometry": { "type": "Point", "coordinates": [ 37.6892, 55.4821 ] } },
{ "type": "Feature", "properties": { "decimalLatitude": 63.4633, "decimalLongitude": 10.9078, "month": 4, "species_sci": "Anas acuta", "species_com": "Northern Pintail / Onagagamo" }, "geometry": { "type": "Point", "coordinates": [ 10.9078, 63.4633 ] } },
{ "type": "Feature", "properties": { "decimalLatitude": 53.0, "decimalLongitude": 4.75, "month": 4, "species_sci": "Anas acuta", "species_com": "Northern Pintail / Onagagamo" }, "geometry": { "type": "Point", "coordinates": [ 4.75, 53.0 ] } },
{ "type": "Feature", "properties": { "decimalLatitude": 59.3928, "decimalLongitude": 10.4425, "month": 4, "species_sci": "Anas acuta", "species_com": "Northern Pintail / Onagagamo" }, "geometry": { "type": "Point", "coordinates": [ 10.4425, 59.3928 ] } },
{ "type": "Feature", "properties": { "decimalLatitude": 56.357, "decimalLongitude": 16.4063, "month": 4, "species_sci": "Anas acuta", "species_com": "Northern Pintail / Onagagamo" }, "geometry": { "type": "Point", "coordinates": [ 16.4063, 56.357 ] } },
{ "type": "Feature", "properties": { "decimalLatitude": 58.2775, "decimalLongitude": 13.4907, "month": 4, "species_sci": "Anas acuta", "species_com": "Northern Pintail / Onagagamo" }, "geometry": { "type": "Point", "coordinates": [ 13.4907, 58.2775 ] } },
{ "type": "Feature", "properties": { "decimalLatitude": 56.6261, "decimalLongitude": 12.9198, "month": 4, "species_sci": "Anas acuta", "species_com": "Northern Pintail / Onagagamo" }, "geometry": { "type": "Point", "coordinates": [ 12.9198, 56.6261 ] } },
{ "type": "Feature", "properties": { "decimalLatitude": 51.75, "decimalLongitude": 4.7, "month": 4, "species_sci": "Anas acuta", "species_com": "Northern Pintail / Onagagamo" }, "geometry": { "type": "Point", "coordinates": [ 4.7, 51.75 ] } },
{ "type": "Feature", "properties": { "decimalLatitude": 59.871, "decimalLongitude": 11.1378, "month": 4, "species_sci": "Anas acuta", "species_com": "Northern Pintail / Onagagamo" }, "geometry": { "type": "Point", "coordinates": [ 11.1378, 59.871 ] } },
{ "type": "Feature", "properties": { "decimalLatitude": 53.0, "decimalLongitude": 4.75, "month": 4, "species_sci": "Anas acuta", "species_com": "Northern Pintail / Onagagamo" }, "geometry": { "type": "Point", "coordinates": [ 4.75, 53.0 ] } },
{ "type": "Feature", "properties": { "decimalLatitude": 54.6449, "decimalLongitude": 11.9405, "month": 4, "species_sci": "Anas acuta", "species_com": "Northern Pintail / Onagagamo" }, "geometry": { "type": "Point", "coordinates": [ 11.9405, 54.6449 ] } },
{ "type": "Feature", "properties": { "decimalLatitude": 51.65, "decimalLongitude": 5.2, "month": 4, "species_sci": "Anas acuta", "species_com": "Northern Pintail / Onagagamo" }, "geometry": { "type": "Point", "coordinates": [ 5.2, 51.65 ] } },
{ "type": "Feature", "properties": { "decimalLatitude": 58.1028, "decimalLongitude": 6.6026, "month": 4, "species_sci": "Anas acuta", "species_com": "Northern Pintail / Onagagamo" }, "geometry": { "type": "Point", "coordinates": [ 6.6026, 58.1028 ] } },
{ "type": "Feature", "properties": { "decimalLatitude": 59.7436, "decimalLongitude": 16.1793, "month": 4, "species_sci": "Anas acuta", "species_com": "Northern Pintail / Onagagamo" }, "geometry": { "type": "Point", "coordinates": [ 16.1793, 59.7436 ] } },
{ "type": "Feature", "properties": { "decimalLatitude": 65.3277, "decimalLongitude": 21.3887, "month": 4, "species_sci": "Anas acuta", "species_com": "Northern Pintail / Onagagamo" }, "geometry": { "type": "Point", "coordinates": [ 21.3887, 65.3277 ] } },
{ "type": "Feature", "properties": { "decimalLatitude": 56.357, "decimalLongitude": 16.4063, "month": 4, "species_sci": "Anas acuta", "species_com": "Northern Pintail / Onagagamo" }, "geometry": { "type": "Point", "coordinates": [ 16.4063, 56.357 ] } },
{ "type": "Feature", "properties": { "decimalLatitude": 63.2206, "decimalLongitude": 11.0096, "month": 4, "species_sci": "Anas acuta", "species_com": "Northern Pintail / Onagagamo" }, "geometry": { "type": "Point", "coordinates": [ 11.0096, 63.2206 ] } },
{ "type": "Feature", "properties": { "decimalLatitude": 56.4182, "decimalLongitude": 16.3987, "month": 4, "species_sci": "Anas acuta", "species_com": "Northern Pintail / Onagagamo" }, "geometry": { "type": "Point", "coordinates": [ 16.3987, 56.4182 ] } },
{ "type": "Feature", "properties": { "decimalLatitude": 52.05, "decimalLongitude": 4.4, "month": 4, "species_sci": "Anas acuta", "species_com": "Northern Pintail / Onagagamo" }, "geometry": { "type": "Point", "coordinates": [ 4.4, 52.05 ] } },
{ "type": "Feature", "properties": { "decimalLatitude": 54.4442, "decimalLongitude": 12.9034, "month": 4, "species_sci": "Anas acuta", "species_com": "Northern Pintail / Onagagamo" }, "geometry": { "type": "Point", "coordinates": [ 12.9034, 54.4442 ] } },
{ "type": "Feature", "properties": { "decimalLatitude": 56.1964, "decimalLongitude": 16.3993, "month": 4, "species_sci": "Anas acuta", "species_com": "Northern Pintail / Onagagamo" }, "geometry": { "type": "Point", "coordinates": [ 16.3993, 56.1964 ] } },
{ "type": "Feature", "properties": { "decimalLatitude": 56.4563, "decimalLongitude": 9.9833, "month": 4, "species_sci": "Anas acuta", "species_com": "Northern Pintail / Onagagamo" }, "geometry": { "type": "Point", "coordinates": [ 9.9833, 56.4563 ] } },
{ "type": "Feature", "properties": { "decimalLatitude": 63.4659, "decimalLongitude": 10.9086, "month": 4, "species_sci": "Anas acuta", "species_com": "Northern Pintail / Onagagamo" }, "geometry": { "type": "Point", "coordinates": [ 10.9086, 63.4659 ] } },
{ "type": "Feature", "properties": { "decimalLatitude": 59.229, "decimalLongitude": 9.6162, "month": 4, "species_sci": "Anas acuta", "species_com": "Northern Pintail / Onagagamo" }, "geometry": { "type": "Point", "coordinates": [ 9.6162, 59.229 ] } },
{ "type": "Feature", "properties": { "decimalLatitude": 52.2, "decimalLongitude": 5.4, "month": 4, "species_sci": "Anas acuta", "species_com": "Northern Pintail / Onagagamo" }, "geometry": { "type": "Point", "coordinates": [ 5.4, 52.2 ] } },
{ "type": "Feature", "properties": { "decimalLatitude": 61.1174, "decimalLongitude": 16.7993, "month": 4, "species_sci": "Anas acuta", "species_com": "Northern Pintail / Onagagamo" }, "geometry": { "type": "Point", "coordinates": [ 16.7993, 61.1174 ] } },
{ "type": "Feature", "properties": { "decimalLatitude": 52.45, "decimalLongitude": 5.4, "month": 4, "species_sci": "Anas acuta", "species_com": "Northern Pintail / Onagagamo" }, "geometry": { "type": "Point", "coordinates": [ 5.4, 52.45 ] } },
{ "type": "Feature", "properties": { "decimalLatitude": 49.218, "decimalLongitude": -123.2073, "month": 4, "species_sci": "Anas acuta", "species_com": "Northern Pintail / Onagagamo" }, "geometry": { "type": "Point", "coordinates": [ -123.2073, 49.218 ] } },
{ "type": "Feature", "properties": { "decimalLatitude": 51.3, "decimalLongitude": 5.75, "month": 4, "species_sci": "Anas acuta", "species_com": "Northern Pintail / Onagagamo" }, "geometry": { "type": "Point", "coordinates": [ 5.75, 51.3 ] } },
{ "type": "Feature", "properties": { "decimalLatitude": 63.7623, "decimalLongitude": 20.2719, "month": 4, "species_sci": "Anas acuta", "species_com": "Northern Pintail / Onagagamo" }, "geometry": { "type": "Point", "coordinates": [ 20.2719, 63.7623 ] } },
{ "type": "Feature", "properties": { "decimalLatitude": 51.3, "decimalLongitude": 5.75, "month": 4, "species_sci": "Anas acuta", "species_com": "Northern Pintail / Onagagamo" }, "geometry": { "type": "Point", "coordinates": [ 5.75, 51.3 ] } },
{ "type": "Feature", "properties": { "decimalLatitude": 55.7272, "decimalLongitude": 12.9968, "month": 4, "species_sci": "Anas acuta", "species_com": "Northern Pintail / Onagagamo" }, "geometry": { "type": "Point", "coordinates": [ 12.9968, 55.7272 ] } },
{ "type": "Feature", "properties": { "decimalLatitude": 59.1701, "decimalLongitude": 15.4185, "month": 4, "species_sci": "Anas acuta", "species_com": "Northern Pintail / Onagagamo" }, "geometry": { "type": "Point", "coordinates": [ 15.4185, 59.1701 ] } },
{ "type": "Feature", "properties": { "decimalLatitude": 58.5107, "decimalLongitude": 13.1698, "month": 4, "species_sci": "Anas acuta", "species_com": "Northern Pintail / Onagagamo" }, "geometry": { "type": "Point", "coordinates": [ 13.1698, 58.5107 ] } },
{ "type": "Feature", "properties": { "decimalLatitude": 61.1171, "decimalLongitude": 10.4363, "month": 4, "species_sci": "Anas acuta", "species_com": "Northern Pintail / Onagagamo" }, "geometry": { "type": "Point", "coordinates": [ 10.4363, 61.1171 ] } },
{ "type": "Feature", "properties": { "decimalLatitude": 56.7414, "decimalLongitude": 12.6243, "month": 4, "species_sci": "Anas acuta", "species_com": "Northern Pintail / Onagagamo" }, "geometry": { "type": "Point", "coordinates": [ 12.6243, 56.7414 ] } },
{ "type": "Feature", "properties": { "decimalLatitude": 63.3172, "decimalLongitude": 9.8261, "month": 4, "species_sci": "Anas acuta", "species_com": "Northern Pintail / Onagagamo" }, "geometry": { "type": "Point", "coordinates": [ 9.8261, 63.3172 ] } },
{ "type": "Feature", "properties": { "decimalLatitude": 63.7623, "decimalLongitude": 20.2719, "month": 4, "species_sci": "Anas acuta", "species_com": "Northern Pintail / Onagagamo" }, "geometry": { "type": "Point", "coordinates": [ 20.2719, 63.7623 ] } },
{ "type": "Feature", "properties": { "decimalLatitude": 56.3414, "decimalLongitude": 16.4068, "month": 4, "species_sci": "Anas acuta", "species_com": "Northern Pintail / Onagagamo" }, "geometry": { "type": "Point", "coordinates": [ 16.4068, 56.3414 ] } },
{ "type": "Feature", "properties": { "decimalLatitude": 53.15, "decimalLongitude": 6.0, "month": 4, "species_sci": "Anas acuta", "species_com": "Northern Pintail / Onagagamo" }, "geometry": { "type": "Point", "coordinates": [ 6.0, 53.15 ] } },
{ "type": "Feature", "properties": { "decimalLatitude": 58.4649, "decimalLongitude": 15.55, "month": 4, "species_sci": "Anas acuta", "species_com": "Northern Pintail / Onagagamo" }, "geometry": { "type": "Point", "coordinates": [ 15.55, 58.4649 ] } },
{ "type": "Feature", "properties": { "decimalLatitude": 51.65, "decimalLongitude": 5.25, "month": 4, "species_sci": "Anas acuta", "species_com": "Northern Pintail / Onagagamo" }, "geometry": { "type": "Point", "coordinates": [ 5.25, 51.65 ] } },
{ "type": "Feature", "properties": { "decimalLatitude": 51.3, "decimalLongitude": 5.75, "month": 4, "species_sci": "Anas acuta", "species_com": "Northern Pintail / Onagagamo" }, "geometry": { "type": "Point", "coordinates": [ 5.75, 51.3 ] } },
{ "type": "Feature", "properties": { "decimalLatitude": 51.95, "decimalLongitude": 5.6, "month": 4, "species_sci": "Anas acuta", "species_com": "Northern Pintail / Onagagamo" }, "geometry": { "type": "Point", "coordinates": [ 5.6, 51.95 ] } },
{ "type": "Feature", "properties": { "decimalLatitude": 63.5399, "decimalLongitude": 10.7962, "month": 4, "species_sci": "Anas acuta", "species_com": "Northern Pintail / Onagagamo" }, "geometry": { "type": "Point", "coordinates": [ 10.7962, 63.5399 ] } },
{ "type": "Feature", "properties": { "decimalLatitude": 58.463, "decimalLongitude": 15.5692, "month": 4, "species_sci": "Anas acuta", "species_com": "Northern Pintail / Onagagamo" }, "geometry": { "type": "Point", "coordinates": [ 15.5692, 58.463 ] } },
{ "type": "Feature", "properties": { "decimalLatitude": 58.2775, "decimalLongitude": 13.4907, "month": 4, "species_sci": "Anas acuta", "species_com": "Northern Pintail / Onagagamo" }, "geometry": { "type": "Point", "coordinates": [ 13.4907, 58.2775 ] } },
{ "type": "Feature", "properties": { "decimalLatitude": 51.3, "decimalLongitude": 5.75, "month": 4, "species_sci": "Anas acuta", "species_com": "Northern Pintail / Onagagamo" }, "geometry": { "type": "Point", "coordinates": [ 5.75, 51.3 ] } },
{ "type": "Feature", "properties": { "decimalLatitude": 58.4592, "decimalLongitude": 15.565, "month": 4, "species_sci": "Anas acuta", "species_com": "Northern Pintail / Onagagamo" }, "geometry": { "type": "Point", "coordinates": [ 15.565, 58.4592 ] } },
{ "type": "Feature", "properties": { "decimalLatitude": 58.8316, "decimalLongitude": 5.5797, "month": 4, "species_sci": "Anas acuta", "species_com": "Northern Pintail / Onagagamo" }, "geometry": { "type": "Point", "coordinates": [ 5.5797, 58.8316 ] } },
{ "type": "Feature", "properties": { "decimalLatitude": 52.45, "decimalLongitude": 5.4, "month": 4, "species_sci": "Anas acuta", "species_com": "Northern Pintail / Onagagamo" }, "geometry": { "type": "Point", "coordinates": [ 5.4, 52.45 ] } },
{ "type": "Feature", "properties": { "decimalLatitude": 57.0486, "decimalLongitude": 9.088, "month": 4, "species_sci": "Anas acuta", "species_com": "Northern Pintail / Onagagamo" }, "geometry": { "type": "Point", "coordinates": [ 9.088, 57.0486 ] } },
{ "type": "Feature", "properties": { "decimalLatitude": 59.5428, "decimalLongitude": 18.1552, "month": 4, "species_sci": "Anas acuta", "species_com": "Northern Pintail / Onagagamo" }, "geometry": { "type": "Point", "coordinates": [ 18.1552, 59.5428 ] } },
{ "type": "Feature", "properties": { "decimalLatitude": 51.7, "decimalLongitude": 4.35, "month": 4, "species_sci": "Anas acuta", "species_com": "Northern Pintail / Onagagamo" }, "geometry": { "type": "Point", "coordinates": [ 4.35, 51.7 ] } },
{ "type": "Feature", "properties": { "decimalLatitude": 56.4182, "decimalLongitude": 16.3987, "month": 4, "species_sci": "Anas acuta", "species_com": "Northern Pintail / Onagagamo" }, "geometry": { "type": "Point", "coordinates": [ 16.3987, 56.4182 ] } },
{ "type": "Feature", "properties": { "decimalLatitude": 56.2959, "decimalLongitude": 16.5081, "month": 4, "species_sci": "Anas acuta", "species_com": "Northern Pintail / Onagagamo" }, "geometry": { "type": "Point", "coordinates": [ 16.5081, 56.2959 ] } },
{ "type": "Feature", "properties": { "decimalLatitude": 52.15, "decimalLongitude": 4.45, "month": 4, "species_sci": "Anas acuta", "species_com": "Northern Pintail / Onagagamo" }, "geometry": { "type": "Point", "coordinates": [ 4.45, 52.15 ] } },
{ "type": "Feature", "properties": { "decimalLatitude": 56.6292, "decimalLongitude": 10.3608, "month": 4, "species_sci": "Anas acuta", "species_com": "Northern Pintail / Onagagamo" }, "geometry": { "type": "Point", "coordinates": [ 10.3608, 56.6292 ] } },
{ "type": "Feature", "properties": { "decimalLatitude": 60.2703, "decimalLongitude": 16.0194, "month": 4, "species_sci": "Anas acuta", "species_com": "Northern Pintail / Onagagamo" }, "geometry": { "type": "Point", "coordinates": [ 16.0194, 60.2703 ] } },
{ "type": "Feature", "properties": { "decimalLatitude": 58.1028, "decimalLongitude": 6.6026, "month": 4, "species_sci": "Anas acuta", "species_com": "Northern Pintail / Onagagamo" }, "geometry": { "type": "Point", "coordinates": [ 6.6026, 58.1028 ] } },
{ "type": "Feature", "properties": { "decimalLatitude": 52.05, "decimalLongitude": 4.4, "month": 4, "species_sci": "Anas acuta", "species_com": "Northern Pintail / Onagagamo" }, "geometry": { "type": "Point", "coordinates": [ 4.4, 52.05 ] } },
{ "type": "Feature", "properties": { "decimalLatitude": 51.65, "decimalLongitude": 3.8, "month": 4, "species_sci": "Anas acuta", "species_com": "Northern Pintail / Onagagamo" }, "geometry": { "type": "Point", "coordinates": [ 3.8, 51.65 ] } },
{ "type": "Feature", "properties": { "decimalLatitude": 55.7273, "decimalLongitude": 12.9968, "month": 4, "species_sci": "Anas acuta", "species_com": "Northern Pintail / Onagagamo" }, "geometry": { "type": "Point", "coordinates": [ 12.9968, 55.7273 ] } },
{ "type": "Feature", "properties": { "decimalLatitude": 45.8437, "decimalLongitude": 25.555, "month": 4, "species_sci": "Anas acuta", "species_com": "Northern Pintail / Onagagamo" }, "geometry": { "type": "Point", "coordinates": [ 25.555, 45.8437 ] } },
{ "type": "Feature", "properties": { "decimalLatitude": 51.3, "decimalLongitude": 5.75, "month": 4, "species_sci": "Anas acuta", "species_com": "Northern Pintail / Onagagamo" }, "geometry": { "type": "Point", "coordinates": [ 5.75, 51.3 ] } },
{ "type": "Feature", "properties": { "decimalLatitude": 59.5428, "decimalLongitude": 18.1552, "month": 4, "species_sci": "Anas acuta", "species_com": "Northern Pintail / Onagagamo" }, "geometry": { "type": "Point", "coordinates": [ 18.1552, 59.5428 ] } },
{ "type": "Feature", "properties": { "decimalLatitude": 46.7916, "decimalLongitude": 1.1864, "month": 4, "species_sci": "Anas acuta", "species_com": "Northern Pintail / Onagagamo" }, "geometry": { "type": "Point", "coordinates": [ 1.1864, 46.7916 ] } },
{ "type": "Feature", "properties": { "decimalLatitude": 56.2279, "decimalLongitude": 12.7751, "month": 4, "species_sci": "Anas acuta", "species_com": "Northern Pintail / Onagagamo" }, "geometry": { "type": "Point", "coordinates": [ 12.7751, 56.2279 ] } },
{ "type": "Feature", "properties": { "decimalLatitude": 50.369, "decimalLongitude": 8.8824, "month": 4, "species_sci": "Anas acuta", "species_com": "Northern Pintail / Onagagamo" }, "geometry": { "type": "Point", "coordinates": [ 8.8824, 50.369 ] } },
{ "type": "Feature", "properties": { "decimalLatitude": 61.1171, "decimalLongitude": 10.4363, "month": 4, "species_sci": "Anas acuta", "species_com": "Northern Pintail / Onagagamo" }, "geometry": { "type": "Point", "coordinates": [ 10.4363, 61.1171 ] } },
{ "type": "Feature", "properties": { "decimalLatitude": 59.582, "decimalLongitude": 17.9171, "month": 4, "species_sci": "Anas acuta", "species_com": "Northern Pintail / Onagagamo" }, "geometry": { "type": "Point", "coordinates": [ 17.9171, 59.582 ] } },
{ "type": "Feature", "properties": { "decimalLatitude": 49.0961, "decimalLongitude": -123.1839, "month": 5, "species_sci": "Anas acuta", "species_com": "Northern Pintail / Onagagamo" }, "geometry": { "type": "Point", "coordinates": [ -123.1839, 49.0961 ] } },
{ "type": "Feature", "properties": { "decimalLatitude": 67.8398, "decimalLongitude": 20.2362, "month": 5, "species_sci": "Anas acuta", "species_com": "Northern Pintail / Onagagamo" }, "geometry": { "type": "Point", "coordinates": [ 20.2362, 67.8398 ] } },
{ "type": "Feature", "properties": { "decimalLatitude": 63.6689, "decimalLongitude": 20.0313, "month": 5, "species_sci": "Anas acuta", "species_com": "Northern Pintail / Onagagamo" }, "geometry": { "type": "Point", "coordinates": [ 20.0313, 63.6689 ] } },
{ "type": "Feature", "properties": { "decimalLatitude": 56.546, "decimalLongitude": 8.7605, "month": 5, "species_sci": "Anas acuta", "species_com": "Northern Pintail / Onagagamo" }, "geometry": { "type": "Point", "coordinates": [ 8.7605, 56.546 ] } },
{ "type": "Feature", "properties": { "decimalLatitude": 49.48, "decimalLongitude": -123.7578, "month": 5, "species_sci": "Anas acuta", "species_com": "Northern Pintail / Onagagamo" }, "geometry": { "type": "Point", "coordinates": [ -123.7578, 49.48 ] } },
{ "type": "Feature", "properties": { "decimalLatitude": 66.59, "decimalLongitude": 19.9101, "month": 5, "species_sci": "Anas acuta", "species_com": "Northern Pintail / Onagagamo" }, "geometry": { "type": "Point", "coordinates": [ 19.9101, 66.59 ] } },
{ "type": "Feature", "properties": { "decimalLatitude": 63.4744, "decimalLongitude": 14.0369, "month": 5, "species_sci": "Anas acuta", "species_com": "Northern Pintail / Onagagamo" }, "geometry": { "type": "Point", "coordinates": [ 14.0369, 63.4744 ] } },
{ "type": "Feature", "properties": { "decimalLatitude": 67.7451, "decimalLongitude": 20.0195, "month": 5, "species_sci": "Anas acuta", "species_com": "Northern Pintail / Onagagamo" }, "geometry": { "type": "Point", "coordinates": [ 20.0195, 67.7451 ] } },
{ "type": "Feature", "properties": { "decimalLatitude": 52.7177, "decimalLongitude": 81.5879, "month": 5, "species_sci": "Anas acuta", "species_com": "Northern Pintail / Onagagamo" }, "geometry": { "type": "Point", "coordinates": [ 81.5879, 52.7177 ] } },
{ "type": "Feature", "properties": { "decimalLatitude": 58.6123, "decimalLongitude": 49.2061, "month": 5, "species_sci": "Anas acuta", "species_com": "Northern Pintail / Onagagamo" }, "geometry": { "type": "Point", "coordinates": [ 49.2061, 58.6123 ] } },
{ "type": "Feature", "properties": { "decimalLatitude": 59.9561, "decimalLongitude": 17.788, "month": 5, "species_sci": "Anas acuta", "species_com": "Northern Pintail / Onagagamo" }, "geometry": { "type": "Point", "coordinates": [ 17.788, 59.9561 ] } },
{ "type": "Feature", "properties": { "decimalLatitude": 67.5269, "decimalLongitude": 12.1384, "month": 5, "species_sci": "Anas acuta", "species_com": "Northern Pintail / Onagagamo" }, "geometry": { "type": "Point", "coordinates": [ 12.1384, 67.5269 ] } },
{ "type": "Feature", "properties": { "decimalLatitude": 58.3272, "decimalLongitude": 13.5751, "month": 5, "species_sci": "Anas acuta", "species_com": "Northern Pintail / Onagagamo" }, "geometry": { "type": "Point", "coordinates": [ 13.5751, 58.3272 ] } },
{ "type": "Feature", "properties": { "decimalLatitude": 57.3976, "decimalLongitude": 12.1162, "month": 5, "species_sci": "Anas acuta", "species_com": "Northern Pintail / Onagagamo" }, "geometry": { "type": "Point", "coordinates": [ 12.1162, 57.3976 ] } },
{ "type": "Feature", "properties": { "decimalLatitude": 63.7486, "decimalLongitude": 20.2912, "month": 5, "species_sci": "Anas acuta", "species_com": "Northern Pintail / Onagagamo" }, "geometry": { "type": "Point", "coordinates": [ 20.2912, 63.7486 ] } },
{ "type": "Feature", "properties": { "decimalLatitude": 54.6286, "decimalLongitude": 11.4293, "month": 5, "species_sci": "Anas acuta", "species_com": "Northern Pintail / Onagagamo" }, "geometry": { "type": "Point", "coordinates": [ 11.4293, 54.6286 ] } },
{ "type": "Feature", "properties": { "decimalLatitude": 56.6096, "decimalLongitude": 12.9245, "month": 5, "species_sci": "Anas acuta", "species_com": "Northern Pintail / Onagagamo" }, "geometry": { "type": "Point", "coordinates": [ 12.9245, 56.6096 ] } },
{ "type": "Feature", "properties": { "decimalLatitude": 58.3272, "decimalLongitude": 13.5751, "month": 5, "species_sci": "Anas acuta", "species_com": "Northern Pintail / Onagagamo" }, "geometry": { "type": "Point", "coordinates": [ 13.5751, 58.3272 ] } },
{ "type": "Feature", "properties": { "decimalLatitude": 65.6754, "decimalLongitude": 21.8167, "month": 5, "species_sci": "Anas acuta", "species_com": "Northern Pintail / Onagagamo" }, "geometry": { "type": "Point", "coordinates": [ 21.8167, 65.6754 ] } },
{ "type": "Feature", "properties": { "decimalLatitude": 49.2707, "decimalLongitude": -123.1943, "month": 5, "species_sci": "Anas acuta", "species_com": "Northern Pintail / Onagagamo" }, "geometry": { "type": "Point", "coordinates": [ -123.1943, 49.2707 ] } },
{ "type": "Feature", "properties": { "decimalLatitude": 56.6096, "decimalLongitude": 12.9245, "month": 5, "species_sci": "Anas acuta", "species_com": "Northern Pintail / Onagagamo" }, "geometry": { "type": "Point", "coordinates": [ 12.9245, 56.6096 ] } },
{ "type": "Feature", "properties": { "decimalLatitude": 57.9106, "decimalLongitude": 16.5436, "month": 5, "species_sci": "Anas acuta", "species_com": "Northern Pintail / Onagagamo" }, "geometry": { "type": "Point", "coordinates": [ 16.5436, 57.9106 ] } },
{ "type": "Feature", "properties": { "decimalLatitude": 54.6803, "decimalLongitude": 8.7561, "month": 5, "species_sci": "Anas acuta", "species_com": "Northern Pintail / Onagagamo" }, "geometry": { "type": "Point", "coordinates": [ 8.7561, 54.6803 ] } },
{ "type": "Feature", "properties": { "decimalLatitude": 55.6827, "decimalLongitude": 13.0575, "month": 5, "species_sci": "Anas acuta", "species_com": "Northern Pintail / Onagagamo" }, "geometry": { "type": "Point", "coordinates": [ 13.0575, 55.6827 ] } },
{ "type": "Feature", "properties": { "decimalLatitude": 67.5157, "decimalLongitude": 12.1156, "month": 5, "species_sci": "Anas acuta", "species_com": "Northern Pintail / Onagagamo" }, "geometry": { "type": "Point", "coordinates": [ 12.1156, 67.5157 ] } },
{ "type": "Feature", "properties": { "decimalLatitude": 56.6096, "decimalLongitude": 12.9245, "month": 5, "species_sci": "Anas acuta", "species_com": "Northern Pintail / Onagagamo" }, "geometry": { "type": "Point", "coordinates": [ 12.9245, 56.6096 ] } },
{ "type": "Feature", "properties": { "decimalLatitude": 58.1302, "decimalLongitude": 52.8088, "month": 5, "species_sci": "Anas acuta", "species_com": "Northern Pintail / Onagagamo" }, "geometry": { "type": "Point", "coordinates": [ 52.8088, 58.1302 ] } },
{ "type": "Feature", "properties": { "decimalLatitude": 56.1964, "decimalLongitude": 16.3993, "month": 5, "species_sci": "Anas acuta", "species_com": "Northern Pintail / Onagagamo" }, "geometry": { "type": "Point", "coordinates": [ 16.3993, 56.1964 ] } },
{ "type": "Feature", "properties": { "decimalLatitude": 50.1648, "decimalLongitude": -113.4179, "month": 5, "species_sci": "Anas acuta", "species_com": "Northern Pintail / Onagagamo" }, "geometry": { "type": "Point", "coordinates": [ -113.4179, 50.1648 ] } },
{ "type": "Feature", "properties": { "decimalLatitude": 67.2632, "decimalLongitude": 15.3487, "month": 5, "species_sci": "Anas acuta", "species_com": "Northern Pintail / Onagagamo" }, "geometry": { "type": "Point", "coordinates": [ 15.3487, 67.2632 ] } },
{ "type": "Feature", "properties": { "decimalLatitude": 56.1964, "decimalLongitude": 16.3993, "month": 5, "species_sci": "Anas acuta", "species_com": "Northern Pintail / Onagagamo" }, "geometry": { "type": "Point", "coordinates": [ 16.3993, 56.1964 ] } },
{ "type": "Feature", "properties": { "decimalLatitude": 59.667, "decimalLongitude": 17.3744, "month": 5, "species_sci": "Anas acuta", "species_com": "Northern Pintail / Onagagamo" }, "geometry": { "type": "Point", "coordinates": [ 17.3744, 59.667 ] } },
{ "type": "Feature", "properties": { "decimalLatitude": 57.352, "decimalLongitude": 17.1006, "month": 5, "species_sci": "Anas acuta", "species_com": "Northern Pintail / Onagagamo" }, "geometry": { "type": "Point", "coordinates": [ 17.1006, 57.352 ] } },
{ "type": "Feature", "properties": { "decimalLatitude": 69.7417, "decimalLongitude": 19.1275, "month": 5, "species_sci": "Anas acuta", "species_com": "Northern Pintail / Onagagamo" }, "geometry": { "type": "Point", "coordinates": [ 19.1275, 69.7417 ] } },
{ "type": "Feature", "properties": { "decimalLatitude": 57.7517, "decimalLongitude": 10.604, "month": 5, "species_sci": "Anas acuta", "species_com": "Northern Pintail / Onagagamo" }, "geometry": { "type": "Point", "coordinates": [ 10.604, 57.7517 ] } },
{ "type": "Feature", "properties": { "decimalLatitude": 60.6621, "decimalLongitude": 39.6556, "month": 5, "species_sci": "Anas acuta", "species_com": "Northern Pintail / Onagagamo" }, "geometry": { "type": "Point", "coordinates": [ 39.6556, 60.6621 ] } },
{ "type": "Feature", "properties": { "decimalLatitude": 56.6657, "decimalLongitude": 37.8668, "month": 5, "species_sci": "Anas acuta", "species_com": "Northern Pintail / Onagagamo" }, "geometry": { "type": "Point", "coordinates": [ 37.8668, 56.6657 ] } },
{ "type": "Feature", "properties": { "decimalLatitude": 56.546, "decimalLongitude": 8.7605, "month": 5, "species_sci": "Anas acuta", "species_com": "Northern Pintail / Onagagamo" }, "geometry": { "type": "Point", "coordinates": [ 8.7605, 56.546 ] } },
{ "type": "Feature", "properties": { "decimalLatitude": 65.5331, "decimalLongitude": 17.4068, "month": 5, "species_sci": "Anas acuta", "species_com": "Northern Pintail / Onagagamo" }, "geometry": { "type": "Point", "coordinates": [ 17.4068, 65.5331 ] } },
{ "type": "Feature", "properties": { "decimalLatitude": 60.5094, "decimalLongitude": 17.7178, "month": 5, "species_sci": "Anas acuta", "species_com": "Northern Pintail / Onagagamo" }, "geometry": { "type": "Point", "coordinates": [ 17.7178, 60.5094 ] } },
{ "type": "Feature", "properties": { "decimalLatitude": 27.8278, "decimalLongitude": -97.0799, "month": 5, "species_sci": "Anas acuta", "species_com": "Northern Pintail / Onagagamo" }, "geometry": { "type": "Point", "coordinates": [ -97.0799, 27.8278 ] } },
{ "type": "Feature", "properties": { "decimalLatitude": 56.5906, "decimalLongitude": 16.3985, "month": 5, "species_sci": "Anas acuta", "species_com": "Northern Pintail / Onagagamo" }, "geometry": { "type": "Point", "coordinates": [ 16.3985, 56.5906 ] } },
{ "type": "Feature", "properties": { "decimalLatitude": 58.2949, "decimalLongitude": 13.5167, "month": 5, "species_sci": "Anas acuta", "species_com": "Northern Pintail / Onagagamo" }, "geometry": { "type": "Point", "coordinates": [ 13.5167, 58.2949 ] } },
{ "type": "Feature", "properties": { "decimalLatitude": 67.8441, "decimalLongitude": 20.6595, "month": 5, "species_sci": "Anas acuta", "species_com": "Northern Pintail / Onagagamo" }, "geometry": { "type": "Point", "coordinates": [ 20.6595, 67.8441 ] } },
{ "type": "Feature", "properties": { "decimalLatitude": 49.0968, "decimalLongitude": -123.1826, "month": 5, "species_sci": "Anas acuta", "species_com": "Northern Pintail / Onagagamo" }, "geometry": { "type": "Point", "coordinates": [ -123.1826, 49.0968 ] } },
{ "type": "Feature", "properties": { "decimalLatitude": 55.5841, "decimalLongitude": 12.5332, "month": 5, "species_sci": "Anas acuta", "species_com": "Northern Pintail / Onagagamo" }, "geometry": { "type": "Point", "coordinates": [ 12.5332, 55.5841 ] } },
{ "type": "Feature", "properties": { "decimalLatitude": 67.6888, "decimalLongitude": 21.6406, "month": 5, "species_sci": "Anas acuta", "species_com": "Northern Pintail / Onagagamo" }, "geometry": { "type": "Point", "coordinates": [ 21.6406, 67.6888 ] } },
{ "type": "Feature", "properties": { "decimalLatitude": 69.9791, "decimalLongitude": 23.4102, "month": 5, "species_sci": "Anas acuta", "species_com": "Northern Pintail / Onagagamo" }, "geometry": { "type": "Point", "coordinates": [ 23.4102, 69.9791 ] } },
{ "type": "Feature", "properties": { "decimalLatitude": 62.6747, "decimalLongitude": 11.4103, "month": 5, "species_sci": "Anas acuta", "species_com": "Northern Pintail / Onagagamo" }, "geometry": { "type": "Point", "coordinates": [ 11.4103, 62.6747 ] } },
{ "type": "Feature", "properties": { "decimalLatitude": 55.9534, "decimalLongitude": 15.7027, "month": 5, "species_sci": "Anas acuta", "species_com": "Northern Pintail / Onagagamo" }, "geometry": { "type": "Point", "coordinates": [ 15.7027, 55.9534 ] } },
{ "type": "Feature", "properties": { "decimalLatitude": 58.1101, "decimalLongitude": 14.5433, "month": 5, "species_sci": "Anas acuta", "species_com": "Northern Pintail / Onagagamo" }, "geometry": { "type": "Point", "coordinates": [ 14.5433, 58.1101 ] } },
{ "type": "Feature", "properties": { "decimalLatitude": 55.4913, "decimalLongitude": 12.9412, "month": 5, "species_sci": "Anas acuta", "species_com": "Northern Pintail / Onagagamo" }, "geometry": { "type": "Point", "coordinates": [ 12.9412, 55.4913 ] } },
{ "type": "Feature", "properties": { "decimalLatitude": 58.1055, "decimalLongitude": 6.6031, "month": 5, "species_sci": "Anas acuta", "species_com": "Northern Pintail / Onagagamo" }, "geometry": { "type": "Point", "coordinates": [ 6.6031, 58.1055 ] } },
{ "type": "Feature", "properties": { "decimalLatitude": 56.3347, "decimalLongitude": 16.4389, "month": 5, "species_sci": "Anas acuta", "species_com": "Northern Pintail / Onagagamo" }, "geometry": { "type": "Point", "coordinates": [ 16.4389, 56.3347 ] } },
{ "type": "Feature", "properties": { "decimalLatitude": 63.6908, "decimalLongitude": 20.4622, "month": 5, "species_sci": "Anas acuta", "species_com": "Northern Pintail / Onagagamo" }, "geometry": { "type": "Point", "coordinates": [ 20.4622, 63.6908 ] } },
{ "type": "Feature", "properties": { "decimalLatitude": 56.6294, "decimalLongitude": 12.9229, "month": 5, "species_sci": "Anas acuta", "species_com": "Northern Pintail / Onagagamo" }, "geometry": { "type": "Point", "coordinates": [ 12.9229, 56.6294 ] } },
{ "type": "Feature", "properties": { "decimalLatitude": 56.9844, "decimalLongitude": 18.3639, "month": 5, "species_sci": "Anas acuta", "species_com": "Northern Pintail / Onagagamo" }, "geometry": { "type": "Point", "coordinates": [ 18.3639, 56.9844 ] } },
{ "type": "Feature", "properties": { "decimalLatitude": 60.366, "decimalLongitude": 16.123, "month": 5, "species_sci": "Anas acuta", "species_com": "Northern Pintail / Onagagamo" }, "geometry": { "type": "Point", "coordinates": [ 16.123, 60.366 ] } },
{ "type": "Feature", "properties": { "decimalLatitude": 56.8402, "decimalLongitude": 12.5792, "month": 5, "species_sci": "Anas acuta", "species_com": "Northern Pintail / Onagagamo" }, "geometry": { "type": "Point", "coordinates": [ 12.5792, 56.8402 ] } },
{ "type": "Feature", "properties": { "decimalLatitude": 69.6025, "decimalLongitude": 18.836, "month": 5, "species_sci": "Anas acuta", "species_com": "Northern Pintail / Onagagamo" }, "geometry": { "type": "Point", "coordinates": [ 18.836, 69.6025 ] } },
{ "type": "Feature", "properties": { "decimalLatitude": 49.0916, "decimalLongitude": 27.5907, "month": 5, "species_sci": "Anas acuta", "species_com": "Northern Pintail / Onagagamo" }, "geometry": { "type": "Point", "coordinates": [ 27.5907, 49.0916 ] } },
{ "type": "Feature", "properties": { "decimalLatitude": 60.5094, "decimalLongitude": 17.7178, "month": 5, "species_sci": "Anas acuta", "species_com": "Northern Pintail / Onagagamo" }, "geometry": { "type": "Point", "coordinates": [ 17.7178, 60.5094 ] } },
{ "type": "Feature", "properties": { "decimalLatitude": 60.7492, "decimalLongitude": 15.0238, "month": 5, "species_sci": "Anas acuta", "species_com": "Northern Pintail / Onagagamo" }, "geometry": { "type": "Point", "coordinates": [ 15.0238, 60.7492 ] } },
{ "type": "Feature", "properties": { "decimalLatitude": 56.7414, "decimalLongitude": 12.6243, "month": 5, "species_sci": "Anas acuta", "species_com": "Northern Pintail / Onagagamo" }, "geometry": { "type": "Point", "coordinates": [ 12.6243, 56.7414 ] } },
{ "type": "Feature", "properties": { "decimalLatitude": 63.724, "decimalLongitude": 20.2309, "month": 5, "species_sci": "Anas acuta", "species_com": "Northern Pintail / Onagagamo" }, "geometry": { "type": "Point", "coordinates": [ 20.2309, 63.724 ] } },
{ "type": "Feature", "properties": { "decimalLatitude": 67.8418, "decimalLongitude": 20.2376, "month": 5, "species_sci": "Anas acuta", "species_com": "Northern Pintail / Onagagamo" }, "geometry": { "type": "Point", "coordinates": [ 20.2376, 67.8418 ] } },
{ "type": "Feature", "properties": { "decimalLatitude": 60.7771, "decimalLongitude": -161.8676, "month": 5, "species_sci": "Anas acuta", "species_com": "Northern Pintail / Onagagamo" }, "geometry": { "type": "Point", "coordinates": [ -161.8676, 60.7771 ] } },
{ "type": "Feature", "properties": { "decimalLatitude": 64.8911, "decimalLongitude": 13.6762, "month": 5, "species_sci": "Anas acuta", "species_com": "Northern Pintail / Onagagamo" }, "geometry": { "type": "Point", "coordinates": [ 13.6762, 64.8911 ] } },
{ "type": "Feature", "properties": { "decimalLatitude": 65.5196, "decimalLongitude": 21.8373, "month": 5, "species_sci": "Anas acuta", "species_com": "Northern Pintail / Onagagamo" }, "geometry": { "type": "Point", "coordinates": [ 21.8373, 65.5196 ] } },
{ "type": "Feature", "properties": { "decimalLatitude": 56.8411, "decimalLongitude": 12.5559, "month": 5, "species_sci": "Anas acuta", "species_com": "Northern Pintail / Onagagamo" }, "geometry": { "type": "Point", "coordinates": [ 12.5559, 56.8411 ] } },
{ "type": "Feature", "properties": { "decimalLatitude": 49.271, "decimalLongitude": -123.1958, "month": 5, "species_sci": "Anas acuta", "species_com": "Northern Pintail / Onagagamo" }, "geometry": { "type": "Point", "coordinates": [ -123.1958, 49.271 ] } },
{ "type": "Feature", "properties": { "decimalLatitude": 55.0994, "decimalLongitude": 14.8699, "month": 5, "species_sci": "Anas acuta", "species_com": "Northern Pintail / Onagagamo" }, "geometry": { "type": "Point", "coordinates": [ 14.8699, 55.0994 ] } },
{ "type": "Feature", "properties": { "decimalLatitude": 63.3179, "decimalLongitude": 12.537, "month": 5, "species_sci": "Anas acuta", "species_com": "Northern Pintail / Onagagamo" }, "geometry": { "type": "Point", "coordinates": [ 12.537, 63.3179 ] } },
{ "type": "Feature", "properties": { "decimalLatitude": 57.3685, "decimalLongitude": 17.0845, "month": 5, "species_sci": "Anas acuta", "species_com": "Northern Pintail / Onagagamo" }, "geometry": { "type": "Point", "coordinates": [ 17.0845, 57.3685 ] } },
{ "type": "Feature", "properties": { "decimalLatitude": 67.7478, "decimalLongitude": 20.0117, "month": 5, "species_sci": "Anas acuta", "species_com": "Northern Pintail / Onagagamo" }, "geometry": { "type": "Point", "coordinates": [ 20.0117, 67.7478 ] } },
{ "type": "Feature", "properties": { "decimalLatitude": 67.8478, "decimalLongitude": 20.6235, "month": 5, "species_sci": "Anas acuta", "species_com": "Northern Pintail / Onagagamo" }, "geometry": { "type": "Point", "coordinates": [ 20.6235, 67.8478 ] } },
{ "type": "Feature", "properties": { "decimalLatitude": 57.3976, "decimalLongitude": 12.1162, "month": 5, "species_sci": "Anas acuta", "species_com": "Northern Pintail / Onagagamo" }, "geometry": { "type": "Point", "coordinates": [ 12.1162, 57.3976 ] } },
{ "type": "Feature", "properties": { "decimalLatitude": 63.3413, "decimalLongitude": 10.2239, "month": 5, "species_sci": "Anas acuta", "species_com": "Northern Pintail / Onagagamo" }, "geometry": { "type": "Point", "coordinates": [ 10.2239, 63.3413 ] } },
{ "type": "Feature", "properties": { "decimalLatitude": 55.901, "decimalLongitude": 69.3384, "month": 5, "species_sci": "Anas acuta", "species_com": "Northern Pintail / Onagagamo" }, "geometry": { "type": "Point", "coordinates": [ 69.3384, 55.901 ] } },
{ "type": "Feature", "properties": { "decimalLatitude": 50.8769, "decimalLongitude": -105.2461, "month": 5, "species_sci": "Anas acuta", "species_com": "Northern Pintail / Onagagamo" }, "geometry": { "type": "Point", "coordinates": [ -105.2461, 50.8769 ] } },
{ "type": "Feature", "properties": { "decimalLatitude": 63.7301, "decimalLongitude": 11.2473, "month": 5, "species_sci": "Anas acuta", "species_com": "Northern Pintail / Onagagamo" }, "geometry": { "type": "Point", "coordinates": [ 11.2473, 63.7301 ] } },
{ "type": "Feature", "properties": { "decimalLatitude": 55.8728, "decimalLongitude": 13.5992, "month": 5, "species_sci": "Anas acuta", "species_com": "Northern Pintail / Onagagamo" }, "geometry": { "type": "Point", "coordinates": [ 13.5992, 55.8728 ] } },
{ "type": "Feature", "properties": { "decimalLatitude": 69.6025, "decimalLongitude": 18.836, "month": 5, "species_sci": "Anas acuta", "species_com": "Northern Pintail / Onagagamo" }, "geometry": { "type": "Point", "coordinates": [ 18.836, 69.6025 ] } },
{ "type": "Feature", "properties": { "decimalLatitude": 57.0659, "decimalLongitude": 40.9408, "month": 5, "species_sci": "Anas acuta", "species_com": "Northern Pintail / Onagagamo" }, "geometry": { "type": "Point", "coordinates": [ 40.9408, 57.0659 ] } },
{ "type": "Feature", "properties": { "decimalLatitude": 56.4182, "decimalLongitude": 16.3987, "month": 5, "species_sci": "Anas acuta", "species_com": "Northern Pintail / Onagagamo" }, "geometry": { "type": "Point", "coordinates": [ 16.3987, 56.4182 ] } },
{ "type": "Feature", "properties": { "decimalLatitude": 56.6164, "decimalLongitude": 12.9062, "month": 5, "species_sci": "Anas acuta", "species_com": "Northern Pintail / Onagagamo" }, "geometry": { "type": "Point", "coordinates": [ 12.9062, 56.6164 ] } },
{ "type": "Feature", "properties": { "decimalLatitude": 56.7414, "decimalLongitude": 12.6243, "month": 5, "species_sci": "Anas acuta", "species_com": "Northern Pintail / Onagagamo" }, "geometry": { "type": "Point", "coordinates": [ 12.6243, 56.7414 ] } },
{ "type": "Feature", "properties": { "decimalLatitude": 70.0259, "decimalLongitude": 23.4868, "month": 5, "species_sci": "Anas acuta", "species_com": "Northern Pintail / Onagagamo" }, "geometry": { "type": "Point", "coordinates": [ 23.4868, 70.0259 ] } },
{ "type": "Feature", "properties": { "decimalLatitude": 57.9101, "decimalLongitude": 16.5488, "month": 5, "species_sci": "Anas acuta", "species_com": "Northern Pintail / Onagagamo" }, "geometry": { "type": "Point", "coordinates": [ 16.5488, 57.9101 ] } },
{ "type": "Feature", "properties": { "decimalLatitude": 65.8413, "decimalLongitude": 13.1783, "month": 5, "species_sci": "Anas acuta", "species_com": "Northern Pintail / Onagagamo" }, "geometry": { "type": "Point", "coordinates": [ 13.1783, 65.8413 ] } },
{ "type": "Feature", "properties": { "decimalLatitude": 56.2704, "decimalLongitude": 16.3908, "month": 5, "species_sci": "Anas acuta", "species_com": "Northern Pintail / Onagagamo" }, "geometry": { "type": "Point", "coordinates": [ 16.3908, 56.2704 ] } },
{ "type": "Feature", "properties": { "decimalLatitude": 58.7317, "decimalLongitude": 5.5498, "month": 5, "species_sci": "Anas acuta", "species_com": "Northern Pintail / Onagagamo" }, "geometry": { "type": "Point", "coordinates": [ 5.5498, 58.7317 ] } },
{ "type": "Feature", "properties": { "decimalLatitude": 56.5958, "decimalLongitude": 16.4, "month": 5, "species_sci": "Anas acuta", "species_com": "Northern Pintail / Onagagamo" }, "geometry": { "type": "Point", "coordinates": [ 16.4, 56.5958 ] } },
{ "type": "Feature", "properties": { "decimalLatitude": 67.8398, "decimalLongitude": 20.2362, "month": 5, "species_sci": "Anas acuta", "species_com": "Northern Pintail / Onagagamo" }, "geometry": { "type": "Point", "coordinates": [ 20.2362, 67.8398 ] } },
{ "type": "Feature", "properties": { "decimalLatitude": 56.4182, "decimalLongitude": 16.3987, "month": 5, "species_sci": "Anas acuta", "species_com": "Northern Pintail / Onagagamo" }, "geometry": { "type": "Point", "coordinates": [ 16.3987, 56.4182 ] } },
{ "type": "Feature", "properties": { "decimalLatitude": 56.7414, "decimalLongitude": 12.6243, "month": 5, "species_sci": "Anas acuta", "species_com": "Northern Pintail / Onagagamo" }, "geometry": { "type": "Point", "coordinates": [ 12.6243, 56.7414 ] } },
{ "type": "Feature", "properties": { "decimalLatitude": 54.6792, "decimalLongitude": 20.4101, "month": 5, "species_sci": "Anas acuta", "species_com": "Northern Pintail / Onagagamo" }, "geometry": { "type": "Point", "coordinates": [ 20.4101, 54.6792 ] } },
{ "type": "Feature", "properties": { "decimalLatitude": 65.2601, "decimalLongitude": 19.6269, "month": 5, "species_sci": "Anas acuta", "species_com": "Northern Pintail / Onagagamo" }, "geometry": { "type": "Point", "coordinates": [ 19.6269, 65.2601 ] } },
{ "type": "Feature", "properties": { "decimalLatitude": 56.7548, "decimalLongitude": 12.8902, "month": 5, "species_sci": "Anas acuta", "species_com": "Northern Pintail / Onagagamo" }, "geometry": { "type": "Point", "coordinates": [ 12.8902, 56.7548 ] } },
{ "type": "Feature", "properties": { "decimalLatitude": 65.8093, "decimalLongitude": 21.5657, "month": 5, "species_sci": "Anas acuta", "species_com": "Northern Pintail / Onagagamo" }, "geometry": { "type": "Point", "coordinates": [ 21.5657, 65.8093 ] } },
{ "type": "Feature", "properties": { "decimalLatitude": 69.314, "decimalLongitude": 17.8952, "month": 5, "species_sci": "Anas acuta", "species_com": "Northern Pintail / Onagagamo" }, "geometry": { "type": "Point", "coordinates": [ 17.8952, 69.314 ] } },
{ "type": "Feature", "properties": { "decimalLatitude": 67.6893, "decimalLongitude": 21.6238, "month": 5, "species_sci": "Anas acuta", "species_com": "Northern Pintail / Onagagamo" }, "geometry": { "type": "Point", "coordinates": [ 21.6238, 67.6893 ] } },
{ "type": "Feature", "properties": { "decimalLatitude": 69.0712, "decimalLongitude": 15.8981, "month": 5, "species_sci": "Anas acuta", "species_com": "Northern Pintail / Onagagamo" }, "geometry": { "type": "Point", "coordinates": [ 15.8981, 69.0712 ] } },
{ "type": "Feature", "properties": { "decimalLatitude": 57.9101, "decimalLongitude": 16.5488, "month": 5, "species_sci": "Anas acuta", "species_com": "Northern Pintail / Onagagamo" }, "geometry": { "type": "Point", "coordinates": [ 16.5488, 57.9101 ] } },
{ "type": "Feature", "properties": { "decimalLatitude": 60.7912, "decimalLongitude": 11.1115, "month": 5, "species_sci": "Anas acuta", "species_com": "Northern Pintail / Onagagamo" }, "geometry": { "type": "Point", "coordinates": [ 11.1115, 60.7912 ] } },
{ "type": "Feature", "properties": { "decimalLatitude": 56.7414, "decimalLongitude": 12.6243, "month": 5, "species_sci": "Anas acuta", "species_com": "Northern Pintail / Onagagamo" }, "geometry": { "type": "Point", "coordinates": [ 12.6243, 56.7414 ] } },
{ "type": "Feature", "properties": { "decimalLatitude": 47.9057, "decimalLongitude": -98.0785, "month": 5, "species_sci": "Anas acuta", "species_com": "Northern Pintail / Onagagamo" }, "geometry": { "type": "Point", "coordinates": [ -98.0785, 47.9057 ] } },
{ "type": "Feature", "properties": { "decimalLatitude": 60.601, "decimalLongitude": 17.9364, "month": 5, "species_sci": "Anas acuta", "species_com": "Northern Pintail / Onagagamo" }, "geometry": { "type": "Point", "coordinates": [ 17.9364, 60.601 ] } },
{ "type": "Feature", "properties": { "decimalLatitude": 67.8398, "decimalLongitude": 20.2362, "month": 5, "species_sci": "Anas acuta", "species_com": "Northern Pintail / Onagagamo" }, "geometry": { "type": "Point", "coordinates": [ 20.2362, 67.8398 ] } },
{ "type": "Feature", "properties": { "decimalLatitude": 59.1777, "decimalLongitude": 15.3646, "month": 5, "species_sci": "Anas acuta", "species_com": "Northern Pintail / Onagagamo" }, "geometry": { "type": "Point", "coordinates": [ 15.3646, 59.1777 ] } },
{ "type": "Feature", "properties": { "decimalLatitude": 58.348, "decimalLongitude": 14.8087, "month": 5, "species_sci": "Anas acuta", "species_com": "Northern Pintail / Onagagamo" }, "geometry": { "type": "Point", "coordinates": [ 14.8087, 58.348 ] } },
{ "type": "Feature", "properties": { "decimalLatitude": 58.277, "decimalLongitude": 13.5214, "month": 5, "species_sci": "Anas acuta", "species_com": "Northern Pintail / Onagagamo" }, "geometry": { "type": "Point", "coordinates": [ 13.5214, 58.277 ] } },
{ "type": "Feature", "properties": { "decimalLatitude": 56.1964, "decimalLongitude": 16.3993, "month": 5, "species_sci": "Anas acuta", "species_com": "Northern Pintail / Onagagamo" }, "geometry": { "type": "Point", "coordinates": [ 16.3993, 56.1964 ] } },
{ "type": "Feature", "properties": { "decimalLatitude": 69.9758, "decimalLongitude": 23.4155, "month": 5, "species_sci": "Anas acuta", "species_com": "Northern Pintail / Onagagamo" }, "geometry": { "type": "Point", "coordinates": [ 23.4155, 69.9758 ] } },
{ "type": "Feature", "properties": { "decimalLatitude": 56.3229, "decimalLongitude": 16.5428, "month": 5, "species_sci": "Anas acuta", "species_com": "Northern Pintail / Onagagamo" }, "geometry": { "type": "Point", "coordinates": [ 16.5428, 56.3229 ] } },
{ "type": "Feature", "properties": { "decimalLatitude": 63.747, "decimalLongitude": 20.3405, "month": 5, "species_sci": "Anas acuta", "species_com": "Northern Pintail / Onagagamo" }, "geometry": { "type": "Point", "coordinates": [ 20.3405, 63.747 ] } },
{ "type": "Feature", "properties": { "decimalLatitude": 60.2848, "decimalLongitude": 16.0176, "month": 5, "species_sci": "Anas acuta", "species_com": "Northern Pintail / Onagagamo" }, "geometry": { "type": "Point", "coordinates": [ 16.0176, 60.2848 ] } },
{ "type": "Feature", "properties": { "decimalLatitude": 56.9945, "decimalLongitude": 18.3504, "month": 5, "species_sci": "Anas acuta", "species_com": "Northern Pintail / Onagagamo" }, "geometry": { "type": "Point", "coordinates": [ 18.3504, 56.9945 ] } },
{ "type": "Feature", "properties": { "decimalLatitude": 60.5094, "decimalLongitude": 17.7178, "month": 5, "species_sci": "Anas acuta", "species_com": "Northern Pintail / Onagagamo" }, "geometry": { "type": "Point", "coordinates": [ 17.7178, 60.5094 ] } },
{ "type": "Feature", "properties": { "decimalLatitude": 68.0873, "decimalLongitude": 13.1677, "month": 5, "species_sci": "Anas acuta", "species_com": "Northern Pintail / Onagagamo" }, "geometry": { "type": "Point", "coordinates": [ 13.1677, 68.0873 ] } },
{ "type": "Feature", "properties": { "decimalLatitude": 56.6485, "decimalLongitude": 14.8367, "month": 5, "species_sci": "Anas acuta", "species_com": "Northern Pintail / Onagagamo" }, "geometry": { "type": "Point", "coordinates": [ 14.8367, 56.6485 ] } },
{ "type": "Feature", "properties": { "decimalLatitude": 64.8249, "decimalLongitude": 16.9569, "month": 5, "species_sci": "Anas acuta", "species_com": "Northern Pintail / Onagagamo" }, "geometry": { "type": "Point", "coordinates": [ 16.9569, 64.8249 ] } },
{ "type": "Feature", "properties": { "decimalLatitude": 56.3684, "decimalLongitude": 16.5671, "month": 5, "species_sci": "Anas acuta", "species_com": "Northern Pintail / Onagagamo" }, "geometry": { "type": "Point", "coordinates": [ 16.5671, 56.3684 ] } },
{ "type": "Feature", "properties": { "decimalLatitude": 56.1964, "decimalLongitude": 16.3993, "month": 5, "species_sci": "Anas acuta", "species_com": "Northern Pintail / Onagagamo" }, "geometry": { "type": "Point", "coordinates": [ 16.3993, 56.1964 ] } },
{ "type": "Feature", "properties": { "decimalLatitude": 56.5878, "decimalLongitude": 16.4129, "month": 5, "species_sci": "Anas acuta", "species_com": "Northern Pintail / Onagagamo" }, "geometry": { "type": "Point", "coordinates": [ 16.4129, 56.5878 ] } },
{ "type": "Feature", "properties": { "decimalLatitude": 49.0959, "decimalLongitude": -123.184, "month": 5, "species_sci": "Anas acuta", "species_com": "Northern Pintail / Onagagamo" }, "geometry": { "type": "Point", "coordinates": [ -123.184, 49.0959 ] } },
{ "type": "Feature", "properties": { "decimalLatitude": 58.7373, "decimalLongitude": 17.8654, "month": 5, "species_sci": "Anas acuta", "species_com": "Northern Pintail / Onagagamo" }, "geometry": { "type": "Point", "coordinates": [ 17.8654, 58.7373 ] } },
{ "type": "Feature", "properties": { "decimalLatitude": 56.1964, "decimalLongitude": 16.3993, "month": 5, "species_sci": "Anas acuta", "species_com": "Northern Pintail / Onagagamo" }, "geometry": { "type": "Point", "coordinates": [ 16.3993, 56.1964 ] } },
{ "type": "Feature", "properties": { "decimalLatitude": 59.3022, "decimalLongitude": 19.1339, "month": 5, "species_sci": "Anas acuta", "species_com": "Northern Pintail / Onagagamo" }, "geometry": { "type": "Point", "coordinates": [ 19.1339, 59.3022 ] } },
{ "type": "Feature", "properties": { "decimalLatitude": 56.1964, "decimalLongitude": 16.3993, "month": 5, "species_sci": "Anas acuta", "species_com": "Northern Pintail / Onagagamo" }, "geometry": { "type": "Point", "coordinates": [ 16.3993, 56.1964 ] } },
{ "type": "Feature", "properties": { "decimalLatitude": 54.5596, "decimalLongitude": 11.9697, "month": 5, "species_sci": "Anas acuta", "species_com": "Northern Pintail / Onagagamo" }, "geometry": { "type": "Point", "coordinates": [ 11.9697, 54.5596 ] } },
{ "type": "Feature", "properties": { "decimalLatitude": 57.0393, "decimalLongitude": 14.0199, "month": 5, "species_sci": "Anas acuta", "species_com": "Northern Pintail / Onagagamo" }, "geometry": { "type": "Point", "coordinates": [ 14.0199, 57.0393 ] } },
{ "type": "Feature", "properties": { "decimalLatitude": 56.6096, "decimalLongitude": 12.9245, "month": 5, "species_sci": "Anas acuta", "species_com": "Northern Pintail / Onagagamo" }, "geometry": { "type": "Point", "coordinates": [ 12.9245, 56.6096 ] } },
{ "type": "Feature", "properties": { "decimalLatitude": 57.7644, "decimalLongitude": 36.6968, "month": 5, "species_sci": "Anas acuta", "species_com": "Northern Pintail / Onagagamo" }, "geometry": { "type": "Point", "coordinates": [ 36.6968, 57.7644 ] } },
{ "type": "Feature", "properties": { "decimalLatitude": 63.6689, "decimalLongitude": 20.0313, "month": 5, "species_sci": "Anas acuta", "species_com": "Northern Pintail / Onagagamo" }, "geometry": { "type": "Point", "coordinates": [ 20.0313, 63.6689 ] } },
{ "type": "Feature", "properties": { "decimalLatitude": 63.724, "decimalLongitude": 20.2309, "month": 5, "species_sci": "Anas acuta", "species_com": "Northern Pintail / Onagagamo" }, "geometry": { "type": "Point", "coordinates": [ 20.2309, 63.724 ] } },
{ "type": "Feature", "properties": { "decimalLatitude": 55.5367, "decimalLongitude": 11.149, "month": 5, "species_sci": "Anas acuta", "species_com": "Northern Pintail / Onagagamo" }, "geometry": { "type": "Point", "coordinates": [ 11.149, 55.5367 ] } },
{ "type": "Feature", "properties": { "decimalLatitude": 65.8093, "decimalLongitude": 21.5657, "month": 5, "species_sci": "Anas acuta", "species_com": "Northern Pintail / Onagagamo" }, "geometry": { "type": "Point", "coordinates": [ 21.5657, 65.8093 ] } },
{ "type": "Feature", "properties": { "decimalLatitude": 67.5221, "decimalLongitude": 12.0819, "month": 5, "species_sci": "Anas acuta", "species_com": "Northern Pintail / Onagagamo" }, "geometry": { "type": "Point", "coordinates": [ 12.0819, 67.5221 ] } },
{ "type": "Feature", "properties": { "decimalLatitude": 56.6096, "decimalLongitude": 12.9245, "month": 5, "species_sci": "Anas acuta", "species_com": "Northern Pintail / Onagagamo" }, "geometry": { "type": "Point", "coordinates": [ 12.9245, 56.6096 ] } },
{ "type": "Feature", "properties": { "decimalLatitude": 66.59, "decimalLongitude": 19.9101, "month": 5, "species_sci": "Anas acuta", "species_com": "Northern Pintail / Onagagamo" }, "geometry": { "type": "Point", "coordinates": [ 19.9101, 66.59 ] } },
{ "type": "Feature", "properties": { "decimalLatitude": 51.4384, "decimalLongitude": -105.221, "month": 5, "species_sci": "Anas acuta", "species_com": "Northern Pintail / Onagagamo" }, "geometry": { "type": "Point", "coordinates": [ -105.221, 51.4384 ] } },
{ "type": "Feature", "properties": { "decimalLatitude": 55.4504, "decimalLongitude": 36.9244, "month": 5, "species_sci": "Anas acuta", "species_com": "Northern Pintail / Onagagamo" }, "geometry": { "type": "Point", "coordinates": [ 36.9244, 55.4504 ] } },
{ "type": "Feature", "properties": { "decimalLatitude": 57.8431, "decimalLongitude": 12.3545, "month": 5, "species_sci": "Anas acuta", "species_com": "Northern Pintail / Onagagamo" }, "geometry": { "type": "Point", "coordinates": [ 12.3545, 57.8431 ] } },
{ "type": "Feature", "properties": { "decimalLatitude": 65.8125, "decimalLongitude": 22.5284, "month": 5, "species_sci": "Anas acuta", "species_com": "Northern Pintail / Onagagamo" }, "geometry": { "type": "Point", "coordinates": [ 22.5284, 65.8125 ] } },
{ "type": "Feature", "properties": { "decimalLatitude": 56.4182, "decimalLongitude": 16.3987, "month": 5, "species_sci": "Anas acuta", "species_com": "Northern Pintail / Onagagamo" }, "geometry": { "type": "Point", "coordinates": [ 16.3987, 56.4182 ] } },
{ "type": "Feature", "properties": { "decimalLatitude": 67.2632, "decimalLongitude": 15.3487, "month": 5, "species_sci": "Anas acuta", "species_com": "Northern Pintail / Onagagamo" }, "geometry": { "type": "Point", "coordinates": [ 15.3487, 67.2632 ] } },
{ "type": "Feature", "properties": { "decimalLatitude": 56.5932, "decimalLongitude": 16.3918, "month": 5, "species_sci": "Anas acuta", "species_com": "Northern Pintail / Onagagamo" }, "geometry": { "type": "Point", "coordinates": [ 16.3918, 56.5932 ] } },
{ "type": "Feature", "properties": { "decimalLatitude": 58.7367, "decimalLongitude": 5.5384, "month": 5, "species_sci": "Anas acuta", "species_com": "Northern Pintail / Onagagamo" }, "geometry": { "type": "Point", "coordinates": [ 5.5384, 58.7367 ] } },
{ "type": "Feature", "properties": { "decimalLatitude": 55.7621, "decimalLongitude": 37.2631, "month": 5, "species_sci": "Anas acuta", "species_com": "Northern Pintail / Onagagamo" }, "geometry": { "type": "Point", "coordinates": [ 37.2631, 55.7621 ] } },
{ "type": "Feature", "properties": { "decimalLatitude": 70.1652, "decimalLongitude": 24.9105, "month": 6, "species_sci": "Anas acuta", "species_com": "Northern Pintail / Onagagamo" }, "geometry": { "type": "Point", "coordinates": [ 24.9105, 70.1652 ] } },
{ "type": "Feature", "properties": { "decimalLatitude": 55.1308, "decimalLongitude": 8.6857, "month": 6, "species_sci": "Anas acuta", "species_com": "Northern Pintail / Onagagamo" }, "geometry": { "type": "Point", "coordinates": [ 8.6857, 55.1308 ] } },
{ "type": "Feature", "properties": { "decimalLatitude": 58.948, "decimalLongitude": 17.5723, "month": 6, "species_sci": "Anas acuta", "species_com": "Northern Pintail / Onagagamo" }, "geometry": { "type": "Point", "coordinates": [ 17.5723, 58.948 ] } },
{ "type": "Feature", "properties": { "decimalLatitude": 45.506, "decimalLongitude": -123.0891, "month": 6, "species_sci": "Anas acuta", "species_com": "Northern Pintail / Onagagamo" }, "geometry": { "type": "Point", "coordinates": [ -123.0891, 45.506 ] } },
{ "type": "Feature", "properties": { "decimalLatitude": 70.1674, "decimalLongitude": 28.5811, "month": 6, "species_sci": "Anas acuta", "species_com": "Northern Pintail / Onagagamo" }, "geometry": { "type": "Point", "coordinates": [ 28.5811, 70.1674 ] } },
{ "type": "Feature", "properties": { "decimalLatitude": 53.619, "decimalLongitude": -113.6179, "month": 6, "species_sci": "Anas acuta", "species_com": "Northern Pintail / Onagagamo" }, "geometry": { "type": "Point", "coordinates": [ -113.6179, 53.619 ] } },
{ "type": "Feature", "properties": { "decimalLatitude": 69.1284, "decimalLongitude": 29.1585, "month": 6, "species_sci": "Anas acuta", "species_com": "Northern Pintail / Onagagamo" }, "geometry": { "type": "Point", "coordinates": [ 29.1585, 69.1284 ] } },
{ "type": "Feature", "properties": { "decimalLatitude": 70.1536, "decimalLongitude": 24.9024, "month": 6, "species_sci": "Anas acuta", "species_com": "Northern Pintail / Onagagamo" }, "geometry": { "type": "Point", "coordinates": [ 24.9024, 70.1536 ] } },
{ "type": "Feature", "properties": { "decimalLatitude": 55.8014, "decimalLongitude": 37.4187, "month": 6, "species_sci": "Anas acuta", "species_com": "Northern Pintail / Onagagamo" }, "geometry": { "type": "Point", "coordinates": [ 37.4187, 55.8014 ] } },
{ "type": "Feature", "properties": { "decimalLatitude": 70.1536, "decimalLongitude": 24.9024, "month": 6, "species_sci": "Anas acuta", "species_com": "Northern Pintail / Onagagamo" }, "geometry": { "type": "Point", "coordinates": [ 24.9024, 70.1536 ] } },
{ "type": "Feature", "properties": { "decimalLatitude": 55.3784, "decimalLongitude": 12.8122, "month": 6, "species_sci": "Anas acuta", "species_com": "Northern Pintail / Onagagamo" }, "geometry": { "type": "Point", "coordinates": [ 12.8122, 55.3784 ] } },
{ "type": "Feature", "properties": { "decimalLatitude": 52.4, "decimalLongitude": 4.55, "month": 6, "species_sci": "Anas acuta", "species_com": "Northern Pintail / Onagagamo" }, "geometry": { "type": "Point", "coordinates": [ 4.55, 52.4 ] } },
{ "type": "Feature", "properties": { "decimalLatitude": 65.3604, "decimalLongitude": 22.4732, "month": 6, "species_sci": "Anas acuta", "species_com": "Northern Pintail / Onagagamo" }, "geometry": { "type": "Point", "coordinates": [ 22.4732, 65.3604 ] } },
{ "type": "Feature", "properties": { "decimalLatitude": 68.1334, "decimalLongitude": 13.567, "month": 6, "species_sci": "Anas acuta", "species_com": "Northern Pintail / Onagagamo" }, "geometry": { "type": "Point", "coordinates": [ 13.567, 68.1334 ] } },
{ "type": "Feature", "properties": { "decimalLatitude": 64.4943, "decimalLongitude": -165.3755, "month": 6, "species_sci": "Anas acuta", "species_com": "Northern Pintail / Onagagamo" }, "geometry": { "type": "Point", "coordinates": [ -165.3755, 64.4943 ] } },
{ "type": "Feature", "properties": { "decimalLatitude": 45.3659, "decimalLongitude": -75.803, "month": 6, "species_sci": "Anas acuta", "species_com": "Northern Pintail / Onagagamo" }, "geometry": { "type": "Point", "coordinates": [ -75.803, 45.3659 ] } },
{ "type": "Feature", "properties": { "decimalLatitude": 58.1979, "decimalLongitude": 13.9707, "month": 6, "species_sci": "Anas acuta", "species_com": "Northern Pintail / Onagagamo" }, "geometry": { "type": "Point", "coordinates": [ 13.9707, 58.1979 ] } },
{ "type": "Feature", "properties": { "decimalLatitude": 65.0293, "decimalLongitude": 14.3327, "month": 6, "species_sci": "Anas acuta", "species_com": "Northern Pintail / Onagagamo" }, "geometry": { "type": "Point", "coordinates": [ 14.3327, 65.0293 ] } },
{ "type": "Feature", "properties": { "decimalLatitude": 70.1447, "decimalLongitude": 28.8634, "month": 6, "species_sci": "Anas acuta", "species_com": "Northern Pintail / Onagagamo" }, "geometry": { "type": "Point", "coordinates": [ 28.8634, 70.1447 ] } },
{ "type": "Feature", "properties": { "decimalLatitude": 67.5286, "decimalLongitude": 12.1142, "month": 6, "species_sci": "Anas acuta", "species_com": "Northern Pintail / Onagagamo" }, "geometry": { "type": "Point", "coordinates": [ 12.1142, 67.5286 ] } },
{ "type": "Feature", "properties": { "decimalLatitude": 60.5075, "decimalLongitude": 17.681, "month": 6, "species_sci": "Anas acuta", "species_com": "Northern Pintail / Onagagamo" }, "geometry": { "type": "Point", "coordinates": [ 17.681, 60.5075 ] } },
{ "type": "Feature", "properties": { "decimalLatitude": 67.8398, "decimalLongitude": 20.2362, "month": 6, "species_sci": "Anas acuta", "species_com": "Northern Pintail / Onagagamo" }, "geometry": { "type": "Point", "coordinates": [ 20.2362, 67.8398 ] } },
{ "type": "Feature", "properties": { "decimalLatitude": 46.7169, "decimalLongitude": -71.5417, "month": 6, "species_sci": "Anas acuta", "species_com": "Northern Pintail / Onagagamo" }, "geometry": { "type": "Point", "coordinates": [ -71.5417, 46.7169 ] } },
{ "type": "Feature", "properties": { "decimalLatitude": 49.1926, "decimalLongitude": -57.4305, "month": 6, "species_sci": "Anas acuta", "species_com": "Northern Pintail / Onagagamo" }, "geometry": { "type": "Point", "coordinates": [ -57.4305, 49.1926 ] } },
{ "type": "Feature", "properties": { "decimalLatitude": 52.4, "decimalLongitude": 4.55, "month": 6, "species_sci": "Anas acuta", "species_com": "Northern Pintail / Onagagamo" }, "geometry": { "type": "Point", "coordinates": [ 4.55, 52.4 ] } },
{ "type": "Feature", "properties": { "decimalLatitude": 54.8266, "decimalLongitude": 39.8111, "month": 6, "species_sci": "Anas acuta", "species_com": "Northern Pintail / Onagagamo" }, "geometry": { "type": "Point", "coordinates": [ 39.8111, 54.8266 ] } },
{ "type": "Feature", "properties": { "decimalLatitude": 68.6791, "decimalLongitude": 18.9553, "month": 6, "species_sci": "Anas acuta", "species_com": "Northern Pintail / Onagagamo" }, "geometry": { "type": "Point", "coordinates": [ 18.9553, 68.6791 ] } },
{ "type": "Feature", "properties": { "decimalLatitude": 56.46, "decimalLongitude": 9.993, "month": 6, "species_sci": "Anas acuta", "species_com": "Northern Pintail / Onagagamo" }, "geometry": { "type": "Point", "coordinates": [ 9.993, 56.46 ] } },
{ "type": "Feature", "properties": { "decimalLatitude": 52.0462, "decimalLongitude": 143.095, "month": 6, "species_sci": "Anas acuta", "species_com": "Northern Pintail / Onagagamo" }, "geometry": { "type": "Point", "coordinates": [ 143.095, 52.0462 ] } },
{ "type": "Feature", "properties": { "decimalLatitude": 52.4, "decimalLongitude": 4.55, "month": 6, "species_sci": "Anas acuta", "species_com": "Northern Pintail / Onagagamo" }, "geometry": { "type": "Point", "coordinates": [ 4.55, 52.4 ] } },
{ "type": "Feature", "properties": { "decimalLatitude": 69.4141, "decimalLongitude": 29.9464, "month": 6, "species_sci": "Anas acuta", "species_com": "Northern Pintail / Onagagamo" }, "geometry": { "type": "Point", "coordinates": [ 29.9464, 69.4141 ] } },
{ "type": "Feature", "properties": { "decimalLatitude": 70.5374, "decimalLongitude": 29.0777, "month": 6, "species_sci": "Anas acuta", "species_com": "Northern Pintail / Onagagamo" }, "geometry": { "type": "Point", "coordinates": [ 29.0777, 70.5374 ] } },
{ "type": "Feature", "properties": { "decimalLatitude": 70.729, "decimalLongitude": 29.3842, "month": 6, "species_sci": "Anas acuta", "species_com": "Northern Pintail / Onagagamo" }, "geometry": { "type": "Point", "coordinates": [ 29.3842, 70.729 ] } },
{ "type": "Feature", "properties": { "decimalLatitude": 51.75, "decimalLongitude": 4.75, "month": 6, "species_sci": "Anas acuta", "species_com": "Northern Pintail / Onagagamo" }, "geometry": { "type": "Point", "coordinates": [ 4.75, 51.75 ] } },
{ "type": "Feature", "properties": { "decimalLatitude": 68.5474, "decimalLongitude": 21.5361, "month": 6, "species_sci": "Anas acuta", "species_com": "Northern Pintail / Onagagamo" }, "geometry": { "type": "Point", "coordinates": [ 21.5361, 68.5474 ] } },
{ "type": "Feature", "properties": { "decimalLatitude": 69.4141, "decimalLongitude": 29.9464, "month": 6, "species_sci": "Anas acuta", "species_com": "Northern Pintail / Onagagamo" }, "geometry": { "type": "Point", "coordinates": [ 29.9464, 69.4141 ] } },
{ "type": "Feature", "properties": { "decimalLatitude": 59.3462, "decimalLongitude": 10.7419, "month": 6, "species_sci": "Anas acuta", "species_com": "Northern Pintail / Onagagamo" }, "geometry": { "type": "Point", "coordinates": [ 10.7419, 59.3462 ] } },
{ "type": "Feature", "properties": { "decimalLatitude": 46.7378, "decimalLongitude": -97.5554, "month": 6, "species_sci": "Anas acuta", "species_com": "Northern Pintail / Onagagamo" }, "geometry": { "type": "Point", "coordinates": [ -97.5554, 46.7378 ] } },
{ "type": "Feature", "properties": { "decimalLatitude": 58.2771, "decimalLongitude": 13.5217, "month": 6, "species_sci": "Anas acuta", "species_com": "Northern Pintail / Onagagamo" }, "geometry": { "type": "Point", "coordinates": [ 13.5217, 58.2771 ] } },
{ "type": "Feature", "properties": { "decimalLatitude": 65.0293, "decimalLongitude": 14.3327, "month": 6, "species_sci": "Anas acuta", "species_com": "Northern Pintail / Onagagamo" }, "geometry": { "type": "Point", "coordinates": [ 14.3327, 65.0293 ] } },
{ "type": "Feature", "properties": { "decimalLatitude": 68.1334, "decimalLongitude": 13.5688, "month": 6, "species_sci": "Anas acuta", "species_com": "Northern Pintail / Onagagamo" }, "geometry": { "type": "Point", "coordinates": [ 13.5688, 68.1334 ] } },
{ "type": "Feature", "properties": { "decimalLatitude": 55.3784, "decimalLongitude": 12.8122, "month": 6, "species_sci": "Anas acuta", "species_com": "Northern Pintail / Onagagamo" }, "geometry": { "type": "Point", "coordinates": [ 12.8122, 55.3784 ] } },
{ "type": "Feature", "properties": { "decimalLatitude": 48.5706, "decimalLongitude": -123.4292, "month": 6, "species_sci": "Anas acuta", "species_com": "Northern Pintail / Onagagamo" }, "geometry": { "type": "Point", "coordinates": [ -123.4292, 48.5706 ] } },
{ "type": "Feature", "properties": { "decimalLatitude": 56.4182, "decimalLongitude": 16.3987, "month": 6, "species_sci": "Anas acuta", "species_com": "Northern Pintail / Onagagamo" }, "geometry": { "type": "Point", "coordinates": [ 16.3987, 56.4182 ] } },
{ "type": "Feature", "properties": { "decimalLatitude": 52.5252, "decimalLongitude": -106.3964, "month": 6, "species_sci": "Anas acuta", "species_com": "Northern Pintail / Onagagamo" }, "geometry": { "type": "Point", "coordinates": [ -106.3964, 52.5252 ] } },
{ "type": "Feature", "properties": { "decimalLatitude": 70.4022, "decimalLongitude": 30.9425, "month": 6, "species_sci": "Anas acuta", "species_com": "Northern Pintail / Onagagamo" }, "geometry": { "type": "Point", "coordinates": [ 30.9425, 70.4022 ] } },
{ "type": "Feature", "properties": { "decimalLatitude": 63.006, "decimalLongitude": 17.7756, "month": 6, "species_sci": "Anas acuta", "species_com": "Northern Pintail / Onagagamo" }, "geometry": { "type": "Point", "coordinates": [ 17.7756, 63.006 ] } },
{ "type": "Feature", "properties": { "decimalLatitude": 55.9114, "decimalLongitude": 12.2847, "month": 6, "species_sci": "Anas acuta", "species_com": "Northern Pintail / Onagagamo" }, "geometry": { "type": "Point", "coordinates": [ 12.2847, 55.9114 ] } },
{ "type": "Feature", "properties": { "decimalLatitude": 70.3617, "decimalLongitude": 31.0325, "month": 6, "species_sci": "Anas acuta", "species_com": "Northern Pintail / Onagagamo" }, "geometry": { "type": "Point", "coordinates": [ 31.0325, 70.3617 ] } },
{ "type": "Feature", "properties": { "decimalLatitude": 54.6286, "decimalLongitude": 11.4293, "month": 6, "species_sci": "Anas acuta", "species_com": "Northern Pintail / Onagagamo" }, "geometry": { "type": "Point", "coordinates": [ 11.4293, 54.6286 ] } },
{ "type": "Feature", "properties": { "decimalLatitude": 60.5788, "decimalLongitude": 4.9532, "month": 6, "species_sci": "Anas acuta", "species_com": "Northern Pintail / Onagagamo" }, "geometry": { "type": "Point", "coordinates": [ 4.9532, 60.5788 ] } },
{ "type": "Feature", "properties": { "decimalLatitude": 53.8984, "decimalLongitude": -0.945, "month": 6, "species_sci": "Anas acuta", "species_com": "Northern Pintail / Onagagamo" }, "geometry": { "type": "Point", "coordinates": [ -0.945, 53.8984 ] } },
{ "type": "Feature", "properties": { "decimalLatitude": 52.4, "decimalLongitude": 4.55, "month": 6, "species_sci": "Anas acuta", "species_com": "Northern Pintail / Onagagamo" }, "geometry": { "type": "Point", "coordinates": [ 4.55, 52.4 ] } },
{ "type": "Feature", "properties": { "decimalLatitude": 67.5286, "decimalLongitude": 12.1142, "month": 6, "species_sci": "Anas acuta", "species_com": "Northern Pintail / Onagagamo" }, "geometry": { "type": "Point", "coordinates": [ 12.1142, 67.5286 ] } },
{ "type": "Feature", "properties": { "decimalLatitude": 59.3054, "decimalLongitude": 15.2052, "month": 6, "species_sci": "Anas acuta", "species_com": "Northern Pintail / Onagagamo" }, "geometry": { "type": "Point", "coordinates": [ 15.2052, 59.3054 ] } },
{ "type": "Feature", "properties": { "decimalLatitude": 56.5932, "decimalLongitude": 16.3918, "month": 6, "species_sci": "Anas acuta", "species_com": "Northern Pintail / Onagagamo" }, "geometry": { "type": "Point", "coordinates": [ 16.3918, 56.5932 ] } },
{ "type": "Feature", "properties": { "decimalLatitude": 70.1536, "decimalLongitude": 24.9024, "month": 6, "species_sci": "Anas acuta", "species_com": "Northern Pintail / Onagagamo" }, "geometry": { "type": "Point", "coordinates": [ 24.9024, 70.1536 ] } },
{ "type": "Feature", "properties": { "decimalLatitude": 59.1613, "decimalLongitude": 15.3824, "month": 6, "species_sci": "Anas acuta", "species_com": "Northern Pintail / Onagagamo" }, "geometry": { "type": "Point", "coordinates": [ 15.3824, 59.1613 ] } },
{ "type": "Feature", "properties": { "decimalLatitude": 67.5233, "decimalLongitude": 12.1077, "month": 6, "species_sci": "Anas acuta", "species_com": "Northern Pintail / Onagagamo" }, "geometry": { "type": "Point", "coordinates": [ 12.1077, 67.5233 ] } },
{ "type": "Feature", "properties": { "decimalLatitude": 52.55, "decimalLongitude": 5.35, "month": 6, "species_sci": "Anas acuta", "species_com": "Northern Pintail / Onagagamo" }, "geometry": { "type": "Point", "coordinates": [ 5.35, 52.55 ] } },
{ "type": "Feature", "properties": { "decimalLatitude": 69.4141, "decimalLongitude": 29.9464, "month": 6, "species_sci": "Anas acuta", "species_com": "Northern Pintail / Onagagamo" }, "geometry": { "type": "Point", "coordinates": [ 29.9464, 69.4141 ] } },
{ "type": "Feature", "properties": { "decimalLatitude": 58.463, "decimalLongitude": 15.5692, "month": 6, "species_sci": "Anas acuta", "species_com": "Northern Pintail / Onagagamo" }, "geometry": { "type": "Point", "coordinates": [ 15.5692, 58.463 ] } },
{ "type": "Feature", "properties": { "decimalLatitude": 55.3784, "decimalLongitude": 12.8122, "month": 6, "species_sci": "Anas acuta", "species_com": "Northern Pintail / Onagagamo" }, "geometry": { "type": "Point", "coordinates": [ 12.8122, 55.3784 ] } },
{ "type": "Feature", "properties": { "decimalLatitude": 70.2896, "decimalLongitude": 25.5127, "month": 6, "species_sci": "Anas acuta", "species_com": "Northern Pintail / Onagagamo" }, "geometry": { "type": "Point", "coordinates": [ 25.5127, 70.2896 ] } },
{ "type": "Feature", "properties": { "decimalLatitude": 63.3149, "decimalLongitude": 12.5376, "month": 6, "species_sci": "Anas acuta", "species_com": "Northern Pintail / Onagagamo" }, "geometry": { "type": "Point", "coordinates": [ 12.5376, 63.3149 ] } },
{ "type": "Feature", "properties": { "decimalLatitude": 68.3632, "decimalLongitude": 20.78, "month": 6, "species_sci": "Anas acuta", "species_com": "Northern Pintail / Onagagamo" }, "geometry": { "type": "Point", "coordinates": [ 20.78, 68.3632 ] } },
{ "type": "Feature", "properties": { "decimalLatitude": 57.3945, "decimalLongitude": 11.9291, "month": 6, "species_sci": "Anas acuta", "species_com": "Northern Pintail / Onagagamo" }, "geometry": { "type": "Point", "coordinates": [ 11.9291, 57.3945 ] } },
{ "type": "Feature", "properties": { "decimalLatitude": 55.9201, "decimalLongitude": 11.7144, "month": 6, "species_sci": "Anas acuta", "species_com": "Northern Pintail / Onagagamo" }, "geometry": { "type": "Point", "coordinates": [ 11.7144, 55.9201 ] } },
{ "type": "Feature", "properties": { "decimalLatitude": 51.945, "decimalLongitude": -2.185, "month": 6, "species_sci": "Anas acuta", "species_com": "Northern Pintail / Onagagamo" }, "geometry": { "type": "Point", "coordinates": [ -2.185, 51.945 ] } },
{ "type": "Feature", "properties": { "decimalLatitude": 70.1881, "decimalLongitude": 23.8503, "month": 6, "species_sci": "Anas acuta", "species_com": "Northern Pintail / Onagagamo" }, "geometry": { "type": "Point", "coordinates": [ 23.8503, 70.1881 ] } },
{ "type": "Feature", "properties": { "decimalLatitude": 69.1652, "decimalLongitude": 29.2468, "month": 6, "species_sci": "Anas acuta", "species_com": "Northern Pintail / Onagagamo" }, "geometry": { "type": "Point", "coordinates": [ 29.2468, 69.1652 ] } },
{ "type": "Feature", "properties": { "decimalLatitude": 53.35, "decimalLongitude": 6.15, "month": 6, "species_sci": "Anas acuta", "species_com": "Northern Pintail / Onagagamo" }, "geometry": { "type": "Point", "coordinates": [ 6.15, 53.35 ] } },
{ "type": "Feature", "properties": { "decimalLatitude": 68.1392, "decimalLongitude": 13.5644, "month": 6, "species_sci": "Anas acuta", "species_com": "Northern Pintail / Onagagamo" }, "geometry": { "type": "Point", "coordinates": [ 13.5644, 68.1392 ] } },
{ "type": "Feature", "properties": { "decimalLatitude": 55.9642, "decimalLongitude": 10.5671, "month": 6, "species_sci": "Anas acuta", "species_com": "Northern Pintail / Onagagamo" }, "geometry": { "type": "Point", "coordinates": [ 10.5671, 55.9642 ] } },
{ "type": "Feature", "properties": { "decimalLatitude": 70.5327, "decimalLongitude": 29.0944, "month": 6, "species_sci": "Anas acuta", "species_com": "Northern Pintail / Onagagamo" }, "geometry": { "type": "Point", "coordinates": [ 29.0944, 70.5327 ] } },
{ "type": "Feature", "properties": { "decimalLatitude": 70.5179, "decimalLongitude": 25.0763, "month": 6, "species_sci": "Anas acuta", "species_com": "Northern Pintail / Onagagamo" }, "geometry": { "type": "Point", "coordinates": [ 25.0763, 70.5179 ] } },
{ "type": "Feature", "properties": { "decimalLatitude": 47.6899, "decimalLongitude": -111.3497, "month": 6, "species_sci": "Anas acuta", "species_com": "Northern Pintail / Onagagamo" }, "geometry": { "type": "Point", "coordinates": [ -111.3497, 47.6899 ] } },
{ "type": "Feature", "properties": { "decimalLatitude": 70.3698, "decimalLongitude": 31.0194, "month": 6, "species_sci": "Anas acuta", "species_com": "Northern Pintail / Onagagamo" }, "geometry": { "type": "Point", "coordinates": [ 31.0194, 70.3698 ] } },
{ "type": "Feature", "properties": { "decimalLatitude": 70.6646, "decimalLongitude": 26.5875, "month": 6, "species_sci": "Anas acuta", "species_com": "Northern Pintail / Onagagamo" }, "geometry": { "type": "Point", "coordinates": [ 26.5875, 70.6646 ] } },
{ "type": "Feature", "properties": { "decimalLatitude": 52.4894, "decimalLongitude": -106.367, "month": 6, "species_sci": "Anas acuta", "species_com": "Northern Pintail / Onagagamo" }, "geometry": { "type": "Point", "coordinates": [ -106.367, 52.4894 ] } },
{ "type": "Feature", "properties": { "decimalLatitude": 52.4, "decimalLongitude": 4.55, "month": 6, "species_sci": "Anas acuta", "species_com": "Northern Pintail / Onagagamo" }, "geometry": { "type": "Point", "coordinates": [ 4.55, 52.4 ] } },
{ "type": "Feature", "properties": { "decimalLatitude": 55.3784, "decimalLongitude": 12.8122, "month": 6, "species_sci": "Anas acuta", "species_com": "Northern Pintail / Onagagamo" }, "geometry": { "type": "Point", "coordinates": [ 12.8122, 55.3784 ] } },
{ "type": "Feature", "properties": { "decimalLatitude": 53.35, "decimalLongitude": 6.15, "month": 6, "species_sci": "Anas acuta", "species_com": "Northern Pintail / Onagagamo" }, "geometry": { "type": "Point", "coordinates": [ 6.15, 53.35 ] } },
{ "type": "Feature", "properties": { "decimalLatitude": 70.1712, "decimalLongitude": 28.561, "month": 6, "species_sci": "Anas acuta", "species_com": "Northern Pintail / Onagagamo" }, "geometry": { "type": "Point", "coordinates": [ 28.561, 70.1712 ] } },
{ "type": "Feature", "properties": { "decimalLatitude": 60.6384, "decimalLongitude": 17.9806, "month": 6, "species_sci": "Anas acuta", "species_com": "Northern Pintail / Onagagamo" }, "geometry": { "type": "Point", "coordinates": [ 17.9806, 60.6384 ] } },
{ "type": "Feature", "properties": { "decimalLatitude": 57.9354, "decimalLongitude": 12.4943, "month": 6, "species_sci": "Anas acuta", "species_com": "Northern Pintail / Onagagamo" }, "geometry": { "type": "Point", "coordinates": [ 12.4943, 57.9354 ] } },
{ "type": "Feature", "properties": { "decimalLatitude": 58.088, "decimalLongitude": 14.3811, "month": 6, "species_sci": "Anas acuta", "species_com": "Northern Pintail / Onagagamo" }, "geometry": { "type": "Point", "coordinates": [ 14.3811, 58.088 ] } },
{ "type": "Feature", "properties": { "decimalLatitude": 70.1957, "decimalLongitude": 23.8773, "month": 6, "species_sci": "Anas acuta", "species_com": "Northern Pintail / Onagagamo" }, "geometry": { "type": "Point", "coordinates": [ 23.8773, 70.1957 ] } },
{ "type": "Feature", "properties": { "decimalLatitude": 58.277, "decimalLongitude": 13.5214, "month": 6, "species_sci": "Anas acuta", "species_com": "Northern Pintail / Onagagamo" }, "geometry": { "type": "Point", "coordinates": [ 13.5214, 58.277 ] } },
{ "type": "Feature", "properties": { "decimalLatitude": 53.35, "decimalLongitude": 6.15, "month": 6, "species_sci": "Anas acuta", "species_com": "Northern Pintail / Onagagamo" }, "geometry": { "type": "Point", "coordinates": [ 6.15, 53.35 ] } },
{ "type": "Feature", "properties": { "decimalLatitude": 50.6089, "decimalLongitude": -105.3096, "month": 6, "species_sci": "Anas acuta", "species_com": "Northern Pintail / Onagagamo" }, "geometry": { "type": "Point", "coordinates": [ -105.3096, 50.6089 ] } },
{ "type": "Feature", "properties": { "decimalLatitude": 52.4, "decimalLongitude": 4.55, "month": 6, "species_sci": "Anas acuta", "species_com": "Northern Pintail / Onagagamo" }, "geometry": { "type": "Point", "coordinates": [ 4.55, 52.4 ] } },
{ "type": "Feature", "properties": { "decimalLatitude": 58.4592, "decimalLongitude": 15.565, "month": 6, "species_sci": "Anas acuta", "species_com": "Northern Pintail / Onagagamo" }, "geometry": { "type": "Point", "coordinates": [ 15.565, 58.4592 ] } },
{ "type": "Feature", "properties": { "decimalLatitude": 55.3784, "decimalLongitude": 12.8122, "month": 6, "species_sci": "Anas acuta", "species_com": "Northern Pintail / Onagagamo" }, "geometry": { "type": "Point", "coordinates": [ 12.8122, 55.3784 ] } },
{ "type": "Feature", "properties": { "decimalLatitude": 59.9727, "decimalLongitude": 18.9065, "month": 6, "species_sci": "Anas acuta", "species_com": "Northern Pintail / Onagagamo" }, "geometry": { "type": "Point", "coordinates": [ 18.9065, 59.9727 ] } },
{ "type": "Feature", "properties": { "decimalLatitude": 57.8823, "decimalLongitude": 14.33, "month": 6, "species_sci": "Anas acuta", "species_com": "Northern Pintail / Onagagamo" }, "geometry": { "type": "Point", "coordinates": [ 14.33, 57.8823 ] } },
{ "type": "Feature", "properties": { "decimalLatitude": 68.6791, "decimalLongitude": 18.9553, "month": 6, "species_sci": "Anas acuta", "species_com": "Northern Pintail / Onagagamo" }, "geometry": { "type": "Point", "coordinates": [ 18.9553, 68.6791 ] } },
{ "type": "Feature", "properties": { "decimalLatitude": 58.3636, "decimalLongitude": 14.9155, "month": 6, "species_sci": "Anas acuta", "species_com": "Northern Pintail / Onagagamo" }, "geometry": { "type": "Point", "coordinates": [ 14.9155, 58.3636 ] } },
{ "type": "Feature", "properties": { "decimalLatitude": 69.7826, "decimalLongitude": 30.8271, "month": 6, "species_sci": "Anas acuta", "species_com": "Northern Pintail / Onagagamo" }, "geometry": { "type": "Point", "coordinates": [ 30.8271, 69.7826 ] } },
{ "type": "Feature", "properties": { "decimalLatitude": 70.5323, "decimalLongitude": 29.0927, "month": 6, "species_sci": "Anas acuta", "species_com": "Northern Pintail / Onagagamo" }, "geometry": { "type": "Point", "coordinates": [ 29.0927, 70.5323 ] } },
{ "type": "Feature", "properties": { "decimalLatitude": 52.4, "decimalLongitude": 4.55, "month": 6, "species_sci": "Anas acuta", "species_com": "Northern Pintail / Onagagamo" }, "geometry": { "type": "Point", "coordinates": [ 4.55, 52.4 ] } },
{ "type": "Feature", "properties": { "decimalLatitude": 58.3272, "decimalLongitude": 13.5751, "month": 6, "species_sci": "Anas acuta", "species_com": "Northern Pintail / Onagagamo" }, "geometry": { "type": "Point", "coordinates": [ 13.5751, 58.3272 ] } },
{ "type": "Feature", "properties": { "decimalLatitude": 55.9201, "decimalLongitude": 11.7144, "month": 6, "species_sci": "Anas acuta", "species_com": "Northern Pintail / Onagagamo" }, "geometry": { "type": "Point", "coordinates": [ 11.7144, 55.9201 ] } },
{ "type": "Feature", "properties": { "decimalLatitude": 45.7146, "decimalLongitude": -73.4945, "month": 6, "species_sci": "Anas acuta", "species_com": "Northern Pintail / Onagagamo" }, "geometry": { "type": "Point", "coordinates": [ -73.4945, 45.7146 ] } },
{ "type": "Feature", "properties": { "decimalLatitude": 59.3462, "decimalLongitude": 10.7419, "month": 6, "species_sci": "Anas acuta", "species_com": "Northern Pintail / Onagagamo" }, "geometry": { "type": "Point", "coordinates": [ 10.7419, 59.3462 ] } },
{ "type": "Feature", "properties": { "decimalLatitude": 59.1613, "decimalLongitude": 15.3824, "month": 6, "species_sci": "Anas acuta", "species_com": "Northern Pintail / Onagagamo" }, "geometry": { "type": "Point", "coordinates": [ 15.3824, 59.1613 ] } },
{ "type": "Feature", "properties": { "decimalLatitude": 56.2266, "decimalLongitude": 12.7494, "month": 6, "species_sci": "Anas acuta", "species_com": "Northern Pintail / Onagagamo" }, "geometry": { "type": "Point", "coordinates": [ 12.7494, 56.2266 ] } },
{ "type": "Feature", "properties": { "decimalLatitude": 58.4217, "decimalLongitude": 12.6109, "month": 6, "species_sci": "Anas acuta", "species_com": "Northern Pintail / Onagagamo" }, "geometry": { "type": "Point", "coordinates": [ 12.6109, 58.4217 ] } },
{ "type": "Feature", "properties": { "decimalLatitude": 65.3182, "decimalLongitude": 22.3662, "month": 6, "species_sci": "Anas acuta", "species_com": "Northern Pintail / Onagagamo" }, "geometry": { "type": "Point", "coordinates": [ 22.3662, 65.3182 ] } },
{ "type": "Feature", "properties": { "decimalLatitude": 68.4476, "decimalLongitude": 20.9789, "month": 6, "species_sci": "Anas acuta", "species_com": "Northern Pintail / Onagagamo" }, "geometry": { "type": "Point", "coordinates": [ 20.9789, 68.4476 ] } },
{ "type": "Feature", "properties": { "decimalLatitude": 59.3462, "decimalLongitude": 10.7419, "month": 6, "species_sci": "Anas acuta", "species_com": "Northern Pintail / Onagagamo" }, "geometry": { "type": "Point", "coordinates": [ 10.7419, 59.3462 ] } },
{ "type": "Feature", "properties": { "decimalLatitude": 56.4182, "decimalLongitude": 16.3987, "month": 6, "species_sci": "Anas acuta", "species_com": "Northern Pintail / Onagagamo" }, "geometry": { "type": "Point", "coordinates": [ 16.3987, 56.4182 ] } },
{ "type": "Feature", "properties": { "decimalLatitude": 56.0368, "decimalLongitude": 14.1314, "month": 6, "species_sci": "Anas acuta", "species_com": "Northern Pintail / Onagagamo" }, "geometry": { "type": "Point", "coordinates": [ 14.1314, 56.0368 ] } },
{ "type": "Feature", "properties": { "decimalLatitude": 70.4384, "decimalLongitude": 25.6136, "month": 6, "species_sci": "Anas acuta", "species_com": "Northern Pintail / Onagagamo" }, "geometry": { "type": "Point", "coordinates": [ 25.6136, 70.4384 ] } },
{ "type": "Feature", "properties": { "decimalLatitude": 55.6888, "decimalLongitude": 8.2028, "month": 6, "species_sci": "Anas acuta", "species_com": "Northern Pintail / Onagagamo" }, "geometry": { "type": "Point", "coordinates": [ 8.2028, 55.6888 ] } },
{ "type": "Feature", "properties": { "decimalLatitude": 70.3698, "decimalLongitude": 31.0194, "month": 6, "species_sci": "Anas acuta", "species_com": "Northern Pintail / Onagagamo" }, "geometry": { "type": "Point", "coordinates": [ 31.0194, 70.3698 ] } },
{ "type": "Feature", "properties": { "decimalLatitude": 68.5055, "decimalLongitude": 21.0152, "month": 6, "species_sci": "Anas acuta", "species_com": "Northern Pintail / Onagagamo" }, "geometry": { "type": "Point", "coordinates": [ 21.0152, 68.5055 ] } },
{ "type": "Feature", "properties": { "decimalLatitude": 62.1147, "decimalLongitude": 8.7446, "month": 6, "species_sci": "Anas acuta", "species_com": "Northern Pintail / Onagagamo" }, "geometry": { "type": "Point", "coordinates": [ 8.7446, 62.1147 ] } },
{ "type": "Feature", "properties": { "decimalLatitude": 70.1578, "decimalLongitude": 24.9188, "month": 6, "species_sci": "Anas acuta", "species_com": "Northern Pintail / Onagagamo" }, "geometry": { "type": "Point", "coordinates": [ 24.9188, 70.1578 ] } },
{ "type": "Feature", "properties": { "decimalLatitude": 70.2462, "decimalLongitude": 30.5737, "month": 6, "species_sci": "Anas acuta", "species_com": "Northern Pintail / Onagagamo" }, "geometry": { "type": "Point", "coordinates": [ 30.5737, 70.2462 ] } },
{ "type": "Feature", "properties": { "decimalLatitude": 53.9225, "decimalLongitude": -0.3673, "month": 6, "species_sci": "Anas acuta", "species_com": "Northern Pintail / Onagagamo" }, "geometry": { "type": "Point", "coordinates": [ -0.3673, 53.9225 ] } },
{ "type": "Feature", "properties": { "decimalLatitude": 69.6975, "decimalLongitude": 29.5654, "month": 6, "species_sci": "Anas acuta", "species_com": "Northern Pintail / Onagagamo" }, "geometry": { "type": "Point", "coordinates": [ 29.5654, 69.6975 ] } },
{ "type": "Feature", "properties": { "decimalLatitude": 65.318, "decimalLongitude": 22.3663, "month": 6, "species_sci": "Anas acuta", "species_com": "Northern Pintail / Onagagamo" }, "geometry": { "type": "Point", "coordinates": [ 22.3663, 65.318 ] } },
{ "type": "Feature", "properties": { "decimalLatitude": 70.1469, "decimalLongitude": 28.8514, "month": 6, "species_sci": "Anas acuta", "species_com": "Northern Pintail / Onagagamo" }, "geometry": { "type": "Point", "coordinates": [ 28.8514, 70.1469 ] } },
{ "type": "Feature", "properties": { "decimalLatitude": 59.8252, "decimalLongitude": 17.6686, "month": 6, "species_sci": "Anas acuta", "species_com": "Northern Pintail / Onagagamo" }, "geometry": { "type": "Point", "coordinates": [ 17.6686, 59.8252 ] } },
{ "type": "Feature", "properties": { "decimalLatitude": 69.1101, "decimalLongitude": 29.1868, "month": 6, "species_sci": "Anas acuta", "species_com": "Northern Pintail / Onagagamo" }, "geometry": { "type": "Point", "coordinates": [ 29.1868, 69.1101 ] } },
{ "type": "Feature", "properties": { "decimalLatitude": 69.6975, "decimalLongitude": 29.5654, "month": 6, "species_sci": "Anas acuta", "species_com": "Northern Pintail / Onagagamo" }, "geometry": { "type": "Point", "coordinates": [ 29.5654, 69.6975 ] } },
{ "type": "Feature", "properties": { "decimalLatitude": 55.1591, "decimalLongitude": 11.1437, "month": 6, "species_sci": "Anas acuta", "species_com": "Northern Pintail / Onagagamo" }, "geometry": { "type": "Point", "coordinates": [ 11.1437, 55.1591 ] } },
{ "type": "Feature", "properties": { "decimalLatitude": 59.1846, "decimalLongitude": 15.364, "month": 6, "species_sci": "Anas acuta", "species_com": "Northern Pintail / Onagagamo" }, "geometry": { "type": "Point", "coordinates": [ 15.364, 59.1846 ] } },
{ "type": "Feature", "properties": { "decimalLatitude": 59.667, "decimalLongitude": 17.3744, "month": 6, "species_sci": "Anas acuta", "species_com": "Northern Pintail / Onagagamo" }, "geometry": { "type": "Point", "coordinates": [ 17.3744, 59.667 ] } },
{ "type": "Feature", "properties": { "decimalLatitude": 52.4, "decimalLongitude": 4.55, "month": 6, "species_sci": "Anas acuta", "species_com": "Northern Pintail / Onagagamo" }, "geometry": { "type": "Point", "coordinates": [ 4.55, 52.4 ] } },
{ "type": "Feature", "properties": { "decimalLatitude": 56.4182, "decimalLongitude": 16.3987, "month": 6, "species_sci": "Anas acuta", "species_com": "Northern Pintail / Onagagamo" }, "geometry": { "type": "Point", "coordinates": [ 16.3987, 56.4182 ] } },
{ "type": "Feature", "properties": { "decimalLatitude": 49.0156, "decimalLongitude": -57.6067, "month": 6, "species_sci": "Anas acuta", "species_com": "Northern Pintail / Onagagamo" }, "geometry": { "type": "Point", "coordinates": [ -57.6067, 49.0156 ] } },
{ "type": "Feature", "properties": { "decimalLatitude": 67.5279, "decimalLongitude": 12.1039, "month": 6, "species_sci": "Anas acuta", "species_com": "Northern Pintail / Onagagamo" }, "geometry": { "type": "Point", "coordinates": [ 12.1039, 67.5279 ] } },
{ "type": "Feature", "properties": { "decimalLatitude": 58.4592, "decimalLongitude": 15.565, "month": 6, "species_sci": "Anas acuta", "species_com": "Northern Pintail / Onagagamo" }, "geometry": { "type": "Point", "coordinates": [ 15.565, 58.4592 ] } },
{ "type": "Feature", "properties": { "decimalLatitude": 59.3462, "decimalLongitude": 10.7419, "month": 6, "species_sci": "Anas acuta", "species_com": "Northern Pintail / Onagagamo" }, "geometry": { "type": "Point", "coordinates": [ 10.7419, 59.3462 ] } },
{ "type": "Feature", "properties": { "decimalLatitude": 49.2149, "decimalLongitude": -100.469, "month": 6, "species_sci": "Anas acuta", "species_com": "Northern Pintail / Onagagamo" }, "geometry": { "type": "Point", "coordinates": [ -100.469, 49.2149 ] } },
{ "type": "Feature", "properties": { "decimalLatitude": 70.3873, "decimalLongitude": 30.9607, "month": 6, "species_sci": "Anas acuta", "species_com": "Northern Pintail / Onagagamo" }, "geometry": { "type": "Point", "coordinates": [ 30.9607, 70.3873 ] } },
{ "type": "Feature", "properties": { "decimalLatitude": 70.1536, "decimalLongitude": 24.9024, "month": 6, "species_sci": "Anas acuta", "species_com": "Northern Pintail / Onagagamo" }, "geometry": { "type": "Point", "coordinates": [ 24.9024, 70.1536 ] } },
{ "type": "Feature", "properties": { "decimalLatitude": 59.1602, "decimalLongitude": 15.3753, "month": 6, "species_sci": "Anas acuta", "species_com": "Northern Pintail / Onagagamo" }, "geometry": { "type": "Point", "coordinates": [ 15.3753, 59.1602 ] } },
{ "type": "Feature", "properties": { "decimalLatitude": 58.2757, "decimalLongitude": 12.3686, "month": 6, "species_sci": "Anas acuta", "species_com": "Northern Pintail / Onagagamo" }, "geometry": { "type": "Point", "coordinates": [ 12.3686, 58.2757 ] } },
{ "type": "Feature", "properties": { "decimalLatitude": 70.1469, "decimalLongitude": 28.8514, "month": 6, "species_sci": "Anas acuta", "species_com": "Northern Pintail / Onagagamo" }, "geometry": { "type": "Point", "coordinates": [ 28.8514, 70.1469 ] } },
{ "type": "Feature", "properties": { "decimalLatitude": 65.6326, "decimalLongitude": -16.9888, "month": 6, "species_sci": "Anas acuta", "species_com": "Northern Pintail / Onagagamo" }, "geometry": { "type": "Point", "coordinates": [ -16.9888, 65.6326 ] } },
{ "type": "Feature", "properties": { "decimalLatitude": 54.5596, "decimalLongitude": 11.9697, "month": 6, "species_sci": "Anas acuta", "species_com": "Northern Pintail / Onagagamo" }, "geometry": { "type": "Point", "coordinates": [ 11.9697, 54.5596 ] } },
{ "type": "Feature", "properties": { "decimalLatitude": 57.0486, "decimalLongitude": 9.088, "month": 6, "species_sci": "Anas acuta", "species_com": "Northern Pintail / Onagagamo" }, "geometry": { "type": "Point", "coordinates": [ 9.088, 57.0486 ] } },
{ "type": "Feature", "properties": { "decimalLatitude": 63.8083, "decimalLongitude": 11.435, "month": 6, "species_sci": "Anas acuta", "species_com": "Northern Pintail / Onagagamo" }, "geometry": { "type": "Point", "coordinates": [ 11.435, 63.8083 ] } },
{ "type": "Feature", "properties": { "decimalLatitude": 60.426, "decimalLongitude": 10.4794, "month": 6, "species_sci": "Anas acuta", "species_com": "Northern Pintail / Onagagamo" }, "geometry": { "type": "Point", "coordinates": [ 10.4794, 60.426 ] } },
{ "type": "Feature", "properties": { "decimalLatitude": 58.95, "decimalLongitude": 17.6122, "month": 6, "species_sci": "Anas acuta", "species_com": "Northern Pintail / Onagagamo" }, "geometry": { "type": "Point", "coordinates": [ 17.6122, 58.95 ] } },
{ "type": "Feature", "properties": { "decimalLatitude": 54.9953, "decimalLongitude": 10.5428, "month": 6, "species_sci": "Anas acuta", "species_com": "Northern Pintail / Onagagamo" }, "geometry": { "type": "Point", "coordinates": [ 10.5428, 54.9953 ] } },
{ "type": "Feature", "properties": { "decimalLatitude": 70.149, "decimalLongitude": 24.9062, "month": 6, "species_sci": "Anas acuta", "species_com": "Northern Pintail / Onagagamo" }, "geometry": { "type": "Point", "coordinates": [ 24.9062, 70.149 ] } },
{ "type": "Feature", "properties": { "decimalLatitude": 55.3784, "decimalLongitude": 12.8122, "month": 7, "species_sci": "Anas acuta", "species_com": "Northern Pintail / Onagagamo" }, "geometry": { "type": "Point", "coordinates": [ 12.8122, 55.3784 ] } },
{ "type": "Feature", "properties": { "decimalLatitude": 60.5075, "decimalLongitude": 17.681, "month": 7, "species_sci": "Anas acuta", "species_com": "Northern Pintail / Onagagamo" }, "geometry": { "type": "Point", "coordinates": [ 17.681, 60.5075 ] } },
{ "type": "Feature", "properties": { "decimalLatitude": 55.9061, "decimalLongitude": 8.3726, "month": 7, "species_sci": "Anas acuta", "species_com": "Northern Pintail / Onagagamo" }, "geometry": { "type": "Point", "coordinates": [ 8.3726, 55.9061 ] } },
{ "type": "Feature", "properties": { "decimalLatitude": 66.2781, "decimalLongitude": 16.6545, "month": 7, "species_sci": "Anas acuta", "species_com": "Northern Pintail / Onagagamo" }, "geometry": { "type": "Point", "coordinates": [ 16.6545, 66.2781 ] } },
{ "type": "Feature", "properties": { "decimalLatitude": 70.1714, "decimalLongitude": 28.5621, "month": 7, "species_sci": "Anas acuta", "species_com": "Northern Pintail / Onagagamo" }, "geometry": { "type": "Point", "coordinates": [ 28.5621, 70.1714 ] } },
{ "type": "Feature", "properties": { "decimalLatitude": 47.5825, "decimalLongitude": -52.7308, "month": 7, "species_sci": "Anas acuta", "species_com": "Northern Pintail / Onagagamo" }, "geometry": { "type": "Point", "coordinates": [ -52.7308, 47.5825 ] } },
{ "type": "Feature", "properties": { "decimalLatitude": 59.706, "decimalLongitude": 16.4844, "month": 7, "species_sci": "Anas acuta", "species_com": "Northern Pintail / Onagagamo" }, "geometry": { "type": "Point", "coordinates": [ 16.4844, 59.706 ] } },
{ "type": "Feature", "properties": { "decimalLatitude": 65.4375, "decimalLongitude": 27.0888, "month": 7, "species_sci": "Anas acuta", "species_com": "Northern Pintail / Onagagamo" }, "geometry": { "type": "Point", "coordinates": [ 27.0888, 65.4375 ] } },
{ "type": "Feature", "properties": { "decimalLatitude": 56.992, "decimalLongitude": 18.3522, "month": 7, "species_sci": "Anas acuta", "species_com": "Northern Pintail / Onagagamo" }, "geometry": { "type": "Point", "coordinates": [ 18.3522, 56.992 ] } },
{ "type": "Feature", "properties": { "decimalLatitude": 56.7281, "decimalLongitude": 8.2442, "month": 7, "species_sci": "Anas acuta", "species_com": "Northern Pintail / Onagagamo" }, "geometry": { "type": "Point", "coordinates": [ 8.2442, 56.7281 ] } },
{ "type": "Feature", "properties": { "decimalLatitude": 59.1846, "decimalLongitude": 15.364, "month": 7, "species_sci": "Anas acuta", "species_com": "Northern Pintail / Onagagamo" }, "geometry": { "type": "Point", "coordinates": [ 15.364, 59.1846 ] } },
{ "type": "Feature", "properties": { "decimalLatitude": 51.75, "decimalLongitude": 4.75, "month": 7, "species_sci": "Anas acuta", "species_com": "Northern Pintail / Onagagamo" }, "geometry": { "type": "Point", "coordinates": [ 4.75, 51.75 ] } },
{ "type": "Feature", "properties": { "decimalLatitude": 54.7063, "decimalLongitude": 158.6182, "month": 7, "species_sci": "Anas acuta", "species_com": "Northern Pintail / Onagagamo" }, "geometry": { "type": "Point", "coordinates": [ 158.6182, 54.7063 ] } },
{ "type": "Feature", "properties": { "decimalLatitude": 68.1334, "decimalLongitude": 13.5688, "month": 7, "species_sci": "Anas acuta", "species_com": "Northern Pintail / Onagagamo" }, "geometry": { "type": "Point", "coordinates": [ 13.5688, 68.1334 ] } },
{ "type": "Feature", "properties": { "decimalLatitude": 63.7011, "decimalLongitude": 11.0625, "month": 7, "species_sci": "Anas acuta", "species_com": "Northern Pintail / Onagagamo" }, "geometry": { "type": "Point", "coordinates": [ 11.0625, 63.7011 ] } },
{ "type": "Feature", "properties": { "decimalLatitude": 55.6403, "decimalLongitude": 13.0505, "month": 7, "species_sci": "Anas acuta", "species_com": "Northern Pintail / Onagagamo" }, "geometry": { "type": "Point", "coordinates": [ 13.0505, 55.6403 ] } },
{ "type": "Feature", "properties": { "decimalLatitude": 46.2452, "decimalLongitude": -119.2307, "month": 7, "species_sci": "Anas acuta", "species_com": "Northern Pintail / Onagagamo" }, "geometry": { "type": "Point", "coordinates": [ -119.2307, 46.2452 ] } },
{ "type": "Feature", "properties": { "decimalLatitude": 57.2839, "decimalLongitude": 18.6803, "month": 7, "species_sci": "Anas acuta", "species_com": "Northern Pintail / Onagagamo" }, "geometry": { "type": "Point", "coordinates": [ 18.6803, 57.2839 ] } },
{ "type": "Feature", "properties": { "decimalLatitude": 52.05, "decimalLongitude": 4.4, "month": 7, "species_sci": "Anas acuta", "species_com": "Northern Pintail / Onagagamo" }, "geometry": { "type": "Point", "coordinates": [ 4.4, 52.05 ] } },
{ "type": "Feature", "properties": { "decimalLatitude": 56.2177, "decimalLongitude": 16.4443, "month": 7, "species_sci": "Anas acuta", "species_com": "Northern Pintail / Onagagamo" }, "geometry": { "type": "Point", "coordinates": [ 16.4443, 56.2177 ] } },
{ "type": "Feature", "properties": { "decimalLatitude": 61.8436, "decimalLongitude": 8.5857, "month": 7, "species_sci": "Anas acuta", "species_com": "Northern Pintail / Onagagamo" }, "geometry": { "type": "Point", "coordinates": [ 8.5857, 61.8436 ] } },
{ "type": "Feature", "properties": { "decimalLatitude": 55.9224, "decimalLongitude": 14.3262, "month": 7, "species_sci": "Anas acuta", "species_com": "Northern Pintail / Onagagamo" }, "geometry": { "type": "Point", "coordinates": [ 14.3262, 55.9224 ] } },
{ "type": "Feature", "properties": { "decimalLatitude": 55.3844, "decimalLongitude": 14.1929, "month": 7, "species_sci": "Anas acuta", "species_com": "Northern Pintail / Onagagamo" }, "geometry": { "type": "Point", "coordinates": [ 14.1929, 55.3844 ] } },
{ "type": "Feature", "properties": { "decimalLatitude": 56.1428, "decimalLongitude": 10.0738, "month": 7, "species_sci": "Anas acuta", "species_com": "Northern Pintail / Onagagamo" }, "geometry": { "type": "Point", "coordinates": [ 10.0738, 56.1428 ] } },
{ "type": "Feature", "properties": { "decimalLatitude": 53.15, "decimalLongitude": 5.4, "month": 7, "species_sci": "Anas acuta", "species_com": "Northern Pintail / Onagagamo" }, "geometry": { "type": "Point", "coordinates": [ 5.4, 53.15 ] } },
{ "type": "Feature", "properties": { "decimalLatitude": 57.3082, "decimalLongitude": 13.9633, "month": 7, "species_sci": "Anas acuta", "species_com": "Northern Pintail / Onagagamo" }, "geometry": { "type": "Point", "coordinates": [ 13.9633, 57.3082 ] } },
{ "type": "Feature", "properties": { "decimalLatitude": 60.5094, "decimalLongitude": 17.7178, "month": 7, "species_sci": "Anas acuta", "species_com": "Northern Pintail / Onagagamo" }, "geometry": { "type": "Point", "coordinates": [ 17.7178, 60.5094 ] } },
{ "type": "Feature", "properties": { "decimalLatitude": 57.4523, "decimalLongitude": 18.7908, "month": 7, "species_sci": "Anas acuta", "species_com": "Northern Pintail / Onagagamo" }, "geometry": { "type": "Point", "coordinates": [ 18.7908, 57.4523 ] } },
{ "type": "Feature", "properties": { "decimalLatitude": 60.5094, "decimalLongitude": 17.7178, "month": 7, "species_sci": "Anas acuta", "species_com": "Northern Pintail / Onagagamo" }, "geometry": { "type": "Point", "coordinates": [ 17.7178, 60.5094 ] } },
{ "type": "Feature", "properties": { "decimalLatitude": 52.05, "decimalLongitude": 4.4, "month": 7, "species_sci": "Anas acuta", "species_com": "Northern Pintail / Onagagamo" }, "geometry": { "type": "Point", "coordinates": [ 4.4, 52.05 ] } },
{ "type": "Feature", "properties": { "decimalLatitude": 63.2322, "decimalLongitude": 14.629, "month": 7, "species_sci": "Anas acuta", "species_com": "Northern Pintail / Onagagamo" }, "geometry": { "type": "Point", "coordinates": [ 14.629, 63.2322 ] } },
{ "type": "Feature", "properties": { "decimalLatitude": 58.6958, "decimalLongitude": 17.1443, "month": 7, "species_sci": "Anas acuta", "species_com": "Northern Pintail / Onagagamo" }, "geometry": { "type": "Point", "coordinates": [ 17.1443, 58.6958 ] } },
{ "type": "Feature", "properties": { "decimalLatitude": 56.9187, "decimalLongitude": 12.3698, "month": 7, "species_sci": "Anas acuta", "species_com": "Northern Pintail / Onagagamo" }, "geometry": { "type": "Point", "coordinates": [ 12.3698, 56.9187 ] } },
{ "type": "Feature", "properties": { "decimalLatitude": 53.05, "decimalLongitude": 6.7, "month": 7, "species_sci": "Anas acuta", "species_com": "Northern Pintail / Onagagamo" }, "geometry": { "type": "Point", "coordinates": [ 6.7, 53.05 ] } },
{ "type": "Feature", "properties": { "decimalLatitude": 60.5094, "decimalLongitude": 17.7178, "month": 7, "species_sci": "Anas acuta", "species_com": "Northern Pintail / Onagagamo" }, "geometry": { "type": "Point", "coordinates": [ 17.7178, 60.5094 ] } },
{ "type": "Feature", "properties": { "decimalLatitude": 55.6473, "decimalLongitude": 13.0547, "month": 7, "species_sci": "Anas acuta", "species_com": "Northern Pintail / Onagagamo" }, "geometry": { "type": "Point", "coordinates": [ 13.0547, 55.6473 ] } },
{ "type": "Feature", "properties": { "decimalLatitude": 59.5496, "decimalLongitude": 18.1612, "month": 7, "species_sci": "Anas acuta", "species_com": "Northern Pintail / Onagagamo" }, "geometry": { "type": "Point", "coordinates": [ 18.1612, 59.5496 ] } },
{ "type": "Feature", "properties": { "decimalLatitude": 57.9884, "decimalLongitude": 19.2194, "month": 7, "species_sci": "Anas acuta", "species_com": "Northern Pintail / Onagagamo" }, "geometry": { "type": "Point", "coordinates": [ 19.2194, 57.9884 ] } },
{ "type": "Feature", "properties": { "decimalLatitude": 57.9854, "decimalLongitude": 19.2102, "month": 7, "species_sci": "Anas acuta", "species_com": "Northern Pintail / Onagagamo" }, "geometry": { "type": "Point", "coordinates": [ 19.2102, 57.9854 ] } },
{ "type": "Feature", "properties": { "decimalLatitude": 67.5205, "decimalLongitude": 12.1334, "month": 7, "species_sci": "Anas acuta", "species_com": "Northern Pintail / Onagagamo" }, "geometry": { "type": "Point", "coordinates": [ 12.1334, 67.5205 ] } },
{ "type": "Feature", "properties": { "decimalLatitude": 68.6785, "decimalLongitude": 16.5781, "month": 7, "species_sci": "Anas acuta", "species_com": "Northern Pintail / Onagagamo" }, "geometry": { "type": "Point", "coordinates": [ 16.5781, 68.6785 ] } },
{ "type": "Feature", "properties": { "decimalLatitude": 56.6062, "decimalLongitude": 12.9152, "month": 7, "species_sci": "Anas acuta", "species_com": "Northern Pintail / Onagagamo" }, "geometry": { "type": "Point", "coordinates": [ 12.9152, 56.6062 ] } },
{ "type": "Feature", "properties": { "decimalLatitude": 68.8765, "decimalLongitude": 21.1474, "month": 7, "species_sci": "Anas acuta", "species_com": "Northern Pintail / Onagagamo" }, "geometry": { "type": "Point", "coordinates": [ 21.1474, 68.8765 ] } },
{ "type": "Feature", "properties": { "decimalLatitude": 58.088, "decimalLongitude": 14.3811, "month": 7, "species_sci": "Anas acuta", "species_com": "Northern Pintail / Onagagamo" }, "geometry": { "type": "Point", "coordinates": [ 14.3811, 58.088 ] } },
{ "type": "Feature", "properties": { "decimalLatitude": 58.277, "decimalLongitude": 13.5214, "month": 7, "species_sci": "Anas acuta", "species_com": "Northern Pintail / Onagagamo" }, "geometry": { "type": "Point", "coordinates": [ 13.5214, 58.277 ] } },
{ "type": "Feature", "properties": { "decimalLatitude": 58.887, "decimalLongitude": 9.6134, "month": 7, "species_sci": "Anas acuta", "species_com": "Northern Pintail / Onagagamo" }, "geometry": { "type": "Point", "coordinates": [ 9.6134, 58.887 ] } },
{ "type": "Feature", "properties": { "decimalLatitude": 62.0183, "decimalLongitude": 9.8615, "month": 7, "species_sci": "Anas acuta", "species_com": "Northern Pintail / Onagagamo" }, "geometry": { "type": "Point", "coordinates": [ 9.8615, 62.0183 ] } },
{ "type": "Feature", "properties": { "decimalLatitude": 59.915, "decimalLongitude": 163.4718, "month": 7, "species_sci": "Anas acuta", "species_com": "Northern Pintail / Onagagamo" }, "geometry": { "type": "Point", "coordinates": [ 163.4718, 59.915 ] } },
{ "type": "Feature", "properties": { "decimalLatitude": 64.4828, "decimalLongitude": 25.2286, "month": 7, "species_sci": "Anas acuta", "species_com": "Northern Pintail / Onagagamo" }, "geometry": { "type": "Point", "coordinates": [ 25.2286, 64.4828 ] } },
{ "type": "Feature", "properties": { "decimalLatitude": 62.7509, "decimalLongitude": 12.7559, "month": 7, "species_sci": "Anas acuta", "species_com": "Northern Pintail / Onagagamo" }, "geometry": { "type": "Point", "coordinates": [ 12.7559, 62.7509 ] } },
{ "type": "Feature", "properties": { "decimalLatitude": 70.1674, "decimalLongitude": 28.5811, "month": 7, "species_sci": "Anas acuta", "species_com": "Northern Pintail / Onagagamo" }, "geometry": { "type": "Point", "coordinates": [ 28.5811, 70.1674 ] } },
{ "type": "Feature", "properties": { "decimalLatitude": 57.0288, "decimalLongitude": 12.3098, "month": 7, "species_sci": "Anas acuta", "species_com": "Northern Pintail / Onagagamo" }, "geometry": { "type": "Point", "coordinates": [ 12.3098, 57.0288 ] } },
{ "type": "Feature", "properties": { "decimalLatitude": 53.15, "decimalLongitude": 5.4, "month": 7, "species_sci": "Anas acuta", "species_com": "Northern Pintail / Onagagamo" }, "geometry": { "type": "Point", "coordinates": [ 5.4, 53.15 ] } },
{ "type": "Feature", "properties": { "decimalLatitude": 55.5121, "decimalLongitude": 14.1762, "month": 7, "species_sci": "Anas acuta", "species_com": "Northern Pintail / Onagagamo" }, "geometry": { "type": "Point", "coordinates": [ 14.1762, 55.5121 ] } },
{ "type": "Feature", "properties": { "decimalLatitude": 55.3784, "decimalLongitude": 12.8122, "month": 7, "species_sci": "Anas acuta", "species_com": "Northern Pintail / Onagagamo" }, "geometry": { "type": "Point", "coordinates": [ 12.8122, 55.3784 ] } },
{ "type": "Feature", "properties": { "decimalLatitude": 68.1391, "decimalLongitude": 13.5649, "month": 7, "species_sci": "Anas acuta", "species_com": "Northern Pintail / Onagagamo" }, "geometry": { "type": "Point", "coordinates": [ 13.5649, 68.1391 ] } },
{ "type": "Feature", "properties": { "decimalLatitude": 56.3318, "decimalLongitude": 16.5436, "month": 7, "species_sci": "Anas acuta", "species_com": "Northern Pintail / Onagagamo" }, "geometry": { "type": "Point", "coordinates": [ 16.5436, 56.3318 ] } },
{ "type": "Feature", "properties": { "decimalLatitude": 46.1425, "decimalLongitude": -64.1461, "month": 7, "species_sci": "Anas acuta", "species_com": "Northern Pintail / Onagagamo" }, "geometry": { "type": "Point", "coordinates": [ -64.1461, 46.1425 ] } },
{ "type": "Feature", "properties": { "decimalLatitude": 65.5718, "decimalLongitude": 23.7606, "month": 7, "species_sci": "Anas acuta", "species_com": "Northern Pintail / Onagagamo" }, "geometry": { "type": "Point", "coordinates": [ 23.7606, 65.5718 ] } },
{ "type": "Feature", "properties": { "decimalLatitude": 51.95, "decimalLongitude": 4.75, "month": 7, "species_sci": "Anas acuta", "species_com": "Northern Pintail / Onagagamo" }, "geometry": { "type": "Point", "coordinates": [ 4.75, 51.95 ] } },
{ "type": "Feature", "properties": { "decimalLatitude": 64.7415, "decimalLongitude": 177.766, "month": 7, "species_sci": "Anas acuta", "species_com": "Northern Pintail / Onagagamo" }, "geometry": { "type": "Point", "coordinates": [ 177.766, 64.7415 ] } },
{ "type": "Feature", "properties": { "decimalLatitude": 52.7213, "decimalLongitude": -1.1729, "month": 7, "species_sci": "Anas acuta", "species_com": "Northern Pintail / Onagagamo" }, "geometry": { "type": "Point", "coordinates": [ -1.1729, 52.7213 ] } },
{ "type": "Feature", "properties": { "decimalLatitude": 60.0514, "decimalLongitude": 29.9638, "month": 7, "species_sci": "Anas acuta", "species_com": "Northern Pintail / Onagagamo" }, "geometry": { "type": "Point", "coordinates": [ 29.9638, 60.0514 ] } },
{ "type": "Feature", "properties": { "decimalLatitude": 53.05, "decimalLongitude": 4.85, "month": 7, "species_sci": "Anas acuta", "species_com": "Northern Pintail / Onagagamo" }, "geometry": { "type": "Point", "coordinates": [ 4.85, 53.05 ] } },
{ "type": "Feature", "properties": { "decimalLatitude": 68.1391, "decimalLongitude": 13.5649, "month": 7, "species_sci": "Anas acuta", "species_com": "Northern Pintail / Onagagamo" }, "geometry": { "type": "Point", "coordinates": [ 13.5649, 68.1391 ] } },
{ "type": "Feature", "properties": { "decimalLatitude": 67.6559, "decimalLongitude": 12.6969, "month": 7, "species_sci": "Anas acuta", "species_com": "Northern Pintail / Onagagamo" }, "geometry": { "type": "Point", "coordinates": [ 12.6969, 67.6559 ] } },
{ "type": "Feature", "properties": { "decimalLatitude": 56.5146, "decimalLongitude": 16.381, "month": 7, "species_sci": "Anas acuta", "species_com": "Northern Pintail / Onagagamo" }, "geometry": { "type": "Point", "coordinates": [ 16.381, 56.5146 ] } },
{ "type": "Feature", "properties": { "decimalLatitude": 48.6363, "decimalLongitude": -4.2926, "month": 7, "species_sci": "Anas acuta", "species_com": "Northern Pintail / Onagagamo" }, "geometry": { "type": "Point", "coordinates": [ -4.2926, 48.6363 ] } },
{ "type": "Feature", "properties": { "decimalLatitude": 70.3722, "decimalLongitude": 31.0192, "month": 7, "species_sci": "Anas acuta", "species_com": "Northern Pintail / Onagagamo" }, "geometry": { "type": "Point", "coordinates": [ 31.0192, 70.3722 ] } },
{ "type": "Feature", "properties": { "decimalLatitude": 52.0, "decimalLongitude": 4.45, "month": 7, "species_sci": "Anas acuta", "species_com": "Northern Pintail / Onagagamo" }, "geometry": { "type": "Point", "coordinates": [ 4.45, 52.0 ] } },
{ "type": "Feature", "properties": { "decimalLatitude": 58.887, "decimalLongitude": 9.6134, "month": 7, "species_sci": "Anas acuta", "species_com": "Northern Pintail / Onagagamo" }, "geometry": { "type": "Point", "coordinates": [ 9.6134, 58.887 ] } },
{ "type": "Feature", "properties": { "decimalLatitude": 63.6825, "decimalLongitude": 9.5443, "month": 7, "species_sci": "Anas acuta", "species_com": "Northern Pintail / Onagagamo" }, "geometry": { "type": "Point", "coordinates": [ 9.5443, 63.6825 ] } },
{ "type": "Feature", "properties": { "decimalLatitude": 59.4522, "decimalLongitude": 16.3212, "month": 7, "species_sci": "Anas acuta", "species_com": "Northern Pintail / Onagagamo" }, "geometry": { "type": "Point", "coordinates": [ 16.3212, 59.4522 ] } },
{ "type": "Feature", "properties": { "decimalLatitude": 51.6095, "decimalLongitude": -55.8997, "month": 7, "species_sci": "Anas acuta", "species_com": "Northern Pintail / Onagagamo" }, "geometry": { "type": "Point", "coordinates": [ -55.8997, 51.6095 ] } },
{ "type": "Feature", "properties": { "decimalLatitude": 55.6389, "decimalLongitude": 13.0494, "month": 7, "species_sci": "Anas acuta", "species_com": "Northern Pintail / Onagagamo" }, "geometry": { "type": "Point", "coordinates": [ 13.0494, 55.6389 ] } },
{ "type": "Feature", "properties": { "decimalLatitude": 55.9224, "decimalLongitude": 14.3262, "month": 7, "species_sci": "Anas acuta", "species_com": "Northern Pintail / Onagagamo" }, "geometry": { "type": "Point", "coordinates": [ 14.3262, 55.9224 ] } },
{ "type": "Feature", "properties": { "decimalLatitude": 59.1528, "decimalLongitude": -94.782, "month": 7, "species_sci": "Anas acuta", "species_com": "Northern Pintail / Onagagamo" }, "geometry": { "type": "Point", "coordinates": [ -94.782, 59.1528 ] } },
{ "type": "Feature", "properties": { "decimalLatitude": 64.5831, "decimalLongitude": 27.1008, "month": 7, "species_sci": "Anas acuta", "species_com": "Northern Pintail / Onagagamo" }, "geometry": { "type": "Point", "coordinates": [ 27.1008, 64.5831 ] } },
{ "type": "Feature", "properties": { "decimalLatitude": 59.2184, "decimalLongitude": 5.4919, "month": 7, "species_sci": "Anas acuta", "species_com": "Northern Pintail / Onagagamo" }, "geometry": { "type": "Point", "coordinates": [ 5.4919, 59.2184 ] } },
{ "type": "Feature", "properties": { "decimalLatitude": 56.1964, "decimalLongitude": 16.3993, "month": 7, "species_sci": "Anas acuta", "species_com": "Northern Pintail / Onagagamo" }, "geometry": { "type": "Point", "coordinates": [ 16.3993, 56.1964 ] } },
{ "type": "Feature", "properties": { "decimalLatitude": 53.1, "decimalLongitude": 4.9, "month": 7, "species_sci": "Anas acuta", "species_com": "Northern Pintail / Onagagamo" }, "geometry": { "type": "Point", "coordinates": [ 4.9, 53.1 ] } },
{ "type": "Feature", "properties": { "decimalLatitude": 42.7723, "decimalLongitude": -119.9869, "month": 7, "species_sci": "Anas acuta", "species_com": "Northern Pintail / Onagagamo" }, "geometry": { "type": "Point", "coordinates": [ -119.9869, 42.7723 ] } },
{ "type": "Feature", "properties": { "decimalLatitude": 53.45, "decimalLongitude": 6.7, "month": 7, "species_sci": "Anas acuta", "species_com": "Northern Pintail / Onagagamo" }, "geometry": { "type": "Point", "coordinates": [ 6.7, 53.45 ] } },
{ "type": "Feature", "properties": { "decimalLatitude": 56.4182, "decimalLongitude": 16.3987, "month": 7, "species_sci": "Anas acuta", "species_com": "Northern Pintail / Onagagamo" }, "geometry": { "type": "Point", "coordinates": [ 16.3987, 56.4182 ] } },
{ "type": "Feature", "properties": { "decimalLatitude": 62.6082, "decimalLongitude": 17.9121, "month": 7, "species_sci": "Anas acuta", "species_com": "Northern Pintail / Onagagamo" }, "geometry": { "type": "Point", "coordinates": [ 17.9121, 62.6082 ] } },
{ "type": "Feature", "properties": { "decimalLatitude": 56.231, "decimalLongitude": 12.7492, "month": 7, "species_sci": "Anas acuta", "species_com": "Northern Pintail / Onagagamo" }, "geometry": { "type": "Point", "coordinates": [ 12.7492, 56.231 ] } },
{ "type": "Feature", "properties": { "decimalLatitude": 55.2297, "decimalLongitude": 11.282, "month": 7, "species_sci": "Anas acuta", "species_com": "Northern Pintail / Onagagamo" }, "geometry": { "type": "Point", "coordinates": [ 11.282, 55.2297 ] } },
{ "type": "Feature", "properties": { "decimalLatitude": 63.6563, "decimalLongitude": 24.0684, "month": 7, "species_sci": "Anas acuta", "species_com": "Northern Pintail / Onagagamo" }, "geometry": { "type": "Point", "coordinates": [ 24.0684, 63.6563 ] } },
{ "type": "Feature", "properties": { "decimalLatitude": 56.3289, "decimalLongitude": 8.2657, "month": 7, "species_sci": "Anas acuta", "species_com": "Northern Pintail / Onagagamo" }, "geometry": { "type": "Point", "coordinates": [ 8.2657, 56.3289 ] } },
{ "type": "Feature", "properties": { "decimalLatitude": 67.5157, "decimalLongitude": 12.1156, "month": 7, "species_sci": "Anas acuta", "species_com": "Northern Pintail / Onagagamo" }, "geometry": { "type": "Point", "coordinates": [ 12.1156, 67.5157 ] } },
{ "type": "Feature", "properties": { "decimalLatitude": 61.7172, "decimalLongitude": 17.194, "month": 7, "species_sci": "Anas acuta", "species_com": "Northern Pintail / Onagagamo" }, "geometry": { "type": "Point", "coordinates": [ 17.194, 61.7172 ] } },
{ "type": "Feature", "properties": { "decimalLatitude": 53.45, "decimalLongitude": 6.7, "month": 7, "species_sci": "Anas acuta", "species_com": "Northern Pintail / Onagagamo" }, "geometry": { "type": "Point", "coordinates": [ 6.7, 53.45 ] } },
{ "type": "Feature", "properties": { "decimalLatitude": 43.4059, "decimalLongitude": -98.3965, "month": 7, "species_sci": "Anas acuta", "species_com": "Northern Pintail / Onagagamo" }, "geometry": { "type": "Point", "coordinates": [ -98.3965, 43.4059 ] } },
{ "type": "Feature", "properties": { "decimalLatitude": 59.5496, "decimalLongitude": 18.1612, "month": 7, "species_sci": "Anas acuta", "species_com": "Northern Pintail / Onagagamo" }, "geometry": { "type": "Point", "coordinates": [ 18.1612, 59.5496 ] } },
{ "type": "Feature", "properties": { "decimalLatitude": 56.3318, "decimalLongitude": 16.5436, "month": 7, "species_sci": "Anas acuta", "species_com": "Northern Pintail / Onagagamo" }, "geometry": { "type": "Point", "coordinates": [ 16.5436, 56.3318 ] } },
{ "type": "Feature", "properties": { "decimalLatitude": 59.2226, "decimalLongitude": 18.0735, "month": 7, "species_sci": "Anas acuta", "species_com": "Northern Pintail / Onagagamo" }, "geometry": { "type": "Point", "coordinates": [ 18.0735, 59.2226 ] } },
{ "type": "Feature", "properties": { "decimalLatitude": 66.2781, "decimalLongitude": 16.6545, "month": 7, "species_sci": "Anas acuta", "species_com": "Northern Pintail / Onagagamo" }, "geometry": { "type": "Point", "coordinates": [ 16.6545, 66.2781 ] } },
{ "type": "Feature", "properties": { "decimalLatitude": 58.7317, "decimalLongitude": 5.5498, "month": 7, "species_sci": "Anas acuta", "species_com": "Northern Pintail / Onagagamo" }, "geometry": { "type": "Point", "coordinates": [ 5.5498, 58.7317 ] } },
{ "type": "Feature", "properties": { "decimalLatitude": 58.887, "decimalLongitude": 9.6134, "month": 7, "species_sci": "Anas acuta", "species_com": "Northern Pintail / Onagagamo" }, "geometry": { "type": "Point", "coordinates": [ 9.6134, 58.887 ] } },
{ "type": "Feature", "properties": { "decimalLatitude": 55.9224, "decimalLongitude": 14.3262, "month": 7, "species_sci": "Anas acuta", "species_com": "Northern Pintail / Onagagamo" }, "geometry": { "type": "Point", "coordinates": [ 14.3262, 55.9224 ] } },
{ "type": "Feature", "properties": { "decimalLatitude": 69.3831, "decimalLongitude": 20.2659, "month": 7, "species_sci": "Anas acuta", "species_com": "Northern Pintail / Onagagamo" }, "geometry": { "type": "Point", "coordinates": [ 20.2659, 69.3831 ] } },
{ "type": "Feature", "properties": { "decimalLatitude": 58.281, "decimalLongitude": 12.3782, "month": 7, "species_sci": "Anas acuta", "species_com": "Northern Pintail / Onagagamo" }, "geometry": { "type": "Point", "coordinates": [ 12.3782, 58.281 ] } },
{ "type": "Feature", "properties": { "decimalLatitude": 55.3784, "decimalLongitude": 12.8122, "month": 7, "species_sci": "Anas acuta", "species_com": "Northern Pintail / Onagagamo" }, "geometry": { "type": "Point", "coordinates": [ 12.8122, 55.3784 ] } },
{ "type": "Feature", "properties": { "decimalLatitude": 56.1428, "decimalLongitude": 10.0738, "month": 7, "species_sci": "Anas acuta", "species_com": "Northern Pintail / Onagagamo" }, "geometry": { "type": "Point", "coordinates": [ 10.0738, 56.1428 ] } },
{ "type": "Feature", "properties": { "decimalLatitude": 57.5428, "decimalLongitude": 10.4294, "month": 7, "species_sci": "Anas acuta", "species_com": "Northern Pintail / Onagagamo" }, "geometry": { "type": "Point", "coordinates": [ 10.4294, 57.5428 ] } },
{ "type": "Feature", "properties": { "decimalLatitude": 56.7492, "decimalLongitude": 8.2458, "month": 7, "species_sci": "Anas acuta", "species_com": "Northern Pintail / Onagagamo" }, "geometry": { "type": "Point", "coordinates": [ 8.2458, 56.7492 ] } },
{ "type": "Feature", "properties": { "decimalLatitude": 58.5058, "decimalLongitude": 15.8677, "month": 7, "species_sci": "Anas acuta", "species_com": "Northern Pintail / Onagagamo" }, "geometry": { "type": "Point", "coordinates": [ 15.8677, 58.5058 ] } },
{ "type": "Feature", "properties": { "decimalLatitude": 59.883, "decimalLongitude": 10.831, "month": 7, "species_sci": "Anas acuta", "species_com": "Northern Pintail / Onagagamo" }, "geometry": { "type": "Point", "coordinates": [ 10.831, 59.883 ] } },
{ "type": "Feature", "properties": { "decimalLatitude": 58.2775, "decimalLongitude": 13.4907, "month": 7, "species_sci": "Anas acuta", "species_com": "Northern Pintail / Onagagamo" }, "geometry": { "type": "Point", "coordinates": [ 13.4907, 58.2775 ] } },
{ "type": "Feature", "properties": { "decimalLatitude": 65.5659, "decimalLongitude": 28.4001, "month": 7, "species_sci": "Anas acuta", "species_com": "Northern Pintail / Onagagamo" }, "geometry": { "type": "Point", "coordinates": [ 28.4001, 65.5659 ] } },
{ "type": "Feature", "properties": { "decimalLatitude": 55.9224, "decimalLongitude": 14.3262, "month": 7, "species_sci": "Anas acuta", "species_com": "Northern Pintail / Onagagamo" }, "geometry": { "type": "Point", "coordinates": [ 14.3262, 55.9224 ] } },
{ "type": "Feature", "properties": { "decimalLatitude": 57.0885, "decimalLongitude": 156.7295, "month": 7, "species_sci": "Anas acuta", "species_com": "Northern Pintail / Onagagamo" }, "geometry": { "type": "Point", "coordinates": [ 156.7295, 57.0885 ] } },
{ "type": "Feature", "properties": { "decimalLatitude": 55.9224, "decimalLongitude": 14.3262, "month": 7, "species_sci": "Anas acuta", "species_com": "Northern Pintail / Onagagamo" }, "geometry": { "type": "Point", "coordinates": [ 14.3262, 55.9224 ] } },
{ "type": "Feature", "properties": { "decimalLatitude": 57.0326, "decimalLongitude": 12.3091, "month": 7, "species_sci": "Anas acuta", "species_com": "Northern Pintail / Onagagamo" }, "geometry": { "type": "Point", "coordinates": [ 12.3091, 57.0326 ] } },
{ "type": "Feature", "properties": { "decimalLatitude": 55.9224, "decimalLongitude": 14.3262, "month": 7, "species_sci": "Anas acuta", "species_com": "Northern Pintail / Onagagamo" }, "geometry": { "type": "Point", "coordinates": [ 14.3262, 55.9224 ] } },
{ "type": "Feature", "properties": { "decimalLatitude": 58.3441, "decimalLongitude": 14.8668, "month": 7, "species_sci": "Anas acuta", "species_com": "Northern Pintail / Onagagamo" }, "geometry": { "type": "Point", "coordinates": [ 14.8668, 58.3441 ] } },
{ "type": "Feature", "properties": { "decimalLatitude": 58.7098, "decimalLongitude": 17.0956, "month": 7, "species_sci": "Anas acuta", "species_com": "Northern Pintail / Onagagamo" }, "geometry": { "type": "Point", "coordinates": [ 17.0956, 58.7098 ] } },
{ "type": "Feature", "properties": { "decimalLatitude": 55.9114, "decimalLongitude": 12.2847, "month": 7, "species_sci": "Anas acuta", "species_com": "Northern Pintail / Onagagamo" }, "geometry": { "type": "Point", "coordinates": [ 12.2847, 55.9114 ] } },
{ "type": "Feature", "properties": { "decimalLatitude": 43.282, "decimalLongitude": -118.9656, "month": 7, "species_sci": "Anas acuta", "species_com": "Northern Pintail / Onagagamo" }, "geometry": { "type": "Point", "coordinates": [ -118.9656, 43.282 ] } },
{ "type": "Feature", "properties": { "decimalLatitude": 55.164, "decimalLongitude": 11.7011, "month": 7, "species_sci": "Anas acuta", "species_com": "Northern Pintail / Onagagamo" }, "geometry": { "type": "Point", "coordinates": [ 11.7011, 55.164 ] } },
{ "type": "Feature", "properties": { "decimalLatitude": 43.5282, "decimalLongitude": -5.8745, "month": 7, "species_sci": "Anas acuta", "species_com": "Northern Pintail / Onagagamo" }, "geometry": { "type": "Point", "coordinates": [ -5.8745, 43.5282 ] } },
{ "type": "Feature", "properties": { "decimalLatitude": 55.6389, "decimalLongitude": 13.0494, "month": 7, "species_sci": "Anas acuta", "species_com": "Northern Pintail / Onagagamo" }, "geometry": { "type": "Point", "coordinates": [ 13.0494, 55.6389 ] } },
{ "type": "Feature", "properties": { "decimalLatitude": 58.1078, "decimalLongitude": 6.5734, "month": 7, "species_sci": "Anas acuta", "species_com": "Northern Pintail / Onagagamo" }, "geometry": { "type": "Point", "coordinates": [ 6.5734, 58.1078 ] } },
{ "type": "Feature", "properties": { "decimalLatitude": 46.1381, "decimalLongitude": -72.7226, "month": 7, "species_sci": "Anas acuta", "species_com": "Northern Pintail / Onagagamo" }, "geometry": { "type": "Point", "coordinates": [ -72.7226, 46.1381 ] } },
{ "type": "Feature", "properties": { "decimalLatitude": 60.5094, "decimalLongitude": 17.7178, "month": 7, "species_sci": "Anas acuta", "species_com": "Northern Pintail / Onagagamo" }, "geometry": { "type": "Point", "coordinates": [ 17.7178, 60.5094 ] } },
{ "type": "Feature", "properties": { "decimalLatitude": 55.3784, "decimalLongitude": 12.8122, "month": 7, "species_sci": "Anas acuta", "species_com": "Northern Pintail / Onagagamo" }, "geometry": { "type": "Point", "coordinates": [ 12.8122, 55.3784 ] } },
{ "type": "Feature", "properties": { "decimalLatitude": 56.2501, "decimalLongitude": 16.4847, "month": 7, "species_sci": "Anas acuta", "species_com": "Northern Pintail / Onagagamo" }, "geometry": { "type": "Point", "coordinates": [ 16.4847, 56.2501 ] } },
{ "type": "Feature", "properties": { "decimalLatitude": 57.3976, "decimalLongitude": 12.1162, "month": 7, "species_sci": "Anas acuta", "species_com": "Northern Pintail / Onagagamo" }, "geometry": { "type": "Point", "coordinates": [ 12.1162, 57.3976 ] } },
{ "type": "Feature", "properties": { "decimalLatitude": 59.6654, "decimalLongitude": 17.3827, "month": 7, "species_sci": "Anas acuta", "species_com": "Northern Pintail / Onagagamo" }, "geometry": { "type": "Point", "coordinates": [ 17.3827, 59.6654 ] } },
{ "type": "Feature", "properties": { "decimalLatitude": 63.24, "decimalLongitude": 14.6326, "month": 7, "species_sci": "Anas acuta", "species_com": "Northern Pintail / Onagagamo" }, "geometry": { "type": "Point", "coordinates": [ 14.6326, 63.24 ] } },
{ "type": "Feature", "properties": { "decimalLatitude": 67.5154, "decimalLongitude": 12.0783, "month": 7, "species_sci": "Anas acuta", "species_com": "Northern Pintail / Onagagamo" }, "geometry": { "type": "Point", "coordinates": [ 12.0783, 67.5154 ] } },
{ "type": "Feature", "properties": { "decimalLatitude": 56.3318, "decimalLongitude": 16.5436, "month": 7, "species_sci": "Anas acuta", "species_com": "Northern Pintail / Onagagamo" }, "geometry": { "type": "Point", "coordinates": [ 16.5436, 56.3318 ] } },
{ "type": "Feature", "properties": { "decimalLatitude": 58.8077, "decimalLongitude": -94.2027, "month": 7, "species_sci": "Anas acuta", "species_com": "Northern Pintail / Onagagamo" }, "geometry": { "type": "Point", "coordinates": [ -94.2027, 58.8077 ] } },
{ "type": "Feature", "properties": { "decimalLatitude": 59.4941, "decimalLongitude": 16.0512, "month": 7, "species_sci": "Anas acuta", "species_com": "Northern Pintail / Onagagamo" }, "geometry": { "type": "Point", "coordinates": [ 16.0512, 59.4941 ] } },
{ "type": "Feature", "properties": { "decimalLatitude": 61.8436, "decimalLongitude": 8.5857, "month": 7, "species_sci": "Anas acuta", "species_com": "Northern Pintail / Onagagamo" }, "geometry": { "type": "Point", "coordinates": [ 8.5857, 61.8436 ] } },
{ "type": "Feature", "properties": { "decimalLatitude": 58.3228, "decimalLongitude": 13.5848, "month": 7, "species_sci": "Anas acuta", "species_com": "Northern Pintail / Onagagamo" }, "geometry": { "type": "Point", "coordinates": [ 13.5848, 58.3228 ] } },
{ "type": "Feature", "properties": { "decimalLatitude": 57.2333, "decimalLongitude": 18.7016, "month": 7, "species_sci": "Anas acuta", "species_com": "Northern Pintail / Onagagamo" }, "geometry": { "type": "Point", "coordinates": [ 18.7016, 57.2333 ] } },
{ "type": "Feature", "properties": { "decimalLatitude": 54.7324, "decimalLongitude": 39.5865, "month": 7, "species_sci": "Anas acuta", "species_com": "Northern Pintail / Onagagamo" }, "geometry": { "type": "Point", "coordinates": [ 39.5865, 54.7324 ] } },
{ "type": "Feature", "properties": { "decimalLatitude": 64.8519, "decimalLongitude": 26.6802, "month": 7, "species_sci": "Anas acuta", "species_com": "Northern Pintail / Onagagamo" }, "geometry": { "type": "Point", "coordinates": [ 26.6802, 64.8519 ] } },
{ "type": "Feature", "properties": { "decimalLatitude": 55.1821, "decimalLongitude": 12.1015, "month": 7, "species_sci": "Anas acuta", "species_com": "Northern Pintail / Onagagamo" }, "geometry": { "type": "Point", "coordinates": [ 12.1015, 55.1821 ] } },
{ "type": "Feature", "properties": { "decimalLatitude": 56.1964, "decimalLongitude": 16.3993, "month": 7, "species_sci": "Anas acuta", "species_com": "Northern Pintail / Onagagamo" }, "geometry": { "type": "Point", "coordinates": [ 16.3993, 56.1964 ] } },
{ "type": "Feature", "properties": { "decimalLatitude": 32.7617, "decimalLongitude": -117.2059, "month": 7, "species_sci": "Anas acuta", "species_com": "Northern Pintail / Onagagamo" }, "geometry": { "type": "Point", "coordinates": [ -117.2059, 32.7617 ] } },
{ "type": "Feature", "properties": { "decimalLatitude": 58.5251, "decimalLongitude": 13.1338, "month": 7, "species_sci": "Anas acuta", "species_com": "Northern Pintail / Onagagamo" }, "geometry": { "type": "Point", "coordinates": [ 13.1338, 58.5251 ] } },
{ "type": "Feature", "properties": { "decimalLatitude": 55.1971, "decimalLongitude": 82.7833, "month": 7, "species_sci": "Anas acuta", "species_com": "Northern Pintail / Onagagamo" }, "geometry": { "type": "Point", "coordinates": [ 82.7833, 55.1971 ] } },
{ "type": "Feature", "properties": { "decimalLatitude": 63.0573, "decimalLongitude": 26.5023, "month": 7, "species_sci": "Anas acuta", "species_com": "Northern Pintail / Onagagamo" }, "geometry": { "type": "Point", "coordinates": [ 26.5023, 63.0573 ] } },
{ "type": "Feature", "properties": { "decimalLatitude": 58.7137, "decimalLongitude": 17.1098, "month": 7, "species_sci": "Anas acuta", "species_com": "Northern Pintail / Onagagamo" }, "geometry": { "type": "Point", "coordinates": [ 17.1098, 58.7137 ] } },
{ "type": "Feature", "properties": { "decimalLatitude": 55.9284, "decimalLongitude": 12.527, "month": 7, "species_sci": "Anas acuta", "species_com": "Northern Pintail / Onagagamo" }, "geometry": { "type": "Point", "coordinates": [ 12.527, 55.9284 ] } },
{ "type": "Feature", "properties": { "decimalLatitude": 55.9117, "decimalLongitude": 10.6422, "month": 7, "species_sci": "Anas acuta", "species_com": "Northern Pintail / Onagagamo" }, "geometry": { "type": "Point", "coordinates": [ 10.6422, 55.9117 ] } },
{ "type": "Feature", "properties": { "decimalLatitude": 59.3223, "decimalLongitude": 10.7503, "month": 7, "species_sci": "Anas acuta", "species_com": "Northern Pintail / Onagagamo" }, "geometry": { "type": "Point", "coordinates": [ 10.7503, 59.3223 ] } },
{ "type": "Feature", "properties": { "decimalLatitude": 59.5496, "decimalLongitude": 18.1612, "month": 7, "species_sci": "Anas acuta", "species_com": "Northern Pintail / Onagagamo" }, "geometry": { "type": "Point", "coordinates": [ 18.1612, 59.5496 ] } },
{ "type": "Feature", "properties": { "decimalLatitude": 59.9727, "decimalLongitude": 18.9065, "month": 8, "species_sci": "Anas acuta", "species_com": "Northern Pintail / Onagagamo" }, "geometry": { "type": "Point", "coordinates": [ 18.9065, 59.9727 ] } },
{ "type": "Feature", "properties": { "decimalLatitude": 58.3899, "decimalLongitude": 12.3337, "month": 8, "species_sci": "Anas acuta", "species_com": "Northern Pintail / Onagagamo" }, "geometry": { "type": "Point", "coordinates": [ 12.3337, 58.3899 ] } },
{ "type": "Feature", "properties": { "decimalLatitude": 45.9101, "decimalLongitude": -119.4602, "month": 8, "species_sci": "Anas acuta", "species_com": "Northern Pintail / Onagagamo" }, "geometry": { "type": "Point", "coordinates": [ -119.4602, 45.9101 ] } },
{ "type": "Feature", "properties": { "decimalLatitude": 56.8222, "decimalLongitude": 16.8406, "month": 8, "species_sci": "Anas acuta", "species_com": "Northern Pintail / Onagagamo" }, "geometry": { "type": "Point", "coordinates": [ 16.8406, 56.8222 ] } },
{ "type": "Feature", "properties": { "decimalLatitude": 57.0288, "decimalLongitude": 12.3098, "month": 8, "species_sci": "Anas acuta", "species_com": "Northern Pintail / Onagagamo" }, "geometry": { "type": "Point", "coordinates": [ 12.3098, 57.0288 ] } },
{ "type": "Feature", "properties": { "decimalLatitude": 55.8052, "decimalLongitude": 12.9321, "month": 8, "species_sci": "Anas acuta", "species_com": "Northern Pintail / Onagagamo" }, "geometry": { "type": "Point", "coordinates": [ 12.9321, 55.8052 ] } },
{ "type": "Feature", "properties": { "decimalLatitude": 55.3784, "decimalLongitude": 12.8122, "month": 8, "species_sci": "Anas acuta", "species_com": "Northern Pintail / Onagagamo" }, "geometry": { "type": "Point", "coordinates": [ 12.8122, 55.3784 ] } },
{ "type": "Feature", "properties": { "decimalLatitude": 67.2096, "decimalLongitude": 14.3615, "month": 8, "species_sci": "Anas acuta", "species_com": "Northern Pintail / Onagagamo" }, "geometry": { "type": "Point", "coordinates": [ 14.3615, 67.2096 ] } },
{ "type": "Feature", "properties": { "decimalLatitude": 56.7715, "decimalLongitude": 16.4788, "month": 8, "species_sci": "Anas acuta", "species_com": "Northern Pintail / Onagagamo" }, "geometry": { "type": "Point", "coordinates": [ 16.4788, 56.7715 ] } },
{ "type": "Feature", "properties": { "decimalLatitude": 60.5075, "decimalLongitude": 17.681, "month": 8, "species_sci": "Anas acuta", "species_com": "Northern Pintail / Onagagamo" }, "geometry": { "type": "Point", "coordinates": [ 17.681, 60.5075 ] } },
{ "type": "Feature", "properties": { "decimalLatitude": 70.0682, "decimalLongitude": 29.749, "month": 8, "species_sci": "Anas acuta", "species_com": "Northern Pintail / Onagagamo" }, "geometry": { "type": "Point", "coordinates": [ 29.749, 70.0682 ] } },
{ "type": "Feature", "properties": { "decimalLatitude": 56.0348, "decimalLongitude": 14.4794, "month": 8, "species_sci": "Anas acuta", "species_com": "Northern Pintail / Onagagamo" }, "geometry": { "type": "Point", "coordinates": [ 14.4794, 56.0348 ] } },
{ "type": "Feature", "properties": { "decimalLatitude": 58.3326, "decimalLongitude": 14.8203, "month": 8, "species_sci": "Anas acuta", "species_com": "Northern Pintail / Onagagamo" }, "geometry": { "type": "Point", "coordinates": [ 14.8203, 58.3326 ] } },
{ "type": "Feature", "properties": { "decimalLatitude": 59.3449, "decimalLongitude": 10.7435, "month": 8, "species_sci": "Anas acuta", "species_com": "Northern Pintail / Onagagamo" }, "geometry": { "type": "Point", "coordinates": [ 10.7435, 59.3449 ] } },
{ "type": "Feature", "properties": { "decimalLatitude": 59.1677, "decimalLongitude": 15.4039, "month": 8, "species_sci": "Anas acuta", "species_com": "Northern Pintail / Onagagamo" }, "geometry": { "type": "Point", "coordinates": [ 15.4039, 59.1677 ] } },
{ "type": "Feature", "properties": { "decimalLatitude": 57.9254, "decimalLongitude": 11.773, "month": 8, "species_sci": "Anas acuta", "species_com": "Northern Pintail / Onagagamo" }, "geometry": { "type": "Point", "coordinates": [ 11.773, 57.9254 ] } },
{ "type": "Feature", "properties": { "decimalLatitude": 54.6449, "decimalLongitude": 11.9405, "month": 8, "species_sci": "Anas acuta", "species_com": "Northern Pintail / Onagagamo" }, "geometry": { "type": "Point", "coordinates": [ 11.9405, 54.6449 ] } },
{ "type": "Feature", "properties": { "decimalLatitude": 67.6888, "decimalLongitude": 21.6406, "month": 8, "species_sci": "Anas acuta", "species_com": "Northern Pintail / Onagagamo" }, "geometry": { "type": "Point", "coordinates": [ 21.6406, 67.6888 ] } },
{ "type": "Feature", "properties": { "decimalLatitude": 56.3318, "decimalLongitude": 16.5436, "month": 8, "species_sci": "Anas acuta", "species_com": "Northern Pintail / Onagagamo" }, "geometry": { "type": "Point", "coordinates": [ 16.5436, 56.3318 ] } },
{ "type": "Feature", "properties": { "decimalLatitude": 60.4874, "decimalLongitude": 15.4917, "month": 8, "species_sci": "Anas acuta", "species_com": "Northern Pintail / Onagagamo" }, "geometry": { "type": "Point", "coordinates": [ 15.4917, 60.4874 ] } },
{ "type": "Feature", "properties": { "decimalLatitude": 55.5586, "decimalLongitude": 8.0763, "month": 8, "species_sci": "Anas acuta", "species_com": "Northern Pintail / Onagagamo" }, "geometry": { "type": "Point", "coordinates": [ 8.0763, 55.5586 ] } },
{ "type": "Feature", "properties": { "decimalLatitude": 60.5094, "decimalLongitude": 17.7178, "month": 8, "species_sci": "Anas acuta", "species_com": "Northern Pintail / Onagagamo" }, "geometry": { "type": "Point", "coordinates": [ 17.7178, 60.5094 ] } },
{ "type": "Feature", "properties": { "decimalLatitude": 59.8975, "decimalLongitude": 13.2166, "month": 8, "species_sci": "Anas acuta", "species_com": "Northern Pintail / Onagagamo" }, "geometry": { "type": "Point", "coordinates": [ 13.2166, 59.8975 ] } },
{ "type": "Feature", "properties": { "decimalLatitude": 55.3784, "decimalLongitude": 12.8122, "month": 8, "species_sci": "Anas acuta", "species_com": "Northern Pintail / Onagagamo" }, "geometry": { "type": "Point", "coordinates": [ 12.8122, 55.3784 ] } },
{ "type": "Feature", "properties": { "decimalLatitude": 56.3318, "decimalLongitude": 16.5436, "month": 8, "species_sci": "Anas acuta", "species_com": "Northern Pintail / Onagagamo" }, "geometry": { "type": "Point", "coordinates": [ 16.5436, 56.3318 ] } },
{ "type": "Feature", "properties": { "decimalLatitude": 56.1964, "decimalLongitude": 16.3993, "month": 8, "species_sci": "Anas acuta", "species_com": "Northern Pintail / Onagagamo" }, "geometry": { "type": "Point", "coordinates": [ 16.3993, 56.1964 ] } },
{ "type": "Feature", "properties": { "decimalLatitude": 60.5078, "decimalLongitude": 17.7104, "month": 8, "species_sci": "Anas acuta", "species_com": "Northern Pintail / Onagagamo" }, "geometry": { "type": "Point", "coordinates": [ 17.7104, 60.5078 ] } },
{ "type": "Feature", "properties": { "decimalLatitude": 59.7426, "decimalLongitude": 16.1797, "month": 8, "species_sci": "Anas acuta", "species_com": "Northern Pintail / Onagagamo" }, "geometry": { "type": "Point", "coordinates": [ 16.1797, 59.7426 ] } },
{ "type": "Feature", "properties": { "decimalLatitude": 58.3237, "decimalLongitude": 13.5376, "month": 8, "species_sci": "Anas acuta", "species_com": "Northern Pintail / Onagagamo" }, "geometry": { "type": "Point", "coordinates": [ 13.5376, 58.3237 ] } },
{ "type": "Feature", "properties": { "decimalLatitude": 44.4488, "decimalLongitude": 46.342, "month": 8, "species_sci": "Anas acuta", "species_com": "Northern Pintail / Onagagamo" }, "geometry": { "type": "Point", "coordinates": [ 46.342, 44.4488 ] } },
{ "type": "Feature", "properties": { "decimalLatitude": 60.6384, "decimalLongitude": 17.9806, "month": 8, "species_sci": "Anas acuta", "species_com": "Northern Pintail / Onagagamo" }, "geometry": { "type": "Point", "coordinates": [ 17.9806, 60.6384 ] } },
{ "type": "Feature", "properties": { "decimalLatitude": 57.2282, "decimalLongitude": 16.499, "month": 8, "species_sci": "Anas acuta", "species_com": "Northern Pintail / Onagagamo" }, "geometry": { "type": "Point", "coordinates": [ 16.499, 57.2282 ] } },
{ "type": "Feature", "properties": { "decimalLatitude": 63.6904, "decimalLongitude": 20.2283, "month": 8, "species_sci": "Anas acuta", "species_com": "Northern Pintail / Onagagamo" }, "geometry": { "type": "Point", "coordinates": [ 20.2283, 63.6904 ] } },
{ "type": "Feature", "properties": { "decimalLatitude": 59.667, "decimalLongitude": 17.3744, "month": 8, "species_sci": "Anas acuta", "species_com": "Northern Pintail / Onagagamo" }, "geometry": { "type": "Point", "coordinates": [ 17.3744, 59.667 ] } },
{ "type": "Feature", "properties": { "decimalLatitude": 59.7436, "decimalLongitude": 16.1793, "month": 8, "species_sci": "Anas acuta", "species_com": "Northern Pintail / Onagagamo" }, "geometry": { "type": "Point", "coordinates": [ 16.1793, 59.7436 ] } },
{ "type": "Feature", "properties": { "decimalLatitude": 57.8072, "decimalLongitude": 11.8643, "month": 8, "species_sci": "Anas acuta", "species_com": "Northern Pintail / Onagagamo" }, "geometry": { "type": "Point", "coordinates": [ 11.8643, 57.8072 ] } },
{ "type": "Feature", "properties": { "decimalLatitude": 56.2282, "decimalLongitude": 12.7368, "month": 8, "species_sci": "Anas acuta", "species_com": "Northern Pintail / Onagagamo" }, "geometry": { "type": "Point", "coordinates": [ 12.7368, 56.2282 ] } },
{ "type": "Feature", "properties": { "decimalLatitude": 56.3318, "decimalLongitude": 16.5436, "month": 8, "species_sci": "Anas acuta", "species_com": "Northern Pintail / Onagagamo" }, "geometry": { "type": "Point", "coordinates": [ 16.5436, 56.3318 ] } },
{ "type": "Feature", "properties": { "decimalLatitude": 56.6046, "decimalLongitude": 16.7001, "month": 8, "species_sci": "Anas acuta", "species_com": "Northern Pintail / Onagagamo" }, "geometry": { "type": "Point", "coordinates": [ 16.7001, 56.6046 ] } },
{ "type": "Feature", "properties": { "decimalLatitude": 55.5586, "decimalLongitude": 8.0763, "month": 8, "species_sci": "Anas acuta", "species_com": "Northern Pintail / Onagagamo" }, "geometry": { "type": "Point", "coordinates": [ 8.0763, 55.5586 ] } },
{ "type": "Feature", "properties": { "decimalLatitude": 58.4217, "decimalLongitude": 12.6109, "month": 8, "species_sci": "Anas acuta", "species_com": "Northern Pintail / Onagagamo" }, "geometry": { "type": "Point", "coordinates": [ 12.6109, 58.4217 ] } },
{ "type": "Feature", "properties": { "decimalLatitude": 47.0811, "decimalLongitude": -56.3799, "month": 8, "species_sci": "Anas acuta", "species_com": "Northern Pintail / Onagagamo" }, "geometry": { "type": "Point", "coordinates": [ -56.3799, 47.0811 ] } },
{ "type": "Feature", "properties": { "decimalLatitude": 56.5932, "decimalLongitude": 16.3918, "month": 8, "species_sci": "Anas acuta", "species_com": "Northern Pintail / Onagagamo" }, "geometry": { "type": "Point", "coordinates": [ 16.3918, 56.5932 ] } },
{ "type": "Feature", "properties": { "decimalLatitude": 56.2053, "decimalLongitude": 16.4192, "month": 8, "species_sci": "Anas acuta", "species_com": "Northern Pintail / Onagagamo" }, "geometry": { "type": "Point", "coordinates": [ 16.4192, 56.2053 ] } },
{ "type": "Feature", "properties": { "decimalLatitude": 60.673, "decimalLongitude": 17.3147, "month": 8, "species_sci": "Anas acuta", "species_com": "Northern Pintail / Onagagamo" }, "geometry": { "type": "Point", "coordinates": [ 17.3147, 60.673 ] } },
{ "type": "Feature", "properties": { "decimalLatitude": 55.3784, "decimalLongitude": 12.8122, "month": 8, "species_sci": "Anas acuta", "species_com": "Northern Pintail / Onagagamo" }, "geometry": { "type": "Point", "coordinates": [ 12.8122, 55.3784 ] } },
{ "type": "Feature", "properties": { "decimalLatitude": 55.4991, "decimalLongitude": 12.2055, "month": 8, "species_sci": "Anas acuta", "species_com": "Northern Pintail / Onagagamo" }, "geometry": { "type": "Point", "coordinates": [ 12.2055, 55.4991 ] } },
{ "type": "Feature", "properties": { "decimalLatitude": 53.6666, "decimalLongitude": 8.4937, "month": 8, "species_sci": "Anas acuta", "species_com": "Northern Pintail / Onagagamo" }, "geometry": { "type": "Point", "coordinates": [ 8.4937, 53.6666 ] } },
{ "type": "Feature", "properties": { "decimalLatitude": 56.5014, "decimalLongitude": 16.6219, "month": 8, "species_sci": "Anas acuta", "species_com": "Northern Pintail / Onagagamo" }, "geometry": { "type": "Point", "coordinates": [ 16.6219, 56.5014 ] } },
{ "type": "Feature", "properties": { "decimalLatitude": 56.5932, "decimalLongitude": 16.3918, "month": 8, "species_sci": "Anas acuta", "species_com": "Northern Pintail / Onagagamo" }, "geometry": { "type": "Point", "coordinates": [ 16.3918, 56.5932 ] } },
{ "type": "Feature", "properties": { "decimalLatitude": 56.6751, "decimalLongitude": 14.8728, "month": 8, "species_sci": "Anas acuta", "species_com": "Northern Pintail / Onagagamo" }, "geometry": { "type": "Point", "coordinates": [ 14.8728, 56.6751 ] } },
{ "type": "Feature", "properties": { "decimalLatitude": 56.1964, "decimalLongitude": 16.3993, "month": 8, "species_sci": "Anas acuta", "species_com": "Northern Pintail / Onagagamo" }, "geometry": { "type": "Point", "coordinates": [ 16.3993, 56.1964 ] } },
{ "type": "Feature", "properties": { "decimalLatitude": 56.3318, "decimalLongitude": 16.5436, "month": 8, "species_sci": "Anas acuta", "species_com": "Northern Pintail / Onagagamo" }, "geometry": { "type": "Point", "coordinates": [ 16.5436, 56.3318 ] } },
{ "type": "Feature", "properties": { "decimalLatitude": 57.9848, "decimalLongitude": 19.2113, "month": 8, "species_sci": "Anas acuta", "species_com": "Northern Pintail / Onagagamo" }, "geometry": { "type": "Point", "coordinates": [ 19.2113, 57.9848 ] } },
{ "type": "Feature", "properties": { "decimalLatitude": 33.8778, "decimalLongitude": -117.0563, "month": 8, "species_sci": "Anas acuta", "species_com": "Northern Pintail / Onagagamo" }, "geometry": { "type": "Point", "coordinates": [ -117.0563, 33.8778 ] } },
{ "type": "Feature", "properties": { "decimalLatitude": 55.5586, "decimalLongitude": 8.0763, "month": 8, "species_sci": "Anas acuta", "species_com": "Northern Pintail / Onagagamo" }, "geometry": { "type": "Point", "coordinates": [ 8.0763, 55.5586 ] } },
{ "type": "Feature", "properties": { "decimalLatitude": 70.3662, "decimalLongitude": 31.0186, "month": 8, "species_sci": "Anas acuta", "species_com": "Northern Pintail / Onagagamo" }, "geometry": { "type": "Point", "coordinates": [ 31.0186, 70.3662 ] } },
{ "type": "Feature", "properties": { "decimalLatitude": 55.6989, "decimalLongitude": 13.1029, "month": 8, "species_sci": "Anas acuta", "species_com": "Northern Pintail / Onagagamo" }, "geometry": { "type": "Point", "coordinates": [ 13.1029, 55.6989 ] } },
{ "type": "Feature", "properties": { "decimalLatitude": 59.706, "decimalLongitude": 16.4844, "month": 8, "species_sci": "Anas acuta", "species_com": "Northern Pintail / Onagagamo" }, "geometry": { "type": "Point", "coordinates": [ 16.4844, 59.706 ] } },
{ "type": "Feature", "properties": { "decimalLatitude": 55.644, "decimalLongitude": 13.0462, "month": 8, "species_sci": "Anas acuta", "species_com": "Northern Pintail / Onagagamo" }, "geometry": { "type": "Point", "coordinates": [ 13.0462, 55.644 ] } },
{ "type": "Feature", "properties": { "decimalLatitude": 63.7552, "decimalLongitude": 20.2732, "month": 8, "species_sci": "Anas acuta", "species_com": "Northern Pintail / Onagagamo" }, "geometry": { "type": "Point", "coordinates": [ 20.2732, 63.7552 ] } },
{ "type": "Feature", "properties": { "decimalLatitude": 55.6473, "decimalLongitude": 13.0547, "month": 8, "species_sci": "Anas acuta", "species_com": "Northern Pintail / Onagagamo" }, "geometry": { "type": "Point", "coordinates": [ 13.0547, 55.6473 ] } },
{ "type": "Feature", "properties": { "decimalLatitude": 56.9187, "decimalLongitude": 12.3698, "month": 8, "species_sci": "Anas acuta", "species_com": "Northern Pintail / Onagagamo" }, "geometry": { "type": "Point", "coordinates": [ 12.3698, 56.9187 ] } },
{ "type": "Feature", "properties": { "decimalLatitude": 63.8949, "decimalLongitude": 19.857, "month": 8, "species_sci": "Anas acuta", "species_com": "Northern Pintail / Onagagamo" }, "geometry": { "type": "Point", "coordinates": [ 19.857, 63.8949 ] } },
{ "type": "Feature", "properties": { "decimalLatitude": 55.3463, "decimalLongitude": 8.6789, "month": 8, "species_sci": "Anas acuta", "species_com": "Northern Pintail / Onagagamo" }, "geometry": { "type": "Point", "coordinates": [ 8.6789, 55.3463 ] } },
{ "type": "Feature", "properties": { "decimalLatitude": 55.1988, "decimalLongitude": 11.5416, "month": 8, "species_sci": "Anas acuta", "species_com": "Northern Pintail / Onagagamo" }, "geometry": { "type": "Point", "coordinates": [ 11.5416, 55.1988 ] } },
{ "type": "Feature", "properties": { "decimalLatitude": 60.5094, "decimalLongitude": 17.7178, "month": 8, "species_sci": "Anas acuta", "species_com": "Northern Pintail / Onagagamo" }, "geometry": { "type": "Point", "coordinates": [ 17.7178, 60.5094 ] } },
{ "type": "Feature", "properties": { "decimalLatitude": 55.3779, "decimalLongitude": 12.8109, "month": 8, "species_sci": "Anas acuta", "species_com": "Northern Pintail / Onagagamo" }, "geometry": { "type": "Point", "coordinates": [ 12.8109, 55.3779 ] } },
{ "type": "Feature", "properties": { "decimalLatitude": 59.706, "decimalLongitude": 16.4844, "month": 8, "species_sci": "Anas acuta", "species_com": "Northern Pintail / Onagagamo" }, "geometry": { "type": "Point", "coordinates": [ 16.4844, 59.706 ] } },
{ "type": "Feature", "properties": { "decimalLatitude": 58.6528, "decimalLongitude": 11.2838, "month": 8, "species_sci": "Anas acuta", "species_com": "Northern Pintail / Onagagamo" }, "geometry": { "type": "Point", "coordinates": [ 11.2838, 58.6528 ] } },
{ "type": "Feature", "properties": { "decimalLatitude": 56.4248, "decimalLongitude": 16.5812, "month": 8, "species_sci": "Anas acuta", "species_com": "Northern Pintail / Onagagamo" }, "geometry": { "type": "Point", "coordinates": [ 16.5812, 56.4248 ] } },
{ "type": "Feature", "properties": { "decimalLatitude": 56.6062, "decimalLongitude": 12.9152, "month": 8, "species_sci": "Anas acuta", "species_com": "Northern Pintail / Onagagamo" }, "geometry": { "type": "Point", "coordinates": [ 12.9152, 56.6062 ] } },
{ "type": "Feature", "properties": { "decimalLatitude": 58.3899, "decimalLongitude": 12.3337, "month": 8, "species_sci": "Anas acuta", "species_com": "Northern Pintail / Onagagamo" }, "geometry": { "type": "Point", "coordinates": [ 12.3337, 58.3899 ] } },
{ "type": "Feature", "properties": { "decimalLatitude": 59.1777, "decimalLongitude": 15.3646, "month": 8, "species_sci": "Anas acuta", "species_com": "Northern Pintail / Onagagamo" }, "geometry": { "type": "Point", "coordinates": [ 15.3646, 59.1777 ] } },
{ "type": "Feature", "properties": { "decimalLatitude": 63.4789, "decimalLongitude": 10.8888, "month": 8, "species_sci": "Anas acuta", "species_com": "Northern Pintail / Onagagamo" }, "geometry": { "type": "Point", "coordinates": [ 10.8888, 63.4789 ] } },
{ "type": "Feature", "properties": { "decimalLatitude": 55.4285, "decimalLongitude": 12.8465, "month": 8, "species_sci": "Anas acuta", "species_com": "Northern Pintail / Onagagamo" }, "geometry": { "type": "Point", "coordinates": [ 12.8465, 55.4285 ] } },
{ "type": "Feature", "properties": { "decimalLatitude": 60.5075, "decimalLongitude": 17.681, "month": 8, "species_sci": "Anas acuta", "species_com": "Northern Pintail / Onagagamo" }, "geometry": { "type": "Point", "coordinates": [ 17.681, 60.5075 ] } },
{ "type": "Feature", "properties": { "decimalLatitude": 60.5094, "decimalLongitude": 17.7178, "month": 8, "species_sci": "Anas acuta", "species_com": "Northern Pintail / Onagagamo" }, "geometry": { "type": "Point", "coordinates": [ 17.7178, 60.5094 ] } },
{ "type": "Feature", "properties": { "decimalLatitude": 64.7251, "decimalLongitude": 177.665, "month": 8, "species_sci": "Anas acuta", "species_com": "Northern Pintail / Onagagamo" }, "geometry": { "type": "Point", "coordinates": [ 177.665, 64.7251 ] } },
{ "type": "Feature", "properties": { "decimalLatitude": 59.1773, "decimalLongitude": 15.3961, "month": 8, "species_sci": "Anas acuta", "species_com": "Northern Pintail / Onagagamo" }, "geometry": { "type": "Point", "coordinates": [ 15.3961, 59.1773 ] } },
{ "type": "Feature", "properties": { "decimalLatitude": 54.2058, "decimalLongitude": 78.0476, "month": 8, "species_sci": "Anas acuta", "species_com": "Northern Pintail / Onagagamo" }, "geometry": { "type": "Point", "coordinates": [ 78.0476, 54.2058 ] } },
{ "type": "Feature", "properties": { "decimalLatitude": 56.1428, "decimalLongitude": 10.0738, "month": 8, "species_sci": "Anas acuta", "species_com": "Northern Pintail / Onagagamo" }, "geometry": { "type": "Point", "coordinates": [ 10.0738, 56.1428 ] } },
{ "type": "Feature", "properties": { "decimalLatitude": 56.6062, "decimalLongitude": 12.9152, "month": 8, "species_sci": "Anas acuta", "species_com": "Northern Pintail / Onagagamo" }, "geometry": { "type": "Point", "coordinates": [ 12.9152, 56.6062 ] } },
{ "type": "Feature", "properties": { "decimalLatitude": 55.8863, "decimalLongitude": 14.2053, "month": 8, "species_sci": "Anas acuta", "species_com": "Northern Pintail / Onagagamo" }, "geometry": { "type": "Point", "coordinates": [ 14.2053, 55.8863 ] } },
{ "type": "Feature", "properties": { "decimalLatitude": 55.4285, "decimalLongitude": 12.8465, "month": 8, "species_sci": "Anas acuta", "species_com": "Northern Pintail / Onagagamo" }, "geometry": { "type": "Point", "coordinates": [ 12.8465, 55.4285 ] } },
{ "type": "Feature", "properties": { "decimalLatitude": 56.2266, "decimalLongitude": 12.7494, "month": 8, "species_sci": "Anas acuta", "species_com": "Northern Pintail / Onagagamo" }, "geometry": { "type": "Point", "coordinates": [ 12.7494, 56.2266 ] } },
{ "type": "Feature", "properties": { "decimalLatitude": 57.1307, "decimalLongitude": 12.238, "month": 8, "species_sci": "Anas acuta", "species_com": "Northern Pintail / Onagagamo" }, "geometry": { "type": "Point", "coordinates": [ 12.238, 57.1307 ] } },
{ "type": "Feature", "properties": { "decimalLatitude": 61.7172, "decimalLongitude": 17.194, "month": 8, "species_sci": "Anas acuta", "species_com": "Northern Pintail / Onagagamo" }, "geometry": { "type": "Point", "coordinates": [ 17.194, 61.7172 ] } },
{ "type": "Feature", "properties": { "decimalLatitude": 55.569, "decimalLongitude": 8.2725, "month": 8, "species_sci": "Anas acuta", "species_com": "Northern Pintail / Onagagamo" }, "geometry": { "type": "Point", "coordinates": [ 8.2725, 55.569 ] } },
{ "type": "Feature", "properties": { "decimalLatitude": 58.5107, "decimalLongitude": 13.1698, "month": 8, "species_sci": "Anas acuta", "species_com": "Northern Pintail / Onagagamo" }, "geometry": { "type": "Point", "coordinates": [ 13.1698, 58.5107 ] } },
{ "type": "Feature", "properties": { "decimalLatitude": 57.9869, "decimalLongitude": 19.2237, "month": 8, "species_sci": "Anas acuta", "species_com": "Northern Pintail / Onagagamo" }, "geometry": { "type": "Point", "coordinates": [ 19.2237, 57.9869 ] } },
{ "type": "Feature", "properties": { "decimalLatitude": 56.5932, "decimalLongitude": 16.3918, "month": 8, "species_sci": "Anas acuta", "species_com": "Northern Pintail / Onagagamo" }, "geometry": { "type": "Point", "coordinates": [ 16.3918, 56.5932 ] } },
{ "type": "Feature", "properties": { "decimalLatitude": 64.6091, "decimalLongitude": 21.2392, "month": 8, "species_sci": "Anas acuta", "species_com": "Northern Pintail / Onagagamo" }, "geometry": { "type": "Point", "coordinates": [ 21.2392, 64.6091 ] } },
{ "type": "Feature", "properties": { "decimalLatitude": 62.451, "decimalLongitude": 17.4943, "month": 8, "species_sci": "Anas acuta", "species_com": "Northern Pintail / Onagagamo" }, "geometry": { "type": "Point", "coordinates": [ 17.4943, 62.451 ] } },
{ "type": "Feature", "properties": { "decimalLatitude": 57.1234, "decimalLongitude": 12.238, "month": 8, "species_sci": "Anas acuta", "species_com": "Northern Pintail / Onagagamo" }, "geometry": { "type": "Point", "coordinates": [ 12.238, 57.1234 ] } },
{ "type": "Feature", "properties": { "decimalLatitude": 60.5078, "decimalLongitude": 17.7104, "month": 8, "species_sci": "Anas acuta", "species_com": "Northern Pintail / Onagagamo" }, "geometry": { "type": "Point", "coordinates": [ 17.7104, 60.5078 ] } },
{ "type": "Feature", "properties": { "decimalLatitude": 62.1052, "decimalLongitude": 12.2916, "month": 8, "species_sci": "Anas acuta", "species_com": "Northern Pintail / Onagagamo" }, "geometry": { "type": "Point", "coordinates": [ 12.2916, 62.1052 ] } },
{ "type": "Feature", "properties": { "decimalLatitude": 56.1428, "decimalLongitude": 10.0738, "month": 8, "species_sci": "Anas acuta", "species_com": "Northern Pintail / Onagagamo" }, "geometry": { "type": "Point", "coordinates": [ 10.0738, 56.1428 ] } },
{ "type": "Feature", "properties": { "decimalLatitude": 56.3318, "decimalLongitude": 16.5436, "month": 8, "species_sci": "Anas acuta", "species_com": "Northern Pintail / Onagagamo" }, "geometry": { "type": "Point", "coordinates": [ 16.5436, 56.3318 ] } },
{ "type": "Feature", "properties": { "decimalLatitude": 56.9663, "decimalLongitude": 12.4042, "month": 8, "species_sci": "Anas acuta", "species_com": "Northern Pintail / Onagagamo" }, "geometry": { "type": "Point", "coordinates": [ 12.4042, 56.9663 ] } },
{ "type": "Feature", "properties": { "decimalLatitude": 58.3237, "decimalLongitude": 13.5376, "month": 8, "species_sci": "Anas acuta", "species_com": "Northern Pintail / Onagagamo" }, "geometry": { "type": "Point", "coordinates": [ 13.5376, 58.3237 ] } },
{ "type": "Feature", "properties": { "decimalLatitude": 56.2266, "decimalLongitude": 12.7494, "month": 8, "species_sci": "Anas acuta", "species_com": "Northern Pintail / Onagagamo" }, "geometry": { "type": "Point", "coordinates": [ 12.7494, 56.2266 ] } },
{ "type": "Feature", "properties": { "decimalLatitude": 57.2251, "decimalLongitude": 18.6984, "month": 8, "species_sci": "Anas acuta", "species_com": "Northern Pintail / Onagagamo" }, "geometry": { "type": "Point", "coordinates": [ 18.6984, 57.2251 ] } },
{ "type": "Feature", "properties": { "decimalLatitude": 55.8052, "decimalLongitude": 12.9321, "month": 8, "species_sci": "Anas acuta", "species_com": "Northern Pintail / Onagagamo" }, "geometry": { "type": "Point", "coordinates": [ 12.9321, 55.8052 ] } },
{ "type": "Feature", "properties": { "decimalLatitude": 59.1734, "decimalLongitude": 10.9786, "month": 8, "species_sci": "Anas acuta", "species_com": "Northern Pintail / Onagagamo" }, "geometry": { "type": "Point", "coordinates": [ 10.9786, 59.1734 ] } },
{ "type": "Feature", "properties": { "decimalLatitude": 56.546, "decimalLongitude": 8.7605, "month": 8, "species_sci": "Anas acuta", "species_com": "Northern Pintail / Onagagamo" }, "geometry": { "type": "Point", "coordinates": [ 8.7605, 56.546 ] } },
{ "type": "Feature", "properties": { "decimalLatitude": 58.4663, "decimalLongitude": 15.5543, "month": 8, "species_sci": "Anas acuta", "species_com": "Northern Pintail / Onagagamo" }, "geometry": { "type": "Point", "coordinates": [ 15.5543, 58.4663 ] } },
{ "type": "Feature", "properties": { "decimalLatitude": 56.1428, "decimalLongitude": 10.0738, "month": 8, "species_sci": "Anas acuta", "species_com": "Northern Pintail / Onagagamo" }, "geometry": { "type": "Point", "coordinates": [ 10.0738, 56.1428 ] } },
{ "type": "Feature", "properties": { "decimalLatitude": 56.3318, "decimalLongitude": 16.5436, "month": 8, "species_sci": "Anas acuta", "species_com": "Northern Pintail / Onagagamo" }, "geometry": { "type": "Point", "coordinates": [ 16.5436, 56.3318 ] } },
{ "type": "Feature", "properties": { "decimalLatitude": 55.4991, "decimalLongitude": 12.2055, "month": 8, "species_sci": "Anas acuta", "species_com": "Northern Pintail / Onagagamo" }, "geometry": { "type": "Point", "coordinates": [ 12.2055, 55.4991 ] } },
{ "type": "Feature", "properties": { "decimalLatitude": 59.9274, "decimalLongitude": 11.0978, "month": 8, "species_sci": "Anas acuta", "species_com": "Northern Pintail / Onagagamo" }, "geometry": { "type": "Point", "coordinates": [ 11.0978, 59.9274 ] } },
{ "type": "Feature", "properties": { "decimalLatitude": 55.3784, "decimalLongitude": 12.8122, "month": 8, "species_sci": "Anas acuta", "species_com": "Northern Pintail / Onagagamo" }, "geometry": { "type": "Point", "coordinates": [ 12.8122, 55.3784 ] } },
{ "type": "Feature", "properties": { "decimalLatitude": 60.5075, "decimalLongitude": 17.681, "month": 8, "species_sci": "Anas acuta", "species_com": "Northern Pintail / Onagagamo" }, "geometry": { "type": "Point", "coordinates": [ 17.681, 60.5075 ] } },
{ "type": "Feature", "properties": { "decimalLatitude": 62.4682, "decimalLongitude": 17.4595, "month": 8, "species_sci": "Anas acuta", "species_com": "Northern Pintail / Onagagamo" }, "geometry": { "type": "Point", "coordinates": [ 17.4595, 62.4682 ] } },
{ "type": "Feature", "properties": { "decimalLatitude": 59.706, "decimalLongitude": 16.4844, "month": 8, "species_sci": "Anas acuta", "species_com": "Northern Pintail / Onagagamo" }, "geometry": { "type": "Point", "coordinates": [ 16.4844, 59.706 ] } },
{ "type": "Feature", "properties": { "decimalLatitude": 58.3899, "decimalLongitude": 12.3337, "month": 8, "species_sci": "Anas acuta", "species_com": "Northern Pintail / Onagagamo" }, "geometry": { "type": "Point", "coordinates": [ 12.3337, 58.3899 ] } },
{ "type": "Feature", "properties": { "decimalLatitude": 59.9727, "decimalLongitude": 18.9065, "month": 8, "species_sci": "Anas acuta", "species_com": "Northern Pintail / Onagagamo" }, "geometry": { "type": "Point", "coordinates": [ 18.9065, 59.9727 ] } },
{ "type": "Feature", "properties": { "decimalLatitude": 63.7011, "decimalLongitude": 11.0625, "month": 8, "species_sci": "Anas acuta", "species_com": "Northern Pintail / Onagagamo" }, "geometry": { "type": "Point", "coordinates": [ 11.0625, 63.7011 ] } },
{ "type": "Feature", "properties": { "decimalLatitude": 58.4217, "decimalLongitude": 12.6109, "month": 8, "species_sci": "Anas acuta", "species_com": "Northern Pintail / Onagagamo" }, "geometry": { "type": "Point", "coordinates": [ 12.6109, 58.4217 ] } },
{ "type": "Feature", "properties": { "decimalLatitude": 67.5309, "decimalLongitude": 12.096, "month": 8, "species_sci": "Anas acuta", "species_com": "Northern Pintail / Onagagamo" }, "geometry": { "type": "Point", "coordinates": [ 12.096, 67.5309 ] } },
{ "type": "Feature", "properties": { "decimalLatitude": 58.5251, "decimalLongitude": 13.1338, "month": 8, "species_sci": "Anas acuta", "species_com": "Northern Pintail / Onagagamo" }, "geometry": { "type": "Point", "coordinates": [ 13.1338, 58.5251 ] } },
{ "type": "Feature", "properties": { "decimalLatitude": 59.1773, "decimalLongitude": 15.3961, "month": 8, "species_sci": "Anas acuta", "species_com": "Northern Pintail / Onagagamo" }, "geometry": { "type": "Point", "coordinates": [ 15.3961, 59.1773 ] } },
{ "type": "Feature", "properties": { "decimalLatitude": 57.0372, "decimalLongitude": 9.1154, "month": 8, "species_sci": "Anas acuta", "species_com": "Northern Pintail / Onagagamo" }, "geometry": { "type": "Point", "coordinates": [ 9.1154, 57.0372 ] } },
{ "type": "Feature", "properties": { "decimalLatitude": 59.706, "decimalLongitude": 16.4844, "month": 8, "species_sci": "Anas acuta", "species_com": "Northern Pintail / Onagagamo" }, "geometry": { "type": "Point", "coordinates": [ 16.4844, 59.706 ] } },
{ "type": "Feature", "properties": { "decimalLatitude": 57.7165, "decimalLongitude": 18.8394, "month": 8, "species_sci": "Anas acuta", "species_com": "Northern Pintail / Onagagamo" }, "geometry": { "type": "Point", "coordinates": [ 18.8394, 57.7165 ] } },
{ "type": "Feature", "properties": { "decimalLatitude": 55.6919, "decimalLongitude": 14.2164, "month": 8, "species_sci": "Anas acuta", "species_com": "Northern Pintail / Onagagamo" }, "geometry": { "type": "Point", "coordinates": [ 14.2164, 55.6919 ] } },
{ "type": "Feature", "properties": { "decimalLatitude": 56.7383, "decimalLongitude": 14.5856, "month": 8, "species_sci": "Anas acuta", "species_com": "Northern Pintail / Onagagamo" }, "geometry": { "type": "Point", "coordinates": [ 14.5856, 56.7383 ] } },
{ "type": "Feature", "properties": { "decimalLatitude": 59.6654, "decimalLongitude": 17.3827, "month": 8, "species_sci": "Anas acuta", "species_com": "Northern Pintail / Onagagamo" }, "geometry": { "type": "Point", "coordinates": [ 17.3827, 59.6654 ] } },
{ "type": "Feature", "properties": { "decimalLatitude": 57.9848, "decimalLongitude": 19.2113, "month": 8, "species_sci": "Anas acuta", "species_com": "Northern Pintail / Onagagamo" }, "geometry": { "type": "Point", "coordinates": [ 19.2113, 57.9848 ] } },
{ "type": "Feature", "properties": { "decimalLatitude": 63.6825, "decimalLongitude": 9.5443, "month": 8, "species_sci": "Anas acuta", "species_com": "Northern Pintail / Onagagamo" }, "geometry": { "type": "Point", "coordinates": [ 9.5443, 63.6825 ] } },
{ "type": "Feature", "properties": { "decimalLatitude": 59.6654, "decimalLongitude": 17.3827, "month": 8, "species_sci": "Anas acuta", "species_com": "Northern Pintail / Onagagamo" }, "geometry": { "type": "Point", "coordinates": [ 17.3827, 59.6654 ] } },
{ "type": "Feature", "properties": { "decimalLatitude": 58.3139, "decimalLongitude": 13.5403, "month": 8, "species_sci": "Anas acuta", "species_com": "Northern Pintail / Onagagamo" }, "geometry": { "type": "Point", "coordinates": [ 13.5403, 58.3139 ] } },
{ "type": "Feature", "properties": { "decimalLatitude": 58.4974, "decimalLongitude": 11.3007, "month": 8, "species_sci": "Anas acuta", "species_com": "Northern Pintail / Onagagamo" }, "geometry": { "type": "Point", "coordinates": [ 11.3007, 58.4974 ] } },
{ "type": "Feature", "properties": { "decimalLatitude": 60.5094, "decimalLongitude": 17.7178, "month": 8, "species_sci": "Anas acuta", "species_com": "Northern Pintail / Onagagamo" }, "geometry": { "type": "Point", "coordinates": [ 17.7178, 60.5094 ] } },
{ "type": "Feature", "properties": { "decimalLatitude": 59.8975, "decimalLongitude": 13.2166, "month": 8, "species_sci": "Anas acuta", "species_com": "Northern Pintail / Onagagamo" }, "geometry": { "type": "Point", "coordinates": [ 13.2166, 59.8975 ] } },
{ "type": "Feature", "properties": { "decimalLatitude": 63.7552, "decimalLongitude": 20.2732, "month": 8, "species_sci": "Anas acuta", "species_com": "Northern Pintail / Onagagamo" }, "geometry": { "type": "Point", "coordinates": [ 20.2732, 63.7552 ] } },
{ "type": "Feature", "properties": { "decimalLatitude": 56.9663, "decimalLongitude": 12.4042, "month": 8, "species_sci": "Anas acuta", "species_com": "Northern Pintail / Onagagamo" }, "geometry": { "type": "Point", "coordinates": [ 12.4042, 56.9663 ] } },
{ "type": "Feature", "properties": { "decimalLatitude": 59.0483, "decimalLongitude": 10.1639, "month": 8, "species_sci": "Anas acuta", "species_com": "Northern Pintail / Onagagamo" }, "geometry": { "type": "Point", "coordinates": [ 10.1639, 59.0483 ] } },
{ "type": "Feature", "properties": { "decimalLatitude": 56.5794, "decimalLongitude": 16.2221, "month": 8, "species_sci": "Anas acuta", "species_com": "Northern Pintail / Onagagamo" }, "geometry": { "type": "Point", "coordinates": [ 16.2221, 56.5794 ] } },
{ "type": "Feature", "properties": { "decimalLatitude": 45.6487, "decimalLongitude": 29.8414, "month": 8, "species_sci": "Anas acuta", "species_com": "Northern Pintail / Onagagamo" }, "geometry": { "type": "Point", "coordinates": [ 29.8414, 45.6487 ] } },
{ "type": "Feature", "properties": { "decimalLatitude": 56.3581, "decimalLongitude": 16.4942, "month": 8, "species_sci": "Anas acuta", "species_com": "Northern Pintail / Onagagamo" }, "geometry": { "type": "Point", "coordinates": [ 16.4942, 56.3581 ] } },
{ "type": "Feature", "properties": { "decimalLatitude": 58.95, "decimalLongitude": 17.6122, "month": 8, "species_sci": "Anas acuta", "species_com": "Northern Pintail / Onagagamo" }, "geometry": { "type": "Point", "coordinates": [ 17.6122, 58.95 ] } },
{ "type": "Feature", "properties": { "decimalLatitude": 55.3784, "decimalLongitude": 12.8122, "month": 8, "species_sci": "Anas acuta", "species_com": "Northern Pintail / Onagagamo" }, "geometry": { "type": "Point", "coordinates": [ 12.8122, 55.3784 ] } },
{ "type": "Feature", "properties": { "decimalLatitude": 56.1964, "decimalLongitude": 16.3993, "month": 8, "species_sci": "Anas acuta", "species_com": "Northern Pintail / Onagagamo" }, "geometry": { "type": "Point", "coordinates": [ 16.3993, 56.1964 ] } },
{ "type": "Feature", "properties": { "decimalLatitude": 58.3899, "decimalLongitude": 12.3337, "month": 8, "species_sci": "Anas acuta", "species_com": "Northern Pintail / Onagagamo" }, "geometry": { "type": "Point", "coordinates": [ 12.3337, 58.3899 ] } },
{ "type": "Feature", "properties": { "decimalLatitude": 57.8428, "decimalLongitude": 14.8394, "month": 8, "species_sci": "Anas acuta", "species_com": "Northern Pintail / Onagagamo" }, "geometry": { "type": "Point", "coordinates": [ 14.8394, 57.8428 ] } },
{ "type": "Feature", "properties": { "decimalLatitude": 59.2168, "decimalLongitude": 5.1817, "month": 8, "species_sci": "Anas acuta", "species_com": "Northern Pintail / Onagagamo" }, "geometry": { "type": "Point", "coordinates": [ 5.1817, 59.2168 ] } },
{ "type": "Feature", "properties": { "decimalLatitude": 66.3476, "decimalLongitude": 23.9809, "month": 8, "species_sci": "Anas acuta", "species_com": "Northern Pintail / Onagagamo" }, "geometry": { "type": "Point", "coordinates": [ 23.9809, 66.3476 ] } },
{ "type": "Feature", "properties": { "decimalLatitude": 59.429, "decimalLongitude": 17.0626, "month": 8, "species_sci": "Anas acuta", "species_com": "Northern Pintail / Onagagamo" }, "geometry": { "type": "Point", "coordinates": [ 17.0626, 59.429 ] } },
{ "type": "Feature", "properties": { "decimalLatitude": 56.5794, "decimalLongitude": 16.2221, "month": 8, "species_sci": "Anas acuta", "species_com": "Northern Pintail / Onagagamo" }, "geometry": { "type": "Point", "coordinates": [ 16.2221, 56.5794 ] } },
{ "type": "Feature", "properties": { "decimalLatitude": 57.1307, "decimalLongitude": 12.238, "month": 9, "species_sci": "Anas acuta", "species_com": "Northern Pintail / Onagagamo" }, "geometry": { "type": "Point", "coordinates": [ 12.238, 57.1307 ] } },
{ "type": "Feature", "properties": { "decimalLatitude": 57.8072, "decimalLongitude": 11.8643, "month": 9, "species_sci": "Anas acuta", "species_com": "Northern Pintail / Onagagamo" }, "geometry": { "type": "Point", "coordinates": [ 11.8643, 57.8072 ] } },
{ "type": "Feature", "properties": { "decimalLatitude": 59.706, "decimalLongitude": 16.4844, "month": 9, "species_sci": "Anas acuta", "species_com": "Northern Pintail / Onagagamo" }, "geometry": { "type": "Point", "coordinates": [ 16.4844, 59.706 ] } },
{ "type": "Feature", "properties": { "decimalLatitude": 59.9727, "decimalLongitude": 18.9065, "month": 9, "species_sci": "Anas acuta", "species_com": "Northern Pintail / Onagagamo" }, "geometry": { "type": "Point", "coordinates": [ 18.9065, 59.9727 ] } },
{ "type": "Feature", "properties": { "decimalLatitude": 55.6705, "decimalLongitude": 13.0942, "month": 9, "species_sci": "Anas acuta", "species_com": "Northern Pintail / Onagagamo" }, "geometry": { "type": "Point", "coordinates": [ 13.0942, 55.6705 ] } },
{ "type": "Feature", "properties": { "decimalLatitude": 55.6602, "decimalLongitude": 13.059, "month": 9, "species_sci": "Anas acuta", "species_com": "Northern Pintail / Onagagamo" }, "geometry": { "type": "Point", "coordinates": [ 13.059, 55.6602 ] } },
{ "type": "Feature", "properties": { "decimalLatitude": 59.9727, "decimalLongitude": 18.9065, "month": 9, "species_sci": "Anas acuta", "species_com": "Northern Pintail / Onagagamo" }, "geometry": { "type": "Point", "coordinates": [ 18.9065, 59.9727 ] } },
{ "type": "Feature", "properties": { "decimalLatitude": 58.4979, "decimalLongitude": 13.2783, "month": 9, "species_sci": "Anas acuta", "species_com": "Northern Pintail / Onagagamo" }, "geometry": { "type": "Point", "coordinates": [ 13.2783, 58.4979 ] } },
{ "type": "Feature", "properties": { "decimalLatitude": 59.3028, "decimalLongitude": 19.1407, "month": 9, "species_sci": "Anas acuta", "species_com": "Northern Pintail / Onagagamo" }, "geometry": { "type": "Point", "coordinates": [ 19.1407, 59.3028 ] } },
{ "type": "Feature", "properties": { "decimalLatitude": 55.4434, "decimalLongitude": 12.9594, "month": 9, "species_sci": "Anas acuta", "species_com": "Northern Pintail / Onagagamo" }, "geometry": { "type": "Point", "coordinates": [ 12.9594, 55.4434 ] } },
{ "type": "Feature", "properties": { "decimalLatitude": 55.7666, "decimalLongitude": 14.1963, "month": 9, "species_sci": "Anas acuta", "species_com": "Northern Pintail / Onagagamo" }, "geometry": { "type": "Point", "coordinates": [ 14.1963, 55.7666 ] } },
{ "type": "Feature", "properties": { "decimalLatitude": 57.9354, "decimalLongitude": 12.4943, "month": 9, "species_sci": "Anas acuta", "species_com": "Northern Pintail / Onagagamo" }, "geometry": { "type": "Point", "coordinates": [ 12.4943, 57.9354 ] } },
{ "type": "Feature", "properties": { "decimalLatitude": 57.8459, "decimalLongitude": 14.8428, "month": 9, "species_sci": "Anas acuta", "species_com": "Northern Pintail / Onagagamo" }, "geometry": { "type": "Point", "coordinates": [ 14.8428, 57.8459 ] } },
{ "type": "Feature", "properties": { "decimalLatitude": 57.0275, "decimalLongitude": 12.3102, "month": 9, "species_sci": "Anas acuta", "species_com": "Northern Pintail / Onagagamo" }, "geometry": { "type": "Point", "coordinates": [ 12.3102, 57.0275 ] } },
{ "type": "Feature", "properties": { "decimalLatitude": 53.45, "decimalLongitude": 6.7, "month": 9, "species_sci": "Anas acuta", "species_com": "Northern Pintail / Onagagamo" }, "geometry": { "type": "Point", "coordinates": [ 6.7, 53.45 ] } },
{ "type": "Feature", "properties": { "decimalLatitude": 49.7682, "decimalLongitude": 8.5653, "month": 9, "species_sci": "Anas acuta", "species_com": "Northern Pintail / Onagagamo" }, "geometry": { "type": "Point", "coordinates": [ 8.5653, 49.7682 ] } },
{ "type": "Feature", "properties": { "decimalLatitude": 58.3899, "decimalLongitude": 12.3337, "month": 9, "species_sci": "Anas acuta", "species_com": "Northern Pintail / Onagagamo" }, "geometry": { "type": "Point", "coordinates": [ 12.3337, 58.3899 ] } },
{ "type": "Feature", "properties": { "decimalLatitude": 56.8168, "decimalLongitude": 13.6272, "month": 9, "species_sci": "Anas acuta", "species_com": "Northern Pintail / Onagagamo" }, "geometry": { "type": "Point", "coordinates": [ 13.6272, 56.8168 ] } },
{ "type": "Feature", "properties": { "decimalLatitude": 57.4366, "decimalLongitude": 18.9795, "month": 9, "species_sci": "Anas acuta", "species_com": "Northern Pintail / Onagagamo" }, "geometry": { "type": "Point", "coordinates": [ 18.9795, 57.4366 ] } },
{ "type": "Feature", "properties": { "decimalLatitude": 59.7426, "decimalLongitude": 16.1797, "month": 9, "species_sci": "Anas acuta", "species_com": "Northern Pintail / Onagagamo" }, "geometry": { "type": "Point", "coordinates": [ 16.1797, 59.7426 ] } },
{ "type": "Feature", "properties": { "decimalLatitude": 56.3318, "decimalLongitude": 16.5436, "month": 9, "species_sci": "Anas acuta", "species_com": "Northern Pintail / Onagagamo" }, "geometry": { "type": "Point", "coordinates": [ 16.5436, 56.3318 ] } },
{ "type": "Feature", "properties": { "decimalLatitude": 62.248, "decimalLongitude": 17.5257, "month": 9, "species_sci": "Anas acuta", "species_com": "Northern Pintail / Onagagamo" }, "geometry": { "type": "Point", "coordinates": [ 17.5257, 62.248 ] } },
{ "type": "Feature", "properties": { "decimalLatitude": 54.5964, "decimalLongitude": 11.5, "month": 9, "species_sci": "Anas acuta", "species_com": "Northern Pintail / Onagagamo" }, "geometry": { "type": "Point", "coordinates": [ 11.5, 54.5964 ] } },
{ "type": "Feature", "properties": { "decimalLatitude": 55.3784, "decimalLongitude": 12.8122, "month": 9, "species_sci": "Anas acuta", "species_com": "Northern Pintail / Onagagamo" }, "geometry": { "type": "Point", "coordinates": [ 12.8122, 55.3784 ] } },
{ "type": "Feature", "properties": { "decimalLatitude": 55.8219, "decimalLongitude": 12.9099, "month": 9, "species_sci": "Anas acuta", "species_com": "Northern Pintail / Onagagamo" }, "geometry": { "type": "Point", "coordinates": [ 12.9099, 55.8219 ] } },
{ "type": "Feature", "properties": { "decimalLatitude": 58.598, "decimalLongitude": 16.098, "month": 9, "species_sci": "Anas acuta", "species_com": "Northern Pintail / Onagagamo" }, "geometry": { "type": "Point", "coordinates": [ 16.098, 58.598 ] } },
{ "type": "Feature", "properties": { "decimalLatitude": 55.8052, "decimalLongitude": 12.9321, "month": 9, "species_sci": "Anas acuta", "species_com": "Northern Pintail / Onagagamo" }, "geometry": { "type": "Point", "coordinates": [ 12.9321, 55.8052 ] } },
{ "type": "Feature", "properties": { "decimalLatitude": 59.9175, "decimalLongitude": 18.3149, "month": 9, "species_sci": "Anas acuta", "species_com": "Northern Pintail / Onagagamo" }, "geometry": { "type": "Point", "coordinates": [ 18.3149, 59.9175 ] } },
{ "type": "Feature", "properties": { "decimalLatitude": 54.9898, "decimalLongitude": 15.0765, "month": 9, "species_sci": "Anas acuta", "species_com": "Northern Pintail / Onagagamo" }, "geometry": { "type": "Point", "coordinates": [ 15.0765, 54.9898 ] } },
{ "type": "Feature", "properties": { "decimalLatitude": 62.2724, "decimalLongitude": 17.4596, "month": 9, "species_sci": "Anas acuta", "species_com": "Northern Pintail / Onagagamo" }, "geometry": { "type": "Point", "coordinates": [ 17.4596, 62.2724 ] } },
{ "type": "Feature", "properties": { "decimalLatitude": 63.572, "decimalLongitude": 10.7437, "month": 9, "species_sci": "Anas acuta", "species_com": "Northern Pintail / Onagagamo" }, "geometry": { "type": "Point", "coordinates": [ 10.7437, 63.572 ] } },
{ "type": "Feature", "properties": { "decimalLatitude": 59.9787, "decimalLongitude": 18.9038, "month": 9, "species_sci": "Anas acuta", "species_com": "Northern Pintail / Onagagamo" }, "geometry": { "type": "Point", "coordinates": [ 18.9038, 59.9787 ] } },
{ "type": "Feature", "properties": { "decimalLatitude": 56.9187, "decimalLongitude": 12.3698, "month": 9, "species_sci": "Anas acuta", "species_com": "Northern Pintail / Onagagamo" }, "geometry": { "type": "Point", "coordinates": [ 12.3698, 56.9187 ] } },
{ "type": "Feature", "properties": { "decimalLatitude": 60.5094, "decimalLongitude": 17.7178, "month": 9, "species_sci": "Anas acuta", "species_com": "Northern Pintail / Onagagamo" }, "geometry": { "type": "Point", "coordinates": [ 17.7178, 60.5094 ] } },
{ "type": "Feature", "properties": { "decimalLatitude": 55.5586, "decimalLongitude": 8.0763, "month": 9, "species_sci": "Anas acuta", "species_com": "Northern Pintail / Onagagamo" }, "geometry": { "type": "Point", "coordinates": [ 8.0763, 55.5586 ] } },
{ "type": "Feature", "properties": { "decimalLatitude": 56.1473, "decimalLongitude": 10.5427, "month": 9, "species_sci": "Anas acuta", "species_com": "Northern Pintail / Onagagamo" }, "geometry": { "type": "Point", "coordinates": [ 10.5427, 56.1473 ] } },
{ "type": "Feature", "properties": { "decimalLatitude": 58.8858, "decimalLongitude": 13.2352, "month": 9, "species_sci": "Anas acuta", "species_com": "Northern Pintail / Onagagamo" }, "geometry": { "type": "Point", "coordinates": [ 13.2352, 58.8858 ] } },
{ "type": "Feature", "properties": { "decimalLatitude": 51.3804, "decimalLongitude": 12.0434, "month": 9, "species_sci": "Anas acuta", "species_com": "Northern Pintail / Onagagamo" }, "geometry": { "type": "Point", "coordinates": [ 12.0434, 51.3804 ] } },
{ "type": "Feature", "properties": { "decimalLatitude": 56.9233, "decimalLongitude": 12.3593, "month": 9, "species_sci": "Anas acuta", "species_com": "Northern Pintail / Onagagamo" }, "geometry": { "type": "Point", "coordinates": [ 12.3593, 56.9233 ] } },
{ "type": "Feature", "properties": { "decimalLatitude": 56.7715, "decimalLongitude": 16.4788, "month": 9, "species_sci": "Anas acuta", "species_com": "Northern Pintail / Onagagamo" }, "geometry": { "type": "Point", "coordinates": [ 16.4788, 56.7715 ] } },
{ "type": "Feature", "properties": { "decimalLatitude": 55.4208, "decimalLongitude": 12.8494, "month": 9, "species_sci": "Anas acuta", "species_com": "Northern Pintail / Onagagamo" }, "geometry": { "type": "Point", "coordinates": [ 12.8494, 55.4208 ] } },
{ "type": "Feature", "properties": { "decimalLatitude": 56.224, "decimalLongitude": 12.6976, "month": 9, "species_sci": "Anas acuta", "species_com": "Northern Pintail / Onagagamo" }, "geometry": { "type": "Point", "coordinates": [ 12.6976, 56.224 ] } },
{ "type": "Feature", "properties": { "decimalLatitude": 61.9585, "decimalLongitude": 17.3769, "month": 9, "species_sci": "Anas acuta", "species_com": "Northern Pintail / Onagagamo" }, "geometry": { "type": "Point", "coordinates": [ 17.3769, 61.9585 ] } },
{ "type": "Feature", "properties": { "decimalLatitude": 57.6973, "decimalLongitude": 11.6107, "month": 9, "species_sci": "Anas acuta", "species_com": "Northern Pintail / Onagagamo" }, "geometry": { "type": "Point", "coordinates": [ 11.6107, 57.6973 ] } },
{ "type": "Feature", "properties": { "decimalLatitude": 56.0223, "decimalLongitude": 10.2821, "month": 9, "species_sci": "Anas acuta", "species_com": "Northern Pintail / Onagagamo" }, "geometry": { "type": "Point", "coordinates": [ 10.2821, 56.0223 ] } },
{ "type": "Feature", "properties": { "decimalLatitude": 55.3692, "decimalLongitude": 12.4156, "month": 9, "species_sci": "Anas acuta", "species_com": "Northern Pintail / Onagagamo" }, "geometry": { "type": "Point", "coordinates": [ 12.4156, 55.3692 ] } },
{ "type": "Feature", "properties": { "decimalLatitude": 56.1209, "decimalLongitude": 15.3479, "month": 9, "species_sci": "Anas acuta", "species_com": "Northern Pintail / Onagagamo" }, "geometry": { "type": "Point", "coordinates": [ 15.3479, 56.1209 ] } },
{ "type": "Feature", "properties": { "decimalLatitude": 58.3899, "decimalLongitude": 12.3337, "month": 9, "species_sci": "Anas acuta", "species_com": "Northern Pintail / Onagagamo" }, "geometry": { "type": "Point", "coordinates": [ 12.3337, 58.3899 ] } },
{ "type": "Feature", "properties": { "decimalLatitude": 60.5078, "decimalLongitude": 17.7104, "month": 9, "species_sci": "Anas acuta", "species_com": "Northern Pintail / Onagagamo" }, "geometry": { "type": "Point", "coordinates": [ 17.7104, 60.5078 ] } },
{ "type": "Feature", "properties": { "decimalLatitude": 58.3899, "decimalLongitude": 12.3337, "month": 9, "species_sci": "Anas acuta", "species_com": "Northern Pintail / Onagagamo" }, "geometry": { "type": "Point", "coordinates": [ 12.3337, 58.3899 ] } },
{ "type": "Feature", "properties": { "decimalLatitude": 60.7937, "decimalLongitude": 17.3882, "month": 9, "species_sci": "Anas acuta", "species_com": "Northern Pintail / Onagagamo" }, "geometry": { "type": "Point", "coordinates": [ 17.3882, 60.7937 ] } },
{ "type": "Feature", "properties": { "decimalLatitude": 56.0825, "decimalLongitude": 15.8441, "month": 9, "species_sci": "Anas acuta", "species_com": "Northern Pintail / Onagagamo" }, "geometry": { "type": "Point", "coordinates": [ 15.8441, 56.0825 ] } },
{ "type": "Feature", "properties": { "decimalLatitude": 56.6799, "decimalLongitude": 16.3763, "month": 9, "species_sci": "Anas acuta", "species_com": "Northern Pintail / Onagagamo" }, "geometry": { "type": "Point", "coordinates": [ 16.3763, 56.6799 ] } },
{ "type": "Feature", "properties": { "decimalLatitude": 52.6, "decimalLongitude": 4.65, "month": 9, "species_sci": "Anas acuta", "species_com": "Northern Pintail / Onagagamo" }, "geometry": { "type": "Point", "coordinates": [ 4.65, 52.6 ] } },
{ "type": "Feature", "properties": { "decimalLatitude": 59.2768, "decimalLongitude": 10.3836, "month": 9, "species_sci": "Anas acuta", "species_com": "Northern Pintail / Onagagamo" }, "geometry": { "type": "Point", "coordinates": [ 10.3836, 59.2768 ] } },
{ "type": "Feature", "properties": { "decimalLatitude": 56.2308, "decimalLongitude": 12.5309, "month": 9, "species_sci": "Anas acuta", "species_com": "Northern Pintail / Onagagamo" }, "geometry": { "type": "Point", "coordinates": [ 12.5309, 56.2308 ] } },
{ "type": "Feature", "properties": { "decimalLatitude": 55.3784, "decimalLongitude": 12.8122, "month": 9, "species_sci": "Anas acuta", "species_com": "Northern Pintail / Onagagamo" }, "geometry": { "type": "Point", "coordinates": [ 12.8122, 55.3784 ] } },
{ "type": "Feature", "properties": { "decimalLatitude": 56.224, "decimalLongitude": 12.6976, "month": 9, "species_sci": "Anas acuta", "species_com": "Northern Pintail / Onagagamo" }, "geometry": { "type": "Point", "coordinates": [ 12.6976, 56.224 ] } },
{ "type": "Feature", "properties": { "decimalLatitude": 56.9187, "decimalLongitude": 12.3698, "month": 9, "species_sci": "Anas acuta", "species_com": "Northern Pintail / Onagagamo" }, "geometry": { "type": "Point", "coordinates": [ 12.3698, 56.9187 ] } },
{ "type": "Feature", "properties": { "decimalLatitude": 59.3028, "decimalLongitude": 19.1407, "month": 9, "species_sci": "Anas acuta", "species_com": "Northern Pintail / Onagagamo" }, "geometry": { "type": "Point", "coordinates": [ 19.1407, 59.3028 ] } },
{ "type": "Feature", "properties": { "decimalLatitude": 56.3318, "decimalLongitude": 16.5436, "month": 9, "species_sci": "Anas acuta", "species_com": "Northern Pintail / Onagagamo" }, "geometry": { "type": "Point", "coordinates": [ 16.5436, 56.3318 ] } },
{ "type": "Feature", "properties": { "decimalLatitude": 56.224, "decimalLongitude": 12.6976, "month": 9, "species_sci": "Anas acuta", "species_com": "Northern Pintail / Onagagamo" }, "geometry": { "type": "Point", "coordinates": [ 12.6976, 56.224 ] } },
{ "type": "Feature", "properties": { "decimalLatitude": 56.7715, "decimalLongitude": 16.4788, "month": 9, "species_sci": "Anas acuta", "species_com": "Northern Pintail / Onagagamo" }, "geometry": { "type": "Point", "coordinates": [ 16.4788, 56.7715 ] } },
{ "type": "Feature", "properties": { "decimalLatitude": 57.9354, "decimalLongitude": 12.4943, "month": 9, "species_sci": "Anas acuta", "species_com": "Northern Pintail / Onagagamo" }, "geometry": { "type": "Point", "coordinates": [ 12.4943, 57.9354 ] } },
{ "type": "Feature", "properties": { "decimalLatitude": 56.9508, "decimalLongitude": 12.3508, "month": 9, "species_sci": "Anas acuta", "species_com": "Northern Pintail / Onagagamo" }, "geometry": { "type": "Point", "coordinates": [ 12.3508, 56.9508 ] } },
{ "type": "Feature", "properties": { "decimalLatitude": 56.6751, "decimalLongitude": 14.8728, "month": 9, "species_sci": "Anas acuta", "species_com": "Northern Pintail / Onagagamo" }, "geometry": { "type": "Point", "coordinates": [ 14.8728, 56.6751 ] } },
{ "type": "Feature", "properties": { "decimalLatitude": 55.5586, "decimalLongitude": 8.0763, "month": 9, "species_sci": "Anas acuta", "species_com": "Northern Pintail / Onagagamo" }, "geometry": { "type": "Point", "coordinates": [ 8.0763, 55.5586 ] } },
{ "type": "Feature", "properties": { "decimalLatitude": 56.4822, "decimalLongitude": 16.3742, "month": 9, "species_sci": "Anas acuta", "species_com": "Northern Pintail / Onagagamo" }, "geometry": { "type": "Point", "coordinates": [ 16.3742, 56.4822 ] } },
{ "type": "Feature", "properties": { "decimalLatitude": 60.5094, "decimalLongitude": 17.7178, "month": 9, "species_sci": "Anas acuta", "species_com": "Northern Pintail / Onagagamo" }, "geometry": { "type": "Point", "coordinates": [ 17.7178, 60.5094 ] } },
{ "type": "Feature", "properties": { "decimalLatitude": 56.9004, "decimalLongitude": 12.4298, "month": 9, "species_sci": "Anas acuta", "species_com": "Northern Pintail / Onagagamo" }, "geometry": { "type": "Point", "coordinates": [ 12.4298, 56.9004 ] } },
{ "type": "Feature", "properties": { "decimalLatitude": 55.3899, "decimalLongitude": 8.3963, "month": 9, "species_sci": "Anas acuta", "species_com": "Northern Pintail / Onagagamo" }, "geometry": { "type": "Point", "coordinates": [ 8.3963, 55.3899 ] } },
{ "type": "Feature", "properties": { "decimalLatitude": 59.7426, "decimalLongitude": 16.1797, "month": 9, "species_sci": "Anas acuta", "species_com": "Northern Pintail / Onagagamo" }, "geometry": { "type": "Point", "coordinates": [ 16.1797, 59.7426 ] } },
{ "type": "Feature", "properties": { "decimalLatitude": 55.3784, "decimalLongitude": 12.8122, "month": 9, "species_sci": "Anas acuta", "species_com": "Northern Pintail / Onagagamo" }, "geometry": { "type": "Point", "coordinates": [ 12.8122, 55.3784 ] } },
{ "type": "Feature", "properties": { "decimalLatitude": 63.5509, "decimalLongitude": 19.448, "month": 9, "species_sci": "Anas acuta", "species_com": "Northern Pintail / Onagagamo" }, "geometry": { "type": "Point", "coordinates": [ 19.448, 63.5509 ] } },
{ "type": "Feature", "properties": { "decimalLatitude": 57.4222, "decimalLongitude": 18.929, "month": 9, "species_sci": "Anas acuta", "species_com": "Northern Pintail / Onagagamo" }, "geometry": { "type": "Point", "coordinates": [ 18.929, 57.4222 ] } },
{ "type": "Feature", "properties": { "decimalLatitude": 57.9354, "decimalLongitude": 12.4943, "month": 9, "species_sci": "Anas acuta", "species_com": "Northern Pintail / Onagagamo" }, "geometry": { "type": "Point", "coordinates": [ 12.4943, 57.9354 ] } },
{ "type": "Feature", "properties": { "decimalLatitude": 56.2266, "decimalLongitude": 12.7494, "month": 9, "species_sci": "Anas acuta", "species_com": "Northern Pintail / Onagagamo" }, "geometry": { "type": "Point", "coordinates": [ 12.7494, 56.2266 ] } },
{ "type": "Feature", "properties": { "decimalLatitude": 58.3106, "decimalLongitude": 13.5574, "month": 9, "species_sci": "Anas acuta", "species_com": "Northern Pintail / Onagagamo" }, "geometry": { "type": "Point", "coordinates": [ 13.5574, 58.3106 ] } },
{ "type": "Feature", "properties": { "decimalLatitude": 55.5577, "decimalLongitude": 14.3592, "month": 9, "species_sci": "Anas acuta", "species_com": "Northern Pintail / Onagagamo" }, "geometry": { "type": "Point", "coordinates": [ 14.3592, 55.5577 ] } },
{ "type": "Feature", "properties": { "decimalLatitude": 55.5586, "decimalLongitude": 8.0763, "month": 9, "species_sci": "Anas acuta", "species_com": "Northern Pintail / Onagagamo" }, "geometry": { "type": "Point", "coordinates": [ 8.0763, 55.5586 ] } },
{ "type": "Feature", "properties": { "decimalLatitude": 58.4217, "decimalLongitude": 12.6109, "month": 9, "species_sci": "Anas acuta", "species_com": "Northern Pintail / Onagagamo" }, "geometry": { "type": "Point", "coordinates": [ 12.6109, 58.4217 ] } },
{ "type": "Feature", "properties": { "decimalLatitude": 63.4277, "decimalLongitude": 18.4384, "month": 9, "species_sci": "Anas acuta", "species_com": "Northern Pintail / Onagagamo" }, "geometry": { "type": "Point", "coordinates": [ 18.4384, 63.4277 ] } },
{ "type": "Feature", "properties": { "decimalLatitude": 55.3784, "decimalLongitude": 12.8122, "month": 9, "species_sci": "Anas acuta", "species_com": "Northern Pintail / Onagagamo" }, "geometry": { "type": "Point", "coordinates": [ 12.8122, 55.3784 ] } },
{ "type": "Feature", "properties": { "decimalLatitude": 56.9187, "decimalLongitude": 12.3698, "month": 9, "species_sci": "Anas acuta", "species_com": "Northern Pintail / Onagagamo" }, "geometry": { "type": "Point", "coordinates": [ 12.3698, 56.9187 ] } },
{ "type": "Feature", "properties": { "decimalLatitude": 55.7273, "decimalLongitude": 12.9968, "month": 9, "species_sci": "Anas acuta", "species_com": "Northern Pintail / Onagagamo" }, "geometry": { "type": "Point", "coordinates": [ 12.9968, 55.7273 ] } },
{ "type": "Feature", "properties": { "decimalLatitude": 58.4592, "decimalLongitude": 15.565, "month": 9, "species_sci": "Anas acuta", "species_com": "Northern Pintail / Onagagamo" }, "geometry": { "type": "Point", "coordinates": [ 15.565, 58.4592 ] } },
{ "type": "Feature", "properties": { "decimalLatitude": 56.0737, "decimalLongitude": 15.8474, "month": 9, "species_sci": "Anas acuta", "species_com": "Northern Pintail / Onagagamo" }, "geometry": { "type": "Point", "coordinates": [ 15.8474, 56.0737 ] } },
{ "type": "Feature", "properties": { "decimalLatitude": 55.4198, "decimalLongitude": 12.8497, "month": 9, "species_sci": "Anas acuta", "species_com": "Northern Pintail / Onagagamo" }, "geometry": { "type": "Point", "coordinates": [ 12.8497, 55.4198 ] } },
{ "type": "Feature", "properties": { "decimalLatitude": 60.1101, "decimalLongitude": 18.8372, "month": 9, "species_sci": "Anas acuta", "species_com": "Northern Pintail / Onagagamo" }, "geometry": { "type": "Point", "coordinates": [ 18.8372, 60.1101 ] } },
{ "type": "Feature", "properties": { "decimalLatitude": 56.2266, "decimalLongitude": 12.7494, "month": 9, "species_sci": "Anas acuta", "species_com": "Northern Pintail / Onagagamo" }, "geometry": { "type": "Point", "coordinates": [ 12.7494, 56.2266 ] } },
{ "type": "Feature", "properties": { "decimalLatitude": 56.9315, "decimalLongitude": 12.3483, "month": 9, "species_sci": "Anas acuta", "species_com": "Northern Pintail / Onagagamo" }, "geometry": { "type": "Point", "coordinates": [ 12.3483, 56.9315 ] } },
{ "type": "Feature", "properties": { "decimalLatitude": 56.816, "decimalLongitude": 13.6233, "month": 9, "species_sci": "Anas acuta", "species_com": "Northern Pintail / Onagagamo" }, "geometry": { "type": "Point", "coordinates": [ 13.6233, 56.816 ] } },
{ "type": "Feature", "properties": { "decimalLatitude": 58.9088, "decimalLongitude": 16.7824, "month": 9, "species_sci": "Anas acuta", "species_com": "Northern Pintail / Onagagamo" }, "geometry": { "type": "Point", "coordinates": [ 16.7824, 58.9088 ] } },
{ "type": "Feature", "properties": { "decimalLatitude": 58.3591, "decimalLongitude": 12.5441, "month": 9, "species_sci": "Anas acuta", "species_com": "Northern Pintail / Onagagamo" }, "geometry": { "type": "Point", "coordinates": [ 12.5441, 58.3591 ] } },
{ "type": "Feature", "properties": { "decimalLatitude": 57.1514, "decimalLongitude": 13.6648, "month": 9, "species_sci": "Anas acuta", "species_com": "Northern Pintail / Onagagamo" }, "geometry": { "type": "Point", "coordinates": [ 13.6648, 57.1514 ] } },
{ "type": "Feature", "properties": { "decimalLatitude": 56.4182, "decimalLongitude": 16.3987, "month": 9, "species_sci": "Anas acuta", "species_com": "Northern Pintail / Onagagamo" }, "geometry": { "type": "Point", "coordinates": [ 16.3987, 56.4182 ] } },
{ "type": "Feature", "properties": { "decimalLatitude": 56.6261, "decimalLongitude": 12.9198, "month": 9, "species_sci": "Anas acuta", "species_com": "Northern Pintail / Onagagamo" }, "geometry": { "type": "Point", "coordinates": [ 12.9198, 56.6261 ] } },
{ "type": "Feature", "properties": { "decimalLatitude": 55.3784, "decimalLongitude": 12.8122, "month": 9, "species_sci": "Anas acuta", "species_com": "Northern Pintail / Onagagamo" }, "geometry": { "type": "Point", "coordinates": [ 12.8122, 55.3784 ] } },
{ "type": "Feature", "properties": { "decimalLatitude": 55.5586, "decimalLongitude": 8.0763, "month": 9, "species_sci": "Anas acuta", "species_com": "Northern Pintail / Onagagamo" }, "geometry": { "type": "Point", "coordinates": [ 8.0763, 55.5586 ] } },
{ "type": "Feature", "properties": { "decimalLatitude": 60.3541, "decimalLongitude": 18.2472, "month": 9, "species_sci": "Anas acuta", "species_com": "Northern Pintail / Onagagamo" }, "geometry": { "type": "Point", "coordinates": [ 18.2472, 60.3541 ] } },
{ "type": "Feature", "properties": { "decimalLatitude": 55.6393, "decimalLongitude": 13.0497, "month": 9, "species_sci": "Anas acuta", "species_com": "Northern Pintail / Onagagamo" }, "geometry": { "type": "Point", "coordinates": [ 13.0497, 55.6393 ] } },
{ "type": "Feature", "properties": { "decimalLatitude": 57.2476, "decimalLongitude": 12.1347, "month": 9, "species_sci": "Anas acuta", "species_com": "Northern Pintail / Onagagamo" }, "geometry": { "type": "Point", "coordinates": [ 12.1347, 57.2476 ] } },
{ "type": "Feature", "properties": { "decimalLatitude": 60.5094, "decimalLongitude": 17.7178, "month": 9, "species_sci": "Anas acuta", "species_com": "Northern Pintail / Onagagamo" }, "geometry": { "type": "Point", "coordinates": [ 17.7178, 60.5094 ] } },
{ "type": "Feature", "properties": { "decimalLatitude": 55.3784, "decimalLongitude": 12.8122, "month": 9, "species_sci": "Anas acuta", "species_com": "Northern Pintail / Onagagamo" }, "geometry": { "type": "Point", "coordinates": [ 12.8122, 55.3784 ] } },
{ "type": "Feature", "properties": { "decimalLatitude": 63.7552, "decimalLongitude": 20.2732, "month": 9, "species_sci": "Anas acuta", "species_com": "Northern Pintail / Onagagamo" }, "geometry": { "type": "Point", "coordinates": [ 20.2732, 63.7552 ] } },
{ "type": "Feature", "properties": { "decimalLatitude": 58.1474, "decimalLongitude": 11.9588, "month": 9, "species_sci": "Anas acuta", "species_com": "Northern Pintail / Onagagamo" }, "geometry": { "type": "Point", "coordinates": [ 11.9588, 58.1474 ] } },
{ "type": "Feature", "properties": { "decimalLatitude": 55.7797, "decimalLongitude": 12.3349, "month": 9, "species_sci": "Anas acuta", "species_com": "Northern Pintail / Onagagamo" }, "geometry": { "type": "Point", "coordinates": [ 12.3349, 55.7797 ] } },
{ "type": "Feature", "properties": { "decimalLatitude": 56.3318, "decimalLongitude": 16.5436, "month": 9, "species_sci": "Anas acuta", "species_com": "Northern Pintail / Onagagamo" }, "geometry": { "type": "Point", "coordinates": [ 16.5436, 56.3318 ] } },
{ "type": "Feature", "properties": { "decimalLatitude": 56.3173, "decimalLongitude": 16.5321, "month": 9, "species_sci": "Anas acuta", "species_com": "Northern Pintail / Onagagamo" }, "geometry": { "type": "Point", "coordinates": [ 16.5321, 56.3173 ] } },
{ "type": "Feature", "properties": { "decimalLatitude": 55.7011, "decimalLongitude": 13.4773, "month": 9, "species_sci": "Anas acuta", "species_com": "Northern Pintail / Onagagamo" }, "geometry": { "type": "Point", "coordinates": [ 13.4773, 55.7011 ] } },
{ "type": "Feature", "properties": { "decimalLatitude": 56.224, "decimalLongitude": 12.6976, "month": 9, "species_sci": "Anas acuta", "species_com": "Northern Pintail / Onagagamo" }, "geometry": { "type": "Point", "coordinates": [ 12.6976, 56.224 ] } },
{ "type": "Feature", "properties": { "decimalLatitude": 56.6751, "decimalLongitude": 14.8728, "month": 9, "species_sci": "Anas acuta", "species_com": "Northern Pintail / Onagagamo" }, "geometry": { "type": "Point", "coordinates": [ 14.8728, 56.6751 ] } },
{ "type": "Feature", "properties": { "decimalLatitude": 57.4245, "decimalLongitude": 18.8742, "month": 9, "species_sci": "Anas acuta", "species_com": "Northern Pintail / Onagagamo" }, "geometry": { "type": "Point", "coordinates": [ 18.8742, 57.4245 ] } },
{ "type": "Feature", "properties": { "decimalLatitude": 57.3026, "decimalLongitude": 11.9007, "month": 9, "species_sci": "Anas acuta", "species_com": "Northern Pintail / Onagagamo" }, "geometry": { "type": "Point", "coordinates": [ 11.9007, 57.3026 ] } },
{ "type": "Feature", "properties": { "decimalLatitude": 59.3659, "decimalLongitude": 17.7234, "month": 9, "species_sci": "Anas acuta", "species_com": "Northern Pintail / Onagagamo" }, "geometry": { "type": "Point", "coordinates": [ 17.7234, 59.3659 ] } },
{ "type": "Feature", "properties": { "decimalLatitude": 63.4273, "decimalLongitude": 18.3268, "month": 9, "species_sci": "Anas acuta", "species_com": "Northern Pintail / Onagagamo" }, "geometry": { "type": "Point", "coordinates": [ 18.3268, 63.4273 ] } },
{ "type": "Feature", "properties": { "decimalLatitude": 57.6346, "decimalLongitude": 11.9068, "month": 9, "species_sci": "Anas acuta", "species_com": "Northern Pintail / Onagagamo" }, "geometry": { "type": "Point", "coordinates": [ 11.9068, 57.6346 ] } },
{ "type": "Feature", "properties": { "decimalLatitude": 55.4133, "decimalLongitude": 12.9189, "month": 9, "species_sci": "Anas acuta", "species_com": "Northern Pintail / Onagagamo" }, "geometry": { "type": "Point", "coordinates": [ 12.9189, 55.4133 ] } },
{ "type": "Feature", "properties": { "decimalLatitude": 55.3784, "decimalLongitude": 12.8122, "month": 9, "species_sci": "Anas acuta", "species_com": "Northern Pintail / Onagagamo" }, "geometry": { "type": "Point", "coordinates": [ 12.8122, 55.3784 ] } },
{ "type": "Feature", "properties": { "decimalLatitude": 56.1302, "decimalLongitude": 12.8152, "month": 9, "species_sci": "Anas acuta", "species_com": "Northern Pintail / Onagagamo" }, "geometry": { "type": "Point", "coordinates": [ 12.8152, 56.1302 ] } },
{ "type": "Feature", "properties": { "decimalLatitude": 55.3784, "decimalLongitude": 12.8122, "month": 9, "species_sci": "Anas acuta", "species_com": "Northern Pintail / Onagagamo" }, "geometry": { "type": "Point", "coordinates": [ 12.8122, 55.3784 ] } },
{ "type": "Feature", "properties": { "decimalLatitude": 60.1621, "decimalLongitude": 18.7919, "month": 9, "species_sci": "Anas acuta", "species_com": "Northern Pintail / Onagagamo" }, "geometry": { "type": "Point", "coordinates": [ 18.7919, 60.1621 ] } },
{ "type": "Feature", "properties": { "decimalLatitude": 67.6877, "decimalLongitude": 21.639, "month": 9, "species_sci": "Anas acuta", "species_com": "Northern Pintail / Onagagamo" }, "geometry": { "type": "Point", "coordinates": [ 21.639, 67.6877 ] } },
{ "type": "Feature", "properties": { "decimalLatitude": 57.7532, "decimalLongitude": 11.7967, "month": 9, "species_sci": "Anas acuta", "species_com": "Northern Pintail / Onagagamo" }, "geometry": { "type": "Point", "coordinates": [ 11.7967, 57.7532 ] } },
{ "type": "Feature", "properties": { "decimalLatitude": 58.3796, "decimalLongitude": 12.3028, "month": 9, "species_sci": "Anas acuta", "species_com": "Northern Pintail / Onagagamo" }, "geometry": { "type": "Point", "coordinates": [ 12.3028, 58.3796 ] } },
{ "type": "Feature", "properties": { "decimalLatitude": 56.4174, "decimalLongitude": 16.4049, "month": 9, "species_sci": "Anas acuta", "species_com": "Northern Pintail / Onagagamo" }, "geometry": { "type": "Point", "coordinates": [ 16.4049, 56.4174 ] } },
{ "type": "Feature", "properties": { "decimalLatitude": 63.7003, "decimalLongitude": 9.692, "month": 9, "species_sci": "Anas acuta", "species_com": "Northern Pintail / Onagagamo" }, "geometry": { "type": "Point", "coordinates": [ 9.692, 63.7003 ] } },
{ "type": "Feature", "properties": { "decimalLatitude": 55.4285, "decimalLongitude": 12.8465, "month": 9, "species_sci": "Anas acuta", "species_com": "Northern Pintail / Onagagamo" }, "geometry": { "type": "Point", "coordinates": [ 12.8465, 55.4285 ] } },
{ "type": "Feature", "properties": { "decimalLatitude": 56.224, "decimalLongitude": 12.6976, "month": 9, "species_sci": "Anas acuta", "species_com": "Northern Pintail / Onagagamo" }, "geometry": { "type": "Point", "coordinates": [ 12.6976, 56.224 ] } },
{ "type": "Feature", "properties": { "decimalLatitude": 59.2762, "decimalLongitude": 15.2875, "month": 9, "species_sci": "Anas acuta", "species_com": "Northern Pintail / Onagagamo" }, "geometry": { "type": "Point", "coordinates": [ 15.2875, 59.2762 ] } },
{ "type": "Feature", "properties": { "decimalLatitude": 58.3272, "decimalLongitude": 13.5751, "month": 9, "species_sci": "Anas acuta", "species_com": "Northern Pintail / Onagagamo" }, "geometry": { "type": "Point", "coordinates": [ 13.5751, 58.3272 ] } },
{ "type": "Feature", "properties": { "decimalLatitude": 56.1964, "decimalLongitude": 16.3993, "month": 9, "species_sci": "Anas acuta", "species_com": "Northern Pintail / Onagagamo" }, "geometry": { "type": "Point", "coordinates": [ 16.3993, 56.1964 ] } },
{ "type": "Feature", "properties": { "decimalLatitude": 55.7273, "decimalLongitude": 12.9968, "month": 9, "species_sci": "Anas acuta", "species_com": "Northern Pintail / Onagagamo" }, "geometry": { "type": "Point", "coordinates": [ 12.9968, 55.7273 ] } },
{ "type": "Feature", "properties": { "decimalLatitude": 57.5739, "decimalLongitude": 11.9307, "month": 9, "species_sci": "Anas acuta", "species_com": "Northern Pintail / Onagagamo" }, "geometry": { "type": "Point", "coordinates": [ 11.9307, 57.5739 ] } },
{ "type": "Feature", "properties": { "decimalLatitude": 57.5739, "decimalLongitude": 11.9307, "month": 9, "species_sci": "Anas acuta", "species_com": "Northern Pintail / Onagagamo" }, "geometry": { "type": "Point", "coordinates": [ 11.9307, 57.5739 ] } },
{ "type": "Feature", "properties": { "decimalLatitude": 57.0288, "decimalLongitude": 12.3098, "month": 9, "species_sci": "Anas acuta", "species_com": "Northern Pintail / Onagagamo" }, "geometry": { "type": "Point", "coordinates": [ 12.3098, 57.0288 ] } },
{ "type": "Feature", "properties": { "decimalLatitude": 54.9367, "decimalLongitude": 8.6616, "month": 9, "species_sci": "Anas acuta", "species_com": "Northern Pintail / Onagagamo" }, "geometry": { "type": "Point", "coordinates": [ 8.6616, 54.9367 ] } },
{ "type": "Feature", "properties": { "decimalLatitude": 58.9057, "decimalLongitude": 16.778, "month": 9, "species_sci": "Anas acuta", "species_com": "Northern Pintail / Onagagamo" }, "geometry": { "type": "Point", "coordinates": [ 16.778, 58.9057 ] } },
{ "type": "Feature", "properties": { "decimalLatitude": 59.3028, "decimalLongitude": 19.1407, "month": 9, "species_sci": "Anas acuta", "species_com": "Northern Pintail / Onagagamo" }, "geometry": { "type": "Point", "coordinates": [ 19.1407, 59.3028 ] } },
{ "type": "Feature", "properties": { "decimalLatitude": 55.3784, "decimalLongitude": 12.8122, "month": 9, "species_sci": "Anas acuta", "species_com": "Northern Pintail / Onagagamo" }, "geometry": { "type": "Point", "coordinates": [ 12.8122, 55.3784 ] } },
{ "type": "Feature", "properties": { "decimalLatitude": 59.2699, "decimalLongitude": 10.4334, "month": 9, "species_sci": "Anas acuta", "species_com": "Northern Pintail / Onagagamo" }, "geometry": { "type": "Point", "coordinates": [ 10.4334, 59.2699 ] } },
{ "type": "Feature", "properties": { "decimalLatitude": 55.3855, "decimalLongitude": 14.1962, "month": 9, "species_sci": "Anas acuta", "species_com": "Northern Pintail / Onagagamo" }, "geometry": { "type": "Point", "coordinates": [ 14.1962, 55.3855 ] } },
{ "type": "Feature", "properties": { "decimalLatitude": 55.1242, "decimalLongitude": 12.1264, "month": 9, "species_sci": "Anas acuta", "species_com": "Northern Pintail / Onagagamo" }, "geometry": { "type": "Point", "coordinates": [ 12.1264, 55.1242 ] } },
{ "type": "Feature", "properties": { "decimalLatitude": 55.3397, "decimalLongitude": 13.341, "month": 9, "species_sci": "Anas acuta", "species_com": "Northern Pintail / Onagagamo" }, "geometry": { "type": "Point", "coordinates": [ 13.341, 55.3397 ] } },
{ "type": "Feature", "properties": { "decimalLatitude": 50.2582, "decimalLongitude": 1.5787, "month": 9, "species_sci": "Anas acuta", "species_com": "Northern Pintail / Onagagamo" }, "geometry": { "type": "Point", "coordinates": [ 1.5787, 50.2582 ] } },
{ "type": "Feature", "properties": { "decimalLatitude": 41.1432, "decimalLongitude": -81.8552, "month": 9, "species_sci": "Anas acuta", "species_com": "Northern Pintail / Onagagamo" }, "geometry": { "type": "Point", "coordinates": [ -81.8552, 41.1432 ] } },
{ "type": "Feature", "properties": { "decimalLatitude": 60.5022, "decimalLongitude": 17.7347, "month": 9, "species_sci": "Anas acuta", "species_com": "Northern Pintail / Onagagamo" }, "geometry": { "type": "Point", "coordinates": [ 17.7347, 60.5022 ] } },
{ "type": "Feature", "properties": { "decimalLatitude": 56.2196, "decimalLongitude": 12.7847, "month": 9, "species_sci": "Anas acuta", "species_com": "Northern Pintail / Onagagamo" }, "geometry": { "type": "Point", "coordinates": [ 12.7847, 56.2196 ] } },
{ "type": "Feature", "properties": { "decimalLatitude": 56.6711, "decimalLongitude": 12.8346, "month": 9, "species_sci": "Anas acuta", "species_com": "Northern Pintail / Onagagamo" }, "geometry": { "type": "Point", "coordinates": [ 12.8346, 56.6711 ] } },
{ "type": "Feature", "properties": { "decimalLatitude": 56.5876, "decimalLongitude": 16.3784, "month": 9, "species_sci": "Anas acuta", "species_com": "Northern Pintail / Onagagamo" }, "geometry": { "type": "Point", "coordinates": [ 16.3784, 56.5876 ] } },
{ "type": "Feature", "properties": { "decimalLatitude": 56.9726, "decimalLongitude": 12.3643, "month": 10, "species_sci": "Anas acuta", "species_com": "Northern Pintail / Onagagamo" }, "geometry": { "type": "Point", "coordinates": [ 12.3643, 56.9726 ] } },
{ "type": "Feature", "properties": { "decimalLatitude": 53.05, "decimalLongitude": 4.85, "month": 10, "species_sci": "Anas acuta", "species_com": "Northern Pintail / Onagagamo" }, "geometry": { "type": "Point", "coordinates": [ 4.85, 53.05 ] } },
{ "type": "Feature", "properties": { "decimalLatitude": 55.6381, "decimalLongitude": 13.044, "month": 10, "species_sci": "Anas acuta", "species_com": "Northern Pintail / Onagagamo" }, "geometry": { "type": "Point", "coordinates": [ 13.044, 55.6381 ] } },
{ "type": "Feature", "properties": { "decimalLatitude": 57.9541, "decimalLongitude": 56.085, "month": 10, "species_sci": "Anas acuta", "species_com": "Northern Pintail / Onagagamo" }, "geometry": { "type": "Point", "coordinates": [ 56.085, 57.9541 ] } },
{ "type": "Feature", "properties": { "decimalLatitude": 56.4838, "decimalLongitude": 16.3742, "month": 10, "species_sci": "Anas acuta", "species_com": "Northern Pintail / Onagagamo" }, "geometry": { "type": "Point", "coordinates": [ 16.3742, 56.4838 ] } },
{ "type": "Feature", "properties": { "decimalLatitude": 53.35, "decimalLongitude": 6.25, "month": 10, "species_sci": "Anas acuta", "species_com": "Northern Pintail / Onagagamo" }, "geometry": { "type": "Point", "coordinates": [ 6.25, 53.35 ] } },
{ "type": "Feature", "properties": { "decimalLatitude": 56.1964, "decimalLongitude": 16.3993, "month": 10, "species_sci": "Anas acuta", "species_com": "Northern Pintail / Onagagamo" }, "geometry": { "type": "Point", "coordinates": [ 16.3993, 56.1964 ] } },
{ "type": "Feature", "properties": { "decimalLatitude": 55.9224, "decimalLongitude": 14.3262, "month": 10, "species_sci": "Anas acuta", "species_com": "Northern Pintail / Onagagamo" }, "geometry": { "type": "Point", "coordinates": [ 14.3262, 55.9224 ] } },
{ "type": "Feature", "properties": { "decimalLatitude": 56.6301, "decimalLongitude": 12.9175, "month": 10, "species_sci": "Anas acuta", "species_com": "Northern Pintail / Onagagamo" }, "geometry": { "type": "Point", "coordinates": [ 12.9175, 56.6301 ] } },
{ "type": "Feature", "properties": { "decimalLatitude": 59.9787, "decimalLongitude": 18.9038, "month": 10, "species_sci": "Anas acuta", "species_com": "Northern Pintail / Onagagamo" }, "geometry": { "type": "Point", "coordinates": [ 18.9038, 59.9787 ] } },
{ "type": "Feature", "properties": { "decimalLatitude": 56.3173, "decimalLongitude": 16.5321, "month": 10, "species_sci": "Anas acuta", "species_com": "Northern Pintail / Onagagamo" }, "geometry": { "type": "Point", "coordinates": [ 16.5321, 56.3173 ] } },
{ "type": "Feature", "properties": { "decimalLatitude": 56.9233, "decimalLongitude": 12.3593, "month": 10, "species_sci": "Anas acuta", "species_com": "Northern Pintail / Onagagamo" }, "geometry": { "type": "Point", "coordinates": [ 12.3593, 56.9233 ] } },
{ "type": "Feature", "properties": { "decimalLatitude": 55.378, "decimalLongitude": 12.8104, "month": 10, "species_sci": "Anas acuta", "species_com": "Northern Pintail / Onagagamo" }, "geometry": { "type": "Point", "coordinates": [ 12.8104, 55.378 ] } },
{ "type": "Feature", "properties": { "decimalLatitude": 59.706, "decimalLongitude": 16.4844, "month": 10, "species_sci": "Anas acuta", "species_com": "Northern Pintail / Onagagamo" }, "geometry": { "type": "Point", "coordinates": [ 16.4844, 59.706 ] } },
{ "type": "Feature", "properties": { "decimalLatitude": 53.25, "decimalLongitude": 7.05, "month": 10, "species_sci": "Anas acuta", "species_com": "Northern Pintail / Onagagamo" }, "geometry": { "type": "Point", "coordinates": [ 7.05, 53.25 ] } },
{ "type": "Feature", "properties": { "decimalLatitude": 36.8242, "decimalLongitude": -121.7347, "month": 10, "species_sci": "Anas acuta", "species_com": "Northern Pintail / Onagagamo" }, "geometry": { "type": "Point", "coordinates": [ -121.7347, 36.8242 ] } },
{ "type": "Feature", "properties": { "decimalLatitude": 56.3173, "decimalLongitude": 16.5321, "month": 10, "species_sci": "Anas acuta", "species_com": "Northern Pintail / Onagagamo" }, "geometry": { "type": "Point", "coordinates": [ 16.5321, 56.3173 ] } },
{ "type": "Feature", "properties": { "decimalLatitude": 57.7696, "decimalLongitude": 14.3848, "month": 10, "species_sci": "Anas acuta", "species_com": "Northern Pintail / Onagagamo" }, "geometry": { "type": "Point", "coordinates": [ 14.3848, 57.7696 ] } },
{ "type": "Feature", "properties": { "decimalLatitude": 56.0312, "decimalLongitude": 14.4976, "month": 10, "species_sci": "Anas acuta", "species_com": "Northern Pintail / Onagagamo" }, "geometry": { "type": "Point", "coordinates": [ 14.4976, 56.0312 ] } },
{ "type": "Feature", "properties": { "decimalLatitude": 57.6973, "decimalLongitude": 11.6107, "month": 10, "species_sci": "Anas acuta", "species_com": "Northern Pintail / Onagagamo" }, "geometry": { "type": "Point", "coordinates": [ 11.6107, 57.6973 ] } },
{ "type": "Feature", "properties": { "decimalLatitude": 57.9931, "decimalLongitude": 19.175, "month": 10, "species_sci": "Anas acuta", "species_com": "Northern Pintail / Onagagamo" }, "geometry": { "type": "Point", "coordinates": [ 19.175, 57.9931 ] } },
{ "type": "Feature", "properties": { "decimalLatitude": 53.0, "decimalLongitude": 4.7, "month": 10, "species_sci": "Anas acuta", "species_com": "Northern Pintail / Onagagamo" }, "geometry": { "type": "Point", "coordinates": [ 4.7, 53.0 ] } },
{ "type": "Feature", "properties": { "decimalLatitude": 53.15, "decimalLongitude": 4.85, "month": 10, "species_sci": "Anas acuta", "species_com": "Northern Pintail / Onagagamo" }, "geometry": { "type": "Point", "coordinates": [ 4.85, 53.15 ] } },
{ "type": "Feature", "properties": { "decimalLatitude": 56.5023, "decimalLongitude": 16.622, "month": 10, "species_sci": "Anas acuta", "species_com": "Northern Pintail / Onagagamo" }, "geometry": { "type": "Point", "coordinates": [ 16.622, 56.5023 ] } },
{ "type": "Feature", "properties": { "decimalLatitude": 55.5586, "decimalLongitude": 8.0763, "month": 10, "species_sci": "Anas acuta", "species_com": "Northern Pintail / Onagagamo" }, "geometry": { "type": "Point", "coordinates": [ 8.0763, 55.5586 ] } },
{ "type": "Feature", "properties": { "decimalLatitude": 56.3318, "decimalLongitude": 16.5436, "month": 10, "species_sci": "Anas acuta", "species_com": "Northern Pintail / Onagagamo" }, "geometry": { "type": "Point", "coordinates": [ 16.5436, 56.3318 ] } },
{ "type": "Feature", "properties": { "decimalLatitude": 57.8571, "decimalLongitude": 11.7084, "month": 10, "species_sci": "Anas acuta", "species_com": "Northern Pintail / Onagagamo" }, "geometry": { "type": "Point", "coordinates": [ 11.7084, 57.8571 ] } },
{ "type": "Feature", "properties": { "decimalLatitude": 53.05, "decimalLongitude": 4.85, "month": 10, "species_sci": "Anas acuta", "species_com": "Northern Pintail / Onagagamo" }, "geometry": { "type": "Point", "coordinates": [ 4.85, 53.05 ] } },
{ "type": "Feature", "properties": { "decimalLatitude": 53.15, "decimalLongitude": 4.85, "month": 10, "species_sci": "Anas acuta", "species_com": "Northern Pintail / Onagagamo" }, "geometry": { "type": "Point", "coordinates": [ 4.85, 53.15 ] } },
{ "type": "Feature", "properties": { "decimalLatitude": 56.1964, "decimalLongitude": 16.3993, "month": 10, "species_sci": "Anas acuta", "species_com": "Northern Pintail / Onagagamo" }, "geometry": { "type": "Point", "coordinates": [ 16.3993, 56.1964 ] } },
{ "type": "Feature", "properties": { "decimalLatitude": 56.4182, "decimalLongitude": 16.3987, "month": 10, "species_sci": "Anas acuta", "species_com": "Northern Pintail / Onagagamo" }, "geometry": { "type": "Point", "coordinates": [ 16.3987, 56.4182 ] } },
{ "type": "Feature", "properties": { "decimalLatitude": 55.3753, "decimalLongitude": 12.8094, "month": 10, "species_sci": "Anas acuta", "species_com": "Northern Pintail / Onagagamo" }, "geometry": { "type": "Point", "coordinates": [ 12.8094, 55.3753 ] } },
{ "type": "Feature", "properties": { "decimalLatitude": 55.3937, "decimalLongitude": 12.8852, "month": 10, "species_sci": "Anas acuta", "species_com": "Northern Pintail / Onagagamo" }, "geometry": { "type": "Point", "coordinates": [ 12.8852, 55.3937 ] } },
{ "type": "Feature", "properties": { "decimalLatitude": 56.9951, "decimalLongitude": 18.3969, "month": 10, "species_sci": "Anas acuta", "species_com": "Northern Pintail / Onagagamo" }, "geometry": { "type": "Point", "coordinates": [ 18.3969, 56.9951 ] } },
{ "type": "Feature", "properties": { "decimalLatitude": 40.86, "decimalLongitude": -124.0964, "month": 10, "species_sci": "Anas acuta", "species_com": "Northern Pintail / Onagagamo" }, "geometry": { "type": "Point", "coordinates": [ -124.0964, 40.86 ] } },
{ "type": "Feature", "properties": { "decimalLatitude": 43.2704, "decimalLongitude": -8.2687, "month": 10, "species_sci": "Anas acuta", "species_com": "Northern Pintail / Onagagamo" }, "geometry": { "type": "Point", "coordinates": [ -8.2687, 43.2704 ] } },
{ "type": "Feature", "properties": { "decimalLatitude": 55.6403, "decimalLongitude": 13.0505, "month": 10, "species_sci": "Anas acuta", "species_com": "Northern Pintail / Onagagamo" }, "geometry": { "type": "Point", "coordinates": [ 13.0505, 55.6403 ] } },
{ "type": "Feature", "properties": { "decimalLatitude": 52.7557, "decimalLongitude": 5.1247, "month": 10, "species_sci": "Anas acuta", "species_com": "Northern Pintail / Onagagamo" }, "geometry": { "type": "Point", "coordinates": [ 5.1247, 52.7557 ] } },
{ "type": "Feature", "properties": { "decimalLatitude": 58.0022, "decimalLongitude": 11.5755, "month": 10, "species_sci": "Anas acuta", "species_com": "Northern Pintail / Onagagamo" }, "geometry": { "type": "Point", "coordinates": [ 11.5755, 58.0022 ] } },
{ "type": "Feature", "properties": { "decimalLatitude": 57.4064, "decimalLongitude": 18.1572, "month": 10, "species_sci": "Anas acuta", "species_com": "Northern Pintail / Onagagamo" }, "geometry": { "type": "Point", "coordinates": [ 18.1572, 57.4064 ] } },
{ "type": "Feature", "properties": { "decimalLatitude": 57.7171, "decimalLongitude": 11.6251, "month": 10, "species_sci": "Anas acuta", "species_com": "Northern Pintail / Onagagamo" }, "geometry": { "type": "Point", "coordinates": [ 11.6251, 57.7171 ] } },
{ "type": "Feature", "properties": { "decimalLatitude": 60.4874, "decimalLongitude": 15.4917, "month": 10, "species_sci": "Anas acuta", "species_com": "Northern Pintail / Onagagamo" }, "geometry": { "type": "Point", "coordinates": [ 15.4917, 60.4874 ] } },
{ "type": "Feature", "properties": { "decimalLatitude": 59.2946, "decimalLongitude": 15.2615, "month": 10, "species_sci": "Anas acuta", "species_com": "Northern Pintail / Onagagamo" }, "geometry": { "type": "Point", "coordinates": [ 15.2615, 59.2946 ] } },
{ "type": "Feature", "properties": { "decimalLatitude": 53.0, "decimalLongitude": 4.7, "month": 10, "species_sci": "Anas acuta", "species_com": "Northern Pintail / Onagagamo" }, "geometry": { "type": "Point", "coordinates": [ 4.7, 53.0 ] } },
{ "type": "Feature", "properties": { "decimalLatitude": 52.4, "decimalLongitude": 4.55, "month": 10, "species_sci": "Anas acuta", "species_com": "Northern Pintail / Onagagamo" }, "geometry": { "type": "Point", "coordinates": [ 4.55, 52.4 ] } },
{ "type": "Feature", "properties": { "decimalLatitude": 45.6432, "decimalLongitude": -73.6584, "month": 10, "species_sci": "Anas acuta", "species_com": "Northern Pintail / Onagagamo" }, "geometry": { "type": "Point", "coordinates": [ -73.6584, 45.6432 ] } },
{ "type": "Feature", "properties": { "decimalLatitude": 56.1976, "decimalLongitude": 16.3994, "month": 10, "species_sci": "Anas acuta", "species_com": "Northern Pintail / Onagagamo" }, "geometry": { "type": "Point", "coordinates": [ 16.3994, 56.1976 ] } },
{ "type": "Feature", "properties": { "decimalLatitude": 59.706, "decimalLongitude": 16.4844, "month": 10, "species_sci": "Anas acuta", "species_com": "Northern Pintail / Onagagamo" }, "geometry": { "type": "Point", "coordinates": [ 16.4844, 59.706 ] } },
{ "type": "Feature", "properties": { "decimalLatitude": 60.4874, "decimalLongitude": 15.4917, "month": 10, "species_sci": "Anas acuta", "species_com": "Northern Pintail / Onagagamo" }, "geometry": { "type": "Point", "coordinates": [ 15.4917, 60.4874 ] } },
{ "type": "Feature", "properties": { "decimalLatitude": 53.45, "decimalLongitude": 6.2, "month": 10, "species_sci": "Anas acuta", "species_com": "Northern Pintail / Onagagamo" }, "geometry": { "type": "Point", "coordinates": [ 6.2, 53.45 ] } },
{ "type": "Feature", "properties": { "decimalLatitude": 55.6676, "decimalLongitude": 13.0629, "month": 10, "species_sci": "Anas acuta", "species_com": "Northern Pintail / Onagagamo" }, "geometry": { "type": "Point", "coordinates": [ 13.0629, 55.6676 ] } },
{ "type": "Feature", "properties": { "decimalLatitude": 58.463, "decimalLongitude": 15.5692, "month": 10, "species_sci": "Anas acuta", "species_com": "Northern Pintail / Onagagamo" }, "geometry": { "type": "Point", "coordinates": [ 15.5692, 58.463 ] } },
{ "type": "Feature", "properties": { "decimalLatitude": 55.7482, "decimalLongitude": 11.9991, "month": 10, "species_sci": "Anas acuta", "species_com": "Northern Pintail / Onagagamo" }, "geometry": { "type": "Point", "coordinates": [ 11.9991, 55.7482 ] } },
{ "type": "Feature", "properties": { "decimalLatitude": 55.7438, "decimalLongitude": 12.9495, "month": 10, "species_sci": "Anas acuta", "species_com": "Northern Pintail / Onagagamo" }, "geometry": { "type": "Point", "coordinates": [ 12.9495, 55.7438 ] } },
{ "type": "Feature", "properties": { "decimalLatitude": 56.3684, "decimalLongitude": 16.5671, "month": 10, "species_sci": "Anas acuta", "species_com": "Northern Pintail / Onagagamo" }, "geometry": { "type": "Point", "coordinates": [ 16.5671, 56.3684 ] } },
{ "type": "Feature", "properties": { "decimalLatitude": 59.5496, "decimalLongitude": 18.1612, "month": 10, "species_sci": "Anas acuta", "species_com": "Northern Pintail / Onagagamo" }, "geometry": { "type": "Point", "coordinates": [ 18.1612, 59.5496 ] } },
{ "type": "Feature", "properties": { "decimalLatitude": 55.3784, "decimalLongitude": 12.8122, "month": 10, "species_sci": "Anas acuta", "species_com": "Northern Pintail / Onagagamo" }, "geometry": { "type": "Point", "coordinates": [ 12.8122, 55.3784 ] } },
{ "type": "Feature", "properties": { "decimalLatitude": 56.5014, "decimalLongitude": 16.6219, "month": 10, "species_sci": "Anas acuta", "species_com": "Northern Pintail / Onagagamo" }, "geometry": { "type": "Point", "coordinates": [ 16.6219, 56.5014 ] } },
{ "type": "Feature", "properties": { "decimalLatitude": 59.706, "decimalLongitude": 16.4844, "month": 10, "species_sci": "Anas acuta", "species_com": "Northern Pintail / Onagagamo" }, "geometry": { "type": "Point", "coordinates": [ 16.4844, 59.706 ] } },
{ "type": "Feature", "properties": { "decimalLatitude": 56.4504, "decimalLongitude": 9.7608, "month": 10, "species_sci": "Anas acuta", "species_com": "Northern Pintail / Onagagamo" }, "geometry": { "type": "Point", "coordinates": [ 9.7608, 56.4504 ] } },
{ "type": "Feature", "properties": { "decimalLatitude": 55.7438, "decimalLongitude": 12.9495, "month": 10, "species_sci": "Anas acuta", "species_com": "Northern Pintail / Onagagamo" }, "geometry": { "type": "Point", "coordinates": [ 12.9495, 55.7438 ] } },
{ "type": "Feature", "properties": { "decimalLatitude": 58.5999, "decimalLongitude": 16.088, "month": 10, "species_sci": "Anas acuta", "species_com": "Northern Pintail / Onagagamo" }, "geometry": { "type": "Point", "coordinates": [ 16.088, 58.5999 ] } },
{ "type": "Feature", "properties": { "decimalLatitude": 53.15, "decimalLongitude": 4.85, "month": 10, "species_sci": "Anas acuta", "species_com": "Northern Pintail / Onagagamo" }, "geometry": { "type": "Point", "coordinates": [ 4.85, 53.15 ] } },
{ "type": "Feature", "properties": { "decimalLatitude": 57.1216, "decimalLongitude": 12.2166, "month": 10, "species_sci": "Anas acuta", "species_com": "Northern Pintail / Onagagamo" }, "geometry": { "type": "Point", "coordinates": [ 12.2166, 57.1216 ] } },
{ "type": "Feature", "properties": { "decimalLatitude": 56.4182, "decimalLongitude": 16.3987, "month": 10, "species_sci": "Anas acuta", "species_com": "Northern Pintail / Onagagamo" }, "geometry": { "type": "Point", "coordinates": [ 16.3987, 56.4182 ] } },
{ "type": "Feature", "properties": { "decimalLatitude": 55.3784, "decimalLongitude": 12.8122, "month": 10, "species_sci": "Anas acuta", "species_com": "Northern Pintail / Onagagamo" }, "geometry": { "type": "Point", "coordinates": [ 12.8122, 55.3784 ] } },
{ "type": "Feature", "properties": { "decimalLatitude": 51.95, "decimalLongitude": 4.75, "month": 10, "species_sci": "Anas acuta", "species_com": "Northern Pintail / Onagagamo" }, "geometry": { "type": "Point", "coordinates": [ 4.75, 51.95 ] } },
{ "type": "Feature", "properties": { "decimalLatitude": 59.2909, "decimalLongitude": 15.271, "month": 10, "species_sci": "Anas acuta", "species_com": "Northern Pintail / Onagagamo" }, "geometry": { "type": "Point", "coordinates": [ 15.271, 59.2909 ] } },
{ "type": "Feature", "properties": { "decimalLatitude": 59.706, "decimalLongitude": 16.4844, "month": 10, "species_sci": "Anas acuta", "species_com": "Northern Pintail / Onagagamo" }, "geometry": { "type": "Point", "coordinates": [ 16.4844, 59.706 ] } },
{ "type": "Feature", "properties": { "decimalLatitude": 57.0284, "decimalLongitude": 12.3184, "month": 10, "species_sci": "Anas acuta", "species_com": "Northern Pintail / Onagagamo" }, "geometry": { "type": "Point", "coordinates": [ 12.3184, 57.0284 ] } },
{ "type": "Feature", "properties": { "decimalLatitude": 38.53, "decimalLongitude": -121.6005, "month": 10, "species_sci": "Anas acuta", "species_com": "Northern Pintail / Onagagamo" }, "geometry": { "type": "Point", "coordinates": [ -121.6005, 38.53 ] } },
{ "type": "Feature", "properties": { "decimalLatitude": 38.53, "decimalLongitude": -121.6005, "month": 10, "species_sci": "Anas acuta", "species_com": "Northern Pintail / Onagagamo" }, "geometry": { "type": "Point", "coordinates": [ -121.6005, 38.53 ] } },
{ "type": "Feature", "properties": { "decimalLatitude": 53.15, "decimalLongitude": 4.85, "month": 10, "species_sci": "Anas acuta", "species_com": "Northern Pintail / Onagagamo" }, "geometry": { "type": "Point", "coordinates": [ 4.85, 53.15 ] } },
{ "type": "Feature", "properties": { "decimalLatitude": 56.6422, "decimalLongitude": 16.4595, "month": 10, "species_sci": "Anas acuta", "species_com": "Northern Pintail / Onagagamo" }, "geometry": { "type": "Point", "coordinates": [ 16.4595, 56.6422 ] } },
{ "type": "Feature", "properties": { "decimalLatitude": 58.3796, "decimalLongitude": 12.3028, "month": 10, "species_sci": "Anas acuta", "species_com": "Northern Pintail / Onagagamo" }, "geometry": { "type": "Point", "coordinates": [ 12.3028, 58.3796 ] } },
{ "type": "Feature", "properties": { "decimalLatitude": 52.7, "decimalLongitude": 4.6, "month": 10, "species_sci": "Anas acuta", "species_com": "Northern Pintail / Onagagamo" }, "geometry": { "type": "Point", "coordinates": [ 4.6, 52.7 ] } },
{ "type": "Feature", "properties": { "decimalLatitude": 58.755, "decimalLongitude": 17.864, "month": 10, "species_sci": "Anas acuta", "species_com": "Northern Pintail / Onagagamo" }, "geometry": { "type": "Point", "coordinates": [ 17.864, 58.755 ] } },
{ "type": "Feature", "properties": { "decimalLatitude": 56.816, "decimalLongitude": 13.6233, "month": 10, "species_sci": "Anas acuta", "species_com": "Northern Pintail / Onagagamo" }, "geometry": { "type": "Point", "coordinates": [ 13.6233, 56.816 ] } },
{ "type": "Feature", "properties": { "decimalLatitude": 60.6538, "decimalLongitude": 17.5028, "month": 10, "species_sci": "Anas acuta", "species_com": "Northern Pintail / Onagagamo" }, "geometry": { "type": "Point", "coordinates": [ 17.5028, 60.6538 ] } },
{ "type": "Feature", "properties": { "decimalLatitude": 52.75, "decimalLongitude": 5.1, "month": 10, "species_sci": "Anas acuta", "species_com": "Northern Pintail / Onagagamo" }, "geometry": { "type": "Point", "coordinates": [ 5.1, 52.75 ] } },
{ "type": "Feature", "properties": { "decimalLatitude": 56.5906, "decimalLongitude": 16.3985, "month": 10, "species_sci": "Anas acuta", "species_com": "Northern Pintail / Onagagamo" }, "geometry": { "type": "Point", "coordinates": [ 16.3985, 56.5906 ] } },
{ "type": "Feature", "properties": { "decimalLatitude": 58.281, "decimalLongitude": 12.3782, "month": 10, "species_sci": "Anas acuta", "species_com": "Northern Pintail / Onagagamo" }, "geometry": { "type": "Point", "coordinates": [ 12.3782, 58.281 ] } },
{ "type": "Feature", "properties": { "decimalLatitude": 55.5697, "decimalLongitude": 12.5565, "month": 10, "species_sci": "Anas acuta", "species_com": "Northern Pintail / Onagagamo" }, "geometry": { "type": "Point", "coordinates": [ 12.5565, 55.5697 ] } },
{ "type": "Feature", "properties": { "decimalLatitude": 58.3106, "decimalLongitude": 13.5574, "month": 10, "species_sci": "Anas acuta", "species_com": "Northern Pintail / Onagagamo" }, "geometry": { "type": "Point", "coordinates": [ 13.5574, 58.3106 ] } },
{ "type": "Feature", "properties": { "decimalLatitude": 50.9999, "decimalLongitude": 2.1296, "month": 10, "species_sci": "Anas acuta", "species_com": "Northern Pintail / Onagagamo" }, "geometry": { "type": "Point", "coordinates": [ 2.1296, 50.9999 ] } },
{ "type": "Feature", "properties": { "decimalLatitude": 53.0, "decimalLongitude": 4.75, "month": 10, "species_sci": "Anas acuta", "species_com": "Northern Pintail / Onagagamo" }, "geometry": { "type": "Point", "coordinates": [ 4.75, 53.0 ] } },
{ "type": "Feature", "properties": { "decimalLatitude": 60.5076, "decimalLongitude": 17.7103, "month": 10, "species_sci": "Anas acuta", "species_com": "Northern Pintail / Onagagamo" }, "geometry": { "type": "Point", "coordinates": [ 17.7103, 60.5076 ] } },
{ "type": "Feature", "properties": { "decimalLatitude": 56.3318, "decimalLongitude": 16.5436, "month": 10, "species_sci": "Anas acuta", "species_com": "Northern Pintail / Onagagamo" }, "geometry": { "type": "Point", "coordinates": [ 16.5436, 56.3318 ] } },
{ "type": "Feature", "properties": { "decimalLatitude": 56.3318, "decimalLongitude": 16.5436, "month": 10, "species_sci": "Anas acuta", "species_com": "Northern Pintail / Onagagamo" }, "geometry": { "type": "Point", "coordinates": [ 16.5436, 56.3318 ] } },
{ "type": "Feature", "properties": { "decimalLatitude": 57.9544, "decimalLongitude": 56.0845, "month": 10, "species_sci": "Anas acuta", "species_com": "Northern Pintail / Onagagamo" }, "geometry": { "type": "Point", "coordinates": [ 56.0845, 57.9544 ] } },
{ "type": "Feature", "properties": { "decimalLatitude": 56.1943, "decimalLongitude": 16.3973, "month": 10, "species_sci": "Anas acuta", "species_com": "Northern Pintail / Onagagamo" }, "geometry": { "type": "Point", "coordinates": [ 16.3973, 56.1943 ] } },
{ "type": "Feature", "properties": { "decimalLatitude": 56.2159, "decimalLongitude": 10.2245, "month": 10, "species_sci": "Anas acuta", "species_com": "Northern Pintail / Onagagamo" }, "geometry": { "type": "Point", "coordinates": [ 10.2245, 56.2159 ] } },
{ "type": "Feature", "properties": { "decimalLatitude": 53.0, "decimalLongitude": 4.7, "month": 10, "species_sci": "Anas acuta", "species_com": "Northern Pintail / Onagagamo" }, "geometry": { "type": "Point", "coordinates": [ 4.7, 53.0 ] } },
{ "type": "Feature", "properties": { "decimalLatitude": 53.45, "decimalLongitude": 6.15, "month": 10, "species_sci": "Anas acuta", "species_com": "Northern Pintail / Onagagamo" }, "geometry": { "type": "Point", "coordinates": [ 6.15, 53.45 ] } },
{ "type": "Feature", "properties": { "decimalLatitude": 53.0, "decimalLongitude": 4.7, "month": 10, "species_sci": "Anas acuta", "species_com": "Northern Pintail / Onagagamo" }, "geometry": { "type": "Point", "coordinates": [ 4.7, 53.0 ] } },
{ "type": "Feature", "properties": { "decimalLatitude": 55.6602, "decimalLongitude": 13.059, "month": 10, "species_sci": "Anas acuta", "species_com": "Northern Pintail / Onagagamo" }, "geometry": { "type": "Point", "coordinates": [ 13.059, 55.6602 ] } },
{ "type": "Feature", "properties": { "decimalLatitude": 58.3106, "decimalLongitude": 13.5574, "month": 10, "species_sci": "Anas acuta", "species_com": "Northern Pintail / Onagagamo" }, "geometry": { "type": "Point", "coordinates": [ 13.5574, 58.3106 ] } },
{ "type": "Feature", "properties": { "decimalLatitude": 57.627, "decimalLongitude": 18.2736, "month": 10, "species_sci": "Anas acuta", "species_com": "Northern Pintail / Onagagamo" }, "geometry": { "type": "Point", "coordinates": [ 18.2736, 57.627 ] } },
{ "type": "Feature", "properties": { "decimalLatitude": 55.895, "decimalLongitude": 37.7719, "month": 10, "species_sci": "Anas acuta", "species_com": "Northern Pintail / Onagagamo" }, "geometry": { "type": "Point", "coordinates": [ 37.7719, 55.895 ] } },
{ "type": "Feature", "properties": { "decimalLatitude": 53.45, "decimalLongitude": 6.15, "month": 10, "species_sci": "Anas acuta", "species_com": "Northern Pintail / Onagagamo" }, "geometry": { "type": "Point", "coordinates": [ 6.15, 53.45 ] } },
{ "type": "Feature", "properties": { "decimalLatitude": 45.0319, "decimalLongitude": -110.7058, "month": 10, "species_sci": "Anas acuta", "species_com": "Northern Pintail / Onagagamo" }, "geometry": { "type": "Point", "coordinates": [ -110.7058, 45.0319 ] } },
{ "type": "Feature", "properties": { "decimalLatitude": 59.4526, "decimalLongitude": 14.3185, "month": 10, "species_sci": "Anas acuta", "species_com": "Northern Pintail / Onagagamo" }, "geometry": { "type": "Point", "coordinates": [ 14.3185, 59.4526 ] } },
{ "type": "Feature", "properties": { "decimalLatitude": 55.3397, "decimalLongitude": 13.341, "month": 10, "species_sci": "Anas acuta", "species_com": "Northern Pintail / Onagagamo" }, "geometry": { "type": "Point", "coordinates": [ 13.341, 55.3397 ] } },
{ "type": "Feature", "properties": { "decimalLatitude": 56.0312, "decimalLongitude": 14.4976, "month": 10, "species_sci": "Anas acuta", "species_com": "Northern Pintail / Onagagamo" }, "geometry": { "type": "Point", "coordinates": [ 14.4976, 56.0312 ] } },
{ "type": "Feature", "properties": { "decimalLatitude": 58.1055, "decimalLongitude": 6.6031, "month": 10, "species_sci": "Anas acuta", "species_com": "Northern Pintail / Onagagamo" }, "geometry": { "type": "Point", "coordinates": [ 6.6031, 58.1055 ] } },
{ "type": "Feature", "properties": { "decimalLatitude": 59.1828, "decimalLongitude": 15.3644, "month": 10, "species_sci": "Anas acuta", "species_com": "Northern Pintail / Onagagamo" }, "geometry": { "type": "Point", "coordinates": [ 15.3644, 59.1828 ] } },
{ "type": "Feature", "properties": { "decimalLatitude": 53.45, "decimalLongitude": 6.15, "month": 10, "species_sci": "Anas acuta", "species_com": "Northern Pintail / Onagagamo" }, "geometry": { "type": "Point", "coordinates": [ 6.15, 53.45 ] } },
{ "type": "Feature", "properties": { "decimalLatitude": 58.277, "decimalLongitude": 13.5214, "month": 10, "species_sci": "Anas acuta", "species_com": "Northern Pintail / Onagagamo" }, "geometry": { "type": "Point", "coordinates": [ 13.5214, 58.277 ] } },
{ "type": "Feature", "properties": { "decimalLatitude": 53.45, "decimalLongitude": 6.1, "month": 10, "species_sci": "Anas acuta", "species_com": "Northern Pintail / Onagagamo" }, "geometry": { "type": "Point", "coordinates": [ 6.1, 53.45 ] } },
{ "type": "Feature", "properties": { "decimalLatitude": 56.9663, "decimalLongitude": 12.4042, "month": 10, "species_sci": "Anas acuta", "species_com": "Northern Pintail / Onagagamo" }, "geometry": { "type": "Point", "coordinates": [ 12.4042, 56.9663 ] } },
{ "type": "Feature", "properties": { "decimalLatitude": 43.5284, "decimalLongitude": -5.8736, "month": 10, "species_sci": "Anas acuta", "species_com": "Northern Pintail / Onagagamo" }, "geometry": { "type": "Point", "coordinates": [ -5.8736, 43.5284 ] } },
{ "type": "Feature", "properties": { "decimalLatitude": 53.25, "decimalLongitude": 7.05, "month": 10, "species_sci": "Anas acuta", "species_com": "Northern Pintail / Onagagamo" }, "geometry": { "type": "Point", "coordinates": [ 7.05, 53.25 ] } },
{ "type": "Feature", "properties": { "decimalLatitude": 53.0, "decimalLongitude": 4.75, "month": 10, "species_sci": "Anas acuta", "species_com": "Northern Pintail / Onagagamo" }, "geometry": { "type": "Point", "coordinates": [ 4.75, 53.0 ] } },
{ "type": "Feature", "properties": { "decimalLatitude": 55.9942, "decimalLongitude": 14.7226, "month": 10, "species_sci": "Anas acuta", "species_com": "Northern Pintail / Onagagamo" }, "geometry": { "type": "Point", "coordinates": [ 14.7226, 55.9942 ] } },
{ "type": "Feature", "properties": { "decimalLatitude": 53.1, "decimalLongitude": 4.85, "month": 10, "species_sci": "Anas acuta", "species_com": "Northern Pintail / Onagagamo" }, "geometry": { "type": "Point", "coordinates": [ 4.85, 53.1 ] } },
{ "type": "Feature", "properties": { "decimalLatitude": 59.1846, "decimalLongitude": 15.364, "month": 10, "species_sci": "Anas acuta", "species_com": "Northern Pintail / Onagagamo" }, "geometry": { "type": "Point", "coordinates": [ 15.364, 59.1846 ] } },
{ "type": "Feature", "properties": { "decimalLatitude": 52.25, "decimalLongitude": 5.5, "month": 10, "species_sci": "Anas acuta", "species_com": "Northern Pintail / Onagagamo" }, "geometry": { "type": "Point", "coordinates": [ 5.5, 52.25 ] } },
{ "type": "Feature", "properties": { "decimalLatitude": 51.2, "decimalLongitude": 3.8, "month": 10, "species_sci": "Anas acuta", "species_com": "Northern Pintail / Onagagamo" }, "geometry": { "type": "Point", "coordinates": [ 3.8, 51.2 ] } },
{ "type": "Feature", "properties": { "decimalLatitude": 57.3976, "decimalLongitude": 12.1162, "month": 10, "species_sci": "Anas acuta", "species_com": "Northern Pintail / Onagagamo" }, "geometry": { "type": "Point", "coordinates": [ 12.1162, 57.3976 ] } },
{ "type": "Feature", "properties": { "decimalLatitude": 58.0791, "decimalLongitude": 6.6796, "month": 10, "species_sci": "Anas acuta", "species_com": "Northern Pintail / Onagagamo" }, "geometry": { "type": "Point", "coordinates": [ 6.6796, 58.0791 ] } },
{ "type": "Feature", "properties": { "decimalLatitude": 57.8714, "decimalLongitude": 14.1348, "month": 10, "species_sci": "Anas acuta", "species_com": "Northern Pintail / Onagagamo" }, "geometry": { "type": "Point", "coordinates": [ 14.1348, 57.8714 ] } },
{ "type": "Feature", "properties": { "decimalLatitude": 56.2024, "decimalLongitude": 16.3973, "month": 10, "species_sci": "Anas acuta", "species_com": "Northern Pintail / Onagagamo" }, "geometry": { "type": "Point", "coordinates": [ 16.3973, 56.2024 ] } },
{ "type": "Feature", "properties": { "decimalLatitude": 57.9854, "decimalLongitude": 19.289, "month": 10, "species_sci": "Anas acuta", "species_com": "Northern Pintail / Onagagamo" }, "geometry": { "type": "Point", "coordinates": [ 19.289, 57.9854 ] } },
{ "type": "Feature", "properties": { "decimalLatitude": 59.3826, "decimalLongitude": 15.089, "month": 10, "species_sci": "Anas acuta", "species_com": "Northern Pintail / Onagagamo" }, "geometry": { "type": "Point", "coordinates": [ 15.089, 59.3826 ] } },
{ "type": "Feature", "properties": { "decimalLatitude": 53.4, "decimalLongitude": 6.2, "month": 10, "species_sci": "Anas acuta", "species_com": "Northern Pintail / Onagagamo" }, "geometry": { "type": "Point", "coordinates": [ 6.2, 53.4 ] } },
{ "type": "Feature", "properties": { "decimalLatitude": 59.3659, "decimalLongitude": 17.7234, "month": 10, "species_sci": "Anas acuta", "species_com": "Northern Pintail / Onagagamo" }, "geometry": { "type": "Point", "coordinates": [ 17.7234, 59.3659 ] } },
{ "type": "Feature", "properties": { "decimalLatitude": 63.7378, "decimalLongitude": 20.3111, "month": 10, "species_sci": "Anas acuta", "species_com": "Northern Pintail / Onagagamo" }, "geometry": { "type": "Point", "coordinates": [ 20.3111, 63.7378 ] } },
{ "type": "Feature", "properties": { "decimalLatitude": 53.15, "decimalLongitude": 4.85, "month": 10, "species_sci": "Anas acuta", "species_com": "Northern Pintail / Onagagamo" }, "geometry": { "type": "Point", "coordinates": [ 4.85, 53.15 ] } },
{ "type": "Feature", "properties": { "decimalLatitude": 56.3318, "decimalLongitude": 16.5436, "month": 10, "species_sci": "Anas acuta", "species_com": "Northern Pintail / Onagagamo" }, "geometry": { "type": "Point", "coordinates": [ 16.5436, 56.3318 ] } },
{ "type": "Feature", "properties": { "decimalLatitude": 55.3861, "decimalLongitude": 13.5475, "month": 10, "species_sci": "Anas acuta", "species_com": "Northern Pintail / Onagagamo" }, "geometry": { "type": "Point", "coordinates": [ 13.5475, 55.3861 ] } },
{ "type": "Feature", "properties": { "decimalLatitude": 53.4067, "decimalLongitude": 83.6427, "month": 10, "species_sci": "Anas acuta", "species_com": "Northern Pintail / Onagagamo" }, "geometry": { "type": "Point", "coordinates": [ 83.6427, 53.4067 ] } },
{ "type": "Feature", "properties": { "decimalLatitude": 53.1, "decimalLongitude": 4.8, "month": 10, "species_sci": "Anas acuta", "species_com": "Northern Pintail / Onagagamo" }, "geometry": { "type": "Point", "coordinates": [ 4.8, 53.1 ] } },
{ "type": "Feature", "properties": { "decimalLatitude": 63.6069, "decimalLongitude": 20.0082, "month": 10, "species_sci": "Anas acuta", "species_com": "Northern Pintail / Onagagamo" }, "geometry": { "type": "Point", "coordinates": [ 20.0082, 63.6069 ] } },
{ "type": "Feature", "properties": { "decimalLatitude": 58.4592, "decimalLongitude": 15.565, "month": 10, "species_sci": "Anas acuta", "species_com": "Northern Pintail / Onagagamo" }, "geometry": { "type": "Point", "coordinates": [ 15.565, 58.4592 ] } },
{ "type": "Feature", "properties": { "decimalLatitude": 53.1, "decimalLongitude": 4.8, "month": 10, "species_sci": "Anas acuta", "species_com": "Northern Pintail / Onagagamo" }, "geometry": { "type": "Point", "coordinates": [ 4.8, 53.1 ] } },
{ "type": "Feature", "properties": { "decimalLatitude": 63.724, "decimalLongitude": 20.2309, "month": 10, "species_sci": "Anas acuta", "species_com": "Northern Pintail / Onagagamo" }, "geometry": { "type": "Point", "coordinates": [ 20.2309, 63.724 ] } },
{ "type": "Feature", "properties": { "decimalLatitude": 49.543, "decimalLongitude": -114.0328, "month": 10, "species_sci": "Anas acuta", "species_com": "Northern Pintail / Onagagamo" }, "geometry": { "type": "Point", "coordinates": [ -114.0328, 49.543 ] } },
{ "type": "Feature", "properties": { "decimalLatitude": 53.1, "decimalLongitude": 4.8, "month": 10, "species_sci": "Anas acuta", "species_com": "Northern Pintail / Onagagamo" }, "geometry": { "type": "Point", "coordinates": [ 4.8, 53.1 ] } },
{ "type": "Feature", "properties": { "decimalLatitude": 56.4182, "decimalLongitude": 16.3987, "month": 10, "species_sci": "Anas acuta", "species_com": "Northern Pintail / Onagagamo" }, "geometry": { "type": "Point", "coordinates": [ 16.3987, 56.4182 ] } },
{ "type": "Feature", "properties": { "decimalLatitude": 56.3173, "decimalLongitude": 16.5321, "month": 10, "species_sci": "Anas acuta", "species_com": "Northern Pintail / Onagagamo" }, "geometry": { "type": "Point", "coordinates": [ 16.5321, 56.3173 ] } },
{ "type": "Feature", "properties": { "decimalLatitude": 60.5064, "decimalLongitude": 17.6711, "month": 10, "species_sci": "Anas acuta", "species_com": "Northern Pintail / Onagagamo" }, "geometry": { "type": "Point", "coordinates": [ 17.6711, 60.5064 ] } },
{ "type": "Feature", "properties": { "decimalLatitude": 56.2003, "decimalLongitude": 16.402, "month": 10, "species_sci": "Anas acuta", "species_com": "Northern Pintail / Onagagamo" }, "geometry": { "type": "Point", "coordinates": [ 16.402, 56.2003 ] } },
{ "type": "Feature", "properties": { "decimalLatitude": 53.1, "decimalLongitude": 4.8, "month": 10, "species_sci": "Anas acuta", "species_com": "Northern Pintail / Onagagamo" }, "geometry": { "type": "Point", "coordinates": [ 4.8, 53.1 ] } },
{ "type": "Feature", "properties": { "decimalLatitude": 56.8128, "decimalLongitude": 12.6086, "month": 10, "species_sci": "Anas acuta", "species_com": "Northern Pintail / Onagagamo" }, "geometry": { "type": "Point", "coordinates": [ 12.6086, 56.8128 ] } },
{ "type": "Feature", "properties": { "decimalLatitude": 48.5532, "decimalLongitude": 10.4019, "month": 10, "species_sci": "Anas acuta", "species_com": "Northern Pintail / Onagagamo" }, "geometry": { "type": "Point", "coordinates": [ 10.4019, 48.5532 ] } },
{ "type": "Feature", "properties": { "decimalLatitude": 58.2869, "decimalLongitude": 12.3818, "month": 10, "species_sci": "Anas acuta", "species_com": "Northern Pintail / Onagagamo" }, "geometry": { "type": "Point", "coordinates": [ 12.3818, 58.2869 ] } },
{ "type": "Feature", "properties": { "decimalLatitude": 58.0791, "decimalLongitude": 6.6796, "month": 10, "species_sci": "Anas acuta", "species_com": "Northern Pintail / Onagagamo" }, "geometry": { "type": "Point", "coordinates": [ 6.6796, 58.0791 ] } },
{ "type": "Feature", "properties": { "decimalLatitude": 56.3173, "decimalLongitude": 16.5321, "month": 10, "species_sci": "Anas acuta", "species_com": "Northern Pintail / Onagagamo" }, "geometry": { "type": "Point", "coordinates": [ 16.5321, 56.3173 ] } },
{ "type": "Feature", "properties": { "decimalLatitude": 56.5906, "decimalLongitude": 16.3985, "month": 10, "species_sci": "Anas acuta", "species_com": "Northern Pintail / Onagagamo" }, "geometry": { "type": "Point", "coordinates": [ 16.3985, 56.5906 ] } },
{ "type": "Feature", "properties": { "decimalLatitude": 56.4971, "decimalLongitude": 16.378, "month": 10, "species_sci": "Anas acuta", "species_com": "Northern Pintail / Onagagamo" }, "geometry": { "type": "Point", "coordinates": [ 16.378, 56.4971 ] } },
{ "type": "Feature", "properties": { "decimalLatitude": 54.5596, "decimalLongitude": 11.9697, "month": 11, "species_sci": "Anas acuta", "species_com": "Northern Pintail / Onagagamo" }, "geometry": { "type": "Point", "coordinates": [ 11.9697, 54.5596 ] } },
{ "type": "Feature", "properties": { "decimalLatitude": 55.3784, "decimalLongitude": 12.8122, "month": 11, "species_sci": "Anas acuta", "species_com": "Northern Pintail / Onagagamo" }, "geometry": { "type": "Point", "coordinates": [ 12.8122, 55.3784 ] } },
{ "type": "Feature", "properties": { "decimalLatitude": 49.2426, "decimalLongitude": -122.9354, "month": 11, "species_sci": "Anas acuta", "species_com": "Northern Pintail / Onagagamo" }, "geometry": { "type": "Point", "coordinates": [ -122.9354, 49.2426 ] } },
{ "type": "Feature", "properties": { "decimalLatitude": 55.6294, "decimalLongitude": 13.0085, "month": 11, "species_sci": "Anas acuta", "species_com": "Northern Pintail / Onagagamo" }, "geometry": { "type": "Point", "coordinates": [ 13.0085, 55.6294 ] } },
{ "type": "Feature", "properties": { "decimalLatitude": 56.2233, "decimalLongitude": 35.9532, "month": 11, "species_sci": "Anas acuta", "species_com": "Northern Pintail / Onagagamo" }, "geometry": { "type": "Point", "coordinates": [ 35.9532, 56.2233 ] } },
{ "type": "Feature", "properties": { "decimalLatitude": 57.6973, "decimalLongitude": 11.6107, "month": 11, "species_sci": "Anas acuta", "species_com": "Northern Pintail / Onagagamo" }, "geometry": { "type": "Point", "coordinates": [ 11.6107, 57.6973 ] } },
{ "type": "Feature", "properties": { "decimalLatitude": 38.5375, "decimalLongitude": -121.6246, "month": 11, "species_sci": "Anas acuta", "species_com": "Northern Pintail / Onagagamo" }, "geometry": { "type": "Point", "coordinates": [ -121.6246, 38.5375 ] } },
{ "type": "Feature", "properties": { "decimalLatitude": 54.9367, "decimalLongitude": 8.6616, "month": 11, "species_sci": "Anas acuta", "species_com": "Northern Pintail / Onagagamo" }, "geometry": { "type": "Point", "coordinates": [ 8.6616, 54.9367 ] } },
{ "type": "Feature", "properties": { "decimalLatitude": 56.2159, "decimalLongitude": 10.2245, "month": 11, "species_sci": "Anas acuta", "species_com": "Northern Pintail / Onagagamo" }, "geometry": { "type": "Point", "coordinates": [ 10.2245, 56.2159 ] } },
{ "type": "Feature", "properties": { "decimalLatitude": 55.5288, "decimalLongitude": 11.1228, "month": 11, "species_sci": "Anas acuta", "species_com": "Northern Pintail / Onagagamo" }, "geometry": { "type": "Point", "coordinates": [ 11.1228, 55.5288 ] } },
{ "type": "Feature", "properties": { "decimalLatitude": 56.0754, "decimalLongitude": 12.3217, "month": 11, "species_sci": "Anas acuta", "species_com": "Northern Pintail / Onagagamo" }, "geometry": { "type": "Point", "coordinates": [ 12.3217, 56.0754 ] } },
{ "type": "Feature", "properties": { "decimalLatitude": 55.3855, "decimalLongitude": 14.1962, "month": 11, "species_sci": "Anas acuta", "species_com": "Northern Pintail / Onagagamo" }, "geometry": { "type": "Point", "coordinates": [ 14.1962, 55.3855 ] } },
{ "type": "Feature", "properties": { "decimalLatitude": 57.0587, "decimalLongitude": 16.9578, "month": 11, "species_sci": "Anas acuta", "species_com": "Northern Pintail / Onagagamo" }, "geometry": { "type": "Point", "coordinates": [ 16.9578, 57.0587 ] } },
{ "type": "Feature", "properties": { "decimalLatitude": 55.1545, "decimalLongitude": 12.0985, "month": 11, "species_sci": "Anas acuta", "species_com": "Northern Pintail / Onagagamo" }, "geometry": { "type": "Point", "coordinates": [ 12.0985, 55.1545 ] } },
{ "type": "Feature", "properties": { "decimalLatitude": 57.1307, "decimalLongitude": 12.238, "month": 11, "species_sci": "Anas acuta", "species_com": "Northern Pintail / Onagagamo" }, "geometry": { "type": "Point", "coordinates": [ 12.238, 57.1307 ] } },
{ "type": "Feature", "properties": { "decimalLatitude": 56.6096, "decimalLongitude": 12.9245, "month": 11, "species_sci": "Anas acuta", "species_com": "Northern Pintail / Onagagamo" }, "geometry": { "type": "Point", "coordinates": [ 12.9245, 56.6096 ] } },
{ "type": "Feature", "properties": { "decimalLatitude": 52.75, "decimalLongitude": 4.9913, "month": 11, "species_sci": "Anas acuta", "species_com": "Northern Pintail / Onagagamo" }, "geometry": { "type": "Point", "coordinates": [ 4.9913, 52.75 ] } },
{ "type": "Feature", "properties": { "decimalLatitude": 59.706, "decimalLongitude": 16.4844, "month": 11, "species_sci": "Anas acuta", "species_com": "Northern Pintail / Onagagamo" }, "geometry": { "type": "Point", "coordinates": [ 16.4844, 59.706 ] } },
{ "type": "Feature", "properties": { "decimalLatitude": 60.5094, "decimalLongitude": 17.7178, "month": 11, "species_sci": "Anas acuta", "species_com": "Northern Pintail / Onagagamo" }, "geometry": { "type": "Point", "coordinates": [ 17.7178, 60.5094 ] } },
{ "type": "Feature", "properties": { "decimalLatitude": 55.8054, "decimalLongitude": 11.8652, "month": 11, "species_sci": "Anas acuta", "species_com": "Northern Pintail / Onagagamo" }, "geometry": { "type": "Point", "coordinates": [ 11.8652, 55.8054 ] } },
{ "type": "Feature", "properties": { "decimalLatitude": 38.4581, "decimalLongitude": -98.6283, "month": 11, "species_sci": "Anas acuta", "species_com": "Northern Pintail / Onagagamo" }, "geometry": { "type": "Point", "coordinates": [ -98.6283, 38.4581 ] } },
{ "type": "Feature", "properties": { "decimalLatitude": 56.6062, "decimalLongitude": 12.9152, "month": 11, "species_sci": "Anas acuta", "species_com": "Northern Pintail / Onagagamo" }, "geometry": { "type": "Point", "coordinates": [ 12.9152, 56.6062 ] } },
{ "type": "Feature", "properties": { "decimalLatitude": 57.1249, "decimalLongitude": 12.2437, "month": 11, "species_sci": "Anas acuta", "species_com": "Northern Pintail / Onagagamo" }, "geometry": { "type": "Point", "coordinates": [ 12.2437, 57.1249 ] } },
{ "type": "Feature", "properties": { "decimalLatitude": 58.3591, "decimalLongitude": 12.5441, "month": 11, "species_sci": "Anas acuta", "species_com": "Northern Pintail / Onagagamo" }, "geometry": { "type": "Point", "coordinates": [ 12.5441, 58.3591 ] } },
{ "type": "Feature", "properties": { "decimalLatitude": 56.5932, "decimalLongitude": 16.3918, "month": 11, "species_sci": "Anas acuta", "species_com": "Northern Pintail / Onagagamo" }, "geometry": { "type": "Point", "coordinates": [ 16.3918, 56.5932 ] } },
{ "type": "Feature", "properties": { "decimalLatitude": 56.4231, "decimalLongitude": 12.6206, "month": 11, "species_sci": "Anas acuta", "species_com": "Northern Pintail / Onagagamo" }, "geometry": { "type": "Point", "coordinates": [ 12.6206, 56.4231 ] } },
{ "type": "Feature", "properties": { "decimalLatitude": 35.6022, "decimalLongitude": 139.6906, "month": 11, "species_sci": "Anas acuta", "species_com": "Northern Pintail / Onagagamo" }, "geometry": { "type": "Point", "coordinates": [ 139.6906, 35.6022 ] } },
{ "type": "Feature", "properties": { "decimalLatitude": 57.1216, "decimalLongitude": 12.2166, "month": 11, "species_sci": "Anas acuta", "species_com": "Northern Pintail / Onagagamo" }, "geometry": { "type": "Point", "coordinates": [ 12.2166, 57.1216 ] } },
{ "type": "Feature", "properties": { "decimalLatitude": 56.8654, "decimalLongitude": 14.7482, "month": 11, "species_sci": "Anas acuta", "species_com": "Northern Pintail / Onagagamo" }, "geometry": { "type": "Point", "coordinates": [ 14.7482, 56.8654 ] } },
{ "type": "Feature", "properties": { "decimalLatitude": 57.0326, "decimalLongitude": 12.3091, "month": 11, "species_sci": "Anas acuta", "species_com": "Northern Pintail / Onagagamo" }, "geometry": { "type": "Point", "coordinates": [ 12.3091, 57.0326 ] } },
{ "type": "Feature", "properties": { "decimalLatitude": 47.5338, "decimalLongitude": -52.8504, "month": 11, "species_sci": "Anas acuta", "species_com": "Northern Pintail / Onagagamo" }, "geometry": { "type": "Point", "coordinates": [ -52.8504, 47.5338 ] } },
{ "type": "Feature", "properties": { "decimalLatitude": 59.5168, "decimalLongitude": 14.9848, "month": 11, "species_sci": "Anas acuta", "species_com": "Northern Pintail / Onagagamo" }, "geometry": { "type": "Point", "coordinates": [ 14.9848, 59.5168 ] } },
{ "type": "Feature", "properties": { "decimalLatitude": 40.0227, "decimalLongitude": 31.6694, "month": 11, "species_sci": "Anas acuta", "species_com": "Northern Pintail / Onagagamo" }, "geometry": { "type": "Point", "coordinates": [ 31.6694, 40.0227 ] } },
{ "type": "Feature", "properties": { "decimalLatitude": 58.5999, "decimalLongitude": 16.088, "month": 11, "species_sci": "Anas acuta", "species_com": "Northern Pintail / Onagagamo" }, "geometry": { "type": "Point", "coordinates": [ 16.088, 58.5999 ] } },
{ "type": "Feature", "properties": { "decimalLatitude": 59.2756, "decimalLongitude": 15.2803, "month": 11, "species_sci": "Anas acuta", "species_com": "Northern Pintail / Onagagamo" }, "geometry": { "type": "Point", "coordinates": [ 15.2803, 59.2756 ] } },
{ "type": "Feature", "properties": { "decimalLatitude": 55.7273, "decimalLongitude": 12.9968, "month": 11, "species_sci": "Anas acuta", "species_com": "Northern Pintail / Onagagamo" }, "geometry": { "type": "Point", "coordinates": [ 12.9968, 55.7273 ] } },
{ "type": "Feature", "properties": { "decimalLatitude": 53.0985, "decimalLongitude": 29.281, "month": 11, "species_sci": "Anas acuta", "species_com": "Northern Pintail / Onagagamo" }, "geometry": { "type": "Point", "coordinates": [ 29.281, 53.0985 ] } },
{ "type": "Feature", "properties": { "decimalLatitude": 55.3713, "decimalLongitude": 13.0887, "month": 11, "species_sci": "Anas acuta", "species_com": "Northern Pintail / Onagagamo" }, "geometry": { "type": "Point", "coordinates": [ 13.0887, 55.3713 ] } },
{ "type": "Feature", "properties": { "decimalLatitude": 56.5878, "decimalLongitude": 16.4129, "month": 11, "species_sci": "Anas acuta", "species_com": "Northern Pintail / Onagagamo" }, "geometry": { "type": "Point", "coordinates": [ 16.4129, 56.5878 ] } },
{ "type": "Feature", "properties": { "decimalLatitude": 38.1324, "decimalLongitude": -122.5472, "month": 11, "species_sci": "Anas acuta", "species_com": "Northern Pintail / Onagagamo" }, "geometry": { "type": "Point", "coordinates": [ -122.5472, 38.1324 ] } },
{ "type": "Feature", "properties": { "decimalLatitude": 55.5586, "decimalLongitude": 8.0763, "month": 11, "species_sci": "Anas acuta", "species_com": "Northern Pintail / Onagagamo" }, "geometry": { "type": "Point", "coordinates": [ 8.0763, 55.5586 ] } },
{ "type": "Feature", "properties": { "decimalLatitude": 49.217, "decimalLongitude": -123.2118, "month": 11, "species_sci": "Anas acuta", "species_com": "Northern Pintail / Onagagamo" }, "geometry": { "type": "Point", "coordinates": [ -123.2118, 49.217 ] } },
{ "type": "Feature", "properties": { "decimalLatitude": 55.7008, "decimalLongitude": 13.4638, "month": 11, "species_sci": "Anas acuta", "species_com": "Northern Pintail / Onagagamo" }, "geometry": { "type": "Point", "coordinates": [ 13.4638, 55.7008 ] } },
{ "type": "Feature", "properties": { "decimalLatitude": 55.3855, "decimalLongitude": 14.1962, "month": 11, "species_sci": "Anas acuta", "species_com": "Northern Pintail / Onagagamo" }, "geometry": { "type": "Point", "coordinates": [ 14.1962, 55.3855 ] } },
{ "type": "Feature", "properties": { "decimalLatitude": 56.5014, "decimalLongitude": 16.6219, "month": 11, "species_sci": "Anas acuta", "species_com": "Northern Pintail / Onagagamo" }, "geometry": { "type": "Point", "coordinates": [ 16.6219, 56.5014 ] } },
{ "type": "Feature", "properties": { "decimalLatitude": 55.6602, "decimalLongitude": 13.059, "month": 11, "species_sci": "Anas acuta", "species_com": "Northern Pintail / Onagagamo" }, "geometry": { "type": "Point", "coordinates": [ 13.059, 55.6602 ] } },
{ "type": "Feature", "properties": { "decimalLatitude": 38.9326, "decimalLongitude": -74.9539, "month": 11, "species_sci": "Anas acuta", "species_com": "Northern Pintail / Onagagamo" }, "geometry": { "type": "Point", "coordinates": [ -74.9539, 38.9326 ] } },
{ "type": "Feature", "properties": { "decimalLatitude": 60.655, "decimalLongitude": 17.3651, "month": 11, "species_sci": "Anas acuta", "species_com": "Northern Pintail / Onagagamo" }, "geometry": { "type": "Point", "coordinates": [ 17.3651, 60.655 ] } },
{ "type": "Feature", "properties": { "decimalLatitude": 58.755, "decimalLongitude": 17.864, "month": 11, "species_sci": "Anas acuta", "species_com": "Northern Pintail / Onagagamo" }, "geometry": { "type": "Point", "coordinates": [ 17.864, 58.755 ] } },
{ "type": "Feature", "properties": { "decimalLatitude": 58.3326, "decimalLongitude": 14.8203, "month": 11, "species_sci": "Anas acuta", "species_com": "Northern Pintail / Onagagamo" }, "geometry": { "type": "Point", "coordinates": [ 14.8203, 58.3326 ] } },
{ "type": "Feature", "properties": { "decimalLatitude": 56.5932, "decimalLongitude": 16.3918, "month": 11, "species_sci": "Anas acuta", "species_com": "Northern Pintail / Onagagamo" }, "geometry": { "type": "Point", "coordinates": [ 16.3918, 56.5932 ] } },
{ "type": "Feature", "properties": { "decimalLatitude": 60.6003, "decimalLongitude": 17.9296, "month": 11, "species_sci": "Anas acuta", "species_com": "Northern Pintail / Onagagamo" }, "geometry": { "type": "Point", "coordinates": [ 17.9296, 60.6003 ] } },
{ "type": "Feature", "properties": { "decimalLatitude": 57.1234, "decimalLongitude": 12.238, "month": 11, "species_sci": "Anas acuta", "species_com": "Northern Pintail / Onagagamo" }, "geometry": { "type": "Point", "coordinates": [ 12.238, 57.1234 ] } },
{ "type": "Feature", "properties": { "decimalLatitude": 52.3221, "decimalLongitude": -113.7792, "month": 11, "species_sci": "Anas acuta", "species_com": "Northern Pintail / Onagagamo" }, "geometry": { "type": "Point", "coordinates": [ -113.7792, 52.3221 ] } },
{ "type": "Feature", "properties": { "decimalLatitude": 43.6209, "decimalLongitude": 145.2206, "month": 11, "species_sci": "Anas acuta", "species_com": "Northern Pintail / Onagagamo" }, "geometry": { "type": "Point", "coordinates": [ 145.2206, 43.6209 ] } },
{ "type": "Feature", "properties": { "decimalLatitude": 43.5999, "decimalLongitude": 145.3089, "month": 11, "species_sci": "Anas acuta", "species_com": "Northern Pintail / Onagagamo" }, "geometry": { "type": "Point", "coordinates": [ 145.3089, 43.5999 ] } },
{ "type": "Feature", "properties": { "decimalLatitude": 55.977, "decimalLongitude": 11.8596, "month": 11, "species_sci": "Anas acuta", "species_com": "Northern Pintail / Onagagamo" }, "geometry": { "type": "Point", "coordinates": [ 11.8596, 55.977 ] } },
{ "type": "Feature", "properties": { "decimalLatitude": 57.1234, "decimalLongitude": 12.238, "month": 11, "species_sci": "Anas acuta", "species_com": "Northern Pintail / Onagagamo" }, "geometry": { "type": "Point", "coordinates": [ 12.238, 57.1234 ] } },
{ "type": "Feature", "properties": { "decimalLatitude": 38.9326, "decimalLongitude": -74.9539, "month": 11, "species_sci": "Anas acuta", "species_com": "Northern Pintail / Onagagamo" }, "geometry": { "type": "Point", "coordinates": [ -74.9539, 38.9326 ] } },
{ "type": "Feature", "properties": { "decimalLatitude": 59.2062, "decimalLongitude": 13.0177, "month": 11, "species_sci": "Anas acuta", "species_com": "Northern Pintail / Onagagamo" }, "geometry": { "type": "Point", "coordinates": [ 13.0177, 59.2062 ] } },
{ "type": "Feature", "properties": { "decimalLatitude": 60.7562, "decimalLongitude": 26.096, "month": 11, "species_sci": "Anas acuta", "species_com": "Northern Pintail / Onagagamo" }, "geometry": { "type": "Point", "coordinates": [ 26.096, 60.7562 ] } },
{ "type": "Feature", "properties": { "decimalLatitude": 58.3326, "decimalLongitude": 14.8203, "month": 11, "species_sci": "Anas acuta", "species_com": "Northern Pintail / Onagagamo" }, "geometry": { "type": "Point", "coordinates": [ 14.8203, 58.3326 ] } },
{ "type": "Feature", "properties": { "decimalLatitude": 55.7273, "decimalLongitude": 12.9968, "month": 11, "species_sci": "Anas acuta", "species_com": "Northern Pintail / Onagagamo" }, "geometry": { "type": "Point", "coordinates": [ 12.9968, 55.7273 ] } },
{ "type": "Feature", "properties": { "decimalLatitude": 59.5732, "decimalLongitude": 17.927, "month": 11, "species_sci": "Anas acuta", "species_com": "Northern Pintail / Onagagamo" }, "geometry": { "type": "Point", "coordinates": [ 17.927, 59.5732 ] } },
{ "type": "Feature", "properties": { "decimalLatitude": 42.6264, "decimalLongitude": -70.9198, "month": 11, "species_sci": "Anas acuta", "species_com": "Northern Pintail / Onagagamo" }, "geometry": { "type": "Point", "coordinates": [ -70.9198, 42.6264 ] } },
{ "type": "Feature", "properties": { "decimalLatitude": 45.4302, "decimalLongitude": -123.1352, "month": 11, "species_sci": "Anas acuta", "species_com": "Northern Pintail / Onagagamo" }, "geometry": { "type": "Point", "coordinates": [ -123.1352, 45.4302 ] } },
{ "type": "Feature", "properties": { "decimalLatitude": 58.3139, "decimalLongitude": 13.5403, "month": 11, "species_sci": "Anas acuta", "species_com": "Northern Pintail / Onagagamo" }, "geometry": { "type": "Point", "coordinates": [ 13.5403, 58.3139 ] } },
{ "type": "Feature", "properties": { "decimalLatitude": 55.9942, "decimalLongitude": 14.7226, "month": 11, "species_sci": "Anas acuta", "species_com": "Northern Pintail / Onagagamo" }, "geometry": { "type": "Point", "coordinates": [ 14.7226, 55.9942 ] } },
{ "type": "Feature", "properties": { "decimalLatitude": 57.1307, "decimalLongitude": 12.238, "month": 11, "species_sci": "Anas acuta", "species_com": "Northern Pintail / Onagagamo" }, "geometry": { "type": "Point", "coordinates": [ 12.238, 57.1307 ] } },
{ "type": "Feature", "properties": { "decimalLatitude": 55.7666, "decimalLongitude": 14.1963, "month": 11, "species_sci": "Anas acuta", "species_com": "Northern Pintail / Onagagamo" }, "geometry": { "type": "Point", "coordinates": [ 14.1963, 55.7666 ] } },
{ "type": "Feature", "properties": { "decimalLatitude": 57.392, "decimalLongitude": 11.9092, "month": 11, "species_sci": "Anas acuta", "species_com": "Northern Pintail / Onagagamo" }, "geometry": { "type": "Point", "coordinates": [ 11.9092, 57.392 ] } },
{ "type": "Feature", "properties": { "decimalLatitude": 57.1307, "decimalLongitude": 12.238, "month": 11, "species_sci": "Anas acuta", "species_com": "Northern Pintail / Onagagamo" }, "geometry": { "type": "Point", "coordinates": [ 12.238, 57.1307 ] } },
{ "type": "Feature", "properties": { "decimalLatitude": 59.3224, "decimalLongitude": 18.1122, "month": 11, "species_sci": "Anas acuta", "species_com": "Northern Pintail / Onagagamo" }, "geometry": { "type": "Point", "coordinates": [ 18.1122, 59.3224 ] } },
{ "type": "Feature", "properties": { "decimalLatitude": 31.6894, "decimalLongitude": -106.4265, "month": 11, "species_sci": "Anas acuta", "species_com": "Northern Pintail / Onagagamo" }, "geometry": { "type": "Point", "coordinates": [ -106.4265, 31.6894 ] } },
{ "type": "Feature", "properties": { "decimalLatitude": 54.6449, "decimalLongitude": 11.9405, "month": 11, "species_sci": "Anas acuta", "species_com": "Northern Pintail / Onagagamo" }, "geometry": { "type": "Point", "coordinates": [ 11.9405, 54.6449 ] } },
{ "type": "Feature", "properties": { "decimalLatitude": 57.1259, "decimalLongitude": 12.2493, "month": 11, "species_sci": "Anas acuta", "species_com": "Northern Pintail / Onagagamo" }, "geometry": { "type": "Point", "coordinates": [ 12.2493, 57.1259 ] } },
{ "type": "Feature", "properties": { "decimalLatitude": 55.3397, "decimalLongitude": 13.341, "month": 11, "species_sci": "Anas acuta", "species_com": "Northern Pintail / Onagagamo" }, "geometry": { "type": "Point", "coordinates": [ 13.341, 55.3397 ] } },
{ "type": "Feature", "properties": { "decimalLatitude": 56.8654, "decimalLongitude": 14.7482, "month": 11, "species_sci": "Anas acuta", "species_com": "Northern Pintail / Onagagamo" }, "geometry": { "type": "Point", "coordinates": [ 14.7482, 56.8654 ] } },
{ "type": "Feature", "properties": { "decimalLatitude": 55.5586, "decimalLongitude": 8.0763, "month": 11, "species_sci": "Anas acuta", "species_com": "Northern Pintail / Onagagamo" }, "geometry": { "type": "Point", "coordinates": [ 8.0763, 55.5586 ] } },
{ "type": "Feature", "properties": { "decimalLatitude": 59.5168, "decimalLongitude": 14.9848, "month": 11, "species_sci": "Anas acuta", "species_com": "Northern Pintail / Onagagamo" }, "geometry": { "type": "Point", "coordinates": [ 14.9848, 59.5168 ] } },
{ "type": "Feature", "properties": { "decimalLatitude": 59.4997, "decimalLongitude": 16.0265, "month": 11, "species_sci": "Anas acuta", "species_com": "Northern Pintail / Onagagamo" }, "geometry": { "type": "Point", "coordinates": [ 16.0265, 59.4997 ] } },
{ "type": "Feature", "properties": { "decimalLatitude": 40.0232, "decimalLongitude": 31.7232, "month": 11, "species_sci": "Anas acuta", "species_com": "Northern Pintail / Onagagamo" }, "geometry": { "type": "Point", "coordinates": [ 31.7232, 40.0232 ] } },
{ "type": "Feature", "properties": { "decimalLatitude": 57.0284, "decimalLongitude": 12.3184, "month": 11, "species_sci": "Anas acuta", "species_com": "Northern Pintail / Onagagamo" }, "geometry": { "type": "Point", "coordinates": [ 12.3184, 57.0284 ] } },
{ "type": "Feature", "properties": { "decimalLatitude": 56.2159, "decimalLongitude": 10.2245, "month": 11, "species_sci": "Anas acuta", "species_com": "Northern Pintail / Onagagamo" }, "geometry": { "type": "Point", "coordinates": [ 10.2245, 56.2159 ] } },
{ "type": "Feature", "properties": { "decimalLatitude": 56.3318, "decimalLongitude": 16.5436, "month": 11, "species_sci": "Anas acuta", "species_com": "Northern Pintail / Onagagamo" }, "geometry": { "type": "Point", "coordinates": [ 16.5436, 56.3318 ] } },
{ "type": "Feature", "properties": { "decimalLatitude": 56.226, "decimalLongitude": 12.7435, "month": 11, "species_sci": "Anas acuta", "species_com": "Northern Pintail / Onagagamo" }, "geometry": { "type": "Point", "coordinates": [ 12.7435, 56.226 ] } },
{ "type": "Feature", "properties": { "decimalLatitude": 59.3098, "decimalLongitude": 17.9835, "month": 11, "species_sci": "Anas acuta", "species_com": "Northern Pintail / Onagagamo" }, "geometry": { "type": "Point", "coordinates": [ 17.9835, 59.3098 ] } },
{ "type": "Feature", "properties": { "decimalLatitude": 56.983, "decimalLongitude": 12.3577, "month": 11, "species_sci": "Anas acuta", "species_com": "Northern Pintail / Onagagamo" }, "geometry": { "type": "Point", "coordinates": [ 12.3577, 56.983 ] } },
{ "type": "Feature", "properties": { "decimalLatitude": 39.3238, "decimalLongitude": -121.8116, "month": 11, "species_sci": "Anas acuta", "species_com": "Northern Pintail / Onagagamo" }, "geometry": { "type": "Point", "coordinates": [ -121.8116, 39.3238 ] } },
{ "type": "Feature", "properties": { "decimalLatitude": 57.1001, "decimalLongitude": 16.6376, "month": 11, "species_sci": "Anas acuta", "species_com": "Northern Pintail / Onagagamo" }, "geometry": { "type": "Point", "coordinates": [ 16.6376, 57.1001 ] } },
{ "type": "Feature", "properties": { "decimalLatitude": 56.2324, "decimalLongitude": 12.6882, "month": 11, "species_sci": "Anas acuta", "species_com": "Northern Pintail / Onagagamo" }, "geometry": { "type": "Point", "coordinates": [ 12.6882, 56.2324 ] } },
{ "type": "Feature", "properties": { "decimalLatitude": 58.3899, "decimalLongitude": 12.3337, "month": 11, "species_sci": "Anas acuta", "species_com": "Northern Pintail / Onagagamo" }, "geometry": { "type": "Point", "coordinates": [ 12.3337, 58.3899 ] } },
{ "type": "Feature", "properties": { "decimalLatitude": 56.1964, "decimalLongitude": 16.3993, "month": 11, "species_sci": "Anas acuta", "species_com": "Northern Pintail / Onagagamo" }, "geometry": { "type": "Point", "coordinates": [ 16.3993, 56.1964 ] } },
{ "type": "Feature", "properties": { "decimalLatitude": 56.3173, "decimalLongitude": 16.5321, "month": 11, "species_sci": "Anas acuta", "species_com": "Northern Pintail / Onagagamo" }, "geometry": { "type": "Point", "coordinates": [ 16.5321, 56.3173 ] } },
{ "type": "Feature", "properties": { "decimalLatitude": 59.3224, "decimalLongitude": 18.1122, "month": 11, "species_sci": "Anas acuta", "species_com": "Northern Pintail / Onagagamo" }, "geometry": { "type": "Point", "coordinates": [ 18.1122, 59.3224 ] } },
{ "type": "Feature", "properties": { "decimalLatitude": 57.8571, "decimalLongitude": 11.7084, "month": 11, "species_sci": "Anas acuta", "species_com": "Northern Pintail / Onagagamo" }, "geometry": { "type": "Point", "coordinates": [ 11.7084, 57.8571 ] } },
{ "type": "Feature", "properties": { "decimalLatitude": 56.5104, "decimalLongitude": 10.8684, "month": 11, "species_sci": "Anas acuta", "species_com": "Northern Pintail / Onagagamo" }, "geometry": { "type": "Point", "coordinates": [ 10.8684, 56.5104 ] } },
{ "type": "Feature", "properties": { "decimalLatitude": 40.1292, "decimalLongitude": 31.6532, "month": 11, "species_sci": "Anas acuta", "species_com": "Northern Pintail / Onagagamo" }, "geometry": { "type": "Point", "coordinates": [ 31.6532, 40.1292 ] } },
{ "type": "Feature", "properties": { "decimalLatitude": 58.5895, "decimalLongitude": 16.3935, "month": 11, "species_sci": "Anas acuta", "species_com": "Northern Pintail / Onagagamo" }, "geometry": { "type": "Point", "coordinates": [ 16.3935, 58.5895 ] } },
{ "type": "Feature", "properties": { "decimalLatitude": 60.5266, "decimalLongitude": 18.371, "month": 11, "species_sci": "Anas acuta", "species_com": "Northern Pintail / Onagagamo" }, "geometry": { "type": "Point", "coordinates": [ 18.371, 60.5266 ] } },
{ "type": "Feature", "properties": { "decimalLatitude": 55.3784, "decimalLongitude": 12.8122, "month": 11, "species_sci": "Anas acuta", "species_com": "Northern Pintail / Onagagamo" }, "geometry": { "type": "Point", "coordinates": [ 12.8122, 55.3784 ] } },
{ "type": "Feature", "properties": { "decimalLatitude": 59.7062, "decimalLongitude": 16.4846, "month": 11, "species_sci": "Anas acuta", "species_com": "Northern Pintail / Onagagamo" }, "geometry": { "type": "Point", "coordinates": [ 16.4846, 59.7062 ] } },
{ "type": "Feature", "properties": { "decimalLatitude": 56.5932, "decimalLongitude": 16.3918, "month": 11, "species_sci": "Anas acuta", "species_com": "Northern Pintail / Onagagamo" }, "geometry": { "type": "Point", "coordinates": [ 16.3918, 56.5932 ] } },
{ "type": "Feature", "properties": { "decimalLatitude": 58.6026, "decimalLongitude": 17.3158, "month": 11, "species_sci": "Anas acuta", "species_com": "Northern Pintail / Onagagamo" }, "geometry": { "type": "Point", "coordinates": [ 17.3158, 58.6026 ] } },
{ "type": "Feature", "properties": { "decimalLatitude": 57.1514, "decimalLongitude": 13.6648, "month": 11, "species_sci": "Anas acuta", "species_com": "Northern Pintail / Onagagamo" }, "geometry": { "type": "Point", "coordinates": [ 13.6648, 57.1514 ] } },
{ "type": "Feature", "properties": { "decimalLatitude": 40.0734, "decimalLongitude": 31.7525, "month": 11, "species_sci": "Anas acuta", "species_com": "Northern Pintail / Onagagamo" }, "geometry": { "type": "Point", "coordinates": [ 31.7525, 40.0734 ] } },
{ "type": "Feature", "properties": { "decimalLatitude": 57.1259, "decimalLongitude": 12.2493, "month": 11, "species_sci": "Anas acuta", "species_com": "Northern Pintail / Onagagamo" }, "geometry": { "type": "Point", "coordinates": [ 12.2493, 57.1259 ] } },
{ "type": "Feature", "properties": { "decimalLatitude": 48.4735, "decimalLongitude": -123.4001, "month": 11, "species_sci": "Anas acuta", "species_com": "Northern Pintail / Onagagamo" }, "geometry": { "type": "Point", "coordinates": [ -123.4001, 48.4735 ] } },
{ "type": "Feature", "properties": { "decimalLatitude": 55.7829, "decimalLongitude": 12.9343, "month": 11, "species_sci": "Anas acuta", "species_com": "Northern Pintail / Onagagamo" }, "geometry": { "type": "Point", "coordinates": [ 12.9343, 55.7829 ] } },
{ "type": "Feature", "properties": { "decimalLatitude": 34.515, "decimalLongitude": 133.9269, "month": 11, "species_sci": "Anas acuta", "species_com": "Northern Pintail / Onagagamo" }, "geometry": { "type": "Point", "coordinates": [ 133.9269, 34.515 ] } },
{ "type": "Feature", "properties": { "decimalLatitude": 56.9233, "decimalLongitude": 12.3593, "month": 11, "species_sci": "Anas acuta", "species_com": "Northern Pintail / Onagagamo" }, "geometry": { "type": "Point", "coordinates": [ 12.3593, 56.9233 ] } },
{ "type": "Feature", "properties": { "decimalLatitude": 57.1234, "decimalLongitude": 12.238, "month": 11, "species_sci": "Anas acuta", "species_com": "Northern Pintail / Onagagamo" }, "geometry": { "type": "Point", "coordinates": [ 12.238, 57.1234 ] } },
{ "type": "Feature", "properties": { "decimalLatitude": 57.0288, "decimalLongitude": 12.3098, "month": 11, "species_sci": "Anas acuta", "species_com": "Northern Pintail / Onagagamo" }, "geometry": { "type": "Point", "coordinates": [ 12.3098, 57.0288 ] } },
{ "type": "Feature", "properties": { "decimalLatitude": 60.5094, "decimalLongitude": 17.7178, "month": 11, "species_sci": "Anas acuta", "species_com": "Northern Pintail / Onagagamo" }, "geometry": { "type": "Point", "coordinates": [ 17.7178, 60.5094 ] } },
{ "type": "Feature", "properties": { "decimalLatitude": 59.5676, "decimalLongitude": 15.0164, "month": 11, "species_sci": "Anas acuta", "species_com": "Northern Pintail / Onagagamo" }, "geometry": { "type": "Point", "coordinates": [ 15.0164, 59.5676 ] } },
{ "type": "Feature", "properties": { "decimalLatitude": 59.3224, "decimalLongitude": 18.1122, "month": 11, "species_sci": "Anas acuta", "species_com": "Northern Pintail / Onagagamo" }, "geometry": { "type": "Point", "coordinates": [ 18.1122, 59.3224 ] } },
{ "type": "Feature", "properties": { "decimalLatitude": 56.5878, "decimalLongitude": 16.4129, "month": 11, "species_sci": "Anas acuta", "species_com": "Northern Pintail / Onagagamo" }, "geometry": { "type": "Point", "coordinates": [ 16.4129, 56.5878 ] } },
{ "type": "Feature", "properties": { "decimalLatitude": 59.5732, "decimalLongitude": 17.927, "month": 11, "species_sci": "Anas acuta", "species_com": "Northern Pintail / Onagagamo" }, "geometry": { "type": "Point", "coordinates": [ 17.927, 59.5732 ] } },
{ "type": "Feature", "properties": { "decimalLatitude": 54.7221, "decimalLongitude": 10.694, "month": 11, "species_sci": "Anas acuta", "species_com": "Northern Pintail / Onagagamo" }, "geometry": { "type": "Point", "coordinates": [ 10.694, 54.7221 ] } },
{ "type": "Feature", "properties": { "decimalLatitude": 61.1513, "decimalLongitude": 15.1912, "month": 11, "species_sci": "Anas acuta", "species_com": "Northern Pintail / Onagagamo" }, "geometry": { "type": "Point", "coordinates": [ 15.1912, 61.1513 ] } },
{ "type": "Feature", "properties": { "decimalLatitude": 57.8571, "decimalLongitude": 11.7084, "month": 11, "species_sci": "Anas acuta", "species_com": "Northern Pintail / Onagagamo" }, "geometry": { "type": "Point", "coordinates": [ 11.7084, 57.8571 ] } },
{ "type": "Feature", "properties": { "decimalLatitude": 48.1606, "decimalLongitude": 14.4764, "month": 11, "species_sci": "Anas acuta", "species_com": "Northern Pintail / Onagagamo" }, "geometry": { "type": "Point", "coordinates": [ 14.4764, 48.1606 ] } },
{ "type": "Feature", "properties": { "decimalLatitude": 37.5526, "decimalLongitude": 127.049, "month": 11, "species_sci": "Anas acuta", "species_com": "Northern Pintail / Onagagamo" }, "geometry": { "type": "Point", "coordinates": [ 127.049, 37.5526 ] } },
{ "type": "Feature", "properties": { "decimalLatitude": 59.706, "decimalLongitude": 16.4844, "month": 11, "species_sci": "Anas acuta", "species_com": "Northern Pintail / Onagagamo" }, "geometry": { "type": "Point", "coordinates": [ 16.4844, 59.706 ] } },
{ "type": "Feature", "properties": { "decimalLatitude": 55.5477, "decimalLongitude": 12.9067, "month": 11, "species_sci": "Anas acuta", "species_com": "Northern Pintail / Onagagamo" }, "geometry": { "type": "Point", "coordinates": [ 12.9067, 55.5477 ] } },
{ "type": "Feature", "properties": { "decimalLatitude": 55.6086, "decimalLongitude": 12.5438, "month": 11, "species_sci": "Anas acuta", "species_com": "Northern Pintail / Onagagamo" }, "geometry": { "type": "Point", "coordinates": [ 12.5438, 55.6086 ] } },
{ "type": "Feature", "properties": { "decimalLatitude": 56.2229, "decimalLongitude": 35.9647, "month": 11, "species_sci": "Anas acuta", "species_com": "Northern Pintail / Onagagamo" }, "geometry": { "type": "Point", "coordinates": [ 35.9647, 56.2229 ] } },
{ "type": "Feature", "properties": { "decimalLatitude": 60.5075, "decimalLongitude": 17.7104, "month": 11, "species_sci": "Anas acuta", "species_com": "Northern Pintail / Onagagamo" }, "geometry": { "type": "Point", "coordinates": [ 17.7104, 60.5075 ] } },
{ "type": "Feature", "properties": { "decimalLatitude": 58.1512, "decimalLongitude": 16.9848, "month": 11, "species_sci": "Anas acuta", "species_com": "Northern Pintail / Onagagamo" }, "geometry": { "type": "Point", "coordinates": [ 16.9848, 58.1512 ] } },
{ "type": "Feature", "properties": { "decimalLatitude": 56.4504, "decimalLongitude": 9.7608, "month": 11, "species_sci": "Anas acuta", "species_com": "Northern Pintail / Onagagamo" }, "geometry": { "type": "Point", "coordinates": [ 9.7608, 56.4504 ] } },
{ "type": "Feature", "properties": { "decimalLatitude": 57.0326, "decimalLongitude": 12.3091, "month": 11, "species_sci": "Anas acuta", "species_com": "Northern Pintail / Onagagamo" }, "geometry": { "type": "Point", "coordinates": [ 12.3091, 57.0326 ] } },
{ "type": "Feature", "properties": { "decimalLatitude": 56.4182, "decimalLongitude": 16.3987, "month": 11, "species_sci": "Anas acuta", "species_com": "Northern Pintail / Onagagamo" }, "geometry": { "type": "Point", "coordinates": [ 16.3987, 56.4182 ] } },
{ "type": "Feature", "properties": { "decimalLatitude": 57.1216, "decimalLongitude": 12.2166, "month": 11, "species_sci": "Anas acuta", "species_com": "Northern Pintail / Onagagamo" }, "geometry": { "type": "Point", "coordinates": [ 12.2166, 57.1216 ] } },
{ "type": "Feature", "properties": { "decimalLatitude": 55.5114, "decimalLongitude": 8.2988, "month": 11, "species_sci": "Anas acuta", "species_com": "Northern Pintail / Onagagamo" }, "geometry": { "type": "Point", "coordinates": [ 8.2988, 55.5114 ] } },
{ "type": "Feature", "properties": { "decimalLatitude": 59.3204, "decimalLongitude": 18.1135, "month": 11, "species_sci": "Anas acuta", "species_com": "Northern Pintail / Onagagamo" }, "geometry": { "type": "Point", "coordinates": [ 18.1135, 59.3204 ] } },
{ "type": "Feature", "properties": { "decimalLatitude": 40.0608, "decimalLongitude": 31.789, "month": 11, "species_sci": "Anas acuta", "species_com": "Northern Pintail / Onagagamo" }, "geometry": { "type": "Point", "coordinates": [ 31.789, 40.0608 ] } },
{ "type": "Feature", "properties": { "decimalLatitude": 60.5094, "decimalLongitude": 17.7178, "month": 11, "species_sci": "Anas acuta", "species_com": "Northern Pintail / Onagagamo" }, "geometry": { "type": "Point", "coordinates": [ 17.7178, 60.5094 ] } },
{ "type": "Feature", "properties": { "decimalLatitude": 59.3659, "decimalLongitude": 17.7234, "month": 11, "species_sci": "Anas acuta", "species_com": "Northern Pintail / Onagagamo" }, "geometry": { "type": "Point", "coordinates": [ 17.7234, 59.3659 ] } },
{ "type": "Feature", "properties": { "decimalLatitude": 55.8052, "decimalLongitude": 12.9321, "month": 11, "species_sci": "Anas acuta", "species_com": "Northern Pintail / Onagagamo" }, "geometry": { "type": "Point", "coordinates": [ 12.9321, 55.8052 ] } },
{ "type": "Feature", "properties": { "decimalLatitude": 37.1716, "decimalLongitude": -120.7688, "month": 11, "species_sci": "Anas acuta", "species_com": "Northern Pintail / Onagagamo" }, "geometry": { "type": "Point", "coordinates": [ -120.7688, 37.1716 ] } },
{ "type": "Feature", "properties": { "decimalLatitude": 43.6257, "decimalLongitude": -79.3347, "month": 11, "species_sci": "Anas acuta", "species_com": "Northern Pintail / Onagagamo" }, "geometry": { "type": "Point", "coordinates": [ -79.3347, 43.6257 ] } },
{ "type": "Feature", "properties": { "decimalLatitude": 50.1249, "decimalLongitude": 7.2253, "month": 11, "species_sci": "Anas acuta", "species_com": "Northern Pintail / Onagagamo" }, "geometry": { "type": "Point", "coordinates": [ 7.2253, 50.1249 ] } },
{ "type": "Feature", "properties": { "decimalLatitude": 58.2757, "decimalLongitude": 12.3686, "month": 11, "species_sci": "Anas acuta", "species_com": "Northern Pintail / Onagagamo" }, "geometry": { "type": "Point", "coordinates": [ 12.3686, 58.2757 ] } },
{ "type": "Feature", "properties": { "decimalLatitude": 36.4124, "decimalLongitude": -116.3301, "month": 11, "species_sci": "Anas acuta", "species_com": "Northern Pintail / Onagagamo" }, "geometry": { "type": "Point", "coordinates": [ -116.3301, 36.4124 ] } },
{ "type": "Feature", "properties": { "decimalLatitude": 58.3933, "decimalLongitude": 12.6461, "month": 11, "species_sci": "Anas acuta", "species_com": "Northern Pintail / Onagagamo" }, "geometry": { "type": "Point", "coordinates": [ 12.6461, 58.3933 ] } },
{ "type": "Feature", "properties": { "decimalLatitude": 40.0646, "decimalLongitude": 31.7595, "month": 11, "species_sci": "Anas acuta", "species_com": "Northern Pintail / Onagagamo" }, "geometry": { "type": "Point", "coordinates": [ 31.7595, 40.0646 ] } },
{ "type": "Feature", "properties": { "decimalLatitude": 59.5676, "decimalLongitude": 15.0164, "month": 11, "species_sci": "Anas acuta", "species_com": "Northern Pintail / Onagagamo" }, "geometry": { "type": "Point", "coordinates": [ 15.0164, 59.5676 ] } },
{ "type": "Feature", "properties": { "decimalLatitude": 53.3874, "decimalLongitude": -1.36, "month": 11, "species_sci": "Anas acuta", "species_com": "Northern Pintail / Onagagamo" }, "geometry": { "type": "Point", "coordinates": [ -1.36, 53.3874 ] } },
{ "type": "Feature", "properties": { "decimalLatitude": 58.7373, "decimalLongitude": 17.8654, "month": 11, "species_sci": "Anas acuta", "species_com": "Northern Pintail / Onagagamo" }, "geometry": { "type": "Point", "coordinates": [ 17.8654, 58.7373 ] } },
{ "type": "Feature", "properties": { "decimalLatitude": 41.6297, "decimalLongitude": 44.9291, "month": 11, "species_sci": "Anas acuta", "species_com": "Northern Pintail / Onagagamo" }, "geometry": { "type": "Point", "coordinates": [ 44.9291, 41.6297 ] } },
{ "type": "Feature", "properties": { "decimalLatitude": 33.705, "decimalLongitude": -118.0471, "month": 12, "species_sci": "Anas acuta", "species_com": "Northern Pintail / Onagagamo" }, "geometry": { "type": "Point", "coordinates": [ -118.0471, 33.705 ] } },
{ "type": "Feature", "properties": { "decimalLatitude": 56.2024, "decimalLongitude": 16.3973, "month": 12, "species_sci": "Anas acuta", "species_com": "Northern Pintail / Onagagamo" }, "geometry": { "type": "Point", "coordinates": [ 16.3973, 56.2024 ] } },
{ "type": "Feature", "properties": { "decimalLatitude": 53.1, "decimalLongitude": 4.8, "month": 12, "species_sci": "Anas acuta", "species_com": "Northern Pintail / Onagagamo" }, "geometry": { "type": "Point", "coordinates": [ 4.8, 53.1 ] } },
{ "type": "Feature", "properties": { "decimalLatitude": 55.8545, "decimalLongitude": 8.2386, "month": 12, "species_sci": "Anas acuta", "species_com": "Northern Pintail / Onagagamo" }, "geometry": { "type": "Point", "coordinates": [ 8.2386, 55.8545 ] } },
{ "type": "Feature", "properties": { "decimalLatitude": 60.3865, "decimalLongitude": 5.3017, "month": 12, "species_sci": "Anas acuta", "species_com": "Northern Pintail / Onagagamo" }, "geometry": { "type": "Point", "coordinates": [ 5.3017, 60.3865 ] } },
{ "type": "Feature", "properties": { "decimalLatitude": 35.7107, "decimalLongitude": 139.7699, "month": 12, "species_sci": "Anas acuta", "species_com": "Northern Pintail / Onagagamo" }, "geometry": { "type": "Point", "coordinates": [ 139.7699, 35.7107 ] } },
{ "type": "Feature", "properties": { "decimalLatitude": 52.25, "decimalLongitude": 5.45, "month": 12, "species_sci": "Anas acuta", "species_com": "Northern Pintail / Onagagamo" }, "geometry": { "type": "Point", "coordinates": [ 5.45, 52.25 ] } },
{ "type": "Feature", "properties": { "decimalLatitude": 55.5841, "decimalLongitude": 12.5332, "month": 12, "species_sci": "Anas acuta", "species_com": "Northern Pintail / Onagagamo" }, "geometry": { "type": "Point", "coordinates": [ 12.5332, 55.5841 ] } },
{ "type": "Feature", "properties": { "decimalLatitude": 35.0736, "decimalLongitude": 136.8486, "month": 12, "species_sci": "Anas acuta", "species_com": "Northern Pintail / Onagagamo" }, "geometry": { "type": "Point", "coordinates": [ 136.8486, 35.0736 ] } },
{ "type": "Feature", "properties": { "decimalLatitude": 33.7048, "decimalLongitude": -118.0468, "month": 12, "species_sci": "Anas acuta", "species_com": "Northern Pintail / Onagagamo" }, "geometry": { "type": "Point", "coordinates": [ -118.0468, 33.7048 ] } },
{ "type": "Feature", "properties": { "decimalLatitude": 56.1964, "decimalLongitude": 16.3993, "month": 12, "species_sci": "Anas acuta", "species_com": "Northern Pintail / Onagagamo" }, "geometry": { "type": "Point", "coordinates": [ 16.3993, 56.1964 ] } },
{ "type": "Feature", "properties": { "decimalLatitude": 51.3804, "decimalLongitude": 12.0434, "month": 12, "species_sci": "Anas acuta", "species_com": "Northern Pintail / Onagagamo" }, "geometry": { "type": "Point", "coordinates": [ 12.0434, 51.3804 ] } },
{ "type": "Feature", "properties": { "decimalLatitude": 55.6676, "decimalLongitude": 13.0629, "month": 12, "species_sci": "Anas acuta", "species_com": "Northern Pintail / Onagagamo" }, "geometry": { "type": "Point", "coordinates": [ 13.0629, 55.6676 ] } },
{ "type": "Feature", "properties": { "decimalLatitude": 55.1821, "decimalLongitude": 12.1015, "month": 12, "species_sci": "Anas acuta", "species_com": "Northern Pintail / Onagagamo" }, "geometry": { "type": "Point", "coordinates": [ 12.1015, 55.1821 ] } },
{ "type": "Feature", "properties": { "decimalLatitude": 33.7042, "decimalLongitude": -118.0475, "month": 12, "species_sci": "Anas acuta", "species_com": "Northern Pintail / Onagagamo" }, "geometry": { "type": "Point", "coordinates": [ -118.0475, 33.7042 ] } },
{ "type": "Feature", "properties": { "decimalLatitude": 54.9367, "decimalLongitude": 8.6616, "month": 12, "species_sci": "Anas acuta", "species_com": "Northern Pintail / Onagagamo" }, "geometry": { "type": "Point", "coordinates": [ 8.6616, 54.9367 ] } },
{ "type": "Feature", "properties": { "decimalLatitude": 56.1964, "decimalLongitude": 16.3993, "month": 12, "species_sci": "Anas acuta", "species_com": "Northern Pintail / Onagagamo" }, "geometry": { "type": "Point", "coordinates": [ 16.3993, 56.1964 ] } },
{ "type": "Feature", "properties": { "decimalLatitude": 51.75, "decimalLongitude": 4.8, "month": 12, "species_sci": "Anas acuta", "species_com": "Northern Pintail / Onagagamo" }, "geometry": { "type": "Point", "coordinates": [ 4.8, 51.75 ] } },
{ "type": "Feature", "properties": { "decimalLatitude": 53.15, "decimalLongitude": 4.85, "month": 12, "species_sci": "Anas acuta", "species_com": "Northern Pintail / Onagagamo" }, "geometry": { "type": "Point", "coordinates": [ 4.85, 53.15 ] } },
{ "type": "Feature", "properties": { "decimalLatitude": 43.0941, "decimalLongitude": -89.3714, "month": 12, "species_sci": "Anas acuta", "species_com": "Northern Pintail / Onagagamo" }, "geometry": { "type": "Point", "coordinates": [ -89.3714, 43.0941 ] } },
{ "type": "Feature", "properties": { "decimalLatitude": 51.6, "decimalLongitude": 4.15, "month": 12, "species_sci": "Anas acuta", "species_com": "Northern Pintail / Onagagamo" }, "geometry": { "type": "Point", "coordinates": [ 4.15, 51.6 ] } },
{ "type": "Feature", "properties": { "decimalLatitude": 32.2786, "decimalLongitude": -111.0206, "month": 12, "species_sci": "Anas acuta", "species_com": "Northern Pintail / Onagagamo" }, "geometry": { "type": "Point", "coordinates": [ -111.0206, 32.2786 ] } },
{ "type": "Feature", "properties": { "decimalLatitude": 25.3817, "decimalLongitude": -80.6219, "month": 12, "species_sci": "Anas acuta", "species_com": "Northern Pintail / Onagagamo" }, "geometry": { "type": "Point", "coordinates": [ -80.6219, 25.3817 ] } },
{ "type": "Feature", "properties": { "decimalLatitude": 51.95, "decimalLongitude": 4.55, "month": 12, "species_sci": "Anas acuta", "species_com": "Northern Pintail / Onagagamo" }, "geometry": { "type": "Point", "coordinates": [ 4.55, 51.95 ] } },
{ "type": "Feature", "properties": { "decimalLatitude": 56.2159, "decimalLongitude": 10.2245, "month": 12, "species_sci": "Anas acuta", "species_com": "Northern Pintail / Onagagamo" }, "geometry": { "type": "Point", "coordinates": [ 10.2245, 56.2159 ] } },
{ "type": "Feature", "properties": { "decimalLatitude": 51.95, "decimalLongitude": 4.55, "month": 12, "species_sci": "Anas acuta", "species_com": "Northern Pintail / Onagagamo" }, "geometry": { "type": "Point", "coordinates": [ 4.55, 51.95 ] } },
{ "type": "Feature", "properties": { "decimalLatitude": 66.2708, "decimalLongitude": 13.7332, "month": 12, "species_sci": "Anas acuta", "species_com": "Northern Pintail / Onagagamo" }, "geometry": { "type": "Point", "coordinates": [ 13.7332, 66.2708 ] } },
{ "type": "Feature", "properties": { "decimalLatitude": 55.6381, "decimalLongitude": 13.044, "month": 12, "species_sci": "Anas acuta", "species_com": "Northern Pintail / Onagagamo" }, "geometry": { "type": "Point", "coordinates": [ 13.044, 55.6381 ] } },
{ "type": "Feature", "properties": { "decimalLatitude": 51.4892, "decimalLongitude": 0.2197, "month": 12, "species_sci": "Anas acuta", "species_com": "Northern Pintail / Onagagamo" }, "geometry": { "type": "Point", "coordinates": [ 0.2197, 51.4892 ] } },
{ "type": "Feature", "properties": { "decimalLatitude": 52.05, "decimalLongitude": 4.4, "month": 12, "species_sci": "Anas acuta", "species_com": "Northern Pintail / Onagagamo" }, "geometry": { "type": "Point", "coordinates": [ 4.4, 52.05 ] } },
{ "type": "Feature", "properties": { "decimalLatitude": 52.15, "decimalLongitude": 4.45, "month": 12, "species_sci": "Anas acuta", "species_com": "Northern Pintail / Onagagamo" }, "geometry": { "type": "Point", "coordinates": [ 4.45, 52.15 ] } },
{ "type": "Feature", "properties": { "decimalLatitude": 38.2361, "decimalLongitude": 140.8882, "month": 12, "species_sci": "Anas acuta", "species_com": "Northern Pintail / Onagagamo" }, "geometry": { "type": "Point", "coordinates": [ 140.8882, 38.2361 ] } },
{ "type": "Feature", "properties": { "decimalLatitude": 52.85, "decimalLongitude": 4.7, "month": 12, "species_sci": "Anas acuta", "species_com": "Northern Pintail / Onagagamo" }, "geometry": { "type": "Point", "coordinates": [ 4.7, 52.85 ] } },
{ "type": "Feature", "properties": { "decimalLatitude": 52.75, "decimalLongitude": 5.1, "month": 12, "species_sci": "Anas acuta", "species_com": "Northern Pintail / Onagagamo" }, "geometry": { "type": "Point", "coordinates": [ 5.1, 52.75 ] } },
{ "type": "Feature", "properties": { "decimalLatitude": 55.9284, "decimalLongitude": 12.527, "month": 12, "species_sci": "Anas acuta", "species_com": "Northern Pintail / Onagagamo" }, "geometry": { "type": "Point", "coordinates": [ 12.527, 55.9284 ] } },
{ "type": "Feature", "properties": { "decimalLatitude": 26.1376, "decimalLongitude": -97.1771, "month": 12, "species_sci": "Anas acuta", "species_com": "Northern Pintail / Onagagamo" }, "geometry": { "type": "Point", "coordinates": [ -97.1771, 26.1376 ] } },
{ "type": "Feature", "properties": { "decimalLatitude": 55.4198, "decimalLongitude": 12.8497, "month": 12, "species_sci": "Anas acuta", "species_com": "Northern Pintail / Onagagamo" }, "geometry": { "type": "Point", "coordinates": [ 12.8497, 55.4198 ] } },
{ "type": "Feature", "properties": { "decimalLatitude": 55.6383, "decimalLongitude": 12.3462, "month": 12, "species_sci": "Anas acuta", "species_com": "Northern Pintail / Onagagamo" }, "geometry": { "type": "Point", "coordinates": [ 12.3462, 55.6383 ] } },
{ "type": "Feature", "properties": { "decimalLatitude": 52.75, "decimalLongitude": 6.65, "month": 12, "species_sci": "Anas acuta", "species_com": "Northern Pintail / Onagagamo" }, "geometry": { "type": "Point", "coordinates": [ 6.65, 52.75 ] } },
{ "type": "Feature", "properties": { "decimalLatitude": 51.85, "decimalLongitude": 5.9, "month": 12, "species_sci": "Anas acuta", "species_com": "Northern Pintail / Onagagamo" }, "geometry": { "type": "Point", "coordinates": [ 5.9, 51.85 ] } },
{ "type": "Feature", "properties": { "decimalLatitude": 39.4079, "decimalLongitude": -122.1627, "month": 12, "species_sci": "Anas acuta", "species_com": "Northern Pintail / Onagagamo" }, "geometry": { "type": "Point", "coordinates": [ -122.1627, 39.4079 ] } },
{ "type": "Feature", "properties": { "decimalLatitude": 51.75, "decimalLongitude": 4.75, "month": 12, "species_sci": "Anas acuta", "species_com": "Northern Pintail / Onagagamo" }, "geometry": { "type": "Point", "coordinates": [ 4.75, 51.75 ] } },
{ "type": "Feature", "properties": { "decimalLatitude": 51.7, "decimalLongitude": 4.3, "month": 12, "species_sci": "Anas acuta", "species_com": "Northern Pintail / Onagagamo" }, "geometry": { "type": "Point", "coordinates": [ 4.3, 51.7 ] } },
{ "type": "Feature", "properties": { "decimalLatitude": 48.1263, "decimalLongitude": 14.4704, "month": 12, "species_sci": "Anas acuta", "species_com": "Northern Pintail / Onagagamo" }, "geometry": { "type": "Point", "coordinates": [ 14.4704, 48.1263 ] } },
{ "type": "Feature", "properties": { "decimalLatitude": 40.6186, "decimalLongitude": -73.8301, "month": 12, "species_sci": "Anas acuta", "species_com": "Northern Pintail / Onagagamo" }, "geometry": { "type": "Point", "coordinates": [ -73.8301, 40.6186 ] } },
{ "type": "Feature", "properties": { "decimalLatitude": 56.4563, "decimalLongitude": 9.9833, "month": 12, "species_sci": "Anas acuta", "species_com": "Northern Pintail / Onagagamo" }, "geometry": { "type": "Point", "coordinates": [ 9.9833, 56.4563 ] } },
{ "type": "Feature", "properties": { "decimalLatitude": 53.1, "decimalLongitude": 5.95, "month": 12, "species_sci": "Anas acuta", "species_com": "Northern Pintail / Onagagamo" }, "geometry": { "type": "Point", "coordinates": [ 5.95, 53.1 ] } },
{ "type": "Feature", "properties": { "decimalLatitude": 51.95, "decimalLongitude": 4.55, "month": 12, "species_sci": "Anas acuta", "species_com": "Northern Pintail / Onagagamo" }, "geometry": { "type": "Point", "coordinates": [ 4.55, 51.95 ] } },
{ "type": "Feature", "properties": { "decimalLatitude": 53.35, "decimalLongitude": 6.15, "month": 12, "species_sci": "Anas acuta", "species_com": "Northern Pintail / Onagagamo" }, "geometry": { "type": "Point", "coordinates": [ 6.15, 53.35 ] } },
{ "type": "Feature", "properties": { "decimalLatitude": 55.644, "decimalLongitude": 13.0462, "month": 12, "species_sci": "Anas acuta", "species_com": "Northern Pintail / Onagagamo" }, "geometry": { "type": "Point", "coordinates": [ 13.0462, 55.644 ] } },
{ "type": "Feature", "properties": { "decimalLatitude": 52.65, "decimalLongitude": 4.7, "month": 12, "species_sci": "Anas acuta", "species_com": "Northern Pintail / Onagagamo" }, "geometry": { "type": "Point", "coordinates": [ 4.7, 52.65 ] } },
{ "type": "Feature", "properties": { "decimalLatitude": 51.6, "decimalLongitude": 4.0, "month": 12, "species_sci": "Anas acuta", "species_com": "Northern Pintail / Onagagamo" }, "geometry": { "type": "Point", "coordinates": [ 4.0, 51.6 ] } },
{ "type": "Feature", "properties": { "decimalLatitude": 55.1591, "decimalLongitude": 11.1437, "month": 12, "species_sci": "Anas acuta", "species_com": "Northern Pintail / Onagagamo" }, "geometry": { "type": "Point", "coordinates": [ 11.1437, 55.1591 ] } },
{ "type": "Feature", "properties": { "decimalLatitude": 51.7, "decimalLongitude": 5.2, "month": 12, "species_sci": "Anas acuta", "species_com": "Northern Pintail / Onagagamo" }, "geometry": { "type": "Point", "coordinates": [ 5.2, 51.7 ] } },
{ "type": "Feature", "properties": { "decimalLatitude": 52.15, "decimalLongitude": 4.45, "month": 12, "species_sci": "Anas acuta", "species_com": "Northern Pintail / Onagagamo" }, "geometry": { "type": "Point", "coordinates": [ 4.45, 52.15 ] } },
{ "type": "Feature", "properties": { "decimalLatitude": 53.05, "decimalLongitude": 6.7, "month": 12, "species_sci": "Anas acuta", "species_com": "Northern Pintail / Onagagamo" }, "geometry": { "type": "Point", "coordinates": [ 6.7, 53.05 ] } },
{ "type": "Feature", "properties": { "decimalLatitude": 56.1964, "decimalLongitude": 16.3993, "month": 12, "species_sci": "Anas acuta", "species_com": "Northern Pintail / Onagagamo" }, "geometry": { "type": "Point", "coordinates": [ 16.3993, 56.1964 ] } },
{ "type": "Feature", "properties": { "decimalLatitude": 53.6306, "decimalLongitude": 7.1569, "month": 12, "species_sci": "Anas acuta", "species_com": "Northern Pintail / Onagagamo" }, "geometry": { "type": "Point", "coordinates": [ 7.1569, 53.6306 ] } },
{ "type": "Feature", "properties": { "decimalLatitude": 51.75, "decimalLongitude": 5.65, "month": 12, "species_sci": "Anas acuta", "species_com": "Northern Pintail / Onagagamo" }, "geometry": { "type": "Point", "coordinates": [ 5.65, 51.75 ] } },
{ "type": "Feature", "properties": { "decimalLatitude": 55.8626, "decimalLongitude": 12.0655, "month": 12, "species_sci": "Anas acuta", "species_com": "Northern Pintail / Onagagamo" }, "geometry": { "type": "Point", "coordinates": [ 12.0655, 55.8626 ] } },
{ "type": "Feature", "properties": { "decimalLatitude": 63.3133, "decimalLongitude": 10.1771, "month": 12, "species_sci": "Anas acuta", "species_com": "Northern Pintail / Onagagamo" }, "geometry": { "type": "Point", "coordinates": [ 10.1771, 63.3133 ] } },
{ "type": "Feature", "properties": { "decimalLatitude": 52.25, "decimalLongitude": 5.5, "month": 12, "species_sci": "Anas acuta", "species_com": "Northern Pintail / Onagagamo" }, "geometry": { "type": "Point", "coordinates": [ 5.5, 52.25 ] } },
{ "type": "Feature", "properties": { "decimalLatitude": 52.0906, "decimalLongitude": 11.6692, "month": 12, "species_sci": "Anas acuta", "species_com": "Northern Pintail / Onagagamo" }, "geometry": { "type": "Point", "coordinates": [ 11.6692, 52.0906 ] } },
{ "type": "Feature", "properties": { "decimalLatitude": 51.8, "decimalLongitude": 5.0, "month": 12, "species_sci": "Anas acuta", "species_com": "Northern Pintail / Onagagamo" }, "geometry": { "type": "Point", "coordinates": [ 5.0, 51.8 ] } },
{ "type": "Feature", "properties": { "decimalLatitude": 52.05, "decimalLongitude": 4.4, "month": 12, "species_sci": "Anas acuta", "species_com": "Northern Pintail / Onagagamo" }, "geometry": { "type": "Point", "coordinates": [ 4.4, 52.05 ] } },
{ "type": "Feature", "properties": { "decimalLatitude": 57.1307, "decimalLongitude": 12.238, "month": 12, "species_sci": "Anas acuta", "species_com": "Northern Pintail / Onagagamo" }, "geometry": { "type": "Point", "coordinates": [ 12.238, 57.1307 ] } },
{ "type": "Feature", "properties": { "decimalLatitude": 27.8278, "decimalLongitude": -97.0801, "month": 12, "species_sci": "Anas acuta", "species_com": "Northern Pintail / Onagagamo" }, "geometry": { "type": "Point", "coordinates": [ -97.0801, 27.8278 ] } },
{ "type": "Feature", "properties": { "decimalLatitude": 51.95, "decimalLongitude": 4.75, "month": 12, "species_sci": "Anas acuta", "species_com": "Northern Pintail / Onagagamo" }, "geometry": { "type": "Point", "coordinates": [ 4.75, 51.95 ] } },
{ "type": "Feature", "properties": { "decimalLatitude": 51.95, "decimalLongitude": 4.55, "month": 12, "species_sci": "Anas acuta", "species_com": "Northern Pintail / Onagagamo" }, "geometry": { "type": "Point", "coordinates": [ 4.55, 51.95 ] } },
{ "type": "Feature", "properties": { "decimalLatitude": 52.05, "decimalLongitude": 4.4, "month": 12, "species_sci": "Anas acuta", "species_com": "Northern Pintail / Onagagamo" }, "geometry": { "type": "Point", "coordinates": [ 4.4, 52.05 ] } },
{ "type": "Feature", "properties": { "decimalLatitude": 55.1545, "decimalLongitude": 12.0985, "month": 12, "species_sci": "Anas acuta", "species_com": "Northern Pintail / Onagagamo" }, "geometry": { "type": "Point", "coordinates": [ 12.0985, 55.1545 ] } },
{ "type": "Feature", "properties": { "decimalLatitude": 56.5372, "decimalLongitude": 10.404, "month": 12, "species_sci": "Anas acuta", "species_com": "Northern Pintail / Onagagamo" }, "geometry": { "type": "Point", "coordinates": [ 10.404, 56.5372 ] } },
{ "type": "Feature", "properties": { "decimalLatitude": 55.6473, "decimalLongitude": 13.0547, "month": 12, "species_sci": "Anas acuta", "species_com": "Northern Pintail / Onagagamo" }, "geometry": { "type": "Point", "coordinates": [ 13.0547, 55.6473 ] } },
{ "type": "Feature", "properties": { "decimalLatitude": 52.5, "decimalLongitude": 4.8, "month": 12, "species_sci": "Anas acuta", "species_com": "Northern Pintail / Onagagamo" }, "geometry": { "type": "Point", "coordinates": [ 4.8, 52.5 ] } },
{ "type": "Feature", "properties": { "decimalLatitude": 55.6602, "decimalLongitude": 13.059, "month": 12, "species_sci": "Anas acuta", "species_com": "Northern Pintail / Onagagamo" }, "geometry": { "type": "Point", "coordinates": [ 13.059, 55.6602 ] } },
{ "type": "Feature", "properties": { "decimalLatitude": 55.3397, "decimalLongitude": 13.341, "month": 12, "species_sci": "Anas acuta", "species_com": "Northern Pintail / Onagagamo" }, "geometry": { "type": "Point", "coordinates": [ 13.341, 55.3397 ] } },
{ "type": "Feature", "properties": { "decimalLatitude": 52.15, "decimalLongitude": 6.15, "month": 12, "species_sci": "Anas acuta", "species_com": "Northern Pintail / Onagagamo" }, "geometry": { "type": "Point", "coordinates": [ 6.15, 52.15 ] } },
{ "type": "Feature", "properties": { "decimalLatitude": 52.15, "decimalLongitude": 4.45, "month": 12, "species_sci": "Anas acuta", "species_com": "Northern Pintail / Onagagamo" }, "geometry": { "type": "Point", "coordinates": [ 4.45, 52.15 ] } },
{ "type": "Feature", "properties": { "decimalLatitude": 38.714, "decimalLongitude": -121.5294, "month": 12, "species_sci": "Anas acuta", "species_com": "Northern Pintail / Onagagamo" }, "geometry": { "type": "Point", "coordinates": [ -121.5294, 38.714 ] } },
{ "type": "Feature", "properties": { "decimalLatitude": 33.2539, "decimalLongitude": -119.48, "month": 12, "species_sci": "Anas acuta", "species_com": "Northern Pintail / Onagagamo" }, "geometry": { "type": "Point", "coordinates": [ -119.48, 33.2539 ] } },
{ "type": "Feature", "properties": { "decimalLatitude": 52.35, "decimalLongitude": 4.5, "month": 12, "species_sci": "Anas acuta", "species_com": "Northern Pintail / Onagagamo" }, "geometry": { "type": "Point", "coordinates": [ 4.5, 52.35 ] } },
{ "type": "Feature", "properties": { "decimalLatitude": 55.9942, "decimalLongitude": 14.7226, "month": 12, "species_sci": "Anas acuta", "species_com": "Northern Pintail / Onagagamo" }, "geometry": { "type": "Point", "coordinates": [ 14.7226, 55.9942 ] } },
{ "type": "Feature", "properties": { "decimalLatitude": 55.8545, "decimalLongitude": 8.2386, "month": 12, "species_sci": "Anas acuta", "species_com": "Northern Pintail / Onagagamo" }, "geometry": { "type": "Point", "coordinates": [ 8.2386, 55.8545 ] } },
{ "type": "Feature", "properties": { "decimalLatitude": 39.4221, "decimalLongitude": -122.1772, "month": 12, "species_sci": "Anas acuta", "species_com": "Northern Pintail / Onagagamo" }, "geometry": { "type": "Point", "coordinates": [ -122.1772, 39.4221 ] } },
{ "type": "Feature", "properties": { "decimalLatitude": 57.1307, "decimalLongitude": 12.238, "month": 12, "species_sci": "Anas acuta", "species_com": "Northern Pintail / Onagagamo" }, "geometry": { "type": "Point", "coordinates": [ 12.238, 57.1307 ] } },
{ "type": "Feature", "properties": { "decimalLatitude": 55.7438, "decimalLongitude": 12.9495, "month": 12, "species_sci": "Anas acuta", "species_com": "Northern Pintail / Onagagamo" }, "geometry": { "type": "Point", "coordinates": [ 12.9495, 55.7438 ] } },
{ "type": "Feature", "properties": { "decimalLatitude": 52.0, "decimalLongitude": 4.45, "month": 12, "species_sci": "Anas acuta", "species_com": "Northern Pintail / Onagagamo" }, "geometry": { "type": "Point", "coordinates": [ 4.45, 52.0 ] } },
{ "type": "Feature", "properties": { "decimalLatitude": 51.75, "decimalLongitude": 4.8, "month": 12, "species_sci": "Anas acuta", "species_com": "Northern Pintail / Onagagamo" }, "geometry": { "type": "Point", "coordinates": [ 4.8, 51.75 ] } },
{ "type": "Feature", "properties": { "decimalLatitude": 51.4, "decimalLongitude": 4.2, "month": 12, "species_sci": "Anas acuta", "species_com": "Northern Pintail / Onagagamo" }, "geometry": { "type": "Point", "coordinates": [ 4.2, 51.4 ] } },
{ "type": "Feature", "properties": { "decimalLatitude": 55.1821, "decimalLongitude": 12.1015, "month": 12, "species_sci": "Anas acuta", "species_com": "Northern Pintail / Onagagamo" }, "geometry": { "type": "Point", "coordinates": [ 12.1015, 55.1821 ] } },
{ "type": "Feature", "properties": { "decimalLatitude": 52.9, "decimalLongitude": 4.95, "month": 12, "species_sci": "Anas acuta", "species_com": "Northern Pintail / Onagagamo" }, "geometry": { "type": "Point", "coordinates": [ 4.95, 52.9 ] } },
{ "type": "Feature", "properties": { "decimalLatitude": 56.2159, "decimalLongitude": 10.2245, "month": 12, "species_sci": "Anas acuta", "species_com": "Northern Pintail / Onagagamo" }, "geometry": { "type": "Point", "coordinates": [ 10.2245, 56.2159 ] } },
{ "type": "Feature", "properties": { "decimalLatitude": 57.1234, "decimalLongitude": 12.238, "month": 12, "species_sci": "Anas acuta", "species_com": "Northern Pintail / Onagagamo" }, "geometry": { "type": "Point", "coordinates": [ 12.238, 57.1234 ] } },
{ "type": "Feature", "properties": { "decimalLatitude": 56.2024, "decimalLongitude": 16.3973, "month": 12, "species_sci": "Anas acuta", "species_com": "Northern Pintail / Onagagamo" }, "geometry": { "type": "Point", "coordinates": [ 16.3973, 56.2024 ] } },
{ "type": "Feature", "properties": { "decimalLatitude": 55.7438, "decimalLongitude": 12.9495, "month": 12, "species_sci": "Anas acuta", "species_com": "Northern Pintail / Onagagamo" }, "geometry": { "type": "Point", "coordinates": [ 12.9495, 55.7438 ] } },
{ "type": "Feature", "properties": { "decimalLatitude": 53.35, "decimalLongitude": 6.15, "month": 12, "species_sci": "Anas acuta", "species_com": "Northern Pintail / Onagagamo" }, "geometry": { "type": "Point", "coordinates": [ 6.15, 53.35 ] } },
{ "type": "Feature", "properties": { "decimalLatitude": 39.4222, "decimalLongitude": -122.148, "month": 12, "species_sci": "Anas acuta", "species_com": "Northern Pintail / Onagagamo" }, "geometry": { "type": "Point", "coordinates": [ -122.148, 39.4222 ] } },
{ "type": "Feature", "properties": { "decimalLatitude": 59.4892, "decimalLongitude": 17.6442, "month": 12, "species_sci": "Anas acuta", "species_com": "Northern Pintail / Onagagamo" }, "geometry": { "type": "Point", "coordinates": [ 17.6442, 59.4892 ] } },
{ "type": "Feature", "properties": { "decimalLatitude": 53.0052, "decimalLongitude": 4.751, "month": 12, "species_sci": "Anas acuta", "species_com": "Northern Pintail / Onagagamo" }, "geometry": { "type": "Point", "coordinates": [ 4.751, 53.0052 ] } },
{ "type": "Feature", "properties": { "decimalLatitude": 33.2527, "decimalLongitude": -111.7142, "month": 12, "species_sci": "Anas acuta", "species_com": "Northern Pintail / Onagagamo" }, "geometry": { "type": "Point", "coordinates": [ -111.7142, 33.2527 ] } },
{ "type": "Feature", "properties": { "decimalLatitude": 56.2159, "decimalLongitude": 10.2245, "month": 12, "species_sci": "Anas acuta", "species_com": "Northern Pintail / Onagagamo" }, "geometry": { "type": "Point", "coordinates": [ 10.2245, 56.2159 ] } },
{ "type": "Feature", "properties": { "decimalLatitude": 51.95, "decimalLongitude": 5.15, "month": 12, "species_sci": "Anas acuta", "species_com": "Northern Pintail / Onagagamo" }, "geometry": { "type": "Point", "coordinates": [ 5.15, 51.95 ] } },
{ "type": "Feature", "properties": { "decimalLatitude": 51.75, "decimalLongitude": 4.8, "month": 12, "species_sci": "Anas acuta", "species_com": "Northern Pintail / Onagagamo" }, "geometry": { "type": "Point", "coordinates": [ 4.8, 51.75 ] } },
{ "type": "Feature", "properties": { "decimalLatitude": 51.7, "decimalLongitude": 5.2, "month": 12, "species_sci": "Anas acuta", "species_com": "Northern Pintail / Onagagamo" }, "geometry": { "type": "Point", "coordinates": [ 5.2, 51.7 ] } },
{ "type": "Feature", "properties": { "decimalLatitude": 58.1078, "decimalLongitude": 6.5734, "month": 12, "species_sci": "Anas acuta", "species_com": "Northern Pintail / Onagagamo" }, "geometry": { "type": "Point", "coordinates": [ 6.5734, 58.1078 ] } },
{ "type": "Feature", "properties": { "decimalLatitude": 53.3, "decimalLongitude": 6.15, "month": 12, "species_sci": "Anas acuta", "species_com": "Northern Pintail / Onagagamo" }, "geometry": { "type": "Point", "coordinates": [ 6.15, 53.3 ] } },
{ "type": "Feature", "properties": { "decimalLatitude": 34.2094, "decimalLongitude": -114.2245, "month": 12, "species_sci": "Anas acuta", "species_com": "Northern Pintail / Onagagamo" }, "geometry": { "type": "Point", "coordinates": [ -114.2245, 34.2094 ] } },
{ "type": "Feature", "properties": { "decimalLatitude": 43.7343, "decimalLongitude": 145.521, "month": 12, "species_sci": "Anas acuta", "species_com": "Northern Pintail / Onagagamo" }, "geometry": { "type": "Point", "coordinates": [ 145.521, 43.7343 ] } },
{ "type": "Feature", "properties": { "decimalLatitude": 50.3339, "decimalLongitude": 30.6502, "month": 12, "species_sci": "Anas acuta", "species_com": "Northern Pintail / Onagagamo" }, "geometry": { "type": "Point", "coordinates": [ 30.6502, 50.3339 ] } },
{ "type": "Feature", "properties": { "decimalLatitude": 57.1307, "decimalLongitude": 12.238, "month": 12, "species_sci": "Anas acuta", "species_com": "Northern Pintail / Onagagamo" }, "geometry": { "type": "Point", "coordinates": [ 12.238, 57.1307 ] } },
{ "type": "Feature", "properties": { "decimalLatitude": 59.3462, "decimalLongitude": 10.7419, "month": 12, "species_sci": "Anas acuta", "species_com": "Northern Pintail / Onagagamo" }, "geometry": { "type": "Point", "coordinates": [ 10.7419, 59.3462 ] } },
{ "type": "Feature", "properties": { "decimalLatitude": 57.7073, "decimalLongitude": 11.7931, "month": 12, "species_sci": "Anas acuta", "species_com": "Northern Pintail / Onagagamo" }, "geometry": { "type": "Point", "coordinates": [ 11.7931, 57.7073 ] } },
{ "type": "Feature", "properties": { "decimalLatitude": 56.587, "decimalLongitude": 16.4136, "month": 12, "species_sci": "Anas acuta", "species_com": "Northern Pintail / Onagagamo" }, "geometry": { "type": "Point", "coordinates": [ 16.4136, 56.587 ] } },
{ "type": "Feature", "properties": { "decimalLatitude": 53.45, "decimalLongitude": 6.65, "month": 12, "species_sci": "Anas acuta", "species_com": "Northern Pintail / Onagagamo" }, "geometry": { "type": "Point", "coordinates": [ 6.65, 53.45 ] } },
{ "type": "Feature", "properties": { "decimalLatitude": 56.5261, "decimalLongitude": 16.2142, "month": 12, "species_sci": "Anas acuta", "species_com": "Northern Pintail / Onagagamo" }, "geometry": { "type": "Point", "coordinates": [ 16.2142, 56.5261 ] } },
{ "type": "Feature", "properties": { "decimalLatitude": 52.15, "decimalLongitude": 4.45, "month": 12, "species_sci": "Anas acuta", "species_com": "Northern Pintail / Onagagamo" }, "geometry": { "type": "Point", "coordinates": [ 4.45, 52.15 ] } },
{ "type": "Feature", "properties": { "decimalLatitude": 57.1216, "decimalLongitude": 12.2166, "month": 12, "species_sci": "Anas acuta", "species_com": "Northern Pintail / Onagagamo" }, "geometry": { "type": "Point", "coordinates": [ 12.2166, 57.1216 ] } },
{ "type": "Feature", "properties": { "decimalLatitude": 59.3329, "decimalLongitude": 10.7174, "month": 12, "species_sci": "Anas acuta", "species_com": "Northern Pintail / Onagagamo" }, "geometry": { "type": "Point", "coordinates": [ 10.7174, 59.3329 ] } },
{ "type": "Feature", "properties": { "decimalLatitude": 55.5611, "decimalLongitude": 12.5598, "month": 12, "species_sci": "Anas acuta", "species_com": "Northern Pintail / Onagagamo" }, "geometry": { "type": "Point", "coordinates": [ 12.5598, 55.5611 ] } },
{ "type": "Feature", "properties": { "decimalLatitude": 59.913, "decimalLongitude": 10.654, "month": 12, "species_sci": "Anas acuta", "species_com": "Northern Pintail / Onagagamo" }, "geometry": { "type": "Point", "coordinates": [ 10.654, 59.913 ] } },
{ "type": "Feature", "properties": { "decimalLatitude": 53.1, "decimalLongitude": 4.8, "month": 12, "species_sci": "Anas acuta", "species_com": "Northern Pintail / Onagagamo" }, "geometry": { "type": "Point", "coordinates": [ 4.8, 53.1 ] } },
{ "type": "Feature", "properties": { "decimalLatitude": 51.75, "decimalLongitude": 4.8, "month": 12, "species_sci": "Anas acuta", "species_com": "Northern Pintail / Onagagamo" }, "geometry": { "type": "Point", "coordinates": [ 4.8, 51.75 ] } },
{ "type": "Feature", "properties": { "decimalLatitude": 51.75, "decimalLongitude": 4.8, "month": 12, "species_sci": "Anas acuta", "species_com": "Northern Pintail / Onagagamo" }, "geometry": { "type": "Point", "coordinates": [ 4.8, 51.75 ] } },
{ "type": "Feature", "properties": { "decimalLatitude": 53.05, "decimalLongitude": 4.85, "month": 12, "species_sci": "Anas acuta", "species_com": "Northern Pintail / Onagagamo" }, "geometry": { "type": "Point", "coordinates": [ 4.85, 53.05 ] } },
{ "type": "Feature", "properties": { "decimalLatitude": 56.1978, "decimalLongitude": 16.3994, "month": 12, "species_sci": "Anas acuta", "species_com": "Northern Pintail / Onagagamo" }, "geometry": { "type": "Point", "coordinates": [ 16.3994, 56.1978 ] } },
{ "type": "Feature", "properties": { "decimalLatitude": 40.7169, "decimalLongitude": -111.9213, "month": 12, "species_sci": "Anas acuta", "species_com": "Northern Pintail / Onagagamo" }, "geometry": { "type": "Point", "coordinates": [ -111.9213, 40.7169 ] } },
{ "type": "Feature", "properties": { "decimalLatitude": 51.35, "decimalLongitude": 3.6, "month": 12, "species_sci": "Anas acuta", "species_com": "Northern Pintail / Onagagamo" }, "geometry": { "type": "Point", "coordinates": [ 3.6, 51.35 ] } },
{ "type": "Feature", "properties": { "decimalLatitude": 57.1216, "decimalLongitude": 12.2166, "month": 12, "species_sci": "Anas acuta", "species_com": "Northern Pintail / Onagagamo" }, "geometry": { "type": "Point", "coordinates": [ 12.2166, 57.1216 ] } },
{ "type": "Feature", "properties": { "decimalLatitude": 53.3, "decimalLongitude": 6.15, "month": 12, "species_sci": "Anas acuta", "species_com": "Northern Pintail / Onagagamo" }, "geometry": { "type": "Point", "coordinates": [ 6.15, 53.3 ] } },
{ "type": "Feature", "properties": { "decimalLatitude": 56.8599, "decimalLongitude": 14.7647, "month": 12, "species_sci": "Anas acuta", "species_com": "Northern Pintail / Onagagamo" }, "geometry": { "type": "Point", "coordinates": [ 14.7647, 56.8599 ] } },
{ "type": "Feature", "properties": { "decimalLatitude": 56.2159, "decimalLongitude": 10.2245, "month": 12, "species_sci": "Anas acuta", "species_com": "Northern Pintail / Onagagamo" }, "geometry": { "type": "Point", "coordinates": [ 10.2245, 56.2159 ] } },
{ "type": "Feature", "properties": { "decimalLatitude": 51.4876, "decimalLongitude": 0.2256, "month": 12, "species_sci": "Anas acuta", "species_com": "Northern Pintail / Onagagamo" }, "geometry": { "type": "Point", "coordinates": [ 0.2256, 51.4876 ] } },
{ "type": "Feature", "properties": { "decimalLatitude": 52.45, "decimalLongitude": 5.3, "month": 12, "species_sci": "Anas acuta", "species_com": "Northern Pintail / Onagagamo" }, "geometry": { "type": "Point", "coordinates": [ 5.3, 52.45 ] } },
{ "type": "Feature", "properties": { "decimalLatitude": 39.4221, "decimalLongitude": -122.1716, "month": 12, "species_sci": "Anas acuta", "species_com": "Northern Pintail / Onagagamo" }, "geometry": { "type": "Point", "coordinates": [ -122.1716, 39.4221 ] } },
{ "type": "Feature", "properties": { "decimalLatitude": 57.9078, "decimalLongitude": 16.5478, "month": 12, "species_sci": "Anas acuta", "species_com": "Northern Pintail / Onagagamo" }, "geometry": { "type": "Point", "coordinates": [ 16.5478, 57.9078 ] } },
{ "type": "Feature", "properties": { "decimalLatitude": 53.35, "decimalLongitude": 6.25, "month": 12, "species_sci": "Anas acuta", "species_com": "Northern Pintail / Onagagamo" }, "geometry": { "type": "Point", "coordinates": [ 6.25, 53.35 ] } },
{ "type": "Feature", "properties": { "decimalLatitude": 54.8775, "decimalLongitude": 11.0275, "month": 12, "species_sci": "Anas acuta", "species_com": "Northern Pintail / Onagagamo" }, "geometry": { "type": "Point", "coordinates": [ 11.0275, 54.8775 ] } },
{ "type": "Feature", "properties": { "decimalLatitude": 59.9171, "decimalLongitude": 10.6683, "month": 12, "species_sci": "Anas acuta", "species_com": "Northern Pintail / Onagagamo" }, "geometry": { "type": "Point", "coordinates": [ 10.6683, 59.9171 ] } },
{ "type": "Feature", "properties": { "decimalLatitude": 51.6, "decimalLongitude": 4.15, "month": 12, "species_sci": "Anas acuta", "species_com": "Northern Pintail / Onagagamo" }, "geometry": { "type": "Point", "coordinates": [ 4.15, 51.6 ] } },
{ "type": "Feature", "properties": { "decimalLatitude": 51.8, "decimalLongitude": 5.45, "month": 12, "species_sci": "Anas acuta", "species_com": "Northern Pintail / Onagagamo" }, "geometry": { "type": "Point", "coordinates": [ 5.45, 51.8 ] } },
{ "type": "Feature", "properties": { "decimalLatitude": 53.1, "decimalLongitude": 6.7, "month": 12, "species_sci": "Anas acuta", "species_com": "Northern Pintail / Onagagamo" }, "geometry": { "type": "Point", "coordinates": [ 6.7, 53.1 ] } },
{ "type": "Feature", "properties": { "decimalLatitude": 59.3329, "decimalLongitude": 10.7174, "month": 12, "species_sci": "Anas acuta", "species_com": "Northern Pintail / Onagagamo" }, "geometry": { "type": "Point", "coordinates": [ 10.7174, 59.3329 ] } },
{ "type": "Feature", "properties": { "decimalLatitude": 45.6524, "decimalLongitude": 5.8669, "month": 12, "species_sci": "Anas acuta", "species_com": "Northern Pintail / Onagagamo" }, "geometry": { "type": "Point", "coordinates": [ 5.8669, 45.6524 ] } },
{ "type": "Feature", "properties": { "decimalLatitude": 52.65, "decimalLongitude": 4.7, "month": 12, "species_sci": "Anas acuta", "species_com": "Northern Pintail / Onagagamo" }, "geometry": { "type": "Point", "coordinates": [ 4.7, 52.65 ] } },
{ "type": "Feature", "properties": { "decimalLatitude": 33.0066, "decimalLongitude": -117.276, "month": 12, "species_sci": "Anas acuta", "species_com": "Northern Pintail / Onagagamo" }, "geometry": { "type": "Point", "coordinates": [ -117.276, 33.0066 ] } },
{ "type": "Feature", "properties": { "decimalLatitude": 52.15, "decimalLongitude": 4.45, "month": 12, "species_sci": "Anas acuta", "species_com": "Northern Pintail / Onagagamo" }, "geometry": { "type": "Point", "coordinates": [ 4.45, 52.15 ] } },
{ "type": "Feature", "properties": { "decimalLatitude": 59.3391, "decimalLongitude": 10.7293, "month": 12, "species_sci": "Anas acuta", "species_com": "Northern Pintail / Onagagamo" }, "geometry": { "type": "Point", "coordinates": [ 10.7293, 59.3391 ] } },
{ "type": "Feature", "properties": { "decimalLatitude": 55.6393, "decimalLongitude": 13.0497, "month": 12, "species_sci": "Anas acuta", "species_com": "Northern Pintail / Onagagamo" }, "geometry": { "type": "Point", "coordinates": [ 13.0497, 55.6393 ] } },
{ "type": "Feature", "properties": { "decimalLatitude": 51.8, "decimalLongitude": 5.45, "month": 12, "species_sci": "Anas acuta", "species_com": "Northern Pintail / Onagagamo" }, "geometry": { "type": "Point", "coordinates": [ 5.45, 51.8 ] } },
{ "type": "Feature", "properties": { "decimalLatitude": 59.8866, "decimalLongitude": 10.8298, "month": 12, "species_sci": "Anas acuta", "species_com": "Northern Pintail / Onagagamo" }, "geometry": { "type": "Point", "coordinates": [ 10.8298, 59.8866 ] } }
]
}
