{
"type": "FeatureCollection",
"name": "Cacatua_galerita_points",
"crs": { "type": "name", "properties": { "name": "urn:ogc:def:crs:OGC:1.3:CRS84" } },
"features": [
{ "type": "Feature", "properties": { "decimalLatitude": -33.6173, "decimalLongitude": 149.8313, "month": 1, "species_sci": "Cacatua galerita", "species_com": "Sulphur-crested Cockatoo" }, "geometry": { "type": "Point", "coordinates": [ 149.8313, -33.6173 ] } },
{ "type": "Feature", "properties": { "decimalLatitude": -32.9598, "decimalLongitude": 151.691, "month": 1, "species_sci": "Cacatua galerita", "species_com": "Sulphur-crested Cockatoo" }, "geometry": { "type": "Point", "coordinates": [ 151.691, -32.9598 ] } },
{ "type": "Feature", "properties": { "decimalLatitude": -33.7406, "decimalLongitude": 151.1339, "month": 1, "species_sci": "Cacatua galerita", "species_com": "Sulphur-crested Cockatoo" }, "geometry": { "type": "Point", "coordinates": [ 151.1339, -33.7406 ] } },
{ "type": "Feature", "properties": { "decimalLatitude": -37.3899, "decimalLongitude": 144.3276, "month": 1, "species_sci": "Cacatua galerita", "species_com": "Sulphur-crested Cockatoo" }, "geometry": { "type": "Point", "coordinates": [ 144.3276, -37.3899 ] } },
{ "type": "Feature", "properties": { "decimalLatitude": -37.8997, "decimalLongitude": 145.3208, "month": 1, "species_sci": "Cacatua galerita", "species_com": "Sulphur-crested Cockatoo" }, "geometry": { "type": "Point", "coordinates": [ 145.3208, -37.8997 ] } },
{ "type": "Feature", "properties": { "decimalLatitude": -37.9297, "decimalLongitude": 145.3986, "month": 1, "species_sci": "Cacatua galerita", "species_com": "Sulphur-crested Cockatoo" }, "geometry": { "type": "Point", "coordinates": [ 145.3986, -37.9297 ] } },
{ "type": "Feature", "properties": { "decimalLatitude": -37.8709, "decimalLongitude": 145.3215, "month": 1, "species_sci": "Cacatua galerita", "species_com": "Sulphur-crested Cockatoo" }, "geometry": { "type": "Point", "coordinates": [ 145.3215, -37.8709 ] } },
{ "type": "Feature", "properties": { "decimalLatitude": -33.9131, "decimalLongitude": 149.8873, "month": 1, "species_sci": "Cacatua galerita", "species_com": "Sulphur-crested Cockatoo" }, "geometry": { "type": "Point", "coordinates": [ 149.8873, -33.9131 ] } },
{ "type": "Feature", "properties": { "decimalLatitude": -33.6173, "decimalLongitude": 149.8313, "month": 1, "species_sci": "Cacatua galerita", "species_com": "Sulphur-crested Cockatoo" }, "geometry": { "type": "Point", "coordinates": [ 149.8313, -33.6173 ] } },
{ "type": "Feature", "properties": { "decimalLatitude": -33.9131, "decimalLongitude": 149.8873, "month": 1, "species_sci": "Cacatua galerita", "species_com": "Sulphur-crested Cockatoo" }, "geometry": { "type": "Point", "coordinates": [ 149.8873, -33.9131 ] } },
{ "type": "Feature", "properties": { "decimalLatitude": -38.3474, "decimalLongitude": 144.2972, "month": 1, "species_sci": "Cacatua galerita", "species_com": "Sulphur-crested Cockatoo" }, "geometry": { "type": "Point", "coordinates": [ 144.2972, -38.3474 ] } },
{ "type": "Feature", "properties": { "decimalLatitude": -14.3114, "decimalLongitude": 132.426, "month": 1, "species_sci": "Cacatua galerita", "species_com": "Sulphur-crested Cockatoo" }, "geometry": { "type": "Point", "coordinates": [ 132.426, -14.3114 ] } },
{ "type": "Feature", "properties": { "decimalLatitude": -33.4335, "decimalLongitude": 149.3837, "month": 1, "species_sci": "Cacatua galerita", "species_com": "Sulphur-crested Cockatoo" }, "geometry": { "type": "Point", "coordinates": [ 149.3837, -33.4335 ] } },
{ "type": "Feature", "properties": { "decimalLatitude": -33.714, "decimalLongitude": 149.7235, "month": 1, "species_sci": "Cacatua galerita", "species_com": "Sulphur-crested Cockatoo" }, "geometry": { "type": "Point", "coordinates": [ 149.7235, -33.714 ] } },
{ "type": "Feature", "properties": { "decimalLatitude": -35.2733, "decimalLongitude": 149.0802, "month": 1, "species_sci": "Cacatua galerita", "species_com": "Sulphur-crested Cockatoo" }, "geometry": { "type": "Point", "coordinates": [ 149.0802, -35.2733 ] } },
{ "type": "Feature", "properties": { "decimalLatitude": -37.8957, "decimalLongitude": 144.4384, "month": 1, "species_sci": "Cacatua galerita", "species_com": "Sulphur-crested Cockatoo" }, "geometry": { "type": "Point", "coordinates": [ 144.4384, -37.8957 ] } },
{ "type": "Feature", "properties": { "decimalLatitude": -27.4818, "decimalLongitude": 152.9433, "month": 1, "species_sci": "Cacatua galerita", "species_com": "Sulphur-crested Cockatoo" }, "geometry": { "type": "Point", "coordinates": [ 152.9433, -27.4818 ] } },
{ "type": "Feature", "properties": { "decimalLatitude": -33.7242, "decimalLongitude": 149.699, "month": 1, "species_sci": "Cacatua galerita", "species_com": "Sulphur-crested Cockatoo" }, "geometry": { "type": "Point", "coordinates": [ 149.699, -33.7242 ] } },
{ "type": "Feature", "properties": { "decimalLatitude": -33.7242, "decimalLongitude": 149.699, "month": 1, "species_sci": "Cacatua galerita", "species_com": "Sulphur-crested Cockatoo" }, "geometry": { "type": "Point", "coordinates": [ 149.699, -33.7242 ] } },
{ "type": "Feature", "properties": { "decimalLatitude": -33.9131, "decimalLongitude": 149.8873, "month": 1, "species_sci": "Cacatua galerita", "species_com": "Sulphur-crested Cockatoo" }, "geometry": { "type": "Point", "coordinates": [ 149.8873, -33.9131 ] } },
{ "type": "Feature", "properties": { "decimalLatitude": -27.5303, "decimalLongitude": 153.0695, "month": 1, "species_sci": "Cacatua galerita", "species_com": "Sulphur-crested Cockatoo" }, "geometry": { "type": "Point", "coordinates": [ 153.0695, -27.5303 ] } },
{ "type": "Feature", "properties": { "decimalLatitude": -27.2194, "decimalLongitude": 152.9689, "month": 1, "species_sci": "Cacatua galerita", "species_com": "Sulphur-crested Cockatoo" }, "geometry": { "type": "Point", "coordinates": [ 152.9689, -27.2194 ] } },
{ "type": "Feature", "properties": { "decimalLatitude": -35.3877, "decimalLongitude": 149.03, "month": 1, "species_sci": "Cacatua galerita", "species_com": "Sulphur-crested Cockatoo" }, "geometry": { "type": "Point", "coordinates": [ 149.03, -35.3877 ] } },
{ "type": "Feature", "properties": { "decimalLatitude": -33.8395, "decimalLongitude": 151.2378, "month": 1, "species_sci": "Cacatua galerita", "species_com": "Sulphur-crested Cockatoo" }, "geometry": { "type": "Point", "coordinates": [ 151.2378, -33.8395 ] } },
{ "type": "Feature", "properties": { "decimalLatitude": -33.6031, "decimalLongitude": 151.0456, "month": 1, "species_sci": "Cacatua galerita", "species_com": "Sulphur-crested Cockatoo" }, "geometry": { "type": "Point", "coordinates": [ 151.0456, -33.6031 ] } },
{ "type": "Feature", "properties": { "decimalLatitude": -33.7092, "decimalLongitude": 150.3758, "month": 1, "species_sci": "Cacatua galerita", "species_com": "Sulphur-crested Cockatoo" }, "geometry": { "type": "Point", "coordinates": [ 150.3758, -33.7092 ] } },
{ "type": "Feature", "properties": { "decimalLatitude": -37.9207, "decimalLongitude": 147.7233, "month": 1, "species_sci": "Cacatua galerita", "species_com": "Sulphur-crested Cockatoo" }, "geometry": { "type": "Point", "coordinates": [ 147.7233, -37.9207 ] } },
{ "type": "Feature", "properties": { "decimalLatitude": -33.7559, "decimalLongitude": 151.1549, "month": 1, "species_sci": "Cacatua galerita", "species_com": "Sulphur-crested Cockatoo" }, "geometry": { "type": "Point", "coordinates": [ 151.1549, -33.7559 ] } },
{ "type": "Feature", "properties": { "decimalLatitude": -35.2038, "decimalLongitude": 148.379, "month": 1, "species_sci": "Cacatua galerita", "species_com": "Sulphur-crested Cockatoo" }, "geometry": { "type": "Point", "coordinates": [ 148.379, -35.2038 ] } },
{ "type": "Feature", "properties": { "decimalLatitude": -28.4145, "decimalLongitude": 153.0225, "month": 1, "species_sci": "Cacatua galerita", "species_com": "Sulphur-crested Cockatoo" }, "geometry": { "type": "Point", "coordinates": [ 153.0225, -28.4145 ] } },
{ "type": "Feature", "properties": { "decimalLatitude": -37.3889, "decimalLongitude": 144.2672, "month": 1, "species_sci": "Cacatua galerita", "species_com": "Sulphur-crested Cockatoo" }, "geometry": { "type": "Point", "coordinates": [ 144.2672, -37.3889 ] } },
{ "type": "Feature", "properties": { "decimalLatitude": -35.0428, "decimalLongitude": 147.1325, "month": 1, "species_sci": "Cacatua galerita", "species_com": "Sulphur-crested Cockatoo" }, "geometry": { "type": "Point", "coordinates": [ 147.1325, -35.0428 ] } },
{ "type": "Feature", "properties": { "decimalLatitude": -33.122, "decimalLongitude": 151.6149, "month": 1, "species_sci": "Cacatua galerita", "species_com": "Sulphur-crested Cockatoo" }, "geometry": { "type": "Point", "coordinates": [ 151.6149, -33.122 ] } },
{ "type": "Feature", "properties": { "decimalLatitude": -34.9722, "decimalLongitude": 138.6871, "month": 1, "species_sci": "Cacatua galerita", "species_com": "Sulphur-crested Cockatoo" }, "geometry": { "type": "Point", "coordinates": [ 138.6871, -34.9722 ] } },
{ "type": "Feature", "properties": { "decimalLatitude": -34.4101, "decimalLongitude": 150.8753, "month": 1, "species_sci": "Cacatua galerita", "species_com": "Sulphur-crested Cockatoo" }, "geometry": { "type": "Point", "coordinates": [ 150.8753, -34.4101 ] } },
{ "type": "Feature", "properties": { "decimalLatitude": -37.8881, "decimalLongitude": 145.3701, "month": 1, "species_sci": "Cacatua galerita", "species_com": "Sulphur-crested Cockatoo" }, "geometry": { "type": "Point", "coordinates": [ 145.3701, -37.8881 ] } },
{ "type": "Feature", "properties": { "decimalLatitude": -33.8159, "decimalLongitude": 151.0477, "month": 1, "species_sci": "Cacatua galerita", "species_com": "Sulphur-crested Cockatoo" }, "geometry": { "type": "Point", "coordinates": [ 151.0477, -33.8159 ] } },
{ "type": "Feature", "properties": { "decimalLatitude": -34.925, "decimalLongitude": 138.6163, "month": 1, "species_sci": "Cacatua galerita", "species_com": "Sulphur-crested Cockatoo" }, "geometry": { "type": "Point", "coordinates": [ 138.6163, -34.925 ] } },
{ "type": "Feature", "properties": { "decimalLatitude": -33.7242, "decimalLongitude": 149.699, "month": 1, "species_sci": "Cacatua galerita", "species_com": "Sulphur-crested Cockatoo" }, "geometry": { "type": "Point", "coordinates": [ 149.699, -33.7242 ] } },
{ "type": "Feature", "properties": { "decimalLatitude": -35.0079, "decimalLongitude": 138.6379, "month": 1, "species_sci": "Cacatua galerita", "species_com": "Sulphur-crested Cockatoo" }, "geometry": { "type": "Point", "coordinates": [ 138.6379, -35.0079 ] } },
{ "type": "Feature", "properties": { "decimalLatitude": -33.6173, "decimalLongitude": 149.8313, "month": 1, "species_sci": "Cacatua galerita", "species_com": "Sulphur-crested Cockatoo" }, "geometry": { "type": "Point", "coordinates": [ 149.8313, -33.6173 ] } },
{ "type": "Feature", "properties": { "decimalLatitude": -36.5005, "decimalLongitude": 145.9757, "month": 1, "species_sci": "Cacatua galerita", "species_com": "Sulphur-crested Cockatoo" }, "geometry": { "type": "Point", "coordinates": [ 145.9757, -36.5005 ] } },
{ "type": "Feature", "properties": { "decimalLatitude": -33.7242, "decimalLongitude": 149.699, "month": 1, "species_sci": "Cacatua galerita", "species_com": "Sulphur-crested Cockatoo" }, "geometry": { "type": "Point", "coordinates": [ 149.699, -33.7242 ] } },
{ "type": "Feature", "properties": { "decimalLatitude": -38.3503, "decimalLongitude": 144.2938, "month": 1, "species_sci": "Cacatua galerita", "species_com": "Sulphur-crested Cockatoo" }, "geometry": { "type": "Point", "coordinates": [ 144.2938, -38.3503 ] } },
{ "type": "Feature", "properties": { "decimalLatitude": -35.1556, "decimalLongitude": 148.3948, "month": 1, "species_sci": "Cacatua galerita", "species_com": "Sulphur-crested Cockatoo" }, "geometry": { "type": "Point", "coordinates": [ 148.3948, -35.1556 ] } },
{ "type": "Feature", "properties": { "decimalLatitude": -34.4672, "decimalLongitude": 150.7666, "month": 1, "species_sci": "Cacatua galerita", "species_com": "Sulphur-crested Cockatoo" }, "geometry": { "type": "Point", "coordinates": [ 150.7666, -34.4672 ] } },
{ "type": "Feature", "properties": { "decimalLatitude": -28.5988, "decimalLongitude": 153.378, "month": 1, "species_sci": "Cacatua galerita", "species_com": "Sulphur-crested Cockatoo" }, "geometry": { "type": "Point", "coordinates": [ 153.378, -28.5988 ] } },
{ "type": "Feature", "properties": { "decimalLatitude": -16.6731, "decimalLongitude": 145.3284, "month": 1, "species_sci": "Cacatua galerita", "species_com": "Sulphur-crested Cockatoo" }, "geometry": { "type": "Point", "coordinates": [ 145.3284, -16.6731 ] } },
{ "type": "Feature", "properties": { "decimalLatitude": -33.7242, "decimalLongitude": 149.699, "month": 1, "species_sci": "Cacatua galerita", "species_com": "Sulphur-crested Cockatoo" }, "geometry": { "type": "Point", "coordinates": [ 149.699, -33.7242 ] } },
{ "type": "Feature", "properties": { "decimalLatitude": -38.0983, "decimalLongitude": 147.0613, "month": 1, "species_sci": "Cacatua galerita", "species_com": "Sulphur-crested Cockatoo" }, "geometry": { "type": "Point", "coordinates": [ 147.0613, -38.0983 ] } },
{ "type": "Feature", "properties": { "decimalLatitude": -33.7242, "decimalLongitude": 149.699, "month": 1, "species_sci": "Cacatua galerita", "species_com": "Sulphur-crested Cockatoo" }, "geometry": { "type": "Point", "coordinates": [ 149.699, -33.7242 ] } },
{ "type": "Feature", "properties": { "decimalLatitude": -38.0698, "decimalLongitude": 141.4171, "month": 1, "species_sci": "Cacatua galerita", "species_com": "Sulphur-crested Cockatoo" }, "geometry": { "type": "Point", "coordinates": [ 141.4171, -38.0698 ] } },
{ "type": "Feature", "properties": { "decimalLatitude": -34.3347, "decimalLongitude": 150.9133, "month": 1, "species_sci": "Cacatua galerita", "species_com": "Sulphur-crested Cockatoo" }, "geometry": { "type": "Point", "coordinates": [ 150.9133, -34.3347 ] } },
{ "type": "Feature", "properties": { "decimalLatitude": -33.7406, "decimalLongitude": 151.134, "month": 1, "species_sci": "Cacatua galerita", "species_com": "Sulphur-crested Cockatoo" }, "geometry": { "type": "Point", "coordinates": [ 151.134, -33.7406 ] } },
{ "type": "Feature", "properties": { "decimalLatitude": -33.9535, "decimalLongitude": 151.1487, "month": 1, "species_sci": "Cacatua galerita", "species_com": "Sulphur-crested Cockatoo" }, "geometry": { "type": "Point", "coordinates": [ 151.1487, -33.9535 ] } },
{ "type": "Feature", "properties": { "decimalLatitude": -37.8192, "decimalLongitude": 144.9684, "month": 1, "species_sci": "Cacatua galerita", "species_com": "Sulphur-crested Cockatoo" }, "geometry": { "type": "Point", "coordinates": [ 144.9684, -37.8192 ] } },
{ "type": "Feature", "properties": { "decimalLatitude": -35.4657, "decimalLongitude": 148.906, "month": 1, "species_sci": "Cacatua galerita", "species_com": "Sulphur-crested Cockatoo" }, "geometry": { "type": "Point", "coordinates": [ 148.906, -35.4657 ] } },
{ "type": "Feature", "properties": { "decimalLatitude": -33.7242, "decimalLongitude": 149.699, "month": 1, "species_sci": "Cacatua galerita", "species_com": "Sulphur-crested Cockatoo" }, "geometry": { "type": "Point", "coordinates": [ 149.699, -33.7242 ] } },
{ "type": "Feature", "properties": { "decimalLatitude": -33.5329, "decimalLongitude": 151.3073, "month": 1, "species_sci": "Cacatua galerita", "species_com": "Sulphur-crested Cockatoo" }, "geometry": { "type": "Point", "coordinates": [ 151.3073, -33.5329 ] } },
{ "type": "Feature", "properties": { "decimalLatitude": -27.54, "decimalLongitude": 152.8, "month": 1, "species_sci": "Cacatua galerita", "species_com": "Sulphur-crested Cockatoo" }, "geometry": { "type": "Point", "coordinates": [ 152.8, -27.54 ] } },
{ "type": "Feature", "properties": { "decimalLatitude": 7.3384, "decimalLongitude": 134.4624, "month": 1, "species_sci": "Cacatua galerita", "species_com": "Sulphur-crested Cockatoo" }, "geometry": { "type": "Point", "coordinates": [ 134.4624, 7.3384 ] } },
{ "type": "Feature", "properties": { "decimalLatitude": -33.7242, "decimalLongitude": 149.699, "month": 1, "species_sci": "Cacatua galerita", "species_com": "Sulphur-crested Cockatoo" }, "geometry": { "type": "Point", "coordinates": [ 149.699, -33.7242 ] } },
{ "type": "Feature", "properties": { "decimalLatitude": -37.6434, "decimalLongitude": 142.3054, "month": 1, "species_sci": "Cacatua galerita", "species_com": "Sulphur-crested Cockatoo" }, "geometry": { "type": "Point", "coordinates": [ 142.3054, -37.6434 ] } },
{ "type": "Feature", "properties": { "decimalLatitude": -33.7242, "decimalLongitude": 149.699, "month": 1, "species_sci": "Cacatua galerita", "species_com": "Sulphur-crested Cockatoo" }, "geometry": { "type": "Point", "coordinates": [ 149.699, -33.7242 ] } },
{ "type": "Feature", "properties": { "decimalLatitude": -27.451, "decimalLongitude": 152.9548, "month": 1, "species_sci": "Cacatua galerita", "species_com": "Sulphur-crested Cockatoo" }, "geometry": { "type": "Point", "coordinates": [ 152.9548, -27.451 ] } },
{ "type": "Feature", "properties": { "decimalLatitude": -41.4728, "decimalLongitude": 146.2245, "month": 1, "species_sci": "Cacatua galerita", "species_com": "Sulphur-crested Cockatoo" }, "geometry": { "type": "Point", "coordinates": [ 146.2245, -41.4728 ] } },
{ "type": "Feature", "properties": { "decimalLatitude": -35.2128, "decimalLongitude": 148.5591, "month": 1, "species_sci": "Cacatua galerita", "species_com": "Sulphur-crested Cockatoo" }, "geometry": { "type": "Point", "coordinates": [ 148.5591, -35.2128 ] } },
{ "type": "Feature", "properties": { "decimalLatitude": -34.1618, "decimalLongitude": 140.176, "month": 1, "species_sci": "Cacatua galerita", "species_com": "Sulphur-crested Cockatoo" }, "geometry": { "type": "Point", "coordinates": [ 140.176, -34.1618 ] } },
{ "type": "Feature", "properties": { "decimalLatitude": -33.753, "decimalLongitude": 151.2966, "month": 1, "species_sci": "Cacatua galerita", "species_com": "Sulphur-crested Cockatoo" }, "geometry": { "type": "Point", "coordinates": [ 151.2966, -33.753 ] } },
{ "type": "Feature", "properties": { "decimalLatitude": -33.7242, "decimalLongitude": 149.699, "month": 1, "species_sci": "Cacatua galerita", "species_com": "Sulphur-crested Cockatoo" }, "geometry": { "type": "Point", "coordinates": [ 149.699, -33.7242 ] } },
{ "type": "Feature", "properties": { "decimalLatitude": -35.1777, "decimalLongitude": 148.4936, "month": 1, "species_sci": "Cacatua galerita", "species_com": "Sulphur-crested Cockatoo" }, "geometry": { "type": "Point", "coordinates": [ 148.4936, -35.1777 ] } },
{ "type": "Feature", "properties": { "decimalLatitude": -33.7404, "decimalLongitude": 151.1342, "month": 1, "species_sci": "Cacatua galerita", "species_com": "Sulphur-crested Cockatoo" }, "geometry": { "type": "Point", "coordinates": [ 151.1342, -33.7404 ] } },
{ "type": "Feature", "properties": { "decimalLatitude": -33.7829, "decimalLongitude": 151.1859, "month": 1, "species_sci": "Cacatua galerita", "species_com": "Sulphur-crested Cockatoo" }, "geometry": { "type": "Point", "coordinates": [ 151.1859, -33.7829 ] } },
{ "type": "Feature", "properties": { "decimalLatitude": -33.4375, "decimalLongitude": 151.3986, "month": 1, "species_sci": "Cacatua galerita", "species_com": "Sulphur-crested Cockatoo" }, "geometry": { "type": "Point", "coordinates": [ 151.3986, -33.4375 ] } },
{ "type": "Feature", "properties": { "decimalLatitude": -27.5531, "decimalLongitude": 153.1754, "month": 1, "species_sci": "Cacatua galerita", "species_com": "Sulphur-crested Cockatoo" }, "geometry": { "type": "Point", "coordinates": [ 153.1754, -27.5531 ] } },
{ "type": "Feature", "properties": { "decimalLatitude": -37.1763, "decimalLongitude": 141.9314, "month": 1, "species_sci": "Cacatua galerita", "species_com": "Sulphur-crested Cockatoo" }, "geometry": { "type": "Point", "coordinates": [ 141.9314, -37.1763 ] } },
{ "type": "Feature", "properties": { "decimalLatitude": -33.7242, "decimalLongitude": 149.699, "month": 1, "species_sci": "Cacatua galerita", "species_com": "Sulphur-crested Cockatoo" }, "geometry": { "type": "Point", "coordinates": [ 149.699, -33.7242 ] } },
{ "type": "Feature", "properties": { "decimalLatitude": -33.7242, "decimalLongitude": 149.699, "month": 1, "species_sci": "Cacatua galerita", "species_com": "Sulphur-crested Cockatoo" }, "geometry": { "type": "Point", "coordinates": [ 149.699, -33.7242 ] } },
{ "type": "Feature", "properties": { "decimalLatitude": -35.4536, "decimalLongitude": 149.0983, "month": 1, "species_sci": "Cacatua galerita", "species_com": "Sulphur-crested Cockatoo" }, "geometry": { "type": "Point", "coordinates": [ 149.0983, -35.4536 ] } },
{ "type": "Feature", "properties": { "decimalLatitude": -34.4255, "decimalLongitude": 150.8835, "month": 1, "species_sci": "Cacatua galerita", "species_com": "Sulphur-crested Cockatoo" }, "geometry": { "type": "Point", "coordinates": [ 150.8835, -34.4255 ] } },
{ "type": "Feature", "properties": { "decimalLatitude": -37.1671, "decimalLongitude": 142.533, "month": 1, "species_sci": "Cacatua galerita", "species_com": "Sulphur-crested Cockatoo" }, "geometry": { "type": "Point", "coordinates": [ 142.533, -37.1671 ] } },
{ "type": "Feature", "properties": { "decimalLatitude": -37.8845, "decimalLongitude": 144.7312, "month": 1, "species_sci": "Cacatua galerita", "species_com": "Sulphur-crested Cockatoo" }, "geometry": { "type": "Point", "coordinates": [ 144.7312, -37.8845 ] } },
{ "type": "Feature", "properties": { "decimalLatitude": -37.6347, "decimalLongitude": 145.1947, "month": 1, "species_sci": "Cacatua galerita", "species_com": "Sulphur-crested Cockatoo" }, "geometry": { "type": "Point", "coordinates": [ 145.1947, -37.6347 ] } },
{ "type": "Feature", "properties": { "decimalLatitude": -33.9131, "decimalLongitude": 149.8873, "month": 1, "species_sci": "Cacatua galerita", "species_com": "Sulphur-crested Cockatoo" }, "geometry": { "type": "Point", "coordinates": [ 149.8873, -33.9131 ] } },
{ "type": "Feature", "properties": { "decimalLatitude": -33.8342, "decimalLongitude": 151.1896, "month": 1, "species_sci": "Cacatua galerita", "species_com": "Sulphur-crested Cockatoo" }, "geometry": { "type": "Point", "coordinates": [ 151.1896, -33.8342 ] } },
{ "type": "Feature", "properties": { "decimalLatitude": -35.015, "decimalLongitude": 147.0583, "month": 1, "species_sci": "Cacatua galerita", "species_com": "Sulphur-crested Cockatoo" }, "geometry": { "type": "Point", "coordinates": [ 147.0583, -35.015 ] } },
{ "type": "Feature", "properties": { "decimalLatitude": -33.7242, "decimalLongitude": 149.699, "month": 1, "species_sci": "Cacatua galerita", "species_com": "Sulphur-crested Cockatoo" }, "geometry": { "type": "Point", "coordinates": [ 149.699, -33.7242 ] } },
{ "type": "Feature", "properties": { "decimalLatitude": -33.7242, "decimalLongitude": 149.699, "month": 1, "species_sci": "Cacatua galerita", "species_com": "Sulphur-crested Cockatoo" }, "geometry": { "type": "Point", "coordinates": [ 149.699, -33.7242 ] } },
{ "type": "Feature", "properties": { "decimalLatitude": -33.6766, "decimalLongitude": 150.5473, "month": 1, "species_sci": "Cacatua galerita", "species_com": "Sulphur-crested Cockatoo" }, "geometry": { "type": "Point", "coordinates": [ 150.5473, -33.6766 ] } },
{ "type": "Feature", "properties": { "decimalLatitude": -26.5313, "decimalLongitude": 151.8325, "month": 1, "species_sci": "Cacatua galerita", "species_com": "Sulphur-crested Cockatoo" }, "geometry": { "type": "Point", "coordinates": [ 151.8325, -26.5313 ] } },
{ "type": "Feature", "properties": { "decimalLatitude": -33.434, "decimalLongitude": 149.383, "month": 1, "species_sci": "Cacatua galerita", "species_com": "Sulphur-crested Cockatoo" }, "geometry": { "type": "Point", "coordinates": [ 149.383, -33.434 ] } },
{ "type": "Feature", "properties": { "decimalLatitude": -33.6636, "decimalLongitude": 149.8717, "month": 1, "species_sci": "Cacatua galerita", "species_com": "Sulphur-crested Cockatoo" }, "geometry": { "type": "Point", "coordinates": [ 149.8717, -33.6636 ] } },
{ "type": "Feature", "properties": { "decimalLatitude": -36.042, "decimalLongitude": 146.356, "month": 1, "species_sci": "Cacatua galerita", "species_com": "Sulphur-crested Cockatoo" }, "geometry": { "type": "Point", "coordinates": [ 146.356, -36.042 ] } },
{ "type": "Feature", "properties": { "decimalLatitude": -28.055, "decimalLongitude": 153.1203, "month": 1, "species_sci": "Cacatua galerita", "species_com": "Sulphur-crested Cockatoo" }, "geometry": { "type": "Point", "coordinates": [ 153.1203, -28.055 ] } },
{ "type": "Feature", "properties": { "decimalLatitude": -37.8848, "decimalLongitude": 145.3178, "month": 1, "species_sci": "Cacatua galerita", "species_com": "Sulphur-crested Cockatoo" }, "geometry": { "type": "Point", "coordinates": [ 145.3178, -37.8848 ] } },
{ "type": "Feature", "properties": { "decimalLatitude": -33.7242, "decimalLongitude": 149.699, "month": 1, "species_sci": "Cacatua galerita", "species_com": "Sulphur-crested Cockatoo" }, "geometry": { "type": "Point", "coordinates": [ 149.699, -33.7242 ] } },
{ "type": "Feature", "properties": { "decimalLatitude": -33.6173, "decimalLongitude": 149.8313, "month": 1, "species_sci": "Cacatua galerita", "species_com": "Sulphur-crested Cockatoo" }, "geometry": { "type": "Point", "coordinates": [ 149.8313, -33.6173 ] } },
{ "type": "Feature", "properties": { "decimalLatitude": -32.9167, "decimalLongitude": 151.7121, "month": 1, "species_sci": "Cacatua galerita", "species_com": "Sulphur-crested Cockatoo" }, "geometry": { "type": "Point", "coordinates": [ 151.7121, -32.9167 ] } },
{ "type": "Feature", "properties": { "decimalLatitude": -35.2449, "decimalLongitude": 148.3763, "month": 1, "species_sci": "Cacatua galerita", "species_com": "Sulphur-crested Cockatoo" }, "geometry": { "type": "Point", "coordinates": [ 148.3763, -35.2449 ] } },
{ "type": "Feature", "properties": { "decimalLatitude": -27.6477, "decimalLongitude": 151.951, "month": 1, "species_sci": "Cacatua galerita", "species_com": "Sulphur-crested Cockatoo" }, "geometry": { "type": "Point", "coordinates": [ 151.951, -27.6477 ] } },
{ "type": "Feature", "properties": { "decimalLatitude": -34.9684, "decimalLongitude": 138.7042, "month": 1, "species_sci": "Cacatua galerita", "species_com": "Sulphur-crested Cockatoo" }, "geometry": { "type": "Point", "coordinates": [ 138.7042, -34.9684 ] } },
{ "type": "Feature", "properties": { "decimalLatitude": -33.7242, "decimalLongitude": 149.699, "month": 1, "species_sci": "Cacatua galerita", "species_com": "Sulphur-crested Cockatoo" }, "geometry": { "type": "Point", "coordinates": [ 149.699, -33.7242 ] } },
{ "type": "Feature", "properties": { "decimalLatitude": -37.7654, "decimalLongitude": 145.3185, "month": 1, "species_sci": "Cacatua galerita", "species_com": "Sulphur-crested Cockatoo" }, "geometry": { "type": "Point", "coordinates": [ 145.3185, -37.7654 ] } },
{ "type": "Feature", "properties": { "decimalLatitude": -34.0989, "decimalLongitude": 150.6995, "month": 1, "species_sci": "Cacatua galerita", "species_com": "Sulphur-crested Cockatoo" }, "geometry": { "type": "Point", "coordinates": [ 150.6995, -34.0989 ] } },
{ "type": "Feature", "properties": { "decimalLatitude": -27.7989, "decimalLongitude": 152.9146, "month": 1, "species_sci": "Cacatua galerita", "species_com": "Sulphur-crested Cockatoo" }, "geometry": { "type": "Point", "coordinates": [ 152.9146, -27.7989 ] } },
{ "type": "Feature", "properties": { "decimalLatitude": -38.3476, "decimalLongitude": 144.2975, "month": 1, "species_sci": "Cacatua galerita", "species_com": "Sulphur-crested Cockatoo" }, "geometry": { "type": "Point", "coordinates": [ 144.2975, -38.3476 ] } },
{ "type": "Feature", "properties": { "decimalLatitude": -33.8175, "decimalLongitude": 151.0447, "month": 1, "species_sci": "Cacatua galerita", "species_com": "Sulphur-crested Cockatoo" }, "geometry": { "type": "Point", "coordinates": [ 151.0447, -33.8175 ] } },
{ "type": "Feature", "properties": { "decimalLatitude": -34.4133, "decimalLongitude": 150.8954, "month": 1, "species_sci": "Cacatua galerita", "species_com": "Sulphur-crested Cockatoo" }, "geometry": { "type": "Point", "coordinates": [ 150.8954, -34.4133 ] } },
{ "type": "Feature", "properties": { "decimalLatitude": -33.8647, "decimalLongitude": 151.2205, "month": 1, "species_sci": "Cacatua galerita", "species_com": "Sulphur-crested Cockatoo" }, "geometry": { "type": "Point", "coordinates": [ 151.2205, -33.8647 ] } },
{ "type": "Feature", "properties": { "decimalLatitude": -36.0649, "decimalLongitude": 140.7312, "month": 1, "species_sci": "Cacatua galerita", "species_com": "Sulphur-crested Cockatoo" }, "geometry": { "type": "Point", "coordinates": [ 140.7312, -36.0649 ] } },
{ "type": "Feature", "properties": { "decimalLatitude": -33.9456, "decimalLongitude": 150.9186, "month": 1, "species_sci": "Cacatua galerita", "species_com": "Sulphur-crested Cockatoo" }, "geometry": { "type": "Point", "coordinates": [ 150.9186, -33.9456 ] } },
{ "type": "Feature", "properties": { "decimalLatitude": -25.3166, "decimalLongitude": 152.6944, "month": 1, "species_sci": "Cacatua galerita", "species_com": "Sulphur-crested Cockatoo" }, "geometry": { "type": "Point", "coordinates": [ 152.6944, -25.3166 ] } },
{ "type": "Feature", "properties": { "decimalLatitude": -35.6004, "decimalLongitude": 149.0514, "month": 1, "species_sci": "Cacatua galerita", "species_com": "Sulphur-crested Cockatoo" }, "geometry": { "type": "Point", "coordinates": [ 149.0514, -35.6004 ] } },
{ "type": "Feature", "properties": { "decimalLatitude": -33.7242, "decimalLongitude": 149.699, "month": 1, "species_sci": "Cacatua galerita", "species_com": "Sulphur-crested Cockatoo" }, "geometry": { "type": "Point", "coordinates": [ 149.699, -33.7242 ] } },
{ "type": "Feature", "properties": { "decimalLatitude": -36.0551, "decimalLongitude": 140.4528, "month": 1, "species_sci": "Cacatua galerita", "species_com": "Sulphur-crested Cockatoo" }, "geometry": { "type": "Point", "coordinates": [ 140.4528, -36.0551 ] } },
{ "type": "Feature", "properties": { "decimalLatitude": -33.7242, "decimalLongitude": 149.699, "month": 1, "species_sci": "Cacatua galerita", "species_com": "Sulphur-crested Cockatoo" }, "geometry": { "type": "Point", "coordinates": [ 149.699, -33.7242 ] } },
{ "type": "Feature", "properties": { "decimalLatitude": -37.8769, "decimalLongitude": 145.3193, "month": 1, "species_sci": "Cacatua galerita", "species_com": "Sulphur-crested Cockatoo" }, "geometry": { "type": "Point", "coordinates": [ 145.3193, -37.8769 ] } },
{ "type": "Feature", "properties": { "decimalLatitude": -33.4336, "decimalLongitude": 149.3837, "month": 1, "species_sci": "Cacatua galerita", "species_com": "Sulphur-crested Cockatoo" }, "geometry": { "type": "Point", "coordinates": [ 149.3837, -33.4336 ] } },
{ "type": "Feature", "properties": { "decimalLatitude": -33.9131, "decimalLongitude": 149.8873, "month": 1, "species_sci": "Cacatua galerita", "species_com": "Sulphur-crested Cockatoo" }, "geometry": { "type": "Point", "coordinates": [ 149.8873, -33.9131 ] } },
{ "type": "Feature", "properties": { "decimalLatitude": -37.7628, "decimalLongitude": 145.3183, "month": 1, "species_sci": "Cacatua galerita", "species_com": "Sulphur-crested Cockatoo" }, "geometry": { "type": "Point", "coordinates": [ 145.3183, -37.7628 ] } },
{ "type": "Feature", "properties": { "decimalLatitude": -38.3441, "decimalLongitude": 144.3025, "month": 1, "species_sci": "Cacatua galerita", "species_com": "Sulphur-crested Cockatoo" }, "geometry": { "type": "Point", "coordinates": [ 144.3025, -38.3441 ] } },
{ "type": "Feature", "properties": { "decimalLatitude": -33.7662, "decimalLongitude": 151.0199, "month": 1, "species_sci": "Cacatua galerita", "species_com": "Sulphur-crested Cockatoo" }, "geometry": { "type": "Point", "coordinates": [ 151.0199, -33.7662 ] } },
{ "type": "Feature", "properties": { "decimalLatitude": -36.186, "decimalLongitude": 140.6617, "month": 1, "species_sci": "Cacatua galerita", "species_com": "Sulphur-crested Cockatoo" }, "geometry": { "type": "Point", "coordinates": [ 140.6617, -36.186 ] } },
{ "type": "Feature", "properties": { "decimalLatitude": -33.7242, "decimalLongitude": 149.699, "month": 1, "species_sci": "Cacatua galerita", "species_com": "Sulphur-crested Cockatoo" }, "geometry": { "type": "Point", "coordinates": [ 149.699, -33.7242 ] } },
{ "type": "Feature", "properties": { "decimalLatitude": -28.2204, "decimalLongitude": 153.1393, "month": 1, "species_sci": "Cacatua galerita", "species_com": "Sulphur-crested Cockatoo" }, "geometry": { "type": "Point", "coordinates": [ 153.1393, -28.2204 ] } },
{ "type": "Feature", "properties": { "decimalLatitude": -33.9131, "decimalLongitude": 149.8873, "month": 1, "species_sci": "Cacatua galerita", "species_com": "Sulphur-crested Cockatoo" }, "geometry": { "type": "Point", "coordinates": [ 149.8873, -33.9131 ] } },
{ "type": "Feature", "properties": { "decimalLatitude": -16.8187, "decimalLongitude": 145.6871, "month": 1, "species_sci": "Cacatua galerita", "species_com": "Sulphur-crested Cockatoo" }, "geometry": { "type": "Point", "coordinates": [ 145.6871, -16.8187 ] } },
{ "type": "Feature", "properties": { "decimalLatitude": -37.8705, "decimalLongitude": 144.811, "month": 1, "species_sci": "Cacatua galerita", "species_com": "Sulphur-crested Cockatoo" }, "geometry": { "type": "Point", "coordinates": [ 144.811, -37.8705 ] } },
{ "type": "Feature", "properties": { "decimalLatitude": -33.7242, "decimalLongitude": 149.699, "month": 1, "species_sci": "Cacatua galerita", "species_com": "Sulphur-crested Cockatoo" }, "geometry": { "type": "Point", "coordinates": [ 149.699, -33.7242 ] } },
{ "type": "Feature", "properties": { "decimalLatitude": -34.4662, "decimalLongitude": 150.8498, "month": 1, "species_sci": "Cacatua galerita", "species_com": "Sulphur-crested Cockatoo" }, "geometry": { "type": "Point", "coordinates": [ 150.8498, -34.4662 ] } },
{ "type": "Feature", "properties": { "decimalLatitude": -16.8146, "decimalLongitude": 145.6871, "month": 1, "species_sci": "Cacatua galerita", "species_com": "Sulphur-crested Cockatoo" }, "geometry": { "type": "Point", "coordinates": [ 145.6871, -16.8146 ] } },
{ "type": "Feature", "properties": { "decimalLatitude": -34.9664, "decimalLongitude": 138.698, "month": 1, "species_sci": "Cacatua galerita", "species_com": "Sulphur-crested Cockatoo" }, "geometry": { "type": "Point", "coordinates": [ 138.698, -34.9664 ] } },
{ "type": "Feature", "properties": { "decimalLatitude": -33.7242, "decimalLongitude": 149.699, "month": 1, "species_sci": "Cacatua galerita", "species_com": "Sulphur-crested Cockatoo" }, "geometry": { "type": "Point", "coordinates": [ 149.699, -33.7242 ] } },
{ "type": "Feature", "properties": { "decimalLatitude": -33.6173, "decimalLongitude": 149.8313, "month": 1, "species_sci": "Cacatua galerita", "species_com": "Sulphur-crested Cockatoo" }, "geometry": { "type": "Point", "coordinates": [ 149.8313, -33.6173 ] } },
{ "type": "Feature", "properties": { "decimalLatitude": -20.2542, "decimalLongitude": 148.8141, "month": 1, "species_sci": "Cacatua galerita", "species_com": "Sulphur-crested Cockatoo" }, "geometry": { "type": "Point", "coordinates": [ 148.8141, -20.2542 ] } },
{ "type": "Feature", "properties": { "decimalLatitude": -26.8932, "decimalLongitude": 152.2937, "month": 1, "species_sci": "Cacatua galerita", "species_com": "Sulphur-crested Cockatoo" }, "geometry": { "type": "Point", "coordinates": [ 152.2937, -26.8932 ] } },
{ "type": "Feature", "properties": { "decimalLatitude": -35.1764, "decimalLongitude": 148.5844, "month": 1, "species_sci": "Cacatua galerita", "species_com": "Sulphur-crested Cockatoo" }, "geometry": { "type": "Point", "coordinates": [ 148.5844, -35.1764 ] } },
{ "type": "Feature", "properties": { "decimalLatitude": -33.7211, "decimalLongitude": 151.05, "month": 1, "species_sci": "Cacatua galerita", "species_com": "Sulphur-crested Cockatoo" }, "geometry": { "type": "Point", "coordinates": [ 151.05, -33.7211 ] } },
{ "type": "Feature", "properties": { "decimalLatitude": -33.7242, "decimalLongitude": 149.699, "month": 1, "species_sci": "Cacatua galerita", "species_com": "Sulphur-crested Cockatoo" }, "geometry": { "type": "Point", "coordinates": [ 149.699, -33.7242 ] } },
{ "type": "Feature", "properties": { "decimalLatitude": -35.4632, "decimalLongitude": 148.9098, "month": 1, "species_sci": "Cacatua galerita", "species_com": "Sulphur-crested Cockatoo" }, "geometry": { "type": "Point", "coordinates": [ 148.9098, -35.4632 ] } },
{ "type": "Feature", "properties": { "decimalLatitude": -37.8315, "decimalLongitude": 144.9783, "month": 1, "species_sci": "Cacatua galerita", "species_com": "Sulphur-crested Cockatoo" }, "geometry": { "type": "Point", "coordinates": [ 144.9783, -37.8315 ] } },
{ "type": "Feature", "properties": { "decimalLatitude": -38.3467, "decimalLongitude": 144.2989, "month": 1, "species_sci": "Cacatua galerita", "species_com": "Sulphur-crested Cockatoo" }, "geometry": { "type": "Point", "coordinates": [ 144.2989, -38.3467 ] } },
{ "type": "Feature", "properties": { "decimalLatitude": -34.5344, "decimalLongitude": 150.7921, "month": 1, "species_sci": "Cacatua galerita", "species_com": "Sulphur-crested Cockatoo" }, "geometry": { "type": "Point", "coordinates": [ 150.7921, -34.5344 ] } },
{ "type": "Feature", "properties": { "decimalLatitude": -37.8933, "decimalLongitude": 145.1115, "month": 1, "species_sci": "Cacatua galerita", "species_com": "Sulphur-crested Cockatoo" }, "geometry": { "type": "Point", "coordinates": [ 145.1115, -37.8933 ] } },
{ "type": "Feature", "properties": { "decimalLatitude": -37.6915, "decimalLongitude": 145.154, "month": 1, "species_sci": "Cacatua galerita", "species_com": "Sulphur-crested Cockatoo" }, "geometry": { "type": "Point", "coordinates": [ 145.154, -37.6915 ] } },
{ "type": "Feature", "properties": { "decimalLatitude": -35.1774, "decimalLongitude": 149.1573, "month": 1, "species_sci": "Cacatua galerita", "species_com": "Sulphur-crested Cockatoo" }, "geometry": { "type": "Point", "coordinates": [ 149.1573, -35.1774 ] } },
{ "type": "Feature", "properties": { "decimalLatitude": -32.2731, "decimalLongitude": 148.5737, "month": 1, "species_sci": "Cacatua galerita", "species_com": "Sulphur-crested Cockatoo" }, "geometry": { "type": "Point", "coordinates": [ 148.5737, -32.2731 ] } },
{ "type": "Feature", "properties": { "decimalLatitude": -37.3889, "decimalLongitude": 144.2672, "month": 1, "species_sci": "Cacatua galerita", "species_com": "Sulphur-crested Cockatoo" }, "geometry": { "type": "Point", "coordinates": [ 144.2672, -37.3889 ] } },
{ "type": "Feature", "properties": { "decimalLatitude": -37.4583, "decimalLongitude": 144.6971, "month": 1, "species_sci": "Cacatua galerita", "species_com": "Sulphur-crested Cockatoo" }, "geometry": { "type": "Point", "coordinates": [ 144.6971, -37.4583 ] } },
{ "type": "Feature", "properties": { "decimalLatitude": -35.2905, "decimalLongitude": 148.2151, "month": 1, "species_sci": "Cacatua galerita", "species_com": "Sulphur-crested Cockatoo" }, "geometry": { "type": "Point", "coordinates": [ 148.2151, -35.2905 ] } },
{ "type": "Feature", "properties": { "decimalLatitude": -33.8634, "decimalLongitude": 151.218, "month": 2, "species_sci": "Cacatua galerita", "species_com": "Sulphur-crested Cockatoo" }, "geometry": { "type": "Point", "coordinates": [ 151.218, -33.8634 ] } },
{ "type": "Feature", "properties": { "decimalLatitude": -37.8039, "decimalLongitude": 144.9699, "month": 2, "species_sci": "Cacatua galerita", "species_com": "Sulphur-crested Cockatoo" }, "geometry": { "type": "Point", "coordinates": [ 144.9699, -37.8039 ] } },
{ "type": "Feature", "properties": { "decimalLatitude": -33.9824, "decimalLongitude": 151.0852, "month": 2, "species_sci": "Cacatua galerita", "species_com": "Sulphur-crested Cockatoo" }, "geometry": { "type": "Point", "coordinates": [ 151.0852, -33.9824 ] } },
{ "type": "Feature", "properties": { "decimalLatitude": -33.6963, "decimalLongitude": 149.8883, "month": 2, "species_sci": "Cacatua galerita", "species_com": "Sulphur-crested Cockatoo" }, "geometry": { "type": "Point", "coordinates": [ 149.8883, -33.6963 ] } },
{ "type": "Feature", "properties": { "decimalLatitude": -12.3778, "decimalLongitude": 130.8512, "month": 2, "species_sci": "Cacatua galerita", "species_com": "Sulphur-crested Cockatoo" }, "geometry": { "type": "Point", "coordinates": [ 130.8512, -12.3778 ] } },
{ "type": "Feature", "properties": { "decimalLatitude": -37.8934, "decimalLongitude": 145.1113, "month": 2, "species_sci": "Cacatua galerita", "species_com": "Sulphur-crested Cockatoo" }, "geometry": { "type": "Point", "coordinates": [ 145.1113, -37.8934 ] } },
{ "type": "Feature", "properties": { "decimalLatitude": -33.6963, "decimalLongitude": 149.8883, "month": 2, "species_sci": "Cacatua galerita", "species_com": "Sulphur-crested Cockatoo" }, "geometry": { "type": "Point", "coordinates": [ 149.8883, -33.6963 ] } },
{ "type": "Feature", "properties": { "decimalLatitude": -38.0004, "decimalLongitude": 145.5231, "month": 2, "species_sci": "Cacatua galerita", "species_com": "Sulphur-crested Cockatoo" }, "geometry": { "type": "Point", "coordinates": [ 145.5231, -38.0004 ] } },
{ "type": "Feature", "properties": { "decimalLatitude": -37.8292, "decimalLongitude": 144.9834, "month": 2, "species_sci": "Cacatua galerita", "species_com": "Sulphur-crested Cockatoo" }, "geometry": { "type": "Point", "coordinates": [ 144.9834, -37.8292 ] } },
{ "type": "Feature", "properties": { "decimalLatitude": -27.1886, "decimalLongitude": 153.0156, "month": 2, "species_sci": "Cacatua galerita", "species_com": "Sulphur-crested Cockatoo" }, "geometry": { "type": "Point", "coordinates": [ 153.0156, -27.1886 ] } },
{ "type": "Feature", "properties": { "decimalLatitude": -38.268, "decimalLongitude": 144.6643, "month": 2, "species_sci": "Cacatua galerita", "species_com": "Sulphur-crested Cockatoo" }, "geometry": { "type": "Point", "coordinates": [ 144.6643, -38.268 ] } },
{ "type": "Feature", "properties": { "decimalLatitude": -33.6963, "decimalLongitude": 149.8883, "month": 2, "species_sci": "Cacatua galerita", "species_com": "Sulphur-crested Cockatoo" }, "geometry": { "type": "Point", "coordinates": [ 149.8883, -33.6963 ] } },
{ "type": "Feature", "properties": { "decimalLatitude": -37.5656, "decimalLongitude": 143.8847, "month": 2, "species_sci": "Cacatua galerita", "species_com": "Sulphur-crested Cockatoo" }, "geometry": { "type": "Point", "coordinates": [ 143.8847, -37.5656 ] } },
{ "type": "Feature", "properties": { "decimalLatitude": -41.5244, "decimalLongitude": 147.1818, "month": 2, "species_sci": "Cacatua galerita", "species_com": "Sulphur-crested Cockatoo" }, "geometry": { "type": "Point", "coordinates": [ 147.1818, -41.5244 ] } },
{ "type": "Feature", "properties": { "decimalLatitude": -37.8709, "decimalLongitude": 144.9837, "month": 2, "species_sci": "Cacatua galerita", "species_com": "Sulphur-crested Cockatoo" }, "geometry": { "type": "Point", "coordinates": [ 144.9837, -37.8709 ] } },
{ "type": "Feature", "properties": { "decimalLatitude": -33.6963, "decimalLongitude": 149.8883, "month": 2, "species_sci": "Cacatua galerita", "species_com": "Sulphur-crested Cockatoo" }, "geometry": { "type": "Point", "coordinates": [ 149.8883, -33.6963 ] } },
{ "type": "Feature", "properties": { "decimalLatitude": -35.9094, "decimalLongitude": 150.0845, "month": 2, "species_sci": "Cacatua galerita", "species_com": "Sulphur-crested Cockatoo" }, "geometry": { "type": "Point", "coordinates": [ 150.0845, -35.9094 ] } },
{ "type": "Feature", "properties": { "decimalLatitude": -33.6963, "decimalLongitude": 149.8883, "month": 2, "species_sci": "Cacatua galerita", "species_com": "Sulphur-crested Cockatoo" }, "geometry": { "type": "Point", "coordinates": [ 149.8883, -33.6963 ] } },
{ "type": "Feature", "properties": { "decimalLatitude": -33.6963, "decimalLongitude": 149.8883, "month": 2, "species_sci": "Cacatua galerita", "species_com": "Sulphur-crested Cockatoo" }, "geometry": { "type": "Point", "coordinates": [ 149.8883, -33.6963 ] } },
{ "type": "Feature", "properties": { "decimalLatitude": -28.3533, "decimalLongitude": 148.8193, "month": 2, "species_sci": "Cacatua galerita", "species_com": "Sulphur-crested Cockatoo" }, "geometry": { "type": "Point", "coordinates": [ 148.8193, -28.3533 ] } },
{ "type": "Feature", "properties": { "decimalLatitude": -34.0844, "decimalLongitude": 151.1516, "month": 2, "species_sci": "Cacatua galerita", "species_com": "Sulphur-crested Cockatoo" }, "geometry": { "type": "Point", "coordinates": [ 151.1516, -34.0844 ] } },
{ "type": "Feature", "properties": { "decimalLatitude": -34.6836, "decimalLongitude": 139.1094, "month": 2, "species_sci": "Cacatua galerita", "species_com": "Sulphur-crested Cockatoo" }, "geometry": { "type": "Point", "coordinates": [ 139.1094, -34.6836 ] } },
{ "type": "Feature", "properties": { "decimalLatitude": -33.7152, "decimalLongitude": 150.3039, "month": 2, "species_sci": "Cacatua galerita", "species_com": "Sulphur-crested Cockatoo" }, "geometry": { "type": "Point", "coordinates": [ 150.3039, -33.7152 ] } },
{ "type": "Feature", "properties": { "decimalLatitude": -33.6963, "decimalLongitude": 149.8883, "month": 2, "species_sci": "Cacatua galerita", "species_com": "Sulphur-crested Cockatoo" }, "geometry": { "type": "Point", "coordinates": [ 149.8883, -33.6963 ] } },
{ "type": "Feature", "properties": { "decimalLatitude": -33.6963, "decimalLongitude": 149.8883, "month": 2, "species_sci": "Cacatua galerita", "species_com": "Sulphur-crested Cockatoo" }, "geometry": { "type": "Point", "coordinates": [ 149.8883, -33.6963 ] } },
{ "type": "Feature", "properties": { "decimalLatitude": -33.6963, "decimalLongitude": 149.8883, "month": 2, "species_sci": "Cacatua galerita", "species_com": "Sulphur-crested Cockatoo" }, "geometry": { "type": "Point", "coordinates": [ 149.8883, -33.6963 ] } },
{ "type": "Feature", "properties": { "decimalLatitude": -35.7491, "decimalLongitude": 148.9711, "month": 2, "species_sci": "Cacatua galerita", "species_com": "Sulphur-crested Cockatoo" }, "geometry": { "type": "Point", "coordinates": [ 148.9711, -35.7491 ] } },
{ "type": "Feature", "properties": { "decimalLatitude": -37.8313, "decimalLongitude": 145.2431, "month": 2, "species_sci": "Cacatua galerita", "species_com": "Sulphur-crested Cockatoo" }, "geometry": { "type": "Point", "coordinates": [ 145.2431, -37.8313 ] } },
{ "type": "Feature", "properties": { "decimalLatitude": -34.0853, "decimalLongitude": 150.8359, "month": 2, "species_sci": "Cacatua galerita", "species_com": "Sulphur-crested Cockatoo" }, "geometry": { "type": "Point", "coordinates": [ 150.8359, -34.0853 ] } },
{ "type": "Feature", "properties": { "decimalLatitude": -33.6963, "decimalLongitude": 149.8883, "month": 2, "species_sci": "Cacatua galerita", "species_com": "Sulphur-crested Cockatoo" }, "geometry": { "type": "Point", "coordinates": [ 149.8883, -33.6963 ] } },
{ "type": "Feature", "properties": { "decimalLatitude": -33.8641, "decimalLongitude": 151.2159, "month": 2, "species_sci": "Cacatua galerita", "species_com": "Sulphur-crested Cockatoo" }, "geometry": { "type": "Point", "coordinates": [ 151.2159, -33.8641 ] } },
{ "type": "Feature", "properties": { "decimalLatitude": -38.2932, "decimalLongitude": 145.0071, "month": 2, "species_sci": "Cacatua galerita", "species_com": "Sulphur-crested Cockatoo" }, "geometry": { "type": "Point", "coordinates": [ 145.0071, -38.2932 ] } },
{ "type": "Feature", "properties": { "decimalLatitude": -33.6963, "decimalLongitude": 149.8883, "month": 2, "species_sci": "Cacatua galerita", "species_com": "Sulphur-crested Cockatoo" }, "geometry": { "type": "Point", "coordinates": [ 149.8883, -33.6963 ] } },
{ "type": "Feature", "properties": { "decimalLatitude": -33.6963, "decimalLongitude": 149.8883, "month": 2, "species_sci": "Cacatua galerita", "species_com": "Sulphur-crested Cockatoo" }, "geometry": { "type": "Point", "coordinates": [ 149.8883, -33.6963 ] } },
{ "type": "Feature", "properties": { "decimalLatitude": -27.4314, "decimalLongitude": 153.1326, "month": 2, "species_sci": "Cacatua galerita", "species_com": "Sulphur-crested Cockatoo" }, "geometry": { "type": "Point", "coordinates": [ 153.1326, -27.4314 ] } },
{ "type": "Feature", "properties": { "decimalLatitude": -34.0543, "decimalLongitude": 150.8709, "month": 2, "species_sci": "Cacatua galerita", "species_com": "Sulphur-crested Cockatoo" }, "geometry": { "type": "Point", "coordinates": [ 150.8709, -34.0543 ] } },
{ "type": "Feature", "properties": { "decimalLatitude": -36.3273, "decimalLongitude": 146.8398, "month": 2, "species_sci": "Cacatua galerita", "species_com": "Sulphur-crested Cockatoo" }, "geometry": { "type": "Point", "coordinates": [ 146.8398, -36.3273 ] } },
{ "type": "Feature", "properties": { "decimalLatitude": -34.3254, "decimalLongitude": 150.9234, "month": 2, "species_sci": "Cacatua galerita", "species_com": "Sulphur-crested Cockatoo" }, "geometry": { "type": "Point", "coordinates": [ 150.9234, -34.3254 ] } },
{ "type": "Feature", "properties": { "decimalLatitude": -33.6963, "decimalLongitude": 149.8883, "month": 2, "species_sci": "Cacatua galerita", "species_com": "Sulphur-crested Cockatoo" }, "geometry": { "type": "Point", "coordinates": [ 149.8883, -33.6963 ] } },
{ "type": "Feature", "properties": { "decimalLatitude": -27.5961, "decimalLongitude": 151.9445, "month": 2, "species_sci": "Cacatua galerita", "species_com": "Sulphur-crested Cockatoo" }, "geometry": { "type": "Point", "coordinates": [ 151.9445, -27.5961 ] } },
{ "type": "Feature", "properties": { "decimalLatitude": -0.4138, "decimalLongitude": 130.8019, "month": 2, "species_sci": "Cacatua galerita", "species_com": "Sulphur-crested Cockatoo" }, "geometry": { "type": "Point", "coordinates": [ 130.8019, -0.4138 ] } },
{ "type": "Feature", "properties": { "decimalLatitude": -34.0743, "decimalLongitude": 151.0166, "month": 2, "species_sci": "Cacatua galerita", "species_com": "Sulphur-crested Cockatoo" }, "geometry": { "type": "Point", "coordinates": [ 151.0166, -34.0743 ] } },
{ "type": "Feature", "properties": { "decimalLatitude": -33.6963, "decimalLongitude": 149.8883, "month": 2, "species_sci": "Cacatua galerita", "species_com": "Sulphur-crested Cockatoo" }, "geometry": { "type": "Point", "coordinates": [ 149.8883, -33.6963 ] } },
{ "type": "Feature", "properties": { "decimalLatitude": -37.6221, "decimalLongitude": 144.8766, "month": 2, "species_sci": "Cacatua galerita", "species_com": "Sulphur-crested Cockatoo" }, "geometry": { "type": "Point", "coordinates": [ 144.8766, -37.6221 ] } },
{ "type": "Feature", "properties": { "decimalLatitude": -29.1477, "decimalLongitude": 150.9934, "month": 2, "species_sci": "Cacatua galerita", "species_com": "Sulphur-crested Cockatoo" }, "geometry": { "type": "Point", "coordinates": [ 150.9934, -29.1477 ] } },
{ "type": "Feature", "properties": { "decimalLatitude": -36.3219, "decimalLongitude": 146.8309, "month": 2, "species_sci": "Cacatua galerita", "species_com": "Sulphur-crested Cockatoo" }, "geometry": { "type": "Point", "coordinates": [ 146.8309, -36.3219 ] } },
{ "type": "Feature", "properties": { "decimalLatitude": -33.8731, "decimalLongitude": 151.2102, "month": 2, "species_sci": "Cacatua galerita", "species_com": "Sulphur-crested Cockatoo" }, "geometry": { "type": "Point", "coordinates": [ 151.2102, -33.8731 ] } },
{ "type": "Feature", "properties": { "decimalLatitude": -33.6963, "decimalLongitude": 149.8883, "month": 2, "species_sci": "Cacatua galerita", "species_com": "Sulphur-crested Cockatoo" }, "geometry": { "type": "Point", "coordinates": [ 149.8883, -33.6963 ] } },
{ "type": "Feature", "properties": { "decimalLatitude": -33.6963, "decimalLongitude": 149.8883, "month": 2, "species_sci": "Cacatua galerita", "species_com": "Sulphur-crested Cockatoo" }, "geometry": { "type": "Point", "coordinates": [ 149.8883, -33.6963 ] } },
{ "type": "Feature", "properties": { "decimalLatitude": -21.1, "decimalLongitude": 149.2, "month": 2, "species_sci": "Cacatua galerita", "species_com": "Sulphur-crested Cockatoo" }, "geometry": { "type": "Point", "coordinates": [ 149.2, -21.1 ] } },
{ "type": "Feature", "properties": { "decimalLatitude": -33.6963, "decimalLongitude": 149.8883, "month": 2, "species_sci": "Cacatua galerita", "species_com": "Sulphur-crested Cockatoo" }, "geometry": { "type": "Point", "coordinates": [ 149.8883, -33.6963 ] } },
{ "type": "Feature", "properties": { "decimalLatitude": -33.6963, "decimalLongitude": 149.8883, "month": 2, "species_sci": "Cacatua galerita", "species_com": "Sulphur-crested Cockatoo" }, "geometry": { "type": "Point", "coordinates": [ 149.8883, -33.6963 ] } },
{ "type": "Feature", "properties": { "decimalLatitude": -33.6963, "decimalLongitude": 149.8883, "month": 2, "species_sci": "Cacatua galerita", "species_com": "Sulphur-crested Cockatoo" }, "geometry": { "type": "Point", "coordinates": [ 149.8883, -33.6963 ] } },
{ "type": "Feature", "properties": { "decimalLatitude": -42.6792, "decimalLongitude": 146.7099, "month": 2, "species_sci": "Cacatua galerita", "species_com": "Sulphur-crested Cockatoo" }, "geometry": { "type": "Point", "coordinates": [ 146.7099, -42.6792 ] } },
{ "type": "Feature", "properties": { "decimalLatitude": -16.7868, "decimalLongitude": 145.6893, "month": 2, "species_sci": "Cacatua galerita", "species_com": "Sulphur-crested Cockatoo" }, "geometry": { "type": "Point", "coordinates": [ 145.6893, -16.7868 ] } },
{ "type": "Feature", "properties": { "decimalLatitude": -38.528, "decimalLongitude": 143.9808, "month": 2, "species_sci": "Cacatua galerita", "species_com": "Sulphur-crested Cockatoo" }, "geometry": { "type": "Point", "coordinates": [ 143.9808, -38.528 ] } },
{ "type": "Feature", "properties": { "decimalLatitude": -20.0572, "decimalLongitude": 148.8859, "month": 2, "species_sci": "Cacatua galerita", "species_com": "Sulphur-crested Cockatoo" }, "geometry": { "type": "Point", "coordinates": [ 148.8859, -20.0572 ] } },
{ "type": "Feature", "properties": { "decimalLatitude": -33.6963, "decimalLongitude": 149.8883, "month": 2, "species_sci": "Cacatua galerita", "species_com": "Sulphur-crested Cockatoo" }, "geometry": { "type": "Point", "coordinates": [ 149.8883, -33.6963 ] } },
{ "type": "Feature", "properties": { "decimalLatitude": -33.6963, "decimalLongitude": 149.8883, "month": 2, "species_sci": "Cacatua galerita", "species_com": "Sulphur-crested Cockatoo" }, "geometry": { "type": "Point", "coordinates": [ 149.8883, -33.6963 ] } },
{ "type": "Feature", "properties": { "decimalLatitude": -34.4043, "decimalLongitude": 150.9016, "month": 2, "species_sci": "Cacatua galerita", "species_com": "Sulphur-crested Cockatoo" }, "geometry": { "type": "Point", "coordinates": [ 150.9016, -34.4043 ] } },
{ "type": "Feature", "properties": { "decimalLatitude": -38.2256, "decimalLongitude": 145.166, "month": 2, "species_sci": "Cacatua galerita", "species_com": "Sulphur-crested Cockatoo" }, "geometry": { "type": "Point", "coordinates": [ 145.166, -38.2256 ] } },
{ "type": "Feature", "properties": { "decimalLatitude": -33.6963, "decimalLongitude": 149.8883, "month": 2, "species_sci": "Cacatua galerita", "species_com": "Sulphur-crested Cockatoo" }, "geometry": { "type": "Point", "coordinates": [ 149.8883, -33.6963 ] } },
{ "type": "Feature", "properties": { "decimalLatitude": -34.1546, "decimalLongitude": 150.8763, "month": 2, "species_sci": "Cacatua galerita", "species_com": "Sulphur-crested Cockatoo" }, "geometry": { "type": "Point", "coordinates": [ 150.8763, -34.1546 ] } },
{ "type": "Feature", "properties": { "decimalLatitude": -33.6963, "decimalLongitude": 149.8883, "month": 2, "species_sci": "Cacatua galerita", "species_com": "Sulphur-crested Cockatoo" }, "geometry": { "type": "Point", "coordinates": [ 149.8883, -33.6963 ] } },
{ "type": "Feature", "properties": { "decimalLatitude": -38.3045, "decimalLongitude": 145.0013, "month": 2, "species_sci": "Cacatua galerita", "species_com": "Sulphur-crested Cockatoo" }, "geometry": { "type": "Point", "coordinates": [ 145.0013, -38.3045 ] } },
{ "type": "Feature", "properties": { "decimalLatitude": -37.8795, "decimalLongitude": 145.1996, "month": 2, "species_sci": "Cacatua galerita", "species_com": "Sulphur-crested Cockatoo" }, "geometry": { "type": "Point", "coordinates": [ 145.1996, -37.8795 ] } },
{ "type": "Feature", "properties": { "decimalLatitude": -35.3517, "decimalLongitude": 149.1187, "month": 2, "species_sci": "Cacatua galerita", "species_com": "Sulphur-crested Cockatoo" }, "geometry": { "type": "Point", "coordinates": [ 149.1187, -35.3517 ] } },
{ "type": "Feature", "properties": { "decimalLatitude": -33.6963, "decimalLongitude": 149.8883, "month": 2, "species_sci": "Cacatua galerita", "species_com": "Sulphur-crested Cockatoo" }, "geometry": { "type": "Point", "coordinates": [ 149.8883, -33.6963 ] } },
{ "type": "Feature", "properties": { "decimalLatitude": -33.6963, "decimalLongitude": 149.8883, "month": 2, "species_sci": "Cacatua galerita", "species_com": "Sulphur-crested Cockatoo" }, "geometry": { "type": "Point", "coordinates": [ 149.8883, -33.6963 ] } },
{ "type": "Feature", "properties": { "decimalLatitude": -33.6963, "decimalLongitude": 149.8883, "month": 2, "species_sci": "Cacatua galerita", "species_com": "Sulphur-crested Cockatoo" }, "geometry": { "type": "Point", "coordinates": [ 149.8883, -33.6963 ] } },
{ "type": "Feature", "properties": { "decimalLatitude": -28.8322, "decimalLongitude": 151.9382, "month": 2, "species_sci": "Cacatua galerita", "species_com": "Sulphur-crested Cockatoo" }, "geometry": { "type": "Point", "coordinates": [ 151.9382, -28.8322 ] } },
{ "type": "Feature", "properties": { "decimalLatitude": -33.6963, "decimalLongitude": 149.8883, "month": 2, "species_sci": "Cacatua galerita", "species_com": "Sulphur-crested Cockatoo" }, "geometry": { "type": "Point", "coordinates": [ 149.8883, -33.6963 ] } },
{ "type": "Feature", "properties": { "decimalLatitude": -38.3296, "decimalLongitude": 144.3234, "month": 2, "species_sci": "Cacatua galerita", "species_com": "Sulphur-crested Cockatoo" }, "geometry": { "type": "Point", "coordinates": [ 144.3234, -38.3296 ] } },
{ "type": "Feature", "properties": { "decimalLatitude": -33.6963, "decimalLongitude": 149.8883, "month": 2, "species_sci": "Cacatua galerita", "species_com": "Sulphur-crested Cockatoo" }, "geometry": { "type": "Point", "coordinates": [ 149.8883, -33.6963 ] } },
{ "type": "Feature", "properties": { "decimalLatitude": -35.4082, "decimalLongitude": 149.1312, "month": 2, "species_sci": "Cacatua galerita", "species_com": "Sulphur-crested Cockatoo" }, "geometry": { "type": "Point", "coordinates": [ 149.1312, -35.4082 ] } },
{ "type": "Feature", "properties": { "decimalLatitude": -21.131, "decimalLongitude": 148.4914, "month": 2, "species_sci": "Cacatua galerita", "species_com": "Sulphur-crested Cockatoo" }, "geometry": { "type": "Point", "coordinates": [ 148.4914, -21.131 ] } },
{ "type": "Feature", "properties": { "decimalLatitude": -33.6963, "decimalLongitude": 149.8883, "month": 2, "species_sci": "Cacatua galerita", "species_com": "Sulphur-crested Cockatoo" }, "geometry": { "type": "Point", "coordinates": [ 149.8883, -33.6963 ] } },
{ "type": "Feature", "properties": { "decimalLatitude": -33.6963, "decimalLongitude": 149.8883, "month": 2, "species_sci": "Cacatua galerita", "species_com": "Sulphur-crested Cockatoo" }, "geometry": { "type": "Point", "coordinates": [ 149.8883, -33.6963 ] } },
{ "type": "Feature", "properties": { "decimalLatitude": -26.7884, "decimalLongitude": 152.7244, "month": 2, "species_sci": "Cacatua galerita", "species_com": "Sulphur-crested Cockatoo" }, "geometry": { "type": "Point", "coordinates": [ 152.7244, -26.7884 ] } },
{ "type": "Feature", "properties": { "decimalLatitude": -35.3905, "decimalLongitude": 149.0955, "month": 2, "species_sci": "Cacatua galerita", "species_com": "Sulphur-crested Cockatoo" }, "geometry": { "type": "Point", "coordinates": [ 149.0955, -35.3905 ] } },
{ "type": "Feature", "properties": { "decimalLatitude": -34.4101, "decimalLongitude": 150.8753, "month": 2, "species_sci": "Cacatua galerita", "species_com": "Sulphur-crested Cockatoo" }, "geometry": { "type": "Point", "coordinates": [ 150.8753, -34.4101 ] } },
{ "type": "Feature", "properties": { "decimalLatitude": -26.7827, "decimalLongitude": 153.1385, "month": 2, "species_sci": "Cacatua galerita", "species_com": "Sulphur-crested Cockatoo" }, "geometry": { "type": "Point", "coordinates": [ 153.1385, -26.7827 ] } },
{ "type": "Feature", "properties": { "decimalLatitude": -33.6963, "decimalLongitude": 149.8883, "month": 2, "species_sci": "Cacatua galerita", "species_com": "Sulphur-crested Cockatoo" }, "geometry": { "type": "Point", "coordinates": [ 149.8883, -33.6963 ] } },
{ "type": "Feature", "properties": { "decimalLatitude": -28.3275, "decimalLongitude": 153.5583, "month": 2, "species_sci": "Cacatua galerita", "species_com": "Sulphur-crested Cockatoo" }, "geometry": { "type": "Point", "coordinates": [ 153.5583, -28.3275 ] } },
{ "type": "Feature", "properties": { "decimalLatitude": -33.5513, "decimalLongitude": 151.2689, "month": 2, "species_sci": "Cacatua galerita", "species_com": "Sulphur-crested Cockatoo" }, "geometry": { "type": "Point", "coordinates": [ 151.2689, -33.5513 ] } },
{ "type": "Feature", "properties": { "decimalLatitude": -37.1484, "decimalLongitude": 142.5235, "month": 2, "species_sci": "Cacatua galerita", "species_com": "Sulphur-crested Cockatoo" }, "geometry": { "type": "Point", "coordinates": [ 142.5235, -37.1484 ] } },
{ "type": "Feature", "properties": { "decimalLatitude": -33.6963, "decimalLongitude": 149.8883, "month": 2, "species_sci": "Cacatua galerita", "species_com": "Sulphur-crested Cockatoo" }, "geometry": { "type": "Point", "coordinates": [ 149.8883, -33.6963 ] } },
{ "type": "Feature", "properties": { "decimalLatitude": -33.6963, "decimalLongitude": 149.8883, "month": 2, "species_sci": "Cacatua galerita", "species_com": "Sulphur-crested Cockatoo" }, "geometry": { "type": "Point", "coordinates": [ 149.8883, -33.6963 ] } },
{ "type": "Feature", "properties": { "decimalLatitude": -33.8606, "decimalLongitude": 151.2162, "month": 2, "species_sci": "Cacatua galerita", "species_com": "Sulphur-crested Cockatoo" }, "geometry": { "type": "Point", "coordinates": [ 151.2162, -33.8606 ] } },
{ "type": "Feature", "properties": { "decimalLatitude": -34.5344, "decimalLongitude": 150.7921, "month": 2, "species_sci": "Cacatua galerita", "species_com": "Sulphur-crested Cockatoo" }, "geometry": { "type": "Point", "coordinates": [ 150.7921, -34.5344 ] } },
{ "type": "Feature", "properties": { "decimalLatitude": -33.6963, "decimalLongitude": 149.8883, "month": 2, "species_sci": "Cacatua galerita", "species_com": "Sulphur-crested Cockatoo" }, "geometry": { "type": "Point", "coordinates": [ 149.8883, -33.6963 ] } },
{ "type": "Feature", "properties": { "decimalLatitude": -33.6963, "decimalLongitude": 149.8883, "month": 2, "species_sci": "Cacatua galerita", "species_com": "Sulphur-crested Cockatoo" }, "geometry": { "type": "Point", "coordinates": [ 149.8883, -33.6963 ] } },
{ "type": "Feature", "properties": { "decimalLatitude": -26.7416, "decimalLongitude": 152.8762, "month": 2, "species_sci": "Cacatua galerita", "species_com": "Sulphur-crested Cockatoo" }, "geometry": { "type": "Point", "coordinates": [ 152.8762, -26.7416 ] } },
{ "type": "Feature", "properties": { "decimalLatitude": -37.888, "decimalLongitude": 145.3716, "month": 2, "species_sci": "Cacatua galerita", "species_com": "Sulphur-crested Cockatoo" }, "geometry": { "type": "Point", "coordinates": [ 145.3716, -37.888 ] } },
{ "type": "Feature", "properties": { "decimalLatitude": -38.3459, "decimalLongitude": 144.3013, "month": 2, "species_sci": "Cacatua galerita", "species_com": "Sulphur-crested Cockatoo" }, "geometry": { "type": "Point", "coordinates": [ 144.3013, -38.3459 ] } },
{ "type": "Feature", "properties": { "decimalLatitude": -33.6963, "decimalLongitude": 149.8883, "month": 2, "species_sci": "Cacatua galerita", "species_com": "Sulphur-crested Cockatoo" }, "geometry": { "type": "Point", "coordinates": [ 149.8883, -33.6963 ] } },
{ "type": "Feature", "properties": { "decimalLatitude": -37.1394, "decimalLongitude": 142.5189, "month": 2, "species_sci": "Cacatua galerita", "species_com": "Sulphur-crested Cockatoo" }, "geometry": { "type": "Point", "coordinates": [ 142.5189, -37.1394 ] } },
{ "type": "Feature", "properties": { "decimalLatitude": -37.8927, "decimalLongitude": 145.3159, "month": 2, "species_sci": "Cacatua galerita", "species_com": "Sulphur-crested Cockatoo" }, "geometry": { "type": "Point", "coordinates": [ 145.3159, -37.8927 ] } },
{ "type": "Feature", "properties": { "decimalLatitude": -36.322, "decimalLongitude": 146.8309, "month": 2, "species_sci": "Cacatua galerita", "species_com": "Sulphur-crested Cockatoo" }, "geometry": { "type": "Point", "coordinates": [ 146.8309, -36.322 ] } },
{ "type": "Feature", "properties": { "decimalLatitude": -38.5419, "decimalLongitude": 143.9757, "month": 2, "species_sci": "Cacatua galerita", "species_com": "Sulphur-crested Cockatoo" }, "geometry": { "type": "Point", "coordinates": [ 143.9757, -38.5419 ] } },
{ "type": "Feature", "properties": { "decimalLatitude": -33.6963, "decimalLongitude": 149.8883, "month": 2, "species_sci": "Cacatua galerita", "species_com": "Sulphur-crested Cockatoo" }, "geometry": { "type": "Point", "coordinates": [ 149.8883, -33.6963 ] } },
{ "type": "Feature", "properties": { "decimalLatitude": -33.6963, "decimalLongitude": 149.8883, "month": 2, "species_sci": "Cacatua galerita", "species_com": "Sulphur-crested Cockatoo" }, "geometry": { "type": "Point", "coordinates": [ 149.8883, -33.6963 ] } },
{ "type": "Feature", "properties": { "decimalLatitude": -33.6963, "decimalLongitude": 149.8883, "month": 2, "species_sci": "Cacatua galerita", "species_com": "Sulphur-crested Cockatoo" }, "geometry": { "type": "Point", "coordinates": [ 149.8883, -33.6963 ] } },
{ "type": "Feature", "properties": { "decimalLatitude": -33.6963, "decimalLongitude": 149.8883, "month": 2, "species_sci": "Cacatua galerita", "species_com": "Sulphur-crested Cockatoo" }, "geometry": { "type": "Point", "coordinates": [ 149.8883, -33.6963 ] } },
{ "type": "Feature", "properties": { "decimalLatitude": -37.5433, "decimalLongitude": 143.8267, "month": 2, "species_sci": "Cacatua galerita", "species_com": "Sulphur-crested Cockatoo" }, "geometry": { "type": "Point", "coordinates": [ 143.8267, -37.5433 ] } },
{ "type": "Feature", "properties": { "decimalLatitude": -36.3303, "decimalLongitude": 146.8336, "month": 2, "species_sci": "Cacatua galerita", "species_com": "Sulphur-crested Cockatoo" }, "geometry": { "type": "Point", "coordinates": [ 146.8336, -36.3303 ] } },
{ "type": "Feature", "properties": { "decimalLatitude": -35.3427, "decimalLongitude": 149.0906, "month": 2, "species_sci": "Cacatua galerita", "species_com": "Sulphur-crested Cockatoo" }, "geometry": { "type": "Point", "coordinates": [ 149.0906, -35.3427 ] } },
{ "type": "Feature", "properties": { "decimalLatitude": -35.1793, "decimalLongitude": 149.1606, "month": 2, "species_sci": "Cacatua galerita", "species_com": "Sulphur-crested Cockatoo" }, "geometry": { "type": "Point", "coordinates": [ 149.1606, -35.1793 ] } },
{ "type": "Feature", "properties": { "decimalLatitude": -33.9462, "decimalLongitude": 151.0254, "month": 2, "species_sci": "Cacatua galerita", "species_com": "Sulphur-crested Cockatoo" }, "geometry": { "type": "Point", "coordinates": [ 151.0254, -33.9462 ] } },
{ "type": "Feature", "properties": { "decimalLatitude": -16.9157, "decimalLongitude": 145.7725, "month": 2, "species_sci": "Cacatua galerita", "species_com": "Sulphur-crested Cockatoo" }, "geometry": { "type": "Point", "coordinates": [ 145.7725, -16.9157 ] } },
{ "type": "Feature", "properties": { "decimalLatitude": -42.0669, "decimalLongitude": 145.2823, "month": 2, "species_sci": "Cacatua galerita", "species_com": "Sulphur-crested Cockatoo" }, "geometry": { "type": "Point", "coordinates": [ 145.2823, -42.0669 ] } },
{ "type": "Feature", "properties": { "decimalLatitude": -38.4646, "decimalLongitude": 144.1032, "month": 2, "species_sci": "Cacatua galerita", "species_com": "Sulphur-crested Cockatoo" }, "geometry": { "type": "Point", "coordinates": [ 144.1032, -38.4646 ] } },
{ "type": "Feature", "properties": { "decimalLatitude": -26.6011, "decimalLongitude": 152.6636, "month": 2, "species_sci": "Cacatua galerita", "species_com": "Sulphur-crested Cockatoo" }, "geometry": { "type": "Point", "coordinates": [ 152.6636, -26.6011 ] } },
{ "type": "Feature", "properties": { "decimalLatitude": -33.6963, "decimalLongitude": 149.8883, "month": 2, "species_sci": "Cacatua galerita", "species_com": "Sulphur-crested Cockatoo" }, "geometry": { "type": "Point", "coordinates": [ 149.8883, -33.6963 ] } },
{ "type": "Feature", "properties": { "decimalLatitude": -33.7335, "decimalLongitude": 151.0595, "month": 2, "species_sci": "Cacatua galerita", "species_com": "Sulphur-crested Cockatoo" }, "geometry": { "type": "Point", "coordinates": [ 151.0595, -33.7335 ] } },
{ "type": "Feature", "properties": { "decimalLatitude": -33.6963, "decimalLongitude": 149.8883, "month": 2, "species_sci": "Cacatua galerita", "species_com": "Sulphur-crested Cockatoo" }, "geometry": { "type": "Point", "coordinates": [ 149.8883, -33.6963 ] } },
{ "type": "Feature", "properties": { "decimalLatitude": -37.632, "decimalLongitude": 144.8508, "month": 2, "species_sci": "Cacatua galerita", "species_com": "Sulphur-crested Cockatoo" }, "geometry": { "type": "Point", "coordinates": [ 144.8508, -37.632 ] } },
{ "type": "Feature", "properties": { "decimalLatitude": -27.3029, "decimalLongitude": 151.858, "month": 2, "species_sci": "Cacatua galerita", "species_com": "Sulphur-crested Cockatoo" }, "geometry": { "type": "Point", "coordinates": [ 151.858, -27.3029 ] } },
{ "type": "Feature", "properties": { "decimalLatitude": -35.4352, "decimalLongitude": 149.1102, "month": 2, "species_sci": "Cacatua galerita", "species_com": "Sulphur-crested Cockatoo" }, "geometry": { "type": "Point", "coordinates": [ 149.1102, -35.4352 ] } },
{ "type": "Feature", "properties": { "decimalLatitude": -34.6412, "decimalLongitude": 139.1293, "month": 2, "species_sci": "Cacatua galerita", "species_com": "Sulphur-crested Cockatoo" }, "geometry": { "type": "Point", "coordinates": [ 139.1293, -34.6412 ] } },
{ "type": "Feature", "properties": { "decimalLatitude": -33.6963, "decimalLongitude": 149.8883, "month": 2, "species_sci": "Cacatua galerita", "species_com": "Sulphur-crested Cockatoo" }, "geometry": { "type": "Point", "coordinates": [ 149.8883, -33.6963 ] } },
{ "type": "Feature", "properties": { "decimalLatitude": -33.6963, "decimalLongitude": 149.8883, "month": 2, "species_sci": "Cacatua galerita", "species_com": "Sulphur-crested Cockatoo" }, "geometry": { "type": "Point", "coordinates": [ 149.8883, -33.6963 ] } },
{ "type": "Feature", "properties": { "decimalLatitude": -32.8055, "decimalLongitude": 151.6538, "month": 2, "species_sci": "Cacatua galerita", "species_com": "Sulphur-crested Cockatoo" }, "geometry": { "type": "Point", "coordinates": [ 151.6538, -32.8055 ] } },
{ "type": "Feature", "properties": { "decimalLatitude": -33.6963, "decimalLongitude": 149.8883, "month": 2, "species_sci": "Cacatua galerita", "species_com": "Sulphur-crested Cockatoo" }, "geometry": { "type": "Point", "coordinates": [ 149.8883, -33.6963 ] } },
{ "type": "Feature", "properties": { "decimalLatitude": -37.3595, "decimalLongitude": 144.2057, "month": 2, "species_sci": "Cacatua galerita", "species_com": "Sulphur-crested Cockatoo" }, "geometry": { "type": "Point", "coordinates": [ 144.2057, -37.3595 ] } },
{ "type": "Feature", "properties": { "decimalLatitude": -30.3, "decimalLongitude": 149.8, "month": 2, "species_sci": "Cacatua galerita", "species_com": "Sulphur-crested Cockatoo" }, "geometry": { "type": "Point", "coordinates": [ 149.8, -30.3 ] } },
{ "type": "Feature", "properties": { "decimalLatitude": -37.8304, "decimalLongitude": 144.9784, "month": 2, "species_sci": "Cacatua galerita", "species_com": "Sulphur-crested Cockatoo" }, "geometry": { "type": "Point", "coordinates": [ 144.9784, -37.8304 ] } },
{ "type": "Feature", "properties": { "decimalLatitude": -37.5296, "decimalLongitude": 144.7331, "month": 2, "species_sci": "Cacatua galerita", "species_com": "Sulphur-crested Cockatoo" }, "geometry": { "type": "Point", "coordinates": [ 144.7331, -37.5296 ] } },
{ "type": "Feature", "properties": { "decimalLatitude": -33.6963, "decimalLongitude": 149.8883, "month": 2, "species_sci": "Cacatua galerita", "species_com": "Sulphur-crested Cockatoo" }, "geometry": { "type": "Point", "coordinates": [ 149.8883, -33.6963 ] } },
{ "type": "Feature", "properties": { "decimalLatitude": -19.2956, "decimalLongitude": 146.7816, "month": 2, "species_sci": "Cacatua galerita", "species_com": "Sulphur-crested Cockatoo" }, "geometry": { "type": "Point", "coordinates": [ 146.7816, -19.2956 ] } },
{ "type": "Feature", "properties": { "decimalLatitude": -33.6963, "decimalLongitude": 149.8883, "month": 2, "species_sci": "Cacatua galerita", "species_com": "Sulphur-crested Cockatoo" }, "geometry": { "type": "Point", "coordinates": [ 149.8883, -33.6963 ] } },
{ "type": "Feature", "properties": { "decimalLatitude": -16.8181, "decimalLongitude": 145.6876, "month": 2, "species_sci": "Cacatua galerita", "species_com": "Sulphur-crested Cockatoo" }, "geometry": { "type": "Point", "coordinates": [ 145.6876, -16.8181 ] } },
{ "type": "Feature", "properties": { "decimalLatitude": -33.6963, "decimalLongitude": 149.8883, "month": 2, "species_sci": "Cacatua galerita", "species_com": "Sulphur-crested Cockatoo" }, "geometry": { "type": "Point", "coordinates": [ 149.8883, -33.6963 ] } },
{ "type": "Feature", "properties": { "decimalLatitude": -37.8853, "decimalLongitude": 147.8784, "month": 2, "species_sci": "Cacatua galerita", "species_com": "Sulphur-crested Cockatoo" }, "geometry": { "type": "Point", "coordinates": [ 147.8784, -37.8853 ] } },
{ "type": "Feature", "properties": { "decimalLatitude": -33.7159, "decimalLongitude": 150.3151, "month": 2, "species_sci": "Cacatua galerita", "species_com": "Sulphur-crested Cockatoo" }, "geometry": { "type": "Point", "coordinates": [ 150.3151, -33.7159 ] } },
{ "type": "Feature", "properties": { "decimalLatitude": -33.6963, "decimalLongitude": 149.8883, "month": 2, "species_sci": "Cacatua galerita", "species_com": "Sulphur-crested Cockatoo" }, "geometry": { "type": "Point", "coordinates": [ 149.8883, -33.6963 ] } },
{ "type": "Feature", "properties": { "decimalLatitude": -33.6963, "decimalLongitude": 149.8883, "month": 2, "species_sci": "Cacatua galerita", "species_com": "Sulphur-crested Cockatoo" }, "geometry": { "type": "Point", "coordinates": [ 149.8883, -33.6963 ] } },
{ "type": "Feature", "properties": { "decimalLatitude": -20.3474, "decimalLongitude": 148.9566, "month": 2, "species_sci": "Cacatua galerita", "species_com": "Sulphur-crested Cockatoo" }, "geometry": { "type": "Point", "coordinates": [ 148.9566, -20.3474 ] } },
{ "type": "Feature", "properties": { "decimalLatitude": -33.6963, "decimalLongitude": 149.8883, "month": 2, "species_sci": "Cacatua galerita", "species_com": "Sulphur-crested Cockatoo" }, "geometry": { "type": "Point", "coordinates": [ 149.8883, -33.6963 ] } },
{ "type": "Feature", "properties": { "decimalLatitude": -27.7003, "decimalLongitude": 153.074, "month": 2, "species_sci": "Cacatua galerita", "species_com": "Sulphur-crested Cockatoo" }, "geometry": { "type": "Point", "coordinates": [ 153.074, -27.7003 ] } },
{ "type": "Feature", "properties": { "decimalLatitude": -36.2896, "decimalLongitude": 145.2716, "month": 2, "species_sci": "Cacatua galerita", "species_com": "Sulphur-crested Cockatoo" }, "geometry": { "type": "Point", "coordinates": [ 145.2716, -36.2896 ] } },
{ "type": "Feature", "properties": { "decimalLatitude": -33.7525, "decimalLongitude": 151.0662, "month": 2, "species_sci": "Cacatua galerita", "species_com": "Sulphur-crested Cockatoo" }, "geometry": { "type": "Point", "coordinates": [ 151.0662, -33.7525 ] } },
{ "type": "Feature", "properties": { "decimalLatitude": -34.0664, "decimalLongitude": 151.0149, "month": 2, "species_sci": "Cacatua galerita", "species_com": "Sulphur-crested Cockatoo" }, "geometry": { "type": "Point", "coordinates": [ 151.0149, -34.0664 ] } },
{ "type": "Feature", "properties": { "decimalLatitude": -33.6963, "decimalLongitude": 149.8883, "month": 2, "species_sci": "Cacatua galerita", "species_com": "Sulphur-crested Cockatoo" }, "geometry": { "type": "Point", "coordinates": [ 149.8883, -33.6963 ] } },
{ "type": "Feature", "properties": { "decimalLatitude": -36.4692, "decimalLongitude": 149.8726, "month": 2, "species_sci": "Cacatua galerita", "species_com": "Sulphur-crested Cockatoo" }, "geometry": { "type": "Point", "coordinates": [ 149.8726, -36.4692 ] } },
{ "type": "Feature", "properties": { "decimalLatitude": -27.3799, "decimalLongitude": 153.0352, "month": 2, "species_sci": "Cacatua galerita", "species_com": "Sulphur-crested Cockatoo" }, "geometry": { "type": "Point", "coordinates": [ 153.0352, -27.3799 ] } },
{ "type": "Feature", "properties": { "decimalLatitude": -37.7623, "decimalLongitude": 145.3177, "month": 2, "species_sci": "Cacatua galerita", "species_com": "Sulphur-crested Cockatoo" }, "geometry": { "type": "Point", "coordinates": [ 145.3177, -37.7623 ] } },
{ "type": "Feature", "properties": { "decimalLatitude": -36.9826, "decimalLongitude": 143.9731, "month": 2, "species_sci": "Cacatua galerita", "species_com": "Sulphur-crested Cockatoo" }, "geometry": { "type": "Point", "coordinates": [ 143.9731, -36.9826 ] } },
{ "type": "Feature", "properties": { "decimalLatitude": -34.6248, "decimalLongitude": 150.8531, "month": 2, "species_sci": "Cacatua galerita", "species_com": "Sulphur-crested Cockatoo" }, "geometry": { "type": "Point", "coordinates": [ 150.8531, -34.6248 ] } },
{ "type": "Feature", "properties": { "decimalLatitude": -35.1264, "decimalLongitude": 149.7359, "month": 2, "species_sci": "Cacatua galerita", "species_com": "Sulphur-crested Cockatoo" }, "geometry": { "type": "Point", "coordinates": [ 149.7359, -35.1264 ] } },
{ "type": "Feature", "properties": { "decimalLatitude": -33.9456, "decimalLongitude": 149.8543, "month": 3, "species_sci": "Cacatua galerita", "species_com": "Sulphur-crested Cockatoo" }, "geometry": { "type": "Point", "coordinates": [ 149.8543, -33.9456 ] } },
{ "type": "Feature", "properties": { "decimalLatitude": -33.9456, "decimalLongitude": 149.8543, "month": 3, "species_sci": "Cacatua galerita", "species_com": "Sulphur-crested Cockatoo" }, "geometry": { "type": "Point", "coordinates": [ 149.8543, -33.9456 ] } },
{ "type": "Feature", "properties": { "decimalLatitude": -33.9456, "decimalLongitude": 149.8543, "month": 3, "species_sci": "Cacatua galerita", "species_com": "Sulphur-crested Cockatoo" }, "geometry": { "type": "Point", "coordinates": [ 149.8543, -33.9456 ] } },
{ "type": "Feature", "properties": { "decimalLatitude": -33.9456, "decimalLongitude": 149.8543, "month": 3, "species_sci": "Cacatua galerita", "species_com": "Sulphur-crested Cockatoo" }, "geometry": { "type": "Point", "coordinates": [ 149.8543, -33.9456 ] } },
{ "type": "Feature", "properties": { "decimalLatitude": -33.9456, "decimalLongitude": 149.8543, "month": 3, "species_sci": "Cacatua galerita", "species_com": "Sulphur-crested Cockatoo" }, "geometry": { "type": "Point", "coordinates": [ 149.8543, -33.9456 ] } },
{ "type": "Feature", "properties": { "decimalLatitude": -33.9456, "decimalLongitude": 149.8543, "month": 3, "species_sci": "Cacatua galerita", "species_com": "Sulphur-crested Cockatoo" }, "geometry": { "type": "Point", "coordinates": [ 149.8543, -33.9456 ] } },
{ "type": "Feature", "properties": { "decimalLatitude": -33.9456, "decimalLongitude": 149.8543, "month": 3, "species_sci": "Cacatua galerita", "species_com": "Sulphur-crested Cockatoo" }, "geometry": { "type": "Point", "coordinates": [ 149.8543, -33.9456 ] } },
{ "type": "Feature", "properties": { "decimalLatitude": -33.9456, "decimalLongitude": 149.8543, "month": 3, "species_sci": "Cacatua galerita", "species_com": "Sulphur-crested Cockatoo" }, "geometry": { "type": "Point", "coordinates": [ 149.8543, -33.9456 ] } },
{ "type": "Feature", "properties": { "decimalLatitude": -33.9456, "decimalLongitude": 149.8543, "month": 3, "species_sci": "Cacatua galerita", "species_com": "Sulphur-crested Cockatoo" }, "geometry": { "type": "Point", "coordinates": [ 149.8543, -33.9456 ] } },
{ "type": "Feature", "properties": { "decimalLatitude": -33.9456, "decimalLongitude": 149.8543, "month": 3, "species_sci": "Cacatua galerita", "species_com": "Sulphur-crested Cockatoo" }, "geometry": { "type": "Point", "coordinates": [ 149.8543, -33.9456 ] } },
{ "type": "Feature", "properties": { "decimalLatitude": -33.9456, "decimalLongitude": 149.8543, "month": 3, "species_sci": "Cacatua galerita", "species_com": "Sulphur-crested Cockatoo" }, "geometry": { "type": "Point", "coordinates": [ 149.8543, -33.9456 ] } },
{ "type": "Feature", "properties": { "decimalLatitude": -33.9456, "decimalLongitude": 149.8543, "month": 3, "species_sci": "Cacatua galerita", "species_com": "Sulphur-crested Cockatoo" }, "geometry": { "type": "Point", "coordinates": [ 149.8543, -33.9456 ] } },
{ "type": "Feature", "properties": { "decimalLatitude": -33.9456, "decimalLongitude": 149.8543, "month": 3, "species_sci": "Cacatua galerita", "species_com": "Sulphur-crested Cockatoo" }, "geometry": { "type": "Point", "coordinates": [ 149.8543, -33.9456 ] } },
{ "type": "Feature", "properties": { "decimalLatitude": -33.9456, "decimalLongitude": 149.8543, "month": 3, "species_sci": "Cacatua galerita", "species_com": "Sulphur-crested Cockatoo" }, "geometry": { "type": "Point", "coordinates": [ 149.8543, -33.9456 ] } },
{ "type": "Feature", "properties": { "decimalLatitude": -33.9456, "decimalLongitude": 149.8543, "month": 3, "species_sci": "Cacatua galerita", "species_com": "Sulphur-crested Cockatoo" }, "geometry": { "type": "Point", "coordinates": [ 149.8543, -33.9456 ] } },
{ "type": "Feature", "properties": { "decimalLatitude": -33.9456, "decimalLongitude": 149.8543, "month": 3, "species_sci": "Cacatua galerita", "species_com": "Sulphur-crested Cockatoo" }, "geometry": { "type": "Point", "coordinates": [ 149.8543, -33.9456 ] } },
{ "type": "Feature", "properties": { "decimalLatitude": -33.9456, "decimalLongitude": 149.8543, "month": 3, "species_sci": "Cacatua galerita", "species_com": "Sulphur-crested Cockatoo" }, "geometry": { "type": "Point", "coordinates": [ 149.8543, -33.9456 ] } },
{ "type": "Feature", "properties": { "decimalLatitude": -33.9456, "decimalLongitude": 149.8543, "month": 3, "species_sci": "Cacatua galerita", "species_com": "Sulphur-crested Cockatoo" }, "geometry": { "type": "Point", "coordinates": [ 149.8543, -33.9456 ] } },
{ "type": "Feature", "properties": { "decimalLatitude": -33.9456, "decimalLongitude": 149.8543, "month": 3, "species_sci": "Cacatua galerita", "species_com": "Sulphur-crested Cockatoo" }, "geometry": { "type": "Point", "coordinates": [ 149.8543, -33.9456 ] } },
{ "type": "Feature", "properties": { "decimalLatitude": -33.9456, "decimalLongitude": 149.8543, "month": 3, "species_sci": "Cacatua galerita", "species_com": "Sulphur-crested Cockatoo" }, "geometry": { "type": "Point", "coordinates": [ 149.8543, -33.9456 ] } },
{ "type": "Feature", "properties": { "decimalLatitude": -33.9456, "decimalLongitude": 149.8543, "month": 3, "species_sci": "Cacatua galerita", "species_com": "Sulphur-crested Cockatoo" }, "geometry": { "type": "Point", "coordinates": [ 149.8543, -33.9456 ] } },
{ "type": "Feature", "properties": { "decimalLatitude": -33.9456, "decimalLongitude": 149.8543, "month": 3, "species_sci": "Cacatua galerita", "species_com": "Sulphur-crested Cockatoo" }, "geometry": { "type": "Point", "coordinates": [ 149.8543, -33.9456 ] } },
{ "type": "Feature", "properties": { "decimalLatitude": -33.9456, "decimalLongitude": 149.8543, "month": 3, "species_sci": "Cacatua galerita", "species_com": "Sulphur-crested Cockatoo" }, "geometry": { "type": "Point", "coordinates": [ 149.8543, -33.9456 ] } },
{ "type": "Feature", "properties": { "decimalLatitude": -33.9456, "decimalLongitude": 149.8543, "month": 3, "species_sci": "Cacatua galerita", "species_com": "Sulphur-crested Cockatoo" }, "geometry": { "type": "Point", "coordinates": [ 149.8543, -33.9456 ] } },
{ "type": "Feature", "properties": { "decimalLatitude": -33.9456, "decimalLongitude": 149.8543, "month": 3, "species_sci": "Cacatua galerita", "species_com": "Sulphur-crested Cockatoo" }, "geometry": { "type": "Point", "coordinates": [ 149.8543, -33.9456 ] } },
{ "type": "Feature", "properties": { "decimalLatitude": -33.9456, "decimalLongitude": 149.8543, "month": 3, "species_sci": "Cacatua galerita", "species_com": "Sulphur-crested Cockatoo" }, "geometry": { "type": "Point", "coordinates": [ 149.8543, -33.9456 ] } },
{ "type": "Feature", "properties": { "decimalLatitude": -33.9456, "decimalLongitude": 149.8543, "month": 3, "species_sci": "Cacatua galerita", "species_com": "Sulphur-crested Cockatoo" }, "geometry": { "type": "Point", "coordinates": [ 149.8543, -33.9456 ] } },
{ "type": "Feature", "properties": { "decimalLatitude": -33.9456, "decimalLongitude": 149.8543, "month": 3, "species_sci": "Cacatua galerita", "species_com": "Sulphur-crested Cockatoo" }, "geometry": { "type": "Point", "coordinates": [ 149.8543, -33.9456 ] } },
{ "type": "Feature", "properties": { "decimalLatitude": -33.9456, "decimalLongitude": 149.8543, "month": 3, "species_sci": "Cacatua galerita", "species_com": "Sulphur-crested Cockatoo" }, "geometry": { "type": "Point", "coordinates": [ 149.8543, -33.9456 ] } },
{ "type": "Feature", "properties": { "decimalLatitude": -33.9456, "decimalLongitude": 149.8543, "month": 3, "species_sci": "Cacatua galerita", "species_com": "Sulphur-crested Cockatoo" }, "geometry": { "type": "Point", "coordinates": [ 149.8543, -33.9456 ] } },
{ "type": "Feature", "properties": { "decimalLatitude": -33.9456, "decimalLongitude": 149.8543, "month": 3, "species_sci": "Cacatua galerita", "species_com": "Sulphur-crested Cockatoo" }, "geometry": { "type": "Point", "coordinates": [ 149.8543, -33.9456 ] } },
{ "type": "Feature", "properties": { "decimalLatitude": -33.9456, "decimalLongitude": 149.8543, "month": 3, "species_sci": "Cacatua galerita", "species_com": "Sulphur-crested Cockatoo" }, "geometry": { "type": "Point", "coordinates": [ 149.8543, -33.9456 ] } },
{ "type": "Feature", "properties": { "decimalLatitude": -33.9456, "decimalLongitude": 149.8543, "month": 3, "species_sci": "Cacatua galerita", "species_com": "Sulphur-crested Cockatoo" }, "geometry": { "type": "Point", "coordinates": [ 149.8543, -33.9456 ] } },
{ "type": "Feature", "properties": { "decimalLatitude": -33.9456, "decimalLongitude": 149.8543, "month": 3, "species_sci": "Cacatua galerita", "species_com": "Sulphur-crested Cockatoo" }, "geometry": { "type": "Point", "coordinates": [ 149.8543, -33.9456 ] } },
{ "type": "Feature", "properties": { "decimalLatitude": -33.9456, "decimalLongitude": 149.8543, "month": 3, "species_sci": "Cacatua galerita", "species_com": "Sulphur-crested Cockatoo" }, "geometry": { "type": "Point", "coordinates": [ 149.8543, -33.9456 ] } },
{ "type": "Feature", "properties": { "decimalLatitude": -33.9456, "decimalLongitude": 149.8543, "month": 3, "species_sci": "Cacatua galerita", "species_com": "Sulphur-crested Cockatoo" }, "geometry": { "type": "Point", "coordinates": [ 149.8543, -33.9456 ] } },
{ "type": "Feature", "properties": { "decimalLatitude": -33.9456, "decimalLongitude": 149.8543, "month": 3, "species_sci": "Cacatua galerita", "species_com": "Sulphur-crested Cockatoo" }, "geometry": { "type": "Point", "coordinates": [ 149.8543, -33.9456 ] } },
{ "type": "Feature", "properties": { "decimalLatitude": -33.9456, "decimalLongitude": 149.8543, "month": 3, "species_sci": "Cacatua galerita", "species_com": "Sulphur-crested Cockatoo" }, "geometry": { "type": "Point", "coordinates": [ 149.8543, -33.9456 ] } },
{ "type": "Feature", "properties": { "decimalLatitude": -33.9456, "decimalLongitude": 149.8543, "month": 3, "species_sci": "Cacatua galerita", "species_com": "Sulphur-crested Cockatoo" }, "geometry": { "type": "Point", "coordinates": [ 149.8543, -33.9456 ] } },
{ "type": "Feature", "properties": { "decimalLatitude": -33.9456, "decimalLongitude": 149.8543, "month": 3, "species_sci": "Cacatua galerita", "species_com": "Sulphur-crested Cockatoo" }, "geometry": { "type": "Point", "coordinates": [ 149.8543, -33.9456 ] } },
{ "type": "Feature", "properties": { "decimalLatitude": -33.9456, "decimalLongitude": 149.8543, "month": 3, "species_sci": "Cacatua galerita", "species_com": "Sulphur-crested Cockatoo" }, "geometry": { "type": "Point", "coordinates": [ 149.8543, -33.9456 ] } },
{ "type": "Feature", "properties": { "decimalLatitude": -33.9456, "decimalLongitude": 149.8543, "month": 3, "species_sci": "Cacatua galerita", "species_com": "Sulphur-crested Cockatoo" }, "geometry": { "type": "Point", "coordinates": [ 149.8543, -33.9456 ] } },
{ "type": "Feature", "properties": { "decimalLatitude": -33.9456, "decimalLongitude": 149.8543, "month": 3, "species_sci": "Cacatua galerita", "species_com": "Sulphur-crested Cockatoo" }, "geometry": { "type": "Point", "coordinates": [ 149.8543, -33.9456 ] } },
{ "type": "Feature", "properties": { "decimalLatitude": -33.9456, "decimalLongitude": 149.8543, "month": 3, "species_sci": "Cacatua galerita", "species_com": "Sulphur-crested Cockatoo" }, "geometry": { "type": "Point", "coordinates": [ 149.8543, -33.9456 ] } },
{ "type": "Feature", "properties": { "decimalLatitude": -33.9456, "decimalLongitude": 149.8543, "month": 3, "species_sci": "Cacatua galerita", "species_com": "Sulphur-crested Cockatoo" }, "geometry": { "type": "Point", "coordinates": [ 149.8543, -33.9456 ] } },
{ "type": "Feature", "properties": { "decimalLatitude": -33.9456, "decimalLongitude": 149.8543, "month": 3, "species_sci": "Cacatua galerita", "species_com": "Sulphur-crested Cockatoo" }, "geometry": { "type": "Point", "coordinates": [ 149.8543, -33.9456 ] } },
{ "type": "Feature", "properties": { "decimalLatitude": -33.9456, "decimalLongitude": 149.8543, "month": 3, "species_sci": "Cacatua galerita", "species_com": "Sulphur-crested Cockatoo" }, "geometry": { "type": "Point", "coordinates": [ 149.8543, -33.9456 ] } },
{ "type": "Feature", "properties": { "decimalLatitude": -33.9456, "decimalLongitude": 149.8543, "month": 3, "species_sci": "Cacatua galerita", "species_com": "Sulphur-crested Cockatoo" }, "geometry": { "type": "Point", "coordinates": [ 149.8543, -33.9456 ] } },
{ "type": "Feature", "properties": { "decimalLatitude": -33.9456, "decimalLongitude": 149.8543, "month": 3, "species_sci": "Cacatua galerita", "species_com": "Sulphur-crested Cockatoo" }, "geometry": { "type": "Point", "coordinates": [ 149.8543, -33.9456 ] } },
{ "type": "Feature", "properties": { "decimalLatitude": -33.9456, "decimalLongitude": 149.8543, "month": 3, "species_sci": "Cacatua galerita", "species_com": "Sulphur-crested Cockatoo" }, "geometry": { "type": "Point", "coordinates": [ 149.8543, -33.9456 ] } },
{ "type": "Feature", "properties": { "decimalLatitude": -33.9456, "decimalLongitude": 149.8543, "month": 3, "species_sci": "Cacatua galerita", "species_com": "Sulphur-crested Cockatoo" }, "geometry": { "type": "Point", "coordinates": [ 149.8543, -33.9456 ] } },
{ "type": "Feature", "properties": { "decimalLatitude": -33.9456, "decimalLongitude": 149.8543, "month": 3, "species_sci": "Cacatua galerita", "species_com": "Sulphur-crested Cockatoo" }, "geometry": { "type": "Point", "coordinates": [ 149.8543, -33.9456 ] } },
{ "type": "Feature", "properties": { "decimalLatitude": -33.9456, "decimalLongitude": 149.8543, "month": 3, "species_sci": "Cacatua galerita", "species_com": "Sulphur-crested Cockatoo" }, "geometry": { "type": "Point", "coordinates": [ 149.8543, -33.9456 ] } },
{ "type": "Feature", "properties": { "decimalLatitude": -33.9456, "decimalLongitude": 149.8543, "month": 3, "species_sci": "Cacatua galerita", "species_com": "Sulphur-crested Cockatoo" }, "geometry": { "type": "Point", "coordinates": [ 149.8543, -33.9456 ] } },
{ "type": "Feature", "properties": { "decimalLatitude": -33.9456, "decimalLongitude": 149.8543, "month": 3, "species_sci": "Cacatua galerita", "species_com": "Sulphur-crested Cockatoo" }, "geometry": { "type": "Point", "coordinates": [ 149.8543, -33.9456 ] } },
{ "type": "Feature", "properties": { "decimalLatitude": -33.9456, "decimalLongitude": 149.8543, "month": 3, "species_sci": "Cacatua galerita", "species_com": "Sulphur-crested Cockatoo" }, "geometry": { "type": "Point", "coordinates": [ 149.8543, -33.9456 ] } },
{ "type": "Feature", "properties": { "decimalLatitude": -33.9456, "decimalLongitude": 149.8543, "month": 3, "species_sci": "Cacatua galerita", "species_com": "Sulphur-crested Cockatoo" }, "geometry": { "type": "Point", "coordinates": [ 149.8543, -33.9456 ] } },
{ "type": "Feature", "properties": { "decimalLatitude": -33.9456, "decimalLongitude": 149.8543, "month": 3, "species_sci": "Cacatua galerita", "species_com": "Sulphur-crested Cockatoo" }, "geometry": { "type": "Point", "coordinates": [ 149.8543, -33.9456 ] } },
{ "type": "Feature", "properties": { "decimalLatitude": -33.9456, "decimalLongitude": 149.8543, "month": 3, "species_sci": "Cacatua galerita", "species_com": "Sulphur-crested Cockatoo" }, "geometry": { "type": "Point", "coordinates": [ 149.8543, -33.9456 ] } },
{ "type": "Feature", "properties": { "decimalLatitude": -33.9456, "decimalLongitude": 149.8543, "month": 3, "species_sci": "Cacatua galerita", "species_com": "Sulphur-crested Cockatoo" }, "geometry": { "type": "Point", "coordinates": [ 149.8543, -33.9456 ] } },
{ "type": "Feature", "properties": { "decimalLatitude": -33.9456, "decimalLongitude": 149.8543, "month": 3, "species_sci": "Cacatua galerita", "species_com": "Sulphur-crested Cockatoo" }, "geometry": { "type": "Point", "coordinates": [ 149.8543, -33.9456 ] } },
{ "type": "Feature", "properties": { "decimalLatitude": -33.9456, "decimalLongitude": 149.8543, "month": 3, "species_sci": "Cacatua galerita", "species_com": "Sulphur-crested Cockatoo" }, "geometry": { "type": "Point", "coordinates": [ 149.8543, -33.9456 ] } },
{ "type": "Feature", "properties": { "decimalLatitude": -33.9456, "decimalLongitude": 149.8543, "month": 3, "species_sci": "Cacatua galerita", "species_com": "Sulphur-crested Cockatoo" }, "geometry": { "type": "Point", "coordinates": [ 149.8543, -33.9456 ] } },
{ "type": "Feature", "properties": { "decimalLatitude": -33.9456, "decimalLongitude": 149.8543, "month": 3, "species_sci": "Cacatua galerita", "species_com": "Sulphur-crested Cockatoo" }, "geometry": { "type": "Point", "coordinates": [ 149.8543, -33.9456 ] } },
{ "type": "Feature", "properties": { "decimalLatitude": -33.9456, "decimalLongitude": 149.8543, "month": 3, "species_sci": "Cacatua galerita", "species_com": "Sulphur-crested Cockatoo" }, "geometry": { "type": "Point", "coordinates": [ 149.8543, -33.9456 ] } },
{ "type": "Feature", "properties": { "decimalLatitude": -33.9456, "decimalLongitude": 149.8543, "month": 3, "species_sci": "Cacatua galerita", "species_com": "Sulphur-crested Cockatoo" }, "geometry": { "type": "Point", "coordinates": [ 149.8543, -33.9456 ] } },
{ "type": "Feature", "properties": { "decimalLatitude": -33.9456, "decimalLongitude": 149.8543, "month": 3, "species_sci": "Cacatua galerita", "species_com": "Sulphur-crested Cockatoo" }, "geometry": { "type": "Point", "coordinates": [ 149.8543, -33.9456 ] } },
{ "type": "Feature", "properties": { "decimalLatitude": -33.9456, "decimalLongitude": 149.8543, "month": 3, "species_sci": "Cacatua galerita", "species_com": "Sulphur-crested Cockatoo" }, "geometry": { "type": "Point", "coordinates": [ 149.8543, -33.9456 ] } },
{ "type": "Feature", "properties": { "decimalLatitude": -33.9456, "decimalLongitude": 149.8543, "month": 3, "species_sci": "Cacatua galerita", "species_com": "Sulphur-crested Cockatoo" }, "geometry": { "type": "Point", "coordinates": [ 149.8543, -33.9456 ] } },
{ "type": "Feature", "properties": { "decimalLatitude": -33.9456, "decimalLongitude": 149.8543, "month": 3, "species_sci": "Cacatua galerita", "species_com": "Sulphur-crested Cockatoo" }, "geometry": { "type": "Point", "coordinates": [ 149.8543, -33.9456 ] } },
{ "type": "Feature", "properties": { "decimalLatitude": -33.9456, "decimalLongitude": 149.8543, "month": 3, "species_sci": "Cacatua galerita", "species_com": "Sulphur-crested Cockatoo" }, "geometry": { "type": "Point", "coordinates": [ 149.8543, -33.9456 ] } },
{ "type": "Feature", "properties": { "decimalLatitude": -33.9456, "decimalLongitude": 149.8543, "month": 3, "species_sci": "Cacatua galerita", "species_com": "Sulphur-crested Cockatoo" }, "geometry": { "type": "Point", "coordinates": [ 149.8543, -33.9456 ] } },
{ "type": "Feature", "properties": { "decimalLatitude": -33.9456, "decimalLongitude": 149.8543, "month": 3, "species_sci": "Cacatua galerita", "species_com": "Sulphur-crested Cockatoo" }, "geometry": { "type": "Point", "coordinates": [ 149.8543, -33.9456 ] } },
{ "type": "Feature", "properties": { "decimalLatitude": -33.9456, "decimalLongitude": 149.8543, "month": 3, "species_sci": "Cacatua galerita", "species_com": "Sulphur-crested Cockatoo" }, "geometry": { "type": "Point", "coordinates": [ 149.8543, -33.9456 ] } },
{ "type": "Feature", "properties": { "decimalLatitude": -33.9456, "decimalLongitude": 149.8543, "month": 3, "species_sci": "Cacatua galerita", "species_com": "Sulphur-crested Cockatoo" }, "geometry": { "type": "Point", "coordinates": [ 149.8543, -33.9456 ] } },
{ "type": "Feature", "properties": { "decimalLatitude": -33.9456, "decimalLongitude": 149.8543, "month": 3, "species_sci": "Cacatua galerita", "species_com": "Sulphur-crested Cockatoo" }, "geometry": { "type": "Point", "coordinates": [ 149.8543, -33.9456 ] } },
{ "type": "Feature", "properties": { "decimalLatitude": -33.9456, "decimalLongitude": 149.8543, "month": 3, "species_sci": "Cacatua galerita", "species_com": "Sulphur-crested Cockatoo" }, "geometry": { "type": "Point", "coordinates": [ 149.8543, -33.9456 ] } },
{ "type": "Feature", "properties": { "decimalLatitude": -33.9456, "decimalLongitude": 149.8543, "month": 3, "species_sci": "Cacatua galerita", "species_com": "Sulphur-crested Cockatoo" }, "geometry": { "type": "Point", "coordinates": [ 149.8543, -33.9456 ] } },
{ "type": "Feature", "properties": { "decimalLatitude": -33.9456, "decimalLongitude": 149.8543, "month": 3, "species_sci": "Cacatua galerita", "species_com": "Sulphur-crested Cockatoo" }, "geometry": { "type": "Point", "coordinates": [ 149.8543, -33.9456 ] } },
{ "type": "Feature", "properties": { "decimalLatitude": -33.9456, "decimalLongitude": 149.8543, "month": 3, "species_sci": "Cacatua galerita", "species_com": "Sulphur-crested Cockatoo" }, "geometry": { "type": "Point", "coordinates": [ 149.8543, -33.9456 ] } },
{ "type": "Feature", "properties": { "decimalLatitude": -33.9456, "decimalLongitude": 149.8543, "month": 3, "species_sci": "Cacatua galerita", "species_com": "Sulphur-crested Cockatoo" }, "geometry": { "type": "Point", "coordinates": [ 149.8543, -33.9456 ] } },
{ "type": "Feature", "properties": { "decimalLatitude": -33.9456, "decimalLongitude": 149.8543, "month": 3, "species_sci": "Cacatua galerita", "species_com": "Sulphur-crested Cockatoo" }, "geometry": { "type": "Point", "coordinates": [ 149.8543, -33.9456 ] } },
{ "type": "Feature", "properties": { "decimalLatitude": -33.9456, "decimalLongitude": 149.8543, "month": 3, "species_sci": "Cacatua galerita", "species_com": "Sulphur-crested Cockatoo" }, "geometry": { "type": "Point", "coordinates": [ 149.8543, -33.9456 ] } },
{ "type": "Feature", "properties": { "decimalLatitude": -33.9456, "decimalLongitude": 149.8543, "month": 3, "species_sci": "Cacatua galerita", "species_com": "Sulphur-crested Cockatoo" }, "geometry": { "type": "Point", "coordinates": [ 149.8543, -33.9456 ] } },
{ "type": "Feature", "properties": { "decimalLatitude": -33.9456, "decimalLongitude": 149.8543, "month": 3, "species_sci": "Cacatua galerita", "species_com": "Sulphur-crested Cockatoo" }, "geometry": { "type": "Point", "coordinates": [ 149.8543, -33.9456 ] } },
{ "type": "Feature", "properties": { "decimalLatitude": -33.9456, "decimalLongitude": 149.8543, "month": 3, "species_sci": "Cacatua galerita", "species_com": "Sulphur-crested Cockatoo" }, "geometry": { "type": "Point", "coordinates": [ 149.8543, -33.9456 ] } },
{ "type": "Feature", "properties": { "decimalLatitude": -33.9456, "decimalLongitude": 149.8543, "month": 3, "species_sci": "Cacatua galerita", "species_com": "Sulphur-crested Cockatoo" }, "geometry": { "type": "Point", "coordinates": [ 149.8543, -33.9456 ] } },
{ "type": "Feature", "properties": { "decimalLatitude": -33.9456, "decimalLongitude": 149.8543, "month": 3, "species_sci": "Cacatua galerita", "species_com": "Sulphur-crested Cockatoo" }, "geometry": { "type": "Point", "coordinates": [ 149.8543, -33.9456 ] } },
{ "type": "Feature", "properties": { "decimalLatitude": -33.9456, "decimalLongitude": 149.8543, "month": 3, "species_sci": "Cacatua galerita", "species_com": "Sulphur-crested Cockatoo" }, "geometry": { "type": "Point", "coordinates": [ 149.8543, -33.9456 ] } },
{ "type": "Feature", "properties": { "decimalLatitude": -33.9456, "decimalLongitude": 149.8543, "month": 3, "species_sci": "Cacatua galerita", "species_com": "Sulphur-crested Cockatoo" }, "geometry": { "type": "Point", "coordinates": [ 149.8543, -33.9456 ] } },
{ "type": "Feature", "properties": { "decimalLatitude": -33.9456, "decimalLongitude": 149.8543, "month": 3, "species_sci": "Cacatua galerita", "species_com": "Sulphur-crested Cockatoo" }, "geometry": { "type": "Point", "coordinates": [ 149.8543, -33.9456 ] } },
{ "type": "Feature", "properties": { "decimalLatitude": -33.9456, "decimalLongitude": 149.8543, "month": 3, "species_sci": "Cacatua galerita", "species_com": "Sulphur-crested Cockatoo" }, "geometry": { "type": "Point", "coordinates": [ 149.8543, -33.9456 ] } },
{ "type": "Feature", "properties": { "decimalLatitude": -33.9456, "decimalLongitude": 149.8543, "month": 3, "species_sci": "Cacatua galerita", "species_com": "Sulphur-crested Cockatoo" }, "geometry": { "type": "Point", "coordinates": [ 149.8543, -33.9456 ] } },
{ "type": "Feature", "properties": { "decimalLatitude": -33.9456, "decimalLongitude": 149.8543, "month": 3, "species_sci": "Cacatua galerita", "species_com": "Sulphur-crested Cockatoo" }, "geometry": { "type": "Point", "coordinates": [ 149.8543, -33.9456 ] } },
{ "type": "Feature", "properties": { "decimalLatitude": -33.9456, "decimalLongitude": 149.8543, "month": 3, "species_sci": "Cacatua galerita", "species_com": "Sulphur-crested Cockatoo" }, "geometry": { "type": "Point", "coordinates": [ 149.8543, -33.9456 ] } },
{ "type": "Feature", "properties": { "decimalLatitude": -33.9456, "decimalLongitude": 149.8543, "month": 3, "species_sci": "Cacatua galerita", "species_com": "Sulphur-crested Cockatoo" }, "geometry": { "type": "Point", "coordinates": [ 149.8543, -33.9456 ] } },
{ "type": "Feature", "properties": { "decimalLatitude": -33.9456, "decimalLongitude": 149.8543, "month": 3, "species_sci": "Cacatua galerita", "species_com": "Sulphur-crested Cockatoo" }, "geometry": { "type": "Point", "coordinates": [ 149.8543, -33.9456 ] } },
{ "type": "Feature", "properties": { "decimalLatitude": -33.9456, "decimalLongitude": 149.8543, "month": 3, "species_sci": "Cacatua galerita", "species_com": "Sulphur-crested Cockatoo" }, "geometry": { "type": "Point", "coordinates": [ 149.8543, -33.9456 ] } },
{ "type": "Feature", "properties": { "decimalLatitude": -33.9456, "decimalLongitude": 149.8543, "month": 3, "species_sci": "Cacatua galerita", "species_com": "Sulphur-crested Cockatoo" }, "geometry": { "type": "Point", "coordinates": [ 149.8543, -33.9456 ] } },
{ "type": "Feature", "properties": { "decimalLatitude": -33.9456, "decimalLongitude": 149.8543, "month": 3, "species_sci": "Cacatua galerita", "species_com": "Sulphur-crested Cockatoo" }, "geometry": { "type": "Point", "coordinates": [ 149.8543, -33.9456 ] } },
{ "type": "Feature", "properties": { "decimalLatitude": -33.9456, "decimalLongitude": 149.8543, "month": 3, "species_sci": "Cacatua galerita", "species_com": "Sulphur-crested Cockatoo" }, "geometry": { "type": "Point", "coordinates": [ 149.8543, -33.9456 ] } },
{ "type": "Feature", "properties": { "decimalLatitude": -33.9456, "decimalLongitude": 149.8543, "month": 3, "species_sci": "Cacatua galerita", "species_com": "Sulphur-crested Cockatoo" }, "geometry": { "type": "Point", "coordinates": [ 149.8543, -33.9456 ] } },
{ "type": "Feature", "properties": { "decimalLatitude": -33.9456, "decimalLongitude": 149.8543, "month": 3, "species_sci": "Cacatua galerita", "species_com": "Sulphur-crested Cockatoo" }, "geometry": { "type": "Point", "coordinates": [ 149.8543, -33.9456 ] } },
{ "type": "Feature", "properties": { "decimalLatitude": -33.9456, "decimalLongitude": 149.8543, "month": 3, "species_sci": "Cacatua galerita", "species_com": "Sulphur-crested Cockatoo" }, "geometry": { "type": "Point", "coordinates": [ 149.8543, -33.9456 ] } },
{ "type": "Feature", "properties": { "decimalLatitude": -33.9456, "decimalLongitude": 149.8543, "month": 3, "species_sci": "Cacatua galerita", "species_com": "Sulphur-crested Cockatoo" }, "geometry": { "type": "Point", "coordinates": [ 149.8543, -33.9456 ] } },
{ "type": "Feature", "properties": { "decimalLatitude": -33.9456, "decimalLongitude": 149.8543, "month": 3, "species_sci": "Cacatua galerita", "species_com": "Sulphur-crested Cockatoo" }, "geometry": { "type": "Point", "coordinates": [ 149.8543, -33.9456 ] } },
{ "type": "Feature", "properties": { "decimalLatitude": -33.9456, "decimalLongitude": 149.8543, "month": 3, "species_sci": "Cacatua galerita", "species_com": "Sulphur-crested Cockatoo" }, "geometry": { "type": "Point", "coordinates": [ 149.8543, -33.9456 ] } },
{ "type": "Feature", "properties": { "decimalLatitude": -33.9456, "decimalLongitude": 149.8543, "month": 3, "species_sci": "Cacatua galerita", "species_com": "Sulphur-crested Cockatoo" }, "geometry": { "type": "Point", "coordinates": [ 149.8543, -33.9456 ] } },
{ "type": "Feature", "properties": { "decimalLatitude": -33.9456, "decimalLongitude": 149.8543, "month": 3, "species_sci": "Cacatua galerita", "species_com": "Sulphur-crested Cockatoo" }, "geometry": { "type": "Point", "coordinates": [ 149.8543, -33.9456 ] } },
{ "type": "Feature", "properties": { "decimalLatitude": -33.9456, "decimalLongitude": 149.8543, "month": 3, "species_sci": "Cacatua galerita", "species_com": "Sulphur-crested Cockatoo" }, "geometry": { "type": "Point", "coordinates": [ 149.8543, -33.9456 ] } },
{ "type": "Feature", "properties": { "decimalLatitude": -33.9456, "decimalLongitude": 149.8543, "month": 3, "species_sci": "Cacatua galerita", "species_com": "Sulphur-crested Cockatoo" }, "geometry": { "type": "Point", "coordinates": [ 149.8543, -33.9456 ] } },
{ "type": "Feature", "properties": { "decimalLatitude": -33.9456, "decimalLongitude": 149.8543, "month": 3, "species_sci": "Cacatua galerita", "species_com": "Sulphur-crested Cockatoo" }, "geometry": { "type": "Point", "coordinates": [ 149.8543, -33.9456 ] } },
{ "type": "Feature", "properties": { "decimalLatitude": -33.9456, "decimalLongitude": 149.8543, "month": 3, "species_sci": "Cacatua galerita", "species_com": "Sulphur-crested Cockatoo" }, "geometry": { "type": "Point", "coordinates": [ 149.8543, -33.9456 ] } },
{ "type": "Feature", "properties": { "decimalLatitude": -33.9456, "decimalLongitude": 149.8543, "month": 3, "species_sci": "Cacatua galerita", "species_com": "Sulphur-crested Cockatoo" }, "geometry": { "type": "Point", "coordinates": [ 149.8543, -33.9456 ] } },
{ "type": "Feature", "properties": { "decimalLatitude": -33.9456, "decimalLongitude": 149.8543, "month": 3, "species_sci": "Cacatua galerita", "species_com": "Sulphur-crested Cockatoo" }, "geometry": { "type": "Point", "coordinates": [ 149.8543, -33.9456 ] } },
{ "type": "Feature", "properties": { "decimalLatitude": -33.9456, "decimalLongitude": 149.8543, "month": 3, "species_sci": "Cacatua galerita", "species_com": "Sulphur-crested Cockatoo" }, "geometry": { "type": "Point", "coordinates": [ 149.8543, -33.9456 ] } },
{ "type": "Feature", "properties": { "decimalLatitude": -33.9456, "decimalLongitude": 149.8543, "month": 3, "species_sci": "Cacatua galerita", "species_com": "Sulphur-crested Cockatoo" }, "geometry": { "type": "Point", "coordinates": [ 149.8543, -33.9456 ] } },
{ "type": "Feature", "properties": { "decimalLatitude": -33.9456, "decimalLongitude": 149.8543, "month": 3, "species_sci": "Cacatua galerita", "species_com": "Sulphur-crested Cockatoo" }, "geometry": { "type": "Point", "coordinates": [ 149.8543, -33.9456 ] } },
{ "type": "Feature", "properties": { "decimalLatitude": -33.9456, "decimalLongitude": 149.8543, "month": 3, "species_sci": "Cacatua galerita", "species_com": "Sulphur-crested Cockatoo" }, "geometry": { "type": "Point", "coordinates": [ 149.8543, -33.9456 ] } },
{ "type": "Feature", "properties": { "decimalLatitude": -33.9456, "decimalLongitude": 149.8543, "month": 3, "species_sci": "Cacatua galerita", "species_com": "Sulphur-crested Cockatoo" }, "geometry": { "type": "Point", "coordinates": [ 149.8543, -33.9456 ] } },
{ "type": "Feature", "properties": { "decimalLatitude": -33.9456, "decimalLongitude": 149.8543, "month": 3, "species_sci": "Cacatua galerita", "species_com": "Sulphur-crested Cockatoo" }, "geometry": { "type": "Point", "coordinates": [ 149.8543, -33.9456 ] } },
{ "type": "Feature", "properties": { "decimalLatitude": -33.9456, "decimalLongitude": 149.8543, "month": 3, "species_sci": "Cacatua galerita", "species_com": "Sulphur-crested Cockatoo" }, "geometry": { "type": "Point", "coordinates": [ 149.8543, -33.9456 ] } },
{ "type": "Feature", "properties": { "decimalLatitude": -33.9456, "decimalLongitude": 149.8543, "month": 3, "species_sci": "Cacatua galerita", "species_com": "Sulphur-crested Cockatoo" }, "geometry": { "type": "Point", "coordinates": [ 149.8543, -33.9456 ] } },
{ "type": "Feature", "properties": { "decimalLatitude": -33.9456, "decimalLongitude": 149.8543, "month": 3, "species_sci": "Cacatua galerita", "species_com": "Sulphur-crested Cockatoo" }, "geometry": { "type": "Point", "coordinates": [ 149.8543, -33.9456 ] } },
{ "type": "Feature", "properties": { "decimalLatitude": -33.9456, "decimalLongitude": 149.8543, "month": 3, "species_sci": "Cacatua galerita", "species_com": "Sulphur-crested Cockatoo" }, "geometry": { "type": "Point", "coordinates": [ 149.8543, -33.9456 ] } },
{ "type": "Feature", "properties": { "decimalLatitude": -33.9456, "decimalLongitude": 149.8543, "month": 3, "species_sci": "Cacatua galerita", "species_com": "Sulphur-crested Cockatoo" }, "geometry": { "type": "Point", "coordinates": [ 149.8543, -33.9456 ] } },
{ "type": "Feature", "properties": { "decimalLatitude": -33.9456, "decimalLongitude": 149.8543, "month": 3, "species_sci": "Cacatua galerita", "species_com": "Sulphur-crested Cockatoo" }, "geometry": { "type": "Point", "coordinates": [ 149.8543, -33.9456 ] } },
{ "type": "Feature", "properties": { "decimalLatitude": -33.9456, "decimalLongitude": 149.8543, "month": 3, "species_sci": "Cacatua galerita", "species_com": "Sulphur-crested Cockatoo" }, "geometry": { "type": "Point", "coordinates": [ 149.8543, -33.9456 ] } },
{ "type": "Feature", "properties": { "decimalLatitude": -33.9456, "decimalLongitude": 149.8543, "month": 3, "species_sci": "Cacatua galerita", "species_com": "Sulphur-crested Cockatoo" }, "geometry": { "type": "Point", "coordinates": [ 149.8543, -33.9456 ] } },
{ "type": "Feature", "properties": { "decimalLatitude": -33.9456, "decimalLongitude": 149.8543, "month": 3, "species_sci": "Cacatua galerita", "species_com": "Sulphur-crested Cockatoo" }, "geometry": { "type": "Point", "coordinates": [ 149.8543, -33.9456 ] } },
{ "type": "Feature", "properties": { "decimalLatitude": -33.9456, "decimalLongitude": 149.8543, "month": 3, "species_sci": "Cacatua galerita", "species_com": "Sulphur-crested Cockatoo" }, "geometry": { "type": "Point", "coordinates": [ 149.8543, -33.9456 ] } },
{ "type": "Feature", "properties": { "decimalLatitude": -33.9456, "decimalLongitude": 149.8543, "month": 3, "species_sci": "Cacatua galerita", "species_com": "Sulphur-crested Cockatoo" }, "geometry": { "type": "Point", "coordinates": [ 149.8543, -33.9456 ] } },
{ "type": "Feature", "properties": { "decimalLatitude": -33.9456, "decimalLongitude": 149.8543, "month": 3, "species_sci": "Cacatua galerita", "species_com": "Sulphur-crested Cockatoo" }, "geometry": { "type": "Point", "coordinates": [ 149.8543, -33.9456 ] } },
{ "type": "Feature", "properties": { "decimalLatitude": -33.9456, "decimalLongitude": 149.8543, "month": 3, "species_sci": "Cacatua galerita", "species_com": "Sulphur-crested Cockatoo" }, "geometry": { "type": "Point", "coordinates": [ 149.8543, -33.9456 ] } },
{ "type": "Feature", "properties": { "decimalLatitude": -33.9456, "decimalLongitude": 149.8543, "month": 3, "species_sci": "Cacatua galerita", "species_com": "Sulphur-crested Cockatoo" }, "geometry": { "type": "Point", "coordinates": [ 149.8543, -33.9456 ] } },
{ "type": "Feature", "properties": { "decimalLatitude": -33.9456, "decimalLongitude": 149.8543, "month": 3, "species_sci": "Cacatua galerita", "species_com": "Sulphur-crested Cockatoo" }, "geometry": { "type": "Point", "coordinates": [ 149.8543, -33.9456 ] } },
{ "type": "Feature", "properties": { "decimalLatitude": -33.9456, "decimalLongitude": 149.8543, "month": 3, "species_sci": "Cacatua galerita", "species_com": "Sulphur-crested Cockatoo" }, "geometry": { "type": "Point", "coordinates": [ 149.8543, -33.9456 ] } },
{ "type": "Feature", "properties": { "decimalLatitude": -33.9456, "decimalLongitude": 149.8543, "month": 3, "species_sci": "Cacatua galerita", "species_com": "Sulphur-crested Cockatoo" }, "geometry": { "type": "Point", "coordinates": [ 149.8543, -33.9456 ] } },
{ "type": "Feature", "properties": { "decimalLatitude": -33.9456, "decimalLongitude": 149.8543, "month": 3, "species_sci": "Cacatua galerita", "species_com": "Sulphur-crested Cockatoo" }, "geometry": { "type": "Point", "coordinates": [ 149.8543, -33.9456 ] } },
{ "type": "Feature", "properties": { "decimalLatitude": -33.9456, "decimalLongitude": 149.8543, "month": 3, "species_sci": "Cacatua galerita", "species_com": "Sulphur-crested Cockatoo" }, "geometry": { "type": "Point", "coordinates": [ 149.8543, -33.9456 ] } },
{ "type": "Feature", "properties": { "decimalLatitude": -33.9456, "decimalLongitude": 149.8543, "month": 3, "species_sci": "Cacatua galerita", "species_com": "Sulphur-crested Cockatoo" }, "geometry": { "type": "Point", "coordinates": [ 149.8543, -33.9456 ] } },
{ "type": "Feature", "properties": { "decimalLatitude": -33.9456, "decimalLongitude": 149.8543, "month": 3, "species_sci": "Cacatua galerita", "species_com": "Sulphur-crested Cockatoo" }, "geometry": { "type": "Point", "coordinates": [ 149.8543, -33.9456 ] } },
{ "type": "Feature", "properties": { "decimalLatitude": -33.9456, "decimalLongitude": 149.8543, "month": 3, "species_sci": "Cacatua galerita", "species_com": "Sulphur-crested Cockatoo" }, "geometry": { "type": "Point", "coordinates": [ 149.8543, -33.9456 ] } },
{ "type": "Feature", "properties": { "decimalLatitude": -33.9456, "decimalLongitude": 149.8543, "month": 3, "species_sci": "Cacatua galerita", "species_com": "Sulphur-crested Cockatoo" }, "geometry": { "type": "Point", "coordinates": [ 149.8543, -33.9456 ] } },
{ "type": "Feature", "properties": { "decimalLatitude": -33.9456, "decimalLongitude": 149.8543, "month": 3, "species_sci": "Cacatua galerita", "species_com": "Sulphur-crested Cockatoo" }, "geometry": { "type": "Point", "coordinates": [ 149.8543, -33.9456 ] } },
{ "type": "Feature", "properties": { "decimalLatitude": -33.9456, "decimalLongitude": 149.8543, "month": 3, "species_sci": "Cacatua galerita", "species_com": "Sulphur-crested Cockatoo" }, "geometry": { "type": "Point", "coordinates": [ 149.8543, -33.9456 ] } },
{ "type": "Feature", "properties": { "decimalLatitude": -33.9456, "decimalLongitude": 149.8543, "month": 3, "species_sci": "Cacatua galerita", "species_com": "Sulphur-crested Cockatoo" }, "geometry": { "type": "Point", "coordinates": [ 149.8543, -33.9456 ] } },
{ "type": "Feature", "properties": { "decimalLatitude": -33.9456, "decimalLongitude": 149.8543, "month": 3, "species_sci": "Cacatua galerita", "species_com": "Sulphur-crested Cockatoo" }, "geometry": { "type": "Point", "coordinates": [ 149.8543, -33.9456 ] } },
{ "type": "Feature", "properties": { "decimalLatitude": -33.9456, "decimalLongitude": 149.8543, "month": 3, "species_sci": "Cacatua galerita", "species_com": "Sulphur-crested Cockatoo" }, "geometry": { "type": "Point", "coordinates": [ 149.8543, -33.9456 ] } },
{ "type": "Feature", "properties": { "decimalLatitude": -33.9456, "decimalLongitude": 149.8543, "month": 3, "species_sci": "Cacatua galerita", "species_com": "Sulphur-crested Cockatoo" }, "geometry": { "type": "Point", "coordinates": [ 149.8543, -33.9456 ] } },
{ "type": "Feature", "properties": { "decimalLatitude": -33.6271, "decimalLongitude": 149.8273, "month": 4, "species_sci": "Cacatua galerita", "species_com": "Sulphur-crested Cockatoo" }, "geometry": { "type": "Point", "coordinates": [ 149.8273, -33.6271 ] } },
{ "type": "Feature", "properties": { "decimalLatitude": -33.7157, "decimalLongitude": 151.1155, "month": 4, "species_sci": "Cacatua galerita", "species_com": "Sulphur-crested Cockatoo" }, "geometry": { "type": "Point", "coordinates": [ 151.1155, -33.7157 ] } },
{ "type": "Feature", "properties": { "decimalLatitude": -34.9203, "decimalLongitude": 138.611, "month": 4, "species_sci": "Cacatua galerita", "species_com": "Sulphur-crested Cockatoo" }, "geometry": { "type": "Point", "coordinates": [ 138.611, -34.9203 ] } },
{ "type": "Feature", "properties": { "decimalLatitude": -33.9458, "decimalLongitude": 149.8554, "month": 4, "species_sci": "Cacatua galerita", "species_com": "Sulphur-crested Cockatoo" }, "geometry": { "type": "Point", "coordinates": [ 149.8554, -33.9458 ] } },
{ "type": "Feature", "properties": { "decimalLatitude": -37.8963, "decimalLongitude": 145.3574, "month": 4, "species_sci": "Cacatua galerita", "species_com": "Sulphur-crested Cockatoo" }, "geometry": { "type": "Point", "coordinates": [ 145.3574, -37.8963 ] } },
{ "type": "Feature", "properties": { "decimalLatitude": -34.5404, "decimalLongitude": 150.8722, "month": 4, "species_sci": "Cacatua galerita", "species_com": "Sulphur-crested Cockatoo" }, "geometry": { "type": "Point", "coordinates": [ 150.8722, -34.5404 ] } },
{ "type": "Feature", "properties": { "decimalLatitude": -34.8239, "decimalLongitude": 149.1946, "month": 4, "species_sci": "Cacatua galerita", "species_com": "Sulphur-crested Cockatoo" }, "geometry": { "type": "Point", "coordinates": [ 149.1946, -34.8239 ] } },
{ "type": "Feature", "properties": { "decimalLatitude": -33.6271, "decimalLongitude": 149.8273, "month": 4, "species_sci": "Cacatua galerita", "species_com": "Sulphur-crested Cockatoo" }, "geometry": { "type": "Point", "coordinates": [ 149.8273, -33.6271 ] } },
{ "type": "Feature", "properties": { "decimalLatitude": -33.6271, "decimalLongitude": 149.8273, "month": 4, "species_sci": "Cacatua galerita", "species_com": "Sulphur-crested Cockatoo" }, "geometry": { "type": "Point", "coordinates": [ 149.8273, -33.6271 ] } },
{ "type": "Feature", "properties": { "decimalLatitude": -33.6271, "decimalLongitude": 149.8273, "month": 4, "species_sci": "Cacatua galerita", "species_com": "Sulphur-crested Cockatoo" }, "geometry": { "type": "Point", "coordinates": [ 149.8273, -33.6271 ] } },
{ "type": "Feature", "properties": { "decimalLatitude": -33.6271, "decimalLongitude": 149.8273, "month": 4, "species_sci": "Cacatua galerita", "species_com": "Sulphur-crested Cockatoo" }, "geometry": { "type": "Point", "coordinates": [ 149.8273, -33.6271 ] } },
{ "type": "Feature", "properties": { "decimalLatitude": 1.2659, "decimalLongitude": 103.8044, "month": 4, "species_sci": "Cacatua galerita", "species_com": "Sulphur-crested Cockatoo" }, "geometry": { "type": "Point", "coordinates": [ 103.8044, 1.2659 ] } },
{ "type": "Feature", "properties": { "decimalLatitude": -36.5992, "decimalLongitude": 140.5036, "month": 4, "species_sci": "Cacatua galerita", "species_com": "Sulphur-crested Cockatoo" }, "geometry": { "type": "Point", "coordinates": [ 140.5036, -36.5992 ] } },
{ "type": "Feature", "properties": { "decimalLatitude": -33.6271, "decimalLongitude": 149.8273, "month": 4, "species_sci": "Cacatua galerita", "species_com": "Sulphur-crested Cockatoo" }, "geometry": { "type": "Point", "coordinates": [ 149.8273, -33.6271 ] } },
{ "type": "Feature", "properties": { "decimalLatitude": -34.5321, "decimalLongitude": 150.3986, "month": 4, "species_sci": "Cacatua galerita", "species_com": "Sulphur-crested Cockatoo" }, "geometry": { "type": "Point", "coordinates": [ 150.3986, -34.5321 ] } },
{ "type": "Feature", "properties": { "decimalLatitude": -33.9458, "decimalLongitude": 149.8554, "month": 4, "species_sci": "Cacatua galerita", "species_com": "Sulphur-crested Cockatoo" }, "geometry": { "type": "Point", "coordinates": [ 149.8554, -33.9458 ] } },
{ "type": "Feature", "properties": { "decimalLatitude": -27.471, "decimalLongitude": 153.1208, "month": 4, "species_sci": "Cacatua galerita", "species_com": "Sulphur-crested Cockatoo" }, "geometry": { "type": "Point", "coordinates": [ 153.1208, -27.471 ] } },
{ "type": "Feature", "properties": { "decimalLatitude": -34.9187, "decimalLongitude": 149.1707, "month": 4, "species_sci": "Cacatua galerita", "species_com": "Sulphur-crested Cockatoo" }, "geometry": { "type": "Point", "coordinates": [ 149.1707, -34.9187 ] } },
{ "type": "Feature", "properties": { "decimalLatitude": -37.8883, "decimalLongitude": 145.3176, "month": 4, "species_sci": "Cacatua galerita", "species_com": "Sulphur-crested Cockatoo" }, "geometry": { "type": "Point", "coordinates": [ 145.3176, -37.8883 ] } },
{ "type": "Feature", "properties": { "decimalLatitude": -33.6271, "decimalLongitude": 149.8273, "month": 4, "species_sci": "Cacatua galerita", "species_com": "Sulphur-crested Cockatoo" }, "geometry": { "type": "Point", "coordinates": [ 149.8273, -33.6271 ] } },
{ "type": "Feature", "properties": { "decimalLatitude": -27.6456, "decimalLongitude": 153.1861, "month": 4, "species_sci": "Cacatua galerita", "species_com": "Sulphur-crested Cockatoo" }, "geometry": { "type": "Point", "coordinates": [ 153.1861, -27.6456 ] } },
{ "type": "Feature", "properties": { "decimalLatitude": -34.8618, "decimalLongitude": 150.7472, "month": 4, "species_sci": "Cacatua galerita", "species_com": "Sulphur-crested Cockatoo" }, "geometry": { "type": "Point", "coordinates": [ 150.7472, -34.8618 ] } },
{ "type": "Feature", "properties": { "decimalLatitude": -33.9458, "decimalLongitude": 149.8554, "month": 4, "species_sci": "Cacatua galerita", "species_com": "Sulphur-crested Cockatoo" }, "geometry": { "type": "Point", "coordinates": [ 149.8554, -33.9458 ] } },
{ "type": "Feature", "properties": { "decimalLatitude": -19.1994, "decimalLongitude": 146.7743, "month": 4, "species_sci": "Cacatua galerita", "species_com": "Sulphur-crested Cockatoo" }, "geometry": { "type": "Point", "coordinates": [ 146.7743, -19.1994 ] } },
{ "type": "Feature", "properties": { "decimalLatitude": -35.4006, "decimalLongitude": 149.0942, "month": 4, "species_sci": "Cacatua galerita", "species_com": "Sulphur-crested Cockatoo" }, "geometry": { "type": "Point", "coordinates": [ 149.0942, -35.4006 ] } },
{ "type": "Feature", "properties": { "decimalLatitude": -33.7546, "decimalLongitude": 150.9423, "month": 4, "species_sci": "Cacatua galerita", "species_com": "Sulphur-crested Cockatoo" }, "geometry": { "type": "Point", "coordinates": [ 150.9423, -33.7546 ] } },
{ "type": "Feature", "properties": { "decimalLatitude": -33.0247, "decimalLongitude": 151.671, "month": 4, "species_sci": "Cacatua galerita", "species_com": "Sulphur-crested Cockatoo" }, "geometry": { "type": "Point", "coordinates": [ 151.671, -33.0247 ] } },
{ "type": "Feature", "properties": { "decimalLatitude": -33.6998, "decimalLongitude": 151.1134, "month": 4, "species_sci": "Cacatua galerita", "species_com": "Sulphur-crested Cockatoo" }, "geometry": { "type": "Point", "coordinates": [ 151.1134, -33.6998 ] } },
{ "type": "Feature", "properties": { "decimalLatitude": -33.9458, "decimalLongitude": 149.8554, "month": 4, "species_sci": "Cacatua galerita", "species_com": "Sulphur-crested Cockatoo" }, "geometry": { "type": "Point", "coordinates": [ 149.8554, -33.9458 ] } },
{ "type": "Feature", "properties": { "decimalLatitude": -18.6131, "decimalLongitude": 146.4896, "month": 4, "species_sci": "Cacatua galerita", "species_com": "Sulphur-crested Cockatoo" }, "geometry": { "type": "Point", "coordinates": [ 146.4896, -18.6131 ] } },
{ "type": "Feature", "properties": { "decimalLatitude": -27.8036, "decimalLongitude": 153.1694, "month": 4, "species_sci": "Cacatua galerita", "species_com": "Sulphur-crested Cockatoo" }, "geometry": { "type": "Point", "coordinates": [ 153.1694, -27.8036 ] } },
{ "type": "Feature", "properties": { "decimalLatitude": -34.4327, "decimalLongitude": 150.8303, "month": 4, "species_sci": "Cacatua galerita", "species_com": "Sulphur-crested Cockatoo" }, "geometry": { "type": "Point", "coordinates": [ 150.8303, -34.4327 ] } },
{ "type": "Feature", "properties": { "decimalLatitude": -33.7636, "decimalLongitude": 150.8683, "month": 4, "species_sci": "Cacatua galerita", "species_com": "Sulphur-crested Cockatoo" }, "geometry": { "type": "Point", "coordinates": [ 150.8683, -33.7636 ] } },
{ "type": "Feature", "properties": { "decimalLatitude": -27.9805, "decimalLongitude": 153.1904, "month": 4, "species_sci": "Cacatua galerita", "species_com": "Sulphur-crested Cockatoo" }, "geometry": { "type": "Point", "coordinates": [ 153.1904, -27.9805 ] } },
{ "type": "Feature", "properties": { "decimalLatitude": -33.9458, "decimalLongitude": 149.8554, "month": 4, "species_sci": "Cacatua galerita", "species_com": "Sulphur-crested Cockatoo" }, "geometry": { "type": "Point", "coordinates": [ 149.8554, -33.9458 ] } },
{ "type": "Feature", "properties": { "decimalLatitude": -33.9458, "decimalLongitude": 149.8554, "month": 4, "species_sci": "Cacatua galerita", "species_com": "Sulphur-crested Cockatoo" }, "geometry": { "type": "Point", "coordinates": [ 149.8554, -33.9458 ] } },
{ "type": "Feature", "properties": { "decimalLatitude": -37.6732, "decimalLongitude": 174.9718, "month": 4, "species_sci": "Cacatua galerita", "species_com": "Sulphur-crested Cockatoo" }, "geometry": { "type": "Point", "coordinates": [ 174.9718, -37.6732 ] } },
{ "type": "Feature", "properties": { "decimalLatitude": -33.9458, "decimalLongitude": 149.8554, "month": 4, "species_sci": "Cacatua galerita", "species_com": "Sulphur-crested Cockatoo" }, "geometry": { "type": "Point", "coordinates": [ 149.8554, -33.9458 ] } },
{ "type": "Feature", "properties": { "decimalLatitude": -33.8965, "decimalLongitude": 151.2313, "month": 4, "species_sci": "Cacatua galerita", "species_com": "Sulphur-crested Cockatoo" }, "geometry": { "type": "Point", "coordinates": [ 151.2313, -33.8965 ] } },
{ "type": "Feature", "properties": { "decimalLatitude": -33.7015, "decimalLongitude": 151.1024, "month": 4, "species_sci": "Cacatua galerita", "species_com": "Sulphur-crested Cockatoo" }, "geometry": { "type": "Point", "coordinates": [ 151.1024, -33.7015 ] } },
{ "type": "Feature", "properties": { "decimalLatitude": -33.6271, "decimalLongitude": 149.8273, "month": 4, "species_sci": "Cacatua galerita", "species_com": "Sulphur-crested Cockatoo" }, "geometry": { "type": "Point", "coordinates": [ 149.8273, -33.6271 ] } },
{ "type": "Feature", "properties": { "decimalLatitude": -38.5428, "decimalLongitude": 143.9771, "month": 4, "species_sci": "Cacatua galerita", "species_com": "Sulphur-crested Cockatoo" }, "geometry": { "type": "Point", "coordinates": [ 143.9771, -38.5428 ] } },
{ "type": "Feature", "properties": { "decimalLatitude": -35.2286, "decimalLongitude": 149.0357, "month": 4, "species_sci": "Cacatua galerita", "species_com": "Sulphur-crested Cockatoo" }, "geometry": { "type": "Point", "coordinates": [ 149.0357, -35.2286 ] } },
{ "type": "Feature", "properties": { "decimalLatitude": -34.4101, "decimalLongitude": 150.8753, "month": 4, "species_sci": "Cacatua galerita", "species_com": "Sulphur-crested Cockatoo" }, "geometry": { "type": "Point", "coordinates": [ 150.8753, -34.4101 ] } },
{ "type": "Feature", "properties": { "decimalLatitude": -33.9458, "decimalLongitude": 149.8554, "month": 4, "species_sci": "Cacatua galerita", "species_com": "Sulphur-crested Cockatoo" }, "geometry": { "type": "Point", "coordinates": [ 149.8554, -33.9458 ] } },
{ "type": "Feature", "properties": { "decimalLatitude": -33.9458, "decimalLongitude": 149.8554, "month": 4, "species_sci": "Cacatua galerita", "species_com": "Sulphur-crested Cockatoo" }, "geometry": { "type": "Point", "coordinates": [ 149.8554, -33.9458 ] } },
{ "type": "Feature", "properties": { "decimalLatitude": -37.5105, "decimalLongitude": 145.7453, "month": 4, "species_sci": "Cacatua galerita", "species_com": "Sulphur-crested Cockatoo" }, "geometry": { "type": "Point", "coordinates": [ 145.7453, -37.5105 ] } },
{ "type": "Feature", "properties": { "decimalLatitude": -33.9389, "decimalLongitude": 149.8727, "month": 4, "species_sci": "Cacatua galerita", "species_com": "Sulphur-crested Cockatoo" }, "geometry": { "type": "Point", "coordinates": [ 149.8727, -33.9389 ] } },
{ "type": "Feature", "properties": { "decimalLatitude": -33.9124, "decimalLongitude": 151.0381, "month": 4, "species_sci": "Cacatua galerita", "species_com": "Sulphur-crested Cockatoo" }, "geometry": { "type": "Point", "coordinates": [ 151.0381, -33.9124 ] } },
{ "type": "Feature", "properties": { "decimalLatitude": -34.0751, "decimalLongitude": 151.0558, "month": 4, "species_sci": "Cacatua galerita", "species_com": "Sulphur-crested Cockatoo" }, "geometry": { "type": "Point", "coordinates": [ 151.0558, -34.0751 ] } },
{ "type": "Feature", "properties": { "decimalLatitude": -13.8506, "decimalLongitude": 136.4204, "month": 4, "species_sci": "Cacatua galerita", "species_com": "Sulphur-crested Cockatoo" }, "geometry": { "type": "Point", "coordinates": [ 136.4204, -13.8506 ] } },
{ "type": "Feature", "properties": { "decimalLatitude": -37.8901, "decimalLongitude": 145.3177, "month": 4, "species_sci": "Cacatua galerita", "species_com": "Sulphur-crested Cockatoo" }, "geometry": { "type": "Point", "coordinates": [ 145.3177, -37.8901 ] } },
{ "type": "Feature", "properties": { "decimalLatitude": -35.4017, "decimalLongitude": 149.0947, "month": 4, "species_sci": "Cacatua galerita", "species_com": "Sulphur-crested Cockatoo" }, "geometry": { "type": "Point", "coordinates": [ 149.0947, -35.4017 ] } },
{ "type": "Feature", "properties": { "decimalLatitude": -35.2786, "decimalLongitude": 149.1024, "month": 4, "species_sci": "Cacatua galerita", "species_com": "Sulphur-crested Cockatoo" }, "geometry": { "type": "Point", "coordinates": [ 149.1024, -35.2786 ] } },
{ "type": "Feature", "properties": { "decimalLatitude": -16.7907, "decimalLongitude": 145.691, "month": 4, "species_sci": "Cacatua galerita", "species_com": "Sulphur-crested Cockatoo" }, "geometry": { "type": "Point", "coordinates": [ 145.691, -16.7907 ] } },
{ "type": "Feature", "properties": { "decimalLatitude": -35.3743, "decimalLongitude": 149.0367, "month": 4, "species_sci": "Cacatua galerita", "species_com": "Sulphur-crested Cockatoo" }, "geometry": { "type": "Point", "coordinates": [ 149.0367, -35.3743 ] } },
{ "type": "Feature", "properties": { "decimalLatitude": -33.6271, "decimalLongitude": 149.8273, "month": 4, "species_sci": "Cacatua galerita", "species_com": "Sulphur-crested Cockatoo" }, "geometry": { "type": "Point", "coordinates": [ 149.8273, -33.6271 ] } },
{ "type": "Feature", "properties": { "decimalLatitude": -37.1388, "decimalLongitude": 142.5195, "month": 4, "species_sci": "Cacatua galerita", "species_com": "Sulphur-crested Cockatoo" }, "geometry": { "type": "Point", "coordinates": [ 142.5195, -37.1388 ] } },
{ "type": "Feature", "properties": { "decimalLatitude": -36.0096, "decimalLongitude": 146.0162, "month": 4, "species_sci": "Cacatua galerita", "species_com": "Sulphur-crested Cockatoo" }, "geometry": { "type": "Point", "coordinates": [ 146.0162, -36.0096 ] } },
{ "type": "Feature", "properties": { "decimalLatitude": -35.3944, "decimalLongitude": 149.0945, "month": 4, "species_sci": "Cacatua galerita", "species_com": "Sulphur-crested Cockatoo" }, "geometry": { "type": "Point", "coordinates": [ 149.0945, -35.3944 ] } },
{ "type": "Feature", "properties": { "decimalLatitude": -37.8515, "decimalLongitude": 144.9779, "month": 4, "species_sci": "Cacatua galerita", "species_com": "Sulphur-crested Cockatoo" }, "geometry": { "type": "Point", "coordinates": [ 144.9779, -37.8515 ] } },
{ "type": "Feature", "properties": { "decimalLatitude": -16.0869, "decimalLongitude": 145.4635, "month": 4, "species_sci": "Cacatua galerita", "species_com": "Sulphur-crested Cockatoo" }, "geometry": { "type": "Point", "coordinates": [ 145.4635, -16.0869 ] } },
{ "type": "Feature", "properties": { "decimalLatitude": -34.4364, "decimalLongitude": 150.8082, "month": 4, "species_sci": "Cacatua galerita", "species_com": "Sulphur-crested Cockatoo" }, "geometry": { "type": "Point", "coordinates": [ 150.8082, -34.4364 ] } },
{ "type": "Feature", "properties": { "decimalLatitude": -33.9119, "decimalLongitude": 151.1858, "month": 4, "species_sci": "Cacatua galerita", "species_com": "Sulphur-crested Cockatoo" }, "geometry": { "type": "Point", "coordinates": [ 151.1858, -33.9119 ] } },
{ "type": "Feature", "properties": { "decimalLatitude": -35.3005, "decimalLongitude": 149.124, "month": 4, "species_sci": "Cacatua galerita", "species_com": "Sulphur-crested Cockatoo" }, "geometry": { "type": "Point", "coordinates": [ 149.124, -35.3005 ] } },
{ "type": "Feature", "properties": { "decimalLatitude": -16.9246, "decimalLongitude": 145.7761, "month": 4, "species_sci": "Cacatua galerita", "species_com": "Sulphur-crested Cockatoo" }, "geometry": { "type": "Point", "coordinates": [ 145.7761, -16.9246 ] } },
{ "type": "Feature", "properties": { "decimalLatitude": -33.9458, "decimalLongitude": 149.8554, "month": 4, "species_sci": "Cacatua galerita", "species_com": "Sulphur-crested Cockatoo" }, "geometry": { "type": "Point", "coordinates": [ 149.8554, -33.9458 ] } },
{ "type": "Feature", "properties": { "decimalLatitude": -33.9389, "decimalLongitude": 149.8727, "month": 4, "species_sci": "Cacatua galerita", "species_com": "Sulphur-crested Cockatoo" }, "geometry": { "type": "Point", "coordinates": [ 149.8727, -33.9389 ] } },
{ "type": "Feature", "properties": { "decimalLatitude": -34.7705, "decimalLongitude": 142.3972, "month": 4, "species_sci": "Cacatua galerita", "species_com": "Sulphur-crested Cockatoo" }, "geometry": { "type": "Point", "coordinates": [ 142.3972, -34.7705 ] } },
{ "type": "Feature", "properties": { "decimalLatitude": -34.62, "decimalLongitude": 142.7023, "month": 4, "species_sci": "Cacatua galerita", "species_com": "Sulphur-crested Cockatoo" }, "geometry": { "type": "Point", "coordinates": [ 142.7023, -34.62 ] } },
{ "type": "Feature", "properties": { "decimalLatitude": -33.9458, "decimalLongitude": 149.8554, "month": 4, "species_sci": "Cacatua galerita", "species_com": "Sulphur-crested Cockatoo" }, "geometry": { "type": "Point", "coordinates": [ 149.8554, -33.9458 ] } },
{ "type": "Feature", "properties": { "decimalLatitude": -33.9458, "decimalLongitude": 149.8554, "month": 4, "species_sci": "Cacatua galerita", "species_com": "Sulphur-crested Cockatoo" }, "geometry": { "type": "Point", "coordinates": [ 149.8554, -33.9458 ] } },
{ "type": "Feature", "properties": { "decimalLatitude": -33.6631, "decimalLongitude": 151.3117, "month": 4, "species_sci": "Cacatua galerita", "species_com": "Sulphur-crested Cockatoo" }, "geometry": { "type": "Point", "coordinates": [ 151.3117, -33.6631 ] } },
{ "type": "Feature", "properties": { "decimalLatitude": -16.9298, "decimalLongitude": 145.9897, "month": 4, "species_sci": "Cacatua galerita", "species_com": "Sulphur-crested Cockatoo" }, "geometry": { "type": "Point", "coordinates": [ 145.9897, -16.9298 ] } },
{ "type": "Feature", "properties": { "decimalLatitude": -33.9383, "decimalLongitude": 149.793, "month": 4, "species_sci": "Cacatua galerita", "species_com": "Sulphur-crested Cockatoo" }, "geometry": { "type": "Point", "coordinates": [ 149.793, -33.9383 ] } },
{ "type": "Feature", "properties": { "decimalLatitude": -33.7831, "decimalLongitude": 150.9328, "month": 4, "species_sci": "Cacatua galerita", "species_com": "Sulphur-crested Cockatoo" }, "geometry": { "type": "Point", "coordinates": [ 150.9328, -33.7831 ] } },
{ "type": "Feature", "properties": { "decimalLatitude": -38.1485, "decimalLongitude": 144.3764, "month": 4, "species_sci": "Cacatua galerita", "species_com": "Sulphur-crested Cockatoo" }, "geometry": { "type": "Point", "coordinates": [ 144.3764, -38.1485 ] } },
{ "type": "Feature", "properties": { "decimalLatitude": -27.4758, "decimalLongitude": 152.9786, "month": 4, "species_sci": "Cacatua galerita", "species_com": "Sulphur-crested Cockatoo" }, "geometry": { "type": "Point", "coordinates": [ 152.9786, -27.4758 ] } },
{ "type": "Feature", "properties": { "decimalLatitude": -33.6271, "decimalLongitude": 149.8273, "month": 4, "species_sci": "Cacatua galerita", "species_com": "Sulphur-crested Cockatoo" }, "geometry": { "type": "Point", "coordinates": [ 149.8273, -33.6271 ] } },
{ "type": "Feature", "properties": { "decimalLatitude": -33.9458, "decimalLongitude": 149.8554, "month": 4, "species_sci": "Cacatua galerita", "species_com": "Sulphur-crested Cockatoo" }, "geometry": { "type": "Point", "coordinates": [ 149.8554, -33.9458 ] } },
{ "type": "Feature", "properties": { "decimalLatitude": -36.2656, "decimalLongitude": 146.807, "month": 4, "species_sci": "Cacatua galerita", "species_com": "Sulphur-crested Cockatoo" }, "geometry": { "type": "Point", "coordinates": [ 146.807, -36.2656 ] } },
{ "type": "Feature", "properties": { "decimalLatitude": -36.2342, "decimalLongitude": 149.1265, "month": 4, "species_sci": "Cacatua galerita", "species_com": "Sulphur-crested Cockatoo" }, "geometry": { "type": "Point", "coordinates": [ 149.1265, -36.2342 ] } },
{ "type": "Feature", "properties": { "decimalLatitude": -37.9621, "decimalLongitude": 145.0245, "month": 4, "species_sci": "Cacatua galerita", "species_com": "Sulphur-crested Cockatoo" }, "geometry": { "type": "Point", "coordinates": [ 145.0245, -37.9621 ] } },
{ "type": "Feature", "properties": { "decimalLatitude": -33.6271, "decimalLongitude": 149.8273, "month": 4, "species_sci": "Cacatua galerita", "species_com": "Sulphur-crested Cockatoo" }, "geometry": { "type": "Point", "coordinates": [ 149.8273, -33.6271 ] } },
{ "type": "Feature", "properties": { "decimalLatitude": -36.4946, "decimalLongitude": 144.6159, "month": 4, "species_sci": "Cacatua galerita", "species_com": "Sulphur-crested Cockatoo" }, "geometry": { "type": "Point", "coordinates": [ 144.6159, -36.4946 ] } },
{ "type": "Feature", "properties": { "decimalLatitude": -38.5416, "decimalLongitude": 143.9754, "month": 4, "species_sci": "Cacatua galerita", "species_com": "Sulphur-crested Cockatoo" }, "geometry": { "type": "Point", "coordinates": [ 143.9754, -38.5416 ] } },
{ "type": "Feature", "properties": { "decimalLatitude": -35.2759, "decimalLongitude": 149.1487, "month": 4, "species_sci": "Cacatua galerita", "species_com": "Sulphur-crested Cockatoo" }, "geometry": { "type": "Point", "coordinates": [ 149.1487, -35.2759 ] } },
{ "type": "Feature", "properties": { "decimalLatitude": -33.7736, "decimalLongitude": 151.1144, "month": 4, "species_sci": "Cacatua galerita", "species_com": "Sulphur-crested Cockatoo" }, "geometry": { "type": "Point", "coordinates": [ 151.1144, -33.7736 ] } },
{ "type": "Feature", "properties": { "decimalLatitude": -33.8644, "decimalLongitude": 151.2177, "month": 4, "species_sci": "Cacatua galerita", "species_com": "Sulphur-crested Cockatoo" }, "geometry": { "type": "Point", "coordinates": [ 151.2177, -33.8644 ] } },
{ "type": "Feature", "properties": { "decimalLatitude": -33.9458, "decimalLongitude": 149.8554, "month": 4, "species_sci": "Cacatua galerita", "species_com": "Sulphur-crested Cockatoo" }, "geometry": { "type": "Point", "coordinates": [ 149.8554, -33.9458 ] } },
{ "type": "Feature", "properties": { "decimalLatitude": -28.0008, "decimalLongitude": 153.3835, "month": 4, "species_sci": "Cacatua galerita", "species_com": "Sulphur-crested Cockatoo" }, "geometry": { "type": "Point", "coordinates": [ 153.3835, -28.0008 ] } },
{ "type": "Feature", "properties": { "decimalLatitude": -35.3942, "decimalLongitude": 149.0957, "month": 4, "species_sci": "Cacatua galerita", "species_com": "Sulphur-crested Cockatoo" }, "geometry": { "type": "Point", "coordinates": [ 149.0957, -35.3942 ] } },
{ "type": "Feature", "properties": { "decimalLatitude": -17.2665, "decimalLongitude": 145.5771, "month": 4, "species_sci": "Cacatua galerita", "species_com": "Sulphur-crested Cockatoo" }, "geometry": { "type": "Point", "coordinates": [ 145.5771, -17.2665 ] } },
{ "type": "Feature", "properties": { "decimalLatitude": -38.5411, "decimalLongitude": 143.9752, "month": 4, "species_sci": "Cacatua galerita", "species_com": "Sulphur-crested Cockatoo" }, "geometry": { "type": "Point", "coordinates": [ 143.9752, -38.5411 ] } },
{ "type": "Feature", "properties": { "decimalLatitude": -35.2391, "decimalLongitude": 149.0301, "month": 4, "species_sci": "Cacatua galerita", "species_com": "Sulphur-crested Cockatoo" }, "geometry": { "type": "Point", "coordinates": [ 149.0301, -35.2391 ] } },
{ "type": "Feature", "properties": { "decimalLatitude": -37.8293, "decimalLongitude": 145.0226, "month": 4, "species_sci": "Cacatua galerita", "species_com": "Sulphur-crested Cockatoo" }, "geometry": { "type": "Point", "coordinates": [ 145.0226, -37.8293 ] } },
{ "type": "Feature", "properties": { "decimalLatitude": -33.6271, "decimalLongitude": 149.8273, "month": 4, "species_sci": "Cacatua galerita", "species_com": "Sulphur-crested Cockatoo" }, "geometry": { "type": "Point", "coordinates": [ 149.8273, -33.6271 ] } },
{ "type": "Feature", "properties": { "decimalLatitude": -24.5379, "decimalLongitude": 150.5482, "month": 4, "species_sci": "Cacatua galerita", "species_com": "Sulphur-crested Cockatoo" }, "geometry": { "type": "Point", "coordinates": [ 150.5482, -24.5379 ] } },
{ "type": "Feature", "properties": { "decimalLatitude": -33.9458, "decimalLongitude": 149.8554, "month": 4, "species_sci": "Cacatua galerita", "species_com": "Sulphur-crested Cockatoo" }, "geometry": { "type": "Point", "coordinates": [ 149.8554, -33.9458 ] } },
{ "type": "Feature", "properties": { "decimalLatitude": -34.6558, "decimalLongitude": 150.3019, "month": 4, "species_sci": "Cacatua galerita", "species_com": "Sulphur-crested Cockatoo" }, "geometry": { "type": "Point", "coordinates": [ 150.3019, -34.6558 ] } },
{ "type": "Feature", "properties": { "decimalLatitude": -33.9458, "decimalLongitude": 149.8554, "month": 4, "species_sci": "Cacatua galerita", "species_com": "Sulphur-crested Cockatoo" }, "geometry": { "type": "Point", "coordinates": [ 149.8554, -33.9458 ] } },
{ "type": "Feature", "properties": { "decimalLatitude": -33.9583, "decimalLongitude": 151.1464, "month": 4, "species_sci": "Cacatua galerita", "species_com": "Sulphur-crested Cockatoo" }, "geometry": { "type": "Point", "coordinates": [ 151.1464, -33.9583 ] } },
{ "type": "Feature", "properties": { "decimalLatitude": -33.9389, "decimalLongitude": 149.8727, "month": 4, "species_sci": "Cacatua galerita", "species_com": "Sulphur-crested Cockatoo" }, "geometry": { "type": "Point", "coordinates": [ 149.8727, -33.9389 ] } },
{ "type": "Feature", "properties": { "decimalLatitude": -33.7159, "decimalLongitude": 150.3112, "month": 4, "species_sci": "Cacatua galerita", "species_com": "Sulphur-crested Cockatoo" }, "geometry": { "type": "Point", "coordinates": [ 150.3112, -33.7159 ] } },
{ "type": "Feature", "properties": { "decimalLatitude": -34.0757, "decimalLongitude": 151.0557, "month": 4, "species_sci": "Cacatua galerita", "species_com": "Sulphur-crested Cockatoo" }, "geometry": { "type": "Point", "coordinates": [ 151.0557, -34.0757 ] } },
{ "type": "Feature", "properties": { "decimalLatitude": -35.4624, "decimalLongitude": 148.9073, "month": 4, "species_sci": "Cacatua galerita", "species_com": "Sulphur-crested Cockatoo" }, "geometry": { "type": "Point", "coordinates": [ 148.9073, -35.4624 ] } },
{ "type": "Feature", "properties": { "decimalLatitude": -33.9458, "decimalLongitude": 149.8554, "month": 4, "species_sci": "Cacatua galerita", "species_com": "Sulphur-crested Cockatoo" }, "geometry": { "type": "Point", "coordinates": [ 149.8554, -33.9458 ] } },
{ "type": "Feature", "properties": { "decimalLatitude": -34.9593, "decimalLongitude": 138.6684, "month": 4, "species_sci": "Cacatua galerita", "species_com": "Sulphur-crested Cockatoo" }, "geometry": { "type": "Point", "coordinates": [ 138.6684, -34.9593 ] } },
{ "type": "Feature", "properties": { "decimalLatitude": -34.2285, "decimalLongitude": 150.7098, "month": 4, "species_sci": "Cacatua galerita", "species_com": "Sulphur-crested Cockatoo" }, "geometry": { "type": "Point", "coordinates": [ 150.7098, -34.2285 ] } },
{ "type": "Feature", "properties": { "decimalLatitude": -27.9768, "decimalLongitude": 152.3425, "month": 4, "species_sci": "Cacatua galerita", "species_com": "Sulphur-crested Cockatoo" }, "geometry": { "type": "Point", "coordinates": [ 152.3425, -27.9768 ] } },
{ "type": "Feature", "properties": { "decimalLatitude": -15.7872, "decimalLongitude": 128.7258, "month": 4, "species_sci": "Cacatua galerita", "species_com": "Sulphur-crested Cockatoo" }, "geometry": { "type": "Point", "coordinates": [ 128.7258, -15.7872 ] } },
{ "type": "Feature", "properties": { "decimalLatitude": -42.9096, "decimalLongitude": 147.3551, "month": 4, "species_sci": "Cacatua galerita", "species_com": "Sulphur-crested Cockatoo" }, "geometry": { "type": "Point", "coordinates": [ 147.3551, -42.9096 ] } },
{ "type": "Feature", "properties": { "decimalLatitude": -28.0358, "decimalLongitude": 148.5747, "month": 4, "species_sci": "Cacatua galerita", "species_com": "Sulphur-crested Cockatoo" }, "geometry": { "type": "Point", "coordinates": [ 148.5747, -28.0358 ] } },
{ "type": "Feature", "properties": { "decimalLatitude": -35.2275, "decimalLongitude": 149.0207, "month": 4, "species_sci": "Cacatua galerita", "species_com": "Sulphur-crested Cockatoo" }, "geometry": { "type": "Point", "coordinates": [ 149.0207, -35.2275 ] } },
{ "type": "Feature", "properties": { "decimalLatitude": -27.9748, "decimalLongitude": 153.1099, "month": 4, "species_sci": "Cacatua galerita", "species_com": "Sulphur-crested Cockatoo" }, "geometry": { "type": "Point", "coordinates": [ 153.1099, -27.9748 ] } },
{ "type": "Feature", "properties": { "decimalLatitude": -19.1519, "decimalLongitude": 146.863, "month": 4, "species_sci": "Cacatua galerita", "species_com": "Sulphur-crested Cockatoo" }, "geometry": { "type": "Point", "coordinates": [ 146.863, -19.1519 ] } },
{ "type": "Feature", "properties": { "decimalLatitude": -33.78, "decimalLongitude": 151.063, "month": 4, "species_sci": "Cacatua galerita", "species_com": "Sulphur-crested Cockatoo" }, "geometry": { "type": "Point", "coordinates": [ 151.063, -33.78 ] } },
{ "type": "Feature", "properties": { "decimalLatitude": -17.3806, "decimalLongitude": 145.3154, "month": 4, "species_sci": "Cacatua galerita", "species_com": "Sulphur-crested Cockatoo" }, "geometry": { "type": "Point", "coordinates": [ 145.3154, -17.3806 ] } },
{ "type": "Feature", "properties": { "decimalLatitude": -33.6271, "decimalLongitude": 149.8273, "month": 4, "species_sci": "Cacatua galerita", "species_com": "Sulphur-crested Cockatoo" }, "geometry": { "type": "Point", "coordinates": [ 149.8273, -33.6271 ] } },
{ "type": "Feature", "properties": { "decimalLatitude": -23.7423, "decimalLongitude": 147.5417, "month": 4, "species_sci": "Cacatua galerita", "species_com": "Sulphur-crested Cockatoo" }, "geometry": { "type": "Point", "coordinates": [ 147.5417, -23.7423 ] } },
{ "type": "Feature", "properties": { "decimalLatitude": -33.7106, "decimalLongitude": 150.3663, "month": 4, "species_sci": "Cacatua galerita", "species_com": "Sulphur-crested Cockatoo" }, "geometry": { "type": "Point", "coordinates": [ 150.3663, -33.7106 ] } },
{ "type": "Feature", "properties": { "decimalLatitude": -27.8036, "decimalLongitude": 153.1694, "month": 4, "species_sci": "Cacatua galerita", "species_com": "Sulphur-crested Cockatoo" }, "geometry": { "type": "Point", "coordinates": [ 153.1694, -27.8036 ] } },
{ "type": "Feature", "properties": { "decimalLatitude": -32.7059, "decimalLongitude": 151.5228, "month": 4, "species_sci": "Cacatua galerita", "species_com": "Sulphur-crested Cockatoo" }, "geometry": { "type": "Point", "coordinates": [ 151.5228, -32.7059 ] } },
{ "type": "Feature", "properties": { "decimalLatitude": -37.6447, "decimalLongitude": 145.5511, "month": 4, "species_sci": "Cacatua galerita", "species_com": "Sulphur-crested Cockatoo" }, "geometry": { "type": "Point", "coordinates": [ 145.5511, -37.6447 ] } },
{ "type": "Feature", "properties": { "decimalLatitude": -27.5846, "decimalLongitude": 152.9887, "month": 4, "species_sci": "Cacatua galerita", "species_com": "Sulphur-crested Cockatoo" }, "geometry": { "type": "Point", "coordinates": [ 152.9887, -27.5846 ] } },
{ "type": "Feature", "properties": { "decimalLatitude": -33.6271, "decimalLongitude": 149.8273, "month": 4, "species_sci": "Cacatua galerita", "species_com": "Sulphur-crested Cockatoo" }, "geometry": { "type": "Point", "coordinates": [ 149.8273, -33.6271 ] } },
{ "type": "Feature", "properties": { "decimalLatitude": -38.5612, "decimalLongitude": 144.142, "month": 4, "species_sci": "Cacatua galerita", "species_com": "Sulphur-crested Cockatoo" }, "geometry": { "type": "Point", "coordinates": [ 144.142, -38.5612 ] } },
{ "type": "Feature", "properties": { "decimalLatitude": -35.0708, "decimalLongitude": 138.8858, "month": 4, "species_sci": "Cacatua galerita", "species_com": "Sulphur-crested Cockatoo" }, "geometry": { "type": "Point", "coordinates": [ 138.8858, -35.0708 ] } },
{ "type": "Feature", "properties": { "decimalLatitude": -33.5052, "decimalLongitude": 151.3002, "month": 4, "species_sci": "Cacatua galerita", "species_com": "Sulphur-crested Cockatoo" }, "geometry": { "type": "Point", "coordinates": [ 151.3002, -33.5052 ] } },
{ "type": "Feature", "properties": { "decimalLatitude": -33.6271, "decimalLongitude": 149.8273, "month": 4, "species_sci": "Cacatua galerita", "species_com": "Sulphur-crested Cockatoo" }, "geometry": { "type": "Point", "coordinates": [ 149.8273, -33.6271 ] } },
{ "type": "Feature", "properties": { "decimalLatitude": -33.9458, "decimalLongitude": 149.8554, "month": 4, "species_sci": "Cacatua galerita", "species_com": "Sulphur-crested Cockatoo" }, "geometry": { "type": "Point", "coordinates": [ 149.8554, -33.9458 ] } },
{ "type": "Feature", "properties": { "decimalLatitude": -34.3168, "decimalLongitude": 150.9278, "month": 4, "species_sci": "Cacatua galerita", "species_com": "Sulphur-crested Cockatoo" }, "geometry": { "type": "Point", "coordinates": [ 150.9278, -34.3168 ] } },
{ "type": "Feature", "properties": { "decimalLatitude": -33.7726, "decimalLongitude": 151.0794, "month": 4, "species_sci": "Cacatua galerita", "species_com": "Sulphur-crested Cockatoo" }, "geometry": { "type": "Point", "coordinates": [ 151.0794, -33.7726 ] } },
{ "type": "Feature", "properties": { "decimalLatitude": -33.6271, "decimalLongitude": 149.8273, "month": 4, "species_sci": "Cacatua galerita", "species_com": "Sulphur-crested Cockatoo" }, "geometry": { "type": "Point", "coordinates": [ 149.8273, -33.6271 ] } },
{ "type": "Feature", "properties": { "decimalLatitude": -34.4291, "decimalLongitude": 150.8868, "month": 4, "species_sci": "Cacatua galerita", "species_com": "Sulphur-crested Cockatoo" }, "geometry": { "type": "Point", "coordinates": [ 150.8868, -34.4291 ] } },
{ "type": "Feature", "properties": { "decimalLatitude": -37.7796, "decimalLongitude": 145.2861, "month": 4, "species_sci": "Cacatua galerita", "species_com": "Sulphur-crested Cockatoo" }, "geometry": { "type": "Point", "coordinates": [ 145.2861, -37.7796 ] } },
{ "type": "Feature", "properties": { "decimalLatitude": -33.9458, "decimalLongitude": 149.8554, "month": 4, "species_sci": "Cacatua galerita", "species_com": "Sulphur-crested Cockatoo" }, "geometry": { "type": "Point", "coordinates": [ 149.8554, -33.9458 ] } },
{ "type": "Feature", "properties": { "decimalLatitude": -36.2266, "decimalLongitude": 140.2716, "month": 4, "species_sci": "Cacatua galerita", "species_com": "Sulphur-crested Cockatoo" }, "geometry": { "type": "Point", "coordinates": [ 140.2716, -36.2266 ] } },
{ "type": "Feature", "properties": { "decimalLatitude": -27.5256, "decimalLongitude": 153.011, "month": 4, "species_sci": "Cacatua galerita", "species_com": "Sulphur-crested Cockatoo" }, "geometry": { "type": "Point", "coordinates": [ 153.011, -27.5256 ] } },
{ "type": "Feature", "properties": { "decimalLatitude": -33.6774, "decimalLongitude": 151.1054, "month": 4, "species_sci": "Cacatua galerita", "species_com": "Sulphur-crested Cockatoo" }, "geometry": { "type": "Point", "coordinates": [ 151.1054, -33.6774 ] } },
{ "type": "Feature", "properties": { "decimalLatitude": -27.8038, "decimalLongitude": 153.1691, "month": 4, "species_sci": "Cacatua galerita", "species_com": "Sulphur-crested Cockatoo" }, "geometry": { "type": "Point", "coordinates": [ 153.1691, -27.8038 ] } },
{ "type": "Feature", "properties": { "decimalLatitude": -35.2938, "decimalLongitude": 149.1554, "month": 4, "species_sci": "Cacatua galerita", "species_com": "Sulphur-crested Cockatoo" }, "geometry": { "type": "Point", "coordinates": [ 149.1554, -35.2938 ] } },
{ "type": "Feature", "properties": { "decimalLatitude": -33.9458, "decimalLongitude": 149.8554, "month": 4, "species_sci": "Cacatua galerita", "species_com": "Sulphur-crested Cockatoo" }, "geometry": { "type": "Point", "coordinates": [ 149.8554, -33.9458 ] } },
{ "type": "Feature", "properties": { "decimalLatitude": -33.7744, "decimalLongitude": 151.0778, "month": 4, "species_sci": "Cacatua galerita", "species_com": "Sulphur-crested Cockatoo" }, "geometry": { "type": "Point", "coordinates": [ 151.0778, -33.7744 ] } },
{ "type": "Feature", "properties": { "decimalLatitude": -34.4491, "decimalLongitude": 150.8279, "month": 4, "species_sci": "Cacatua galerita", "species_com": "Sulphur-crested Cockatoo" }, "geometry": { "type": "Point", "coordinates": [ 150.8279, -34.4491 ] } },
{ "type": "Feature", "properties": { "decimalLatitude": -0.4632, "decimalLongitude": 130.714, "month": 4, "species_sci": "Cacatua galerita", "species_com": "Sulphur-crested Cockatoo" }, "geometry": { "type": "Point", "coordinates": [ 130.714, -0.4632 ] } },
{ "type": "Feature", "properties": { "decimalLatitude": -37.6447, "decimalLongitude": 145.5511, "month": 4, "species_sci": "Cacatua galerita", "species_com": "Sulphur-crested Cockatoo" }, "geometry": { "type": "Point", "coordinates": [ 145.5511, -37.6447 ] } },
{ "type": "Feature", "properties": { "decimalLatitude": -38.3071, "decimalLongitude": 146.422, "month": 4, "species_sci": "Cacatua galerita", "species_com": "Sulphur-crested Cockatoo" }, "geometry": { "type": "Point", "coordinates": [ 146.422, -38.3071 ] } },
{ "type": "Feature", "properties": { "decimalLatitude": -33.9389, "decimalLongitude": 149.8727, "month": 4, "species_sci": "Cacatua galerita", "species_com": "Sulphur-crested Cockatoo" }, "geometry": { "type": "Point", "coordinates": [ 149.8727, -33.9389 ] } },
{ "type": "Feature", "properties": { "decimalLatitude": -27.9004, "decimalLongitude": 153.3294, "month": 4, "species_sci": "Cacatua galerita", "species_com": "Sulphur-crested Cockatoo" }, "geometry": { "type": "Point", "coordinates": [ 153.3294, -27.9004 ] } },
{ "type": "Feature", "properties": { "decimalLatitude": -35.1887, "decimalLongitude": 149.0149, "month": 5, "species_sci": "Cacatua galerita", "species_com": "Sulphur-crested Cockatoo" }, "geometry": { "type": "Point", "coordinates": [ 149.0149, -35.1887 ] } },
{ "type": "Feature", "properties": { "decimalLatitude": -33.8272, "decimalLongitude": 151.2187, "month": 5, "species_sci": "Cacatua galerita", "species_com": "Sulphur-crested Cockatoo" }, "geometry": { "type": "Point", "coordinates": [ 151.2187, -33.8272 ] } },
{ "type": "Feature", "properties": { "decimalLatitude": -34.2284, "decimalLongitude": 150.989, "month": 5, "species_sci": "Cacatua galerita", "species_com": "Sulphur-crested Cockatoo" }, "geometry": { "type": "Point", "coordinates": [ 150.989, -34.2284 ] } },
{ "type": "Feature", "properties": { "decimalLatitude": -26.7958, "decimalLongitude": 152.7766, "month": 5, "species_sci": "Cacatua galerita", "species_com": "Sulphur-crested Cockatoo" }, "geometry": { "type": "Point", "coordinates": [ 152.7766, -26.7958 ] } },
{ "type": "Feature", "properties": { "decimalLatitude": -35.3646, "decimalLongitude": 149.0472, "month": 5, "species_sci": "Cacatua galerita", "species_com": "Sulphur-crested Cockatoo" }, "geometry": { "type": "Point", "coordinates": [ 149.0472, -35.3646 ] } },
{ "type": "Feature", "properties": { "decimalLatitude": -20.2721, "decimalLongitude": 148.7207, "month": 5, "species_sci": "Cacatua galerita", "species_com": "Sulphur-crested Cockatoo" }, "geometry": { "type": "Point", "coordinates": [ 148.7207, -20.2721 ] } },
{ "type": "Feature", "properties": { "decimalLatitude": -33.7559, "decimalLongitude": 151.1109, "month": 5, "species_sci": "Cacatua galerita", "species_com": "Sulphur-crested Cockatoo" }, "geometry": { "type": "Point", "coordinates": [ 151.1109, -33.7559 ] } },
{ "type": "Feature", "properties": { "decimalLatitude": -38.3501, "decimalLongitude": 144.2939, "month": 5, "species_sci": "Cacatua galerita", "species_com": "Sulphur-crested Cockatoo" }, "geometry": { "type": "Point", "coordinates": [ 144.2939, -38.3501 ] } },
{ "type": "Feature", "properties": { "decimalLatitude": -41.5769, "decimalLongitude": 145.9325, "month": 5, "species_sci": "Cacatua galerita", "species_com": "Sulphur-crested Cockatoo" }, "geometry": { "type": "Point", "coordinates": [ 145.9325, -41.5769 ] } },
{ "type": "Feature", "properties": { "decimalLatitude": -33.9855, "decimalLongitude": 151.05, "month": 5, "species_sci": "Cacatua galerita", "species_com": "Sulphur-crested Cockatoo" }, "geometry": { "type": "Point", "coordinates": [ 151.05, -33.9855 ] } },
{ "type": "Feature", "properties": { "decimalLatitude": -37.9194, "decimalLongitude": 147.7193, "month": 5, "species_sci": "Cacatua galerita", "species_com": "Sulphur-crested Cockatoo" }, "geometry": { "type": "Point", "coordinates": [ 147.7193, -37.9194 ] } },
{ "type": "Feature", "properties": { "decimalLatitude": -35.2593, "decimalLongitude": 149.1281, "month": 5, "species_sci": "Cacatua galerita", "species_com": "Sulphur-crested Cockatoo" }, "geometry": { "type": "Point", "coordinates": [ 149.1281, -35.2593 ] } },
{ "type": "Feature", "properties": { "decimalLatitude": -33.8273, "decimalLongitude": 151.2186, "month": 5, "species_sci": "Cacatua galerita", "species_com": "Sulphur-crested Cockatoo" }, "geometry": { "type": "Point", "coordinates": [ 151.2186, -33.8273 ] } },
{ "type": "Feature", "properties": { "decimalLatitude": -20.2685, "decimalLongitude": 148.7166, "month": 5, "species_sci": "Cacatua galerita", "species_com": "Sulphur-crested Cockatoo" }, "geometry": { "type": "Point", "coordinates": [ 148.7166, -20.2685 ] } },
{ "type": "Feature", "properties": { "decimalLatitude": -41.445, "decimalLongitude": 147.1186, "month": 5, "species_sci": "Cacatua galerita", "species_com": "Sulphur-crested Cockatoo" }, "geometry": { "type": "Point", "coordinates": [ 147.1186, -41.445 ] } },
{ "type": "Feature", "properties": { "decimalLatitude": -34.8405, "decimalLongitude": 138.8144, "month": 5, "species_sci": "Cacatua galerita", "species_com": "Sulphur-crested Cockatoo" }, "geometry": { "type": "Point", "coordinates": [ 138.8144, -34.8405 ] } },
{ "type": "Feature", "properties": { "decimalLatitude": -35.008, "decimalLongitude": 138.6364, "month": 5, "species_sci": "Cacatua galerita", "species_com": "Sulphur-crested Cockatoo" }, "geometry": { "type": "Point", "coordinates": [ 138.6364, -35.008 ] } },
{ "type": "Feature", "properties": { "decimalLatitude": -34.0351, "decimalLongitude": 149.8361, "month": 5, "species_sci": "Cacatua galerita", "species_com": "Sulphur-crested Cockatoo" }, "geometry": { "type": "Point", "coordinates": [ 149.8361, -34.0351 ] } },
{ "type": "Feature", "properties": { "decimalLatitude": -41.2399, "decimalLongitude": 146.7869, "month": 5, "species_sci": "Cacatua galerita", "species_com": "Sulphur-crested Cockatoo" }, "geometry": { "type": "Point", "coordinates": [ 146.7869, -41.2399 ] } },
{ "type": "Feature", "properties": { "decimalLatitude": -33.778, "decimalLongitude": 151.1201, "month": 5, "species_sci": "Cacatua galerita", "species_com": "Sulphur-crested Cockatoo" }, "geometry": { "type": "Point", "coordinates": [ 151.1201, -33.778 ] } },
{ "type": "Feature", "properties": { "decimalLatitude": -38.1497, "decimalLongitude": 144.3774, "month": 5, "species_sci": "Cacatua galerita", "species_com": "Sulphur-crested Cockatoo" }, "geometry": { "type": "Point", "coordinates": [ 144.3774, -38.1497 ] } },
{ "type": "Feature", "properties": { "decimalLatitude": -34.0717, "decimalLongitude": 150.5753, "month": 5, "species_sci": "Cacatua galerita", "species_com": "Sulphur-crested Cockatoo" }, "geometry": { "type": "Point", "coordinates": [ 150.5753, -34.0717 ] } },
{ "type": "Feature", "properties": { "decimalLatitude": -27.2256, "decimalLongitude": 151.1849, "month": 5, "species_sci": "Cacatua galerita", "species_com": "Sulphur-crested Cockatoo" }, "geometry": { "type": "Point", "coordinates": [ 151.1849, -27.2256 ] } },
{ "type": "Feature", "properties": { "decimalLatitude": -24.7233, "decimalLongitude": 150.9937, "month": 5, "species_sci": "Cacatua galerita", "species_com": "Sulphur-crested Cockatoo" }, "geometry": { "type": "Point", "coordinates": [ 150.9937, -24.7233 ] } },
{ "type": "Feature", "properties": { "decimalLatitude": -37.8832, "decimalLongitude": 145.1943, "month": 5, "species_sci": "Cacatua galerita", "species_com": "Sulphur-crested Cockatoo" }, "geometry": { "type": "Point", "coordinates": [ 145.1943, -37.8832 ] } },
{ "type": "Feature", "properties": { "decimalLatitude": -37.8925, "decimalLongitude": 145.3087, "month": 5, "species_sci": "Cacatua galerita", "species_com": "Sulphur-crested Cockatoo" }, "geometry": { "type": "Point", "coordinates": [ 145.3087, -37.8925 ] } },
{ "type": "Feature", "properties": { "decimalLatitude": -35.2595, "decimalLongitude": 149.1397, "month": 5, "species_sci": "Cacatua galerita", "species_com": "Sulphur-crested Cockatoo" }, "geometry": { "type": "Point", "coordinates": [ 149.1397, -35.2595 ] } },
{ "type": "Feature", "properties": { "decimalLatitude": -27.0624, "decimalLongitude": 153.1454, "month": 5, "species_sci": "Cacatua galerita", "species_com": "Sulphur-crested Cockatoo" }, "geometry": { "type": "Point", "coordinates": [ 153.1454, -27.0624 ] } },
{ "type": "Feature", "properties": { "decimalLatitude": -34.9249, "decimalLongitude": 138.6149, "month": 5, "species_sci": "Cacatua galerita", "species_com": "Sulphur-crested Cockatoo" }, "geometry": { "type": "Point", "coordinates": [ 138.6149, -34.9249 ] } },
{ "type": "Feature", "properties": { "decimalLatitude": -35.4004, "decimalLongitude": 149.0948, "month": 5, "species_sci": "Cacatua galerita", "species_com": "Sulphur-crested Cockatoo" }, "geometry": { "type": "Point", "coordinates": [ 149.0948, -35.4004 ] } },
{ "type": "Feature", "properties": { "decimalLatitude": -38.35, "decimalLongitude": 144.2939, "month": 5, "species_sci": "Cacatua galerita", "species_com": "Sulphur-crested Cockatoo" }, "geometry": { "type": "Point", "coordinates": [ 144.2939, -38.35 ] } },
{ "type": "Feature", "properties": { "decimalLatitude": -16.8258, "decimalLongitude": 145.634, "month": 5, "species_sci": "Cacatua galerita", "species_com": "Sulphur-crested Cockatoo" }, "geometry": { "type": "Point", "coordinates": [ 145.634, -16.8258 ] } },
{ "type": "Feature", "properties": { "decimalLatitude": -37.6236, "decimalLongitude": 145.0738, "month": 5, "species_sci": "Cacatua galerita", "species_com": "Sulphur-crested Cockatoo" }, "geometry": { "type": "Point", "coordinates": [ 145.0738, -37.6236 ] } },
{ "type": "Feature", "properties": { "decimalLatitude": -42.9167, "decimalLongitude": 147.318, "month": 5, "species_sci": "Cacatua galerita", "species_com": "Sulphur-crested Cockatoo" }, "geometry": { "type": "Point", "coordinates": [ 147.318, -42.9167 ] } },
{ "type": "Feature", "properties": { "decimalLatitude": -33.5129, "decimalLongitude": 150.0395, "month": 5, "species_sci": "Cacatua galerita", "species_com": "Sulphur-crested Cockatoo" }, "geometry": { "type": "Point", "coordinates": [ 150.0395, -33.5129 ] } },
{ "type": "Feature", "properties": { "decimalLatitude": -38.1638, "decimalLongitude": 144.3616, "month": 5, "species_sci": "Cacatua galerita", "species_com": "Sulphur-crested Cockatoo" }, "geometry": { "type": "Point", "coordinates": [ 144.3616, -38.1638 ] } },
{ "type": "Feature", "properties": { "decimalLatitude": -38.1775, "decimalLongitude": 144.5616, "month": 5, "species_sci": "Cacatua galerita", "species_com": "Sulphur-crested Cockatoo" }, "geometry": { "type": "Point", "coordinates": [ 144.5616, -38.1775 ] } },
{ "type": "Feature", "properties": { "decimalLatitude": -34.0684, "decimalLongitude": 150.7924, "month": 5, "species_sci": "Cacatua galerita", "species_com": "Sulphur-crested Cockatoo" }, "geometry": { "type": "Point", "coordinates": [ 150.7924, -34.0684 ] } },
{ "type": "Feature", "properties": { "decimalLatitude": -34.0351, "decimalLongitude": 149.8361, "month": 5, "species_sci": "Cacatua galerita", "species_com": "Sulphur-crested Cockatoo" }, "geometry": { "type": "Point", "coordinates": [ 149.8361, -34.0351 ] } },
{ "type": "Feature", "properties": { "decimalLatitude": -33.8615, "decimalLongitude": 151.2169, "month": 5, "species_sci": "Cacatua galerita", "species_com": "Sulphur-crested Cockatoo" }, "geometry": { "type": "Point", "coordinates": [ 151.2169, -33.8615 ] } },
{ "type": "Feature", "properties": { "decimalLatitude": -33.8667, "decimalLongitude": 151.1438, "month": 5, "species_sci": "Cacatua galerita", "species_com": "Sulphur-crested Cockatoo" }, "geometry": { "type": "Point", "coordinates": [ 151.1438, -33.8667 ] } },
{ "type": "Feature", "properties": { "decimalLatitude": -35.288, "decimalLongitude": 149.1325, "month": 5, "species_sci": "Cacatua galerita", "species_com": "Sulphur-crested Cockatoo" }, "geometry": { "type": "Point", "coordinates": [ 149.1325, -35.288 ] } },
{ "type": "Feature", "properties": { "decimalLatitude": -34.0351, "decimalLongitude": 149.8361, "month": 5, "species_sci": "Cacatua galerita", "species_com": "Sulphur-crested Cockatoo" }, "geometry": { "type": "Point", "coordinates": [ 149.8361, -34.0351 ] } },
{ "type": "Feature", "properties": { "decimalLatitude": -35.2774, "decimalLongitude": 149.1167, "month": 5, "species_sci": "Cacatua galerita", "species_com": "Sulphur-crested Cockatoo" }, "geometry": { "type": "Point", "coordinates": [ 149.1167, -35.2774 ] } },
{ "type": "Feature", "properties": { "decimalLatitude": -27.5156, "decimalLongitude": 152.9383, "month": 5, "species_sci": "Cacatua galerita", "species_com": "Sulphur-crested Cockatoo" }, "geometry": { "type": "Point", "coordinates": [ 152.9383, -27.5156 ] } },
{ "type": "Feature", "properties": { "decimalLatitude": -38.2673, "decimalLongitude": 145.0454, "month": 5, "species_sci": "Cacatua galerita", "species_com": "Sulphur-crested Cockatoo" }, "geometry": { "type": "Point", "coordinates": [ 145.0454, -38.2673 ] } },
{ "type": "Feature", "properties": { "decimalLatitude": -34.4772, "decimalLongitude": 150.8858, "month": 5, "species_sci": "Cacatua galerita", "species_com": "Sulphur-crested Cockatoo" }, "geometry": { "type": "Point", "coordinates": [ 150.8858, -34.4772 ] } },
{ "type": "Feature", "properties": { "decimalLatitude": -35.3736, "decimalLongitude": 149.116, "month": 5, "species_sci": "Cacatua galerita", "species_com": "Sulphur-crested Cockatoo" }, "geometry": { "type": "Point", "coordinates": [ 149.116, -35.3736 ] } },
{ "type": "Feature", "properties": { "decimalLatitude": -27.4829, "decimalLongitude": 153.1151, "month": 5, "species_sci": "Cacatua galerita", "species_com": "Sulphur-crested Cockatoo" }, "geometry": { "type": "Point", "coordinates": [ 153.1151, -27.4829 ] } },
{ "type": "Feature", "properties": { "decimalLatitude": -37.6874, "decimalLongitude": 145.1285, "month": 5, "species_sci": "Cacatua galerita", "species_com": "Sulphur-crested Cockatoo" }, "geometry": { "type": "Point", "coordinates": [ 145.1285, -37.6874 ] } },
{ "type": "Feature", "properties": { "decimalLatitude": -34.0353, "decimalLongitude": 151.0432, "month": 5, "species_sci": "Cacatua galerita", "species_com": "Sulphur-crested Cockatoo" }, "geometry": { "type": "Point", "coordinates": [ 151.0432, -34.0353 ] } },
{ "type": "Feature", "properties": { "decimalLatitude": -35.2085, "decimalLongitude": 149.1015, "month": 5, "species_sci": "Cacatua galerita", "species_com": "Sulphur-crested Cockatoo" }, "geometry": { "type": "Point", "coordinates": [ 149.1015, -35.2085 ] } },
{ "type": "Feature", "properties": { "decimalLatitude": -38.5412, "decimalLongitude": 143.9763, "month": 5, "species_sci": "Cacatua galerita", "species_com": "Sulphur-crested Cockatoo" }, "geometry": { "type": "Point", "coordinates": [ 143.9763, -38.5412 ] } },
{ "type": "Feature", "properties": { "decimalLatitude": -0.4362, "decimalLongitude": 130.7463, "month": 5, "species_sci": "Cacatua galerita", "species_com": "Sulphur-crested Cockatoo" }, "geometry": { "type": "Point", "coordinates": [ 130.7463, -0.4362 ] } },
{ "type": "Feature", "properties": { "decimalLatitude": -38.3501, "decimalLongitude": 144.294, "month": 5, "species_sci": "Cacatua galerita", "species_com": "Sulphur-crested Cockatoo" }, "geometry": { "type": "Point", "coordinates": [ 144.294, -38.3501 ] } },
{ "type": "Feature", "properties": { "decimalLatitude": -27.6838, "decimalLongitude": 153.0896, "month": 5, "species_sci": "Cacatua galerita", "species_com": "Sulphur-crested Cockatoo" }, "geometry": { "type": "Point", "coordinates": [ 153.0896, -27.6838 ] } },
{ "type": "Feature", "properties": { "decimalLatitude": -38.1026, "decimalLongitude": 147.075, "month": 5, "species_sci": "Cacatua galerita", "species_com": "Sulphur-crested Cockatoo" }, "geometry": { "type": "Point", "coordinates": [ 147.075, -38.1026 ] } },
{ "type": "Feature", "properties": { "decimalLatitude": -34.0351, "decimalLongitude": 149.8361, "month": 5, "species_sci": "Cacatua galerita", "species_com": "Sulphur-crested Cockatoo" }, "geometry": { "type": "Point", "coordinates": [ 149.8361, -34.0351 ] } },
{ "type": "Feature", "properties": { "decimalLatitude": -33.9518, "decimalLongitude": 151.143, "month": 5, "species_sci": "Cacatua galerita", "species_com": "Sulphur-crested Cockatoo" }, "geometry": { "type": "Point", "coordinates": [ 151.143, -33.9518 ] } },
{ "type": "Feature", "properties": { "decimalLatitude": -38.3478, "decimalLongitude": 144.2968, "month": 5, "species_sci": "Cacatua galerita", "species_com": "Sulphur-crested Cockatoo" }, "geometry": { "type": "Point", "coordinates": [ 144.2968, -38.3478 ] } },
{ "type": "Feature", "properties": { "decimalLatitude": -38.3709, "decimalLongitude": 145.1201, "month": 5, "species_sci": "Cacatua galerita", "species_com": "Sulphur-crested Cockatoo" }, "geometry": { "type": "Point", "coordinates": [ 145.1201, -38.3709 ] } },
{ "type": "Feature", "properties": { "decimalLatitude": -34.0351, "decimalLongitude": 149.8361, "month": 5, "species_sci": "Cacatua galerita", "species_com": "Sulphur-crested Cockatoo" }, "geometry": { "type": "Point", "coordinates": [ 149.8361, -34.0351 ] } },
{ "type": "Feature", "properties": { "decimalLatitude": -33.3706, "decimalLongitude": 150.0728, "month": 5, "species_sci": "Cacatua galerita", "species_com": "Sulphur-crested Cockatoo" }, "geometry": { "type": "Point", "coordinates": [ 150.0728, -33.3706 ] } },
{ "type": "Feature", "properties": { "decimalLatitude": -33.7725, "decimalLongitude": 151.0794, "month": 5, "species_sci": "Cacatua galerita", "species_com": "Sulphur-crested Cockatoo" }, "geometry": { "type": "Point", "coordinates": [ 151.0794, -33.7725 ] } },
{ "type": "Feature", "properties": { "decimalLatitude": -33.8623, "decimalLongitude": 151.2169, "month": 5, "species_sci": "Cacatua galerita", "species_com": "Sulphur-crested Cockatoo" }, "geometry": { "type": "Point", "coordinates": [ 151.2169, -33.8623 ] } },
{ "type": "Feature", "properties": { "decimalLatitude": -37.6927, "decimalLongitude": 145.1532, "month": 5, "species_sci": "Cacatua galerita", "species_com": "Sulphur-crested Cockatoo" }, "geometry": { "type": "Point", "coordinates": [ 145.1532, -37.6927 ] } },
{ "type": "Feature", "properties": { "decimalLatitude": -33.4203, "decimalLongitude": 151.4341, "month": 5, "species_sci": "Cacatua galerita", "species_com": "Sulphur-crested Cockatoo" }, "geometry": { "type": "Point", "coordinates": [ 151.4341, -33.4203 ] } },
{ "type": "Feature", "properties": { "decimalLatitude": -35.3943, "decimalLongitude": 149.0946, "month": 5, "species_sci": "Cacatua galerita", "species_com": "Sulphur-crested Cockatoo" }, "geometry": { "type": "Point", "coordinates": [ 149.0946, -35.3943 ] } },
{ "type": "Feature", "properties": { "decimalLatitude": -33.9118, "decimalLongitude": 151.1459, "month": 5, "species_sci": "Cacatua galerita", "species_com": "Sulphur-crested Cockatoo" }, "geometry": { "type": "Point", "coordinates": [ 151.1459, -33.9118 ] } },
{ "type": "Feature", "properties": { "decimalLatitude": -35.2095, "decimalLongitude": 149.1001, "month": 5, "species_sci": "Cacatua galerita", "species_com": "Sulphur-crested Cockatoo" }, "geometry": { "type": "Point", "coordinates": [ 149.1001, -35.2095 ] } },
{ "type": "Feature", "properties": { "decimalLatitude": -37.6366, "decimalLongitude": 143.8768, "month": 5, "species_sci": "Cacatua galerita", "species_com": "Sulphur-crested Cockatoo" }, "geometry": { "type": "Point", "coordinates": [ 143.8768, -37.6366 ] } },
{ "type": "Feature", "properties": { "decimalLatitude": -37.6977, "decimalLongitude": 145.0972, "month": 5, "species_sci": "Cacatua galerita", "species_com": "Sulphur-crested Cockatoo" }, "geometry": { "type": "Point", "coordinates": [ 145.0972, -37.6977 ] } },
{ "type": "Feature", "properties": { "decimalLatitude": -35.2742, "decimalLongitude": 149.1079, "month": 5, "species_sci": "Cacatua galerita", "species_com": "Sulphur-crested Cockatoo" }, "geometry": { "type": "Point", "coordinates": [ 149.1079, -35.2742 ] } },
{ "type": "Feature", "properties": { "decimalLatitude": -37.9092, "decimalLongitude": 145.3535, "month": 5, "species_sci": "Cacatua galerita", "species_com": "Sulphur-crested Cockatoo" }, "geometry": { "type": "Point", "coordinates": [ 145.3535, -37.9092 ] } },
{ "type": "Feature", "properties": { "decimalLatitude": -35.0417, "decimalLongitude": 138.758, "month": 5, "species_sci": "Cacatua galerita", "species_com": "Sulphur-crested Cockatoo" }, "geometry": { "type": "Point", "coordinates": [ 138.758, -35.0417 ] } },
{ "type": "Feature", "properties": { "decimalLatitude": -33.8272, "decimalLongitude": 151.2186, "month": 5, "species_sci": "Cacatua galerita", "species_com": "Sulphur-crested Cockatoo" }, "geometry": { "type": "Point", "coordinates": [ 151.2186, -33.8272 ] } },
{ "type": "Feature", "properties": { "decimalLatitude": -34.0351, "decimalLongitude": 149.8361, "month": 5, "species_sci": "Cacatua galerita", "species_com": "Sulphur-crested Cockatoo" }, "geometry": { "type": "Point", "coordinates": [ 149.8361, -34.0351 ] } },
{ "type": "Feature", "properties": { "decimalLatitude": -33.9562, "decimalLongitude": 149.8716, "month": 5, "species_sci": "Cacatua galerita", "species_com": "Sulphur-crested Cockatoo" }, "geometry": { "type": "Point", "coordinates": [ 149.8716, -33.9562 ] } },
{ "type": "Feature", "properties": { "decimalLatitude": -36.8884, "decimalLongitude": 174.5206, "month": 5, "species_sci": "Cacatua galerita", "species_com": "Sulphur-crested Cockatoo" }, "geometry": { "type": "Point", "coordinates": [ 174.5206, -36.8884 ] } },
{ "type": "Feature", "properties": { "decimalLatitude": -37.8402, "decimalLongitude": 145.162, "month": 5, "species_sci": "Cacatua galerita", "species_com": "Sulphur-crested Cockatoo" }, "geometry": { "type": "Point", "coordinates": [ 145.162, -37.8402 ] } },
{ "type": "Feature", "properties": { "decimalLatitude": -35.3504, "decimalLongitude": 149.1348, "month": 5, "species_sci": "Cacatua galerita", "species_com": "Sulphur-crested Cockatoo" }, "geometry": { "type": "Point", "coordinates": [ 149.1348, -35.3504 ] } },
{ "type": "Feature", "properties": { "decimalLatitude": -17.3809, "decimalLongitude": 145.3874, "month": 5, "species_sci": "Cacatua galerita", "species_com": "Sulphur-crested Cockatoo" }, "geometry": { "type": "Point", "coordinates": [ 145.3874, -17.3809 ] } },
{ "type": "Feature", "properties": { "decimalLatitude": -38.1147, "decimalLongitude": 147.0724, "month": 5, "species_sci": "Cacatua galerita", "species_com": "Sulphur-crested Cockatoo" }, "geometry": { "type": "Point", "coordinates": [ 147.0724, -38.1147 ] } },
{ "type": "Feature", "properties": { "decimalLatitude": -34.582, "decimalLongitude": 139.5704, "month": 5, "species_sci": "Cacatua galerita", "species_com": "Sulphur-crested Cockatoo" }, "geometry": { "type": "Point", "coordinates": [ 139.5704, -34.582 ] } },
{ "type": "Feature", "properties": { "decimalLatitude": -37.1622, "decimalLongitude": 145.9937, "month": 5, "species_sci": "Cacatua galerita", "species_com": "Sulphur-crested Cockatoo" }, "geometry": { "type": "Point", "coordinates": [ 145.9937, -37.1622 ] } },
{ "type": "Feature", "properties": { "decimalLatitude": -19.26, "decimalLongitude": 146.8136, "month": 5, "species_sci": "Cacatua galerita", "species_com": "Sulphur-crested Cockatoo" }, "geometry": { "type": "Point", "coordinates": [ 146.8136, -19.26 ] } },
{ "type": "Feature", "properties": { "decimalLatitude": -34.0351, "decimalLongitude": 149.8361, "month": 5, "species_sci": "Cacatua galerita", "species_com": "Sulphur-crested Cockatoo" }, "geometry": { "type": "Point", "coordinates": [ 149.8361, -34.0351 ] } },
{ "type": "Feature", "properties": { "decimalLatitude": -33.9562, "decimalLongitude": 149.8716, "month": 5, "species_sci": "Cacatua galerita", "species_com": "Sulphur-crested Cockatoo" }, "geometry": { "type": "Point", "coordinates": [ 149.8716, -33.9562 ] } },
{ "type": "Feature", "properties": { "decimalLatitude": -37.1392, "decimalLongitude": 142.519, "month": 5, "species_sci": "Cacatua galerita", "species_com": "Sulphur-crested Cockatoo" }, "geometry": { "type": "Point", "coordinates": [ 142.519, -37.1392 ] } },
{ "type": "Feature", "properties": { "decimalLatitude": -33.8635, "decimalLongitude": 151.2173, "month": 5, "species_sci": "Cacatua galerita", "species_com": "Sulphur-crested Cockatoo" }, "geometry": { "type": "Point", "coordinates": [ 151.2173, -33.8635 ] } },
{ "type": "Feature", "properties": { "decimalLatitude": -37.8411, "decimalLongitude": 145.2343, "month": 5, "species_sci": "Cacatua galerita", "species_com": "Sulphur-crested Cockatoo" }, "geometry": { "type": "Point", "coordinates": [ 145.2343, -37.8411 ] } },
{ "type": "Feature", "properties": { "decimalLatitude": -38.3297, "decimalLongitude": 144.324, "month": 5, "species_sci": "Cacatua galerita", "species_com": "Sulphur-crested Cockatoo" }, "geometry": { "type": "Point", "coordinates": [ 144.324, -38.3297 ] } },
{ "type": "Feature", "properties": { "decimalLatitude": -38.1533, "decimalLongitude": 144.3787, "month": 5, "species_sci": "Cacatua galerita", "species_com": "Sulphur-crested Cockatoo" }, "geometry": { "type": "Point", "coordinates": [ 144.3787, -38.1533 ] } },
{ "type": "Feature", "properties": { "decimalLatitude": -33.8273, "decimalLongitude": 151.2186, "month": 5, "species_sci": "Cacatua galerita", "species_com": "Sulphur-crested Cockatoo" }, "geometry": { "type": "Point", "coordinates": [ 151.2186, -33.8273 ] } },
{ "type": "Feature", "properties": { "decimalLatitude": -35.3709, "decimalLongitude": 149.0994, "month": 5, "species_sci": "Cacatua galerita", "species_com": "Sulphur-crested Cockatoo" }, "geometry": { "type": "Point", "coordinates": [ 149.0994, -35.3709 ] } },
{ "type": "Feature", "properties": { "decimalLatitude": -34.0351, "decimalLongitude": 149.8361, "month": 5, "species_sci": "Cacatua galerita", "species_com": "Sulphur-crested Cockatoo" }, "geometry": { "type": "Point", "coordinates": [ 149.8361, -34.0351 ] } },
{ "type": "Feature", "properties": { "decimalLatitude": -33.778, "decimalLongitude": 151.1201, "month": 5, "species_sci": "Cacatua galerita", "species_com": "Sulphur-crested Cockatoo" }, "geometry": { "type": "Point", "coordinates": [ 151.1201, -33.778 ] } },
{ "type": "Feature", "properties": { "decimalLatitude": -33.7407, "decimalLongitude": 150.8629, "month": 5, "species_sci": "Cacatua galerita", "species_com": "Sulphur-crested Cockatoo" }, "geometry": { "type": "Point", "coordinates": [ 150.8629, -33.7407 ] } },
{ "type": "Feature", "properties": { "decimalLatitude": -39.6944, "decimalLongitude": 175.6333, "month": 5, "species_sci": "Cacatua galerita", "species_com": "Sulphur-crested Cockatoo" }, "geometry": { "type": "Point", "coordinates": [ 175.6333, -39.6944 ] } },
{ "type": "Feature", "properties": { "decimalLatitude": -29.3886, "decimalLongitude": 153.354, "month": 5, "species_sci": "Cacatua galerita", "species_com": "Sulphur-crested Cockatoo" }, "geometry": { "type": "Point", "coordinates": [ 153.354, -29.3886 ] } },
{ "type": "Feature", "properties": { "decimalLatitude": -34.0743, "decimalLongitude": 150.8057, "month": 5, "species_sci": "Cacatua galerita", "species_com": "Sulphur-crested Cockatoo" }, "geometry": { "type": "Point", "coordinates": [ 150.8057, -34.0743 ] } },
{ "type": "Feature", "properties": { "decimalLatitude": -34.0351, "decimalLongitude": 149.8361, "month": 5, "species_sci": "Cacatua galerita", "species_com": "Sulphur-crested Cockatoo" }, "geometry": { "type": "Point", "coordinates": [ 149.8361, -34.0351 ] } },
{ "type": "Feature", "properties": { "decimalLatitude": -35.3736, "decimalLongitude": 149.116, "month": 5, "species_sci": "Cacatua galerita", "species_com": "Sulphur-crested Cockatoo" }, "geometry": { "type": "Point", "coordinates": [ 149.116, -35.3736 ] } },
{ "type": "Feature", "properties": { "decimalLatitude": -27.3987, "decimalLongitude": 152.7838, "month": 5, "species_sci": "Cacatua galerita", "species_com": "Sulphur-crested Cockatoo" }, "geometry": { "type": "Point", "coordinates": [ 152.7838, -27.3987 ] } },
{ "type": "Feature", "properties": { "decimalLatitude": -33.8299, "decimalLongitude": 151.2123, "month": 5, "species_sci": "Cacatua galerita", "species_com": "Sulphur-crested Cockatoo" }, "geometry": { "type": "Point", "coordinates": [ 151.2123, -33.8299 ] } },
{ "type": "Feature", "properties": { "decimalLatitude": -33.8541, "decimalLongitude": 151.2097, "month": 5, "species_sci": "Cacatua galerita", "species_com": "Sulphur-crested Cockatoo" }, "geometry": { "type": "Point", "coordinates": [ 151.2097, -33.8541 ] } },
{ "type": "Feature", "properties": { "decimalLatitude": -16.831, "decimalLongitude": 145.6359, "month": 5, "species_sci": "Cacatua galerita", "species_com": "Sulphur-crested Cockatoo" }, "geometry": { "type": "Point", "coordinates": [ 145.6359, -16.831 ] } },
{ "type": "Feature", "properties": { "decimalLatitude": -33.5327, "decimalLongitude": 151.3053, "month": 5, "species_sci": "Cacatua galerita", "species_com": "Sulphur-crested Cockatoo" }, "geometry": { "type": "Point", "coordinates": [ 151.3053, -33.5327 ] } },
{ "type": "Feature", "properties": { "decimalLatitude": -26.8795, "decimalLongitude": 151.5978, "month": 5, "species_sci": "Cacatua galerita", "species_com": "Sulphur-crested Cockatoo" }, "geometry": { "type": "Point", "coordinates": [ 151.5978, -26.8795 ] } },
{ "type": "Feature", "properties": { "decimalLatitude": -37.8929, "decimalLongitude": 145.3154, "month": 5, "species_sci": "Cacatua galerita", "species_com": "Sulphur-crested Cockatoo" }, "geometry": { "type": "Point", "coordinates": [ 145.3154, -37.8929 ] } },
{ "type": "Feature", "properties": { "decimalLatitude": -37.8239, "decimalLongitude": 147.8285, "month": 5, "species_sci": "Cacatua galerita", "species_com": "Sulphur-crested Cockatoo" }, "geometry": { "type": "Point", "coordinates": [ 147.8285, -37.8239 ] } },
{ "type": "Feature", "properties": { "decimalLatitude": -38.1504, "decimalLongitude": 144.3745, "month": 5, "species_sci": "Cacatua galerita", "species_com": "Sulphur-crested Cockatoo" }, "geometry": { "type": "Point", "coordinates": [ 144.3745, -38.1504 ] } },
{ "type": "Feature", "properties": { "decimalLatitude": -35.4244, "decimalLongitude": 149.0829, "month": 5, "species_sci": "Cacatua galerita", "species_com": "Sulphur-crested Cockatoo" }, "geometry": { "type": "Point", "coordinates": [ 149.0829, -35.4244 ] } },
{ "type": "Feature", "properties": { "decimalLatitude": -33.9562, "decimalLongitude": 149.8716, "month": 5, "species_sci": "Cacatua galerita", "species_com": "Sulphur-crested Cockatoo" }, "geometry": { "type": "Point", "coordinates": [ 149.8716, -33.9562 ] } },
{ "type": "Feature", "properties": { "decimalLatitude": -33.7952, "decimalLongitude": 151.2877, "month": 5, "species_sci": "Cacatua galerita", "species_com": "Sulphur-crested Cockatoo" }, "geometry": { "type": "Point", "coordinates": [ 151.2877, -33.7952 ] } },
{ "type": "Feature", "properties": { "decimalLatitude": -33.915, "decimalLongitude": 149.9462, "month": 5, "species_sci": "Cacatua galerita", "species_com": "Sulphur-crested Cockatoo" }, "geometry": { "type": "Point", "coordinates": [ 149.9462, -33.915 ] } },
{ "type": "Feature", "properties": { "decimalLatitude": -33.7219, "decimalLongitude": 151.2774, "month": 5, "species_sci": "Cacatua galerita", "species_com": "Sulphur-crested Cockatoo" }, "geometry": { "type": "Point", "coordinates": [ 151.2774, -33.7219 ] } },
{ "type": "Feature", "properties": { "decimalLatitude": -38.5412, "decimalLongitude": 143.9754, "month": 5, "species_sci": "Cacatua galerita", "species_com": "Sulphur-crested Cockatoo" }, "geometry": { "type": "Point", "coordinates": [ 143.9754, -38.5412 ] } },
{ "type": "Feature", "properties": { "decimalLatitude": -42.8482, "decimalLongitude": 147.3471, "month": 5, "species_sci": "Cacatua galerita", "species_com": "Sulphur-crested Cockatoo" }, "geometry": { "type": "Point", "coordinates": [ 147.3471, -42.8482 ] } },
{ "type": "Feature", "properties": { "decimalLatitude": -33.8273, "decimalLongitude": 151.2186, "month": 5, "species_sci": "Cacatua galerita", "species_com": "Sulphur-crested Cockatoo" }, "geometry": { "type": "Point", "coordinates": [ 151.2186, -33.8273 ] } },
{ "type": "Feature", "properties": { "decimalLatitude": -33.8651, "decimalLongitude": 151.2152, "month": 5, "species_sci": "Cacatua galerita", "species_com": "Sulphur-crested Cockatoo" }, "geometry": { "type": "Point", "coordinates": [ 151.2152, -33.8651 ] } },
{ "type": "Feature", "properties": { "decimalLatitude": -37.6242, "decimalLongitude": 145.0751, "month": 5, "species_sci": "Cacatua galerita", "species_com": "Sulphur-crested Cockatoo" }, "geometry": { "type": "Point", "coordinates": [ 145.0751, -37.6242 ] } },
{ "type": "Feature", "properties": { "decimalLatitude": -33.8294, "decimalLongitude": 151.0557, "month": 5, "species_sci": "Cacatua galerita", "species_com": "Sulphur-crested Cockatoo" }, "geometry": { "type": "Point", "coordinates": [ 151.0557, -33.8294 ] } },
{ "type": "Feature", "properties": { "decimalLatitude": -34.0351, "decimalLongitude": 149.8361, "month": 5, "species_sci": "Cacatua galerita", "species_com": "Sulphur-crested Cockatoo" }, "geometry": { "type": "Point", "coordinates": [ 149.8361, -34.0351 ] } },
{ "type": "Feature", "properties": { "decimalLatitude": -35.2422, "decimalLongitude": 149.0979, "month": 5, "species_sci": "Cacatua galerita", "species_com": "Sulphur-crested Cockatoo" }, "geometry": { "type": "Point", "coordinates": [ 149.0979, -35.2422 ] } },
{ "type": "Feature", "properties": { "decimalLatitude": -37.5979, "decimalLongitude": 144.938, "month": 5, "species_sci": "Cacatua galerita", "species_com": "Sulphur-crested Cockatoo" }, "geometry": { "type": "Point", "coordinates": [ 144.938, -37.5979 ] } },
{ "type": "Feature", "properties": { "decimalLatitude": -37.5538, "decimalLongitude": 143.8228, "month": 5, "species_sci": "Cacatua galerita", "species_com": "Sulphur-crested Cockatoo" }, "geometry": { "type": "Point", "coordinates": [ 143.8228, -37.5538 ] } },
{ "type": "Feature", "properties": { "decimalLatitude": -33.6958, "decimalLongitude": 151.2921, "month": 5, "species_sci": "Cacatua galerita", "species_com": "Sulphur-crested Cockatoo" }, "geometry": { "type": "Point", "coordinates": [ 151.2921, -33.6958 ] } },
{ "type": "Feature", "properties": { "decimalLatitude": -34.0351, "decimalLongitude": 149.8361, "month": 5, "species_sci": "Cacatua galerita", "species_com": "Sulphur-crested Cockatoo" }, "geometry": { "type": "Point", "coordinates": [ 149.8361, -34.0351 ] } },
{ "type": "Feature", "properties": { "decimalLatitude": -27.6019, "decimalLongitude": 153.1484, "month": 5, "species_sci": "Cacatua galerita", "species_com": "Sulphur-crested Cockatoo" }, "geometry": { "type": "Point", "coordinates": [ 153.1484, -27.6019 ] } },
{ "type": "Feature", "properties": { "decimalLatitude": -37.8397, "decimalLongitude": 145.2306, "month": 5, "species_sci": "Cacatua galerita", "species_com": "Sulphur-crested Cockatoo" }, "geometry": { "type": "Point", "coordinates": [ 145.2306, -37.8397 ] } },
{ "type": "Feature", "properties": { "decimalLatitude": -33.7898, "decimalLongitude": 151.2872, "month": 5, "species_sci": "Cacatua galerita", "species_com": "Sulphur-crested Cockatoo" }, "geometry": { "type": "Point", "coordinates": [ 151.2872, -33.7898 ] } },
{ "type": "Feature", "properties": { "decimalLatitude": -34.0351, "decimalLongitude": 149.8361, "month": 5, "species_sci": "Cacatua galerita", "species_com": "Sulphur-crested Cockatoo" }, "geometry": { "type": "Point", "coordinates": [ 149.8361, -34.0351 ] } },
{ "type": "Feature", "properties": { "decimalLatitude": -37.842, "decimalLongitude": 145.2138, "month": 5, "species_sci": "Cacatua galerita", "species_com": "Sulphur-crested Cockatoo" }, "geometry": { "type": "Point", "coordinates": [ 145.2138, -37.842 ] } },
{ "type": "Feature", "properties": { "decimalLatitude": -37.839, "decimalLongitude": 145.3617, "month": 5, "species_sci": "Cacatua galerita", "species_com": "Sulphur-crested Cockatoo" }, "geometry": { "type": "Point", "coordinates": [ 145.3617, -37.839 ] } },
{ "type": "Feature", "properties": { "decimalLatitude": -16.7763, "decimalLongitude": 145.6695, "month": 5, "species_sci": "Cacatua galerita", "species_com": "Sulphur-crested Cockatoo" }, "geometry": { "type": "Point", "coordinates": [ 145.6695, -16.7763 ] } },
{ "type": "Feature", "properties": { "decimalLatitude": -33.7786, "decimalLongitude": 151.0318, "month": 5, "species_sci": "Cacatua galerita", "species_com": "Sulphur-crested Cockatoo" }, "geometry": { "type": "Point", "coordinates": [ 151.0318, -33.7786 ] } },
{ "type": "Feature", "properties": { "decimalLatitude": -27.5437, "decimalLongitude": 152.8574, "month": 5, "species_sci": "Cacatua galerita", "species_com": "Sulphur-crested Cockatoo" }, "geometry": { "type": "Point", "coordinates": [ 152.8574, -27.5437 ] } },
{ "type": "Feature", "properties": { "decimalLatitude": -33.915, "decimalLongitude": 149.9462, "month": 5, "species_sci": "Cacatua galerita", "species_com": "Sulphur-crested Cockatoo" }, "geometry": { "type": "Point", "coordinates": [ 149.9462, -33.915 ] } },
{ "type": "Feature", "properties": { "decimalLatitude": -38.2528, "decimalLongitude": 144.5167, "month": 5, "species_sci": "Cacatua galerita", "species_com": "Sulphur-crested Cockatoo" }, "geometry": { "type": "Point", "coordinates": [ 144.5167, -38.2528 ] } },
{ "type": "Feature", "properties": { "decimalLatitude": -33.8497, "decimalLongitude": 151.2125, "month": 5, "species_sci": "Cacatua galerita", "species_com": "Sulphur-crested Cockatoo" }, "geometry": { "type": "Point", "coordinates": [ 151.2125, -33.8497 ] } },
{ "type": "Feature", "properties": { "decimalLatitude": -38.1822, "decimalLongitude": 144.5548, "month": 5, "species_sci": "Cacatua galerita", "species_com": "Sulphur-crested Cockatoo" }, "geometry": { "type": "Point", "coordinates": [ 144.5548, -38.1822 ] } },
{ "type": "Feature", "properties": { "decimalLatitude": -32.8804, "decimalLongitude": 151.6173, "month": 5, "species_sci": "Cacatua galerita", "species_com": "Sulphur-crested Cockatoo" }, "geometry": { "type": "Point", "coordinates": [ 151.6173, -32.8804 ] } },
{ "type": "Feature", "properties": { "decimalLatitude": -35.3166, "decimalLongitude": 149.1633, "month": 5, "species_sci": "Cacatua galerita", "species_com": "Sulphur-crested Cockatoo" }, "geometry": { "type": "Point", "coordinates": [ 149.1633, -35.3166 ] } },
{ "type": "Feature", "properties": { "decimalLatitude": -33.9427, "decimalLongitude": 150.9181, "month": 5, "species_sci": "Cacatua galerita", "species_com": "Sulphur-crested Cockatoo" }, "geometry": { "type": "Point", "coordinates": [ 150.9181, -33.9427 ] } },
{ "type": "Feature", "properties": { "decimalLatitude": -36.1111, "decimalLongitude": 149.4896, "month": 5, "species_sci": "Cacatua galerita", "species_com": "Sulphur-crested Cockatoo" }, "geometry": { "type": "Point", "coordinates": [ 149.4896, -36.1111 ] } },
{ "type": "Feature", "properties": { "decimalLatitude": -33.8006, "decimalLongitude": 151.2859, "month": 5, "species_sci": "Cacatua galerita", "species_com": "Sulphur-crested Cockatoo" }, "geometry": { "type": "Point", "coordinates": [ 151.2859, -33.8006 ] } },
{ "type": "Feature", "properties": { "decimalLatitude": -41.7579, "decimalLongitude": 147.2883, "month": 5, "species_sci": "Cacatua galerita", "species_com": "Sulphur-crested Cockatoo" }, "geometry": { "type": "Point", "coordinates": [ 147.2883, -41.7579 ] } },
{ "type": "Feature", "properties": { "decimalLatitude": -35.3987, "decimalLongitude": 149.0966, "month": 5, "species_sci": "Cacatua galerita", "species_com": "Sulphur-crested Cockatoo" }, "geometry": { "type": "Point", "coordinates": [ 149.0966, -35.3987 ] } },
{ "type": "Feature", "properties": { "decimalLatitude": -26.6239, "decimalLongitude": 152.6893, "month": 5, "species_sci": "Cacatua galerita", "species_com": "Sulphur-crested Cockatoo" }, "geometry": { "type": "Point", "coordinates": [ 152.6893, -26.6239 ] } },
{ "type": "Feature", "properties": { "decimalLatitude": -34.0767, "decimalLongitude": 151.0555, "month": 6, "species_sci": "Cacatua galerita", "species_com": "Sulphur-crested Cockatoo" }, "geometry": { "type": "Point", "coordinates": [ 151.0555, -34.0767 ] } },
{ "type": "Feature", "properties": { "decimalLatitude": -33.7713, "decimalLongitude": 149.7765, "month": 6, "species_sci": "Cacatua galerita", "species_com": "Sulphur-crested Cockatoo" }, "geometry": { "type": "Point", "coordinates": [ 149.7765, -33.7713 ] } },
{ "type": "Feature", "properties": { "decimalLatitude": -33.9562, "decimalLongitude": 149.8716, "month": 6, "species_sci": "Cacatua galerita", "species_com": "Sulphur-crested Cockatoo" }, "geometry": { "type": "Point", "coordinates": [ 149.8716, -33.9562 ] } },
{ "type": "Feature", "properties": { "decimalLatitude": -33.633, "decimalLongitude": 149.8813, "month": 6, "species_sci": "Cacatua galerita", "species_com": "Sulphur-crested Cockatoo" }, "geometry": { "type": "Point", "coordinates": [ 149.8813, -33.633 ] } },
{ "type": "Feature", "properties": { "decimalLatitude": -33.7759, "decimalLongitude": 151.1285, "month": 6, "species_sci": "Cacatua galerita", "species_com": "Sulphur-crested Cockatoo" }, "geometry": { "type": "Point", "coordinates": [ 151.1285, -33.7759 ] } },
{ "type": "Feature", "properties": { "decimalLatitude": -33.7713, "decimalLongitude": 149.7765, "month": 6, "species_sci": "Cacatua galerita", "species_com": "Sulphur-crested Cockatoo" }, "geometry": { "type": "Point", "coordinates": [ 149.7765, -33.7713 ] } },
{ "type": "Feature", "properties": { "decimalLatitude": -33.915, "decimalLongitude": 149.9462, "month": 6, "species_sci": "Cacatua galerita", "species_com": "Sulphur-crested Cockatoo" }, "geometry": { "type": "Point", "coordinates": [ 149.9462, -33.915 ] } },
{ "type": "Feature", "properties": { "decimalLatitude": -37.8632, "decimalLongitude": 145.2841, "month": 6, "species_sci": "Cacatua galerita", "species_com": "Sulphur-crested Cockatoo" }, "geometry": { "type": "Point", "coordinates": [ 145.2841, -37.8632 ] } },
{ "type": "Feature", "properties": { "decimalLatitude": -34.0757, "decimalLongitude": 151.0548, "month": 6, "species_sci": "Cacatua galerita", "species_com": "Sulphur-crested Cockatoo" }, "geometry": { "type": "Point", "coordinates": [ 151.0548, -34.0757 ] } },
{ "type": "Feature", "properties": { "decimalLatitude": -37.7498, "decimalLongitude": 145.2186, "month": 6, "species_sci": "Cacatua galerita", "species_com": "Sulphur-crested Cockatoo" }, "geometry": { "type": "Point", "coordinates": [ 145.2186, -37.7498 ] } },
{ "type": "Feature", "properties": { "decimalLatitude": -33.7254, "decimalLongitude": 150.3061, "month": 6, "species_sci": "Cacatua galerita", "species_com": "Sulphur-crested Cockatoo" }, "geometry": { "type": "Point", "coordinates": [ 150.3061, -33.7254 ] } },
{ "type": "Feature", "properties": { "decimalLatitude": -33.7729, "decimalLongitude": 149.7732, "month": 6, "species_sci": "Cacatua galerita", "species_com": "Sulphur-crested Cockatoo" }, "geometry": { "type": "Point", "coordinates": [ 149.7732, -33.7729 ] } },
{ "type": "Feature", "properties": { "decimalLatitude": -33.7713, "decimalLongitude": 149.7765, "month": 6, "species_sci": "Cacatua galerita", "species_com": "Sulphur-crested Cockatoo" }, "geometry": { "type": "Point", "coordinates": [ 149.7765, -33.7713 ] } },
{ "type": "Feature", "properties": { "decimalLatitude": -33.7257, "decimalLongitude": 150.3061, "month": 6, "species_sci": "Cacatua galerita", "species_com": "Sulphur-crested Cockatoo" }, "geometry": { "type": "Point", "coordinates": [ 150.3061, -33.7257 ] } },
{ "type": "Feature", "properties": { "decimalLatitude": -33.7713, "decimalLongitude": 149.7765, "month": 6, "species_sci": "Cacatua galerita", "species_com": "Sulphur-crested Cockatoo" }, "geometry": { "type": "Point", "coordinates": [ 149.7765, -33.7713 ] } },
{ "type": "Feature", "properties": { "decimalLatitude": -33.7713, "decimalLongitude": 149.7765, "month": 6, "species_sci": "Cacatua galerita", "species_com": "Sulphur-crested Cockatoo" }, "geometry": { "type": "Point", "coordinates": [ 149.7765, -33.7713 ] } },
{ "type": "Feature", "properties": { "decimalLatitude": -0.4204, "decimalLongitude": 130.8392, "month": 6, "species_sci": "Cacatua galerita", "species_com": "Sulphur-crested Cockatoo" }, "geometry": { "type": "Point", "coordinates": [ 130.8392, -0.4204 ] } },
{ "type": "Feature", "properties": { "decimalLatitude": -27.4806, "decimalLongitude": 153.1267, "month": 6, "species_sci": "Cacatua galerita", "species_com": "Sulphur-crested Cockatoo" }, "geometry": { "type": "Point", "coordinates": [ 153.1267, -27.4806 ] } },
{ "type": "Feature", "properties": { "decimalLatitude": -33.7212, "decimalLongitude": 151.0497, "month": 6, "species_sci": "Cacatua galerita", "species_com": "Sulphur-crested Cockatoo" }, "geometry": { "type": "Point", "coordinates": [ 151.0497, -33.7212 ] } },
{ "type": "Feature", "properties": { "decimalLatitude": -34.7524, "decimalLongitude": 142.3447, "month": 6, "species_sci": "Cacatua galerita", "species_com": "Sulphur-crested Cockatoo" }, "geometry": { "type": "Point", "coordinates": [ 142.3447, -34.7524 ] } },
{ "type": "Feature", "properties": { "decimalLatitude": -33.9562, "decimalLongitude": 149.8716, "month": 6, "species_sci": "Cacatua galerita", "species_com": "Sulphur-crested Cockatoo" }, "geometry": { "type": "Point", "coordinates": [ 149.8716, -33.9562 ] } },
{ "type": "Feature", "properties": { "decimalLatitude": -33.7713, "decimalLongitude": 149.7765, "month": 6, "species_sci": "Cacatua galerita", "species_com": "Sulphur-crested Cockatoo" }, "geometry": { "type": "Point", "coordinates": [ 149.7765, -33.7713 ] } },
{ "type": "Feature", "properties": { "decimalLatitude": -33.7713, "decimalLongitude": 149.7765, "month": 6, "species_sci": "Cacatua galerita", "species_com": "Sulphur-crested Cockatoo" }, "geometry": { "type": "Point", "coordinates": [ 149.7765, -33.7713 ] } },
{ "type": "Feature", "properties": { "decimalLatitude": -33.9562, "decimalLongitude": 149.8716, "month": 6, "species_sci": "Cacatua galerita", "species_com": "Sulphur-crested Cockatoo" }, "geometry": { "type": "Point", "coordinates": [ 149.8716, -33.9562 ] } },
{ "type": "Feature", "properties": { "decimalLatitude": -33.7713, "decimalLongitude": 149.7765, "month": 6, "species_sci": "Cacatua galerita", "species_com": "Sulphur-crested Cockatoo" }, "geometry": { "type": "Point", "coordinates": [ 149.7765, -33.7713 ] } },
{ "type": "Feature", "properties": { "decimalLatitude": -33.9562, "decimalLongitude": 149.8716, "month": 6, "species_sci": "Cacatua galerita", "species_com": "Sulphur-crested Cockatoo" }, "geometry": { "type": "Point", "coordinates": [ 149.8716, -33.9562 ] } },
{ "type": "Feature", "properties": { "decimalLatitude": -33.7721, "decimalLongitude": 151.1028, "month": 6, "species_sci": "Cacatua galerita", "species_com": "Sulphur-crested Cockatoo" }, "geometry": { "type": "Point", "coordinates": [ 151.1028, -33.7721 ] } },
{ "type": "Feature", "properties": { "decimalLatitude": -33.7713, "decimalLongitude": 149.7765, "month": 6, "species_sci": "Cacatua galerita", "species_com": "Sulphur-crested Cockatoo" }, "geometry": { "type": "Point", "coordinates": [ 149.7765, -33.7713 ] } },
{ "type": "Feature", "properties": { "decimalLatitude": -33.7713, "decimalLongitude": 149.7765, "month": 6, "species_sci": "Cacatua galerita", "species_com": "Sulphur-crested Cockatoo" }, "geometry": { "type": "Point", "coordinates": [ 149.7765, -33.7713 ] } },
{ "type": "Feature", "properties": { "decimalLatitude": -33.7713, "decimalLongitude": 149.7765, "month": 6, "species_sci": "Cacatua galerita", "species_com": "Sulphur-crested Cockatoo" }, "geometry": { "type": "Point", "coordinates": [ 149.7765, -33.7713 ] } },
{ "type": "Feature", "properties": { "decimalLatitude": -33.915, "decimalLongitude": 149.9462, "month": 6, "species_sci": "Cacatua galerita", "species_com": "Sulphur-crested Cockatoo" }, "geometry": { "type": "Point", "coordinates": [ 149.9462, -33.915 ] } },
{ "type": "Feature", "properties": { "decimalLatitude": -33.633, "decimalLongitude": 149.8813, "month": 6, "species_sci": "Cacatua galerita", "species_com": "Sulphur-crested Cockatoo" }, "geometry": { "type": "Point", "coordinates": [ 149.8813, -33.633 ] } },
{ "type": "Feature", "properties": { "decimalLatitude": -33.915, "decimalLongitude": 149.9462, "month": 6, "species_sci": "Cacatua galerita", "species_com": "Sulphur-crested Cockatoo" }, "geometry": { "type": "Point", "coordinates": [ 149.9462, -33.915 ] } },
{ "type": "Feature", "properties": { "decimalLatitude": -33.633, "decimalLongitude": 149.8813, "month": 6, "species_sci": "Cacatua galerita", "species_com": "Sulphur-crested Cockatoo" }, "geometry": { "type": "Point", "coordinates": [ 149.8813, -33.633 ] } },
{ "type": "Feature", "properties": { "decimalLatitude": -33.7713, "decimalLongitude": 149.7765, "month": 6, "species_sci": "Cacatua galerita", "species_com": "Sulphur-crested Cockatoo" }, "geometry": { "type": "Point", "coordinates": [ 149.7765, -33.7713 ] } },
{ "type": "Feature", "properties": { "decimalLatitude": -33.7713, "decimalLongitude": 149.7765, "month": 6, "species_sci": "Cacatua galerita", "species_com": "Sulphur-crested Cockatoo" }, "geometry": { "type": "Point", "coordinates": [ 149.7765, -33.7713 ] } },
{ "type": "Feature", "properties": { "decimalLatitude": -33.7457, "decimalLongitude": 151.2536, "month": 6, "species_sci": "Cacatua galerita", "species_com": "Sulphur-crested Cockatoo" }, "geometry": { "type": "Point", "coordinates": [ 151.2536, -33.7457 ] } },
{ "type": "Feature", "properties": { "decimalLatitude": -33.7729, "decimalLongitude": 149.7732, "month": 6, "species_sci": "Cacatua galerita", "species_com": "Sulphur-crested Cockatoo" }, "geometry": { "type": "Point", "coordinates": [ 149.7732, -33.7729 ] } },
{ "type": "Feature", "properties": { "decimalLatitude": -33.8659, "decimalLongitude": 151.2199, "month": 6, "species_sci": "Cacatua galerita", "species_com": "Sulphur-crested Cockatoo" }, "geometry": { "type": "Point", "coordinates": [ 151.2199, -33.8659 ] } },
{ "type": "Feature", "properties": { "decimalLatitude": -33.915, "decimalLongitude": 149.9462, "month": 6, "species_sci": "Cacatua galerita", "species_com": "Sulphur-crested Cockatoo" }, "geometry": { "type": "Point", "coordinates": [ 149.9462, -33.915 ] } },
{ "type": "Feature", "properties": { "decimalLatitude": -0.4223, "decimalLongitude": 130.8407, "month": 6, "species_sci": "Cacatua galerita", "species_com": "Sulphur-crested Cockatoo" }, "geometry": { "type": "Point", "coordinates": [ 130.8407, -0.4223 ] } },
{ "type": "Feature", "properties": { "decimalLatitude": -33.9562, "decimalLongitude": 149.8716, "month": 6, "species_sci": "Cacatua galerita", "species_com": "Sulphur-crested Cockatoo" }, "geometry": { "type": "Point", "coordinates": [ 149.8716, -33.9562 ] } },
{ "type": "Feature", "properties": { "decimalLatitude": -33.9562, "decimalLongitude": 149.8716, "month": 6, "species_sci": "Cacatua galerita", "species_com": "Sulphur-crested Cockatoo" }, "geometry": { "type": "Point", "coordinates": [ 149.8716, -33.9562 ] } },
{ "type": "Feature", "properties": { "decimalLatitude": -33.7729, "decimalLongitude": 149.7732, "month": 6, "species_sci": "Cacatua galerita", "species_com": "Sulphur-crested Cockatoo" }, "geometry": { "type": "Point", "coordinates": [ 149.7732, -33.7729 ] } },
{ "type": "Feature", "properties": { "decimalLatitude": -33.7713, "decimalLongitude": 149.7765, "month": 6, "species_sci": "Cacatua galerita", "species_com": "Sulphur-crested Cockatoo" }, "geometry": { "type": "Point", "coordinates": [ 149.7765, -33.7713 ] } },
{ "type": "Feature", "properties": { "decimalLatitude": -33.7713, "decimalLongitude": 149.7765, "month": 6, "species_sci": "Cacatua galerita", "species_com": "Sulphur-crested Cockatoo" }, "geometry": { "type": "Point", "coordinates": [ 149.7765, -33.7713 ] } },
{ "type": "Feature", "properties": { "decimalLatitude": -33.915, "decimalLongitude": 149.9462, "month": 6, "species_sci": "Cacatua galerita", "species_com": "Sulphur-crested Cockatoo" }, "geometry": { "type": "Point", "coordinates": [ 149.9462, -33.915 ] } },
{ "type": "Feature", "properties": { "decimalLatitude": -33.633, "decimalLongitude": 149.8813, "month": 6, "species_sci": "Cacatua galerita", "species_com": "Sulphur-crested Cockatoo" }, "geometry": { "type": "Point", "coordinates": [ 149.8813, -33.633 ] } },
{ "type": "Feature", "properties": { "decimalLatitude": -37.893, "decimalLongitude": 145.0907, "month": 6, "species_sci": "Cacatua galerita", "species_com": "Sulphur-crested Cockatoo" }, "geometry": { "type": "Point", "coordinates": [ 145.0907, -37.893 ] } },
{ "type": "Feature", "properties": { "decimalLatitude": -33.633, "decimalLongitude": 149.8813, "month": 6, "species_sci": "Cacatua galerita", "species_com": "Sulphur-crested Cockatoo" }, "geometry": { "type": "Point", "coordinates": [ 149.8813, -33.633 ] } },
{ "type": "Feature", "properties": { "decimalLatitude": -28.0115, "decimalLongitude": 153.3268, "month": 6, "species_sci": "Cacatua galerita", "species_com": "Sulphur-crested Cockatoo" }, "geometry": { "type": "Point", "coordinates": [ 153.3268, -28.0115 ] } },
{ "type": "Feature", "properties": { "decimalLatitude": -33.9562, "decimalLongitude": 149.8716, "month": 6, "species_sci": "Cacatua galerita", "species_com": "Sulphur-crested Cockatoo" }, "geometry": { "type": "Point", "coordinates": [ 149.8716, -33.9562 ] } },
{ "type": "Feature", "properties": { "decimalLatitude": -33.633, "decimalLongitude": 149.8813, "month": 6, "species_sci": "Cacatua galerita", "species_com": "Sulphur-crested Cockatoo" }, "geometry": { "type": "Point", "coordinates": [ 149.8813, -33.633 ] } },
{ "type": "Feature", "properties": { "decimalLatitude": -33.9562, "decimalLongitude": 149.8716, "month": 6, "species_sci": "Cacatua galerita", "species_com": "Sulphur-crested Cockatoo" }, "geometry": { "type": "Point", "coordinates": [ 149.8716, -33.9562 ] } },
{ "type": "Feature", "properties": { "decimalLatitude": -33.915, "decimalLongitude": 149.9462, "month": 6, "species_sci": "Cacatua galerita", "species_com": "Sulphur-crested Cockatoo" }, "geometry": { "type": "Point", "coordinates": [ 149.9462, -33.915 ] } },
{ "type": "Feature", "properties": { "decimalLatitude": -33.915, "decimalLongitude": 149.9462, "month": 6, "species_sci": "Cacatua galerita", "species_com": "Sulphur-crested Cockatoo" }, "geometry": { "type": "Point", "coordinates": [ 149.9462, -33.915 ] } },
{ "type": "Feature", "properties": { "decimalLatitude": -27.5022, "decimalLongitude": 153.0823, "month": 6, "species_sci": "Cacatua galerita", "species_com": "Sulphur-crested Cockatoo" }, "geometry": { "type": "Point", "coordinates": [ 153.0823, -27.5022 ] } },
{ "type": "Feature", "properties": { "decimalLatitude": -33.9562, "decimalLongitude": 149.8716, "month": 6, "species_sci": "Cacatua galerita", "species_com": "Sulphur-crested Cockatoo" }, "geometry": { "type": "Point", "coordinates": [ 149.8716, -33.9562 ] } },
{ "type": "Feature", "properties": { "decimalLatitude": -33.9562, "decimalLongitude": 149.8716, "month": 6, "species_sci": "Cacatua galerita", "species_com": "Sulphur-crested Cockatoo" }, "geometry": { "type": "Point", "coordinates": [ 149.8716, -33.9562 ] } },
{ "type": "Feature", "properties": { "decimalLatitude": -33.7729, "decimalLongitude": 149.7732, "month": 6, "species_sci": "Cacatua galerita", "species_com": "Sulphur-crested Cockatoo" }, "geometry": { "type": "Point", "coordinates": [ 149.7732, -33.7729 ] } },
{ "type": "Feature", "properties": { "decimalLatitude": -32.7045, "decimalLongitude": 151.5252, "month": 6, "species_sci": "Cacatua galerita", "species_com": "Sulphur-crested Cockatoo" }, "geometry": { "type": "Point", "coordinates": [ 151.5252, -32.7045 ] } },
{ "type": "Feature", "properties": { "decimalLatitude": -33.9562, "decimalLongitude": 149.8716, "month": 6, "species_sci": "Cacatua galerita", "species_com": "Sulphur-crested Cockatoo" }, "geometry": { "type": "Point", "coordinates": [ 149.8716, -33.9562 ] } },
{ "type": "Feature", "properties": { "decimalLatitude": -33.7713, "decimalLongitude": 149.7765, "month": 6, "species_sci": "Cacatua galerita", "species_com": "Sulphur-crested Cockatoo" }, "geometry": { "type": "Point", "coordinates": [ 149.7765, -33.7713 ] } },
{ "type": "Feature", "properties": { "decimalLatitude": -20.3408, "decimalLongitude": 148.9499, "month": 6, "species_sci": "Cacatua galerita", "species_com": "Sulphur-crested Cockatoo" }, "geometry": { "type": "Point", "coordinates": [ 148.9499, -20.3408 ] } },
{ "type": "Feature", "properties": { "decimalLatitude": -33.9562, "decimalLongitude": 149.8716, "month": 6, "species_sci": "Cacatua galerita", "species_com": "Sulphur-crested Cockatoo" }, "geometry": { "type": "Point", "coordinates": [ 149.8716, -33.9562 ] } },
{ "type": "Feature", "properties": { "decimalLatitude": -33.9562, "decimalLongitude": 149.8716, "month": 6, "species_sci": "Cacatua galerita", "species_com": "Sulphur-crested Cockatoo" }, "geometry": { "type": "Point", "coordinates": [ 149.8716, -33.9562 ] } },
{ "type": "Feature", "properties": { "decimalLatitude": -33.7729, "decimalLongitude": 149.7732, "month": 6, "species_sci": "Cacatua galerita", "species_com": "Sulphur-crested Cockatoo" }, "geometry": { "type": "Point", "coordinates": [ 149.7732, -33.7729 ] } },
{ "type": "Feature", "properties": { "decimalLatitude": -33.7713, "decimalLongitude": 149.7765, "month": 6, "species_sci": "Cacatua galerita", "species_com": "Sulphur-crested Cockatoo" }, "geometry": { "type": "Point", "coordinates": [ 149.7765, -33.7713 ] } },
{ "type": "Feature", "properties": { "decimalLatitude": -33.915, "decimalLongitude": 149.9462, "month": 6, "species_sci": "Cacatua galerita", "species_com": "Sulphur-crested Cockatoo" }, "geometry": { "type": "Point", "coordinates": [ 149.9462, -33.915 ] } },
{ "type": "Feature", "properties": { "decimalLatitude": -33.8617, "decimalLongitude": 151.2169, "month": 6, "species_sci": "Cacatua galerita", "species_com": "Sulphur-crested Cockatoo" }, "geometry": { "type": "Point", "coordinates": [ 151.2169, -33.8617 ] } },
{ "type": "Feature", "properties": { "decimalLatitude": -33.7713, "decimalLongitude": 149.7765, "month": 6, "species_sci": "Cacatua galerita", "species_com": "Sulphur-crested Cockatoo" }, "geometry": { "type": "Point", "coordinates": [ 149.7765, -33.7713 ] } },
{ "type": "Feature", "properties": { "decimalLatitude": -33.633, "decimalLongitude": 149.8813, "month": 6, "species_sci": "Cacatua galerita", "species_com": "Sulphur-crested Cockatoo" }, "geometry": { "type": "Point", "coordinates": [ 149.8813, -33.633 ] } },
{ "type": "Feature", "properties": { "decimalLatitude": -33.7713, "decimalLongitude": 149.7765, "month": 6, "species_sci": "Cacatua galerita", "species_com": "Sulphur-crested Cockatoo" }, "geometry": { "type": "Point", "coordinates": [ 149.7765, -33.7713 ] } },
{ "type": "Feature", "properties": { "decimalLatitude": -33.915, "decimalLongitude": 149.9462, "month": 6, "species_sci": "Cacatua galerita", "species_com": "Sulphur-crested Cockatoo" }, "geometry": { "type": "Point", "coordinates": [ 149.9462, -33.915 ] } },
{ "type": "Feature", "properties": { "decimalLatitude": -35.11, "decimalLongitude": 147.3661, "month": 6, "species_sci": "Cacatua galerita", "species_com": "Sulphur-crested Cockatoo" }, "geometry": { "type": "Point", "coordinates": [ 147.3661, -35.11 ] } },
{ "type": "Feature", "properties": { "decimalLatitude": -33.633, "decimalLongitude": 149.8813, "month": 6, "species_sci": "Cacatua galerita", "species_com": "Sulphur-crested Cockatoo" }, "geometry": { "type": "Point", "coordinates": [ 149.8813, -33.633 ] } },
{ "type": "Feature", "properties": { "decimalLatitude": -33.9562, "decimalLongitude": 149.8716, "month": 6, "species_sci": "Cacatua galerita", "species_com": "Sulphur-crested Cockatoo" }, "geometry": { "type": "Point", "coordinates": [ 149.8716, -33.9562 ] } },
{ "type": "Feature", "properties": { "decimalLatitude": -37.9278, "decimalLongitude": 145.4591, "month": 6, "species_sci": "Cacatua galerita", "species_com": "Sulphur-crested Cockatoo" }, "geometry": { "type": "Point", "coordinates": [ 145.4591, -37.9278 ] } },
{ "type": "Feature", "properties": { "decimalLatitude": -33.6962, "decimalLongitude": 151.0317, "month": 6, "species_sci": "Cacatua galerita", "species_com": "Sulphur-crested Cockatoo" }, "geometry": { "type": "Point", "coordinates": [ 151.0317, -33.6962 ] } },
{ "type": "Feature", "properties": { "decimalLatitude": -33.7713, "decimalLongitude": 149.7765, "month": 6, "species_sci": "Cacatua galerita", "species_com": "Sulphur-crested Cockatoo" }, "geometry": { "type": "Point", "coordinates": [ 149.7765, -33.7713 ] } },
{ "type": "Feature", "properties": { "decimalLatitude": -33.7713, "decimalLongitude": 149.7765, "month": 6, "species_sci": "Cacatua galerita", "species_com": "Sulphur-crested Cockatoo" }, "geometry": { "type": "Point", "coordinates": [ 149.7765, -33.7713 ] } },
{ "type": "Feature", "properties": { "decimalLatitude": -37.8928, "decimalLongitude": 145.3147, "month": 6, "species_sci": "Cacatua galerita", "species_com": "Sulphur-crested Cockatoo" }, "geometry": { "type": "Point", "coordinates": [ 145.3147, -37.8928 ] } },
{ "type": "Feature", "properties": { "decimalLatitude": -33.7713, "decimalLongitude": 149.7765, "month": 6, "species_sci": "Cacatua galerita", "species_com": "Sulphur-crested Cockatoo" }, "geometry": { "type": "Point", "coordinates": [ 149.7765, -33.7713 ] } },
{ "type": "Feature", "properties": { "decimalLatitude": -34.0678, "decimalLongitude": 150.7652, "month": 6, "species_sci": "Cacatua galerita", "species_com": "Sulphur-crested Cockatoo" }, "geometry": { "type": "Point", "coordinates": [ 150.7652, -34.0678 ] } },
{ "type": "Feature", "properties": { "decimalLatitude": -33.7729, "decimalLongitude": 149.7732, "month": 6, "species_sci": "Cacatua galerita", "species_com": "Sulphur-crested Cockatoo" }, "geometry": { "type": "Point", "coordinates": [ 149.7732, -33.7729 ] } },
{ "type": "Feature", "properties": { "decimalLatitude": -33.7713, "decimalLongitude": 149.7765, "month": 6, "species_sci": "Cacatua galerita", "species_com": "Sulphur-crested Cockatoo" }, "geometry": { "type": "Point", "coordinates": [ 149.7765, -33.7713 ] } },
{ "type": "Feature", "properties": { "decimalLatitude": -33.9562, "decimalLongitude": 149.8716, "month": 6, "species_sci": "Cacatua galerita", "species_com": "Sulphur-crested Cockatoo" }, "geometry": { "type": "Point", "coordinates": [ 149.8716, -33.9562 ] } },
{ "type": "Feature", "properties": { "decimalLatitude": -41.0692, "decimalLongitude": 145.7764, "month": 6, "species_sci": "Cacatua galerita", "species_com": "Sulphur-crested Cockatoo" }, "geometry": { "type": "Point", "coordinates": [ 145.7764, -41.0692 ] } },
{ "type": "Feature", "properties": { "decimalLatitude": -33.915, "decimalLongitude": 149.9462, "month": 6, "species_sci": "Cacatua galerita", "species_com": "Sulphur-crested Cockatoo" }, "geometry": { "type": "Point", "coordinates": [ 149.9462, -33.915 ] } },
{ "type": "Feature", "properties": { "decimalLatitude": -33.7713, "decimalLongitude": 149.7765, "month": 6, "species_sci": "Cacatua galerita", "species_com": "Sulphur-crested Cockatoo" }, "geometry": { "type": "Point", "coordinates": [ 149.7765, -33.7713 ] } },
{ "type": "Feature", "properties": { "decimalLatitude": -33.915, "decimalLongitude": 149.9462, "month": 6, "species_sci": "Cacatua galerita", "species_com": "Sulphur-crested Cockatoo" }, "geometry": { "type": "Point", "coordinates": [ 149.9462, -33.915 ] } },
{ "type": "Feature", "properties": { "decimalLatitude": -33.7713, "decimalLongitude": 149.7765, "month": 6, "species_sci": "Cacatua galerita", "species_com": "Sulphur-crested Cockatoo" }, "geometry": { "type": "Point", "coordinates": [ 149.7765, -33.7713 ] } },
{ "type": "Feature", "properties": { "decimalLatitude": -33.7713, "decimalLongitude": 149.7765, "month": 6, "species_sci": "Cacatua galerita", "species_com": "Sulphur-crested Cockatoo" }, "geometry": { "type": "Point", "coordinates": [ 149.7765, -33.7713 ] } },
{ "type": "Feature", "properties": { "decimalLatitude": -33.633, "decimalLongitude": 149.8813, "month": 6, "species_sci": "Cacatua galerita", "species_com": "Sulphur-crested Cockatoo" }, "geometry": { "type": "Point", "coordinates": [ 149.8813, -33.633 ] } },
{ "type": "Feature", "properties": { "decimalLatitude": -33.7729, "decimalLongitude": 149.7732, "month": 6, "species_sci": "Cacatua galerita", "species_com": "Sulphur-crested Cockatoo" }, "geometry": { "type": "Point", "coordinates": [ 149.7732, -33.7729 ] } },
{ "type": "Feature", "properties": { "decimalLatitude": -33.8641, "decimalLongitude": 151.2135, "month": 6, "species_sci": "Cacatua galerita", "species_com": "Sulphur-crested Cockatoo" }, "geometry": { "type": "Point", "coordinates": [ 151.2135, -33.8641 ] } },
{ "type": "Feature", "properties": { "decimalLatitude": -26.3877, "decimalLongitude": 152.9306, "month": 6, "species_sci": "Cacatua galerita", "species_com": "Sulphur-crested Cockatoo" }, "geometry": { "type": "Point", "coordinates": [ 152.9306, -26.3877 ] } },
{ "type": "Feature", "properties": { "decimalLatitude": -33.915, "decimalLongitude": 149.9462, "month": 6, "species_sci": "Cacatua galerita", "species_com": "Sulphur-crested Cockatoo" }, "geometry": { "type": "Point", "coordinates": [ 149.9462, -33.915 ] } },
{ "type": "Feature", "properties": { "decimalLatitude": -33.633, "decimalLongitude": 149.8813, "month": 6, "species_sci": "Cacatua galerita", "species_com": "Sulphur-crested Cockatoo" }, "geometry": { "type": "Point", "coordinates": [ 149.8813, -33.633 ] } },
{ "type": "Feature", "properties": { "decimalLatitude": -33.7713, "decimalLongitude": 149.7765, "month": 6, "species_sci": "Cacatua galerita", "species_com": "Sulphur-crested Cockatoo" }, "geometry": { "type": "Point", "coordinates": [ 149.7765, -33.7713 ] } },
{ "type": "Feature", "properties": { "decimalLatitude": -33.7713, "decimalLongitude": 149.7765, "month": 6, "species_sci": "Cacatua galerita", "species_com": "Sulphur-crested Cockatoo" }, "geometry": { "type": "Point", "coordinates": [ 149.7765, -33.7713 ] } },
{ "type": "Feature", "properties": { "decimalLatitude": -33.8582, "decimalLongitude": 151.2139, "month": 6, "species_sci": "Cacatua galerita", "species_com": "Sulphur-crested Cockatoo" }, "geometry": { "type": "Point", "coordinates": [ 151.2139, -33.8582 ] } },
{ "type": "Feature", "properties": { "decimalLatitude": -33.7713, "decimalLongitude": 149.7765, "month": 6, "species_sci": "Cacatua galerita", "species_com": "Sulphur-crested Cockatoo" }, "geometry": { "type": "Point", "coordinates": [ 149.7765, -33.7713 ] } },
{ "type": "Feature", "properties": { "decimalLatitude": -33.915, "decimalLongitude": 149.9462, "month": 6, "species_sci": "Cacatua galerita", "species_com": "Sulphur-crested Cockatoo" }, "geometry": { "type": "Point", "coordinates": [ 149.9462, -33.915 ] } },
{ "type": "Feature", "properties": { "decimalLatitude": -33.7713, "decimalLongitude": 149.7765, "month": 6, "species_sci": "Cacatua galerita", "species_com": "Sulphur-crested Cockatoo" }, "geometry": { "type": "Point", "coordinates": [ 149.7765, -33.7713 ] } },
{ "type": "Feature", "properties": { "decimalLatitude": -33.9562, "decimalLongitude": 149.8716, "month": 6, "species_sci": "Cacatua galerita", "species_com": "Sulphur-crested Cockatoo" }, "geometry": { "type": "Point", "coordinates": [ 149.8716, -33.9562 ] } },
{ "type": "Feature", "properties": { "decimalLatitude": -33.633, "decimalLongitude": 149.8813, "month": 6, "species_sci": "Cacatua galerita", "species_com": "Sulphur-crested Cockatoo" }, "geometry": { "type": "Point", "coordinates": [ 149.8813, -33.633 ] } },
{ "type": "Feature", "properties": { "decimalLatitude": -33.915, "decimalLongitude": 149.9462, "month": 6, "species_sci": "Cacatua galerita", "species_com": "Sulphur-crested Cockatoo" }, "geometry": { "type": "Point", "coordinates": [ 149.9462, -33.915 ] } },
{ "type": "Feature", "properties": { "decimalLatitude": -33.633, "decimalLongitude": 149.8813, "month": 6, "species_sci": "Cacatua galerita", "species_com": "Sulphur-crested Cockatoo" }, "geometry": { "type": "Point", "coordinates": [ 149.8813, -33.633 ] } },
{ "type": "Feature", "properties": { "decimalLatitude": -33.9562, "decimalLongitude": 149.8716, "month": 6, "species_sci": "Cacatua galerita", "species_com": "Sulphur-crested Cockatoo" }, "geometry": { "type": "Point", "coordinates": [ 149.8716, -33.9562 ] } },
{ "type": "Feature", "properties": { "decimalLatitude": -33.7713, "decimalLongitude": 149.7765, "month": 6, "species_sci": "Cacatua galerita", "species_com": "Sulphur-crested Cockatoo" }, "geometry": { "type": "Point", "coordinates": [ 149.7765, -33.7713 ] } },
{ "type": "Feature", "properties": { "decimalLatitude": -33.7713, "decimalLongitude": 149.7765, "month": 6, "species_sci": "Cacatua galerita", "species_com": "Sulphur-crested Cockatoo" }, "geometry": { "type": "Point", "coordinates": [ 149.7765, -33.7713 ] } },
{ "type": "Feature", "properties": { "decimalLatitude": -33.633, "decimalLongitude": 149.8813, "month": 6, "species_sci": "Cacatua galerita", "species_com": "Sulphur-crested Cockatoo" }, "geometry": { "type": "Point", "coordinates": [ 149.8813, -33.633 ] } },
{ "type": "Feature", "properties": { "decimalLatitude": -27.3178, "decimalLongitude": 152.7959, "month": 6, "species_sci": "Cacatua galerita", "species_com": "Sulphur-crested Cockatoo" }, "geometry": { "type": "Point", "coordinates": [ 152.7959, -27.3178 ] } },
{ "type": "Feature", "properties": { "decimalLatitude": -33.7713, "decimalLongitude": 149.7765, "month": 6, "species_sci": "Cacatua galerita", "species_com": "Sulphur-crested Cockatoo" }, "geometry": { "type": "Point", "coordinates": [ 149.7765, -33.7713 ] } },
{ "type": "Feature", "properties": { "decimalLatitude": -12.8666, "decimalLongitude": 132.8136, "month": 6, "species_sci": "Cacatua galerita", "species_com": "Sulphur-crested Cockatoo" }, "geometry": { "type": "Point", "coordinates": [ 132.8136, -12.8666 ] } },
{ "type": "Feature", "properties": { "decimalLatitude": -33.633, "decimalLongitude": 149.8813, "month": 6, "species_sci": "Cacatua galerita", "species_com": "Sulphur-crested Cockatoo" }, "geometry": { "type": "Point", "coordinates": [ 149.8813, -33.633 ] } },
{ "type": "Feature", "properties": { "decimalLatitude": -33.7729, "decimalLongitude": 149.7732, "month": 6, "species_sci": "Cacatua galerita", "species_com": "Sulphur-crested Cockatoo" }, "geometry": { "type": "Point", "coordinates": [ 149.7732, -33.7729 ] } },
{ "type": "Feature", "properties": { "decimalLatitude": -37.8808, "decimalLongitude": 145.1936, "month": 6, "species_sci": "Cacatua galerita", "species_com": "Sulphur-crested Cockatoo" }, "geometry": { "type": "Point", "coordinates": [ 145.1936, -37.8808 ] } },
{ "type": "Feature", "properties": { "decimalLatitude": -33.7713, "decimalLongitude": 149.7765, "month": 6, "species_sci": "Cacatua galerita", "species_com": "Sulphur-crested Cockatoo" }, "geometry": { "type": "Point", "coordinates": [ 149.7765, -33.7713 ] } },
{ "type": "Feature", "properties": { "decimalLatitude": -33.915, "decimalLongitude": 149.9462, "month": 6, "species_sci": "Cacatua galerita", "species_com": "Sulphur-crested Cockatoo" }, "geometry": { "type": "Point", "coordinates": [ 149.9462, -33.915 ] } },
{ "type": "Feature", "properties": { "decimalLatitude": -33.9562, "decimalLongitude": 149.8716, "month": 6, "species_sci": "Cacatua galerita", "species_com": "Sulphur-crested Cockatoo" }, "geometry": { "type": "Point", "coordinates": [ 149.8716, -33.9562 ] } },
{ "type": "Feature", "properties": { "decimalLatitude": -33.9562, "decimalLongitude": 149.8716, "month": 6, "species_sci": "Cacatua galerita", "species_com": "Sulphur-crested Cockatoo" }, "geometry": { "type": "Point", "coordinates": [ 149.8716, -33.9562 ] } },
{ "type": "Feature", "properties": { "decimalLatitude": -38.1151, "decimalLongitude": 147.0764, "month": 6, "species_sci": "Cacatua galerita", "species_com": "Sulphur-crested Cockatoo" }, "geometry": { "type": "Point", "coordinates": [ 147.0764, -38.1151 ] } },
{ "type": "Feature", "properties": { "decimalLatitude": -33.7713, "decimalLongitude": 149.7765, "month": 6, "species_sci": "Cacatua galerita", "species_com": "Sulphur-crested Cockatoo" }, "geometry": { "type": "Point", "coordinates": [ 149.7765, -33.7713 ] } },
{ "type": "Feature", "properties": { "decimalLatitude": -12.651, "decimalLongitude": 132.5739, "month": 6, "species_sci": "Cacatua galerita", "species_com": "Sulphur-crested Cockatoo" }, "geometry": { "type": "Point", "coordinates": [ 132.5739, -12.651 ] } },
{ "type": "Feature", "properties": { "decimalLatitude": -33.915, "decimalLongitude": 149.9462, "month": 6, "species_sci": "Cacatua galerita", "species_com": "Sulphur-crested Cockatoo" }, "geometry": { "type": "Point", "coordinates": [ 149.9462, -33.915 ] } },
{ "type": "Feature", "properties": { "decimalLatitude": -33.7713, "decimalLongitude": 149.7765, "month": 6, "species_sci": "Cacatua galerita", "species_com": "Sulphur-crested Cockatoo" }, "geometry": { "type": "Point", "coordinates": [ 149.7765, -33.7713 ] } },
{ "type": "Feature", "properties": { "decimalLatitude": -20.2743, "decimalLongitude": 148.9648, "month": 6, "species_sci": "Cacatua galerita", "species_com": "Sulphur-crested Cockatoo" }, "geometry": { "type": "Point", "coordinates": [ 148.9648, -20.2743 ] } },
{ "type": "Feature", "properties": { "decimalLatitude": -27.993, "decimalLongitude": 153.3183, "month": 6, "species_sci": "Cacatua galerita", "species_com": "Sulphur-crested Cockatoo" }, "geometry": { "type": "Point", "coordinates": [ 153.3183, -27.993 ] } },
{ "type": "Feature", "properties": { "decimalLatitude": -33.633, "decimalLongitude": 149.8813, "month": 6, "species_sci": "Cacatua galerita", "species_com": "Sulphur-crested Cockatoo" }, "geometry": { "type": "Point", "coordinates": [ 149.8813, -33.633 ] } },
{ "type": "Feature", "properties": { "decimalLatitude": -33.7713, "decimalLongitude": 149.7765, "month": 6, "species_sci": "Cacatua galerita", "species_com": "Sulphur-crested Cockatoo" }, "geometry": { "type": "Point", "coordinates": [ 149.7765, -33.7713 ] } },
{ "type": "Feature", "properties": { "decimalLatitude": -33.9562, "decimalLongitude": 149.8716, "month": 6, "species_sci": "Cacatua galerita", "species_com": "Sulphur-crested Cockatoo" }, "geometry": { "type": "Point", "coordinates": [ 149.8716, -33.9562 ] } },
{ "type": "Feature", "properties": { "decimalLatitude": -33.814, "decimalLongitude": 151.0246, "month": 6, "species_sci": "Cacatua galerita", "species_com": "Sulphur-crested Cockatoo" }, "geometry": { "type": "Point", "coordinates": [ 151.0246, -33.814 ] } },
{ "type": "Feature", "properties": { "decimalLatitude": -33.7713, "decimalLongitude": 149.7765, "month": 6, "species_sci": "Cacatua galerita", "species_com": "Sulphur-crested Cockatoo" }, "geometry": { "type": "Point", "coordinates": [ 149.7765, -33.7713 ] } },
{ "type": "Feature", "properties": { "decimalLatitude": -33.9562, "decimalLongitude": 149.8716, "month": 6, "species_sci": "Cacatua galerita", "species_com": "Sulphur-crested Cockatoo" }, "geometry": { "type": "Point", "coordinates": [ 149.8716, -33.9562 ] } },
{ "type": "Feature", "properties": { "decimalLatitude": -33.633, "decimalLongitude": 149.8813, "month": 6, "species_sci": "Cacatua galerita", "species_com": "Sulphur-crested Cockatoo" }, "geometry": { "type": "Point", "coordinates": [ 149.8813, -33.633 ] } },
{ "type": "Feature", "properties": { "decimalLatitude": -33.7713, "decimalLongitude": 149.7765, "month": 6, "species_sci": "Cacatua galerita", "species_com": "Sulphur-crested Cockatoo" }, "geometry": { "type": "Point", "coordinates": [ 149.7765, -33.7713 ] } },
{ "type": "Feature", "properties": { "decimalLatitude": -35.2651, "decimalLongitude": 149.027, "month": 6, "species_sci": "Cacatua galerita", "species_com": "Sulphur-crested Cockatoo" }, "geometry": { "type": "Point", "coordinates": [ 149.027, -35.2651 ] } },
{ "type": "Feature", "properties": { "decimalLatitude": -33.915, "decimalLongitude": 149.9462, "month": 6, "species_sci": "Cacatua galerita", "species_com": "Sulphur-crested Cockatoo" }, "geometry": { "type": "Point", "coordinates": [ 149.9462, -33.915 ] } },
{ "type": "Feature", "properties": { "decimalLatitude": -33.9562, "decimalLongitude": 149.8716, "month": 6, "species_sci": "Cacatua galerita", "species_com": "Sulphur-crested Cockatoo" }, "geometry": { "type": "Point", "coordinates": [ 149.8716, -33.9562 ] } },
{ "type": "Feature", "properties": { "decimalLatitude": -34.0409, "decimalLongitude": 151.1318, "month": 6, "species_sci": "Cacatua galerita", "species_com": "Sulphur-crested Cockatoo" }, "geometry": { "type": "Point", "coordinates": [ 151.1318, -34.0409 ] } },
{ "type": "Feature", "properties": { "decimalLatitude": -33.7713, "decimalLongitude": 149.7765, "month": 6, "species_sci": "Cacatua galerita", "species_com": "Sulphur-crested Cockatoo" }, "geometry": { "type": "Point", "coordinates": [ 149.7765, -33.7713 ] } },
{ "type": "Feature", "properties": { "decimalLatitude": -33.915, "decimalLongitude": 149.9462, "month": 6, "species_sci": "Cacatua galerita", "species_com": "Sulphur-crested Cockatoo" }, "geometry": { "type": "Point", "coordinates": [ 149.9462, -33.915 ] } },
{ "type": "Feature", "properties": { "decimalLatitude": -33.633, "decimalLongitude": 149.8813, "month": 6, "species_sci": "Cacatua galerita", "species_com": "Sulphur-crested Cockatoo" }, "geometry": { "type": "Point", "coordinates": [ 149.8813, -33.633 ] } },
{ "type": "Feature", "properties": { "decimalLatitude": -33.915, "decimalLongitude": 149.9462, "month": 6, "species_sci": "Cacatua galerita", "species_com": "Sulphur-crested Cockatoo" }, "geometry": { "type": "Point", "coordinates": [ 149.9462, -33.915 ] } },
{ "type": "Feature", "properties": { "decimalLatitude": -33.7729, "decimalLongitude": 149.7732, "month": 6, "species_sci": "Cacatua galerita", "species_com": "Sulphur-crested Cockatoo" }, "geometry": { "type": "Point", "coordinates": [ 149.7732, -33.7729 ] } },
{ "type": "Feature", "properties": { "decimalLatitude": -34.9374, "decimalLongitude": 138.6239, "month": 6, "species_sci": "Cacatua galerita", "species_com": "Sulphur-crested Cockatoo" }, "geometry": { "type": "Point", "coordinates": [ 138.6239, -34.9374 ] } },
{ "type": "Feature", "properties": { "decimalLatitude": -33.633, "decimalLongitude": 149.8813, "month": 6, "species_sci": "Cacatua galerita", "species_com": "Sulphur-crested Cockatoo" }, "geometry": { "type": "Point", "coordinates": [ 149.8813, -33.633 ] } },
{ "type": "Feature", "properties": { "decimalLatitude": -33.7024, "decimalLongitude": 151.0956, "month": 6, "species_sci": "Cacatua galerita", "species_com": "Sulphur-crested Cockatoo" }, "geometry": { "type": "Point", "coordinates": [ 151.0956, -33.7024 ] } },
{ "type": "Feature", "properties": { "decimalLatitude": -33.8648, "decimalLongitude": 151.22, "month": 7, "species_sci": "Cacatua galerita", "species_com": "Sulphur-crested Cockatoo" }, "geometry": { "type": "Point", "coordinates": [ 151.22, -33.8648 ] } },
{ "type": "Feature", "properties": { "decimalLatitude": -27.9701, "decimalLongitude": 153.2221, "month": 7, "species_sci": "Cacatua galerita", "species_com": "Sulphur-crested Cockatoo" }, "geometry": { "type": "Point", "coordinates": [ 153.2221, -27.9701 ] } },
{ "type": "Feature", "properties": { "decimalLatitude": -33.7307, "decimalLongitude": 151.2619, "month": 7, "species_sci": "Cacatua galerita", "species_com": "Sulphur-crested Cockatoo" }, "geometry": { "type": "Point", "coordinates": [ 151.2619, -33.7307 ] } },
{ "type": "Feature", "properties": { "decimalLatitude": -9.1802, "decimalLongitude": 147.2067, "month": 7, "species_sci": "Cacatua galerita", "species_com": "Sulphur-crested Cockatoo" }, "geometry": { "type": "Point", "coordinates": [ 147.2067, -9.1802 ] } },
{ "type": "Feature", "properties": { "decimalLatitude": -35.0939, "decimalLongitude": 147.3666, "month": 7, "species_sci": "Cacatua galerita", "species_com": "Sulphur-crested Cockatoo" }, "geometry": { "type": "Point", "coordinates": [ 147.3666, -35.0939 ] } },
{ "type": "Feature", "properties": { "decimalLatitude": -12.4609, "decimalLongitude": 130.8347, "month": 7, "species_sci": "Cacatua galerita", "species_com": "Sulphur-crested Cockatoo" }, "geometry": { "type": "Point", "coordinates": [ 130.8347, -12.4609 ] } },
{ "type": "Feature", "properties": { "decimalLatitude": -38.333, "decimalLongitude": 144.3066, "month": 7, "species_sci": "Cacatua galerita", "species_com": "Sulphur-crested Cockatoo" }, "geometry": { "type": "Point", "coordinates": [ 144.3066, -38.333 ] } },
{ "type": "Feature", "properties": { "decimalLatitude": -33.7142, "decimalLongitude": 150.3315, "month": 7, "species_sci": "Cacatua galerita", "species_com": "Sulphur-crested Cockatoo" }, "geometry": { "type": "Point", "coordinates": [ 150.3315, -33.7142 ] } },
{ "type": "Feature", "properties": { "decimalLatitude": -33.7352, "decimalLongitude": 150.7639, "month": 7, "species_sci": "Cacatua galerita", "species_com": "Sulphur-crested Cockatoo" }, "geometry": { "type": "Point", "coordinates": [ 150.7639, -33.7352 ] } },
{ "type": "Feature", "properties": { "decimalLatitude": -35.1064, "decimalLongitude": 147.376, "month": 7, "species_sci": "Cacatua galerita", "species_com": "Sulphur-crested Cockatoo" }, "geometry": { "type": "Point", "coordinates": [ 147.376, -35.1064 ] } },
{ "type": "Feature", "properties": { "decimalLatitude": -35.2834, "decimalLongitude": 149.125, "month": 7, "species_sci": "Cacatua galerita", "species_com": "Sulphur-crested Cockatoo" }, "geometry": { "type": "Point", "coordinates": [ 149.125, -35.2834 ] } },
{ "type": "Feature", "properties": { "decimalLatitude": -20.2713, "decimalLongitude": 148.7206, "month": 7, "species_sci": "Cacatua galerita", "species_com": "Sulphur-crested Cockatoo" }, "geometry": { "type": "Point", "coordinates": [ 148.7206, -20.2713 ] } },
{ "type": "Feature", "properties": { "decimalLatitude": -17.4435, "decimalLongitude": 145.8573, "month": 7, "species_sci": "Cacatua galerita", "species_com": "Sulphur-crested Cockatoo" }, "geometry": { "type": "Point", "coordinates": [ 145.8573, -17.4435 ] } },
{ "type": "Feature", "properties": { "decimalLatitude": -16.9294, "decimalLongitude": 145.9938, "month": 7, "species_sci": "Cacatua galerita", "species_com": "Sulphur-crested Cockatoo" }, "geometry": { "type": "Point", "coordinates": [ 145.9938, -16.9294 ] } },
{ "type": "Feature", "properties": { "decimalLatitude": -37.0746, "decimalLongitude": 144.7778, "month": 7, "species_sci": "Cacatua galerita", "species_com": "Sulphur-crested Cockatoo" }, "geometry": { "type": "Point", "coordinates": [ 144.7778, -37.0746 ] } },
{ "type": "Feature", "properties": { "decimalLatitude": -16.2413, "decimalLongitude": 145.3155, "month": 7, "species_sci": "Cacatua galerita", "species_com": "Sulphur-crested Cockatoo" }, "geometry": { "type": "Point", "coordinates": [ 145.3155, -16.2413 ] } },
{ "type": "Feature", "properties": { "decimalLatitude": -25.9088, "decimalLongitude": 153.0083, "month": 7, "species_sci": "Cacatua galerita", "species_com": "Sulphur-crested Cockatoo" }, "geometry": { "type": "Point", "coordinates": [ 153.0083, -25.9088 ] } },
{ "type": "Feature", "properties": { "decimalLatitude": -33.8984, "decimalLongitude": 151.2287, "month": 7, "species_sci": "Cacatua galerita", "species_com": "Sulphur-crested Cockatoo" }, "geometry": { "type": "Point", "coordinates": [ 151.2287, -33.8984 ] } },
{ "type": "Feature", "properties": { "decimalLatitude": -37.8142, "decimalLongitude": 144.9633, "month": 7, "species_sci": "Cacatua galerita", "species_com": "Sulphur-crested Cockatoo" }, "geometry": { "type": "Point", "coordinates": [ 144.9633, -37.8142 ] } },
{ "type": "Feature", "properties": { "decimalLatitude": -37.7171, "decimalLongitude": 145.0599, "month": 7, "species_sci": "Cacatua galerita", "species_com": "Sulphur-crested Cockatoo" }, "geometry": { "type": "Point", "coordinates": [ 145.0599, -37.7171 ] } },
{ "type": "Feature", "properties": { "decimalLatitude": -37.8845, "decimalLongitude": 145.1903, "month": 7, "species_sci": "Cacatua galerita", "species_com": "Sulphur-crested Cockatoo" }, "geometry": { "type": "Point", "coordinates": [ 145.1903, -37.8845 ] } },
{ "type": "Feature", "properties": { "decimalLatitude": -37.5249, "decimalLongitude": 142.0454, "month": 7, "species_sci": "Cacatua galerita", "species_com": "Sulphur-crested Cockatoo" }, "geometry": { "type": "Point", "coordinates": [ 142.0454, -37.5249 ] } },
{ "type": "Feature", "properties": { "decimalLatitude": -32.7603, "decimalLongitude": 151.2557, "month": 7, "species_sci": "Cacatua galerita", "species_com": "Sulphur-crested Cockatoo" }, "geometry": { "type": "Point", "coordinates": [ 151.2557, -32.7603 ] } },
{ "type": "Feature", "properties": { "decimalLatitude": -30.2268, "decimalLongitude": 151.6739, "month": 7, "species_sci": "Cacatua galerita", "species_com": "Sulphur-crested Cockatoo" }, "geometry": { "type": "Point", "coordinates": [ 151.6739, -30.2268 ] } },
{ "type": "Feature", "properties": { "decimalLatitude": -36.5953, "decimalLongitude": 140.9059, "month": 7, "species_sci": "Cacatua galerita", "species_com": "Sulphur-crested Cockatoo" }, "geometry": { "type": "Point", "coordinates": [ 140.9059, -36.5953 ] } },
{ "type": "Feature", "properties": { "decimalLatitude": -33.5832, "decimalLongitude": 150.9746, "month": 7, "species_sci": "Cacatua galerita", "species_com": "Sulphur-crested Cockatoo" }, "geometry": { "type": "Point", "coordinates": [ 150.9746, -33.5832 ] } },
{ "type": "Feature", "properties": { "decimalLatitude": -33.8618, "decimalLongitude": 151.2166, "month": 7, "species_sci": "Cacatua galerita", "species_com": "Sulphur-crested Cockatoo" }, "geometry": { "type": "Point", "coordinates": [ 151.2166, -33.8618 ] } },
{ "type": "Feature", "properties": { "decimalLatitude": -38.2966, "decimalLongitude": 144.1628, "month": 7, "species_sci": "Cacatua galerita", "species_com": "Sulphur-crested Cockatoo" }, "geometry": { "type": "Point", "coordinates": [ 144.1628, -38.2966 ] } },
{ "type": "Feature", "properties": { "decimalLatitude": -0.8047, "decimalLongitude": 131.6423, "month": 7, "species_sci": "Cacatua galerita", "species_com": "Sulphur-crested Cockatoo" }, "geometry": { "type": "Point", "coordinates": [ 131.6423, -0.8047 ] } },
{ "type": "Feature", "properties": { "decimalLatitude": -37.6765, "decimalLongitude": 145.0918, "month": 7, "species_sci": "Cacatua galerita", "species_com": "Sulphur-crested Cockatoo" }, "geometry": { "type": "Point", "coordinates": [ 145.0918, -37.6765 ] } },
{ "type": "Feature", "properties": { "decimalLatitude": -34.4073, "decimalLongitude": 150.8744, "month": 7, "species_sci": "Cacatua galerita", "species_com": "Sulphur-crested Cockatoo" }, "geometry": { "type": "Point", "coordinates": [ 150.8744, -34.4073 ] } },
{ "type": "Feature", "properties": { "decimalLatitude": -35.4467, "decimalLongitude": 138.533, "month": 7, "species_sci": "Cacatua galerita", "species_com": "Sulphur-crested Cockatoo" }, "geometry": { "type": "Point", "coordinates": [ 138.533, -35.4467 ] } },
{ "type": "Feature", "properties": { "decimalLatitude": -33.7872, "decimalLongitude": 151.0107, "month": 7, "species_sci": "Cacatua galerita", "species_com": "Sulphur-crested Cockatoo" }, "geometry": { "type": "Point", "coordinates": [ 151.0107, -33.7872 ] } },
{ "type": "Feature", "properties": { "decimalLatitude": -12.444, "decimalLongitude": 130.8367, "month": 7, "species_sci": "Cacatua galerita", "species_com": "Sulphur-crested Cockatoo" }, "geometry": { "type": "Point", "coordinates": [ 130.8367, -12.444 ] } },
{ "type": "Feature", "properties": { "decimalLatitude": -34.3067, "decimalLongitude": 150.9145, "month": 7, "species_sci": "Cacatua galerita", "species_com": "Sulphur-crested Cockatoo" }, "geometry": { "type": "Point", "coordinates": [ 150.9145, -34.3067 ] } },
{ "type": "Feature", "properties": { "decimalLatitude": -35.1362, "decimalLongitude": 147.341, "month": 7, "species_sci": "Cacatua galerita", "species_com": "Sulphur-crested Cockatoo" }, "geometry": { "type": "Point", "coordinates": [ 147.341, -35.1362 ] } },
{ "type": "Feature", "properties": { "decimalLatitude": -33.95, "decimalLongitude": 150.9411, "month": 7, "species_sci": "Cacatua galerita", "species_com": "Sulphur-crested Cockatoo" }, "geometry": { "type": "Point", "coordinates": [ 150.9411, -33.95 ] } },
{ "type": "Feature", "properties": { "decimalLatitude": -15.8616, "decimalLongitude": 144.8541, "month": 7, "species_sci": "Cacatua galerita", "species_com": "Sulphur-crested Cockatoo" }, "geometry": { "type": "Point", "coordinates": [ 144.8541, -15.8616 ] } },
{ "type": "Feature", "properties": { "decimalLatitude": -12.3603, "decimalLongitude": 130.8931, "month": 7, "species_sci": "Cacatua galerita", "species_com": "Sulphur-crested Cockatoo" }, "geometry": { "type": "Point", "coordinates": [ 130.8931, -12.3603 ] } },
{ "type": "Feature", "properties": { "decimalLatitude": -33.9053, "decimalLongitude": 151.2377, "month": 7, "species_sci": "Cacatua galerita", "species_com": "Sulphur-crested Cockatoo" }, "geometry": { "type": "Point", "coordinates": [ 151.2377, -33.9053 ] } },
{ "type": "Feature", "properties": { "decimalLatitude": -33.6483, "decimalLongitude": 151.0952, "month": 7, "species_sci": "Cacatua galerita", "species_com": "Sulphur-crested Cockatoo" }, "geometry": { "type": "Point", "coordinates": [ 151.0952, -33.6483 ] } },
{ "type": "Feature", "properties": { "decimalLatitude": -36.4153, "decimalLongitude": 148.621, "month": 7, "species_sci": "Cacatua galerita", "species_com": "Sulphur-crested Cockatoo" }, "geometry": { "type": "Point", "coordinates": [ 148.621, -36.4153 ] } },
{ "type": "Feature", "properties": { "decimalLatitude": -34.9367, "decimalLongitude": 138.6218, "month": 7, "species_sci": "Cacatua galerita", "species_com": "Sulphur-crested Cockatoo" }, "geometry": { "type": "Point", "coordinates": [ 138.6218, -34.9367 ] } },
{ "type": "Feature", "properties": { "decimalLatitude": -27.6891, "decimalLongitude": 153.3893, "month": 7, "species_sci": "Cacatua galerita", "species_com": "Sulphur-crested Cockatoo" }, "geometry": { "type": "Point", "coordinates": [ 153.3893, -27.6891 ] } },
{ "type": "Feature", "properties": { "decimalLatitude": -19.0752, "decimalLongitude": 146.8356, "month": 7, "species_sci": "Cacatua galerita", "species_com": "Sulphur-crested Cockatoo" }, "geometry": { "type": "Point", "coordinates": [ 146.8356, -19.0752 ] } },
{ "type": "Feature", "properties": { "decimalLatitude": -34.4491, "decimalLongitude": 150.8279, "month": 7, "species_sci": "Cacatua galerita", "species_com": "Sulphur-crested Cockatoo" }, "geometry": { "type": "Point", "coordinates": [ 150.8279, -34.4491 ] } },
{ "type": "Feature", "properties": { "decimalLatitude": -37.8354, "decimalLongitude": 145.2452, "month": 7, "species_sci": "Cacatua galerita", "species_com": "Sulphur-crested Cockatoo" }, "geometry": { "type": "Point", "coordinates": [ 145.2452, -37.8354 ] } },
{ "type": "Feature", "properties": { "decimalLatitude": -37.9234, "decimalLongitude": 145.3353, "month": 7, "species_sci": "Cacatua galerita", "species_com": "Sulphur-crested Cockatoo" }, "geometry": { "type": "Point", "coordinates": [ 145.3353, -37.9234 ] } },
{ "type": "Feature", "properties": { "decimalLatitude": -27.4454, "decimalLongitude": 152.9048, "month": 7, "species_sci": "Cacatua galerita", "species_com": "Sulphur-crested Cockatoo" }, "geometry": { "type": "Point", "coordinates": [ 152.9048, -27.4454 ] } },
{ "type": "Feature", "properties": { "decimalLatitude": -33.927, "decimalLongitude": 151.1524, "month": 7, "species_sci": "Cacatua galerita", "species_com": "Sulphur-crested Cockatoo" }, "geometry": { "type": "Point", "coordinates": [ 151.1524, -33.927 ] } },
{ "type": "Feature", "properties": { "decimalLatitude": -37.6283, "decimalLongitude": 145.032, "month": 7, "species_sci": "Cacatua galerita", "species_com": "Sulphur-crested Cockatoo" }, "geometry": { "type": "Point", "coordinates": [ 145.032, -37.6283 ] } },
{ "type": "Feature", "properties": { "decimalLatitude": -0.7596, "decimalLongitude": 131.5704, "month": 7, "species_sci": "Cacatua galerita", "species_com": "Sulphur-crested Cockatoo" }, "geometry": { "type": "Point", "coordinates": [ 131.5704, -0.7596 ] } },
{ "type": "Feature", "properties": { "decimalLatitude": -27.3267, "decimalLongitude": 152.7657, "month": 7, "species_sci": "Cacatua galerita", "species_com": "Sulphur-crested Cockatoo" }, "geometry": { "type": "Point", "coordinates": [ 152.7657, -27.3267 ] } },
{ "type": "Feature", "properties": { "decimalLatitude": -27.1241, "decimalLongitude": 152.8985, "month": 7, "species_sci": "Cacatua galerita", "species_com": "Sulphur-crested Cockatoo" }, "geometry": { "type": "Point", "coordinates": [ 152.8985, -27.1241 ] } },
{ "type": "Feature", "properties": { "decimalLatitude": -38.0174, "decimalLongitude": 145.1368, "month": 7, "species_sci": "Cacatua galerita", "species_com": "Sulphur-crested Cockatoo" }, "geometry": { "type": "Point", "coordinates": [ 145.1368, -38.0174 ] } },
{ "type": "Feature", "properties": { "decimalLatitude": -27.5402, "decimalLongitude": 153.0682, "month": 7, "species_sci": "Cacatua galerita", "species_com": "Sulphur-crested Cockatoo" }, "geometry": { "type": "Point", "coordinates": [ 153.0682, -27.5402 ] } },
{ "type": "Feature", "properties": { "decimalLatitude": -33.9463, "decimalLongitude": 151.0513, "month": 7, "species_sci": "Cacatua galerita", "species_com": "Sulphur-crested Cockatoo" }, "geometry": { "type": "Point", "coordinates": [ 151.0513, -33.9463 ] } },
{ "type": "Feature", "properties": { "decimalLatitude": -38.1763, "decimalLongitude": 144.3069, "month": 7, "species_sci": "Cacatua galerita", "species_com": "Sulphur-crested Cockatoo" }, "geometry": { "type": "Point", "coordinates": [ 144.3069, -38.1763 ] } },
{ "type": "Feature", "properties": { "decimalLatitude": -37.67, "decimalLongitude": 145.0854, "month": 7, "species_sci": "Cacatua galerita", "species_com": "Sulphur-crested Cockatoo" }, "geometry": { "type": "Point", "coordinates": [ 145.0854, -37.67 ] } },
{ "type": "Feature", "properties": { "decimalLatitude": -33.7112, "decimalLongitude": 150.3471, "month": 7, "species_sci": "Cacatua galerita", "species_com": "Sulphur-crested Cockatoo" }, "geometry": { "type": "Point", "coordinates": [ 150.3471, -33.7112 ] } },
{ "type": "Feature", "properties": { "decimalLatitude": -26.7966, "decimalLongitude": 150.68, "month": 7, "species_sci": "Cacatua galerita", "species_com": "Sulphur-crested Cockatoo" }, "geometry": { "type": "Point", "coordinates": [ 150.68, -26.7966 ] } },
{ "type": "Feature", "properties": { "decimalLatitude": -15.7189, "decimalLongitude": 135.6397, "month": 7, "species_sci": "Cacatua galerita", "species_com": "Sulphur-crested Cockatoo" }, "geometry": { "type": "Point", "coordinates": [ 135.6397, -15.7189 ] } },
{ "type": "Feature", "properties": { "decimalLatitude": -37.6811, "decimalLongitude": 145.1, "month": 7, "species_sci": "Cacatua galerita", "species_com": "Sulphur-crested Cockatoo" }, "geometry": { "type": "Point", "coordinates": [ 145.1, -37.6811 ] } },
{ "type": "Feature", "properties": { "decimalLatitude": -34.7207, "decimalLongitude": 149.7438, "month": 7, "species_sci": "Cacatua galerita", "species_com": "Sulphur-crested Cockatoo" }, "geometry": { "type": "Point", "coordinates": [ 149.7438, -34.7207 ] } },
{ "type": "Feature", "properties": { "decimalLatitude": -37.6486, "decimalLongitude": 145.0016, "month": 7, "species_sci": "Cacatua galerita", "species_com": "Sulphur-crested Cockatoo" }, "geometry": { "type": "Point", "coordinates": [ 145.0016, -37.6486 ] } },
{ "type": "Feature", "properties": { "decimalLatitude": -37.7356, "decimalLongitude": 145.1986, "month": 7, "species_sci": "Cacatua galerita", "species_com": "Sulphur-crested Cockatoo" }, "geometry": { "type": "Point", "coordinates": [ 145.1986, -37.7356 ] } },
{ "type": "Feature", "properties": { "decimalLatitude": -33.8185, "decimalLongitude": 151.298, "month": 7, "species_sci": "Cacatua galerita", "species_com": "Sulphur-crested Cockatoo" }, "geometry": { "type": "Point", "coordinates": [ 151.298, -33.8185 ] } },
{ "type": "Feature", "properties": { "decimalLatitude": -34.4466, "decimalLongitude": 150.4599, "month": 7, "species_sci": "Cacatua galerita", "species_com": "Sulphur-crested Cockatoo" }, "geometry": { "type": "Point", "coordinates": [ 150.4599, -34.4466 ] } },
{ "type": "Feature", "properties": { "decimalLatitude": -38.3224, "decimalLongitude": 144.3296, "month": 7, "species_sci": "Cacatua galerita", "species_com": "Sulphur-crested Cockatoo" }, "geometry": { "type": "Point", "coordinates": [ 144.3296, -38.3224 ] } },
{ "type": "Feature", "properties": { "decimalLatitude": -27.4585, "decimalLongitude": 152.9197, "month": 7, "species_sci": "Cacatua galerita", "species_com": "Sulphur-crested Cockatoo" }, "geometry": { "type": "Point", "coordinates": [ 152.9197, -27.4585 ] } },
{ "type": "Feature", "properties": { "decimalLatitude": -34.4101, "decimalLongitude": 150.8753, "month": 7, "species_sci": "Cacatua galerita", "species_com": "Sulphur-crested Cockatoo" }, "geometry": { "type": "Point", "coordinates": [ 150.8753, -34.4101 ] } },
{ "type": "Feature", "properties": { "decimalLatitude": -16.2603, "decimalLongitude": 145.3375, "month": 7, "species_sci": "Cacatua galerita", "species_com": "Sulphur-crested Cockatoo" }, "geometry": { "type": "Point", "coordinates": [ 145.3375, -16.2603 ] } },
{ "type": "Feature", "properties": { "decimalLatitude": -33.5473, "decimalLongitude": 151.301, "month": 7, "species_sci": "Cacatua galerita", "species_com": "Sulphur-crested Cockatoo" }, "geometry": { "type": "Point", "coordinates": [ 151.301, -33.5473 ] } },
{ "type": "Feature", "properties": { "decimalLatitude": -38.4657, "decimalLongitude": 144.0986, "month": 7, "species_sci": "Cacatua galerita", "species_com": "Sulphur-crested Cockatoo" }, "geometry": { "type": "Point", "coordinates": [ 144.0986, -38.4657 ] } },
{ "type": "Feature", "properties": { "decimalLatitude": -27.5078, "decimalLongitude": 153.0858, "month": 7, "species_sci": "Cacatua galerita", "species_com": "Sulphur-crested Cockatoo" }, "geometry": { "type": "Point", "coordinates": [ 153.0858, -27.5078 ] } },
{ "type": "Feature", "properties": { "decimalLatitude": -17.4283, "decimalLongitude": 145.486, "month": 7, "species_sci": "Cacatua galerita", "species_com": "Sulphur-crested Cockatoo" }, "geometry": { "type": "Point", "coordinates": [ 145.486, -17.4283 ] } },
{ "type": "Feature", "properties": { "decimalLatitude": -37.7811, "decimalLongitude": 145.1747, "month": 7, "species_sci": "Cacatua galerita", "species_com": "Sulphur-crested Cockatoo" }, "geometry": { "type": "Point", "coordinates": [ 145.1747, -37.7811 ] } },
{ "type": "Feature", "properties": { "decimalLatitude": -35.3651, "decimalLongitude": 149.1039, "month": 7, "species_sci": "Cacatua galerita", "species_com": "Sulphur-crested Cockatoo" }, "geometry": { "type": "Point", "coordinates": [ 149.1039, -35.3651 ] } },
{ "type": "Feature", "properties": { "decimalLatitude": -37.7147, "decimalLongitude": 145.0607, "month": 7, "species_sci": "Cacatua galerita", "species_com": "Sulphur-crested Cockatoo" }, "geometry": { "type": "Point", "coordinates": [ 145.0607, -37.7147 ] } },
{ "type": "Feature", "properties": { "decimalLatitude": -33.817, "decimalLongitude": 151.2986, "month": 7, "species_sci": "Cacatua galerita", "species_com": "Sulphur-crested Cockatoo" }, "geometry": { "type": "Point", "coordinates": [ 151.2986, -33.817 ] } },
{ "type": "Feature", "properties": { "decimalLatitude": -33.9233, "decimalLongitude": 151.1553, "month": 7, "species_sci": "Cacatua galerita", "species_com": "Sulphur-crested Cockatoo" }, "geometry": { "type": "Point", "coordinates": [ 151.1553, -33.9233 ] } },
{ "type": "Feature", "properties": { "decimalLatitude": -12.4276, "decimalLongitude": 132.9553, "month": 7, "species_sci": "Cacatua galerita", "species_com": "Sulphur-crested Cockatoo" }, "geometry": { "type": "Point", "coordinates": [ 132.9553, -12.4276 ] } },
{ "type": "Feature", "properties": { "decimalLatitude": -33.7298, "decimalLongitude": 150.9812, "month": 7, "species_sci": "Cacatua galerita", "species_com": "Sulphur-crested Cockatoo" }, "geometry": { "type": "Point", "coordinates": [ 150.9812, -33.7298 ] } },
{ "type": "Feature", "properties": { "decimalLatitude": -27.9391, "decimalLongitude": 153.1905, "month": 7, "species_sci": "Cacatua galerita", "species_com": "Sulphur-crested Cockatoo" }, "geometry": { "type": "Point", "coordinates": [ 153.1905, -27.9391 ] } },
{ "type": "Feature", "properties": { "decimalLatitude": -19.2981, "decimalLongitude": 146.7725, "month": 7, "species_sci": "Cacatua galerita", "species_com": "Sulphur-crested Cockatoo" }, "geometry": { "type": "Point", "coordinates": [ 146.7725, -19.2981 ] } },
{ "type": "Feature", "properties": { "decimalLatitude": -42.8592, "decimalLongitude": 147.2788, "month": 7, "species_sci": "Cacatua galerita", "species_com": "Sulphur-crested Cockatoo" }, "geometry": { "type": "Point", "coordinates": [ 147.2788, -42.8592 ] } },
{ "type": "Feature", "properties": { "decimalLatitude": -27.5295, "decimalLongitude": 152.9601, "month": 7, "species_sci": "Cacatua galerita", "species_com": "Sulphur-crested Cockatoo" }, "geometry": { "type": "Point", "coordinates": [ 152.9601, -27.5295 ] } },
{ "type": "Feature", "properties": { "decimalLatitude": -33.8688, "decimalLongitude": 151.1606, "month": 7, "species_sci": "Cacatua galerita", "species_com": "Sulphur-crested Cockatoo" }, "geometry": { "type": "Point", "coordinates": [ 151.1606, -33.8688 ] } },
{ "type": "Feature", "properties": { "decimalLatitude": -37.7768, "decimalLongitude": 145.3056, "month": 7, "species_sci": "Cacatua galerita", "species_com": "Sulphur-crested Cockatoo" }, "geometry": { "type": "Point", "coordinates": [ 145.3056, -37.7768 ] } },
{ "type": "Feature", "properties": { "decimalLatitude": -16.3904, "decimalLongitude": 124.0416, "month": 7, "species_sci": "Cacatua galerita", "species_com": "Sulphur-crested Cockatoo" }, "geometry": { "type": "Point", "coordinates": [ 124.0416, -16.3904 ] } },
{ "type": "Feature", "properties": { "decimalLatitude": -33.95, "decimalLongitude": 150.9411, "month": 7, "species_sci": "Cacatua galerita", "species_com": "Sulphur-crested Cockatoo" }, "geometry": { "type": "Point", "coordinates": [ 150.9411, -33.95 ] } },
{ "type": "Feature", "properties": { "decimalLatitude": -20.29, "decimalLongitude": 148.7922, "month": 7, "species_sci": "Cacatua galerita", "species_com": "Sulphur-crested Cockatoo" }, "geometry": { "type": "Point", "coordinates": [ 148.7922, -20.29 ] } },
{ "type": "Feature", "properties": { "decimalLatitude": -37.722, "decimalLongitude": 147.8483, "month": 7, "species_sci": "Cacatua galerita", "species_com": "Sulphur-crested Cockatoo" }, "geometry": { "type": "Point", "coordinates": [ 147.8483, -37.722 ] } },
{ "type": "Feature", "properties": { "decimalLatitude": -30.2903, "decimalLongitude": 150.1435, "month": 7, "species_sci": "Cacatua galerita", "species_com": "Sulphur-crested Cockatoo" }, "geometry": { "type": "Point", "coordinates": [ 150.1435, -30.2903 ] } },
{ "type": "Feature", "properties": { "decimalLatitude": -37.8719, "decimalLongitude": 145.0261, "month": 7, "species_sci": "Cacatua galerita", "species_com": "Sulphur-crested Cockatoo" }, "geometry": { "type": "Point", "coordinates": [ 145.0261, -37.8719 ] } },
{ "type": "Feature", "properties": { "decimalLatitude": -27.6238, "decimalLongitude": 153.1591, "month": 7, "species_sci": "Cacatua galerita", "species_com": "Sulphur-crested Cockatoo" }, "geometry": { "type": "Point", "coordinates": [ 153.1591, -27.6238 ] } },
{ "type": "Feature", "properties": { "decimalLatitude": -35.3986, "decimalLongitude": 149.0966, "month": 7, "species_sci": "Cacatua galerita", "species_com": "Sulphur-crested Cockatoo" }, "geometry": { "type": "Point", "coordinates": [ 149.0966, -35.3986 ] } },
{ "type": "Feature", "properties": { "decimalLatitude": -37.8398, "decimalLongitude": 145.2296, "month": 7, "species_sci": "Cacatua galerita", "species_com": "Sulphur-crested Cockatoo" }, "geometry": { "type": "Point", "coordinates": [ 145.2296, -37.8398 ] } },
{ "type": "Feature", "properties": { "decimalLatitude": -35.3399, "decimalLongitude": 149.1118, "month": 7, "species_sci": "Cacatua galerita", "species_com": "Sulphur-crested Cockatoo" }, "geometry": { "type": "Point", "coordinates": [ 149.1118, -35.3399 ] } },
{ "type": "Feature", "properties": { "decimalLatitude": -35.5423, "decimalLongitude": 138.6263, "month": 7, "species_sci": "Cacatua galerita", "species_com": "Sulphur-crested Cockatoo" }, "geometry": { "type": "Point", "coordinates": [ 138.6263, -35.5423 ] } },
{ "type": "Feature", "properties": { "decimalLatitude": -37.8143, "decimalLongitude": 145.2393, "month": 7, "species_sci": "Cacatua galerita", "species_com": "Sulphur-crested Cockatoo" }, "geometry": { "type": "Point", "coordinates": [ 145.2393, -37.8143 ] } },
{ "type": "Feature", "properties": { "decimalLatitude": -27.4988, "decimalLongitude": 153.01, "month": 7, "species_sci": "Cacatua galerita", "species_com": "Sulphur-crested Cockatoo" }, "geometry": { "type": "Point", "coordinates": [ 153.01, -27.4988 ] } },
{ "type": "Feature", "properties": { "decimalLatitude": -27.4494, "decimalLongitude": 152.9267, "month": 7, "species_sci": "Cacatua galerita", "species_com": "Sulphur-crested Cockatoo" }, "geometry": { "type": "Point", "coordinates": [ 152.9267, -27.4494 ] } },
{ "type": "Feature", "properties": { "decimalLatitude": -26.6719, "decimalLongitude": 153.0168, "month": 7, "species_sci": "Cacatua galerita", "species_com": "Sulphur-crested Cockatoo" }, "geometry": { "type": "Point", "coordinates": [ 153.0168, -26.6719 ] } },
{ "type": "Feature", "properties": { "decimalLatitude": -33.96, "decimalLongitude": 151.1021, "month": 7, "species_sci": "Cacatua galerita", "species_com": "Sulphur-crested Cockatoo" }, "geometry": { "type": "Point", "coordinates": [ 151.1021, -33.96 ] } },
{ "type": "Feature", "properties": { "decimalLatitude": -34.6722, "decimalLongitude": 138.9743, "month": 7, "species_sci": "Cacatua galerita", "species_com": "Sulphur-crested Cockatoo" }, "geometry": { "type": "Point", "coordinates": [ 138.9743, -34.6722 ] } },
{ "type": "Feature", "properties": { "decimalLatitude": -33.8175, "decimalLongitude": 151.2958, "month": 7, "species_sci": "Cacatua galerita", "species_com": "Sulphur-crested Cockatoo" }, "geometry": { "type": "Point", "coordinates": [ 151.2958, -33.8175 ] } },
{ "type": "Feature", "properties": { "decimalLatitude": -16.2615, "decimalLongitude": 145.3928, "month": 7, "species_sci": "Cacatua galerita", "species_com": "Sulphur-crested Cockatoo" }, "geometry": { "type": "Point", "coordinates": [ 145.3928, -16.2615 ] } },
{ "type": "Feature", "properties": { "decimalLatitude": -34.4245, "decimalLongitude": 150.5116, "month": 7, "species_sci": "Cacatua galerita", "species_com": "Sulphur-crested Cockatoo" }, "geometry": { "type": "Point", "coordinates": [ 150.5116, -34.4245 ] } },
{ "type": "Feature", "properties": { "decimalLatitude": -34.2911, "decimalLongitude": 150.9455, "month": 7, "species_sci": "Cacatua galerita", "species_com": "Sulphur-crested Cockatoo" }, "geometry": { "type": "Point", "coordinates": [ 150.9455, -34.2911 ] } },
{ "type": "Feature", "properties": { "decimalLatitude": -16.4981, "decimalLongitude": 137.5467, "month": 7, "species_sci": "Cacatua galerita", "species_com": "Sulphur-crested Cockatoo" }, "geometry": { "type": "Point", "coordinates": [ 137.5467, -16.4981 ] } },
{ "type": "Feature", "properties": { "decimalLatitude": -17.2646, "decimalLongitude": 145.5814, "month": 7, "species_sci": "Cacatua galerita", "species_com": "Sulphur-crested Cockatoo" }, "geometry": { "type": "Point", "coordinates": [ 145.5814, -17.2646 ] } },
{ "type": "Feature", "properties": { "decimalLatitude": -33.4448, "decimalLongitude": 151.2902, "month": 7, "species_sci": "Cacatua galerita", "species_com": "Sulphur-crested Cockatoo" }, "geometry": { "type": "Point", "coordinates": [ 151.2902, -33.4448 ] } },
{ "type": "Feature", "properties": { "decimalLatitude": -34.0369, "decimalLongitude": 151.031, "month": 7, "species_sci": "Cacatua galerita", "species_com": "Sulphur-crested Cockatoo" }, "geometry": { "type": "Point", "coordinates": [ 151.031, -34.0369 ] } },
{ "type": "Feature", "properties": { "decimalLatitude": -16.6119, "decimalLongitude": 145.3203, "month": 7, "species_sci": "Cacatua galerita", "species_com": "Sulphur-crested Cockatoo" }, "geometry": { "type": "Point", "coordinates": [ 145.3203, -16.6119 ] } },
{ "type": "Feature", "properties": { "decimalLatitude": -33.9158, "decimalLongitude": 151.1452, "month": 7, "species_sci": "Cacatua galerita", "species_com": "Sulphur-crested Cockatoo" }, "geometry": { "type": "Point", "coordinates": [ 151.1452, -33.9158 ] } },
{ "type": "Feature", "properties": { "decimalLatitude": -33.2573, "decimalLongitude": 149.0979, "month": 7, "species_sci": "Cacatua galerita", "species_com": "Sulphur-crested Cockatoo" }, "geometry": { "type": "Point", "coordinates": [ 149.0979, -33.2573 ] } },
{ "type": "Feature", "properties": { "decimalLatitude": -33.4575, "decimalLongitude": 151.4272, "month": 7, "species_sci": "Cacatua galerita", "species_com": "Sulphur-crested Cockatoo" }, "geometry": { "type": "Point", "coordinates": [ 151.4272, -33.4575 ] } },
{ "type": "Feature", "properties": { "decimalLatitude": -13.8505, "decimalLongitude": 136.4204, "month": 7, "species_sci": "Cacatua galerita", "species_com": "Sulphur-crested Cockatoo" }, "geometry": { "type": "Point", "coordinates": [ 136.4204, -13.8505 ] } },
{ "type": "Feature", "properties": { "decimalLatitude": -37.7535, "decimalLongitude": 145.0956, "month": 7, "species_sci": "Cacatua galerita", "species_com": "Sulphur-crested Cockatoo" }, "geometry": { "type": "Point", "coordinates": [ 145.0956, -37.7535 ] } },
{ "type": "Feature", "properties": { "decimalLatitude": -34.753, "decimalLongitude": 146.5788, "month": 7, "species_sci": "Cacatua galerita", "species_com": "Sulphur-crested Cockatoo" }, "geometry": { "type": "Point", "coordinates": [ 146.5788, -34.753 ] } },
{ "type": "Feature", "properties": { "decimalLatitude": -27.5206, "decimalLongitude": 153.0128, "month": 7, "species_sci": "Cacatua galerita", "species_com": "Sulphur-crested Cockatoo" }, "geometry": { "type": "Point", "coordinates": [ 153.0128, -27.5206 ] } },
{ "type": "Feature", "properties": { "decimalLatitude": -37.6372, "decimalLongitude": 145.0935, "month": 7, "species_sci": "Cacatua galerita", "species_com": "Sulphur-crested Cockatoo" }, "geometry": { "type": "Point", "coordinates": [ 145.0935, -37.6372 ] } },
{ "type": "Feature", "properties": { "decimalLatitude": -34.7207, "decimalLongitude": 149.744, "month": 7, "species_sci": "Cacatua galerita", "species_com": "Sulphur-crested Cockatoo" }, "geometry": { "type": "Point", "coordinates": [ 149.744, -34.7207 ] } },
{ "type": "Feature", "properties": { "decimalLatitude": -36.0774, "decimalLongitude": 146.8927, "month": 7, "species_sci": "Cacatua galerita", "species_com": "Sulphur-crested Cockatoo" }, "geometry": { "type": "Point", "coordinates": [ 146.8927, -36.0774 ] } },
{ "type": "Feature", "properties": { "decimalLatitude": -33.755, "decimalLongitude": 151.2974, "month": 7, "species_sci": "Cacatua galerita", "species_com": "Sulphur-crested Cockatoo" }, "geometry": { "type": "Point", "coordinates": [ 151.2974, -33.755 ] } },
{ "type": "Feature", "properties": { "decimalLatitude": -35.0358, "decimalLongitude": 138.6957, "month": 7, "species_sci": "Cacatua galerita", "species_com": "Sulphur-crested Cockatoo" }, "geometry": { "type": "Point", "coordinates": [ 138.6957, -35.0358 ] } },
{ "type": "Feature", "properties": { "decimalLatitude": -41.6768, "decimalLongitude": 146.9165, "month": 7, "species_sci": "Cacatua galerita", "species_com": "Sulphur-crested Cockatoo" }, "geometry": { "type": "Point", "coordinates": [ 146.9165, -41.6768 ] } },
{ "type": "Feature", "properties": { "decimalLatitude": -12.4262, "decimalLongitude": 132.9558, "month": 7, "species_sci": "Cacatua galerita", "species_com": "Sulphur-crested Cockatoo" }, "geometry": { "type": "Point", "coordinates": [ 132.9558, -12.4262 ] } },
{ "type": "Feature", "properties": { "decimalLatitude": -37.8636, "decimalLongitude": 145.2842, "month": 7, "species_sci": "Cacatua galerita", "species_com": "Sulphur-crested Cockatoo" }, "geometry": { "type": "Point", "coordinates": [ 145.2842, -37.8636 ] } },
{ "type": "Feature", "properties": { "decimalLatitude": -0.4362, "decimalLongitude": 130.783, "month": 7, "species_sci": "Cacatua galerita", "species_com": "Sulphur-crested Cockatoo" }, "geometry": { "type": "Point", "coordinates": [ 130.783, -0.4362 ] } },
{ "type": "Feature", "properties": { "decimalLatitude": -38.3405, "decimalLongitude": 144.207, "month": 7, "species_sci": "Cacatua galerita", "species_com": "Sulphur-crested Cockatoo" }, "geometry": { "type": "Point", "coordinates": [ 144.207, -38.3405 ] } },
{ "type": "Feature", "properties": { "decimalLatitude": -37.8649, "decimalLongitude": 145.2813, "month": 7, "species_sci": "Cacatua galerita", "species_com": "Sulphur-crested Cockatoo" }, "geometry": { "type": "Point", "coordinates": [ 145.2813, -37.8649 ] } },
{ "type": "Feature", "properties": { "decimalLatitude": -34.4101, "decimalLongitude": 150.901, "month": 7, "species_sci": "Cacatua galerita", "species_com": "Sulphur-crested Cockatoo" }, "geometry": { "type": "Point", "coordinates": [ 150.901, -34.4101 ] } },
{ "type": "Feature", "properties": { "decimalLatitude": -41.6768, "decimalLongitude": 146.9165, "month": 7, "species_sci": "Cacatua galerita", "species_com": "Sulphur-crested Cockatoo" }, "geometry": { "type": "Point", "coordinates": [ 146.9165, -41.6768 ] } },
{ "type": "Feature", "properties": { "decimalLatitude": -33.9006, "decimalLongitude": 151.2345, "month": 7, "species_sci": "Cacatua galerita", "species_com": "Sulphur-crested Cockatoo" }, "geometry": { "type": "Point", "coordinates": [ 151.2345, -33.9006 ] } },
{ "type": "Feature", "properties": { "decimalLatitude": -33.7256, "decimalLongitude": 150.3062, "month": 7, "species_sci": "Cacatua galerita", "species_com": "Sulphur-crested Cockatoo" }, "geometry": { "type": "Point", "coordinates": [ 150.3062, -33.7256 ] } },
{ "type": "Feature", "properties": { "decimalLatitude": -19.2924, "decimalLongitude": 146.7728, "month": 7, "species_sci": "Cacatua galerita", "species_com": "Sulphur-crested Cockatoo" }, "geometry": { "type": "Point", "coordinates": [ 146.7728, -19.2924 ] } },
{ "type": "Feature", "properties": { "decimalLatitude": -33.9308, "decimalLongitude": 151.1312, "month": 7, "species_sci": "Cacatua galerita", "species_com": "Sulphur-crested Cockatoo" }, "geometry": { "type": "Point", "coordinates": [ 151.1312, -33.9308 ] } },
{ "type": "Feature", "properties": { "decimalLatitude": -33.6026, "decimalLongitude": 150.851, "month": 7, "species_sci": "Cacatua galerita", "species_com": "Sulphur-crested Cockatoo" }, "geometry": { "type": "Point", "coordinates": [ 150.851, -33.6026 ] } },
{ "type": "Feature", "properties": { "decimalLatitude": -33.7531, "decimalLongitude": 150.741, "month": 7, "species_sci": "Cacatua galerita", "species_com": "Sulphur-crested Cockatoo" }, "geometry": { "type": "Point", "coordinates": [ 150.741, -33.7531 ] } },
{ "type": "Feature", "properties": { "decimalLatitude": -35.0939, "decimalLongitude": 147.3666, "month": 7, "species_sci": "Cacatua galerita", "species_com": "Sulphur-crested Cockatoo" }, "geometry": { "type": "Point", "coordinates": [ 147.3666, -35.0939 ] } },
{ "type": "Feature", "properties": { "decimalLatitude": -34.0506, "decimalLongitude": 151.1512, "month": 7, "species_sci": "Cacatua galerita", "species_com": "Sulphur-crested Cockatoo" }, "geometry": { "type": "Point", "coordinates": [ 151.1512, -34.0506 ] } },
{ "type": "Feature", "properties": { "decimalLatitude": -34.1286, "decimalLongitude": 149.0099, "month": 7, "species_sci": "Cacatua galerita", "species_com": "Sulphur-crested Cockatoo" }, "geometry": { "type": "Point", "coordinates": [ 149.0099, -34.1286 ] } },
{ "type": "Feature", "properties": { "decimalLatitude": -12.7104, "decimalLongitude": 143.2925, "month": 7, "species_sci": "Cacatua galerita", "species_com": "Sulphur-crested Cockatoo" }, "geometry": { "type": "Point", "coordinates": [ 143.2925, -12.7104 ] } },
{ "type": "Feature", "properties": { "decimalLatitude": -33.9013, "decimalLongitude": 151.2359, "month": 7, "species_sci": "Cacatua galerita", "species_com": "Sulphur-crested Cockatoo" }, "geometry": { "type": "Point", "coordinates": [ 151.2359, -33.9013 ] } },
{ "type": "Feature", "properties": { "decimalLatitude": -12.3461, "decimalLongitude": 130.8915, "month": 7, "species_sci": "Cacatua galerita", "species_com": "Sulphur-crested Cockatoo" }, "geometry": { "type": "Point", "coordinates": [ 130.8915, -12.3461 ] } },
{ "type": "Feature", "properties": { "decimalLatitude": -18.6664, "decimalLongitude": 146.5104, "month": 7, "species_sci": "Cacatua galerita", "species_com": "Sulphur-crested Cockatoo" }, "geometry": { "type": "Point", "coordinates": [ 146.5104, -18.6664 ] } },
{ "type": "Feature", "properties": { "decimalLatitude": -33.7933, "decimalLongitude": 151.1477, "month": 7, "species_sci": "Cacatua galerita", "species_com": "Sulphur-crested Cockatoo" }, "geometry": { "type": "Point", "coordinates": [ 151.1477, -33.7933 ] } },
{ "type": "Feature", "properties": { "decimalLatitude": -32.9375, "decimalLongitude": 151.6978, "month": 7, "species_sci": "Cacatua galerita", "species_com": "Sulphur-crested Cockatoo" }, "geometry": { "type": "Point", "coordinates": [ 151.6978, -32.9375 ] } },
{ "type": "Feature", "properties": { "decimalLatitude": -33.7951, "decimalLongitude": 151.1437, "month": 8, "species_sci": "Cacatua galerita", "species_com": "Sulphur-crested Cockatoo" }, "geometry": { "type": "Point", "coordinates": [ 151.1437, -33.7951 ] } },
{ "type": "Feature", "properties": { "decimalLatitude": -34.4245, "decimalLongitude": 150.5116, "month": 8, "species_sci": "Cacatua galerita", "species_com": "Sulphur-crested Cockatoo" }, "geometry": { "type": "Point", "coordinates": [ 150.5116, -34.4245 ] } },
{ "type": "Feature", "properties": { "decimalLatitude": -28.0023, "decimalLongitude": 153.3382, "month": 8, "species_sci": "Cacatua galerita", "species_com": "Sulphur-crested Cockatoo" }, "geometry": { "type": "Point", "coordinates": [ 153.3382, -28.0023 ] } },
{ "type": "Feature", "properties": { "decimalLatitude": -34.5248, "decimalLongitude": 150.8085, "month": 8, "species_sci": "Cacatua galerita", "species_com": "Sulphur-crested Cockatoo" }, "geometry": { "type": "Point", "coordinates": [ 150.8085, -34.5248 ] } },
{ "type": "Feature", "properties": { "decimalLatitude": -33.7596, "decimalLongitude": 151.0159, "month": 8, "species_sci": "Cacatua galerita", "species_com": "Sulphur-crested Cockatoo" }, "geometry": { "type": "Point", "coordinates": [ 151.0159, -33.7596 ] } },
{ "type": "Feature", "properties": { "decimalLatitude": -35.2037, "decimalLongitude": 148.379, "month": 8, "species_sci": "Cacatua galerita", "species_com": "Sulphur-crested Cockatoo" }, "geometry": { "type": "Point", "coordinates": [ 148.379, -35.2037 ] } },
{ "type": "Feature", "properties": { "decimalLatitude": -35.2717, "decimalLongitude": 149.1412, "month": 8, "species_sci": "Cacatua galerita", "species_com": "Sulphur-crested Cockatoo" }, "geometry": { "type": "Point", "coordinates": [ 149.1412, -35.2717 ] } },
{ "type": "Feature", "properties": { "decimalLatitude": -32.8858, "decimalLongitude": 151.6469, "month": 8, "species_sci": "Cacatua galerita", "species_com": "Sulphur-crested Cockatoo" }, "geometry": { "type": "Point", "coordinates": [ 151.6469, -32.8858 ] } },
{ "type": "Feature", "properties": { "decimalLatitude": -35.08, "decimalLongitude": 138.5693, "month": 8, "species_sci": "Cacatua galerita", "species_com": "Sulphur-crested Cockatoo" }, "geometry": { "type": "Point", "coordinates": [ 138.5693, -35.08 ] } },
{ "type": "Feature", "properties": { "decimalLatitude": -37.8065, "decimalLongitude": 145.153, "month": 8, "species_sci": "Cacatua galerita", "species_com": "Sulphur-crested Cockatoo" }, "geometry": { "type": "Point", "coordinates": [ 145.153, -37.8065 ] } },
{ "type": "Feature", "properties": { "decimalLatitude": -34.3484, "decimalLongitude": 139.6157, "month": 8, "species_sci": "Cacatua galerita", "species_com": "Sulphur-crested Cockatoo" }, "geometry": { "type": "Point", "coordinates": [ 139.6157, -34.3484 ] } },
{ "type": "Feature", "properties": { "decimalLatitude": -34.2008, "decimalLongitude": 150.7935, "month": 8, "species_sci": "Cacatua galerita", "species_com": "Sulphur-crested Cockatoo" }, "geometry": { "type": "Point", "coordinates": [ 150.7935, -34.2008 ] } },
{ "type": "Feature", "properties": { "decimalLatitude": -33.8642, "decimalLongitude": 151.2179, "month": 8, "species_sci": "Cacatua galerita", "species_com": "Sulphur-crested Cockatoo" }, "geometry": { "type": "Point", "coordinates": [ 151.2179, -33.8642 ] } },
{ "type": "Feature", "properties": { "decimalLatitude": -38.1447, "decimalLongitude": 144.3143, "month": 8, "species_sci": "Cacatua galerita", "species_com": "Sulphur-crested Cockatoo" }, "geometry": { "type": "Point", "coordinates": [ 144.3143, -38.1447 ] } },
{ "type": "Feature", "properties": { "decimalLatitude": -35.2129, "decimalLongitude": 148.5589, "month": 8, "species_sci": "Cacatua galerita", "species_com": "Sulphur-crested Cockatoo" }, "geometry": { "type": "Point", "coordinates": [ 148.5589, -35.2129 ] } },
{ "type": "Feature", "properties": { "decimalLatitude": -34.448, "decimalLongitude": 150.8286, "month": 8, "species_sci": "Cacatua galerita", "species_com": "Sulphur-crested Cockatoo" }, "geometry": { "type": "Point", "coordinates": [ 150.8286, -34.448 ] } },
{ "type": "Feature", "properties": { "decimalLatitude": -35.3328, "decimalLongitude": 149.0498, "month": 8, "species_sci": "Cacatua galerita", "species_com": "Sulphur-crested Cockatoo" }, "geometry": { "type": "Point", "coordinates": [ 149.0498, -35.3328 ] } },
{ "type": "Feature", "properties": { "decimalLatitude": -38.5399, "decimalLongitude": 143.9753, "month": 8, "species_sci": "Cacatua galerita", "species_com": "Sulphur-crested Cockatoo" }, "geometry": { "type": "Point", "coordinates": [ 143.9753, -38.5399 ] } },
{ "type": "Feature", "properties": { "decimalLatitude": -33.9188, "decimalLongitude": 151.2609, "month": 8, "species_sci": "Cacatua galerita", "species_com": "Sulphur-crested Cockatoo" }, "geometry": { "type": "Point", "coordinates": [ 151.2609, -33.9188 ] } },
{ "type": "Feature", "properties": { "decimalLatitude": -35.257, "decimalLongitude": 149.1014, "month": 8, "species_sci": "Cacatua galerita", "species_com": "Sulphur-crested Cockatoo" }, "geometry": { "type": "Point", "coordinates": [ 149.1014, -35.257 ] } },
{ "type": "Feature", "properties": { "decimalLatitude": -28.6112, "decimalLongitude": 153.3646, "month": 8, "species_sci": "Cacatua galerita", "species_com": "Sulphur-crested Cockatoo" }, "geometry": { "type": "Point", "coordinates": [ 153.3646, -28.6112 ] } },
{ "type": "Feature", "properties": { "decimalLatitude": -35.2037, "decimalLongitude": 148.379, "month": 8, "species_sci": "Cacatua galerita", "species_com": "Sulphur-crested Cockatoo" }, "geometry": { "type": "Point", "coordinates": [ 148.379, -35.2037 ] } },
{ "type": "Feature", "properties": { "decimalLatitude": -35.2325, "decimalLongitude": 148.3673, "month": 8, "species_sci": "Cacatua galerita", "species_com": "Sulphur-crested Cockatoo" }, "geometry": { "type": "Point", "coordinates": [ 148.3673, -35.2325 ] } },
{ "type": "Feature", "properties": { "decimalLatitude": -27.5703, "decimalLongitude": 153.0945, "month": 8, "species_sci": "Cacatua galerita", "species_com": "Sulphur-crested Cockatoo" }, "geometry": { "type": "Point", "coordinates": [ 153.0945, -27.5703 ] } },
{ "type": "Feature", "properties": { "decimalLatitude": -34.5344, "decimalLongitude": 150.7921, "month": 8, "species_sci": "Cacatua galerita", "species_com": "Sulphur-crested Cockatoo" }, "geometry": { "type": "Point", "coordinates": [ 150.7921, -34.5344 ] } },
{ "type": "Feature", "properties": { "decimalLatitude": -38.7794, "decimalLongitude": 143.66, "month": 8, "species_sci": "Cacatua galerita", "species_com": "Sulphur-crested Cockatoo" }, "geometry": { "type": "Point", "coordinates": [ 143.66, -38.7794 ] } },
{ "type": "Feature", "properties": { "decimalLatitude": -37.6703, "decimalLongitude": 145.0894, "month": 8, "species_sci": "Cacatua galerita", "species_com": "Sulphur-crested Cockatoo" }, "geometry": { "type": "Point", "coordinates": [ 145.0894, -37.6703 ] } },
{ "type": "Feature", "properties": { "decimalLatitude": -33.7231, "decimalLongitude": 150.4753, "month": 8, "species_sci": "Cacatua galerita", "species_com": "Sulphur-crested Cockatoo" }, "geometry": { "type": "Point", "coordinates": [ 150.4753, -33.7231 ] } },
{ "type": "Feature", "properties": { "decimalLatitude": -19.023, "decimalLongitude": 138.7626, "month": 8, "species_sci": "Cacatua galerita", "species_com": "Sulphur-crested Cockatoo" }, "geometry": { "type": "Point", "coordinates": [ 138.7626, -19.023 ] } },
{ "type": "Feature", "properties": { "decimalLatitude": -34.5917, "decimalLongitude": 150.525, "month": 8, "species_sci": "Cacatua galerita", "species_com": "Sulphur-crested Cockatoo" }, "geometry": { "type": "Point", "coordinates": [ 150.525, -34.5917 ] } },
{ "type": "Feature", "properties": { "decimalLatitude": -27.615, "decimalLongitude": 153.1582, "month": 8, "species_sci": "Cacatua galerita", "species_com": "Sulphur-crested Cockatoo" }, "geometry": { "type": "Point", "coordinates": [ 153.1582, -27.615 ] } },
{ "type": "Feature", "properties": { "decimalLatitude": -35.1337, "decimalLongitude": 148.4951, "month": 8, "species_sci": "Cacatua galerita", "species_com": "Sulphur-crested Cockatoo" }, "geometry": { "type": "Point", "coordinates": [ 148.4951, -35.1337 ] } },
{ "type": "Feature", "properties": { "decimalLatitude": -12.351, "decimalLongitude": 130.8807, "month": 8, "species_sci": "Cacatua galerita", "species_com": "Sulphur-crested Cockatoo" }, "geometry": { "type": "Point", "coordinates": [ 130.8807, -12.351 ] } },
{ "type": "Feature", "properties": { "decimalLatitude": -34.5018, "decimalLongitude": 150.8311, "month": 8, "species_sci": "Cacatua galerita", "species_com": "Sulphur-crested Cockatoo" }, "geometry": { "type": "Point", "coordinates": [ 150.8311, -34.5018 ] } },
{ "type": "Feature", "properties": { "decimalLatitude": -35.2875, "decimalLongitude": 149.1434, "month": 8, "species_sci": "Cacatua galerita", "species_com": "Sulphur-crested Cockatoo" }, "geometry": { "type": "Point", "coordinates": [ 149.1434, -35.2875 ] } },
{ "type": "Feature", "properties": { "decimalLatitude": -35.1431, "decimalLongitude": 148.5322, "month": 8, "species_sci": "Cacatua galerita", "species_com": "Sulphur-crested Cockatoo" }, "geometry": { "type": "Point", "coordinates": [ 148.5322, -35.1431 ] } },
{ "type": "Feature", "properties": { "decimalLatitude": -27.4207, "decimalLongitude": 152.9067, "month": 8, "species_sci": "Cacatua galerita", "species_com": "Sulphur-crested Cockatoo" }, "geometry": { "type": "Point", "coordinates": [ 152.9067, -27.4207 ] } },
{ "type": "Feature", "properties": { "decimalLatitude": -34.4299, "decimalLongitude": 150.8276, "month": 8, "species_sci": "Cacatua galerita", "species_com": "Sulphur-crested Cockatoo" }, "geometry": { "type": "Point", "coordinates": [ 150.8276, -34.4299 ] } },
{ "type": "Feature", "properties": { "decimalLatitude": -35.0492, "decimalLongitude": 139.1462, "month": 8, "species_sci": "Cacatua galerita", "species_com": "Sulphur-crested Cockatoo" }, "geometry": { "type": "Point", "coordinates": [ 139.1462, -35.0492 ] } },
{ "type": "Feature", "properties": { "decimalLatitude": -34.746, "decimalLongitude": 139.0417, "month": 8, "species_sci": "Cacatua galerita", "species_com": "Sulphur-crested Cockatoo" }, "geometry": { "type": "Point", "coordinates": [ 139.0417, -34.746 ] } },
{ "type": "Feature", "properties": { "decimalLatitude": -37.8465, "decimalLongitude": 145.2105, "month": 8, "species_sci": "Cacatua galerita", "species_com": "Sulphur-crested Cockatoo" }, "geometry": { "type": "Point", "coordinates": [ 145.2105, -37.8465 ] } },
{ "type": "Feature", "properties": { "decimalLatitude": -37.8855, "decimalLongitude": 145.195, "month": 8, "species_sci": "Cacatua galerita", "species_com": "Sulphur-crested Cockatoo" }, "geometry": { "type": "Point", "coordinates": [ 145.195, -37.8855 ] } },
{ "type": "Feature", "properties": { "decimalLatitude": -36.3523, "decimalLongitude": 140.6921, "month": 8, "species_sci": "Cacatua galerita", "species_com": "Sulphur-crested Cockatoo" }, "geometry": { "type": "Point", "coordinates": [ 140.6921, -36.3523 ] } },
{ "type": "Feature", "properties": { "decimalLatitude": -35.1245, "decimalLongitude": 148.5635, "month": 8, "species_sci": "Cacatua galerita", "species_com": "Sulphur-crested Cockatoo" }, "geometry": { "type": "Point", "coordinates": [ 148.5635, -35.1245 ] } },
{ "type": "Feature", "properties": { "decimalLatitude": -33.8122, "decimalLongitude": 151.2994, "month": 8, "species_sci": "Cacatua galerita", "species_com": "Sulphur-crested Cockatoo" }, "geometry": { "type": "Point", "coordinates": [ 151.2994, -33.8122 ] } },
{ "type": "Feature", "properties": { "decimalLatitude": -37.7, "decimalLongitude": 145.1, "month": 8, "species_sci": "Cacatua galerita", "species_com": "Sulphur-crested Cockatoo" }, "geometry": { "type": "Point", "coordinates": [ 145.1, -37.7 ] } },
{ "type": "Feature", "properties": { "decimalLatitude": -35.3493, "decimalLongitude": 149.037, "month": 8, "species_sci": "Cacatua galerita", "species_com": "Sulphur-crested Cockatoo" }, "geometry": { "type": "Point", "coordinates": [ 149.037, -35.3493 ] } },
{ "type": "Feature", "properties": { "decimalLatitude": -33.7491, "decimalLongitude": 151.1121, "month": 8, "species_sci": "Cacatua galerita", "species_com": "Sulphur-crested Cockatoo" }, "geometry": { "type": "Point", "coordinates": [ 151.1121, -33.7491 ] } },
{ "type": "Feature", "properties": { "decimalLatitude": -28.0002, "decimalLongitude": 153.396, "month": 8, "species_sci": "Cacatua galerita", "species_com": "Sulphur-crested Cockatoo" }, "geometry": { "type": "Point", "coordinates": [ 153.396, -28.0002 ] } },
{ "type": "Feature", "properties": { "decimalLatitude": -34.4245, "decimalLongitude": 150.5116, "month": 8, "species_sci": "Cacatua galerita", "species_com": "Sulphur-crested Cockatoo" }, "geometry": { "type": "Point", "coordinates": [ 150.5116, -34.4245 ] } },
{ "type": "Feature", "properties": { "decimalLatitude": -33.3225, "decimalLongitude": 149.0936, "month": 8, "species_sci": "Cacatua galerita", "species_com": "Sulphur-crested Cockatoo" }, "geometry": { "type": "Point", "coordinates": [ 149.0936, -33.3225 ] } },
{ "type": "Feature", "properties": { "decimalLatitude": -38.2653, "decimalLongitude": 145.0465, "month": 8, "species_sci": "Cacatua galerita", "species_com": "Sulphur-crested Cockatoo" }, "geometry": { "type": "Point", "coordinates": [ 145.0465, -38.2653 ] } },
{ "type": "Feature", "properties": { "decimalLatitude": -34.5853, "decimalLongitude": 150.8496, "month": 8, "species_sci": "Cacatua galerita", "species_com": "Sulphur-crested Cockatoo" }, "geometry": { "type": "Point", "coordinates": [ 150.8496, -34.5853 ] } },
{ "type": "Feature", "properties": { "decimalLatitude": -33.7308, "decimalLongitude": 150.3118, "month": 8, "species_sci": "Cacatua galerita", "species_com": "Sulphur-crested Cockatoo" }, "geometry": { "type": "Point", "coordinates": [ 150.3118, -33.7308 ] } },
{ "type": "Feature", "properties": { "decimalLatitude": -35.2381, "decimalLongitude": 149.0838, "month": 8, "species_sci": "Cacatua galerita", "species_com": "Sulphur-crested Cockatoo" }, "geometry": { "type": "Point", "coordinates": [ 149.0838, -35.2381 ] } },
{ "type": "Feature", "properties": { "decimalLatitude": -38.0065, "decimalLongitude": 145.1287, "month": 8, "species_sci": "Cacatua galerita", "species_com": "Sulphur-crested Cockatoo" }, "geometry": { "type": "Point", "coordinates": [ 145.1287, -38.0065 ] } },
{ "type": "Feature", "properties": { "decimalLatitude": -33.798, "decimalLongitude": 151.089, "month": 8, "species_sci": "Cacatua galerita", "species_com": "Sulphur-crested Cockatoo" }, "geometry": { "type": "Point", "coordinates": [ 151.089, -33.798 ] } },
{ "type": "Feature", "properties": { "decimalLatitude": -25.929, "decimalLongitude": 153.0139, "month": 8, "species_sci": "Cacatua galerita", "species_com": "Sulphur-crested Cockatoo" }, "geometry": { "type": "Point", "coordinates": [ 153.0139, -25.929 ] } },
{ "type": "Feature", "properties": { "decimalLatitude": -33.883, "decimalLongitude": 151.2042, "month": 8, "species_sci": "Cacatua galerita", "species_com": "Sulphur-crested Cockatoo" }, "geometry": { "type": "Point", "coordinates": [ 151.2042, -33.883 ] } },
{ "type": "Feature", "properties": { "decimalLatitude": -34.3254, "decimalLongitude": 150.9234, "month": 8, "species_sci": "Cacatua galerita", "species_com": "Sulphur-crested Cockatoo" }, "geometry": { "type": "Point", "coordinates": [ 150.9234, -34.3254 ] } },
{ "type": "Feature", "properties": { "decimalLatitude": -28.0765, "decimalLongitude": 153.0219, "month": 8, "species_sci": "Cacatua galerita", "species_com": "Sulphur-crested Cockatoo" }, "geometry": { "type": "Point", "coordinates": [ 153.0219, -28.0765 ] } },
{ "type": "Feature", "properties": { "decimalLatitude": -38.7794, "decimalLongitude": 143.66, "month": 8, "species_sci": "Cacatua galerita", "species_com": "Sulphur-crested Cockatoo" }, "geometry": { "type": "Point", "coordinates": [ 143.66, -38.7794 ] } },
{ "type": "Feature", "properties": { "decimalLatitude": -35.2325, "decimalLongitude": 148.3673, "month": 8, "species_sci": "Cacatua galerita", "species_com": "Sulphur-crested Cockatoo" }, "geometry": { "type": "Point", "coordinates": [ 148.3673, -35.2325 ] } },
{ "type": "Feature", "properties": { "decimalLatitude": -16.9008, "decimalLongitude": 145.7492, "month": 8, "species_sci": "Cacatua galerita", "species_com": "Sulphur-crested Cockatoo" }, "geometry": { "type": "Point", "coordinates": [ 145.7492, -16.9008 ] } },
{ "type": "Feature", "properties": { "decimalLatitude": -38.0006, "decimalLongitude": 145.5232, "month": 8, "species_sci": "Cacatua galerita", "species_com": "Sulphur-crested Cockatoo" }, "geometry": { "type": "Point", "coordinates": [ 145.5232, -38.0006 ] } },
{ "type": "Feature", "properties": { "decimalLatitude": -28.6134, "decimalLongitude": 153.3653, "month": 8, "species_sci": "Cacatua galerita", "species_com": "Sulphur-crested Cockatoo" }, "geometry": { "type": "Point", "coordinates": [ 153.3653, -28.6134 ] } },
{ "type": "Feature", "properties": { "decimalLatitude": -35.1555, "decimalLongitude": 148.3905, "month": 8, "species_sci": "Cacatua galerita", "species_com": "Sulphur-crested Cockatoo" }, "geometry": { "type": "Point", "coordinates": [ 148.3905, -35.1555 ] } },
{ "type": "Feature", "properties": { "decimalLatitude": -17.1428, "decimalLongitude": 145.7434, "month": 8, "species_sci": "Cacatua galerita", "species_com": "Sulphur-crested Cockatoo" }, "geometry": { "type": "Point", "coordinates": [ 145.7434, -17.1428 ] } },
{ "type": "Feature", "properties": { "decimalLatitude": -35.1748, "decimalLongitude": 147.3755, "month": 8, "species_sci": "Cacatua galerita", "species_com": "Sulphur-crested Cockatoo" }, "geometry": { "type": "Point", "coordinates": [ 147.3755, -35.1748 ] } },
{ "type": "Feature", "properties": { "decimalLatitude": -41.7608, "decimalLongitude": 147.29, "month": 8, "species_sci": "Cacatua galerita", "species_com": "Sulphur-crested Cockatoo" }, "geometry": { "type": "Point", "coordinates": [ 147.29, -41.7608 ] } },
{ "type": "Feature", "properties": { "decimalLatitude": -34.9194, "decimalLongitude": 138.6071, "month": 8, "species_sci": "Cacatua galerita", "species_com": "Sulphur-crested Cockatoo" }, "geometry": { "type": "Point", "coordinates": [ 138.6071, -34.9194 ] } },
{ "type": "Feature", "properties": { "decimalLatitude": -34.3072, "decimalLongitude": 150.9325, "month": 8, "species_sci": "Cacatua galerita", "species_com": "Sulphur-crested Cockatoo" }, "geometry": { "type": "Point", "coordinates": [ 150.9325, -34.3072 ] } },
{ "type": "Feature", "properties": { "decimalLatitude": -35.1082, "decimalLongitude": 147.2932, "month": 8, "species_sci": "Cacatua galerita", "species_com": "Sulphur-crested Cockatoo" }, "geometry": { "type": "Point", "coordinates": [ 147.2932, -35.1082 ] } },
{ "type": "Feature", "properties": { "decimalLatitude": -16.4901, "decimalLongitude": 145.4653, "month": 8, "species_sci": "Cacatua galerita", "species_com": "Sulphur-crested Cockatoo" }, "geometry": { "type": "Point", "coordinates": [ 145.4653, -16.4901 ] } },
{ "type": "Feature", "properties": { "decimalLatitude": -28.2576, "decimalLongitude": 153.4016, "month": 8, "species_sci": "Cacatua galerita", "species_com": "Sulphur-crested Cockatoo" }, "geometry": { "type": "Point", "coordinates": [ 153.4016, -28.2576 ] } },
{ "type": "Feature", "properties": { "decimalLatitude": -27.6651, "decimalLongitude": 152.0608, "month": 8, "species_sci": "Cacatua galerita", "species_com": "Sulphur-crested Cockatoo" }, "geometry": { "type": "Point", "coordinates": [ 152.0608, -27.6651 ] } },
{ "type": "Feature", "properties": { "decimalLatitude": -38.4596, "decimalLongitude": 144.0628, "month": 8, "species_sci": "Cacatua galerita", "species_com": "Sulphur-crested Cockatoo" }, "geometry": { "type": "Point", "coordinates": [ 144.0628, -38.4596 ] } },
{ "type": "Feature", "properties": { "decimalLatitude": -37.8933, "decimalLongitude": 145.1113, "month": 8, "species_sci": "Cacatua galerita", "species_com": "Sulphur-crested Cockatoo" }, "geometry": { "type": "Point", "coordinates": [ 145.1113, -37.8933 ] } },
{ "type": "Feature", "properties": { "decimalLatitude": -27.4729, "decimalLongitude": 152.9701, "month": 8, "species_sci": "Cacatua galerita", "species_com": "Sulphur-crested Cockatoo" }, "geometry": { "type": "Point", "coordinates": [ 152.9701, -27.4729 ] } },
{ "type": "Feature", "properties": { "decimalLatitude": -35.2129, "decimalLongitude": 148.5589, "month": 8, "species_sci": "Cacatua galerita", "species_com": "Sulphur-crested Cockatoo" }, "geometry": { "type": "Point", "coordinates": [ 148.5589, -35.2129 ] } },
{ "type": "Feature", "properties": { "decimalLatitude": -34.3305, "decimalLongitude": 150.9011, "month": 8, "species_sci": "Cacatua galerita", "species_com": "Sulphur-crested Cockatoo" }, "geometry": { "type": "Point", "coordinates": [ 150.9011, -34.3305 ] } },
{ "type": "Feature", "properties": { "decimalLatitude": -37.8299, "decimalLongitude": 144.9801, "month": 8, "species_sci": "Cacatua galerita", "species_com": "Sulphur-crested Cockatoo" }, "geometry": { "type": "Point", "coordinates": [ 144.9801, -37.8299 ] } },
{ "type": "Feature", "properties": { "decimalLatitude": -34.4101, "decimalLongitude": 150.8753, "month": 8, "species_sci": "Cacatua galerita", "species_com": "Sulphur-crested Cockatoo" }, "geometry": { "type": "Point", "coordinates": [ 150.8753, -34.4101 ] } },
{ "type": "Feature", "properties": { "decimalLatitude": -35.2722, "decimalLongitude": 149.1048, "month": 8, "species_sci": "Cacatua galerita", "species_com": "Sulphur-crested Cockatoo" }, "geometry": { "type": "Point", "coordinates": [ 149.1048, -35.2722 ] } },
{ "type": "Feature", "properties": { "decimalLatitude": -12.4054, "decimalLongitude": 130.8564, "month": 8, "species_sci": "Cacatua galerita", "species_com": "Sulphur-crested Cockatoo" }, "geometry": { "type": "Point", "coordinates": [ 130.8564, -12.4054 ] } },
{ "type": "Feature", "properties": { "decimalLatitude": -35.2325, "decimalLongitude": 148.3672, "month": 8, "species_sci": "Cacatua galerita", "species_com": "Sulphur-crested Cockatoo" }, "geometry": { "type": "Point", "coordinates": [ 148.3672, -35.2325 ] } },
{ "type": "Feature", "properties": { "decimalLatitude": -19.4282, "decimalLongitude": 146.939, "month": 8, "species_sci": "Cacatua galerita", "species_com": "Sulphur-crested Cockatoo" }, "geometry": { "type": "Point", "coordinates": [ 146.939, -19.4282 ] } },
{ "type": "Feature", "properties": { "decimalLatitude": -0.4123, "decimalLongitude": 130.7709, "month": 8, "species_sci": "Cacatua galerita", "species_com": "Sulphur-crested Cockatoo" }, "geometry": { "type": "Point", "coordinates": [ 130.7709, -0.4123 ] } },
{ "type": "Feature", "properties": { "decimalLatitude": -28.2573, "decimalLongitude": 153.402, "month": 8, "species_sci": "Cacatua galerita", "species_com": "Sulphur-crested Cockatoo" }, "geometry": { "type": "Point", "coordinates": [ 153.402, -28.2573 ] } },
{ "type": "Feature", "properties": { "decimalLatitude": -34.5399, "decimalLongitude": 150.7905, "month": 8, "species_sci": "Cacatua galerita", "species_com": "Sulphur-crested Cockatoo" }, "geometry": { "type": "Point", "coordinates": [ 150.7905, -34.5399 ] } },
{ "type": "Feature", "properties": { "decimalLatitude": -38.4149, "decimalLongitude": 144.183, "month": 8, "species_sci": "Cacatua galerita", "species_com": "Sulphur-crested Cockatoo" }, "geometry": { "type": "Point", "coordinates": [ 144.183, -38.4149 ] } },
{ "type": "Feature", "properties": { "decimalLatitude": -34.3305, "decimalLongitude": 150.9011, "month": 8, "species_sci": "Cacatua galerita", "species_com": "Sulphur-crested Cockatoo" }, "geometry": { "type": "Point", "coordinates": [ 150.9011, -34.3305 ] } },
{ "type": "Feature", "properties": { "decimalLatitude": -34.7624, "decimalLongitude": 146.542, "month": 8, "species_sci": "Cacatua galerita", "species_com": "Sulphur-crested Cockatoo" }, "geometry": { "type": "Point", "coordinates": [ 146.542, -34.7624 ] } },
{ "type": "Feature", "properties": { "decimalLatitude": -33.246, "decimalLongitude": 151.4999, "month": 8, "species_sci": "Cacatua galerita", "species_com": "Sulphur-crested Cockatoo" }, "geometry": { "type": "Point", "coordinates": [ 151.4999, -33.246 ] } },
{ "type": "Feature", "properties": { "decimalLatitude": -30.5503, "decimalLongitude": 149.8707, "month": 8, "species_sci": "Cacatua galerita", "species_com": "Sulphur-crested Cockatoo" }, "geometry": { "type": "Point", "coordinates": [ 149.8707, -30.5503 ] } },
{ "type": "Feature", "properties": { "decimalLatitude": -33.8863, "decimalLongitude": 151.1791, "month": 8, "species_sci": "Cacatua galerita", "species_com": "Sulphur-crested Cockatoo" }, "geometry": { "type": "Point", "coordinates": [ 151.1791, -33.8863 ] } },
{ "type": "Feature", "properties": { "decimalLatitude": -33.4245, "decimalLongitude": 151.2222, "month": 8, "species_sci": "Cacatua galerita", "species_com": "Sulphur-crested Cockatoo" }, "geometry": { "type": "Point", "coordinates": [ 151.2222, -33.4245 ] } },
{ "type": "Feature", "properties": { "decimalLatitude": -38.7463, "decimalLongitude": 143.6556, "month": 8, "species_sci": "Cacatua galerita", "species_com": "Sulphur-crested Cockatoo" }, "geometry": { "type": "Point", "coordinates": [ 143.6556, -38.7463 ] } },
{ "type": "Feature", "properties": { "decimalLatitude": -33.89, "decimalLongitude": 151.2792, "month": 8, "species_sci": "Cacatua galerita", "species_com": "Sulphur-crested Cockatoo" }, "geometry": { "type": "Point", "coordinates": [ 151.2792, -33.89 ] } },
{ "type": "Feature", "properties": { "decimalLatitude": -35.1801, "decimalLongitude": 148.3878, "month": 8, "species_sci": "Cacatua galerita", "species_com": "Sulphur-crested Cockatoo" }, "geometry": { "type": "Point", "coordinates": [ 148.3878, -35.1801 ] } },
{ "type": "Feature", "properties": { "decimalLatitude": -34.4101, "decimalLongitude": 150.8753, "month": 8, "species_sci": "Cacatua galerita", "species_com": "Sulphur-crested Cockatoo" }, "geometry": { "type": "Point", "coordinates": [ 150.8753, -34.4101 ] } },
{ "type": "Feature", "properties": { "decimalLatitude": -35.3825, "decimalLongitude": 138.4915, "month": 8, "species_sci": "Cacatua galerita", "species_com": "Sulphur-crested Cockatoo" }, "geometry": { "type": "Point", "coordinates": [ 138.4915, -35.3825 ] } },
{ "type": "Feature", "properties": { "decimalLatitude": -33.8941, "decimalLongitude": 151.2732, "month": 8, "species_sci": "Cacatua galerita", "species_com": "Sulphur-crested Cockatoo" }, "geometry": { "type": "Point", "coordinates": [ 151.2732, -33.8941 ] } },
{ "type": "Feature", "properties": { "decimalLatitude": -37.7246, "decimalLongitude": 145.237, "month": 8, "species_sci": "Cacatua galerita", "species_com": "Sulphur-crested Cockatoo" }, "geometry": { "type": "Point", "coordinates": [ 145.237, -37.7246 ] } },
{ "type": "Feature", "properties": { "decimalLatitude": -16.79, "decimalLongitude": 145.6951, "month": 8, "species_sci": "Cacatua galerita", "species_com": "Sulphur-crested Cockatoo" }, "geometry": { "type": "Point", "coordinates": [ 145.6951, -16.79 ] } },
{ "type": "Feature", "properties": { "decimalLatitude": -38.2607, "decimalLongitude": 144.5172, "month": 8, "species_sci": "Cacatua galerita", "species_com": "Sulphur-crested Cockatoo" }, "geometry": { "type": "Point", "coordinates": [ 144.5172, -38.2607 ] } },
{ "type": "Feature", "properties": { "decimalLatitude": -35.2037, "decimalLongitude": 148.3791, "month": 8, "species_sci": "Cacatua galerita", "species_com": "Sulphur-crested Cockatoo" }, "geometry": { "type": "Point", "coordinates": [ 148.3791, -35.2037 ] } },
{ "type": "Feature", "properties": { "decimalLatitude": -37.534, "decimalLongitude": 143.8554, "month": 8, "species_sci": "Cacatua galerita", "species_com": "Sulphur-crested Cockatoo" }, "geometry": { "type": "Point", "coordinates": [ 143.8554, -37.534 ] } },
{ "type": "Feature", "properties": { "decimalLatitude": -35.2325, "decimalLongitude": 148.3673, "month": 8, "species_sci": "Cacatua galerita", "species_com": "Sulphur-crested Cockatoo" }, "geometry": { "type": "Point", "coordinates": [ 148.3673, -35.2325 ] } },
{ "type": "Feature", "properties": { "decimalLatitude": -37.8755, "decimalLongitude": 145.2851, "month": 8, "species_sci": "Cacatua galerita", "species_com": "Sulphur-crested Cockatoo" }, "geometry": { "type": "Point", "coordinates": [ 145.2851, -37.8755 ] } },
{ "type": "Feature", "properties": { "decimalLatitude": -42.6999, "decimalLongitude": 147.4568, "month": 8, "species_sci": "Cacatua galerita", "species_com": "Sulphur-crested Cockatoo" }, "geometry": { "type": "Point", "coordinates": [ 147.4568, -42.6999 ] } },
{ "type": "Feature", "properties": { "decimalLatitude": -35.1245, "decimalLongitude": 148.5635, "month": 8, "species_sci": "Cacatua galerita", "species_com": "Sulphur-crested Cockatoo" }, "geometry": { "type": "Point", "coordinates": [ 148.5635, -35.1245 ] } },
{ "type": "Feature", "properties": { "decimalLatitude": -35.2037, "decimalLongitude": 148.3791, "month": 8, "species_sci": "Cacatua galerita", "species_com": "Sulphur-crested Cockatoo" }, "geometry": { "type": "Point", "coordinates": [ 148.3791, -35.2037 ] } },
{ "type": "Feature", "properties": { "decimalLatitude": -37.8011, "decimalLongitude": 145.008, "month": 8, "species_sci": "Cacatua galerita", "species_com": "Sulphur-crested Cockatoo" }, "geometry": { "type": "Point", "coordinates": [ 145.008, -37.8011 ] } },
{ "type": "Feature", "properties": { "decimalLatitude": -33.7676, "decimalLongitude": 150.4851, "month": 8, "species_sci": "Cacatua galerita", "species_com": "Sulphur-crested Cockatoo" }, "geometry": { "type": "Point", "coordinates": [ 150.4851, -33.7676 ] } },
{ "type": "Feature", "properties": { "decimalLatitude": -36.3589, "decimalLongitude": 146.696, "month": 8, "species_sci": "Cacatua galerita", "species_com": "Sulphur-crested Cockatoo" }, "geometry": { "type": "Point", "coordinates": [ 146.696, -36.3589 ] } },
{ "type": "Feature", "properties": { "decimalLatitude": -33.3624, "decimalLongitude": 150.1499, "month": 8, "species_sci": "Cacatua galerita", "species_com": "Sulphur-crested Cockatoo" }, "geometry": { "type": "Point", "coordinates": [ 150.1499, -33.3624 ] } },
{ "type": "Feature", "properties": { "decimalLatitude": -10.5995, "decimalLongitude": 142.2043, "month": 8, "species_sci": "Cacatua galerita", "species_com": "Sulphur-crested Cockatoo" }, "geometry": { "type": "Point", "coordinates": [ 142.2043, -10.5995 ] } },
{ "type": "Feature", "properties": { "decimalLatitude": -33.7125, "decimalLongitude": 150.3332, "month": 8, "species_sci": "Cacatua galerita", "species_com": "Sulphur-crested Cockatoo" }, "geometry": { "type": "Point", "coordinates": [ 150.3332, -33.7125 ] } },
{ "type": "Feature", "properties": { "decimalLatitude": -32.2288, "decimalLongitude": 148.6067, "month": 8, "species_sci": "Cacatua galerita", "species_com": "Sulphur-crested Cockatoo" }, "geometry": { "type": "Point", "coordinates": [ 148.6067, -32.2288 ] } },
{ "type": "Feature", "properties": { "decimalLatitude": -26.7402, "decimalLongitude": 152.8578, "month": 8, "species_sci": "Cacatua galerita", "species_com": "Sulphur-crested Cockatoo" }, "geometry": { "type": "Point", "coordinates": [ 152.8578, -26.7402 ] } },
{ "type": "Feature", "properties": { "decimalLatitude": -36.2256, "decimalLongitude": 140.2705, "month": 8, "species_sci": "Cacatua galerita", "species_com": "Sulphur-crested Cockatoo" }, "geometry": { "type": "Point", "coordinates": [ 140.2705, -36.2256 ] } },
{ "type": "Feature", "properties": { "decimalLatitude": -27.4678, "decimalLongitude": 152.9449, "month": 8, "species_sci": "Cacatua galerita", "species_com": "Sulphur-crested Cockatoo" }, "geometry": { "type": "Point", "coordinates": [ 152.9449, -27.4678 ] } },
{ "type": "Feature", "properties": { "decimalLatitude": -27.4929, "decimalLongitude": 152.2463, "month": 8, "species_sci": "Cacatua galerita", "species_com": "Sulphur-crested Cockatoo" }, "geometry": { "type": "Point", "coordinates": [ 152.2463, -27.4929 ] } },
{ "type": "Feature", "properties": { "decimalLatitude": -35.1992, "decimalLongitude": 148.5593, "month": 8, "species_sci": "Cacatua galerita", "species_com": "Sulphur-crested Cockatoo" }, "geometry": { "type": "Point", "coordinates": [ 148.5593, -35.1992 ] } },
{ "type": "Feature", "properties": { "decimalLatitude": -35.0044, "decimalLongitude": 138.6354, "month": 8, "species_sci": "Cacatua galerita", "species_com": "Sulphur-crested Cockatoo" }, "geometry": { "type": "Point", "coordinates": [ 138.6354, -35.0044 ] } },
{ "type": "Feature", "properties": { "decimalLatitude": -38.1991, "decimalLongitude": 144.2931, "month": 8, "species_sci": "Cacatua galerita", "species_com": "Sulphur-crested Cockatoo" }, "geometry": { "type": "Point", "coordinates": [ 144.2931, -38.1991 ] } },
{ "type": "Feature", "properties": { "decimalLatitude": -37.9824, "decimalLongitude": 145.0282, "month": 8, "species_sci": "Cacatua galerita", "species_com": "Sulphur-crested Cockatoo" }, "geometry": { "type": "Point", "coordinates": [ 145.0282, -37.9824 ] } },
{ "type": "Feature", "properties": { "decimalLatitude": -37.8473, "decimalLongitude": 145.3434, "month": 8, "species_sci": "Cacatua galerita", "species_com": "Sulphur-crested Cockatoo" }, "geometry": { "type": "Point", "coordinates": [ 145.3434, -37.8473 ] } },
{ "type": "Feature", "properties": { "decimalLatitude": -32.9172, "decimalLongitude": 151.6956, "month": 8, "species_sci": "Cacatua galerita", "species_com": "Sulphur-crested Cockatoo" }, "geometry": { "type": "Point", "coordinates": [ 151.6956, -32.9172 ] } },
{ "type": "Feature", "properties": { "decimalLatitude": -34.4847, "decimalLongitude": 150.8358, "month": 8, "species_sci": "Cacatua galerita", "species_com": "Sulphur-crested Cockatoo" }, "geometry": { "type": "Point", "coordinates": [ 150.8358, -34.4847 ] } },
{ "type": "Feature", "properties": { "decimalLatitude": -35.1245, "decimalLongitude": 148.5635, "month": 8, "species_sci": "Cacatua galerita", "species_com": "Sulphur-crested Cockatoo" }, "geometry": { "type": "Point", "coordinates": [ 148.5635, -35.1245 ] } },
{ "type": "Feature", "properties": { "decimalLatitude": -25.9103, "decimalLongitude": 153.0063, "month": 8, "species_sci": "Cacatua galerita", "species_com": "Sulphur-crested Cockatoo" }, "geometry": { "type": "Point", "coordinates": [ 153.0063, -25.9103 ] } },
{ "type": "Feature", "properties": { "decimalLatitude": -35.0581, "decimalLongitude": 138.5533, "month": 8, "species_sci": "Cacatua galerita", "species_com": "Sulphur-crested Cockatoo" }, "geometry": { "type": "Point", "coordinates": [ 138.5533, -35.0581 ] } },
{ "type": "Feature", "properties": { "decimalLatitude": -35.141, "decimalLongitude": 148.5888, "month": 8, "species_sci": "Cacatua galerita", "species_com": "Sulphur-crested Cockatoo" }, "geometry": { "type": "Point", "coordinates": [ 148.5888, -35.141 ] } },
{ "type": "Feature", "properties": { "decimalLatitude": -37.8012, "decimalLongitude": 145.3227, "month": 8, "species_sci": "Cacatua galerita", "species_com": "Sulphur-crested Cockatoo" }, "geometry": { "type": "Point", "coordinates": [ 145.3227, -37.8012 ] } },
{ "type": "Feature", "properties": { "decimalLatitude": -35.1516, "decimalLongitude": 149.1487, "month": 8, "species_sci": "Cacatua galerita", "species_com": "Sulphur-crested Cockatoo" }, "geometry": { "type": "Point", "coordinates": [ 149.1487, -35.1516 ] } },
{ "type": "Feature", "properties": { "decimalLatitude": -12.3794, "decimalLongitude": 130.8831, "month": 8, "species_sci": "Cacatua galerita", "species_com": "Sulphur-crested Cockatoo" }, "geometry": { "type": "Point", "coordinates": [ 130.8831, -12.3794 ] } },
{ "type": "Feature", "properties": { "decimalLatitude": -33.7149, "decimalLongitude": 150.3109, "month": 8, "species_sci": "Cacatua galerita", "species_com": "Sulphur-crested Cockatoo" }, "geometry": { "type": "Point", "coordinates": [ 150.3109, -33.7149 ] } },
{ "type": "Feature", "properties": { "decimalLatitude": -28.2576, "decimalLongitude": 153.4022, "month": 8, "species_sci": "Cacatua galerita", "species_com": "Sulphur-crested Cockatoo" }, "geometry": { "type": "Point", "coordinates": [ 153.4022, -28.2576 ] } },
{ "type": "Feature", "properties": { "decimalLatitude": -37.7489, "decimalLongitude": 145.0858, "month": 8, "species_sci": "Cacatua galerita", "species_com": "Sulphur-crested Cockatoo" }, "geometry": { "type": "Point", "coordinates": [ 145.0858, -37.7489 ] } },
{ "type": "Feature", "properties": { "decimalLatitude": -37.8066, "decimalLongitude": 145.1533, "month": 8, "species_sci": "Cacatua galerita", "species_com": "Sulphur-crested Cockatoo" }, "geometry": { "type": "Point", "coordinates": [ 145.1533, -37.8066 ] } },
{ "type": "Feature", "properties": { "decimalLatitude": -33.9427, "decimalLongitude": 150.8498, "month": 8, "species_sci": "Cacatua galerita", "species_com": "Sulphur-crested Cockatoo" }, "geometry": { "type": "Point", "coordinates": [ 150.8498, -33.9427 ] } },
{ "type": "Feature", "properties": { "decimalLatitude": -37.8058, "decimalLongitude": 144.9693, "month": 8, "species_sci": "Cacatua galerita", "species_com": "Sulphur-crested Cockatoo" }, "geometry": { "type": "Point", "coordinates": [ 144.9693, -37.8058 ] } },
{ "type": "Feature", "properties": { "decimalLatitude": -35.1497, "decimalLongitude": 148.3611, "month": 8, "species_sci": "Cacatua galerita", "species_com": "Sulphur-crested Cockatoo" }, "geometry": { "type": "Point", "coordinates": [ 148.3611, -35.1497 ] } },
{ "type": "Feature", "properties": { "decimalLatitude": -42.7644, "decimalLongitude": 147.2412, "month": 8, "species_sci": "Cacatua galerita", "species_com": "Sulphur-crested Cockatoo" }, "geometry": { "type": "Point", "coordinates": [ 147.2412, -42.7644 ] } },
{ "type": "Feature", "properties": { "decimalLatitude": -40.8849, "decimalLongitude": 145.1828, "month": 8, "species_sci": "Cacatua galerita", "species_com": "Sulphur-crested Cockatoo" }, "geometry": { "type": "Point", "coordinates": [ 145.1828, -40.8849 ] } },
{ "type": "Feature", "properties": { "decimalLatitude": -38.3511, "decimalLongitude": 144.2955, "month": 8, "species_sci": "Cacatua galerita", "species_com": "Sulphur-crested Cockatoo" }, "geometry": { "type": "Point", "coordinates": [ 144.2955, -38.3511 ] } },
{ "type": "Feature", "properties": { "decimalLatitude": -33.7747, "decimalLongitude": 151.17, "month": 8, "species_sci": "Cacatua galerita", "species_com": "Sulphur-crested Cockatoo" }, "geometry": { "type": "Point", "coordinates": [ 151.17, -33.7747 ] } },
{ "type": "Feature", "properties": { "decimalLatitude": -20.3407, "decimalLongitude": 148.9493, "month": 8, "species_sci": "Cacatua galerita", "species_com": "Sulphur-crested Cockatoo" }, "geometry": { "type": "Point", "coordinates": [ 148.9493, -20.3407 ] } },
{ "type": "Feature", "properties": { "decimalLatitude": -25.3897, "decimalLongitude": 153.0293, "month": 9, "species_sci": "Cacatua galerita", "species_com": "Sulphur-crested Cockatoo" }, "geometry": { "type": "Point", "coordinates": [ 153.0293, -25.3897 ] } },
{ "type": "Feature", "properties": { "decimalLatitude": -33.766, "decimalLongitude": 151.1743, "month": 9, "species_sci": "Cacatua galerita", "species_com": "Sulphur-crested Cockatoo" }, "geometry": { "type": "Point", "coordinates": [ 151.1743, -33.766 ] } },
{ "type": "Feature", "properties": { "decimalLatitude": -33.7244, "decimalLongitude": 151.0715, "month": 9, "species_sci": "Cacatua galerita", "species_com": "Sulphur-crested Cockatoo" }, "geometry": { "type": "Point", "coordinates": [ 151.0715, -33.7244 ] } },
{ "type": "Feature", "properties": { "decimalLatitude": -36.3945, "decimalLongitude": 145.3972, "month": 9, "species_sci": "Cacatua galerita", "species_com": "Sulphur-crested Cockatoo" }, "geometry": { "type": "Point", "coordinates": [ 145.3972, -36.3945 ] } },
{ "type": "Feature", "properties": { "decimalLatitude": -37.1556, "decimalLongitude": 142.5581, "month": 9, "species_sci": "Cacatua galerita", "species_com": "Sulphur-crested Cockatoo" }, "geometry": { "type": "Point", "coordinates": [ 142.5581, -37.1556 ] } },
{ "type": "Feature", "properties": { "decimalLatitude": -37.8804, "decimalLongitude": 145.1997, "month": 9, "species_sci": "Cacatua galerita", "species_com": "Sulphur-crested Cockatoo" }, "geometry": { "type": "Point", "coordinates": [ 145.1997, -37.8804 ] } },
{ "type": "Feature", "properties": { "decimalLatitude": -38.5375, "decimalLongitude": 143.9749, "month": 9, "species_sci": "Cacatua galerita", "species_com": "Sulphur-crested Cockatoo" }, "geometry": { "type": "Point", "coordinates": [ 143.9749, -38.5375 ] } },
{ "type": "Feature", "properties": { "decimalLatitude": -38.2654, "decimalLongitude": 145.0392, "month": 9, "species_sci": "Cacatua galerita", "species_com": "Sulphur-crested Cockatoo" }, "geometry": { "type": "Point", "coordinates": [ 145.0392, -38.2654 ] } },
{ "type": "Feature", "properties": { "decimalLatitude": -33.0591, "decimalLongitude": 151.5823, "month": 9, "species_sci": "Cacatua galerita", "species_com": "Sulphur-crested Cockatoo" }, "geometry": { "type": "Point", "coordinates": [ 151.5823, -33.0591 ] } },
{ "type": "Feature", "properties": { "decimalLatitude": -37.9364, "decimalLongitude": 147.6602, "month": 9, "species_sci": "Cacatua galerita", "species_com": "Sulphur-crested Cockatoo" }, "geometry": { "type": "Point", "coordinates": [ 147.6602, -37.9364 ] } },
{ "type": "Feature", "properties": { "decimalLatitude": -33.7901, "decimalLongitude": 151.0065, "month": 9, "species_sci": "Cacatua galerita", "species_com": "Sulphur-crested Cockatoo" }, "geometry": { "type": "Point", "coordinates": [ 151.0065, -33.7901 ] } },
{ "type": "Feature", "properties": { "decimalLatitude": -34.9127, "decimalLongitude": 138.6117, "month": 9, "species_sci": "Cacatua galerita", "species_com": "Sulphur-crested Cockatoo" }, "geometry": { "type": "Point", "coordinates": [ 138.6117, -34.9127 ] } },
{ "type": "Feature", "properties": { "decimalLatitude": -38.6675, "decimalLongitude": 143.8609, "month": 9, "species_sci": "Cacatua galerita", "species_com": "Sulphur-crested Cockatoo" }, "geometry": { "type": "Point", "coordinates": [ 143.8609, -38.6675 ] } },
{ "type": "Feature", "properties": { "decimalLatitude": -28.9763, "decimalLongitude": 148.9839, "month": 9, "species_sci": "Cacatua galerita", "species_com": "Sulphur-crested Cockatoo" }, "geometry": { "type": "Point", "coordinates": [ 148.9839, -28.9763 ] } },
{ "type": "Feature", "properties": { "decimalLatitude": -37.7059, "decimalLongitude": 145.0301, "month": 9, "species_sci": "Cacatua galerita", "species_com": "Sulphur-crested Cockatoo" }, "geometry": { "type": "Point", "coordinates": [ 145.0301, -37.7059 ] } },
{ "type": "Feature", "properties": { "decimalLatitude": -36.3878, "decimalLongitude": 145.3941, "month": 9, "species_sci": "Cacatua galerita", "species_com": "Sulphur-crested Cockatoo" }, "geometry": { "type": "Point", "coordinates": [ 145.3941, -36.3878 ] } },
{ "type": "Feature", "properties": { "decimalLatitude": -25.2986, "decimalLongitude": 152.9755, "month": 9, "species_sci": "Cacatua galerita", "species_com": "Sulphur-crested Cockatoo" }, "geometry": { "type": "Point", "coordinates": [ 152.9755, -25.2986 ] } },
{ "type": "Feature", "properties": { "decimalLatitude": -33.7612, "decimalLongitude": 151.1053, "month": 9, "species_sci": "Cacatua galerita", "species_com": "Sulphur-crested Cockatoo" }, "geometry": { "type": "Point", "coordinates": [ 151.1053, -33.7612 ] } },
{ "type": "Feature", "properties": { "decimalLatitude": -34.0666, "decimalLongitude": 150.8196, "month": 9, "species_sci": "Cacatua galerita", "species_com": "Sulphur-crested Cockatoo" }, "geometry": { "type": "Point", "coordinates": [ 150.8196, -34.0666 ] } },
{ "type": "Feature", "properties": { "decimalLatitude": -33.7174, "decimalLongitude": 150.9841, "month": 9, "species_sci": "Cacatua galerita", "species_com": "Sulphur-crested Cockatoo" }, "geometry": { "type": "Point", "coordinates": [ 150.9841, -33.7174 ] } },
{ "type": "Feature", "properties": { "decimalLatitude": -26.6752, "decimalLongitude": 153.0352, "month": 9, "species_sci": "Cacatua galerita", "species_com": "Sulphur-crested Cockatoo" }, "geometry": { "type": "Point", "coordinates": [ 153.0352, -26.6752 ] } },
{ "type": "Feature", "properties": { "decimalLatitude": -37.879, "decimalLongitude": 145.197, "month": 9, "species_sci": "Cacatua galerita", "species_com": "Sulphur-crested Cockatoo" }, "geometry": { "type": "Point", "coordinates": [ 145.197, -37.879 ] } },
{ "type": "Feature", "properties": { "decimalLatitude": -33.7211, "decimalLongitude": 151.0501, "month": 9, "species_sci": "Cacatua galerita", "species_com": "Sulphur-crested Cockatoo" }, "geometry": { "type": "Point", "coordinates": [ 151.0501, -33.7211 ] } },
{ "type": "Feature", "properties": { "decimalLatitude": -27.4421, "decimalLongitude": 152.9242, "month": 9, "species_sci": "Cacatua galerita", "species_com": "Sulphur-crested Cockatoo" }, "geometry": { "type": "Point", "coordinates": [ 152.9242, -27.4421 ] } },
{ "type": "Feature", "properties": { "decimalLatitude": -35.251, "decimalLongitude": 149.1686, "month": 9, "species_sci": "Cacatua galerita", "species_com": "Sulphur-crested Cockatoo" }, "geometry": { "type": "Point", "coordinates": [ 149.1686, -35.251 ] } },
{ "type": "Feature", "properties": { "decimalLatitude": -35.3089, "decimalLongitude": 149.1837, "month": 9, "species_sci": "Cacatua galerita", "species_com": "Sulphur-crested Cockatoo" }, "geometry": { "type": "Point", "coordinates": [ 149.1837, -35.3089 ] } },
{ "type": "Feature", "properties": { "decimalLatitude": -27.5501, "decimalLongitude": 153.0553, "month": 9, "species_sci": "Cacatua galerita", "species_com": "Sulphur-crested Cockatoo" }, "geometry": { "type": "Point", "coordinates": [ 153.0553, -27.5501 ] } },
{ "type": "Feature", "properties": { "decimalLatitude": -37.6836, "decimalLongitude": 145.0391, "month": 9, "species_sci": "Cacatua galerita", "species_com": "Sulphur-crested Cockatoo" }, "geometry": { "type": "Point", "coordinates": [ 145.0391, -37.6836 ] } },
{ "type": "Feature", "properties": { "decimalLatitude": -14.2696, "decimalLongitude": 134.4595, "month": 9, "species_sci": "Cacatua galerita", "species_com": "Sulphur-crested Cockatoo" }, "geometry": { "type": "Point", "coordinates": [ 134.4595, -14.2696 ] } },
{ "type": "Feature", "properties": { "decimalLatitude": -33.7878, "decimalLongitude": 151.0466, "month": 9, "species_sci": "Cacatua galerita", "species_com": "Sulphur-crested Cockatoo" }, "geometry": { "type": "Point", "coordinates": [ 151.0466, -33.7878 ] } },
{ "type": "Feature", "properties": { "decimalLatitude": -37.882, "decimalLongitude": 145.194, "month": 9, "species_sci": "Cacatua galerita", "species_com": "Sulphur-crested Cockatoo" }, "geometry": { "type": "Point", "coordinates": [ 145.194, -37.882 ] } },
{ "type": "Feature", "properties": { "decimalLatitude": -42.9065, "decimalLongitude": 147.295, "month": 9, "species_sci": "Cacatua galerita", "species_com": "Sulphur-crested Cockatoo" }, "geometry": { "type": "Point", "coordinates": [ 147.295, -42.9065 ] } },
{ "type": "Feature", "properties": { "decimalLatitude": -37.7406, "decimalLongitude": 143.7579, "month": 9, "species_sci": "Cacatua galerita", "species_com": "Sulphur-crested Cockatoo" }, "geometry": { "type": "Point", "coordinates": [ 143.7579, -37.7406 ] } },
{ "type": "Feature", "properties": { "decimalLatitude": -38.0563, "decimalLongitude": 141.9389, "month": 9, "species_sci": "Cacatua galerita", "species_com": "Sulphur-crested Cockatoo" }, "geometry": { "type": "Point", "coordinates": [ 141.9389, -38.0563 ] } },
{ "type": "Feature", "properties": { "decimalLatitude": -33.4245, "decimalLongitude": 150.1955, "month": 9, "species_sci": "Cacatua galerita", "species_com": "Sulphur-crested Cockatoo" }, "geometry": { "type": "Point", "coordinates": [ 150.1955, -33.4245 ] } },
{ "type": "Feature", "properties": { "decimalLatitude": -27.9195, "decimalLongitude": 153.1982, "month": 9, "species_sci": "Cacatua galerita", "species_com": "Sulphur-crested Cockatoo" }, "geometry": { "type": "Point", "coordinates": [ 153.1982, -27.9195 ] } },
{ "type": "Feature", "properties": { "decimalLatitude": -37.7384, "decimalLongitude": 145.1621, "month": 9, "species_sci": "Cacatua galerita", "species_com": "Sulphur-crested Cockatoo" }, "geometry": { "type": "Point", "coordinates": [ 145.1621, -37.7384 ] } },
{ "type": "Feature", "properties": { "decimalLatitude": -36.3877, "decimalLongitude": 145.3941, "month": 9, "species_sci": "Cacatua galerita", "species_com": "Sulphur-crested Cockatoo" }, "geometry": { "type": "Point", "coordinates": [ 145.3941, -36.3877 ] } },
{ "type": "Feature", "properties": { "decimalLatitude": -37.8761, "decimalLongitude": 144.1662, "month": 9, "species_sci": "Cacatua galerita", "species_com": "Sulphur-crested Cockatoo" }, "geometry": { "type": "Point", "coordinates": [ 144.1662, -37.8761 ] } },
{ "type": "Feature", "properties": { "decimalLatitude": -28.2326, "decimalLongitude": 148.4813, "month": 9, "species_sci": "Cacatua galerita", "species_com": "Sulphur-crested Cockatoo" }, "geometry": { "type": "Point", "coordinates": [ 148.4813, -28.2326 ] } },
{ "type": "Feature", "properties": { "decimalLatitude": -27.0981, "decimalLongitude": 153.0876, "month": 9, "species_sci": "Cacatua galerita", "species_com": "Sulphur-crested Cockatoo" }, "geometry": { "type": "Point", "coordinates": [ 153.0876, -27.0981 ] } },
{ "type": "Feature", "properties": { "decimalLatitude": -33.8369, "decimalLongitude": 151.2587, "month": 9, "species_sci": "Cacatua galerita", "species_com": "Sulphur-crested Cockatoo" }, "geometry": { "type": "Point", "coordinates": [ 151.2587, -33.8369 ] } },
{ "type": "Feature", "properties": { "decimalLatitude": -33.9344, "decimalLongitude": 150.9162, "month": 9, "species_sci": "Cacatua galerita", "species_com": "Sulphur-crested Cockatoo" }, "geometry": { "type": "Point", "coordinates": [ 150.9162, -33.9344 ] } },
{ "type": "Feature", "properties": { "decimalLatitude": -38.3215, "decimalLongitude": 142.6282, "month": 9, "species_sci": "Cacatua galerita", "species_com": "Sulphur-crested Cockatoo" }, "geometry": { "type": "Point", "coordinates": [ 142.6282, -38.3215 ] } },
{ "type": "Feature", "properties": { "decimalLatitude": -14.2568, "decimalLongitude": 134.5061, "month": 9, "species_sci": "Cacatua galerita", "species_com": "Sulphur-crested Cockatoo" }, "geometry": { "type": "Point", "coordinates": [ 134.5061, -14.2568 ] } },
{ "type": "Feature", "properties": { "decimalLatitude": -17.442, "decimalLongitude": 126.188, "month": 9, "species_sci": "Cacatua galerita", "species_com": "Sulphur-crested Cockatoo" }, "geometry": { "type": "Point", "coordinates": [ 126.188, -17.442 ] } },
{ "type": "Feature", "properties": { "decimalLatitude": -38.6664, "decimalLongitude": 143.8618, "month": 9, "species_sci": "Cacatua galerita", "species_com": "Sulphur-crested Cockatoo" }, "geometry": { "type": "Point", "coordinates": [ 143.8618, -38.6664 ] } },
{ "type": "Feature", "properties": { "decimalLatitude": -36.7193, "decimalLongitude": 149.9627, "month": 9, "species_sci": "Cacatua galerita", "species_com": "Sulphur-crested Cockatoo" }, "geometry": { "type": "Point", "coordinates": [ 149.9627, -36.7193 ] } },
{ "type": "Feature", "properties": { "decimalLatitude": -37.7303, "decimalLongitude": 145.2301, "month": 9, "species_sci": "Cacatua galerita", "species_com": "Sulphur-crested Cockatoo" }, "geometry": { "type": "Point", "coordinates": [ 145.2301, -37.7303 ] } },
{ "type": "Feature", "properties": { "decimalLatitude": -35.344, "decimalLongitude": 149.1558, "month": 9, "species_sci": "Cacatua galerita", "species_com": "Sulphur-crested Cockatoo" }, "geometry": { "type": "Point", "coordinates": [ 149.1558, -35.344 ] } },
{ "type": "Feature", "properties": { "decimalLatitude": -33.7997, "decimalLongitude": 151.2924, "month": 9, "species_sci": "Cacatua galerita", "species_com": "Sulphur-crested Cockatoo" }, "geometry": { "type": "Point", "coordinates": [ 151.2924, -33.7997 ] } },
{ "type": "Feature", "properties": { "decimalLatitude": -37.8831, "decimalLongitude": 145.1956, "month": 9, "species_sci": "Cacatua galerita", "species_com": "Sulphur-crested Cockatoo" }, "geometry": { "type": "Point", "coordinates": [ 145.1956, -37.8831 ] } },
{ "type": "Feature", "properties": { "decimalLatitude": -36.3899, "decimalLongitude": 148.6719, "month": 9, "species_sci": "Cacatua galerita", "species_com": "Sulphur-crested Cockatoo" }, "geometry": { "type": "Point", "coordinates": [ 148.6719, -36.3899 ] } },
{ "type": "Feature", "properties": { "decimalLatitude": -37.6971, "decimalLongitude": 145.1517, "month": 9, "species_sci": "Cacatua galerita", "species_com": "Sulphur-crested Cockatoo" }, "geometry": { "type": "Point", "coordinates": [ 145.1517, -37.6971 ] } },
{ "type": "Feature", "properties": { "decimalLatitude": -27.4162, "decimalLongitude": 152.9653, "month": 9, "species_sci": "Cacatua galerita", "species_com": "Sulphur-crested Cockatoo" }, "geometry": { "type": "Point", "coordinates": [ 152.9653, -27.4162 ] } },
{ "type": "Feature", "properties": { "decimalLatitude": -38.2437, "decimalLongitude": 145.1705, "month": 9, "species_sci": "Cacatua galerita", "species_com": "Sulphur-crested Cockatoo" }, "geometry": { "type": "Point", "coordinates": [ 145.1705, -38.2437 ] } },
{ "type": "Feature", "properties": { "decimalLatitude": -38.3544, "decimalLongitude": 146.3878, "month": 9, "species_sci": "Cacatua galerita", "species_com": "Sulphur-crested Cockatoo" }, "geometry": { "type": "Point", "coordinates": [ 146.3878, -38.3544 ] } },
{ "type": "Feature", "properties": { "decimalLatitude": -34.9175, "decimalLongitude": 138.6121, "month": 9, "species_sci": "Cacatua galerita", "species_com": "Sulphur-crested Cockatoo" }, "geometry": { "type": "Point", "coordinates": [ 138.6121, -34.9175 ] } },
{ "type": "Feature", "properties": { "decimalLatitude": -38.4671, "decimalLongitude": 144.1051, "month": 9, "species_sci": "Cacatua galerita", "species_com": "Sulphur-crested Cockatoo" }, "geometry": { "type": "Point", "coordinates": [ 144.1051, -38.4671 ] } },
{ "type": "Feature", "properties": { "decimalLatitude": -26.7815, "decimalLongitude": 152.8517, "month": 9, "species_sci": "Cacatua galerita", "species_com": "Sulphur-crested Cockatoo" }, "geometry": { "type": "Point", "coordinates": [ 152.8517, -26.7815 ] } },
{ "type": "Feature", "properties": { "decimalLatitude": -36.7739, "decimalLongitude": 144.3495, "month": 9, "species_sci": "Cacatua galerita", "species_com": "Sulphur-crested Cockatoo" }, "geometry": { "type": "Point", "coordinates": [ 144.3495, -36.7739 ] } },
{ "type": "Feature", "properties": { "decimalLatitude": -37.8738, "decimalLongitude": 145.2937, "month": 9, "species_sci": "Cacatua galerita", "species_com": "Sulphur-crested Cockatoo" }, "geometry": { "type": "Point", "coordinates": [ 145.2937, -37.8738 ] } },
{ "type": "Feature", "properties": { "decimalLatitude": -34.9369, "decimalLongitude": 138.7063, "month": 9, "species_sci": "Cacatua galerita", "species_com": "Sulphur-crested Cockatoo" }, "geometry": { "type": "Point", "coordinates": [ 138.7063, -34.9369 ] } },
{ "type": "Feature", "properties": { "decimalLatitude": -33.7613, "decimalLongitude": 151.1053, "month": 9, "species_sci": "Cacatua galerita", "species_com": "Sulphur-crested Cockatoo" }, "geometry": { "type": "Point", "coordinates": [ 151.1053, -33.7613 ] } },
{ "type": "Feature", "properties": { "decimalLatitude": -37.8531, "decimalLongitude": 144.9777, "month": 9, "species_sci": "Cacatua galerita", "species_com": "Sulphur-crested Cockatoo" }, "geometry": { "type": "Point", "coordinates": [ 144.9777, -37.8531 ] } },
{ "type": "Feature", "properties": { "decimalLatitude": -27.5728, "decimalLongitude": 152.9914, "month": 9, "species_sci": "Cacatua galerita", "species_com": "Sulphur-crested Cockatoo" }, "geometry": { "type": "Point", "coordinates": [ 152.9914, -27.5728 ] } },
{ "type": "Feature", "properties": { "decimalLatitude": -33.7968, "decimalLongitude": 151.1409, "month": 9, "species_sci": "Cacatua galerita", "species_com": "Sulphur-crested Cockatoo" }, "geometry": { "type": "Point", "coordinates": [ 151.1409, -33.7968 ] } },
{ "type": "Feature", "properties": { "decimalLatitude": -27.7302, "decimalLongitude": 153.1509, "month": 9, "species_sci": "Cacatua galerita", "species_com": "Sulphur-crested Cockatoo" }, "geometry": { "type": "Point", "coordinates": [ 153.1509, -27.7302 ] } },
{ "type": "Feature", "properties": { "decimalLatitude": -37.9142, "decimalLongitude": 145.3811, "month": 9, "species_sci": "Cacatua galerita", "species_com": "Sulphur-crested Cockatoo" }, "geometry": { "type": "Point", "coordinates": [ 145.3811, -37.9142 ] } },
{ "type": "Feature", "properties": { "decimalLatitude": -33.796, "decimalLongitude": 151.1585, "month": 9, "species_sci": "Cacatua galerita", "species_com": "Sulphur-crested Cockatoo" }, "geometry": { "type": "Point", "coordinates": [ 151.1585, -33.796 ] } },
{ "type": "Feature", "properties": { "decimalLatitude": -14.0202, "decimalLongitude": 134.3212, "month": 9, "species_sci": "Cacatua galerita", "species_com": "Sulphur-crested Cockatoo" }, "geometry": { "type": "Point", "coordinates": [ 134.3212, -14.0202 ] } },
{ "type": "Feature", "properties": { "decimalLatitude": -34.9906, "decimalLongitude": 138.707, "month": 9, "species_sci": "Cacatua galerita", "species_com": "Sulphur-crested Cockatoo" }, "geometry": { "type": "Point", "coordinates": [ 138.707, -34.9906 ] } },
{ "type": "Feature", "properties": { "decimalLatitude": -33.9986, "decimalLongitude": 151.1375, "month": 9, "species_sci": "Cacatua galerita", "species_com": "Sulphur-crested Cockatoo" }, "geometry": { "type": "Point", "coordinates": [ 151.1375, -33.9986 ] } },
{ "type": "Feature", "properties": { "decimalLatitude": -34.0534, "decimalLongitude": 148.5913, "month": 9, "species_sci": "Cacatua galerita", "species_com": "Sulphur-crested Cockatoo" }, "geometry": { "type": "Point", "coordinates": [ 148.5913, -34.0534 ] } },
{ "type": "Feature", "properties": { "decimalLatitude": -38.3736, "decimalLongitude": 145.1176, "month": 9, "species_sci": "Cacatua galerita", "species_com": "Sulphur-crested Cockatoo" }, "geometry": { "type": "Point", "coordinates": [ 145.1176, -38.3736 ] } },
{ "type": "Feature", "properties": { "decimalLatitude": -34.4286, "decimalLongitude": 150.8868, "month": 9, "species_sci": "Cacatua galerita", "species_com": "Sulphur-crested Cockatoo" }, "geometry": { "type": "Point", "coordinates": [ 150.8868, -34.4286 ] } },
{ "type": "Feature", "properties": { "decimalLatitude": -30.4129, "decimalLongitude": 151.8195, "month": 9, "species_sci": "Cacatua galerita", "species_com": "Sulphur-crested Cockatoo" }, "geometry": { "type": "Point", "coordinates": [ 151.8195, -30.4129 ] } },
{ "type": "Feature", "properties": { "decimalLatitude": -33.8415, "decimalLongitude": 151.2456, "month": 9, "species_sci": "Cacatua galerita", "species_com": "Sulphur-crested Cockatoo" }, "geometry": { "type": "Point", "coordinates": [ 151.2456, -33.8415 ] } },
{ "type": "Feature", "properties": { "decimalLatitude": -38.0093, "decimalLongitude": 145.4186, "month": 9, "species_sci": "Cacatua galerita", "species_com": "Sulphur-crested Cockatoo" }, "geometry": { "type": "Point", "coordinates": [ 145.4186, -38.0093 ] } },
{ "type": "Feature", "properties": { "decimalLatitude": -33.814, "decimalLongitude": 151.025, "month": 9, "species_sci": "Cacatua galerita", "species_com": "Sulphur-crested Cockatoo" }, "geometry": { "type": "Point", "coordinates": [ 151.025, -33.814 ] } },
{ "type": "Feature", "properties": { "decimalLatitude": -28.8038, "decimalLongitude": 153.5464, "month": 9, "species_sci": "Cacatua galerita", "species_com": "Sulphur-crested Cockatoo" }, "geometry": { "type": "Point", "coordinates": [ 153.5464, -28.8038 ] } },
{ "type": "Feature", "properties": { "decimalLatitude": -37.6372, "decimalLongitude": 144.8456, "month": 9, "species_sci": "Cacatua galerita", "species_com": "Sulphur-crested Cockatoo" }, "geometry": { "type": "Point", "coordinates": [ 144.8456, -37.6372 ] } },
{ "type": "Feature", "properties": { "decimalLatitude": -21.1189, "decimalLongitude": 148.6401, "month": 9, "species_sci": "Cacatua galerita", "species_com": "Sulphur-crested Cockatoo" }, "geometry": { "type": "Point", "coordinates": [ 148.6401, -21.1189 ] } },
{ "type": "Feature", "properties": { "decimalLatitude": -27.5927, "decimalLongitude": 153.1254, "month": 9, "species_sci": "Cacatua galerita", "species_com": "Sulphur-crested Cockatoo" }, "geometry": { "type": "Point", "coordinates": [ 153.1254, -27.5927 ] } },
{ "type": "Feature", "properties": { "decimalLatitude": -35.3064, "decimalLongitude": 149.1863, "month": 9, "species_sci": "Cacatua galerita", "species_com": "Sulphur-crested Cockatoo" }, "geometry": { "type": "Point", "coordinates": [ 149.1863, -35.3064 ] } },
{ "type": "Feature", "properties": { "decimalLatitude": -38.6672, "decimalLongitude": 143.8609, "month": 9, "species_sci": "Cacatua galerita", "species_com": "Sulphur-crested Cockatoo" }, "geometry": { "type": "Point", "coordinates": [ 143.8609, -38.6672 ] } },
{ "type": "Feature", "properties": { "decimalLatitude": -37.5528, "decimalLongitude": 143.3299, "month": 9, "species_sci": "Cacatua galerita", "species_com": "Sulphur-crested Cockatoo" }, "geometry": { "type": "Point", "coordinates": [ 143.3299, -37.5528 ] } },
{ "type": "Feature", "properties": { "decimalLatitude": -35.2513, "decimalLongitude": 149.0831, "month": 9, "species_sci": "Cacatua galerita", "species_com": "Sulphur-crested Cockatoo" }, "geometry": { "type": "Point", "coordinates": [ 149.0831, -35.2513 ] } },
{ "type": "Feature", "properties": { "decimalLatitude": -37.5303, "decimalLongitude": 143.8623, "month": 9, "species_sci": "Cacatua galerita", "species_com": "Sulphur-crested Cockatoo" }, "geometry": { "type": "Point", "coordinates": [ 143.8623, -37.5303 ] } },
{ "type": "Feature", "properties": { "decimalLatitude": -33.0765, "decimalLongitude": 151.0955, "month": 9, "species_sci": "Cacatua galerita", "species_com": "Sulphur-crested Cockatoo" }, "geometry": { "type": "Point", "coordinates": [ 151.0955, -33.0765 ] } },
{ "type": "Feature", "properties": { "decimalLatitude": -27.5427, "decimalLongitude": 152.9591, "month": 9, "species_sci": "Cacatua galerita", "species_com": "Sulphur-crested Cockatoo" }, "geometry": { "type": "Point", "coordinates": [ 152.9591, -27.5427 ] } },
{ "type": "Feature", "properties": { "decimalLatitude": -33.8368, "decimalLongitude": 151.1164, "month": 9, "species_sci": "Cacatua galerita", "species_com": "Sulphur-crested Cockatoo" }, "geometry": { "type": "Point", "coordinates": [ 151.1164, -33.8368 ] } },
{ "type": "Feature", "properties": { "decimalLatitude": -38.0012, "decimalLongitude": 145.1265, "month": 9, "species_sci": "Cacatua galerita", "species_com": "Sulphur-crested Cockatoo" }, "geometry": { "type": "Point", "coordinates": [ 145.1265, -38.0012 ] } },
{ "type": "Feature", "properties": { "decimalLatitude": -27.9153, "decimalLongitude": 152.9147, "month": 9, "species_sci": "Cacatua galerita", "species_com": "Sulphur-crested Cockatoo" }, "geometry": { "type": "Point", "coordinates": [ 152.9147, -27.9153 ] } },
{ "type": "Feature", "properties": { "decimalLatitude": -27.4963, "decimalLongitude": 151.9643, "month": 9, "species_sci": "Cacatua galerita", "species_com": "Sulphur-crested Cockatoo" }, "geometry": { "type": "Point", "coordinates": [ 151.9643, -27.4963 ] } },
{ "type": "Feature", "properties": { "decimalLatitude": -37.8851, "decimalLongitude": 145.1992, "month": 9, "species_sci": "Cacatua galerita", "species_com": "Sulphur-crested Cockatoo" }, "geometry": { "type": "Point", "coordinates": [ 145.1992, -37.8851 ] } },
{ "type": "Feature", "properties": { "decimalLatitude": -35.3249, "decimalLongitude": 149.0706, "month": 9, "species_sci": "Cacatua galerita", "species_com": "Sulphur-crested Cockatoo" }, "geometry": { "type": "Point", "coordinates": [ 149.0706, -35.3249 ] } },
{ "type": "Feature", "properties": { "decimalLatitude": -38.2981, "decimalLongitude": 143.2726, "month": 9, "species_sci": "Cacatua galerita", "species_com": "Sulphur-crested Cockatoo" }, "geometry": { "type": "Point", "coordinates": [ 143.2726, -38.2981 ] } },
{ "type": "Feature", "properties": { "decimalLatitude": -14.0202, "decimalLongitude": 134.3212, "month": 9, "species_sci": "Cacatua galerita", "species_com": "Sulphur-crested Cockatoo" }, "geometry": { "type": "Point", "coordinates": [ 134.3212, -14.0202 ] } },
{ "type": "Feature", "properties": { "decimalLatitude": -37.4919, "decimalLongitude": 141.9427, "month": 9, "species_sci": "Cacatua galerita", "species_com": "Sulphur-crested Cockatoo" }, "geometry": { "type": "Point", "coordinates": [ 141.9427, -37.4919 ] } },
{ "type": "Feature", "properties": { "decimalLatitude": -35.3108, "decimalLongitude": 149.1299, "month": 9, "species_sci": "Cacatua galerita", "species_com": "Sulphur-crested Cockatoo" }, "geometry": { "type": "Point", "coordinates": [ 149.1299, -35.3108 ] } },
{ "type": "Feature", "properties": { "decimalLatitude": -27.0959, "decimalLongitude": 152.3785, "month": 9, "species_sci": "Cacatua galerita", "species_com": "Sulphur-crested Cockatoo" }, "geometry": { "type": "Point", "coordinates": [ 152.3785, -27.0959 ] } },
{ "type": "Feature", "properties": { "decimalLatitude": -34.0161, "decimalLongitude": 151.0649, "month": 9, "species_sci": "Cacatua galerita", "species_com": "Sulphur-crested Cockatoo" }, "geometry": { "type": "Point", "coordinates": [ 151.0649, -34.0161 ] } },
{ "type": "Feature", "properties": { "decimalLatitude": -27.6176, "decimalLongitude": 153.1613, "month": 9, "species_sci": "Cacatua galerita", "species_com": "Sulphur-crested Cockatoo" }, "geometry": { "type": "Point", "coordinates": [ 153.1613, -27.6176 ] } },
{ "type": "Feature", "properties": { "decimalLatitude": -37.7223, "decimalLongitude": 145.0561, "month": 9, "species_sci": "Cacatua galerita", "species_com": "Sulphur-crested Cockatoo" }, "geometry": { "type": "Point", "coordinates": [ 145.0561, -37.7223 ] } },
{ "type": "Feature", "properties": { "decimalLatitude": -36.8774, "decimalLongitude": 145.4147, "month": 9, "species_sci": "Cacatua galerita", "species_com": "Sulphur-crested Cockatoo" }, "geometry": { "type": "Point", "coordinates": [ 145.4147, -36.8774 ] } },
{ "type": "Feature", "properties": { "decimalLatitude": -33.7504, "decimalLongitude": 151.0737, "month": 9, "species_sci": "Cacatua galerita", "species_com": "Sulphur-crested Cockatoo" }, "geometry": { "type": "Point", "coordinates": [ 151.0737, -33.7504 ] } },
{ "type": "Feature", "properties": { "decimalLatitude": -27.4502, "decimalLongitude": 152.955, "month": 9, "species_sci": "Cacatua galerita", "species_com": "Sulphur-crested Cockatoo" }, "geometry": { "type": "Point", "coordinates": [ 152.955, -27.4502 ] } },
{ "type": "Feature", "properties": { "decimalLatitude": -42.1487, "decimalLongitude": 145.328, "month": 9, "species_sci": "Cacatua galerita", "species_com": "Sulphur-crested Cockatoo" }, "geometry": { "type": "Point", "coordinates": [ 145.328, -42.1487 ] } },
{ "type": "Feature", "properties": { "decimalLatitude": -35.1518, "decimalLongitude": 149.1223, "month": 9, "species_sci": "Cacatua galerita", "species_com": "Sulphur-crested Cockatoo" }, "geometry": { "type": "Point", "coordinates": [ 149.1223, -35.1518 ] } },
{ "type": "Feature", "properties": { "decimalLatitude": -35.2603, "decimalLongitude": 138.5602, "month": 9, "species_sci": "Cacatua galerita", "species_com": "Sulphur-crested Cockatoo" }, "geometry": { "type": "Point", "coordinates": [ 138.5602, -35.2603 ] } },
{ "type": "Feature", "properties": { "decimalLatitude": -36.9481, "decimalLongitude": 145.3296, "month": 9, "species_sci": "Cacatua galerita", "species_com": "Sulphur-crested Cockatoo" }, "geometry": { "type": "Point", "coordinates": [ 145.3296, -36.9481 ] } },
{ "type": "Feature", "properties": { "decimalLatitude": -37.9234, "decimalLongitude": 145.3219, "month": 9, "species_sci": "Cacatua galerita", "species_com": "Sulphur-crested Cockatoo" }, "geometry": { "type": "Point", "coordinates": [ 145.3219, -37.9234 ] } },
{ "type": "Feature", "properties": { "decimalLatitude": -35.1723, "decimalLongitude": 149.0663, "month": 9, "species_sci": "Cacatua galerita", "species_com": "Sulphur-crested Cockatoo" }, "geometry": { "type": "Point", "coordinates": [ 149.0663, -35.1723 ] } },
{ "type": "Feature", "properties": { "decimalLatitude": -33.9689, "decimalLongitude": 151.0206, "month": 9, "species_sci": "Cacatua galerita", "species_com": "Sulphur-crested Cockatoo" }, "geometry": { "type": "Point", "coordinates": [ 151.0206, -33.9689 ] } },
{ "type": "Feature", "properties": { "decimalLatitude": -37.87, "decimalLongitude": 145.38, "month": 9, "species_sci": "Cacatua galerita", "species_com": "Sulphur-crested Cockatoo" }, "geometry": { "type": "Point", "coordinates": [ 145.38, -37.87 ] } },
{ "type": "Feature", "properties": { "decimalLatitude": -33.7879, "decimalLongitude": 151.1796, "month": 9, "species_sci": "Cacatua galerita", "species_com": "Sulphur-crested Cockatoo" }, "geometry": { "type": "Point", "coordinates": [ 151.1796, -33.7879 ] } },
{ "type": "Feature", "properties": { "decimalLatitude": -37.9036, "decimalLongitude": 144.1155, "month": 9, "species_sci": "Cacatua galerita", "species_com": "Sulphur-crested Cockatoo" }, "geometry": { "type": "Point", "coordinates": [ 144.1155, -37.9036 ] } },
{ "type": "Feature", "properties": { "decimalLatitude": -33.0223, "decimalLongitude": 151.5831, "month": 9, "species_sci": "Cacatua galerita", "species_com": "Sulphur-crested Cockatoo" }, "geometry": { "type": "Point", "coordinates": [ 151.5831, -33.0223 ] } },
{ "type": "Feature", "properties": { "decimalLatitude": -38.1991, "decimalLongitude": 145.2312, "month": 9, "species_sci": "Cacatua galerita", "species_com": "Sulphur-crested Cockatoo" }, "geometry": { "type": "Point", "coordinates": [ 145.2312, -38.1991 ] } },
{ "type": "Feature", "properties": { "decimalLatitude": -37.9985, "decimalLongitude": 145.1582, "month": 9, "species_sci": "Cacatua galerita", "species_com": "Sulphur-crested Cockatoo" }, "geometry": { "type": "Point", "coordinates": [ 145.1582, -37.9985 ] } },
{ "type": "Feature", "properties": { "decimalLatitude": -27.2445, "decimalLongitude": 153.0266, "month": 9, "species_sci": "Cacatua galerita", "species_com": "Sulphur-crested Cockatoo" }, "geometry": { "type": "Point", "coordinates": [ 153.0266, -27.2445 ] } },
{ "type": "Feature", "properties": { "decimalLatitude": -27.6111, "decimalLongitude": 153.084, "month": 9, "species_sci": "Cacatua galerita", "species_com": "Sulphur-crested Cockatoo" }, "geometry": { "type": "Point", "coordinates": [ 153.084, -27.6111 ] } },
{ "type": "Feature", "properties": { "decimalLatitude": -33.8645, "decimalLongitude": 151.2196, "month": 9, "species_sci": "Cacatua galerita", "species_com": "Sulphur-crested Cockatoo" }, "geometry": { "type": "Point", "coordinates": [ 151.2196, -33.8645 ] } },
{ "type": "Feature", "properties": { "decimalLatitude": -37.8822, "decimalLongitude": 145.1931, "month": 9, "species_sci": "Cacatua galerita", "species_com": "Sulphur-crested Cockatoo" }, "geometry": { "type": "Point", "coordinates": [ 145.1931, -37.8822 ] } },
{ "type": "Feature", "properties": { "decimalLatitude": -27.4441, "decimalLongitude": 152.9228, "month": 9, "species_sci": "Cacatua galerita", "species_com": "Sulphur-crested Cockatoo" }, "geometry": { "type": "Point", "coordinates": [ 152.9228, -27.4441 ] } },
{ "type": "Feature", "properties": { "decimalLatitude": -33.7559, "decimalLongitude": 151.1545, "month": 9, "species_sci": "Cacatua galerita", "species_com": "Sulphur-crested Cockatoo" }, "geometry": { "type": "Point", "coordinates": [ 151.1545, -33.7559 ] } },
{ "type": "Feature", "properties": { "decimalLatitude": -37.864, "decimalLongitude": 145.3794, "month": 9, "species_sci": "Cacatua galerita", "species_com": "Sulphur-crested Cockatoo" }, "geometry": { "type": "Point", "coordinates": [ 145.3794, -37.864 ] } },
{ "type": "Feature", "properties": { "decimalLatitude": -33.7928, "decimalLongitude": 151.1604, "month": 9, "species_sci": "Cacatua galerita", "species_com": "Sulphur-crested Cockatoo" }, "geometry": { "type": "Point", "coordinates": [ 151.1604, -33.7928 ] } },
{ "type": "Feature", "properties": { "decimalLatitude": -37.6848, "decimalLongitude": 145.0391, "month": 9, "species_sci": "Cacatua galerita", "species_com": "Sulphur-crested Cockatoo" }, "geometry": { "type": "Point", "coordinates": [ 145.0391, -37.6848 ] } },
{ "type": "Feature", "properties": { "decimalLatitude": -33.8427, "decimalLongitude": 151.2844, "month": 9, "species_sci": "Cacatua galerita", "species_com": "Sulphur-crested Cockatoo" }, "geometry": { "type": "Point", "coordinates": [ 151.2844, -33.8427 ] } },
{ "type": "Feature", "properties": { "decimalLatitude": -34.4258, "decimalLongitude": 150.8878, "month": 9, "species_sci": "Cacatua galerita", "species_com": "Sulphur-crested Cockatoo" }, "geometry": { "type": "Point", "coordinates": [ 150.8878, -34.4258 ] } },
{ "type": "Feature", "properties": { "decimalLatitude": -27.4428, "decimalLongitude": 153.029, "month": 9, "species_sci": "Cacatua galerita", "species_com": "Sulphur-crested Cockatoo" }, "geometry": { "type": "Point", "coordinates": [ 153.029, -27.4428 ] } },
{ "type": "Feature", "properties": { "decimalLatitude": -37.8373, "decimalLongitude": 145.254, "month": 9, "species_sci": "Cacatua galerita", "species_com": "Sulphur-crested Cockatoo" }, "geometry": { "type": "Point", "coordinates": [ 145.254, -37.8373 ] } },
{ "type": "Feature", "properties": { "decimalLatitude": -28.0082, "decimalLongitude": 153.3866, "month": 9, "species_sci": "Cacatua galerita", "species_com": "Sulphur-crested Cockatoo" }, "geometry": { "type": "Point", "coordinates": [ 153.3866, -28.0082 ] } },
{ "type": "Feature", "properties": { "decimalLatitude": -37.6679, "decimalLongitude": 144.515, "month": 9, "species_sci": "Cacatua galerita", "species_com": "Sulphur-crested Cockatoo" }, "geometry": { "type": "Point", "coordinates": [ 144.515, -37.6679 ] } },
{ "type": "Feature", "properties": { "decimalLatitude": -30.552, "decimalLongitude": 149.8736, "month": 9, "species_sci": "Cacatua galerita", "species_com": "Sulphur-crested Cockatoo" }, "geometry": { "type": "Point", "coordinates": [ 149.8736, -30.552 ] } },
{ "type": "Feature", "properties": { "decimalLatitude": -35.0025, "decimalLongitude": 138.6493, "month": 9, "species_sci": "Cacatua galerita", "species_com": "Sulphur-crested Cockatoo" }, "geometry": { "type": "Point", "coordinates": [ 138.6493, -35.0025 ] } },
{ "type": "Feature", "properties": { "decimalLatitude": -35.4056, "decimalLongitude": 149.1264, "month": 9, "species_sci": "Cacatua galerita", "species_com": "Sulphur-crested Cockatoo" }, "geometry": { "type": "Point", "coordinates": [ 149.1264, -35.4056 ] } },
{ "type": "Feature", "properties": { "decimalLatitude": -33.7082, "decimalLongitude": 151.0758, "month": 9, "species_sci": "Cacatua galerita", "species_com": "Sulphur-crested Cockatoo" }, "geometry": { "type": "Point", "coordinates": [ 151.0758, -33.7082 ] } },
{ "type": "Feature", "properties": { "decimalLatitude": -35.8713, "decimalLongitude": 144.8204, "month": 9, "species_sci": "Cacatua galerita", "species_com": "Sulphur-crested Cockatoo" }, "geometry": { "type": "Point", "coordinates": [ 144.8204, -35.8713 ] } },
{ "type": "Feature", "properties": { "decimalLatitude": -27.5627, "decimalLongitude": 153.0952, "month": 9, "species_sci": "Cacatua galerita", "species_com": "Sulphur-crested Cockatoo" }, "geometry": { "type": "Point", "coordinates": [ 153.0952, -27.5627 ] } },
{ "type": "Feature", "properties": { "decimalLatitude": -14.2453, "decimalLongitude": 134.1146, "month": 9, "species_sci": "Cacatua galerita", "species_com": "Sulphur-crested Cockatoo" }, "geometry": { "type": "Point", "coordinates": [ 134.1146, -14.2453 ] } },
{ "type": "Feature", "properties": { "decimalLatitude": -37.8082, "decimalLongitude": 145.2059, "month": 9, "species_sci": "Cacatua galerita", "species_com": "Sulphur-crested Cockatoo" }, "geometry": { "type": "Point", "coordinates": [ 145.2059, -37.8082 ] } },
{ "type": "Feature", "properties": { "decimalLatitude": -37.7551, "decimalLongitude": 145.6571, "month": 9, "species_sci": "Cacatua galerita", "species_com": "Sulphur-crested Cockatoo" }, "geometry": { "type": "Point", "coordinates": [ 145.6571, -37.7551 ] } },
{ "type": "Feature", "properties": { "decimalLatitude": -38.3542, "decimalLongitude": 144.9556, "month": 9, "species_sci": "Cacatua galerita", "species_com": "Sulphur-crested Cockatoo" }, "geometry": { "type": "Point", "coordinates": [ 144.9556, -38.3542 ] } },
{ "type": "Feature", "properties": { "decimalLatitude": -35.4082, "decimalLongitude": 149.131, "month": 9, "species_sci": "Cacatua galerita", "species_com": "Sulphur-crested Cockatoo" }, "geometry": { "type": "Point", "coordinates": [ 149.131, -35.4082 ] } },
{ "type": "Feature", "properties": { "decimalLatitude": -38.1642, "decimalLongitude": 144.3309, "month": 9, "species_sci": "Cacatua galerita", "species_com": "Sulphur-crested Cockatoo" }, "geometry": { "type": "Point", "coordinates": [ 144.3309, -38.1642 ] } },
{ "type": "Feature", "properties": { "decimalLatitude": -37.9601, "decimalLongitude": 144.4198, "month": 9, "species_sci": "Cacatua galerita", "species_com": "Sulphur-crested Cockatoo" }, "geometry": { "type": "Point", "coordinates": [ 144.4198, -37.9601 ] } },
{ "type": "Feature", "properties": { "decimalLatitude": -37.9322, "decimalLongitude": 145.3164, "month": 9, "species_sci": "Cacatua galerita", "species_com": "Sulphur-crested Cockatoo" }, "geometry": { "type": "Point", "coordinates": [ 145.3164, -37.9322 ] } },
{ "type": "Feature", "properties": { "decimalLatitude": -27.1418, "decimalLongitude": 152.8286, "month": 10, "species_sci": "Cacatua galerita", "species_com": "Sulphur-crested Cockatoo" }, "geometry": { "type": "Point", "coordinates": [ 152.8286, -27.1418 ] } },
{ "type": "Feature", "properties": { "decimalLatitude": -37.6647, "decimalLongitude": 145.01, "month": 10, "species_sci": "Cacatua galerita", "species_com": "Sulphur-crested Cockatoo" }, "geometry": { "type": "Point", "coordinates": [ 145.01, -37.6647 ] } },
{ "type": "Feature", "properties": { "decimalLatitude": -27.5446, "decimalLongitude": 153.0716, "month": 10, "species_sci": "Cacatua galerita", "species_com": "Sulphur-crested Cockatoo" }, "geometry": { "type": "Point", "coordinates": [ 153.0716, -27.5446 ] } },
{ "type": "Feature", "properties": { "decimalLatitude": -33.8646, "decimalLongitude": 151.2204, "month": 10, "species_sci": "Cacatua galerita", "species_com": "Sulphur-crested Cockatoo" }, "geometry": { "type": "Point", "coordinates": [ 151.2204, -33.8646 ] } },
{ "type": "Feature", "properties": { "decimalLatitude": -27.7563, "decimalLongitude": 153.0717, "month": 10, "species_sci": "Cacatua galerita", "species_com": "Sulphur-crested Cockatoo" }, "geometry": { "type": "Point", "coordinates": [ 153.0717, -27.7563 ] } },
{ "type": "Feature", "properties": { "decimalLatitude": -34.4771, "decimalLongitude": 150.7687, "month": 10, "species_sci": "Cacatua galerita", "species_com": "Sulphur-crested Cockatoo" }, "geometry": { "type": "Point", "coordinates": [ 150.7687, -34.4771 ] } },
{ "type": "Feature", "properties": { "decimalLatitude": -33.7706, "decimalLongitude": 151.1702, "month": 10, "species_sci": "Cacatua galerita", "species_com": "Sulphur-crested Cockatoo" }, "geometry": { "type": "Point", "coordinates": [ 151.1702, -33.7706 ] } },
{ "type": "Feature", "properties": { "decimalLatitude": -36.122, "decimalLongitude": 144.7923, "month": 10, "species_sci": "Cacatua galerita", "species_com": "Sulphur-crested Cockatoo" }, "geometry": { "type": "Point", "coordinates": [ 144.7923, -36.122 ] } },
{ "type": "Feature", "properties": { "decimalLatitude": -37.7247, "decimalLongitude": 147.6303, "month": 10, "species_sci": "Cacatua galerita", "species_com": "Sulphur-crested Cockatoo" }, "geometry": { "type": "Point", "coordinates": [ 147.6303, -37.7247 ] } },
{ "type": "Feature", "properties": { "decimalLatitude": -33.7356, "decimalLongitude": 151.1567, "month": 10, "species_sci": "Cacatua galerita", "species_com": "Sulphur-crested Cockatoo" }, "geometry": { "type": "Point", "coordinates": [ 151.1567, -33.7356 ] } },
{ "type": "Feature", "properties": { "decimalLatitude": -27.4721, "decimalLongitude": 152.8517, "month": 10, "species_sci": "Cacatua galerita", "species_com": "Sulphur-crested Cockatoo" }, "geometry": { "type": "Point", "coordinates": [ 152.8517, -27.4721 ] } },
{ "type": "Feature", "properties": { "decimalLatitude": -37.7113, "decimalLongitude": 145.0454, "month": 10, "species_sci": "Cacatua galerita", "species_com": "Sulphur-crested Cockatoo" }, "geometry": { "type": "Point", "coordinates": [ 145.0454, -37.7113 ] } },
{ "type": "Feature", "properties": { "decimalLatitude": -35.2313, "decimalLongitude": 149.0253, "month": 10, "species_sci": "Cacatua galerita", "species_com": "Sulphur-crested Cockatoo" }, "geometry": { "type": "Point", "coordinates": [ 149.0253, -35.2313 ] } },
{ "type": "Feature", "properties": { "decimalLatitude": -16.8353, "decimalLongitude": 145.6631, "month": 10, "species_sci": "Cacatua galerita", "species_com": "Sulphur-crested Cockatoo" }, "geometry": { "type": "Point", "coordinates": [ 145.6631, -16.8353 ] } },
{ "type": "Feature", "properties": { "decimalLatitude": -34.4801, "decimalLongitude": 150.8084, "month": 10, "species_sci": "Cacatua galerita", "species_com": "Sulphur-crested Cockatoo" }, "geometry": { "type": "Point", "coordinates": [ 150.8084, -34.4801 ] } },
{ "type": "Feature", "properties": { "decimalLatitude": -37.7333, "decimalLongitude": 145.1749, "month": 10, "species_sci": "Cacatua galerita", "species_com": "Sulphur-crested Cockatoo" }, "geometry": { "type": "Point", "coordinates": [ 145.1749, -37.7333 ] } },
{ "type": "Feature", "properties": { "decimalLatitude": -35.2638, "decimalLongitude": 149.1031, "month": 10, "species_sci": "Cacatua galerita", "species_com": "Sulphur-crested Cockatoo" }, "geometry": { "type": "Point", "coordinates": [ 149.1031, -35.2638 ] } },
{ "type": "Feature", "properties": { "decimalLatitude": -17.2003, "decimalLongitude": 145.4548, "month": 10, "species_sci": "Cacatua galerita", "species_com": "Sulphur-crested Cockatoo" }, "geometry": { "type": "Point", "coordinates": [ 145.4548, -17.2003 ] } },
{ "type": "Feature", "properties": { "decimalLatitude": -33.8631, "decimalLongitude": 151.2176, "month": 10, "species_sci": "Cacatua galerita", "species_com": "Sulphur-crested Cockatoo" }, "geometry": { "type": "Point", "coordinates": [ 151.2176, -33.8631 ] } },
{ "type": "Feature", "properties": { "decimalLatitude": -36.7604, "decimalLongitude": 146.4165, "month": 10, "species_sci": "Cacatua galerita", "species_com": "Sulphur-crested Cockatoo" }, "geometry": { "type": "Point", "coordinates": [ 146.4165, -36.7604 ] } },
{ "type": "Feature", "properties": { "decimalLatitude": -37.998, "decimalLongitude": 145.1263, "month": 10, "species_sci": "Cacatua galerita", "species_com": "Sulphur-crested Cockatoo" }, "geometry": { "type": "Point", "coordinates": [ 145.1263, -37.998 ] } },
{ "type": "Feature", "properties": { "decimalLatitude": -34.4491, "decimalLongitude": 150.8279, "month": 10, "species_sci": "Cacatua galerita", "species_com": "Sulphur-crested Cockatoo" }, "geometry": { "type": "Point", "coordinates": [ 150.8279, -34.4491 ] } },
{ "type": "Feature", "properties": { "decimalLatitude": -34.4491, "decimalLongitude": 150.8279, "month": 10, "species_sci": "Cacatua galerita", "species_com": "Sulphur-crested Cockatoo" }, "geometry": { "type": "Point", "coordinates": [ 150.8279, -34.4491 ] } },
{ "type": "Feature", "properties": { "decimalLatitude": -33.7808, "decimalLongitude": 151.1387, "month": 10, "species_sci": "Cacatua galerita", "species_com": "Sulphur-crested Cockatoo" }, "geometry": { "type": "Point", "coordinates": [ 151.1387, -33.7808 ] } },
{ "type": "Feature", "properties": { "decimalLatitude": -34.0034, "decimalLongitude": 151.0341, "month": 10, "species_sci": "Cacatua galerita", "species_com": "Sulphur-crested Cockatoo" }, "geometry": { "type": "Point", "coordinates": [ 151.0341, -34.0034 ] } },
{ "type": "Feature", "properties": { "decimalLatitude": -35.5183, "decimalLongitude": 138.6342, "month": 10, "species_sci": "Cacatua galerita", "species_com": "Sulphur-crested Cockatoo" }, "geometry": { "type": "Point", "coordinates": [ 138.6342, -35.5183 ] } },
{ "type": "Feature", "properties": { "decimalLatitude": -33.8668, "decimalLongitude": 151.2175, "month": 10, "species_sci": "Cacatua galerita", "species_com": "Sulphur-crested Cockatoo" }, "geometry": { "type": "Point", "coordinates": [ 151.2175, -33.8668 ] } },
{ "type": "Feature", "properties": { "decimalLatitude": -34.1126, "decimalLongitude": 150.8166, "month": 10, "species_sci": "Cacatua galerita", "species_com": "Sulphur-crested Cockatoo" }, "geometry": { "type": "Point", "coordinates": [ 150.8166, -34.1126 ] } },
{ "type": "Feature", "properties": { "decimalLatitude": -36.1431, "decimalLongitude": 146.8675, "month": 10, "species_sci": "Cacatua galerita", "species_com": "Sulphur-crested Cockatoo" }, "geometry": { "type": "Point", "coordinates": [ 146.8675, -36.1431 ] } },
{ "type": "Feature", "properties": { "decimalLatitude": -33.7687, "decimalLongitude": 151.1115, "month": 10, "species_sci": "Cacatua galerita", "species_com": "Sulphur-crested Cockatoo" }, "geometry": { "type": "Point", "coordinates": [ 151.1115, -33.7687 ] } },
{ "type": "Feature", "properties": { "decimalLatitude": -33.767, "decimalLongitude": 151.1691, "month": 10, "species_sci": "Cacatua galerita", "species_com": "Sulphur-crested Cockatoo" }, "geometry": { "type": "Point", "coordinates": [ 151.1691, -33.767 ] } },
{ "type": "Feature", "properties": { "decimalLatitude": -38.5571, "decimalLongitude": 143.9765, "month": 10, "species_sci": "Cacatua galerita", "species_com": "Sulphur-crested Cockatoo" }, "geometry": { "type": "Point", "coordinates": [ 143.9765, -38.5571 ] } },
{ "type": "Feature", "properties": { "decimalLatitude": -27.4988, "decimalLongitude": 153.0421, "month": 10, "species_sci": "Cacatua galerita", "species_com": "Sulphur-crested Cockatoo" }, "geometry": { "type": "Point", "coordinates": [ 153.0421, -27.4988 ] } },
{ "type": "Feature", "properties": { "decimalLatitude": -33.8055, "decimalLongitude": 151.1814, "month": 10, "species_sci": "Cacatua galerita", "species_com": "Sulphur-crested Cockatoo" }, "geometry": { "type": "Point", "coordinates": [ 151.1814, -33.8055 ] } },
{ "type": "Feature", "properties": { "decimalLatitude": -37.1722, "decimalLongitude": 142.5419, "month": 10, "species_sci": "Cacatua galerita", "species_com": "Sulphur-crested Cockatoo" }, "geometry": { "type": "Point", "coordinates": [ 142.5419, -37.1722 ] } },
{ "type": "Feature", "properties": { "decimalLatitude": -34.4672, "decimalLongitude": 150.7667, "month": 10, "species_sci": "Cacatua galerita", "species_com": "Sulphur-crested Cockatoo" }, "geometry": { "type": "Point", "coordinates": [ 150.7667, -34.4672 ] } },
{ "type": "Feature", "properties": { "decimalLatitude": -27.5512, "decimalLongitude": 152.7921, "month": 10, "species_sci": "Cacatua galerita", "species_com": "Sulphur-crested Cockatoo" }, "geometry": { "type": "Point", "coordinates": [ 152.7921, -27.5512 ] } },
{ "type": "Feature", "properties": { "decimalLatitude": -32.6752, "decimalLongitude": 151.3586, "month": 10, "species_sci": "Cacatua galerita", "species_com": "Sulphur-crested Cockatoo" }, "geometry": { "type": "Point", "coordinates": [ 151.3586, -32.6752 ] } },
{ "type": "Feature", "properties": { "decimalLatitude": -37.8922, "decimalLongitude": 145.3166, "month": 10, "species_sci": "Cacatua galerita", "species_com": "Sulphur-crested Cockatoo" }, "geometry": { "type": "Point", "coordinates": [ 145.3166, -37.8922 ] } },
{ "type": "Feature", "properties": { "decimalLatitude": -27.5044, "decimalLongitude": 152.9818, "month": 10, "species_sci": "Cacatua galerita", "species_com": "Sulphur-crested Cockatoo" }, "geometry": { "type": "Point", "coordinates": [ 152.9818, -27.5044 ] } },
{ "type": "Feature", "properties": { "decimalLatitude": -38.7462, "decimalLongitude": 143.6557, "month": 10, "species_sci": "Cacatua galerita", "species_com": "Sulphur-crested Cockatoo" }, "geometry": { "type": "Point", "coordinates": [ 143.6557, -38.7462 ] } },
{ "type": "Feature", "properties": { "decimalLatitude": -33.9102, "decimalLongitude": 151.003, "month": 10, "species_sci": "Cacatua galerita", "species_com": "Sulphur-crested Cockatoo" }, "geometry": { "type": "Point", "coordinates": [ 151.003, -33.9102 ] } },
{ "type": "Feature", "properties": { "decimalLatitude": -37.827, "decimalLongitude": 144.981, "month": 10, "species_sci": "Cacatua galerita", "species_com": "Sulphur-crested Cockatoo" }, "geometry": { "type": "Point", "coordinates": [ 144.981, -37.827 ] } },
{ "type": "Feature", "properties": { "decimalLatitude": -34.5436, "decimalLongitude": 150.8383, "month": 10, "species_sci": "Cacatua galerita", "species_com": "Sulphur-crested Cockatoo" }, "geometry": { "type": "Point", "coordinates": [ 150.8383, -34.5436 ] } },
{ "type": "Feature", "properties": { "decimalLatitude": -36.5095, "decimalLongitude": 142.0263, "month": 10, "species_sci": "Cacatua galerita", "species_com": "Sulphur-crested Cockatoo" }, "geometry": { "type": "Point", "coordinates": [ 142.0263, -36.5095 ] } },
{ "type": "Feature", "properties": { "decimalLatitude": -37.6132, "decimalLongitude": 144.422, "month": 10, "species_sci": "Cacatua galerita", "species_com": "Sulphur-crested Cockatoo" }, "geometry": { "type": "Point", "coordinates": [ 144.422, -37.6132 ] } },
{ "type": "Feature", "properties": { "decimalLatitude": -37.8923, "decimalLongitude": 145.3189, "month": 10, "species_sci": "Cacatua galerita", "species_com": "Sulphur-crested Cockatoo" }, "geometry": { "type": "Point", "coordinates": [ 145.3189, -37.8923 ] } },
{ "type": "Feature", "properties": { "decimalLatitude": -37.8588, "decimalLongitude": 144.2801, "month": 10, "species_sci": "Cacatua galerita", "species_com": "Sulphur-crested Cockatoo" }, "geometry": { "type": "Point", "coordinates": [ 144.2801, -37.8588 ] } },
{ "type": "Feature", "properties": { "decimalLatitude": -27.4619, "decimalLongitude": 153.0069, "month": 10, "species_sci": "Cacatua galerita", "species_com": "Sulphur-crested Cockatoo" }, "geometry": { "type": "Point", "coordinates": [ 153.0069, -27.4619 ] } },
{ "type": "Feature", "properties": { "decimalLatitude": -34.1446, "decimalLongitude": 150.7552, "month": 10, "species_sci": "Cacatua galerita", "species_com": "Sulphur-crested Cockatoo" }, "geometry": { "type": "Point", "coordinates": [ 150.7552, -34.1446 ] } },
{ "type": "Feature", "properties": { "decimalLatitude": -33.7109, "decimalLongitude": 151.1084, "month": 10, "species_sci": "Cacatua galerita", "species_com": "Sulphur-crested Cockatoo" }, "geometry": { "type": "Point", "coordinates": [ 151.1084, -33.7109 ] } },
{ "type": "Feature", "properties": { "decimalLatitude": -27.6418, "decimalLongitude": 153.1291, "month": 10, "species_sci": "Cacatua galerita", "species_com": "Sulphur-crested Cockatoo" }, "geometry": { "type": "Point", "coordinates": [ 153.1291, -27.6418 ] } },
{ "type": "Feature", "properties": { "decimalLatitude": -37.6846, "decimalLongitude": 145.0389, "month": 10, "species_sci": "Cacatua galerita", "species_com": "Sulphur-crested Cockatoo" }, "geometry": { "type": "Point", "coordinates": [ 145.0389, -37.6846 ] } },
{ "type": "Feature", "properties": { "decimalLatitude": -37.8928, "decimalLongitude": 145.3855, "month": 10, "species_sci": "Cacatua galerita", "species_com": "Sulphur-crested Cockatoo" }, "geometry": { "type": "Point", "coordinates": [ 145.3855, -37.8928 ] } },
{ "type": "Feature", "properties": { "decimalLatitude": -36.3592, "decimalLongitude": 145.3771, "month": 10, "species_sci": "Cacatua galerita", "species_com": "Sulphur-crested Cockatoo" }, "geometry": { "type": "Point", "coordinates": [ 145.3771, -36.3592 ] } },
{ "type": "Feature", "properties": { "decimalLatitude": -33.8643, "decimalLongitude": 151.2209, "month": 10, "species_sci": "Cacatua galerita", "species_com": "Sulphur-crested Cockatoo" }, "geometry": { "type": "Point", "coordinates": [ 151.2209, -33.8643 ] } },
{ "type": "Feature", "properties": { "decimalLatitude": -34.1021, "decimalLongitude": 150.8292, "month": 10, "species_sci": "Cacatua galerita", "species_com": "Sulphur-crested Cockatoo" }, "geometry": { "type": "Point", "coordinates": [ 150.8292, -34.1021 ] } },
{ "type": "Feature", "properties": { "decimalLatitude": -37.8759, "decimalLongitude": 144.653, "month": 10, "species_sci": "Cacatua galerita", "species_com": "Sulphur-crested Cockatoo" }, "geometry": { "type": "Point", "coordinates": [ 144.653, -37.8759 ] } },
{ "type": "Feature", "properties": { "decimalLatitude": -33.7247, "decimalLongitude": 151.0567, "month": 10, "species_sci": "Cacatua galerita", "species_com": "Sulphur-crested Cockatoo" }, "geometry": { "type": "Point", "coordinates": [ 151.0567, -33.7247 ] } },
{ "type": "Feature", "properties": { "decimalLatitude": -33.864, "decimalLongitude": 151.2195, "month": 10, "species_sci": "Cacatua galerita", "species_com": "Sulphur-crested Cockatoo" }, "geometry": { "type": "Point", "coordinates": [ 151.2195, -33.864 ] } },
{ "type": "Feature", "properties": { "decimalLatitude": -36.5473, "decimalLongitude": 145.9982, "month": 10, "species_sci": "Cacatua galerita", "species_com": "Sulphur-crested Cockatoo" }, "geometry": { "type": "Point", "coordinates": [ 145.9982, -36.5473 ] } },
{ "type": "Feature", "properties": { "decimalLatitude": -36.8922, "decimalLongitude": 174.5239, "month": 10, "species_sci": "Cacatua galerita", "species_com": "Sulphur-crested Cockatoo" }, "geometry": { "type": "Point", "coordinates": [ 174.5239, -36.8922 ] } },
{ "type": "Feature", "properties": { "decimalLatitude": -34.3061, "decimalLongitude": 150.9352, "month": 10, "species_sci": "Cacatua galerita", "species_com": "Sulphur-crested Cockatoo" }, "geometry": { "type": "Point", "coordinates": [ 150.9352, -34.3061 ] } },
{ "type": "Feature", "properties": { "decimalLatitude": -37.2693, "decimalLongitude": 144.3088, "month": 10, "species_sci": "Cacatua galerita", "species_com": "Sulphur-crested Cockatoo" }, "geometry": { "type": "Point", "coordinates": [ 144.3088, -37.2693 ] } },
{ "type": "Feature", "properties": { "decimalLatitude": -27.6974, "decimalLongitude": 152.928, "month": 10, "species_sci": "Cacatua galerita", "species_com": "Sulphur-crested Cockatoo" }, "geometry": { "type": "Point", "coordinates": [ 152.928, -27.6974 ] } },
{ "type": "Feature", "properties": { "decimalLatitude": -34.936, "decimalLongitude": 138.6193, "month": 10, "species_sci": "Cacatua galerita", "species_com": "Sulphur-crested Cockatoo" }, "geometry": { "type": "Point", "coordinates": [ 138.6193, -34.936 ] } },
{ "type": "Feature", "properties": { "decimalLatitude": -38.5515, "decimalLongitude": 143.9828, "month": 10, "species_sci": "Cacatua galerita", "species_com": "Sulphur-crested Cockatoo" }, "geometry": { "type": "Point", "coordinates": [ 143.9828, -38.5515 ] } },
{ "type": "Feature", "properties": { "decimalLatitude": -33.8633, "decimalLongitude": 151.2179, "month": 10, "species_sci": "Cacatua galerita", "species_com": "Sulphur-crested Cockatoo" }, "geometry": { "type": "Point", "coordinates": [ 151.2179, -33.8633 ] } },
{ "type": "Feature", "properties": { "decimalLatitude": -33.9808, "decimalLongitude": 151.0632, "month": 10, "species_sci": "Cacatua galerita", "species_com": "Sulphur-crested Cockatoo" }, "geometry": { "type": "Point", "coordinates": [ 151.0632, -33.9808 ] } },
{ "type": "Feature", "properties": { "decimalLatitude": -27.6256, "decimalLongitude": 152.9649, "month": 10, "species_sci": "Cacatua galerita", "species_com": "Sulphur-crested Cockatoo" }, "geometry": { "type": "Point", "coordinates": [ 152.9649, -27.6256 ] } },
{ "type": "Feature", "properties": { "decimalLatitude": -16.5147, "decimalLongitude": 145.4644, "month": 10, "species_sci": "Cacatua galerita", "species_com": "Sulphur-crested Cockatoo" }, "geometry": { "type": "Point", "coordinates": [ 145.4644, -16.5147 ] } },
{ "type": "Feature", "properties": { "decimalLatitude": -42.8744, "decimalLongitude": 147.3647, "month": 10, "species_sci": "Cacatua galerita", "species_com": "Sulphur-crested Cockatoo" }, "geometry": { "type": "Point", "coordinates": [ 147.3647, -42.8744 ] } },
{ "type": "Feature", "properties": { "decimalLatitude": -13.163, "decimalLongitude": 130.6863, "month": 10, "species_sci": "Cacatua galerita", "species_com": "Sulphur-crested Cockatoo" }, "geometry": { "type": "Point", "coordinates": [ 130.6863, -13.163 ] } },
{ "type": "Feature", "properties": { "decimalLatitude": -37.8922, "decimalLongitude": 145.3738, "month": 10, "species_sci": "Cacatua galerita", "species_com": "Sulphur-crested Cockatoo" }, "geometry": { "type": "Point", "coordinates": [ 145.3738, -37.8922 ] } },
{ "type": "Feature", "properties": { "decimalLatitude": -33.7979, "decimalLongitude": 151.2645, "month": 10, "species_sci": "Cacatua galerita", "species_com": "Sulphur-crested Cockatoo" }, "geometry": { "type": "Point", "coordinates": [ 151.2645, -33.7979 ] } },
{ "type": "Feature", "properties": { "decimalLatitude": -34.0594, "decimalLongitude": 150.8759, "month": 10, "species_sci": "Cacatua galerita", "species_com": "Sulphur-crested Cockatoo" }, "geometry": { "type": "Point", "coordinates": [ 150.8759, -34.0594 ] } },
{ "type": "Feature", "properties": { "decimalLatitude": -42.8532, "decimalLongitude": 147.3094, "month": 10, "species_sci": "Cacatua galerita", "species_com": "Sulphur-crested Cockatoo" }, "geometry": { "type": "Point", "coordinates": [ 147.3094, -42.8532 ] } },
{ "type": "Feature", "properties": { "decimalLatitude": -33.7176, "decimalLongitude": 151.1548, "month": 10, "species_sci": "Cacatua galerita", "species_com": "Sulphur-crested Cockatoo" }, "geometry": { "type": "Point", "coordinates": [ 151.1548, -33.7176 ] } },
{ "type": "Feature", "properties": { "decimalLatitude": -36.4264, "decimalLongitude": 146.1135, "month": 10, "species_sci": "Cacatua galerita", "species_com": "Sulphur-crested Cockatoo" }, "geometry": { "type": "Point", "coordinates": [ 146.1135, -36.4264 ] } },
{ "type": "Feature", "properties": { "decimalLatitude": -33.8728, "decimalLongitude": 151.2249, "month": 10, "species_sci": "Cacatua galerita", "species_com": "Sulphur-crested Cockatoo" }, "geometry": { "type": "Point", "coordinates": [ 151.2249, -33.8728 ] } },
{ "type": "Feature", "properties": { "decimalLatitude": -35.3256, "decimalLongitude": 149.0673, "month": 10, "species_sci": "Cacatua galerita", "species_com": "Sulphur-crested Cockatoo" }, "geometry": { "type": "Point", "coordinates": [ 149.0673, -35.3256 ] } },
{ "type": "Feature", "properties": { "decimalLatitude": -34.7426, "decimalLongitude": 142.5123, "month": 10, "species_sci": "Cacatua galerita", "species_com": "Sulphur-crested Cockatoo" }, "geometry": { "type": "Point", "coordinates": [ 142.5123, -34.7426 ] } },
{ "type": "Feature", "properties": { "decimalLatitude": -33.7176, "decimalLongitude": 151.1548, "month": 10, "species_sci": "Cacatua galerita", "species_com": "Sulphur-crested Cockatoo" }, "geometry": { "type": "Point", "coordinates": [ 151.1548, -33.7176 ] } },
{ "type": "Feature", "properties": { "decimalLatitude": -25.2505, "decimalLongitude": 152.8074, "month": 10, "species_sci": "Cacatua galerita", "species_com": "Sulphur-crested Cockatoo" }, "geometry": { "type": "Point", "coordinates": [ 152.8074, -25.2505 ] } },
{ "type": "Feature", "properties": { "decimalLatitude": -34.048, "decimalLongitude": 150.8028, "month": 10, "species_sci": "Cacatua galerita", "species_com": "Sulphur-crested Cockatoo" }, "geometry": { "type": "Point", "coordinates": [ 150.8028, -34.048 ] } },
{ "type": "Feature", "properties": { "decimalLatitude": -35.0825, "decimalLongitude": 148.0906, "month": 10, "species_sci": "Cacatua galerita", "species_com": "Sulphur-crested Cockatoo" }, "geometry": { "type": "Point", "coordinates": [ 148.0906, -35.0825 ] } },
{ "type": "Feature", "properties": { "decimalLatitude": -34.8139, "decimalLongitude": 150.6097, "month": 10, "species_sci": "Cacatua galerita", "species_com": "Sulphur-crested Cockatoo" }, "geometry": { "type": "Point", "coordinates": [ 150.6097, -34.8139 ] } },
{ "type": "Feature", "properties": { "decimalLatitude": -35.0207, "decimalLongitude": 138.6705, "month": 10, "species_sci": "Cacatua galerita", "species_com": "Sulphur-crested Cockatoo" }, "geometry": { "type": "Point", "coordinates": [ 138.6705, -35.0207 ] } },
{ "type": "Feature", "properties": { "decimalLatitude": -33.8934, "decimalLongitude": 150.6005, "month": 10, "species_sci": "Cacatua galerita", "species_com": "Sulphur-crested Cockatoo" }, "geometry": { "type": "Point", "coordinates": [ 150.6005, -33.8934 ] } },
{ "type": "Feature", "properties": { "decimalLatitude": -34.5567, "decimalLongitude": 139.5998, "month": 10, "species_sci": "Cacatua galerita", "species_com": "Sulphur-crested Cockatoo" }, "geometry": { "type": "Point", "coordinates": [ 139.5998, -34.5567 ] } },
{ "type": "Feature", "properties": { "decimalLatitude": -37.798, "decimalLongitude": 144.8302, "month": 10, "species_sci": "Cacatua galerita", "species_com": "Sulphur-crested Cockatoo" }, "geometry": { "type": "Point", "coordinates": [ 144.8302, -37.798 ] } },
{ "type": "Feature", "properties": { "decimalLatitude": -33.7003, "decimalLongitude": 150.2517, "month": 10, "species_sci": "Cacatua galerita", "species_com": "Sulphur-crested Cockatoo" }, "geometry": { "type": "Point", "coordinates": [ 150.2517, -33.7003 ] } },
{ "type": "Feature", "properties": { "decimalLatitude": -16.7156, "decimalLongitude": 125.4598, "month": 10, "species_sci": "Cacatua galerita", "species_com": "Sulphur-crested Cockatoo" }, "geometry": { "type": "Point", "coordinates": [ 125.4598, -16.7156 ] } },
{ "type": "Feature", "properties": { "decimalLatitude": -33.727, "decimalLongitude": 150.3053, "month": 10, "species_sci": "Cacatua galerita", "species_com": "Sulphur-crested Cockatoo" }, "geometry": { "type": "Point", "coordinates": [ 150.3053, -33.727 ] } },
{ "type": "Feature", "properties": { "decimalLatitude": -30.5125, "decimalLongitude": 149.8853, "month": 10, "species_sci": "Cacatua galerita", "species_com": "Sulphur-crested Cockatoo" }, "geometry": { "type": "Point", "coordinates": [ 149.8853, -30.5125 ] } },
{ "type": "Feature", "properties": { "decimalLatitude": -35.2854, "decimalLongitude": 149.1254, "month": 10, "species_sci": "Cacatua galerita", "species_com": "Sulphur-crested Cockatoo" }, "geometry": { "type": "Point", "coordinates": [ 149.1254, -35.2854 ] } },
{ "type": "Feature", "properties": { "decimalLatitude": -36.4287, "decimalLongitude": 146.1146, "month": 10, "species_sci": "Cacatua galerita", "species_com": "Sulphur-crested Cockatoo" }, "geometry": { "type": "Point", "coordinates": [ 146.1146, -36.4287 ] } },
{ "type": "Feature", "properties": { "decimalLatitude": -27.498, "decimalLongitude": 153.0239, "month": 10, "species_sci": "Cacatua galerita", "species_com": "Sulphur-crested Cockatoo" }, "geometry": { "type": "Point", "coordinates": [ 153.0239, -27.498 ] } },
{ "type": "Feature", "properties": { "decimalLatitude": -34.713, "decimalLongitude": 142.4415, "month": 10, "species_sci": "Cacatua galerita", "species_com": "Sulphur-crested Cockatoo" }, "geometry": { "type": "Point", "coordinates": [ 142.4415, -34.713 ] } },
{ "type": "Feature", "properties": { "decimalLatitude": -33.8337, "decimalLongitude": 151.1437, "month": 10, "species_sci": "Cacatua galerita", "species_com": "Sulphur-crested Cockatoo" }, "geometry": { "type": "Point", "coordinates": [ 151.1437, -33.8337 ] } },
{ "type": "Feature", "properties": { "decimalLatitude": -37.8886, "decimalLongitude": 144.6945, "month": 10, "species_sci": "Cacatua galerita", "species_com": "Sulphur-crested Cockatoo" }, "geometry": { "type": "Point", "coordinates": [ 144.6945, -37.8886 ] } },
{ "type": "Feature", "properties": { "decimalLatitude": -36.5044, "decimalLongitude": 148.3037, "month": 10, "species_sci": "Cacatua galerita", "species_com": "Sulphur-crested Cockatoo" }, "geometry": { "type": "Point", "coordinates": [ 148.3037, -36.5044 ] } },
{ "type": "Feature", "properties": { "decimalLatitude": -27.2848, "decimalLongitude": 152.9985, "month": 10, "species_sci": "Cacatua galerita", "species_com": "Sulphur-crested Cockatoo" }, "geometry": { "type": "Point", "coordinates": [ 152.9985, -27.2848 ] } },
{ "type": "Feature", "properties": { "decimalLatitude": -30.3, "decimalLongitude": 149.8, "month": 10, "species_sci": "Cacatua galerita", "species_com": "Sulphur-crested Cockatoo" }, "geometry": { "type": "Point", "coordinates": [ 149.8, -30.3 ] } },
{ "type": "Feature", "properties": { "decimalLatitude": -28.0279, "decimalLongitude": 153.3119, "month": 10, "species_sci": "Cacatua galerita", "species_com": "Sulphur-crested Cockatoo" }, "geometry": { "type": "Point", "coordinates": [ 153.3119, -28.0279 ] } },
{ "type": "Feature", "properties": { "decimalLatitude": -37.8566, "decimalLongitude": 144.2332, "month": 10, "species_sci": "Cacatua galerita", "species_com": "Sulphur-crested Cockatoo" }, "geometry": { "type": "Point", "coordinates": [ 144.2332, -37.8566 ] } },
{ "type": "Feature", "properties": { "decimalLatitude": -37.6864, "decimalLongitude": 145.0434, "month": 10, "species_sci": "Cacatua galerita", "species_com": "Sulphur-crested Cockatoo" }, "geometry": { "type": "Point", "coordinates": [ 145.0434, -37.6864 ] } },
{ "type": "Feature", "properties": { "decimalLatitude": -37.8297, "decimalLongitude": 144.9813, "month": 10, "species_sci": "Cacatua galerita", "species_com": "Sulphur-crested Cockatoo" }, "geometry": { "type": "Point", "coordinates": [ 144.9813, -37.8297 ] } },
{ "type": "Feature", "properties": { "decimalLatitude": -16.5, "decimalLongitude": 145.5, "month": 10, "species_sci": "Cacatua galerita", "species_com": "Sulphur-crested Cockatoo" }, "geometry": { "type": "Point", "coordinates": [ 145.5, -16.5 ] } },
{ "type": "Feature", "properties": { "decimalLatitude": -26.8443, "decimalLongitude": 151.5423, "month": 10, "species_sci": "Cacatua galerita", "species_com": "Sulphur-crested Cockatoo" }, "geometry": { "type": "Point", "coordinates": [ 151.5423, -26.8443 ] } },
{ "type": "Feature", "properties": { "decimalLatitude": -23.88, "decimalLongitude": 151.2089, "month": 10, "species_sci": "Cacatua galerita", "species_com": "Sulphur-crested Cockatoo" }, "geometry": { "type": "Point", "coordinates": [ 151.2089, -23.88 ] } },
{ "type": "Feature", "properties": { "decimalLatitude": -33.8636, "decimalLongitude": 151.2171, "month": 10, "species_sci": "Cacatua galerita", "species_com": "Sulphur-crested Cockatoo" }, "geometry": { "type": "Point", "coordinates": [ 151.2171, -33.8636 ] } },
{ "type": "Feature", "properties": { "decimalLatitude": -30.5114, "decimalLongitude": 149.8912, "month": 10, "species_sci": "Cacatua galerita", "species_com": "Sulphur-crested Cockatoo" }, "geometry": { "type": "Point", "coordinates": [ 149.8912, -30.5114 ] } },
{ "type": "Feature", "properties": { "decimalLatitude": -36.0715, "decimalLongitude": 146.8491, "month": 10, "species_sci": "Cacatua galerita", "species_com": "Sulphur-crested Cockatoo" }, "geometry": { "type": "Point", "coordinates": [ 146.8491, -36.0715 ] } },
{ "type": "Feature", "properties": { "decimalLatitude": -34.0597, "decimalLongitude": 150.876, "month": 10, "species_sci": "Cacatua galerita", "species_com": "Sulphur-crested Cockatoo" }, "geometry": { "type": "Point", "coordinates": [ 150.876, -34.0597 ] } },
{ "type": "Feature", "properties": { "decimalLatitude": -35.8376, "decimalLongitude": 147.2572, "month": 10, "species_sci": "Cacatua galerita", "species_com": "Sulphur-crested Cockatoo" }, "geometry": { "type": "Point", "coordinates": [ 147.2572, -35.8376 ] } },
{ "type": "Feature", "properties": { "decimalLatitude": -33.063, "decimalLongitude": 151.5296, "month": 10, "species_sci": "Cacatua galerita", "species_com": "Sulphur-crested Cockatoo" }, "geometry": { "type": "Point", "coordinates": [ 151.5296, -33.063 ] } },
{ "type": "Feature", "properties": { "decimalLatitude": -27.494, "decimalLongitude": 152.9453, "month": 10, "species_sci": "Cacatua galerita", "species_com": "Sulphur-crested Cockatoo" }, "geometry": { "type": "Point", "coordinates": [ 152.9453, -27.494 ] } },
{ "type": "Feature", "properties": { "decimalLatitude": -35.353, "decimalLongitude": 149.1162, "month": 10, "species_sci": "Cacatua galerita", "species_com": "Sulphur-crested Cockatoo" }, "geometry": { "type": "Point", "coordinates": [ 149.1162, -35.353 ] } },
{ "type": "Feature", "properties": { "decimalLatitude": -37.8639, "decimalLongitude": 145.3796, "month": 10, "species_sci": "Cacatua galerita", "species_com": "Sulphur-crested Cockatoo" }, "geometry": { "type": "Point", "coordinates": [ 145.3796, -37.8639 ] } },
{ "type": "Feature", "properties": { "decimalLatitude": -33.776, "decimalLongitude": 151.1165, "month": 10, "species_sci": "Cacatua galerita", "species_com": "Sulphur-crested Cockatoo" }, "geometry": { "type": "Point", "coordinates": [ 151.1165, -33.776 ] } },
{ "type": "Feature", "properties": { "decimalLatitude": -27.6662, "decimalLongitude": 153.0815, "month": 10, "species_sci": "Cacatua galerita", "species_com": "Sulphur-crested Cockatoo" }, "geometry": { "type": "Point", "coordinates": [ 153.0815, -27.6662 ] } },
{ "type": "Feature", "properties": { "decimalLatitude": -16.8655, "decimalLongitude": 145.7554, "month": 10, "species_sci": "Cacatua galerita", "species_com": "Sulphur-crested Cockatoo" }, "geometry": { "type": "Point", "coordinates": [ 145.7554, -16.8655 ] } },
{ "type": "Feature", "properties": { "decimalLatitude": -35.4082, "decimalLongitude": 149.131, "month": 10, "species_sci": "Cacatua galerita", "species_com": "Sulphur-crested Cockatoo" }, "geometry": { "type": "Point", "coordinates": [ 149.131, -35.4082 ] } },
{ "type": "Feature", "properties": { "decimalLatitude": -38.0077, "decimalLongitude": 145.1292, "month": 10, "species_sci": "Cacatua galerita", "species_com": "Sulphur-crested Cockatoo" }, "geometry": { "type": "Point", "coordinates": [ 145.1292, -38.0077 ] } },
{ "type": "Feature", "properties": { "decimalLatitude": -37.7845, "decimalLongitude": 144.5752, "month": 10, "species_sci": "Cacatua galerita", "species_com": "Sulphur-crested Cockatoo" }, "geometry": { "type": "Point", "coordinates": [ 144.5752, -37.7845 ] } },
{ "type": "Feature", "properties": { "decimalLatitude": -27.9401, "decimalLongitude": 153.3965, "month": 10, "species_sci": "Cacatua galerita", "species_com": "Sulphur-crested Cockatoo" }, "geometry": { "type": "Point", "coordinates": [ 153.3965, -27.9401 ] } },
{ "type": "Feature", "properties": { "decimalLatitude": -33.2553, "decimalLongitude": 151.4622, "month": 10, "species_sci": "Cacatua galerita", "species_com": "Sulphur-crested Cockatoo" }, "geometry": { "type": "Point", "coordinates": [ 151.4622, -33.2553 ] } },
{ "type": "Feature", "properties": { "decimalLatitude": -27.5759, "decimalLongitude": 152.8915, "month": 10, "species_sci": "Cacatua galerita", "species_com": "Sulphur-crested Cockatoo" }, "geometry": { "type": "Point", "coordinates": [ 152.8915, -27.5759 ] } },
{ "type": "Feature", "properties": { "decimalLatitude": -27.6021, "decimalLongitude": 153.1488, "month": 10, "species_sci": "Cacatua galerita", "species_com": "Sulphur-crested Cockatoo" }, "geometry": { "type": "Point", "coordinates": [ 153.1488, -27.6021 ] } },
{ "type": "Feature", "properties": { "decimalLatitude": -37.7236, "decimalLongitude": 145.0648, "month": 10, "species_sci": "Cacatua galerita", "species_com": "Sulphur-crested Cockatoo" }, "geometry": { "type": "Point", "coordinates": [ 145.0648, -37.7236 ] } },
{ "type": "Feature", "properties": { "decimalLatitude": -34.4101, "decimalLongitude": 150.8753, "month": 10, "species_sci": "Cacatua galerita", "species_com": "Sulphur-crested Cockatoo" }, "geometry": { "type": "Point", "coordinates": [ 150.8753, -34.4101 ] } },
{ "type": "Feature", "properties": { "decimalLatitude": -38.3531, "decimalLongitude": 144.9509, "month": 10, "species_sci": "Cacatua galerita", "species_com": "Sulphur-crested Cockatoo" }, "geometry": { "type": "Point", "coordinates": [ 144.9509, -38.3531 ] } },
{ "type": "Feature", "properties": { "decimalLatitude": -36.5473, "decimalLongitude": 145.9983, "month": 10, "species_sci": "Cacatua galerita", "species_com": "Sulphur-crested Cockatoo" }, "geometry": { "type": "Point", "coordinates": [ 145.9983, -36.5473 ] } },
{ "type": "Feature", "properties": { "decimalLatitude": -25.9084, "decimalLongitude": 153.0898, "month": 10, "species_sci": "Cacatua galerita", "species_com": "Sulphur-crested Cockatoo" }, "geometry": { "type": "Point", "coordinates": [ 153.0898, -25.9084 ] } },
{ "type": "Feature", "properties": { "decimalLatitude": -27.0302, "decimalLongitude": 152.9503, "month": 10, "species_sci": "Cacatua galerita", "species_com": "Sulphur-crested Cockatoo" }, "geometry": { "type": "Point", "coordinates": [ 152.9503, -27.0302 ] } },
{ "type": "Feature", "properties": { "decimalLatitude": -36.459, "decimalLongitude": 144.6685, "month": 10, "species_sci": "Cacatua galerita", "species_com": "Sulphur-crested Cockatoo" }, "geometry": { "type": "Point", "coordinates": [ 144.6685, -36.459 ] } },
{ "type": "Feature", "properties": { "decimalLatitude": -35.0064, "decimalLongitude": 150.6445, "month": 10, "species_sci": "Cacatua galerita", "species_com": "Sulphur-crested Cockatoo" }, "geometry": { "type": "Point", "coordinates": [ 150.6445, -35.0064 ] } },
{ "type": "Feature", "properties": { "decimalLatitude": -41.3032, "decimalLongitude": 147.2071, "month": 10, "species_sci": "Cacatua galerita", "species_com": "Sulphur-crested Cockatoo" }, "geometry": { "type": "Point", "coordinates": [ 147.2071, -41.3032 ] } },
{ "type": "Feature", "properties": { "decimalLatitude": -34.6487, "decimalLongitude": 150.7896, "month": 10, "species_sci": "Cacatua galerita", "species_com": "Sulphur-crested Cockatoo" }, "geometry": { "type": "Point", "coordinates": [ 150.7896, -34.6487 ] } },
{ "type": "Feature", "properties": { "decimalLatitude": -33.9196, "decimalLongitude": 151.2606, "month": 10, "species_sci": "Cacatua galerita", "species_com": "Sulphur-crested Cockatoo" }, "geometry": { "type": "Point", "coordinates": [ 151.2606, -33.9196 ] } },
{ "type": "Feature", "properties": { "decimalLatitude": -33.8645, "decimalLongitude": 151.2198, "month": 10, "species_sci": "Cacatua galerita", "species_com": "Sulphur-crested Cockatoo" }, "geometry": { "type": "Point", "coordinates": [ 151.2198, -33.8645 ] } },
{ "type": "Feature", "properties": { "decimalLatitude": -38.5526, "decimalLongitude": 143.7634, "month": 10, "species_sci": "Cacatua galerita", "species_com": "Sulphur-crested Cockatoo" }, "geometry": { "type": "Point", "coordinates": [ 143.7634, -38.5526 ] } },
{ "type": "Feature", "properties": { "decimalLatitude": -36.4486, "decimalLongitude": 146.1138, "month": 10, "species_sci": "Cacatua galerita", "species_com": "Sulphur-crested Cockatoo" }, "geometry": { "type": "Point", "coordinates": [ 146.1138, -36.4486 ] } },
{ "type": "Feature", "properties": { "decimalLatitude": -34.6026, "decimalLongitude": 150.8625, "month": 10, "species_sci": "Cacatua galerita", "species_com": "Sulphur-crested Cockatoo" }, "geometry": { "type": "Point", "coordinates": [ 150.8625, -34.6026 ] } },
{ "type": "Feature", "properties": { "decimalLatitude": -27.4665, "decimalLongitude": 153.1916, "month": 10, "species_sci": "Cacatua galerita", "species_com": "Sulphur-crested Cockatoo" }, "geometry": { "type": "Point", "coordinates": [ 153.1916, -27.4665 ] } },
{ "type": "Feature", "properties": { "decimalLatitude": -37.8696, "decimalLongitude": 145.3419, "month": 10, "species_sci": "Cacatua galerita", "species_com": "Sulphur-crested Cockatoo" }, "geometry": { "type": "Point", "coordinates": [ 145.3419, -37.8696 ] } },
{ "type": "Feature", "properties": { "decimalLatitude": -27.4679, "decimalLongitude": 152.9442, "month": 10, "species_sci": "Cacatua galerita", "species_com": "Sulphur-crested Cockatoo" }, "geometry": { "type": "Point", "coordinates": [ 152.9442, -27.4679 ] } },
{ "type": "Feature", "properties": { "decimalLatitude": -33.8631, "decimalLongitude": 151.2176, "month": 10, "species_sci": "Cacatua galerita", "species_com": "Sulphur-crested Cockatoo" }, "geometry": { "type": "Point", "coordinates": [ 151.2176, -33.8631 ] } },
{ "type": "Feature", "properties": { "decimalLatitude": -33.7354, "decimalLongitude": 151.1565, "month": 10, "species_sci": "Cacatua galerita", "species_com": "Sulphur-crested Cockatoo" }, "geometry": { "type": "Point", "coordinates": [ 151.1565, -33.7354 ] } },
{ "type": "Feature", "properties": { "decimalLatitude": -33.8975, "decimalLongitude": 151.2306, "month": 11, "species_sci": "Cacatua galerita", "species_com": "Sulphur-crested Cockatoo" }, "geometry": { "type": "Point", "coordinates": [ 151.2306, -33.8975 ] } },
{ "type": "Feature", "properties": { "decimalLatitude": -33.7197, "decimalLongitude": 149.863, "month": 11, "species_sci": "Cacatua galerita", "species_com": "Sulphur-crested Cockatoo" }, "geometry": { "type": "Point", "coordinates": [ 149.863, -33.7197 ] } },
{ "type": "Feature", "properties": { "decimalLatitude": -33.731, "decimalLongitude": 150.3113, "month": 11, "species_sci": "Cacatua galerita", "species_com": "Sulphur-crested Cockatoo" }, "geometry": { "type": "Point", "coordinates": [ 150.3113, -33.731 ] } },
{ "type": "Feature", "properties": { "decimalLatitude": -30.3, "decimalLongitude": 149.8, "month": 11, "species_sci": "Cacatua galerita", "species_com": "Sulphur-crested Cockatoo" }, "geometry": { "type": "Point", "coordinates": [ 149.8, -30.3 ] } },
{ "type": "Feature", "properties": { "decimalLatitude": -37.9494, "decimalLongitude": 145.2403, "month": 11, "species_sci": "Cacatua galerita", "species_com": "Sulphur-crested Cockatoo" }, "geometry": { "type": "Point", "coordinates": [ 145.2403, -37.9494 ] } },
{ "type": "Feature", "properties": { "decimalLatitude": -35.1777, "decimalLongitude": 148.4937, "month": 11, "species_sci": "Cacatua galerita", "species_com": "Sulphur-crested Cockatoo" }, "geometry": { "type": "Point", "coordinates": [ 148.4937, -35.1777 ] } },
{ "type": "Feature", "properties": { "decimalLatitude": -31.2858, "decimalLongitude": 148.9707, "month": 11, "species_sci": "Cacatua galerita", "species_com": "Sulphur-crested Cockatoo" }, "geometry": { "type": "Point", "coordinates": [ 148.9707, -31.2858 ] } },
{ "type": "Feature", "properties": { "decimalLatitude": -33.8975, "decimalLongitude": 151.2306, "month": 11, "species_sci": "Cacatua galerita", "species_com": "Sulphur-crested Cockatoo" }, "geometry": { "type": "Point", "coordinates": [ 151.2306, -33.8975 ] } },
{ "type": "Feature", "properties": { "decimalLatitude": -33.8392, "decimalLongitude": 151.2527, "month": 11, "species_sci": "Cacatua galerita", "species_com": "Sulphur-crested Cockatoo" }, "geometry": { "type": "Point", "coordinates": [ 151.2527, -33.8392 ] } },
{ "type": "Feature", "properties": { "decimalLatitude": -33.7826, "decimalLongitude": 151.1813, "month": 11, "species_sci": "Cacatua galerita", "species_com": "Sulphur-crested Cockatoo" }, "geometry": { "type": "Point", "coordinates": [ 151.1813, -33.7826 ] } },
{ "type": "Feature", "properties": { "decimalLatitude": -38.5377, "decimalLongitude": 143.9748, "month": 11, "species_sci": "Cacatua galerita", "species_com": "Sulphur-crested Cockatoo" }, "geometry": { "type": "Point", "coordinates": [ 143.9748, -38.5377 ] } },
{ "type": "Feature", "properties": { "decimalLatitude": -34.4491, "decimalLongitude": 150.8279, "month": 11, "species_sci": "Cacatua galerita", "species_com": "Sulphur-crested Cockatoo" }, "geometry": { "type": "Point", "coordinates": [ 150.8279, -34.4491 ] } },
{ "type": "Feature", "properties": { "decimalLatitude": -33.7197, "decimalLongitude": 149.863, "month": 11, "species_sci": "Cacatua galerita", "species_com": "Sulphur-crested Cockatoo" }, "geometry": { "type": "Point", "coordinates": [ 149.863, -33.7197 ] } },
{ "type": "Feature", "properties": { "decimalLatitude": -35.2614, "decimalLongitude": 149.1294, "month": 11, "species_sci": "Cacatua galerita", "species_com": "Sulphur-crested Cockatoo" }, "geometry": { "type": "Point", "coordinates": [ 149.1294, -35.2614 ] } },
{ "type": "Feature", "properties": { "decimalLatitude": -35.1665, "decimalLongitude": 148.4955, "month": 11, "species_sci": "Cacatua galerita", "species_com": "Sulphur-crested Cockatoo" }, "geometry": { "type": "Point", "coordinates": [ 148.4955, -35.1665 ] } },
{ "type": "Feature", "properties": { "decimalLatitude": -27.4, "decimalLongitude": 152.8, "month": 11, "species_sci": "Cacatua galerita", "species_com": "Sulphur-crested Cockatoo" }, "geometry": { "type": "Point", "coordinates": [ 152.8, -27.4 ] } },
{ "type": "Feature", "properties": { "decimalLatitude": -32.728, "decimalLongitude": 152.1126, "month": 11, "species_sci": "Cacatua galerita", "species_com": "Sulphur-crested Cockatoo" }, "geometry": { "type": "Point", "coordinates": [ 152.1126, -32.728 ] } },
{ "type": "Feature", "properties": { "decimalLatitude": -26.7642, "decimalLongitude": 153.0177, "month": 11, "species_sci": "Cacatua galerita", "species_com": "Sulphur-crested Cockatoo" }, "geometry": { "type": "Point", "coordinates": [ 153.0177, -26.7642 ] } },
{ "type": "Feature", "properties": { "decimalLatitude": -33.619, "decimalLongitude": 151.1358, "month": 11, "species_sci": "Cacatua galerita", "species_com": "Sulphur-crested Cockatoo" }, "geometry": { "type": "Point", "coordinates": [ 151.1358, -33.619 ] } },
{ "type": "Feature", "properties": { "decimalLatitude": -33.6997, "decimalLongitude": 150.9289, "month": 11, "species_sci": "Cacatua galerita", "species_com": "Sulphur-crested Cockatoo" }, "geometry": { "type": "Point", "coordinates": [ 150.9289, -33.6997 ] } },
{ "type": "Feature", "properties": { "decimalLatitude": -33.8625, "decimalLongitude": 151.2169, "month": 11, "species_sci": "Cacatua galerita", "species_com": "Sulphur-crested Cockatoo" }, "geometry": { "type": "Point", "coordinates": [ 151.2169, -33.8625 ] } },
{ "type": "Feature", "properties": { "decimalLatitude": -12.6507, "decimalLongitude": 132.5741, "month": 11, "species_sci": "Cacatua galerita", "species_com": "Sulphur-crested Cockatoo" }, "geometry": { "type": "Point", "coordinates": [ 132.5741, -12.6507 ] } },
{ "type": "Feature", "properties": { "decimalLatitude": -35.1216, "decimalLongitude": 148.3844, "month": 11, "species_sci": "Cacatua galerita", "species_com": "Sulphur-crested Cockatoo" }, "geometry": { "type": "Point", "coordinates": [ 148.3844, -35.1216 ] } },
{ "type": "Feature", "properties": { "decimalLatitude": -32.5935, "decimalLongitude": 149.5749, "month": 11, "species_sci": "Cacatua galerita", "species_com": "Sulphur-crested Cockatoo" }, "geometry": { "type": "Point", "coordinates": [ 149.5749, -32.5935 ] } },
{ "type": "Feature", "properties": { "decimalLatitude": -34.4491, "decimalLongitude": 150.8279, "month": 11, "species_sci": "Cacatua galerita", "species_com": "Sulphur-crested Cockatoo" }, "geometry": { "type": "Point", "coordinates": [ 150.8279, -34.4491 ] } },
{ "type": "Feature", "properties": { "decimalLatitude": -34.692, "decimalLongitude": 138.8269, "month": 11, "species_sci": "Cacatua galerita", "species_com": "Sulphur-crested Cockatoo" }, "geometry": { "type": "Point", "coordinates": [ 138.8269, -34.692 ] } },
{ "type": "Feature", "properties": { "decimalLatitude": -33.8634, "decimalLongitude": 151.218, "month": 11, "species_sci": "Cacatua galerita", "species_com": "Sulphur-crested Cockatoo" }, "geometry": { "type": "Point", "coordinates": [ 151.218, -33.8634 ] } },
{ "type": "Feature", "properties": { "decimalLatitude": -33.7197, "decimalLongitude": 149.863, "month": 11, "species_sci": "Cacatua galerita", "species_com": "Sulphur-crested Cockatoo" }, "geometry": { "type": "Point", "coordinates": [ 149.863, -33.7197 ] } },
{ "type": "Feature", "properties": { "decimalLatitude": -35.1666, "decimalLongitude": 148.4955, "month": 11, "species_sci": "Cacatua galerita", "species_com": "Sulphur-crested Cockatoo" }, "geometry": { "type": "Point", "coordinates": [ 148.4955, -35.1666 ] } },
{ "type": "Feature", "properties": { "decimalLatitude": -34.4491, "decimalLongitude": 150.8279, "month": 11, "species_sci": "Cacatua galerita", "species_com": "Sulphur-crested Cockatoo" }, "geometry": { "type": "Point", "coordinates": [ 150.8279, -34.4491 ] } },
{ "type": "Feature", "properties": { "decimalLatitude": -20.3445, "decimalLongitude": 148.9502, "month": 11, "species_sci": "Cacatua galerita", "species_com": "Sulphur-crested Cockatoo" }, "geometry": { "type": "Point", "coordinates": [ 148.9502, -20.3445 ] } },
{ "type": "Feature", "properties": { "decimalLatitude": -33.4375, "decimalLongitude": 150.2255, "month": 11, "species_sci": "Cacatua galerita", "species_com": "Sulphur-crested Cockatoo" }, "geometry": { "type": "Point", "coordinates": [ 150.2255, -33.4375 ] } },
{ "type": "Feature", "properties": { "decimalLatitude": -33.7265, "decimalLongitude": 150.3037, "month": 11, "species_sci": "Cacatua galerita", "species_com": "Sulphur-crested Cockatoo" }, "geometry": { "type": "Point", "coordinates": [ 150.3037, -33.7265 ] } },
{ "type": "Feature", "properties": { "decimalLatitude": -34.4775, "decimalLongitude": 150.7959, "month": 11, "species_sci": "Cacatua galerita", "species_com": "Sulphur-crested Cockatoo" }, "geometry": { "type": "Point", "coordinates": [ 150.7959, -34.4775 ] } },
{ "type": "Feature", "properties": { "decimalLatitude": -35.1666, "decimalLongitude": 148.4955, "month": 11, "species_sci": "Cacatua galerita", "species_com": "Sulphur-crested Cockatoo" }, "geometry": { "type": "Point", "coordinates": [ 148.4955, -35.1666 ] } },
{ "type": "Feature", "properties": { "decimalLatitude": -32.7247, "decimalLongitude": 149.2311, "month": 11, "species_sci": "Cacatua galerita", "species_com": "Sulphur-crested Cockatoo" }, "geometry": { "type": "Point", "coordinates": [ 149.2311, -32.7247 ] } },
{ "type": "Feature", "properties": { "decimalLatitude": -27.4865, "decimalLongitude": 152.9672, "month": 11, "species_sci": "Cacatua galerita", "species_com": "Sulphur-crested Cockatoo" }, "geometry": { "type": "Point", "coordinates": [ 152.9672, -27.4865 ] } },
{ "type": "Feature", "properties": { "decimalLatitude": -35.3, "decimalLongitude": 149.1, "month": 11, "species_sci": "Cacatua galerita", "species_com": "Sulphur-crested Cockatoo" }, "geometry": { "type": "Point", "coordinates": [ 149.1, -35.3 ] } },
{ "type": "Feature", "properties": { "decimalLatitude": -33.8924, "decimalLongitude": 151.2733, "month": 11, "species_sci": "Cacatua galerita", "species_com": "Sulphur-crested Cockatoo" }, "geometry": { "type": "Point", "coordinates": [ 151.2733, -33.8924 ] } },
{ "type": "Feature", "properties": { "decimalLatitude": -21.534, "decimalLongitude": 146.8597, "month": 11, "species_sci": "Cacatua galerita", "species_com": "Sulphur-crested Cockatoo" }, "geometry": { "type": "Point", "coordinates": [ 146.8597, -21.534 ] } },
{ "type": "Feature", "properties": { "decimalLatitude": -33.7174, "decimalLongitude": 150.9841, "month": 11, "species_sci": "Cacatua galerita", "species_com": "Sulphur-crested Cockatoo" }, "geometry": { "type": "Point", "coordinates": [ 150.9841, -33.7174 ] } },
{ "type": "Feature", "properties": { "decimalLatitude": -37.8879, "decimalLongitude": 147.8838, "month": 11, "species_sci": "Cacatua galerita", "species_com": "Sulphur-crested Cockatoo" }, "geometry": { "type": "Point", "coordinates": [ 147.8838, -37.8879 ] } },
{ "type": "Feature", "properties": { "decimalLatitude": -37.7071, "decimalLongitude": 145.0703, "month": 11, "species_sci": "Cacatua galerita", "species_com": "Sulphur-crested Cockatoo" }, "geometry": { "type": "Point", "coordinates": [ 145.0703, -37.7071 ] } },
{ "type": "Feature", "properties": { "decimalLatitude": -37.6963, "decimalLongitude": 145.1506, "month": 11, "species_sci": "Cacatua galerita", "species_com": "Sulphur-crested Cockatoo" }, "geometry": { "type": "Point", "coordinates": [ 145.1506, -37.6963 ] } },
{ "type": "Feature", "properties": { "decimalLatitude": -35.1502, "decimalLongitude": 148.6251, "month": 11, "species_sci": "Cacatua galerita", "species_com": "Sulphur-crested Cockatoo" }, "geometry": { "type": "Point", "coordinates": [ 148.6251, -35.1502 ] } },
{ "type": "Feature", "properties": { "decimalLatitude": -35.1666, "decimalLongitude": 148.4955, "month": 11, "species_sci": "Cacatua galerita", "species_com": "Sulphur-crested Cockatoo" }, "geometry": { "type": "Point", "coordinates": [ 148.4955, -35.1666 ] } },
{ "type": "Feature", "properties": { "decimalLatitude": -27.4979, "decimalLongitude": 153.0925, "month": 11, "species_sci": "Cacatua galerita", "species_com": "Sulphur-crested Cockatoo" }, "geometry": { "type": "Point", "coordinates": [ 153.0925, -27.4979 ] } },
{ "type": "Feature", "properties": { "decimalLatitude": -34.4491, "decimalLongitude": 150.8279, "month": 11, "species_sci": "Cacatua galerita", "species_com": "Sulphur-crested Cockatoo" }, "geometry": { "type": "Point", "coordinates": [ 150.8279, -34.4491 ] } },
{ "type": "Feature", "properties": { "decimalLatitude": -34.5436, "decimalLongitude": 150.8383, "month": 11, "species_sci": "Cacatua galerita", "species_com": "Sulphur-crested Cockatoo" }, "geometry": { "type": "Point", "coordinates": [ 150.8383, -34.5436 ] } },
{ "type": "Feature", "properties": { "decimalLatitude": -33.7197, "decimalLongitude": 149.863, "month": 11, "species_sci": "Cacatua galerita", "species_com": "Sulphur-crested Cockatoo" }, "geometry": { "type": "Point", "coordinates": [ 149.863, -33.7197 ] } },
{ "type": "Feature", "properties": { "decimalLatitude": -42.7647, "decimalLongitude": 147.2402, "month": 11, "species_sci": "Cacatua galerita", "species_com": "Sulphur-crested Cockatoo" }, "geometry": { "type": "Point", "coordinates": [ 147.2402, -42.7647 ] } },
{ "type": "Feature", "properties": { "decimalLatitude": -35.2445, "decimalLongitude": 138.894, "month": 11, "species_sci": "Cacatua galerita", "species_com": "Sulphur-crested Cockatoo" }, "geometry": { "type": "Point", "coordinates": [ 138.894, -35.2445 ] } },
{ "type": "Feature", "properties": { "decimalLatitude": -34.5416, "decimalLongitude": 150.847, "month": 11, "species_sci": "Cacatua galerita", "species_com": "Sulphur-crested Cockatoo" }, "geometry": { "type": "Point", "coordinates": [ 150.847, -34.5416 ] } },
{ "type": "Feature", "properties": { "decimalLatitude": -37.8313, "decimalLongitude": 144.9713, "month": 11, "species_sci": "Cacatua galerita", "species_com": "Sulphur-crested Cockatoo" }, "geometry": { "type": "Point", "coordinates": [ 144.9713, -37.8313 ] } },
{ "type": "Feature", "properties": { "decimalLatitude": -34.8345, "decimalLongitude": 138.6933, "month": 11, "species_sci": "Cacatua galerita", "species_com": "Sulphur-crested Cockatoo" }, "geometry": { "type": "Point", "coordinates": [ 138.6933, -34.8345 ] } },
{ "type": "Feature", "properties": { "decimalLatitude": -34.9172, "decimalLongitude": 138.6114, "month": 11, "species_sci": "Cacatua galerita", "species_com": "Sulphur-crested Cockatoo" }, "geometry": { "type": "Point", "coordinates": [ 138.6114, -34.9172 ] } },
{ "type": "Feature", "properties": { "decimalLatitude": -27.2385, "decimalLongitude": 152.8104, "month": 11, "species_sci": "Cacatua galerita", "species_com": "Sulphur-crested Cockatoo" }, "geometry": { "type": "Point", "coordinates": [ 152.8104, -27.2385 ] } },
{ "type": "Feature", "properties": { "decimalLatitude": -33.8942, "decimalLongitude": 151.2733, "month": 11, "species_sci": "Cacatua galerita", "species_com": "Sulphur-crested Cockatoo" }, "geometry": { "type": "Point", "coordinates": [ 151.2733, -33.8942 ] } },
{ "type": "Feature", "properties": { "decimalLatitude": -37.6054, "decimalLongitude": 145.5185, "month": 11, "species_sci": "Cacatua galerita", "species_com": "Sulphur-crested Cockatoo" }, "geometry": { "type": "Point", "coordinates": [ 145.5185, -37.6054 ] } },
{ "type": "Feature", "properties": { "decimalLatitude": -34.4491, "decimalLongitude": 150.8279, "month": 11, "species_sci": "Cacatua galerita", "species_com": "Sulphur-crested Cockatoo" }, "geometry": { "type": "Point", "coordinates": [ 150.8279, -34.4491 ] } },
{ "type": "Feature", "properties": { "decimalLatitude": -37.953, "decimalLongitude": 147.6563, "month": 11, "species_sci": "Cacatua galerita", "species_com": "Sulphur-crested Cockatoo" }, "geometry": { "type": "Point", "coordinates": [ 147.6563, -37.953 ] } },
{ "type": "Feature", "properties": { "decimalLatitude": -37.7372, "decimalLongitude": 145.1609, "month": 11, "species_sci": "Cacatua galerita", "species_com": "Sulphur-crested Cockatoo" }, "geometry": { "type": "Point", "coordinates": [ 145.1609, -37.7372 ] } },
{ "type": "Feature", "properties": { "decimalLatitude": -35.1562, "decimalLongitude": 148.3951, "month": 11, "species_sci": "Cacatua galerita", "species_com": "Sulphur-crested Cockatoo" }, "geometry": { "type": "Point", "coordinates": [ 148.3951, -35.1562 ] } },
{ "type": "Feature", "properties": { "decimalLatitude": -38.5376, "decimalLongitude": 143.9717, "month": 11, "species_sci": "Cacatua galerita", "species_com": "Sulphur-crested Cockatoo" }, "geometry": { "type": "Point", "coordinates": [ 143.9717, -38.5376 ] } },
{ "type": "Feature", "properties": { "decimalLatitude": -37.5537, "decimalLongitude": 143.8229, "month": 11, "species_sci": "Cacatua galerita", "species_com": "Sulphur-crested Cockatoo" }, "geometry": { "type": "Point", "coordinates": [ 143.8229, -37.5537 ] } },
{ "type": "Feature", "properties": { "decimalLatitude": -42.6818, "decimalLongitude": 146.7165, "month": 11, "species_sci": "Cacatua galerita", "species_com": "Sulphur-crested Cockatoo" }, "geometry": { "type": "Point", "coordinates": [ 146.7165, -42.6818 ] } },
{ "type": "Feature", "properties": { "decimalLatitude": -35.1562, "decimalLongitude": 148.3951, "month": 11, "species_sci": "Cacatua galerita", "species_com": "Sulphur-crested Cockatoo" }, "geometry": { "type": "Point", "coordinates": [ 148.3951, -35.1562 ] } },
{ "type": "Feature", "properties": { "decimalLatitude": -34.3305, "decimalLongitude": 150.9011, "month": 11, "species_sci": "Cacatua galerita", "species_com": "Sulphur-crested Cockatoo" }, "geometry": { "type": "Point", "coordinates": [ 150.9011, -34.3305 ] } },
{ "type": "Feature", "properties": { "decimalLatitude": -36.8852, "decimalLongitude": 174.5204, "month": 11, "species_sci": "Cacatua galerita", "species_com": "Sulphur-crested Cockatoo" }, "geometry": { "type": "Point", "coordinates": [ 174.5204, -36.8852 ] } },
{ "type": "Feature", "properties": { "decimalLatitude": -42.7094, "decimalLongitude": 147.2731, "month": 11, "species_sci": "Cacatua galerita", "species_com": "Sulphur-crested Cockatoo" }, "geometry": { "type": "Point", "coordinates": [ 147.2731, -42.7094 ] } },
{ "type": "Feature", "properties": { "decimalLatitude": -35.1765, "decimalLongitude": 148.5844, "month": 11, "species_sci": "Cacatua galerita", "species_com": "Sulphur-crested Cockatoo" }, "geometry": { "type": "Point", "coordinates": [ 148.5844, -35.1765 ] } },
{ "type": "Feature", "properties": { "decimalLatitude": -34.3061, "decimalLongitude": 150.9352, "month": 11, "species_sci": "Cacatua galerita", "species_com": "Sulphur-crested Cockatoo" }, "geometry": { "type": "Point", "coordinates": [ 150.9352, -34.3061 ] } },
{ "type": "Feature", "properties": { "decimalLatitude": -33.7197, "decimalLongitude": 149.863, "month": 11, "species_sci": "Cacatua galerita", "species_com": "Sulphur-crested Cockatoo" }, "geometry": { "type": "Point", "coordinates": [ 149.863, -33.7197 ] } },
{ "type": "Feature", "properties": { "decimalLatitude": -35.9992, "decimalLongitude": 146.0255, "month": 11, "species_sci": "Cacatua galerita", "species_com": "Sulphur-crested Cockatoo" }, "geometry": { "type": "Point", "coordinates": [ 146.0255, -35.9992 ] } },
{ "type": "Feature", "properties": { "decimalLatitude": -33.8975, "decimalLongitude": 151.2306, "month": 11, "species_sci": "Cacatua galerita", "species_com": "Sulphur-crested Cockatoo" }, "geometry": { "type": "Point", "coordinates": [ 151.2306, -33.8975 ] } },
{ "type": "Feature", "properties": { "decimalLatitude": -33.7197, "decimalLongitude": 149.863, "month": 11, "species_sci": "Cacatua galerita", "species_com": "Sulphur-crested Cockatoo" }, "geometry": { "type": "Point", "coordinates": [ 149.863, -33.7197 ] } },
{ "type": "Feature", "properties": { "decimalLatitude": -33.7316, "decimalLongitude": 150.3122, "month": 11, "species_sci": "Cacatua galerita", "species_com": "Sulphur-crested Cockatoo" }, "geometry": { "type": "Point", "coordinates": [ 150.3122, -33.7316 ] } },
{ "type": "Feature", "properties": { "decimalLatitude": -34.3305, "decimalLongitude": 150.9011, "month": 11, "species_sci": "Cacatua galerita", "species_com": "Sulphur-crested Cockatoo" }, "geometry": { "type": "Point", "coordinates": [ 150.9011, -34.3305 ] } },
{ "type": "Feature", "properties": { "decimalLatitude": -33.8263, "decimalLongitude": 151.1391, "month": 11, "species_sci": "Cacatua galerita", "species_com": "Sulphur-crested Cockatoo" }, "geometry": { "type": "Point", "coordinates": [ 151.1391, -33.8263 ] } },
{ "type": "Feature", "properties": { "decimalLatitude": -35.2103, "decimalLongitude": 148.4953, "month": 11, "species_sci": "Cacatua galerita", "species_com": "Sulphur-crested Cockatoo" }, "geometry": { "type": "Point", "coordinates": [ 148.4953, -35.2103 ] } },
{ "type": "Feature", "properties": { "decimalLatitude": -34.6719, "decimalLongitude": 150.8104, "month": 11, "species_sci": "Cacatua galerita", "species_com": "Sulphur-crested Cockatoo" }, "geometry": { "type": "Point", "coordinates": [ 150.8104, -34.6719 ] } },
{ "type": "Feature", "properties": { "decimalLatitude": -27.1831, "decimalLongitude": 152.9531, "month": 11, "species_sci": "Cacatua galerita", "species_com": "Sulphur-crested Cockatoo" }, "geometry": { "type": "Point", "coordinates": [ 152.9531, -27.1831 ] } },
{ "type": "Feature", "properties": { "decimalLatitude": -34.4491, "decimalLongitude": 150.8279, "month": 11, "species_sci": "Cacatua galerita", "species_com": "Sulphur-crested Cockatoo" }, "geometry": { "type": "Point", "coordinates": [ 150.8279, -34.4491 ] } },
{ "type": "Feature", "properties": { "decimalLatitude": -33.7058, "decimalLongitude": 151.102, "month": 11, "species_sci": "Cacatua galerita", "species_com": "Sulphur-crested Cockatoo" }, "geometry": { "type": "Point", "coordinates": [ 151.102, -33.7058 ] } },
{ "type": "Feature", "properties": { "decimalLatitude": -33.7197, "decimalLongitude": 149.863, "month": 11, "species_sci": "Cacatua galerita", "species_com": "Sulphur-crested Cockatoo" }, "geometry": { "type": "Point", "coordinates": [ 149.863, -33.7197 ] } },
{ "type": "Feature", "properties": { "decimalLatitude": -34.0219, "decimalLongitude": 150.8658, "month": 11, "species_sci": "Cacatua galerita", "species_com": "Sulphur-crested Cockatoo" }, "geometry": { "type": "Point", "coordinates": [ 150.8658, -34.0219 ] } },
{ "type": "Feature", "properties": { "decimalLatitude": -35.3366, "decimalLongitude": 149.0785, "month": 11, "species_sci": "Cacatua galerita", "species_com": "Sulphur-crested Cockatoo" }, "geometry": { "type": "Point", "coordinates": [ 149.0785, -35.3366 ] } },
{ "type": "Feature", "properties": { "decimalLatitude": -35.0246, "decimalLongitude": 138.5487, "month": 11, "species_sci": "Cacatua galerita", "species_com": "Sulphur-crested Cockatoo" }, "geometry": { "type": "Point", "coordinates": [ 138.5487, -35.0246 ] } },
{ "type": "Feature", "properties": { "decimalLatitude": -25.9027, "decimalLongitude": 153.0932, "month": 11, "species_sci": "Cacatua galerita", "species_com": "Sulphur-crested Cockatoo" }, "geometry": { "type": "Point", "coordinates": [ 153.0932, -25.9027 ] } },
{ "type": "Feature", "properties": { "decimalLatitude": -34.3061, "decimalLongitude": 150.9352, "month": 11, "species_sci": "Cacatua galerita", "species_com": "Sulphur-crested Cockatoo" }, "geometry": { "type": "Point", "coordinates": [ 150.9352, -34.3061 ] } },
{ "type": "Feature", "properties": { "decimalLatitude": -37.8869, "decimalLongitude": 145.3176, "month": 11, "species_sci": "Cacatua galerita", "species_com": "Sulphur-crested Cockatoo" }, "geometry": { "type": "Point", "coordinates": [ 145.3176, -37.8869 ] } },
{ "type": "Feature", "properties": { "decimalLatitude": -34.3305, "decimalLongitude": 150.9011, "month": 11, "species_sci": "Cacatua galerita", "species_com": "Sulphur-crested Cockatoo" }, "geometry": { "type": "Point", "coordinates": [ 150.9011, -34.3305 ] } },
{ "type": "Feature", "properties": { "decimalLatitude": -33.7197, "decimalLongitude": 149.863, "month": 11, "species_sci": "Cacatua galerita", "species_com": "Sulphur-crested Cockatoo" }, "geometry": { "type": "Point", "coordinates": [ 149.863, -33.7197 ] } },
{ "type": "Feature", "properties": { "decimalLatitude": -33.7197, "decimalLongitude": 149.863, "month": 11, "species_sci": "Cacatua galerita", "species_com": "Sulphur-crested Cockatoo" }, "geometry": { "type": "Point", "coordinates": [ 149.863, -33.7197 ] } },
{ "type": "Feature", "properties": { "decimalLatitude": -32.9452, "decimalLongitude": 151.6682, "month": 11, "species_sci": "Cacatua galerita", "species_com": "Sulphur-crested Cockatoo" }, "geometry": { "type": "Point", "coordinates": [ 151.6682, -32.9452 ] } },
{ "type": "Feature", "properties": { "decimalLatitude": -42.6821, "decimalLongitude": 146.7166, "month": 11, "species_sci": "Cacatua galerita", "species_com": "Sulphur-crested Cockatoo" }, "geometry": { "type": "Point", "coordinates": [ 146.7166, -42.6821 ] } },
{ "type": "Feature", "properties": { "decimalLatitude": -37.8861, "decimalLongitude": 144.9922, "month": 11, "species_sci": "Cacatua galerita", "species_com": "Sulphur-crested Cockatoo" }, "geometry": { "type": "Point", "coordinates": [ 144.9922, -37.8861 ] } },
{ "type": "Feature", "properties": { "decimalLatitude": -27.692, "decimalLongitude": 153.0278, "month": 11, "species_sci": "Cacatua galerita", "species_com": "Sulphur-crested Cockatoo" }, "geometry": { "type": "Point", "coordinates": [ 153.0278, -27.692 ] } },
{ "type": "Feature", "properties": { "decimalLatitude": -35.1502, "decimalLongitude": 148.6251, "month": 11, "species_sci": "Cacatua galerita", "species_com": "Sulphur-crested Cockatoo" }, "geometry": { "type": "Point", "coordinates": [ 148.6251, -35.1502 ] } },
{ "type": "Feature", "properties": { "decimalLatitude": -27.6739, "decimalLongitude": 153.1106, "month": 11, "species_sci": "Cacatua galerita", "species_com": "Sulphur-crested Cockatoo" }, "geometry": { "type": "Point", "coordinates": [ 153.1106, -27.6739 ] } },
{ "type": "Feature", "properties": { "decimalLatitude": -34.4491, "decimalLongitude": 150.8279, "month": 11, "species_sci": "Cacatua galerita", "species_com": "Sulphur-crested Cockatoo" }, "geometry": { "type": "Point", "coordinates": [ 150.8279, -34.4491 ] } },
{ "type": "Feature", "properties": { "decimalLatitude": -37.8925, "decimalLongitude": 145.3148, "month": 11, "species_sci": "Cacatua galerita", "species_com": "Sulphur-crested Cockatoo" }, "geometry": { "type": "Point", "coordinates": [ 145.3148, -37.8925 ] } },
{ "type": "Feature", "properties": { "decimalLatitude": -34.4299, "decimalLongitude": 150.8276, "month": 11, "species_sci": "Cacatua galerita", "species_com": "Sulphur-crested Cockatoo" }, "geometry": { "type": "Point", "coordinates": [ 150.8276, -34.4299 ] } },
{ "type": "Feature", "properties": { "decimalLatitude": -33.7136, "decimalLongitude": 150.3325, "month": 11, "species_sci": "Cacatua galerita", "species_com": "Sulphur-crested Cockatoo" }, "geometry": { "type": "Point", "coordinates": [ 150.3325, -33.7136 ] } },
{ "type": "Feature", "properties": { "decimalLatitude": -33.7197, "decimalLongitude": 149.863, "month": 11, "species_sci": "Cacatua galerita", "species_com": "Sulphur-crested Cockatoo" }, "geometry": { "type": "Point", "coordinates": [ 149.863, -33.7197 ] } },
{ "type": "Feature", "properties": { "decimalLatitude": -27.7381, "decimalLongitude": 152.9242, "month": 11, "species_sci": "Cacatua galerita", "species_com": "Sulphur-crested Cockatoo" }, "geometry": { "type": "Point", "coordinates": [ 152.9242, -27.7381 ] } },
{ "type": "Feature", "properties": { "decimalLatitude": -35.1502, "decimalLongitude": 148.6251, "month": 11, "species_sci": "Cacatua galerita", "species_com": "Sulphur-crested Cockatoo" }, "geometry": { "type": "Point", "coordinates": [ 148.6251, -35.1502 ] } },
{ "type": "Feature", "properties": { "decimalLatitude": -35.5561, "decimalLongitude": 144.0308, "month": 11, "species_sci": "Cacatua galerita", "species_com": "Sulphur-crested Cockatoo" }, "geometry": { "type": "Point", "coordinates": [ 144.0308, -35.5561 ] } },
{ "type": "Feature", "properties": { "decimalLatitude": -37.6762, "decimalLongitude": 145.133, "month": 11, "species_sci": "Cacatua galerita", "species_com": "Sulphur-crested Cockatoo" }, "geometry": { "type": "Point", "coordinates": [ 145.133, -37.6762 ] } },
{ "type": "Feature", "properties": { "decimalLatitude": -27.7445, "decimalLongitude": 152.9239, "month": 11, "species_sci": "Cacatua galerita", "species_com": "Sulphur-crested Cockatoo" }, "geometry": { "type": "Point", "coordinates": [ 152.9239, -27.7445 ] } },
{ "type": "Feature", "properties": { "decimalLatitude": -33.7197, "decimalLongitude": 149.863, "month": 11, "species_sci": "Cacatua galerita", "species_com": "Sulphur-crested Cockatoo" }, "geometry": { "type": "Point", "coordinates": [ 149.863, -33.7197 ] } },
{ "type": "Feature", "properties": { "decimalLatitude": -33.7197, "decimalLongitude": 149.863, "month": 11, "species_sci": "Cacatua galerita", "species_com": "Sulphur-crested Cockatoo" }, "geometry": { "type": "Point", "coordinates": [ 149.863, -33.7197 ] } },
{ "type": "Feature", "properties": { "decimalLatitude": -33.7333, "decimalLongitude": 151.1248, "month": 11, "species_sci": "Cacatua galerita", "species_com": "Sulphur-crested Cockatoo" }, "geometry": { "type": "Point", "coordinates": [ 151.1248, -33.7333 ] } },
{ "type": "Feature", "properties": { "decimalLatitude": -38.5345, "decimalLongitude": 143.9718, "month": 11, "species_sci": "Cacatua galerita", "species_com": "Sulphur-crested Cockatoo" }, "geometry": { "type": "Point", "coordinates": [ 143.9718, -38.5345 ] } },
{ "type": "Feature", "properties": { "decimalLatitude": -33.7197, "decimalLongitude": 149.863, "month": 11, "species_sci": "Cacatua galerita", "species_com": "Sulphur-crested Cockatoo" }, "geometry": { "type": "Point", "coordinates": [ 149.863, -33.7197 ] } },
{ "type": "Feature", "properties": { "decimalLatitude": -42.7367, "decimalLongitude": 147.2184, "month": 11, "species_sci": "Cacatua galerita", "species_com": "Sulphur-crested Cockatoo" }, "geometry": { "type": "Point", "coordinates": [ 147.2184, -42.7367 ] } },
{ "type": "Feature", "properties": { "decimalLatitude": -33.7197, "decimalLongitude": 149.863, "month": 11, "species_sci": "Cacatua galerita", "species_com": "Sulphur-crested Cockatoo" }, "geometry": { "type": "Point", "coordinates": [ 149.863, -33.7197 ] } },
{ "type": "Feature", "properties": { "decimalLatitude": -33.7197, "decimalLongitude": 149.863, "month": 11, "species_sci": "Cacatua galerita", "species_com": "Sulphur-crested Cockatoo" }, "geometry": { "type": "Point", "coordinates": [ 149.863, -33.7197 ] } },
{ "type": "Feature", "properties": { "decimalLatitude": -33.8258, "decimalLongitude": 151.1824, "month": 11, "species_sci": "Cacatua galerita", "species_com": "Sulphur-crested Cockatoo" }, "geometry": { "type": "Point", "coordinates": [ 151.1824, -33.8258 ] } },
{ "type": "Feature", "properties": { "decimalLatitude": -33.7197, "decimalLongitude": 149.863, "month": 11, "species_sci": "Cacatua galerita", "species_com": "Sulphur-crested Cockatoo" }, "geometry": { "type": "Point", "coordinates": [ 149.863, -33.7197 ] } },
{ "type": "Feature", "properties": { "decimalLatitude": -27.5502, "decimalLongitude": 153.0656, "month": 11, "species_sci": "Cacatua galerita", "species_com": "Sulphur-crested Cockatoo" }, "geometry": { "type": "Point", "coordinates": [ 153.0656, -27.5502 ] } },
{ "type": "Feature", "properties": { "decimalLatitude": -25.2562, "decimalLongitude": 152.6904, "month": 11, "species_sci": "Cacatua galerita", "species_com": "Sulphur-crested Cockatoo" }, "geometry": { "type": "Point", "coordinates": [ 152.6904, -25.2562 ] } },
{ "type": "Feature", "properties": { "decimalLatitude": -34.8856, "decimalLongitude": 138.4985, "month": 11, "species_sci": "Cacatua galerita", "species_com": "Sulphur-crested Cockatoo" }, "geometry": { "type": "Point", "coordinates": [ 138.4985, -34.8856 ] } },
{ "type": "Feature", "properties": { "decimalLatitude": -0.4384, "decimalLongitude": 130.7448, "month": 11, "species_sci": "Cacatua galerita", "species_com": "Sulphur-crested Cockatoo" }, "geometry": { "type": "Point", "coordinates": [ 130.7448, -0.4384 ] } },
{ "type": "Feature", "properties": { "decimalLatitude": -33.7197, "decimalLongitude": 149.863, "month": 11, "species_sci": "Cacatua galerita", "species_com": "Sulphur-crested Cockatoo" }, "geometry": { "type": "Point", "coordinates": [ 149.863, -33.7197 ] } },
{ "type": "Feature", "properties": { "decimalLatitude": -35.3299, "decimalLongitude": 138.4485, "month": 11, "species_sci": "Cacatua galerita", "species_com": "Sulphur-crested Cockatoo" }, "geometry": { "type": "Point", "coordinates": [ 138.4485, -35.3299 ] } },
{ "type": "Feature", "properties": { "decimalLatitude": -34.8615, "decimalLongitude": 143.3465, "month": 11, "species_sci": "Cacatua galerita", "species_com": "Sulphur-crested Cockatoo" }, "geometry": { "type": "Point", "coordinates": [ 143.3465, -34.8615 ] } },
{ "type": "Feature", "properties": { "decimalLatitude": -33.7197, "decimalLongitude": 149.863, "month": 11, "species_sci": "Cacatua galerita", "species_com": "Sulphur-crested Cockatoo" }, "geometry": { "type": "Point", "coordinates": [ 149.863, -33.7197 ] } },
{ "type": "Feature", "properties": { "decimalLatitude": -27.5425, "decimalLongitude": 153.0679, "month": 11, "species_sci": "Cacatua galerita", "species_com": "Sulphur-crested Cockatoo" }, "geometry": { "type": "Point", "coordinates": [ 153.0679, -27.5425 ] } },
{ "type": "Feature", "properties": { "decimalLatitude": -27.2724, "decimalLongitude": 152.9742, "month": 11, "species_sci": "Cacatua galerita", "species_com": "Sulphur-crested Cockatoo" }, "geometry": { "type": "Point", "coordinates": [ 152.9742, -27.2724 ] } },
{ "type": "Feature", "properties": { "decimalLatitude": -34.427, "decimalLongitude": 150.8151, "month": 11, "species_sci": "Cacatua galerita", "species_com": "Sulphur-crested Cockatoo" }, "geometry": { "type": "Point", "coordinates": [ 150.8151, -34.427 ] } },
{ "type": "Feature", "properties": { "decimalLatitude": -33.3526, "decimalLongitude": 151.4338, "month": 11, "species_sci": "Cacatua galerita", "species_com": "Sulphur-crested Cockatoo" }, "geometry": { "type": "Point", "coordinates": [ 151.4338, -33.3526 ] } },
{ "type": "Feature", "properties": { "decimalLatitude": -35.1421, "decimalLongitude": 149.113, "month": 11, "species_sci": "Cacatua galerita", "species_com": "Sulphur-crested Cockatoo" }, "geometry": { "type": "Point", "coordinates": [ 149.113, -35.1421 ] } },
{ "type": "Feature", "properties": { "decimalLatitude": -33.7174, "decimalLongitude": 150.9841, "month": 11, "species_sci": "Cacatua galerita", "species_com": "Sulphur-crested Cockatoo" }, "geometry": { "type": "Point", "coordinates": [ 150.9841, -33.7174 ] } },
{ "type": "Feature", "properties": { "decimalLatitude": -33.7197, "decimalLongitude": 149.863, "month": 11, "species_sci": "Cacatua galerita", "species_com": "Sulphur-crested Cockatoo" }, "geometry": { "type": "Point", "coordinates": [ 149.863, -33.7197 ] } },
{ "type": "Feature", "properties": { "decimalLatitude": -33.8648, "decimalLongitude": 151.2175, "month": 11, "species_sci": "Cacatua galerita", "species_com": "Sulphur-crested Cockatoo" }, "geometry": { "type": "Point", "coordinates": [ 151.2175, -33.8648 ] } },
{ "type": "Feature", "properties": { "decimalLatitude": -33.8493, "decimalLongitude": 150.2739, "month": 11, "species_sci": "Cacatua galerita", "species_com": "Sulphur-crested Cockatoo" }, "geometry": { "type": "Point", "coordinates": [ 150.2739, -33.8493 ] } },
{ "type": "Feature", "properties": { "decimalLatitude": -33.7197, "decimalLongitude": 149.863, "month": 11, "species_sci": "Cacatua galerita", "species_com": "Sulphur-crested Cockatoo" }, "geometry": { "type": "Point", "coordinates": [ 149.863, -33.7197 ] } },
{ "type": "Feature", "properties": { "decimalLatitude": -37.8722, "decimalLongitude": 145.3118, "month": 11, "species_sci": "Cacatua galerita", "species_com": "Sulphur-crested Cockatoo" }, "geometry": { "type": "Point", "coordinates": [ 145.3118, -37.8722 ] } },
{ "type": "Feature", "properties": { "decimalLatitude": -42.8194, "decimalLongitude": 147.2663, "month": 11, "species_sci": "Cacatua galerita", "species_com": "Sulphur-crested Cockatoo" }, "geometry": { "type": "Point", "coordinates": [ 147.2663, -42.8194 ] } },
{ "type": "Feature", "properties": { "decimalLatitude": -35.2703, "decimalLongitude": 149.1569, "month": 11, "species_sci": "Cacatua galerita", "species_com": "Sulphur-crested Cockatoo" }, "geometry": { "type": "Point", "coordinates": [ 149.1569, -35.2703 ] } },
{ "type": "Feature", "properties": { "decimalLatitude": -37.7547, "decimalLongitude": 145.6571, "month": 11, "species_sci": "Cacatua galerita", "species_com": "Sulphur-crested Cockatoo" }, "geometry": { "type": "Point", "coordinates": [ 145.6571, -37.7547 ] } },
{ "type": "Feature", "properties": { "decimalLatitude": -32.7373, "decimalLongitude": 149.2325, "month": 11, "species_sci": "Cacatua galerita", "species_com": "Sulphur-crested Cockatoo" }, "geometry": { "type": "Point", "coordinates": [ 149.2325, -32.7373 ] } },
{ "type": "Feature", "properties": { "decimalLatitude": -34.7982, "decimalLongitude": 138.7004, "month": 11, "species_sci": "Cacatua galerita", "species_com": "Sulphur-crested Cockatoo" }, "geometry": { "type": "Point", "coordinates": [ 138.7004, -34.7982 ] } },
{ "type": "Feature", "properties": { "decimalLatitude": -35.1493, "decimalLongitude": 148.3614, "month": 11, "species_sci": "Cacatua galerita", "species_com": "Sulphur-crested Cockatoo" }, "geometry": { "type": "Point", "coordinates": [ 148.3614, -35.1493 ] } },
{ "type": "Feature", "properties": { "decimalLatitude": -38.3697, "decimalLongitude": 145.1156, "month": 11, "species_sci": "Cacatua galerita", "species_com": "Sulphur-crested Cockatoo" }, "geometry": { "type": "Point", "coordinates": [ 145.1156, -38.3697 ] } },
{ "type": "Feature", "properties": { "decimalLatitude": -33.7197, "decimalLongitude": 149.863, "month": 11, "species_sci": "Cacatua galerita", "species_com": "Sulphur-crested Cockatoo" }, "geometry": { "type": "Point", "coordinates": [ 149.863, -33.7197 ] } },
{ "type": "Feature", "properties": { "decimalLatitude": -37.8984, "decimalLongitude": 147.5726, "month": 11, "species_sci": "Cacatua galerita", "species_com": "Sulphur-crested Cockatoo" }, "geometry": { "type": "Point", "coordinates": [ 147.5726, -37.8984 ] } },
{ "type": "Feature", "properties": { "decimalLatitude": -34.457, "decimalLongitude": 150.8389, "month": 11, "species_sci": "Cacatua galerita", "species_com": "Sulphur-crested Cockatoo" }, "geometry": { "type": "Point", "coordinates": [ 150.8389, -34.457 ] } },
{ "type": "Feature", "properties": { "decimalLatitude": -27.6153, "decimalLongitude": 151.9642, "month": 11, "species_sci": "Cacatua galerita", "species_com": "Sulphur-crested Cockatoo" }, "geometry": { "type": "Point", "coordinates": [ 151.9642, -27.6153 ] } },
{ "type": "Feature", "properties": { "decimalLatitude": -37.788, "decimalLongitude": 145.0173, "month": 12, "species_sci": "Cacatua galerita", "species_com": "Sulphur-crested Cockatoo" }, "geometry": { "type": "Point", "coordinates": [ 145.0173, -37.788 ] } },
{ "type": "Feature", "properties": { "decimalLatitude": -33.4335, "decimalLongitude": 149.3837, "month": 12, "species_sci": "Cacatua galerita", "species_com": "Sulphur-crested Cockatoo" }, "geometry": { "type": "Point", "coordinates": [ 149.3837, -33.4335 ] } },
{ "type": "Feature", "properties": { "decimalLatitude": -33.8984, "decimalLongitude": 151.232, "month": 12, "species_sci": "Cacatua galerita", "species_com": "Sulphur-crested Cockatoo" }, "geometry": { "type": "Point", "coordinates": [ 151.232, -33.8984 ] } },
{ "type": "Feature", "properties": { "decimalLatitude": -33.8653, "decimalLongitude": 151.215, "month": 12, "species_sci": "Cacatua galerita", "species_com": "Sulphur-crested Cockatoo" }, "geometry": { "type": "Point", "coordinates": [ 151.215, -33.8653 ] } },
{ "type": "Feature", "properties": { "decimalLatitude": -37.8786, "decimalLongitude": 145.192, "month": 12, "species_sci": "Cacatua galerita", "species_com": "Sulphur-crested Cockatoo" }, "geometry": { "type": "Point", "coordinates": [ 145.192, -37.8786 ] } },
{ "type": "Feature", "properties": { "decimalLatitude": -33.7199, "decimalLongitude": 149.8631, "month": 12, "species_sci": "Cacatua galerita", "species_com": "Sulphur-crested Cockatoo" }, "geometry": { "type": "Point", "coordinates": [ 149.8631, -33.7199 ] } },
{ "type": "Feature", "properties": { "decimalLatitude": -20.3484, "decimalLongitude": 148.961, "month": 12, "species_sci": "Cacatua galerita", "species_com": "Sulphur-crested Cockatoo" }, "geometry": { "type": "Point", "coordinates": [ 148.961, -20.3484 ] } },
{ "type": "Feature", "properties": { "decimalLatitude": -37.8433, "decimalLongitude": 145.3127, "month": 12, "species_sci": "Cacatua galerita", "species_com": "Sulphur-crested Cockatoo" }, "geometry": { "type": "Point", "coordinates": [ 145.3127, -37.8433 ] } },
{ "type": "Feature", "properties": { "decimalLatitude": -35.5105, "decimalLongitude": 148.9116, "month": 12, "species_sci": "Cacatua galerita", "species_com": "Sulphur-crested Cockatoo" }, "geometry": { "type": "Point", "coordinates": [ 148.9116, -35.5105 ] } },
{ "type": "Feature", "properties": { "decimalLatitude": -35.3677, "decimalLongitude": 149.0932, "month": 12, "species_sci": "Cacatua galerita", "species_com": "Sulphur-crested Cockatoo" }, "geometry": { "type": "Point", "coordinates": [ 149.0932, -35.3677 ] } },
{ "type": "Feature", "properties": { "decimalLatitude": -27.5169, "decimalLongitude": 152.9593, "month": 12, "species_sci": "Cacatua galerita", "species_com": "Sulphur-crested Cockatoo" }, "geometry": { "type": "Point", "coordinates": [ 152.9593, -27.5169 ] } },
{ "type": "Feature", "properties": { "decimalLatitude": -26.4, "decimalLongitude": 153.0, "month": 12, "species_sci": "Cacatua galerita", "species_com": "Sulphur-crested Cockatoo" }, "geometry": { "type": "Point", "coordinates": [ 153.0, -26.4 ] } },
{ "type": "Feature", "properties": { "decimalLatitude": -42.8908, "decimalLongitude": 147.2533, "month": 12, "species_sci": "Cacatua galerita", "species_com": "Sulphur-crested Cockatoo" }, "geometry": { "type": "Point", "coordinates": [ 147.2533, -42.8908 ] } },
{ "type": "Feature", "properties": { "decimalLatitude": -38.1436, "decimalLongitude": 144.3083, "month": 12, "species_sci": "Cacatua galerita", "species_com": "Sulphur-crested Cockatoo" }, "geometry": { "type": "Point", "coordinates": [ 144.3083, -38.1436 ] } },
{ "type": "Feature", "properties": { "decimalLatitude": -33.7199, "decimalLongitude": 149.8631, "month": 12, "species_sci": "Cacatua galerita", "species_com": "Sulphur-crested Cockatoo" }, "geometry": { "type": "Point", "coordinates": [ 149.8631, -33.7199 ] } },
{ "type": "Feature", "properties": { "decimalLatitude": -33.7124, "decimalLongitude": 150.3314, "month": 12, "species_sci": "Cacatua galerita", "species_com": "Sulphur-crested Cockatoo" }, "geometry": { "type": "Point", "coordinates": [ 150.3314, -33.7124 ] } },
{ "type": "Feature", "properties": { "decimalLatitude": -27.7403, "decimalLongitude": 153.0705, "month": 12, "species_sci": "Cacatua galerita", "species_com": "Sulphur-crested Cockatoo" }, "geometry": { "type": "Point", "coordinates": [ 153.0705, -27.7403 ] } },
{ "type": "Feature", "properties": { "decimalLatitude": -33.9174, "decimalLongitude": 149.8882, "month": 12, "species_sci": "Cacatua galerita", "species_com": "Sulphur-crested Cockatoo" }, "geometry": { "type": "Point", "coordinates": [ 149.8882, -33.9174 ] } },
{ "type": "Feature", "properties": { "decimalLatitude": -33.9174, "decimalLongitude": 149.8882, "month": 12, "species_sci": "Cacatua galerita", "species_com": "Sulphur-crested Cockatoo" }, "geometry": { "type": "Point", "coordinates": [ 149.8882, -33.9174 ] } },
{ "type": "Feature", "properties": { "decimalLatitude": -27.4897, "decimalLongitude": 151.9681, "month": 12, "species_sci": "Cacatua galerita", "species_com": "Sulphur-crested Cockatoo" }, "geometry": { "type": "Point", "coordinates": [ 151.9681, -27.4897 ] } },
{ "type": "Feature", "properties": { "decimalLatitude": -34.7745, "decimalLongitude": 139.0495, "month": 12, "species_sci": "Cacatua galerita", "species_com": "Sulphur-crested Cockatoo" }, "geometry": { "type": "Point", "coordinates": [ 139.0495, -34.7745 ] } },
{ "type": "Feature", "properties": { "decimalLatitude": -33.7199, "decimalLongitude": 149.8631, "month": 12, "species_sci": "Cacatua galerita", "species_com": "Sulphur-crested Cockatoo" }, "geometry": { "type": "Point", "coordinates": [ 149.8631, -33.7199 ] } },
{ "type": "Feature", "properties": { "decimalLatitude": -33.7199, "decimalLongitude": 149.8631, "month": 12, "species_sci": "Cacatua galerita", "species_com": "Sulphur-crested Cockatoo" }, "geometry": { "type": "Point", "coordinates": [ 149.8631, -33.7199 ] } },
{ "type": "Feature", "properties": { "decimalLatitude": -37.9197, "decimalLongitude": 145.3685, "month": 12, "species_sci": "Cacatua galerita", "species_com": "Sulphur-crested Cockatoo" }, "geometry": { "type": "Point", "coordinates": [ 145.3685, -37.9197 ] } },
{ "type": "Feature", "properties": { "decimalLatitude": -37.8242, "decimalLongitude": 145.2536, "month": 12, "species_sci": "Cacatua galerita", "species_com": "Sulphur-crested Cockatoo" }, "geometry": { "type": "Point", "coordinates": [ 145.2536, -37.8242 ] } },
{ "type": "Feature", "properties": { "decimalLatitude": -35.2551, "decimalLongitude": 149.1128, "month": 12, "species_sci": "Cacatua galerita", "species_com": "Sulphur-crested Cockatoo" }, "geometry": { "type": "Point", "coordinates": [ 149.1128, -35.2551 ] } },
{ "type": "Feature", "properties": { "decimalLatitude": -33.7372, "decimalLongitude": 151.0018, "month": 12, "species_sci": "Cacatua galerita", "species_com": "Sulphur-crested Cockatoo" }, "geometry": { "type": "Point", "coordinates": [ 151.0018, -33.7372 ] } },
{ "type": "Feature", "properties": { "decimalLatitude": -33.7489, "decimalLongitude": 151.1121, "month": 12, "species_sci": "Cacatua galerita", "species_com": "Sulphur-crested Cockatoo" }, "geometry": { "type": "Point", "coordinates": [ 151.1121, -33.7489 ] } },
{ "type": "Feature", "properties": { "decimalLatitude": -33.7199, "decimalLongitude": 149.8631, "month": 12, "species_sci": "Cacatua galerita", "species_com": "Sulphur-crested Cockatoo" }, "geometry": { "type": "Point", "coordinates": [ 149.8631, -33.7199 ] } },
{ "type": "Feature", "properties": { "decimalLatitude": -34.4491, "decimalLongitude": 150.8279, "month": 12, "species_sci": "Cacatua galerita", "species_com": "Sulphur-crested Cockatoo" }, "geometry": { "type": "Point", "coordinates": [ 150.8279, -34.4491 ] } },
{ "type": "Feature", "properties": { "decimalLatitude": -33.797, "decimalLongitude": 151.286, "month": 12, "species_sci": "Cacatua galerita", "species_com": "Sulphur-crested Cockatoo" }, "geometry": { "type": "Point", "coordinates": [ 151.286, -33.797 ] } },
{ "type": "Feature", "properties": { "decimalLatitude": -33.7199, "decimalLongitude": 149.8631, "month": 12, "species_sci": "Cacatua galerita", "species_com": "Sulphur-crested Cockatoo" }, "geometry": { "type": "Point", "coordinates": [ 149.8631, -33.7199 ] } },
{ "type": "Feature", "properties": { "decimalLatitude": -36.0508, "decimalLongitude": 146.4001, "month": 12, "species_sci": "Cacatua galerita", "species_com": "Sulphur-crested Cockatoo" }, "geometry": { "type": "Point", "coordinates": [ 146.4001, -36.0508 ] } },
{ "type": "Feature", "properties": { "decimalLatitude": -33.7, "decimalLongitude": 151.0, "month": 12, "species_sci": "Cacatua galerita", "species_com": "Sulphur-crested Cockatoo" }, "geometry": { "type": "Point", "coordinates": [ 151.0, -33.7 ] } },
{ "type": "Feature", "properties": { "decimalLatitude": -33.7199, "decimalLongitude": 149.8631, "month": 12, "species_sci": "Cacatua galerita", "species_com": "Sulphur-crested Cockatoo" }, "geometry": { "type": "Point", "coordinates": [ 149.8631, -33.7199 ] } },
{ "type": "Feature", "properties": { "decimalLatitude": -33.7199, "decimalLongitude": 149.8631, "month": 12, "species_sci": "Cacatua galerita", "species_com": "Sulphur-crested Cockatoo" }, "geometry": { "type": "Point", "coordinates": [ 149.8631, -33.7199 ] } },
{ "type": "Feature", "properties": { "decimalLatitude": -35.3366, "decimalLongitude": 149.0784, "month": 12, "species_sci": "Cacatua galerita", "species_com": "Sulphur-crested Cockatoo" }, "geometry": { "type": "Point", "coordinates": [ 149.0784, -35.3366 ] } },
{ "type": "Feature", "properties": { "decimalLatitude": -33.7098, "decimalLongitude": 150.3759, "month": 12, "species_sci": "Cacatua galerita", "species_com": "Sulphur-crested Cockatoo" }, "geometry": { "type": "Point", "coordinates": [ 150.3759, -33.7098 ] } },
{ "type": "Feature", "properties": { "decimalLatitude": -33.9174, "decimalLongitude": 149.8882, "month": 12, "species_sci": "Cacatua galerita", "species_com": "Sulphur-crested Cockatoo" }, "geometry": { "type": "Point", "coordinates": [ 149.8882, -33.9174 ] } },
{ "type": "Feature", "properties": { "decimalLatitude": -25.3373, "decimalLongitude": 153.2013, "month": 12, "species_sci": "Cacatua galerita", "species_com": "Sulphur-crested Cockatoo" }, "geometry": { "type": "Point", "coordinates": [ 153.2013, -25.3373 ] } },
{ "type": "Feature", "properties": { "decimalLatitude": -36.4326, "decimalLongitude": 146.0676, "month": 12, "species_sci": "Cacatua galerita", "species_com": "Sulphur-crested Cockatoo" }, "geometry": { "type": "Point", "coordinates": [ 146.0676, -36.4326 ] } },
{ "type": "Feature", "properties": { "decimalLatitude": -27.4793, "decimalLongitude": 152.9973, "month": 12, "species_sci": "Cacatua galerita", "species_com": "Sulphur-crested Cockatoo" }, "geometry": { "type": "Point", "coordinates": [ 152.9973, -27.4793 ] } },
{ "type": "Feature", "properties": { "decimalLatitude": -34.7726, "decimalLongitude": 139.0499, "month": 12, "species_sci": "Cacatua galerita", "species_com": "Sulphur-crested Cockatoo" }, "geometry": { "type": "Point", "coordinates": [ 139.0499, -34.7726 ] } },
{ "type": "Feature", "properties": { "decimalLatitude": -33.4252, "decimalLongitude": 150.1961, "month": 12, "species_sci": "Cacatua galerita", "species_com": "Sulphur-crested Cockatoo" }, "geometry": { "type": "Point", "coordinates": [ 150.1961, -33.4252 ] } },
{ "type": "Feature", "properties": { "decimalLatitude": -33.7199, "decimalLongitude": 149.8631, "month": 12, "species_sci": "Cacatua galerita", "species_com": "Sulphur-crested Cockatoo" }, "geometry": { "type": "Point", "coordinates": [ 149.8631, -33.7199 ] } },
{ "type": "Feature", "properties": { "decimalLatitude": -33.7199, "decimalLongitude": 149.8631, "month": 12, "species_sci": "Cacatua galerita", "species_com": "Sulphur-crested Cockatoo" }, "geometry": { "type": "Point", "coordinates": [ 149.8631, -33.7199 ] } },
{ "type": "Feature", "properties": { "decimalLatitude": -19.2836, "decimalLongitude": 146.7602, "month": 12, "species_sci": "Cacatua galerita", "species_com": "Sulphur-crested Cockatoo" }, "geometry": { "type": "Point", "coordinates": [ 146.7602, -19.2836 ] } },
{ "type": "Feature", "properties": { "decimalLatitude": -33.925, "decimalLongitude": 149.8083, "month": 12, "species_sci": "Cacatua galerita", "species_com": "Sulphur-crested Cockatoo" }, "geometry": { "type": "Point", "coordinates": [ 149.8083, -33.925 ] } },
{ "type": "Feature", "properties": { "decimalLatitude": -34.5917, "decimalLongitude": 150.525, "month": 12, "species_sci": "Cacatua galerita", "species_com": "Sulphur-crested Cockatoo" }, "geometry": { "type": "Point", "coordinates": [ 150.525, -34.5917 ] } },
{ "type": "Feature", "properties": { "decimalLatitude": -37.7565, "decimalLongitude": 145.1163, "month": 12, "species_sci": "Cacatua galerita", "species_com": "Sulphur-crested Cockatoo" }, "geometry": { "type": "Point", "coordinates": [ 145.1163, -37.7565 ] } },
{ "type": "Feature", "properties": { "decimalLatitude": -33.9174, "decimalLongitude": 149.8882, "month": 12, "species_sci": "Cacatua galerita", "species_com": "Sulphur-crested Cockatoo" }, "geometry": { "type": "Point", "coordinates": [ 149.8882, -33.9174 ] } },
{ "type": "Feature", "properties": { "decimalLatitude": -33.4341, "decimalLongitude": 149.3839, "month": 12, "species_sci": "Cacatua galerita", "species_com": "Sulphur-crested Cockatoo" }, "geometry": { "type": "Point", "coordinates": [ 149.3839, -33.4341 ] } },
{ "type": "Feature", "properties": { "decimalLatitude": -35.1984, "decimalLongitude": 149.009, "month": 12, "species_sci": "Cacatua galerita", "species_com": "Sulphur-crested Cockatoo" }, "geometry": { "type": "Point", "coordinates": [ 149.009, -35.1984 ] } },
{ "type": "Feature", "properties": { "decimalLatitude": -35.4024, "decimalLongitude": 149.1558, "month": 12, "species_sci": "Cacatua galerita", "species_com": "Sulphur-crested Cockatoo" }, "geometry": { "type": "Point", "coordinates": [ 149.1558, -35.4024 ] } },
{ "type": "Feature", "properties": { "decimalLatitude": -33.4337, "decimalLongitude": 149.3836, "month": 12, "species_sci": "Cacatua galerita", "species_com": "Sulphur-crested Cockatoo" }, "geometry": { "type": "Point", "coordinates": [ 149.3836, -33.4337 ] } },
{ "type": "Feature", "properties": { "decimalLatitude": -32.9672, "decimalLongitude": 151.6069, "month": 12, "species_sci": "Cacatua galerita", "species_com": "Sulphur-crested Cockatoo" }, "geometry": { "type": "Point", "coordinates": [ 151.6069, -32.9672 ] } },
{ "type": "Feature", "properties": { "decimalLatitude": -36.0496, "decimalLongitude": 146.3813, "month": 12, "species_sci": "Cacatua galerita", "species_com": "Sulphur-crested Cockatoo" }, "geometry": { "type": "Point", "coordinates": [ 146.3813, -36.0496 ] } },
{ "type": "Feature", "properties": { "decimalLatitude": -33.9174, "decimalLongitude": 149.8882, "month": 12, "species_sci": "Cacatua galerita", "species_com": "Sulphur-crested Cockatoo" }, "geometry": { "type": "Point", "coordinates": [ 149.8882, -33.9174 ] } },
{ "type": "Feature", "properties": { "decimalLatitude": -33.9706, "decimalLongitude": 151.0753, "month": 12, "species_sci": "Cacatua galerita", "species_com": "Sulphur-crested Cockatoo" }, "geometry": { "type": "Point", "coordinates": [ 151.0753, -33.9706 ] } },
{ "type": "Feature", "properties": { "decimalLatitude": -37.9113, "decimalLongitude": 145.2785, "month": 12, "species_sci": "Cacatua galerita", "species_com": "Sulphur-crested Cockatoo" }, "geometry": { "type": "Point", "coordinates": [ 145.2785, -37.9113 ] } },
{ "type": "Feature", "properties": { "decimalLatitude": -33.8451, "decimalLongitude": 151.2306, "month": 12, "species_sci": "Cacatua galerita", "species_com": "Sulphur-crested Cockatoo" }, "geometry": { "type": "Point", "coordinates": [ 151.2306, -33.8451 ] } },
{ "type": "Feature", "properties": { "decimalLatitude": -33.9174, "decimalLongitude": 149.8882, "month": 12, "species_sci": "Cacatua galerita", "species_com": "Sulphur-crested Cockatoo" }, "geometry": { "type": "Point", "coordinates": [ 149.8882, -33.9174 ] } },
{ "type": "Feature", "properties": { "decimalLatitude": -33.7199, "decimalLongitude": 149.8631, "month": 12, "species_sci": "Cacatua galerita", "species_com": "Sulphur-crested Cockatoo" }, "geometry": { "type": "Point", "coordinates": [ 149.8631, -33.7199 ] } },
{ "type": "Feature", "properties": { "decimalLatitude": -33.9174, "decimalLongitude": 149.8882, "month": 12, "species_sci": "Cacatua galerita", "species_com": "Sulphur-crested Cockatoo" }, "geometry": { "type": "Point", "coordinates": [ 149.8882, -33.9174 ] } },
{ "type": "Feature", "properties": { "decimalLatitude": -37.8489, "decimalLongitude": 145.2944, "month": 12, "species_sci": "Cacatua galerita", "species_com": "Sulphur-crested Cockatoo" }, "geometry": { "type": "Point", "coordinates": [ 145.2944, -37.8489 ] } },
{ "type": "Feature", "properties": { "decimalLatitude": -35.3365, "decimalLongitude": 149.0321, "month": 12, "species_sci": "Cacatua galerita", "species_com": "Sulphur-crested Cockatoo" }, "geometry": { "type": "Point", "coordinates": [ 149.0321, -35.3365 ] } },
{ "type": "Feature", "properties": { "decimalLatitude": -33.7199, "decimalLongitude": 149.8631, "month": 12, "species_sci": "Cacatua galerita", "species_com": "Sulphur-crested Cockatoo" }, "geometry": { "type": "Point", "coordinates": [ 149.8631, -33.7199 ] } },
{ "type": "Feature", "properties": { "decimalLatitude": -33.925, "decimalLongitude": 149.8083, "month": 12, "species_sci": "Cacatua galerita", "species_com": "Sulphur-crested Cockatoo" }, "geometry": { "type": "Point", "coordinates": [ 149.8083, -33.925 ] } },
{ "type": "Feature", "properties": { "decimalLatitude": -27.4463, "decimalLongitude": 152.9417, "month": 12, "species_sci": "Cacatua galerita", "species_com": "Sulphur-crested Cockatoo" }, "geometry": { "type": "Point", "coordinates": [ 152.9417, -27.4463 ] } },
{ "type": "Feature", "properties": { "decimalLatitude": -33.9174, "decimalLongitude": 149.8882, "month": 12, "species_sci": "Cacatua galerita", "species_com": "Sulphur-crested Cockatoo" }, "geometry": { "type": "Point", "coordinates": [ 149.8882, -33.9174 ] } },
{ "type": "Feature", "properties": { "decimalLatitude": -33.7199, "decimalLongitude": 149.8631, "month": 12, "species_sci": "Cacatua galerita", "species_com": "Sulphur-crested Cockatoo" }, "geometry": { "type": "Point", "coordinates": [ 149.8631, -33.7199 ] } },
{ "type": "Feature", "properties": { "decimalLatitude": -38.5419, "decimalLongitude": 143.9752, "month": 12, "species_sci": "Cacatua galerita", "species_com": "Sulphur-crested Cockatoo" }, "geometry": { "type": "Point", "coordinates": [ 143.9752, -38.5419 ] } },
{ "type": "Feature", "properties": { "decimalLatitude": -37.9424, "decimalLongitude": 145.3279, "month": 12, "species_sci": "Cacatua galerita", "species_com": "Sulphur-crested Cockatoo" }, "geometry": { "type": "Point", "coordinates": [ 145.3279, -37.9424 ] } },
{ "type": "Feature", "properties": { "decimalLatitude": -38.3474, "decimalLongitude": 144.2971, "month": 12, "species_sci": "Cacatua galerita", "species_com": "Sulphur-crested Cockatoo" }, "geometry": { "type": "Point", "coordinates": [ 144.2971, -38.3474 ] } },
{ "type": "Feature", "properties": { "decimalLatitude": -33.7726, "decimalLongitude": 151.2644, "month": 12, "species_sci": "Cacatua galerita", "species_com": "Sulphur-crested Cockatoo" }, "geometry": { "type": "Point", "coordinates": [ 151.2644, -33.7726 ] } },
{ "type": "Feature", "properties": { "decimalLatitude": -37.6987, "decimalLongitude": 145.0369, "month": 12, "species_sci": "Cacatua galerita", "species_com": "Sulphur-crested Cockatoo" }, "geometry": { "type": "Point", "coordinates": [ 145.0369, -37.6987 ] } },
{ "type": "Feature", "properties": { "decimalLatitude": -37.6399, "decimalLongitude": 145.2519, "month": 12, "species_sci": "Cacatua galerita", "species_com": "Sulphur-crested Cockatoo" }, "geometry": { "type": "Point", "coordinates": [ 145.2519, -37.6399 ] } },
{ "type": "Feature", "properties": { "decimalLatitude": -34.4491, "decimalLongitude": 150.8279, "month": 12, "species_sci": "Cacatua galerita", "species_com": "Sulphur-crested Cockatoo" }, "geometry": { "type": "Point", "coordinates": [ 150.8279, -34.4491 ] } },
{ "type": "Feature", "properties": { "decimalLatitude": -35.2715, "decimalLongitude": 149.1419, "month": 12, "species_sci": "Cacatua galerita", "species_com": "Sulphur-crested Cockatoo" }, "geometry": { "type": "Point", "coordinates": [ 149.1419, -35.2715 ] } },
{ "type": "Feature", "properties": { "decimalLatitude": -33.7199, "decimalLongitude": 149.8631, "month": 12, "species_sci": "Cacatua galerita", "species_com": "Sulphur-crested Cockatoo" }, "geometry": { "type": "Point", "coordinates": [ 149.8631, -33.7199 ] } },
{ "type": "Feature", "properties": { "decimalLatitude": -34.5344, "decimalLongitude": 150.7921, "month": 12, "species_sci": "Cacatua galerita", "species_com": "Sulphur-crested Cockatoo" }, "geometry": { "type": "Point", "coordinates": [ 150.7921, -34.5344 ] } },
{ "type": "Feature", "properties": { "decimalLatitude": -33.7104, "decimalLongitude": 151.2796, "month": 12, "species_sci": "Cacatua galerita", "species_com": "Sulphur-crested Cockatoo" }, "geometry": { "type": "Point", "coordinates": [ 151.2796, -33.7104 ] } },
{ "type": "Feature", "properties": { "decimalLatitude": -37.8087, "decimalLongitude": 145.3053, "month": 12, "species_sci": "Cacatua galerita", "species_com": "Sulphur-crested Cockatoo" }, "geometry": { "type": "Point", "coordinates": [ 145.3053, -37.8087 ] } },
{ "type": "Feature", "properties": { "decimalLatitude": -33.9471, "decimalLongitude": 150.856, "month": 12, "species_sci": "Cacatua galerita", "species_com": "Sulphur-crested Cockatoo" }, "geometry": { "type": "Point", "coordinates": [ 150.856, -33.9471 ] } },
{ "type": "Feature", "properties": { "decimalLatitude": -36.4418, "decimalLongitude": 140.9273, "month": 12, "species_sci": "Cacatua galerita", "species_com": "Sulphur-crested Cockatoo" }, "geometry": { "type": "Point", "coordinates": [ 140.9273, -36.4418 ] } },
{ "type": "Feature", "properties": { "decimalLatitude": -43.039, "decimalLongitude": 147.2603, "month": 12, "species_sci": "Cacatua galerita", "species_com": "Sulphur-crested Cockatoo" }, "geometry": { "type": "Point", "coordinates": [ 147.2603, -43.039 ] } },
{ "type": "Feature", "properties": { "decimalLatitude": -33.434, "decimalLongitude": 149.3841, "month": 12, "species_sci": "Cacatua galerita", "species_com": "Sulphur-crested Cockatoo" }, "geometry": { "type": "Point", "coordinates": [ 149.3841, -33.434 ] } },
{ "type": "Feature", "properties": { "decimalLatitude": -34.4491, "decimalLongitude": 150.8279, "month": 12, "species_sci": "Cacatua galerita", "species_com": "Sulphur-crested Cockatoo" }, "geometry": { "type": "Point", "coordinates": [ 150.8279, -34.4491 ] } },
{ "type": "Feature", "properties": { "decimalLatitude": -37.1546, "decimalLongitude": 142.5252, "month": 12, "species_sci": "Cacatua galerita", "species_com": "Sulphur-crested Cockatoo" }, "geometry": { "type": "Point", "coordinates": [ 142.5252, -37.1546 ] } },
{ "type": "Feature", "properties": { "decimalLatitude": -33.7467, "decimalLongitude": 151.1134, "month": 12, "species_sci": "Cacatua galerita", "species_com": "Sulphur-crested Cockatoo" }, "geometry": { "type": "Point", "coordinates": [ 151.1134, -33.7467 ] } },
{ "type": "Feature", "properties": { "decimalLatitude": -31.2788, "decimalLongitude": 148.9906, "month": 12, "species_sci": "Cacatua galerita", "species_com": "Sulphur-crested Cockatoo" }, "geometry": { "type": "Point", "coordinates": [ 148.9906, -31.2788 ] } },
{ "type": "Feature", "properties": { "decimalLatitude": -36.1179, "decimalLongitude": 144.9909, "month": 12, "species_sci": "Cacatua galerita", "species_com": "Sulphur-crested Cockatoo" }, "geometry": { "type": "Point", "coordinates": [ 144.9909, -36.1179 ] } },
{ "type": "Feature", "properties": { "decimalLatitude": -35.3269, "decimalLongitude": 147.5089, "month": 12, "species_sci": "Cacatua galerita", "species_com": "Sulphur-crested Cockatoo" }, "geometry": { "type": "Point", "coordinates": [ 147.5089, -35.3269 ] } },
{ "type": "Feature", "properties": { "decimalLatitude": -38.1645, "decimalLongitude": 144.3311, "month": 12, "species_sci": "Cacatua galerita", "species_com": "Sulphur-crested Cockatoo" }, "geometry": { "type": "Point", "coordinates": [ 144.3311, -38.1645 ] } },
{ "type": "Feature", "properties": { "decimalLatitude": -30.3531, "decimalLongitude": 149.8688, "month": 12, "species_sci": "Cacatua galerita", "species_com": "Sulphur-crested Cockatoo" }, "geometry": { "type": "Point", "coordinates": [ 149.8688, -30.3531 ] } },
{ "type": "Feature", "properties": { "decimalLatitude": -33.9174, "decimalLongitude": 149.8882, "month": 12, "species_sci": "Cacatua galerita", "species_com": "Sulphur-crested Cockatoo" }, "geometry": { "type": "Point", "coordinates": [ 149.8882, -33.9174 ] } },
{ "type": "Feature", "properties": { "decimalLatitude": -33.0135, "decimalLongitude": 151.6286, "month": 12, "species_sci": "Cacatua galerita", "species_com": "Sulphur-crested Cockatoo" }, "geometry": { "type": "Point", "coordinates": [ 151.6286, -33.0135 ] } },
{ "type": "Feature", "properties": { "decimalLatitude": -33.806, "decimalLongitude": 151.298, "month": 12, "species_sci": "Cacatua galerita", "species_com": "Sulphur-crested Cockatoo" }, "geometry": { "type": "Point", "coordinates": [ 151.298, -33.806 ] } },
{ "type": "Feature", "properties": { "decimalLatitude": -33.7199, "decimalLongitude": 149.8631, "month": 12, "species_sci": "Cacatua galerita", "species_com": "Sulphur-crested Cockatoo" }, "geometry": { "type": "Point", "coordinates": [ 149.8631, -33.7199 ] } },
{ "type": "Feature", "properties": { "decimalLatitude": -33.7199, "decimalLongitude": 149.8631, "month": 12, "species_sci": "Cacatua galerita", "species_com": "Sulphur-crested Cockatoo" }, "geometry": { "type": "Point", "coordinates": [ 149.8631, -33.7199 ] } },
{ "type": "Feature", "properties": { "decimalLatitude": -32.2494, "decimalLongitude": 148.5965, "month": 12, "species_sci": "Cacatua galerita", "species_com": "Sulphur-crested Cockatoo" }, "geometry": { "type": "Point", "coordinates": [ 148.5965, -32.2494 ] } },
{ "type": "Feature", "properties": { "decimalLatitude": -33.9174, "decimalLongitude": 149.8882, "month": 12, "species_sci": "Cacatua galerita", "species_com": "Sulphur-crested Cockatoo" }, "geometry": { "type": "Point", "coordinates": [ 149.8882, -33.9174 ] } },
{ "type": "Feature", "properties": { "decimalLatitude": -34.2008, "decimalLongitude": 150.7935, "month": 12, "species_sci": "Cacatua galerita", "species_com": "Sulphur-crested Cockatoo" }, "geometry": { "type": "Point", "coordinates": [ 150.7935, -34.2008 ] } },
{ "type": "Feature", "properties": { "decimalLatitude": -37.8923, "decimalLongitude": 145.3085, "month": 12, "species_sci": "Cacatua galerita", "species_com": "Sulphur-crested Cockatoo" }, "geometry": { "type": "Point", "coordinates": [ 145.3085, -37.8923 ] } },
{ "type": "Feature", "properties": { "decimalLatitude": -33.7211, "decimalLongitude": 151.0502, "month": 12, "species_sci": "Cacatua galerita", "species_com": "Sulphur-crested Cockatoo" }, "geometry": { "type": "Point", "coordinates": [ 151.0502, -33.7211 ] } },
{ "type": "Feature", "properties": { "decimalLatitude": -34.9331, "decimalLongitude": 138.6136, "month": 12, "species_sci": "Cacatua galerita", "species_com": "Sulphur-crested Cockatoo" }, "geometry": { "type": "Point", "coordinates": [ 138.6136, -34.9331 ] } },
{ "type": "Feature", "properties": { "decimalLatitude": -33.7199, "decimalLongitude": 149.8631, "month": 12, "species_sci": "Cacatua galerita", "species_com": "Sulphur-crested Cockatoo" }, "geometry": { "type": "Point", "coordinates": [ 149.8631, -33.7199 ] } },
{ "type": "Feature", "properties": { "decimalLatitude": -35.0126, "decimalLongitude": 149.6478, "month": 12, "species_sci": "Cacatua galerita", "species_com": "Sulphur-crested Cockatoo" }, "geometry": { "type": "Point", "coordinates": [ 149.6478, -35.0126 ] } },
{ "type": "Feature", "properties": { "decimalLatitude": -33.7199, "decimalLongitude": 149.8631, "month": 12, "species_sci": "Cacatua galerita", "species_com": "Sulphur-crested Cockatoo" }, "geometry": { "type": "Point", "coordinates": [ 149.8631, -33.7199 ] } },
{ "type": "Feature", "properties": { "decimalLatitude": -33.7243, "decimalLongitude": 150.3069, "month": 12, "species_sci": "Cacatua galerita", "species_com": "Sulphur-crested Cockatoo" }, "geometry": { "type": "Point", "coordinates": [ 150.3069, -33.7243 ] } },
{ "type": "Feature", "properties": { "decimalLatitude": -33.4341, "decimalLongitude": 149.3837, "month": 12, "species_sci": "Cacatua galerita", "species_com": "Sulphur-crested Cockatoo" }, "geometry": { "type": "Point", "coordinates": [ 149.3837, -33.4341 ] } },
{ "type": "Feature", "properties": { "decimalLatitude": -37.8754, "decimalLongitude": 145.2857, "month": 12, "species_sci": "Cacatua galerita", "species_com": "Sulphur-crested Cockatoo" }, "geometry": { "type": "Point", "coordinates": [ 145.2857, -37.8754 ] } },
{ "type": "Feature", "properties": { "decimalLatitude": -35.4242, "decimalLongitude": 149.1087, "month": 12, "species_sci": "Cacatua galerita", "species_com": "Sulphur-crested Cockatoo" }, "geometry": { "type": "Point", "coordinates": [ 149.1087, -35.4242 ] } },
{ "type": "Feature", "properties": { "decimalLatitude": -33.925, "decimalLongitude": 149.8083, "month": 12, "species_sci": "Cacatua galerita", "species_com": "Sulphur-crested Cockatoo" }, "geometry": { "type": "Point", "coordinates": [ 149.8083, -33.925 ] } },
{ "type": "Feature", "properties": { "decimalLatitude": -33.8056, "decimalLongitude": 151.2721, "month": 12, "species_sci": "Cacatua galerita", "species_com": "Sulphur-crested Cockatoo" }, "geometry": { "type": "Point", "coordinates": [ 151.2721, -33.8056 ] } },
{ "type": "Feature", "properties": { "decimalLatitude": -34.3305, "decimalLongitude": 150.9011, "month": 12, "species_sci": "Cacatua galerita", "species_com": "Sulphur-crested Cockatoo" }, "geometry": { "type": "Point", "coordinates": [ 150.9011, -34.3305 ] } },
{ "type": "Feature", "properties": { "decimalLatitude": -33.7021, "decimalLongitude": 151.3027, "month": 12, "species_sci": "Cacatua galerita", "species_com": "Sulphur-crested Cockatoo" }, "geometry": { "type": "Point", "coordinates": [ 151.3027, -33.7021 ] } },
{ "type": "Feature", "properties": { "decimalLatitude": -33.4333, "decimalLongitude": 149.3837, "month": 12, "species_sci": "Cacatua galerita", "species_com": "Sulphur-crested Cockatoo" }, "geometry": { "type": "Point", "coordinates": [ 149.3837, -33.4333 ] } },
{ "type": "Feature", "properties": { "decimalLatitude": -33.8644, "decimalLongitude": 151.221, "month": 12, "species_sci": "Cacatua galerita", "species_com": "Sulphur-crested Cockatoo" }, "geometry": { "type": "Point", "coordinates": [ 151.221, -33.8644 ] } },
{ "type": "Feature", "properties": { "decimalLatitude": -37.883, "decimalLongitude": 145.1942, "month": 12, "species_sci": "Cacatua galerita", "species_com": "Sulphur-crested Cockatoo" }, "geometry": { "type": "Point", "coordinates": [ 145.1942, -37.883 ] } },
{ "type": "Feature", "properties": { "decimalLatitude": -19.3062, "decimalLongitude": 146.7576, "month": 12, "species_sci": "Cacatua galerita", "species_com": "Sulphur-crested Cockatoo" }, "geometry": { "type": "Point", "coordinates": [ 146.7576, -19.3062 ] } },
{ "type": "Feature", "properties": { "decimalLatitude": -36.7629, "decimalLongitude": 149.9193, "month": 12, "species_sci": "Cacatua galerita", "species_com": "Sulphur-crested Cockatoo" }, "geometry": { "type": "Point", "coordinates": [ 149.9193, -36.7629 ] } },
{ "type": "Feature", "properties": { "decimalLatitude": -27.5871, "decimalLongitude": 152.9673, "month": 12, "species_sci": "Cacatua galerita", "species_com": "Sulphur-crested Cockatoo" }, "geometry": { "type": "Point", "coordinates": [ 152.9673, -27.5871 ] } },
{ "type": "Feature", "properties": { "decimalLatitude": -33.9174, "decimalLongitude": 149.8882, "month": 12, "species_sci": "Cacatua galerita", "species_com": "Sulphur-crested Cockatoo" }, "geometry": { "type": "Point", "coordinates": [ 149.8882, -33.9174 ] } },
{ "type": "Feature", "properties": { "decimalLatitude": -27.8668, "decimalLongitude": 153.3217, "month": 12, "species_sci": "Cacatua galerita", "species_com": "Sulphur-crested Cockatoo" }, "geometry": { "type": "Point", "coordinates": [ 153.3217, -27.8668 ] } },
{ "type": "Feature", "properties": { "decimalLatitude": -25.3049, "decimalLongitude": 152.8881, "month": 12, "species_sci": "Cacatua galerita", "species_com": "Sulphur-crested Cockatoo" }, "geometry": { "type": "Point", "coordinates": [ 152.8881, -25.3049 ] } },
{ "type": "Feature", "properties": { "decimalLatitude": -34.8725, "decimalLongitude": 138.6888, "month": 12, "species_sci": "Cacatua galerita", "species_com": "Sulphur-crested Cockatoo" }, "geometry": { "type": "Point", "coordinates": [ 138.6888, -34.8725 ] } },
{ "type": "Feature", "properties": { "decimalLatitude": -38.4733, "decimalLongitude": 146.5777, "month": 12, "species_sci": "Cacatua galerita", "species_com": "Sulphur-crested Cockatoo" }, "geometry": { "type": "Point", "coordinates": [ 146.5777, -38.4733 ] } },
{ "type": "Feature", "properties": { "decimalLatitude": -33.9174, "decimalLongitude": 149.8882, "month": 12, "species_sci": "Cacatua galerita", "species_com": "Sulphur-crested Cockatoo" }, "geometry": { "type": "Point", "coordinates": [ 149.8882, -33.9174 ] } },
{ "type": "Feature", "properties": { "decimalLatitude": -34.0055, "decimalLongitude": 151.2171, "month": 12, "species_sci": "Cacatua galerita", "species_com": "Sulphur-crested Cockatoo" }, "geometry": { "type": "Point", "coordinates": [ 151.2171, -34.0055 ] } },
{ "type": "Feature", "properties": { "decimalLatitude": -37.1545, "decimalLongitude": 142.5255, "month": 12, "species_sci": "Cacatua galerita", "species_com": "Sulphur-crested Cockatoo" }, "geometry": { "type": "Point", "coordinates": [ 142.5255, -37.1545 ] } },
{ "type": "Feature", "properties": { "decimalLatitude": -33.7199, "decimalLongitude": 149.8631, "month": 12, "species_sci": "Cacatua galerita", "species_com": "Sulphur-crested Cockatoo" }, "geometry": { "type": "Point", "coordinates": [ 149.8631, -33.7199 ] } },
{ "type": "Feature", "properties": { "decimalLatitude": -34.1922, "decimalLongitude": 150.9816, "month": 12, "species_sci": "Cacatua galerita", "species_com": "Sulphur-crested Cockatoo" }, "geometry": { "type": "Point", "coordinates": [ 150.9816, -34.1922 ] } },
{ "type": "Feature", "properties": { "decimalLatitude": -27.6802, "decimalLongitude": 153.1481, "month": 12, "species_sci": "Cacatua galerita", "species_com": "Sulphur-crested Cockatoo" }, "geometry": { "type": "Point", "coordinates": [ 153.1481, -27.6802 ] } },
{ "type": "Feature", "properties": { "decimalLatitude": -37.7387, "decimalLongitude": 145.2018, "month": 12, "species_sci": "Cacatua galerita", "species_com": "Sulphur-crested Cockatoo" }, "geometry": { "type": "Point", "coordinates": [ 145.2018, -37.7387 ] } },
{ "type": "Feature", "properties": { "decimalLatitude": -33.8986, "decimalLongitude": 151.2327, "month": 12, "species_sci": "Cacatua galerita", "species_com": "Sulphur-crested Cockatoo" }, "geometry": { "type": "Point", "coordinates": [ 151.2327, -33.8986 ] } },
{ "type": "Feature", "properties": { "decimalLatitude": -33.7199, "decimalLongitude": 149.8631, "month": 12, "species_sci": "Cacatua galerita", "species_com": "Sulphur-crested Cockatoo" }, "geometry": { "type": "Point", "coordinates": [ 149.8631, -33.7199 ] } },
{ "type": "Feature", "properties": { "decimalLatitude": -35.3299, "decimalLongitude": 149.4704, "month": 12, "species_sci": "Cacatua galerita", "species_com": "Sulphur-crested Cockatoo" }, "geometry": { "type": "Point", "coordinates": [ 149.4704, -35.3299 ] } },
{ "type": "Feature", "properties": { "decimalLatitude": -34.4364, "decimalLongitude": 150.8082, "month": 12, "species_sci": "Cacatua galerita", "species_com": "Sulphur-crested Cockatoo" }, "geometry": { "type": "Point", "coordinates": [ 150.8082, -34.4364 ] } },
{ "type": "Feature", "properties": { "decimalLatitude": -34.9664, "decimalLongitude": 138.6966, "month": 12, "species_sci": "Cacatua galerita", "species_com": "Sulphur-crested Cockatoo" }, "geometry": { "type": "Point", "coordinates": [ 138.6966, -34.9664 ] } },
{ "type": "Feature", "properties": { "decimalLatitude": -37.6384, "decimalLongitude": 145.1903, "month": 12, "species_sci": "Cacatua galerita", "species_com": "Sulphur-crested Cockatoo" }, "geometry": { "type": "Point", "coordinates": [ 145.1903, -37.6384 ] } },
{ "type": "Feature", "properties": { "decimalLatitude": -37.8823, "decimalLongitude": 145.3712, "month": 12, "species_sci": "Cacatua galerita", "species_com": "Sulphur-crested Cockatoo" }, "geometry": { "type": "Point", "coordinates": [ 145.3712, -37.8823 ] } },
{ "type": "Feature", "properties": { "decimalLatitude": -33.7199, "decimalLongitude": 149.8631, "month": 12, "species_sci": "Cacatua galerita", "species_com": "Sulphur-crested Cockatoo" }, "geometry": { "type": "Point", "coordinates": [ 149.8631, -33.7199 ] } },
{ "type": "Feature", "properties": { "decimalLatitude": -37.7209, "decimalLongitude": 145.0486, "month": 12, "species_sci": "Cacatua galerita", "species_com": "Sulphur-crested Cockatoo" }, "geometry": { "type": "Point", "coordinates": [ 145.0486, -37.7209 ] } },
{ "type": "Feature", "properties": { "decimalLatitude": -33.7199, "decimalLongitude": 149.8631, "month": 12, "species_sci": "Cacatua galerita", "species_com": "Sulphur-crested Cockatoo" }, "geometry": { "type": "Point", "coordinates": [ 149.8631, -33.7199 ] } },
{ "type": "Feature", "properties": { "decimalLatitude": -37.8881, "decimalLongitude": 145.3167, "month": 12, "species_sci": "Cacatua galerita", "species_com": "Sulphur-crested Cockatoo" }, "geometry": { "type": "Point", "coordinates": [ 145.3167, -37.8881 ] } },
{ "type": "Feature", "properties": { "decimalLatitude": -37.7362, "decimalLongitude": 145.0869, "month": 12, "species_sci": "Cacatua galerita", "species_com": "Sulphur-crested Cockatoo" }, "geometry": { "type": "Point", "coordinates": [ 145.0869, -37.7362 ] } },
{ "type": "Feature", "properties": { "decimalLatitude": -37.8786, "decimalLongitude": 145.19, "month": 12, "species_sci": "Cacatua galerita", "species_com": "Sulphur-crested Cockatoo" }, "geometry": { "type": "Point", "coordinates": [ 145.19, -37.8786 ] } },
{ "type": "Feature", "properties": { "decimalLatitude": -34.4491, "decimalLongitude": 150.8279, "month": 12, "species_sci": "Cacatua galerita", "species_com": "Sulphur-crested Cockatoo" }, "geometry": { "type": "Point", "coordinates": [ 150.8279, -34.4491 ] } },
{ "type": "Feature", "properties": { "decimalLatitude": -35.3366, "decimalLongitude": 149.0785, "month": 12, "species_sci": "Cacatua galerita", "species_com": "Sulphur-crested Cockatoo" }, "geometry": { "type": "Point", "coordinates": [ 149.0785, -35.3366 ] } }
]
}
