{
"type": "FeatureCollection",
"name": "Corvus_coronoides_habitats",
"crs": { "type": "name", "properties": { "name": "urn:ogc:def:crs:OGC:1.3:CRS84" } },
"features": [
{ "type": "Feature", "properties": { "month": 1, "species_sci": "Corvus coronoides", "species_com": "Australian Raven" }, "geometry": { "type": "MultiPolygon", "coordinates": [ [ [ [ 114.043625050505057, -34.640542222222223 ], [ 114.543158585858578, -34.640542222222223 ], [ 115.042692121212127, -34.640542222222223 ], [ 115.542225656565648, -34.640542222222223 ], [ 115.542225656565648, -34.494061111111108 ], [ 116.041759191919198, -34.494061111111108 ], [ 116.541292727272719, -34.494061111111108 ], [ 117.040826262626268, -34.494061111111108 ], [ 117.040826262626268, -34.640542222222223 ], [ 117.540359797979789, -34.640542222222223 ], [ 118.039893333333339, -34.640542222222223 ], [ 118.53942686868686, -34.640542222222223 ], [ 119.038960404040409, -34.640542222222223 ], [ 119.538493939393931, -34.640542222222223 ], [ 119.538493939393931, -34.78702333333333 ], [ 120.03802747474748, -34.78702333333333 ], [ 120.537561010101001, -34.78702333333333 ], [ 120.537561010101001, -34.933504444444445 ], [ 121.037094545454551, -34.933504444444445 ], [ 121.536628080808072, -34.933504444444445 ], [ 121.536628080808072, -35.079985555555552 ], [ 121.536628080808072, -35.07998555555556 ], [ 121.536628080808072, -35.226466666666667 ], [ 121.037094545454551, -35.226466666666667 ], [ 121.037094545454551, -35.372947777777782 ], [ 120.537561010101001, -35.372947777777782 ], [ 120.03802747474748, -35.372947777777782 ], [ 119.538493939393931, -35.372947777777782 ], [ 119.038960404040409, -35.372947777777782 ], [ 118.53942686868686, -35.372947777777782 ], [ 118.039893333333339, -35.372947777777782 ], [ 117.540359797979789, -35.372947777777782 ], [ 117.540359797979789, -35.226466666666667 ], [ 117.040826262626268, -35.226466666666667 ], [ 116.541292727272719, -35.226466666666667 ], [ 116.041759191919198, -35.226466666666667 ], [ 115.542225656565648, -35.226466666666667 ], [ 115.542225656565648, -35.07998555555556 ], [ 115.042692121212127, -35.07998555555556 ], [ 114.543158585858578, -35.07998555555556 ], [ 114.543158585858578, -34.933504444444445 ], [ 114.043625050505057, -34.933504444444445 ], [ 114.043625050505057, -34.787023333333337 ], [ 114.043625050505057, -34.78702333333333 ], [ 114.043625050505057, -34.640542222222223 ] ] ], [ [ [ 114.543158585858578, -33.02925 ], [ 115.042692121212127, -33.02925 ], [ 115.042692121212127, -32.88276888888889 ], [ 114.543158585858578, -32.88276888888889 ], [ 114.043625050505057, -32.88276888888889 ], [ 114.043625050505057, -32.736287777777775 ], [ 113.544091515151507, -32.736287777777775 ], [ 113.544091515151507, -32.589806666666668 ], [ 113.044557979797986, -32.589806666666668 ], [ 113.044557979797986, -32.443325555555553 ], [ 113.044557979797986, -32.296844444444446 ], [ 112.545024444444437, -32.296844444444446 ], [ 112.545024444444437, -32.150363333333331 ], [ 112.045490909090915, -32.150363333333331 ], [ 112.045490909090915, -32.003882222222224 ], [ 111.545957373737366, -32.003882222222224 ], [ 111.545957373737366, -31.857401111111109 ], [ 111.046423838383845, -31.857401111111109 ], [ 111.046423838383845, -31.71092 ], [ 111.046423838383845, -31.71092 ], [ 111.046423838383845, -31.564438888888887 ], [ 111.046423838383845, -31.417957777777772 ], [ 111.545957373737366, -31.417957777777772 ], [ 111.545957373737366, -31.271476666666665 ], [ 112.045490909090915, -31.271476666666665 ], [ 112.545024444444437, -31.271476666666665 ], [ 113.044557979797986, -31.271476666666665 ], [ 113.044557979797986, -31.12499555555555 ], [ 113.544091515151507, -31.12499555555555 ], [ 114.043625050505057, -31.12499555555555 ], [ 114.543158585858578, -31.12499555555555 ], [ 115.042692121212127, -31.12499555555555 ], [ 115.542225656565648, -31.12499555555555 ], [ 115.542225656565648, -31.271476666666665 ], [ 116.041759191919198, -31.271476666666665 ], [ 116.541292727272719, -31.271476666666665 ], [ 117.040826262626268, -31.271476666666665 ], [ 117.540359797979789, -31.271476666666665 ], [ 118.039893333333339, -31.271476666666665 ], [ 118.039893333333339, -31.417957777777772 ], [ 118.53942686868686, -31.417957777777772 ], [ 119.038960404040409, -31.417957777777772 ], [ 119.038960404040409, -31.564438888888887 ], [ 119.538493939393931, -31.564438888888887 ], [ 120.03802747474748, -31.564438888888887 ], [ 120.03802747474748, -31.71092 ], [ 120.537561010101001, -31.71092 ], [ 120.537561010101001, -31.857401111111109 ], [ 121.037094545454551, -31.857401111111109 ], [ 121.037094545454551, -32.003882222222217 ], [ 121.037094545454551, -32.003882222222224 ], [ 121.037094545454551, -32.150363333333331 ], [ 121.037094545454551, -32.296844444444446 ], [ 120.537561010101001, -32.296844444444446 ], [ 120.537561010101001, -32.443325555555553 ], [ 120.03802747474748, -32.443325555555553 ], [ 119.538493939393931, -32.443325555555553 ], [ 119.038960404040409, -32.443325555555553 ], [ 119.038960404040409, -32.589806666666668 ], [ 118.53942686868686, -32.589806666666668 ], [ 118.53942686868686, -32.736287777777775 ], [ 118.53942686868686, -32.88276888888889 ], [ 118.039893333333339, -32.88276888888889 ], [ 117.540359797979789, -32.88276888888889 ], [ 117.540359797979789, -33.02925 ], [ 117.040826262626268, -33.02925 ], [ 117.040826262626268, -33.175731111111105 ], [ 117.040826262626268, -33.175731111111112 ], [ 117.040826262626268, -33.32221222222222 ], [ 117.540359797979789, -33.32221222222222 ], [ 117.540359797979789, -33.468693333333334 ], [ 117.040826262626268, -33.468693333333334 ], [ 116.541292727272719, -33.468693333333334 ], [ 116.041759191919198, -33.468693333333334 ], [ 115.542225656565648, -33.468693333333334 ], [ 115.042692121212127, -33.468693333333334 ], [ 115.042692121212127, -33.32221222222222 ], [ 114.543158585858578, -33.32221222222222 ], [ 114.043625050505057, -33.32221222222222 ], [ 114.043625050505057, -33.175731111111105 ], [ 114.543158585858578, -33.175731111111105 ], [ 114.543158585858578, -33.02925 ] ] ], [ [ [ 143.516103636363653, -36.837758888888885 ], [ 143.516103636363653, -36.691277777777778 ], [ 143.516103636363653, -36.54479666666667 ], [ 143.516103636363653, -36.544796666666663 ], [ 143.516103636363653, -36.398315555555556 ], [ 143.516103636363653, -36.251834444444448 ], [ 143.516103636363653, -36.251834444444441 ], [ 143.516103636363653, -36.105353333333333 ], [ 143.516103636363653, -35.958872222222226 ], [ 143.516103636363653, -35.958872222222219 ], [ 143.516103636363653, -35.812391111111111 ], [ 144.015637171717174, -35.812391111111111 ], [ 144.015637171717174, -35.66591 ], [ 144.515170707070695, -35.66591 ], [ 145.014704242424216, -35.66591 ], [ 145.014704242424216, -35.812391111111111 ], [ 145.014704242424216, -35.958872222222219 ], [ 145.014704242424216, -35.958872222222226 ], [ 145.014704242424216, -36.105353333333333 ], [ 145.014704242424216, -36.251834444444441 ], [ 145.014704242424216, -36.251834444444448 ], [ 145.014704242424216, -36.398315555555556 ], [ 145.014704242424216, -36.544796666666663 ], [ 145.014704242424216, -36.54479666666667 ], [ 145.014704242424216, -36.691277777777778 ], [ 145.014704242424216, -36.837758888888885 ], [ 145.014704242424216, -36.837758888888892 ], [ 145.014704242424216, -36.98424 ], [ 145.014704242424216, -37.130721111111107 ], [ 145.014704242424216, -37.130721111111114 ], [ 145.014704242424216, -37.277202222222222 ], [ 145.014704242424216, -37.423683333333329 ], [ 145.014704242424216, -37.423683333333337 ], [ 145.014704242424216, -37.570164444444444 ], [ 145.014704242424216, -37.716645555555559 ], [ 144.515170707070695, -37.716645555555559 ], [ 144.015637171717174, -37.716645555555559 ], [ 144.015637171717174, -37.570164444444444 ], [ 144.015637171717174, -37.423683333333337 ], [ 144.015637171717174, -37.423683333333329 ], [ 144.015637171717174, -37.277202222222222 ], [ 143.516103636363653, -37.277202222222222 ], [ 143.516103636363653, -37.130721111111114 ], [ 143.516103636363653, -37.130721111111107 ], [ 143.516103636363653, -36.98424 ], [ 143.516103636363653, -36.837758888888892 ], [ 143.516103636363653, -36.837758888888885 ] ] ], [ [ [ 143.516103636363624, -36.98424 ], [ 143.516103636363624, -37.130721111111114 ], [ 143.016570101010103, -37.130721111111114 ], [ 143.016570101010103, -36.98424 ], [ 143.016570101010103, -36.837758888888892 ], [ 143.016570101010103, -36.837758888888885 ], [ 143.016570101010103, -36.691277777777778 ], [ 143.516103636363624, -36.691277777777778 ], [ 143.516103636363624, -36.837758888888885 ], [ 143.516103636363624, -36.837758888888892 ], [ 143.516103636363624, -36.98424 ] ] ], [ [ [ 143.016570101010075, -36.837758888888885 ], [ 143.016570101010075, -36.837758888888892 ], [ 143.016570101010075, -36.98424 ], [ 142.517036565656554, -36.98424 ], [ 142.517036565656554, -36.837758888888892 ], [ 142.517036565656554, -36.837758888888885 ], [ 142.517036565656554, -36.691277777777778 ], [ 143.016570101010075, -36.691277777777778 ], [ 143.016570101010075, -36.837758888888885 ] ] ], [ [ [ 141.517969494949511, -35.958872222222219 ], [ 142.017503030303033, -35.958872222222219 ], [ 142.517036565656554, -35.958872222222219 ], [ 143.016570101010075, -35.958872222222219 ], [ 143.016570101010075, -36.105353333333333 ], [ 143.016570101010075, -36.251834444444441 ], [ 143.016570101010075, -36.251834444444448 ], [ 143.016570101010075, -36.398315555555556 ], [ 142.517036565656554, -36.398315555555556 ], [ 142.517036565656554, -36.251834444444448 ], [ 142.017503030303033, -36.251834444444448 ], [ 142.017503030303033, -36.105353333333333 ], [ 141.517969494949511, -36.105353333333333 ], [ 141.517969494949511, -35.958872222222219 ] ] ], [ [ [ 143.016570101010103, -35.958872222222219 ], [ 143.016570101010103, -35.812391111111111 ], [ 143.516103636363624, -35.812391111111111 ], [ 143.516103636363624, -35.958872222222219 ], [ 143.516103636363624, -35.958872222222226 ], [ 143.516103636363624, -36.105353333333333 ], [ 143.516103636363624, -36.251834444444441 ], [ 143.516103636363624, -36.251834444444448 ], [ 143.516103636363624, -36.398315555555556 ], [ 143.016570101010103, -36.398315555555556 ], [ 143.016570101010103, -36.251834444444448 ], [ 143.016570101010103, -36.251834444444441 ], [ 143.016570101010103, -36.105353333333333 ], [ 143.016570101010103, -35.958872222222226 ], [ 143.016570101010103, -35.958872222222219 ] ] ], [ [ [ 144.015637171717174, -34.933504444444445 ], [ 144.015637171717174, -34.78702333333333 ], [ 144.515170707070695, -34.78702333333333 ], [ 145.014704242424216, -34.78702333333333 ], [ 145.014704242424216, -34.933504444444445 ], [ 145.014704242424216, -35.079985555555552 ], [ 145.014704242424216, -35.07998555555556 ], [ 145.014704242424216, -35.226466666666667 ], [ 145.014704242424216, -35.372947777777782 ], [ 144.515170707070695, -35.372947777777782 ], [ 144.515170707070695, -35.226466666666667 ], [ 144.015637171717174, -35.226466666666667 ], [ 144.015637171717174, -35.07998555555556 ], [ 144.015637171717174, -35.079985555555552 ], [ 144.015637171717174, -34.933504444444445 ] ] ], [ [ [ 138.02123474747475, -33.615174444444442 ], [ 138.520768282828271, -33.615174444444442 ], [ 138.520768282828271, -33.761655555555556 ], [ 138.02123474747475, -33.761655555555556 ], [ 137.521701212121229, -33.761655555555556 ], [ 137.521701212121229, -33.615174444444442 ], [ 138.02123474747475, -33.615174444444442 ] ] ], [ [ [ 136.52263414141413, -33.615174444444442 ], [ 137.022167676767651, -33.615174444444442 ], [ 137.022167676767651, -33.761655555555556 ], [ 136.52263414141413, -33.761655555555556 ], [ 136.52263414141413, -33.615174444444442 ] ] ], [ [ [ 137.02216767676768, -33.615174444444442 ], [ 137.521701212121201, -33.615174444444442 ], [ 137.521701212121201, -33.761655555555556 ], [ 137.02216767676768, -33.761655555555556 ], [ 137.02216767676768, -33.615174444444442 ] ] ], [ [ [ 145.014704242424244, -37.423683333333337 ], [ 145.014704242424244, -37.423683333333329 ], [ 145.014704242424244, -37.277202222222222 ], [ 145.014704242424244, -37.130721111111114 ], [ 145.014704242424244, -37.130721111111107 ], [ 145.014704242424244, -36.98424 ], [ 145.014704242424244, -36.837758888888892 ], [ 145.014704242424244, -36.837758888888885 ], [ 145.014704242424244, -36.691277777777778 ], [ 145.014704242424244, -36.54479666666667 ], [ 145.014704242424244, -36.544796666666663 ], [ 145.014704242424244, -36.398315555555556 ], [ 145.014704242424244, -36.251834444444448 ], [ 145.014704242424244, -36.251834444444441 ], [ 145.014704242424244, -36.105353333333333 ], [ 145.014704242424244, -35.958872222222226 ], [ 145.014704242424244, -35.958872222222219 ], [ 145.014704242424244, -35.812391111111111 ], [ 145.014704242424244, -35.66591 ], [ 145.514237777777765, -35.66591 ], [ 145.514237777777765, -35.812391111111111 ], [ 145.514237777777765, -35.958872222222219 ], [ 145.514237777777765, -35.958872222222226 ], [ 145.514237777777765, -36.105353333333333 ], [ 145.514237777777765, -36.251834444444441 ], [ 145.514237777777765, -36.251834444444448 ], [ 145.514237777777765, -36.398315555555556 ], [ 145.514237777777765, -36.544796666666663 ], [ 145.514237777777765, -36.54479666666667 ], [ 145.514237777777765, -36.691277777777778 ], [ 145.514237777777765, -36.837758888888885 ], [ 145.514237777777765, -36.837758888888892 ], [ 145.514237777777765, -36.98424 ], [ 145.514237777777765, -37.130721111111107 ], [ 145.514237777777765, -37.130721111111114 ], [ 145.514237777777765, -37.277202222222222 ], [ 145.514237777777765, -37.423683333333329 ], [ 145.514237777777765, -37.423683333333337 ], [ 145.514237777777765, -37.570164444444444 ], [ 145.514237777777765, -37.716645555555552 ], [ 145.514237777777765, -37.716645555555559 ], [ 145.514237777777765, -37.863126666666666 ], [ 145.014704242424244, -37.863126666666666 ], [ 145.014704242424244, -37.716645555555559 ], [ 145.014704242424244, -37.716645555555552 ], [ 145.014704242424244, -37.570164444444444 ], [ 145.014704242424244, -37.423683333333337 ] ] ], [ [ [ 145.514237777777794, -37.423683333333337 ], [ 145.514237777777794, -37.423683333333329 ], [ 145.514237777777794, -37.277202222222222 ], [ 145.514237777777794, -37.130721111111114 ], [ 145.514237777777794, -37.130721111111107 ], [ 145.514237777777794, -36.98424 ], [ 145.514237777777794, -36.837758888888892 ], [ 145.514237777777794, -36.837758888888885 ], [ 145.514237777777794, -36.691277777777778 ], [ 145.514237777777794, -36.54479666666667 ], [ 145.514237777777794, -36.544796666666663 ], [ 145.514237777777794, -36.398315555555556 ], [ 145.514237777777794, -36.251834444444448 ], [ 145.514237777777794, -36.251834444444441 ], [ 145.514237777777794, -36.105353333333333 ], [ 145.514237777777794, -35.958872222222226 ], [ 145.514237777777794, -35.958872222222219 ], [ 145.514237777777794, -35.812391111111111 ], [ 145.514237777777794, -35.66591 ], [ 146.013771313131315, -35.66591 ], [ 146.013771313131315, -35.812391111111111 ], [ 146.513304848484836, -35.812391111111111 ], [ 147.012838383838357, -35.812391111111111 ], [ 147.012838383838357, -35.958872222222219 ], [ 147.012838383838357, -35.958872222222226 ], [ 147.012838383838357, -36.105353333333333 ], [ 147.012838383838357, -36.251834444444441 ], [ 147.012838383838357, -36.251834444444448 ], [ 147.012838383838357, -36.398315555555556 ], [ 147.012838383838357, -36.544796666666663 ], [ 147.012838383838357, -36.54479666666667 ], [ 147.012838383838357, -36.691277777777778 ], [ 147.012838383838357, -36.837758888888885 ], [ 147.012838383838357, -36.837758888888892 ], [ 147.012838383838357, -36.98424 ], [ 147.012838383838357, -37.130721111111107 ], [ 147.012838383838357, -37.130721111111114 ], [ 147.012838383838357, -37.277202222222222 ], [ 147.012838383838357, -37.423683333333329 ], [ 147.012838383838357, -37.423683333333337 ], [ 147.012838383838357, -37.570164444444444 ], [ 147.012838383838357, -37.716645555555552 ], [ 147.012838383838357, -37.716645555555559 ], [ 147.012838383838357, -37.863126666666666 ], [ 146.513304848484836, -37.863126666666666 ], [ 146.013771313131315, -37.863126666666666 ], [ 145.514237777777794, -37.863126666666666 ], [ 145.514237777777794, -37.716645555555559 ], [ 145.514237777777794, -37.716645555555552 ], [ 145.514237777777794, -37.570164444444444 ], [ 145.514237777777794, -37.423683333333337 ] ] ], [ [ [ 145.514237777777794, -35.07998555555556 ], [ 145.514237777777794, -35.079985555555552 ], [ 145.514237777777794, -34.933504444444445 ], [ 145.514237777777794, -34.787023333333337 ], [ 145.514237777777794, -34.78702333333333 ], [ 145.514237777777794, -34.640542222222223 ], [ 145.514237777777794, -34.494061111111108 ], [ 145.514237777777794, -34.34758 ], [ 146.013771313131315, -34.34758 ], [ 146.013771313131315, -34.201098888888893 ], [ 146.013771313131315, -34.201098888888886 ], [ 146.013771313131315, -34.054617777777779 ], [ 146.013771313131315, -33.908136666666664 ], [ 145.514237777777794, -33.908136666666664 ], [ 145.514237777777794, -33.761655555555556 ], [ 145.514237777777794, -33.761655555555549 ], [ 145.514237777777794, -33.615174444444449 ], [ 145.514237777777794, -33.615174444444442 ], [ 145.514237777777794, -33.468693333333334 ], [ 145.514237777777794, -33.32221222222222 ], [ 146.013771313131315, -33.32221222222222 ], [ 146.013771313131315, -33.175731111111112 ], [ 146.013771313131315, -33.175731111111105 ], [ 146.013771313131315, -33.02925 ], [ 146.513304848484836, -33.02925 ], [ 146.513304848484836, -32.88276888888889 ], [ 146.513304848484836, -32.882768888888883 ], [ 146.513304848484836, -32.736287777777775 ], [ 147.012838383838357, -32.736287777777775 ], [ 147.012838383838357, -32.882768888888883 ], [ 147.012838383838357, -32.88276888888889 ], [ 147.012838383838357, -33.02925 ], [ 147.012838383838357, -33.175731111111105 ], [ 147.012838383838357, -33.175731111111112 ], [ 147.012838383838357, -33.32221222222222 ], [ 147.012838383838357, -33.468693333333334 ], [ 147.012838383838357, -33.615174444444442 ], [ 147.012838383838357, -33.615174444444449 ], [ 147.012838383838357, -33.761655555555549 ], [ 147.012838383838357, -33.761655555555556 ], [ 147.012838383838357, -33.908136666666664 ], [ 147.012838383838357, -34.054617777777779 ], [ 147.012838383838357, -34.201098888888886 ], [ 147.012838383838357, -34.201098888888893 ], [ 147.012838383838357, -34.34758 ], [ 147.012838383838357, -34.34758 ], [ 147.012838383838357, -34.494061111111108 ], [ 147.012838383838357, -34.640542222222223 ], [ 147.012838383838357, -34.78702333333333 ], [ 147.012838383838357, -34.787023333333337 ], [ 147.012838383838357, -34.933504444444445 ], [ 147.012838383838357, -35.079985555555552 ], [ 147.012838383838357, -35.07998555555556 ], [ 147.012838383838357, -35.226466666666667 ], [ 147.012838383838357, -35.372947777777775 ], [ 147.012838383838357, -35.372947777777782 ], [ 147.012838383838357, -35.519428888888889 ], [ 147.012838383838357, -35.66591 ], [ 146.513304848484836, -35.66591 ], [ 146.513304848484836, -35.519428888888889 ], [ 146.013771313131315, -35.519428888888889 ], [ 145.514237777777794, -35.519428888888889 ], [ 145.514237777777794, -35.372947777777782 ], [ 145.514237777777794, -35.372947777777775 ], [ 145.514237777777794, -35.226466666666667 ], [ 145.514237777777794, -35.07998555555556 ] ] ], [ [ [ 145.514237777777765, -35.372947777777782 ], [ 145.014704242424244, -35.372947777777782 ], [ 145.014704242424244, -35.226466666666667 ], [ 145.014704242424244, -35.07998555555556 ], [ 145.014704242424244, -35.079985555555552 ], [ 145.014704242424244, -34.933504444444445 ], [ 145.014704242424244, -34.787023333333337 ], [ 145.014704242424244, -34.78702333333333 ], [ 145.014704242424244, -34.640542222222223 ], [ 145.514237777777765, -34.640542222222223 ], [ 145.514237777777765, -34.78702333333333 ], [ 145.514237777777765, -34.787023333333337 ], [ 145.514237777777765, -34.933504444444445 ], [ 145.514237777777765, -35.079985555555552 ], [ 145.514237777777765, -35.07998555555556 ], [ 145.514237777777765, -35.226466666666667 ], [ 145.514237777777765, -35.372947777777782 ] ] ], [ [ [ 147.512371919191935, -38.009607777777781 ], [ 147.512371919191935, -37.863126666666666 ], [ 147.512371919191935, -37.716645555555559 ], [ 147.512371919191935, -37.716645555555552 ], [ 147.512371919191935, -37.570164444444444 ], [ 147.512371919191935, -37.423683333333329 ], [ 148.011905454545456, -37.423683333333329 ], [ 148.511438989898977, -37.423683333333329 ], [ 148.511438989898977, -37.570164444444444 ], [ 149.010972525252498, -37.570164444444444 ], [ 149.010972525252498, -37.716645555555552 ], [ 149.010972525252498, -37.716645555555559 ], [ 149.010972525252498, -37.863126666666666 ], [ 148.511438989898977, -37.863126666666666 ], [ 148.511438989898977, -38.009607777777781 ], [ 148.011905454545456, -38.009607777777781 ], [ 147.512371919191935, -38.009607777777781 ] ] ], [ [ [ 147.012838383838385, -37.423683333333337 ], [ 147.012838383838385, -37.423683333333329 ], [ 147.012838383838385, -37.277202222222222 ], [ 147.012838383838385, -37.130721111111114 ], [ 147.012838383838385, -37.130721111111107 ], [ 147.012838383838385, -36.98424 ], [ 147.012838383838385, -36.837758888888892 ], [ 147.012838383838385, -36.837758888888885 ], [ 147.012838383838385, -36.691277777777778 ], [ 147.012838383838385, -36.54479666666667 ], [ 147.012838383838385, -36.544796666666663 ], [ 147.012838383838385, -36.398315555555556 ], [ 147.012838383838385, -36.251834444444448 ], [ 147.012838383838385, -36.251834444444441 ], [ 147.012838383838385, -36.105353333333333 ], [ 147.012838383838385, -35.958872222222226 ], [ 147.012838383838385, -35.958872222222219 ], [ 147.012838383838385, -35.812391111111111 ], [ 147.512371919191906, -35.812391111111111 ], [ 147.512371919191906, -35.958872222222219 ], [ 147.512371919191906, -35.958872222222226 ], [ 147.512371919191906, -36.105353333333333 ], [ 147.512371919191906, -36.251834444444441 ], [ 147.512371919191906, -36.251834444444448 ], [ 147.512371919191906, -36.398315555555556 ], [ 147.512371919191906, -36.544796666666663 ], [ 147.512371919191906, -36.54479666666667 ], [ 147.512371919191906, -36.691277777777778 ], [ 147.512371919191906, -36.837758888888885 ], [ 147.512371919191906, -36.837758888888892 ], [ 147.512371919191906, -36.98424 ], [ 147.512371919191906, -37.130721111111107 ], [ 147.512371919191906, -37.130721111111114 ], [ 147.512371919191906, -37.277202222222222 ], [ 147.512371919191906, -37.423683333333329 ], [ 147.512371919191906, -37.423683333333337 ], [ 147.512371919191906, -37.570164444444444 ], [ 147.512371919191906, -37.716645555555552 ], [ 147.512371919191906, -37.716645555555559 ], [ 147.512371919191906, -37.863126666666666 ], [ 147.512371919191906, -38.009607777777781 ], [ 147.012838383838385, -38.009607777777781 ], [ 147.012838383838385, -37.863126666666666 ], [ 147.012838383838385, -37.716645555555559 ], [ 147.012838383838385, -37.716645555555552 ], [ 147.012838383838385, -37.570164444444444 ], [ 147.012838383838385, -37.423683333333337 ] ] ], [ [ [ 147.012838383838385, -35.079985555555552 ], [ 147.012838383838385, -34.933504444444445 ], [ 147.012838383838385, -34.787023333333337 ], [ 147.012838383838385, -34.78702333333333 ], [ 147.012838383838385, -34.640542222222223 ], [ 147.012838383838385, -34.494061111111108 ], [ 147.012838383838385, -34.34758 ], [ 147.012838383838385, -34.34758 ], [ 147.012838383838385, -34.201098888888893 ], [ 147.012838383838385, -34.201098888888886 ], [ 147.012838383838385, -34.054617777777779 ], [ 147.012838383838385, -33.908136666666664 ], [ 147.012838383838385, -33.761655555555556 ], [ 147.012838383838385, -33.761655555555549 ], [ 147.012838383838385, -33.615174444444449 ], [ 147.012838383838385, -33.615174444444442 ], [ 147.012838383838385, -33.468693333333334 ], [ 147.012838383838385, -33.32221222222222 ], [ 147.012838383838385, -33.175731111111112 ], [ 147.012838383838385, -33.175731111111105 ], [ 147.012838383838385, -33.02925 ], [ 147.012838383838385, -32.88276888888889 ], [ 147.012838383838385, -32.882768888888883 ], [ 147.012838383838385, -32.736287777777775 ], [ 147.012838383838385, -32.589806666666668 ], [ 147.012838383838385, -32.589806666666661 ], [ 147.012838383838385, -32.443325555555553 ], [ 147.012838383838385, -32.296844444444446 ], [ 147.012838383838385, -32.296844444444439 ], [ 147.012838383838385, -32.150363333333331 ], [ 147.512371919191906, -32.150363333333331 ], [ 147.512371919191906, -32.296844444444439 ], [ 147.512371919191906, -32.296844444444446 ], [ 147.512371919191906, -32.443325555555553 ], [ 147.512371919191906, -32.589806666666661 ], [ 147.512371919191906, -32.589806666666668 ], [ 147.512371919191906, -32.736287777777775 ], [ 147.512371919191906, -32.882768888888883 ], [ 147.512371919191906, -32.88276888888889 ], [ 147.512371919191906, -33.02925 ], [ 147.512371919191906, -33.175731111111105 ], [ 147.512371919191906, -33.175731111111112 ], [ 147.512371919191906, -33.32221222222222 ], [ 147.512371919191906, -33.468693333333334 ], [ 147.512371919191906, -33.615174444444442 ], [ 147.512371919191906, -33.615174444444449 ], [ 147.512371919191906, -33.761655555555549 ], [ 147.512371919191906, -33.761655555555556 ], [ 147.512371919191906, -33.908136666666664 ], [ 147.512371919191906, -34.054617777777779 ], [ 147.512371919191906, -34.201098888888886 ], [ 147.512371919191906, -34.201098888888893 ], [ 147.512371919191906, -34.34758 ], [ 147.512371919191906, -34.34758 ], [ 147.512371919191906, -34.494061111111108 ], [ 147.512371919191906, -34.640542222222223 ], [ 147.512371919191906, -34.78702333333333 ], [ 147.512371919191906, -34.787023333333337 ], [ 147.512371919191906, -34.933504444444445 ], [ 147.512371919191906, -35.079985555555552 ], [ 147.512371919191906, -35.07998555555556 ], [ 147.512371919191906, -35.226466666666667 ], [ 147.512371919191906, -35.372947777777775 ], [ 147.512371919191906, -35.372947777777782 ], [ 147.512371919191906, -35.519428888888889 ], [ 147.512371919191906, -35.66591 ], [ 147.012838383838385, -35.66591 ], [ 147.012838383838385, -35.519428888888889 ], [ 147.012838383838385, -35.372947777777782 ], [ 147.012838383838385, -35.372947777777775 ], [ 147.012838383838385, -35.226466666666667 ], [ 147.012838383838385, -35.07998555555556 ], [ 147.012838383838385, -35.079985555555552 ] ] ], [ [ [ 147.512371919191935, -32.882768888888883 ], [ 147.512371919191935, -32.736287777777775 ], [ 147.512371919191935, -32.589806666666668 ], [ 147.512371919191935, -32.589806666666661 ], [ 147.512371919191935, -32.443325555555553 ], [ 147.512371919191935, -32.296844444444446 ], [ 147.512371919191935, -32.296844444444439 ], [ 147.512371919191935, -32.150363333333331 ], [ 147.512371919191935, -32.003882222222217 ], [ 148.011905454545456, -32.003882222222217 ], [ 148.511438989898977, -32.003882222222217 ], [ 149.010972525252498, -32.003882222222217 ], [ 149.010972525252498, -32.150363333333331 ], [ 149.010972525252498, -32.296844444444439 ], [ 149.010972525252498, -32.296844444444446 ], [ 149.010972525252498, -32.443325555555553 ], [ 149.010972525252498, -32.589806666666661 ], [ 149.010972525252498, -32.589806666666668 ], [ 149.010972525252498, -32.736287777777775 ], [ 149.010972525252498, -32.882768888888883 ], [ 149.010972525252498, -32.88276888888889 ], [ 149.010972525252498, -33.02925 ], [ 149.010972525252498, -33.175731111111105 ], [ 149.010972525252498, -33.175731111111112 ], [ 149.010972525252498, -33.32221222222222 ], [ 149.010972525252498, -33.468693333333334 ], [ 149.010972525252498, -33.615174444444442 ], [ 149.010972525252498, -33.615174444444449 ], [ 149.010972525252498, -33.761655555555549 ], [ 149.010972525252498, -33.761655555555556 ], [ 149.010972525252498, -33.908136666666664 ], [ 149.010972525252498, -34.054617777777779 ], [ 149.010972525252498, -34.201098888888886 ], [ 149.010972525252498, -34.201098888888893 ], [ 149.010972525252498, -34.34758 ], [ 149.010972525252498, -34.34758 ], [ 149.010972525252498, -34.494061111111108 ], [ 149.010972525252498, -34.640542222222223 ], [ 149.010972525252498, -34.78702333333333 ], [ 149.010972525252498, -34.787023333333337 ], [ 149.010972525252498, -34.933504444444445 ], [ 149.010972525252498, -35.079985555555552 ], [ 149.010972525252498, -35.07998555555556 ], [ 149.010972525252498, -35.226466666666667 ], [ 149.010972525252498, -35.372947777777775 ], [ 149.010972525252498, -35.372947777777782 ], [ 149.010972525252498, -35.519428888888889 ], [ 149.010972525252498, -35.66591 ], [ 149.010972525252498, -35.66591 ], [ 149.010972525252498, -35.812391111111111 ], [ 148.511438989898977, -35.812391111111111 ], [ 148.511438989898977, -35.958872222222219 ], [ 149.010972525252498, -35.958872222222219 ], [ 149.010972525252498, -36.105353333333333 ], [ 149.010972525252498, -36.251834444444441 ], [ 149.010972525252498, -36.251834444444448 ], [ 149.010972525252498, -36.398315555555556 ], [ 149.010972525252498, -36.544796666666663 ], [ 149.010972525252498, -36.54479666666667 ], [ 149.010972525252498, -36.691277777777778 ], [ 149.010972525252498, -36.837758888888885 ], [ 149.010972525252498, -36.837758888888892 ], [ 149.010972525252498, -36.98424 ], [ 148.511438989898977, -36.98424 ], [ 148.011905454545456, -36.98424 ], [ 148.011905454545456, -37.130721111111114 ], [ 147.512371919191935, -37.130721111111114 ], [ 147.512371919191935, -36.98424 ], [ 147.512371919191935, -36.837758888888892 ], [ 147.512371919191935, -36.837758888888885 ], [ 147.512371919191935, -36.691277777777778 ], [ 147.512371919191935, -36.54479666666667 ], [ 147.512371919191935, -36.544796666666663 ], [ 147.512371919191935, -36.398315555555556 ], [ 147.512371919191935, -36.251834444444448 ], [ 147.512371919191935, -36.251834444444441 ], [ 147.512371919191935, -36.105353333333333 ], [ 147.512371919191935, -35.958872222222226 ], [ 147.512371919191935, -35.958872222222219 ], [ 147.512371919191935, -35.812391111111111 ], [ 147.512371919191935, -35.66591 ], [ 147.512371919191935, -35.66591 ], [ 147.512371919191935, -35.519428888888889 ], [ 147.512371919191935, -35.372947777777782 ], [ 147.512371919191935, -35.372947777777775 ], [ 147.512371919191935, -35.226466666666667 ], [ 147.512371919191935, -35.07998555555556 ], [ 147.512371919191935, -35.079985555555552 ], [ 147.512371919191935, -34.933504444444445 ], [ 147.512371919191935, -34.787023333333337 ], [ 147.512371919191935, -34.78702333333333 ], [ 147.512371919191935, -34.640542222222223 ], [ 147.512371919191935, -34.494061111111108 ], [ 147.512371919191935, -34.34758 ], [ 147.512371919191935, -34.34758 ], [ 147.512371919191935, -34.201098888888893 ], [ 147.512371919191935, -34.201098888888886 ], [ 147.512371919191935, -34.054617777777779 ], [ 147.512371919191935, -33.908136666666664 ], [ 147.512371919191935, -33.761655555555556 ], [ 147.512371919191935, -33.761655555555549 ], [ 147.512371919191935, -33.615174444444449 ], [ 147.512371919191935, -33.615174444444442 ], [ 147.512371919191935, -33.468693333333334 ], [ 147.512371919191935, -33.32221222222222 ], [ 147.512371919191935, -33.175731111111112 ], [ 147.512371919191935, -33.175731111111105 ], [ 147.512371919191935, -33.02925 ], [ 147.512371919191935, -32.88276888888889 ], [ 147.512371919191935, -32.882768888888883 ] ] ], [ [ [ 149.010972525252527, -36.544796666666663 ], [ 149.010972525252527, -36.398315555555556 ], [ 149.010972525252527, -36.251834444444448 ], [ 149.010972525252527, -36.251834444444441 ], [ 149.010972525252527, -36.105353333333333 ], [ 149.010972525252527, -35.958872222222219 ], [ 149.510506060606048, -35.958872222222219 ], [ 149.510506060606048, -36.105353333333333 ], [ 149.510506060606048, -36.251834444444441 ], [ 149.510506060606048, -36.251834444444448 ], [ 149.510506060606048, -36.398315555555556 ], [ 149.510506060606048, -36.544796666666663 ], [ 149.510506060606048, -36.54479666666667 ], [ 149.510506060606048, -36.691277777777778 ], [ 149.510506060606048, -36.837758888888885 ], [ 149.510506060606048, -36.837758888888892 ], [ 149.510506060606048, -36.98424 ], [ 149.010972525252527, -36.98424 ], [ 149.010972525252527, -36.837758888888892 ], [ 149.010972525252527, -36.837758888888885 ], [ 149.010972525252527, -36.691277777777778 ], [ 149.010972525252527, -36.54479666666667 ], [ 149.010972525252527, -36.544796666666663 ] ] ], [ [ [ 149.510506060606076, -36.251834444444441 ], [ 149.510506060606076, -36.105353333333333 ], [ 150.010039595959597, -36.105353333333333 ], [ 150.010039595959597, -36.251834444444441 ], [ 150.509573131313118, -36.251834444444441 ], [ 151.009106666666639, -36.251834444444441 ], [ 151.009106666666639, -36.398315555555556 ], [ 151.009106666666639, -36.544796666666663 ], [ 151.009106666666639, -36.54479666666667 ], [ 151.009106666666639, -36.691277777777778 ], [ 150.509573131313118, -36.691277777777778 ], [ 150.010039595959597, -36.691277777777778 ], [ 150.010039595959597, -36.837758888888892 ], [ 149.510506060606076, -36.837758888888892 ], [ 149.510506060606076, -36.691277777777778 ], [ 149.510506060606076, -36.54479666666667 ], [ 149.510506060606076, -36.544796666666663 ], [ 149.510506060606076, -36.398315555555556 ], [ 149.510506060606076, -36.251834444444448 ], [ 149.510506060606076, -36.251834444444441 ] ] ], [ [ [ 149.010972525252527, -35.372947777777775 ], [ 149.010972525252527, -35.226466666666667 ], [ 149.010972525252527, -35.07998555555556 ], [ 149.010972525252527, -35.079985555555552 ], [ 149.010972525252527, -34.933504444444445 ], [ 149.010972525252527, -34.787023333333337 ], [ 149.010972525252527, -34.78702333333333 ], [ 149.010972525252527, -34.640542222222223 ], [ 149.010972525252527, -34.494061111111108 ], [ 149.010972525252527, -34.34758 ], [ 149.010972525252527, -34.34758 ], [ 149.010972525252527, -34.201098888888893 ], [ 149.010972525252527, -34.201098888888886 ], [ 149.010972525252527, -34.054617777777779 ], [ 149.010972525252527, -33.908136666666664 ], [ 149.010972525252527, -33.761655555555556 ], [ 149.010972525252527, -33.761655555555549 ], [ 149.010972525252527, -33.615174444444449 ], [ 149.010972525252527, -33.615174444444442 ], [ 149.010972525252527, -33.468693333333334 ], [ 149.010972525252527, -33.32221222222222 ], [ 149.010972525252527, -33.175731111111112 ], [ 149.010972525252527, -33.175731111111105 ], [ 149.010972525252527, -33.02925 ], [ 149.010972525252527, -32.88276888888889 ], [ 149.010972525252527, -32.882768888888883 ], [ 149.010972525252527, -32.736287777777775 ], [ 149.010972525252527, -32.589806666666668 ], [ 149.010972525252527, -32.589806666666661 ], [ 149.010972525252527, -32.443325555555553 ], [ 149.010972525252527, -32.296844444444446 ], [ 149.010972525252527, -32.296844444444439 ], [ 149.010972525252527, -32.150363333333331 ], [ 149.010972525252527, -32.003882222222217 ], [ 149.510506060606048, -32.003882222222217 ], [ 149.510506060606048, -32.150363333333331 ], [ 149.510506060606048, -32.296844444444439 ], [ 149.510506060606048, -32.296844444444446 ], [ 149.510506060606048, -32.443325555555553 ], [ 149.510506060606048, -32.589806666666661 ], [ 149.510506060606048, -32.589806666666668 ], [ 149.510506060606048, -32.736287777777775 ], [ 149.510506060606048, -32.882768888888883 ], [ 149.510506060606048, -32.88276888888889 ], [ 149.510506060606048, -33.02925 ], [ 149.510506060606048, -33.175731111111105 ], [ 149.510506060606048, -33.175731111111112 ], [ 149.510506060606048, -33.32221222222222 ], [ 149.510506060606048, -33.468693333333334 ], [ 149.510506060606048, -33.615174444444442 ], [ 149.510506060606048, -33.615174444444449 ], [ 149.510506060606048, -33.761655555555549 ], [ 149.510506060606048, -33.761655555555556 ], [ 149.510506060606048, -33.908136666666664 ], [ 149.510506060606048, -34.054617777777779 ], [ 149.510506060606048, -34.201098888888886 ], [ 149.510506060606048, -34.201098888888893 ], [ 149.510506060606048, -34.34758 ], [ 149.510506060606048, -34.34758 ], [ 149.510506060606048, -34.494061111111108 ], [ 149.510506060606048, -34.640542222222223 ], [ 149.510506060606048, -34.78702333333333 ], [ 149.510506060606048, -34.787023333333337 ], [ 149.510506060606048, -34.933504444444445 ], [ 149.510506060606048, -35.079985555555552 ], [ 149.510506060606048, -35.07998555555556 ], [ 149.510506060606048, -35.226466666666667 ], [ 149.510506060606048, -35.372947777777775 ], [ 149.510506060606048, -35.372947777777782 ], [ 149.510506060606048, -35.519428888888889 ], [ 149.510506060606048, -35.66591 ], [ 149.510506060606048, -35.66591 ], [ 149.510506060606048, -35.812391111111111 ], [ 149.010972525252527, -35.812391111111111 ], [ 149.010972525252527, -35.66591 ], [ 149.010972525252527, -35.66591 ], [ 149.010972525252527, -35.519428888888889 ], [ 149.010972525252527, -35.372947777777782 ], [ 149.010972525252527, -35.372947777777775 ] ] ], [ [ [ 149.510506060606076, -35.226466666666667 ], [ 149.510506060606076, -35.07998555555556 ], [ 149.510506060606076, -35.079985555555552 ], [ 149.510506060606076, -34.933504444444445 ], [ 149.510506060606076, -34.787023333333337 ], [ 149.510506060606076, -34.78702333333333 ], [ 149.510506060606076, -34.640542222222223 ], [ 149.510506060606076, -34.494061111111108 ], [ 149.510506060606076, -34.34758 ], [ 149.510506060606076, -34.34758 ], [ 149.510506060606076, -34.201098888888893 ], [ 149.510506060606076, -34.201098888888886 ], [ 149.510506060606076, -34.054617777777779 ], [ 149.510506060606076, -33.908136666666664 ], [ 149.510506060606076, -33.761655555555556 ], [ 149.510506060606076, -33.761655555555549 ], [ 149.510506060606076, -33.615174444444449 ], [ 149.510506060606076, -33.615174444444442 ], [ 149.510506060606076, -33.468693333333334 ], [ 149.510506060606076, -33.32221222222222 ], [ 149.510506060606076, -33.175731111111112 ], [ 149.510506060606076, -33.175731111111105 ], [ 149.510506060606076, -33.02925 ], [ 149.510506060606076, -32.88276888888889 ], [ 149.510506060606076, -32.882768888888883 ], [ 149.510506060606076, -32.736287777777775 ], [ 149.510506060606076, -32.589806666666668 ], [ 149.510506060606076, -32.589806666666661 ], [ 149.510506060606076, -32.443325555555553 ], [ 149.510506060606076, -32.296844444444446 ], [ 149.510506060606076, -32.296844444444439 ], [ 149.510506060606076, -32.150363333333331 ], [ 149.510506060606076, -32.003882222222217 ], [ 150.010039595959597, -32.003882222222217 ], [ 150.010039595959597, -31.857401111111109 ], [ 150.509573131313118, -31.857401111111109 ], [ 150.509573131313118, -31.71092 ], [ 151.009106666666639, -31.71092 ], [ 151.009106666666639, -31.857401111111109 ], [ 151.009106666666639, -32.003882222222217 ], [ 151.009106666666639, -32.003882222222224 ], [ 151.009106666666639, -32.150363333333331 ], [ 151.009106666666639, -32.296844444444439 ], [ 151.009106666666639, -32.296844444444446 ], [ 151.009106666666639, -32.443325555555553 ], [ 151.009106666666639, -32.589806666666661 ], [ 151.009106666666639, -32.589806666666668 ], [ 151.009106666666639, -32.736287777777775 ], [ 151.009106666666639, -32.882768888888883 ], [ 151.009106666666639, -32.88276888888889 ], [ 151.009106666666639, -33.02925 ], [ 151.009106666666639, -33.175731111111105 ], [ 151.009106666666639, -33.175731111111112 ], [ 151.009106666666639, -33.32221222222222 ], [ 151.009106666666639, -33.468693333333334 ], [ 151.009106666666639, -33.615174444444442 ], [ 151.009106666666639, -33.615174444444449 ], [ 151.009106666666639, -33.761655555555549 ], [ 151.009106666666639, -33.761655555555556 ], [ 151.009106666666639, -33.908136666666664 ], [ 151.009106666666639, -34.054617777777779 ], [ 151.009106666666639, -34.201098888888886 ], [ 151.009106666666639, -34.201098888888893 ], [ 151.009106666666639, -34.34758 ], [ 151.009106666666639, -34.34758 ], [ 151.009106666666639, -34.494061111111108 ], [ 151.009106666666639, -34.640542222222223 ], [ 151.009106666666639, -34.78702333333333 ], [ 151.009106666666639, -34.787023333333337 ], [ 151.009106666666639, -34.933504444444445 ], [ 151.009106666666639, -35.079985555555552 ], [ 151.009106666666639, -35.07998555555556 ], [ 151.009106666666639, -35.226466666666667 ], [ 151.009106666666639, -35.372947777777775 ], [ 151.009106666666639, -35.372947777777782 ], [ 151.009106666666639, -35.519428888888889 ], [ 151.009106666666639, -35.66591 ], [ 151.009106666666639, -35.66591 ], [ 151.009106666666639, -35.812391111111111 ], [ 150.509573131313118, -35.812391111111111 ], [ 150.010039595959597, -35.812391111111111 ], [ 149.510506060606076, -35.812391111111111 ], [ 149.510506060606076, -35.66591 ], [ 149.510506060606076, -35.66591 ], [ 149.510506060606076, -35.519428888888889 ], [ 149.510506060606076, -35.372947777777782 ], [ 149.510506060606076, -35.372947777777775 ], [ 149.510506060606076, -35.226466666666667 ] ] ], [ [ [ 149.510506060606076, -30.685552222222221 ], [ 149.510506060606076, -30.539071111111113 ], [ 149.510506060606076, -30.539071111111106 ], [ 149.510506060606076, -30.39259 ], [ 150.010039595959597, -30.39259 ], [ 150.509573131313118, -30.39259 ], [ 151.009106666666639, -30.39259 ], [ 151.009106666666639, -30.539071111111106 ], [ 151.009106666666639, -30.539071111111113 ], [ 151.009106666666639, -30.685552222222221 ], [ 151.009106666666639, -30.832033333333335 ], [ 150.509573131313118, -30.832033333333335 ], [ 150.509573131313118, -30.685552222222221 ], [ 150.010039595959597, -30.685552222222221 ], [ 149.510506060606076, -30.685552222222221 ] ] ], [ [ [ 149.010972525252527, -30.39259 ], [ 149.510506060606048, -30.39259 ], [ 149.510506060606048, -30.539071111111113 ], [ 149.010972525252527, -30.539071111111113 ], [ 149.010972525252527, -30.39259 ] ] ], [ [ [ 151.009106666666668, -35.372947777777782 ], [ 151.009106666666668, -35.372947777777775 ], [ 151.009106666666668, -35.226466666666667 ], [ 151.009106666666668, -35.07998555555556 ], [ 151.009106666666668, -35.079985555555552 ], [ 151.009106666666668, -34.933504444444445 ], [ 151.009106666666668, -34.787023333333337 ], [ 151.009106666666668, -34.78702333333333 ], [ 151.009106666666668, -34.640542222222223 ], [ 151.009106666666668, -34.494061111111108 ], [ 151.009106666666668, -34.34758 ], [ 151.009106666666668, -34.34758 ], [ 151.009106666666668, -34.201098888888893 ], [ 151.009106666666668, -34.201098888888886 ], [ 151.009106666666668, -34.054617777777779 ], [ 151.009106666666668, -33.908136666666664 ], [ 151.009106666666668, -33.761655555555556 ], [ 151.009106666666668, -33.761655555555549 ], [ 151.009106666666668, -33.615174444444449 ], [ 151.009106666666668, -33.615174444444442 ], [ 151.009106666666668, -33.468693333333334 ], [ 151.009106666666668, -33.32221222222222 ], [ 151.009106666666668, -33.175731111111112 ], [ 151.009106666666668, -33.175731111111105 ], [ 151.009106666666668, -33.02925 ], [ 151.009106666666668, -32.88276888888889 ], [ 151.009106666666668, -32.882768888888883 ], [ 151.009106666666668, -32.736287777777775 ], [ 151.009106666666668, -32.589806666666668 ], [ 151.009106666666668, -32.589806666666661 ], [ 151.009106666666668, -32.443325555555553 ], [ 151.009106666666668, -32.296844444444446 ], [ 151.009106666666668, -32.296844444444439 ], [ 151.009106666666668, -32.150363333333331 ], [ 151.009106666666668, -32.003882222222224 ], [ 151.009106666666668, -32.003882222222217 ], [ 151.009106666666668, -31.857401111111109 ], [ 151.009106666666668, -31.71092 ], [ 151.508640202020189, -31.71092 ], [ 151.508640202020189, -31.857401111111109 ], [ 151.508640202020189, -32.003882222222217 ], [ 151.508640202020189, -32.003882222222224 ], [ 151.508640202020189, -32.150363333333331 ], [ 151.508640202020189, -32.296844444444439 ], [ 151.508640202020189, -32.296844444444446 ], [ 151.508640202020189, -32.443325555555553 ], [ 151.508640202020189, -32.589806666666661 ], [ 151.508640202020189, -32.589806666666668 ], [ 151.508640202020189, -32.736287777777775 ], [ 151.508640202020189, -32.882768888888883 ], [ 151.508640202020189, -32.88276888888889 ], [ 151.508640202020189, -33.02925 ], [ 151.508640202020189, -33.175731111111105 ], [ 151.508640202020189, -33.175731111111112 ], [ 151.508640202020189, -33.32221222222222 ], [ 151.508640202020189, -33.468693333333334 ], [ 151.508640202020189, -33.615174444444442 ], [ 151.508640202020189, -33.615174444444449 ], [ 151.508640202020189, -33.761655555555549 ], [ 151.508640202020189, -33.761655555555556 ], [ 151.508640202020189, -33.908136666666664 ], [ 151.508640202020189, -34.054617777777779 ], [ 151.508640202020189, -34.201098888888886 ], [ 151.508640202020189, -34.201098888888893 ], [ 151.508640202020189, -34.34758 ], [ 151.508640202020189, -34.34758 ], [ 151.508640202020189, -34.494061111111108 ], [ 151.508640202020189, -34.640542222222223 ], [ 151.508640202020189, -34.78702333333333 ], [ 151.508640202020189, -34.787023333333337 ], [ 151.508640202020189, -34.933504444444445 ], [ 151.508640202020189, -35.079985555555552 ], [ 151.508640202020189, -35.07998555555556 ], [ 151.508640202020189, -35.226466666666667 ], [ 151.508640202020189, -35.372947777777775 ], [ 151.508640202020189, -35.372947777777782 ], [ 151.508640202020189, -35.519428888888889 ], [ 151.508640202020189, -35.66591 ], [ 151.508640202020189, -35.66591 ], [ 151.508640202020189, -35.812391111111111 ], [ 151.009106666666668, -35.812391111111111 ], [ 151.009106666666668, -35.66591 ], [ 151.009106666666668, -35.66591 ], [ 151.009106666666668, -35.519428888888889 ], [ 151.009106666666668, -35.372947777777782 ] ] ], [ [ [ 151.508640202020217, -35.66591 ], [ 151.508640202020217, -35.66591 ], [ 151.508640202020217, -35.519428888888889 ], [ 151.508640202020217, -35.372947777777782 ], [ 151.508640202020217, -35.372947777777775 ], [ 151.508640202020217, -35.226466666666667 ], [ 151.508640202020217, -35.07998555555556 ], [ 151.508640202020217, -35.079985555555552 ], [ 151.508640202020217, -34.933504444444445 ], [ 151.508640202020217, -34.787023333333337 ], [ 151.508640202020217, -34.78702333333333 ], [ 151.508640202020217, -34.640542222222223 ], [ 151.508640202020217, -34.494061111111108 ], [ 151.508640202020217, -34.34758 ], [ 151.508640202020217, -34.34758 ], [ 151.508640202020217, -34.201098888888893 ], [ 151.508640202020217, -34.201098888888886 ], [ 151.508640202020217, -34.054617777777779 ], [ 151.508640202020217, -33.908136666666664 ], [ 151.508640202020217, -33.761655555555556 ], [ 151.508640202020217, -33.761655555555549 ], [ 151.508640202020217, -33.615174444444449 ], [ 151.508640202020217, -33.615174444444442 ], [ 151.508640202020217, -33.468693333333334 ], [ 151.508640202020217, -33.32221222222222 ], [ 151.508640202020217, -33.175731111111112 ], [ 151.508640202020217, -33.175731111111105 ], [ 151.508640202020217, -33.02925 ], [ 151.508640202020217, -32.88276888888889 ], [ 151.508640202020217, -32.882768888888883 ], [ 151.508640202020217, -32.736287777777775 ], [ 151.508640202020217, -32.589806666666668 ], [ 151.508640202020217, -32.589806666666661 ], [ 151.508640202020217, -32.443325555555553 ], [ 151.508640202020217, -32.296844444444446 ], [ 151.508640202020217, -32.296844444444439 ], [ 151.508640202020217, -32.150363333333331 ], [ 151.508640202020217, -32.003882222222224 ], [ 151.508640202020217, -32.003882222222217 ], [ 151.508640202020217, -31.857401111111109 ], [ 151.508640202020217, -31.71092 ], [ 151.508640202020217, -31.71092 ], [ 151.508640202020217, -31.564438888888887 ], [ 152.008173737373738, -31.564438888888887 ], [ 152.507707272727259, -31.564438888888887 ], [ 153.00724080808078, -31.564438888888887 ], [ 153.00724080808078, -31.71092 ], [ 153.00724080808078, -31.71092 ], [ 153.00724080808078, -31.857401111111109 ], [ 153.00724080808078, -32.003882222222217 ], [ 153.00724080808078, -32.003882222222224 ], [ 153.00724080808078, -32.150363333333331 ], [ 153.00724080808078, -32.296844444444439 ], [ 153.00724080808078, -32.296844444444446 ], [ 153.00724080808078, -32.443325555555553 ], [ 153.00724080808078, -32.589806666666661 ], [ 153.00724080808078, -32.589806666666668 ], [ 153.00724080808078, -32.736287777777775 ], [ 153.00724080808078, -32.882768888888883 ], [ 153.00724080808078, -32.88276888888889 ], [ 153.00724080808078, -33.02925 ], [ 153.00724080808078, -33.175731111111105 ], [ 153.00724080808078, -33.175731111111112 ], [ 153.00724080808078, -33.32221222222222 ], [ 153.00724080808078, -33.468693333333334 ], [ 153.00724080808078, -33.615174444444442 ], [ 153.00724080808078, -33.615174444444449 ], [ 153.00724080808078, -33.761655555555549 ], [ 153.00724080808078, -33.761655555555556 ], [ 153.00724080808078, -33.908136666666664 ], [ 153.00724080808078, -34.054617777777779 ], [ 153.00724080808078, -34.201098888888886 ], [ 153.00724080808078, -34.201098888888893 ], [ 153.00724080808078, -34.34758 ], [ 153.00724080808078, -34.34758 ], [ 153.00724080808078, -34.494061111111108 ], [ 153.00724080808078, -34.640542222222223 ], [ 153.00724080808078, -34.78702333333333 ], [ 153.00724080808078, -34.787023333333337 ], [ 153.00724080808078, -34.933504444444445 ], [ 153.00724080808078, -35.079985555555552 ], [ 153.00724080808078, -35.07998555555556 ], [ 153.00724080808078, -35.226466666666667 ], [ 153.00724080808078, -35.372947777777775 ], [ 153.00724080808078, -35.372947777777782 ], [ 153.00724080808078, -35.519428888888889 ], [ 153.00724080808078, -35.66591 ], [ 152.507707272727259, -35.66591 ], [ 152.008173737373738, -35.66591 ], [ 152.008173737373738, -35.812391111111111 ], [ 151.508640202020217, -35.812391111111111 ], [ 151.508640202020217, -35.66591 ] ] ], [ [ [ 151.508640202020189, -30.39259 ], [ 151.508640202020189, -30.539071111111106 ], [ 151.508640202020189, -30.539071111111113 ], [ 151.508640202020189, -30.685552222222221 ], [ 151.508640202020189, -30.832033333333335 ], [ 151.009106666666668, -30.832033333333335 ], [ 151.009106666666668, -30.685552222222221 ], [ 151.009106666666668, -30.539071111111113 ], [ 151.009106666666668, -30.539071111111106 ], [ 151.009106666666668, -30.39259 ], [ 151.508640202020189, -30.39259 ] ] ], [ [ [ 152.008173737373738, -30.539071111111106 ], [ 152.507707272727259, -30.539071111111106 ], [ 153.00724080808078, -30.539071111111106 ], [ 153.00724080808078, -30.685552222222221 ], [ 152.507707272727259, -30.685552222222221 ], [ 152.507707272727259, -30.832033333333335 ], [ 152.008173737373738, -30.832033333333335 ], [ 151.508640202020217, -30.832033333333335 ], [ 151.508640202020217, -30.685552222222221 ], [ 151.508640202020217, -30.539071111111113 ], [ 151.508640202020217, -30.539071111111106 ], [ 151.508640202020217, -30.39259 ], [ 152.008173737373738, -30.39259 ], [ 152.008173737373738, -30.539071111111106 ] ] ], [ [ [ 153.50677434343433, -35.519428888888889 ], [ 153.007240808080809, -35.519428888888889 ], [ 153.007240808080809, -35.372947777777782 ], [ 153.007240808080809, -35.372947777777775 ], [ 153.007240808080809, -35.226466666666667 ], [ 153.007240808080809, -35.07998555555556 ], [ 153.007240808080809, -35.079985555555552 ], [ 153.007240808080809, -34.933504444444445 ], [ 153.007240808080809, -34.787023333333337 ], [ 153.007240808080809, -34.78702333333333 ], [ 153.007240808080809, -34.640542222222223 ], [ 153.007240808080809, -34.494061111111108 ], [ 153.007240808080809, -34.34758 ], [ 153.007240808080809, -34.34758 ], [ 153.007240808080809, -34.201098888888893 ], [ 153.007240808080809, -34.201098888888886 ], [ 153.007240808080809, -34.054617777777779 ], [ 153.007240808080809, -33.908136666666664 ], [ 153.007240808080809, -33.761655555555556 ], [ 153.007240808080809, -33.761655555555549 ], [ 153.007240808080809, -33.615174444444449 ], [ 153.007240808080809, -33.615174444444442 ], [ 153.007240808080809, -33.468693333333334 ], [ 153.007240808080809, -33.32221222222222 ], [ 153.007240808080809, -33.175731111111112 ], [ 153.007240808080809, -33.175731111111105 ], [ 153.007240808080809, -33.02925 ], [ 153.007240808080809, -32.88276888888889 ], [ 153.007240808080809, -32.882768888888883 ], [ 153.007240808080809, -32.736287777777775 ], [ 153.007240808080809, -32.589806666666668 ], [ 153.007240808080809, -32.589806666666661 ], [ 153.007240808080809, -32.443325555555553 ], [ 153.007240808080809, -32.296844444444446 ], [ 153.007240808080809, -32.296844444444439 ], [ 153.007240808080809, -32.150363333333331 ], [ 153.007240808080809, -32.003882222222224 ], [ 153.007240808080809, -32.003882222222217 ], [ 153.007240808080809, -31.857401111111109 ], [ 153.007240808080809, -31.71092 ], [ 153.50677434343433, -31.71092 ], [ 153.50677434343433, -31.857401111111109 ], [ 153.50677434343433, -32.003882222222217 ], [ 153.50677434343433, -32.003882222222224 ], [ 153.50677434343433, -32.150363333333331 ], [ 153.50677434343433, -32.296844444444439 ], [ 153.50677434343433, -32.296844444444446 ], [ 153.50677434343433, -32.443325555555553 ], [ 153.50677434343433, -32.589806666666661 ], [ 153.50677434343433, -32.589806666666668 ], [ 153.50677434343433, -32.736287777777775 ], [ 153.50677434343433, -32.882768888888883 ], [ 153.50677434343433, -32.88276888888889 ], [ 153.50677434343433, -33.02925 ], [ 153.50677434343433, -33.175731111111105 ], [ 153.50677434343433, -33.175731111111112 ], [ 153.50677434343433, -33.32221222222222 ], [ 153.50677434343433, -33.468693333333334 ], [ 153.50677434343433, -33.615174444444442 ], [ 153.50677434343433, -33.615174444444449 ], [ 153.50677434343433, -33.761655555555549 ], [ 153.50677434343433, -33.761655555555556 ], [ 153.50677434343433, -33.908136666666664 ], [ 153.50677434343433, -34.054617777777779 ], [ 153.50677434343433, -34.201098888888886 ], [ 153.50677434343433, -34.201098888888893 ], [ 153.50677434343433, -34.34758 ], [ 153.50677434343433, -34.34758 ], [ 153.50677434343433, -34.494061111111108 ], [ 153.50677434343433, -34.640542222222223 ], [ 153.50677434343433, -34.78702333333333 ], [ 153.50677434343433, -34.787023333333337 ], [ 153.50677434343433, -34.933504444444445 ], [ 153.50677434343433, -35.079985555555552 ], [ 153.50677434343433, -35.07998555555556 ], [ 153.50677434343433, -35.226466666666667 ], [ 153.50677434343433, -35.372947777777775 ], [ 153.50677434343433, -35.372947777777782 ], [ 153.50677434343433, -35.519428888888889 ] ] ], [ [ [ 153.506774343434358, -35.079985555555552 ], [ 153.506774343434358, -34.933504444444445 ], [ 153.506774343434358, -34.787023333333337 ], [ 153.506774343434358, -34.78702333333333 ], [ 153.506774343434358, -34.640542222222223 ], [ 153.506774343434358, -34.494061111111108 ], [ 153.506774343434358, -34.34758 ], [ 153.506774343434358, -34.34758 ], [ 153.506774343434358, -34.201098888888893 ], [ 153.506774343434358, -34.201098888888886 ], [ 153.506774343434358, -34.054617777777779 ], [ 153.506774343434358, -33.908136666666664 ], [ 153.506774343434358, -33.761655555555556 ], [ 153.506774343434358, -33.761655555555549 ], [ 153.506774343434358, -33.615174444444449 ], [ 153.506774343434358, -33.615174444444442 ], [ 153.506774343434358, -33.468693333333334 ], [ 153.506774343434358, -33.32221222222222 ], [ 153.506774343434358, -33.175731111111112 ], [ 153.506774343434358, -33.175731111111105 ], [ 153.506774343434358, -33.02925 ], [ 153.506774343434358, -32.88276888888889 ], [ 153.506774343434358, -32.882768888888883 ], [ 153.506774343434358, -32.736287777777775 ], [ 153.506774343434358, -32.589806666666668 ], [ 153.506774343434358, -32.589806666666661 ], [ 153.506774343434358, -32.443325555555553 ], [ 153.506774343434358, -32.296844444444439 ], [ 154.006307878787879, -32.296844444444439 ], [ 154.006307878787879, -32.443325555555553 ], [ 154.5058414141414, -32.443325555555553 ], [ 154.5058414141414, -32.589806666666661 ], [ 155.005374949494922, -32.589806666666661 ], [ 155.005374949494922, -32.736287777777775 ], [ 155.005374949494922, -32.882768888888883 ], [ 155.005374949494922, -32.88276888888889 ], [ 155.005374949494922, -33.02925 ], [ 155.005374949494922, -33.175731111111105 ], [ 155.005374949494922, -33.175731111111112 ], [ 155.005374949494922, -33.32221222222222 ], [ 155.005374949494922, -33.468693333333334 ], [ 155.005374949494922, -33.615174444444442 ], [ 155.005374949494922, -33.615174444444449 ], [ 155.005374949494922, -33.761655555555549 ], [ 155.005374949494922, -33.761655555555556 ], [ 155.005374949494922, -33.908136666666664 ], [ 155.005374949494922, -34.054617777777779 ], [ 155.005374949494922, -34.201098888888886 ], [ 155.005374949494922, -34.201098888888893 ], [ 155.005374949494922, -34.34758 ], [ 155.005374949494922, -34.34758 ], [ 155.005374949494922, -34.494061111111108 ], [ 155.005374949494922, -34.640542222222223 ], [ 155.005374949494922, -34.78702333333333 ], [ 155.005374949494922, -34.787023333333337 ], [ 155.005374949494922, -34.933504444444445 ], [ 155.005374949494922, -35.079985555555552 ], [ 155.005374949494922, -35.07998555555556 ], [ 155.005374949494922, -35.226466666666667 ], [ 154.5058414141414, -35.226466666666667 ], [ 154.006307878787879, -35.226466666666667 ], [ 154.006307878787879, -35.372947777777782 ], [ 153.506774343434358, -35.372947777777782 ], [ 153.506774343434358, -35.226466666666667 ], [ 153.506774343434358, -35.07998555555556 ], [ 153.506774343434358, -35.079985555555552 ] ] ], [ [ [ 155.00537494949495, -34.494061111111108 ], [ 155.00537494949495, -34.34758 ], [ 155.00537494949495, -34.34758 ], [ 155.00537494949495, -34.201098888888893 ], [ 155.00537494949495, -34.201098888888886 ], [ 155.00537494949495, -34.054617777777779 ], [ 155.00537494949495, -33.908136666666664 ], [ 155.00537494949495, -33.761655555555556 ], [ 155.00537494949495, -33.761655555555549 ], [ 155.00537494949495, -33.615174444444449 ], [ 155.00537494949495, -33.615174444444442 ], [ 155.00537494949495, -33.468693333333334 ], [ 155.00537494949495, -33.32221222222222 ], [ 155.00537494949495, -33.175731111111112 ], [ 155.00537494949495, -33.175731111111105 ], [ 155.00537494949495, -33.02925 ], [ 155.00537494949495, -32.88276888888889 ], [ 155.00537494949495, -32.882768888888883 ], [ 155.00537494949495, -32.736287777777775 ], [ 155.504908484848471, -32.736287777777775 ], [ 155.504908484848471, -32.882768888888883 ], [ 155.504908484848471, -32.88276888888889 ], [ 155.504908484848471, -33.02925 ], [ 155.504908484848471, -33.175731111111105 ], [ 155.504908484848471, -33.175731111111112 ], [ 155.504908484848471, -33.32221222222222 ], [ 155.504908484848471, -33.468693333333334 ], [ 155.504908484848471, -33.615174444444442 ], [ 155.504908484848471, -33.615174444444449 ], [ 155.504908484848471, -33.761655555555549 ], [ 155.504908484848471, -33.761655555555556 ], [ 155.504908484848471, -33.908136666666664 ], [ 155.504908484848471, -34.054617777777779 ], [ 155.504908484848471, -34.201098888888886 ], [ 155.504908484848471, -34.201098888888893 ], [ 155.504908484848471, -34.34758 ], [ 155.504908484848471, -34.34758 ], [ 155.504908484848471, -34.494061111111108 ], [ 155.504908484848471, -34.640542222222223 ], [ 155.504908484848471, -34.78702333333333 ], [ 155.504908484848471, -34.787023333333337 ], [ 155.504908484848471, -34.933504444444445 ], [ 155.504908484848471, -35.07998555555556 ], [ 155.00537494949495, -35.07998555555556 ], [ 155.00537494949495, -34.933504444444445 ], [ 155.00537494949495, -34.787023333333337 ], [ 155.00537494949495, -34.78702333333333 ], [ 155.00537494949495, -34.640542222222223 ], [ 155.00537494949495, -34.494061111111108 ] ] ], [ [ [ 155.504908484848499, -34.201098888888893 ], [ 155.504908484848499, -34.201098888888886 ], [ 155.504908484848499, -34.054617777777779 ], [ 155.504908484848499, -33.908136666666664 ], [ 155.504908484848499, -33.761655555555549 ], [ 156.004442020202021, -33.761655555555549 ], [ 156.004442020202021, -33.908136666666664 ], [ 156.004442020202021, -34.054617777777779 ], [ 156.004442020202021, -34.201098888888886 ], [ 156.004442020202021, -34.201098888888893 ], [ 156.004442020202021, -34.34758 ], [ 155.504908484848499, -34.34758 ], [ 155.504908484848499, -34.201098888888893 ] ] ], [ [ [ 153.506774343434358, -31.857401111111109 ], [ 154.006307878787879, -31.857401111111109 ], [ 154.006307878787879, -32.003882222222224 ], [ 153.506774343434358, -32.003882222222224 ], [ 153.506774343434358, -31.857401111111109 ] ] ] ] } },
{ "type": "Feature", "properties": { "month": 2, "species_sci": "Corvus coronoides", "species_com": "Australian Raven" }, "geometry": { "type": "MultiPolygon", "coordinates": [ [ [ [ 114.621508484848476, -34.663066464646462 ], [ 114.621508484848505, -34.663066464646462 ], [ 115.127199292929305, -34.663066464646462 ], [ 115.127199292929305, -34.522806969696973 ], [ 115.632890101010105, -34.522806969696973 ], [ 116.138580909090905, -34.522806969696973 ], [ 116.644271717171705, -34.522806969696973 ], [ 116.644271717171705, -34.382547474747469 ], [ 117.149962525252533, -34.382547474747469 ], [ 117.655653333333333, -34.382547474747469 ], [ 117.655653333333333, -34.522806969696973 ], [ 118.161344141414133, -34.522806969696973 ], [ 118.161344141414162, -34.522806969696973 ], [ 118.667034949494962, -34.522806969696973 ], [ 119.172725757575762, -34.522806969696973 ], [ 119.172725757575762, -34.663066464646462 ], [ 119.678416565656562, -34.663066464646462 ], [ 120.18410737373739, -34.663066464646462 ], [ 120.18410737373739, -34.803325959595966 ], [ 120.68979818181819, -34.803325959595966 ], [ 120.68979818181819, -34.943585454545456 ], [ 121.19548898989899, -34.943585454545456 ], [ 121.19548898989899, -35.083844949494946 ], [ 121.701179797979819, -35.083844949494946 ], [ 121.701179797979819, -35.22410444444445 ], [ 121.19548898989899, -35.22410444444445 ], [ 121.19548898989899, -35.36436393939394 ], [ 120.68979818181819, -35.36436393939394 ], [ 120.18410737373739, -35.36436393939394 ], [ 120.184107373737362, -35.36436393939394 ], [ 119.678416565656562, -35.36436393939394 ], [ 119.172725757575762, -35.36436393939394 ], [ 118.667034949494962, -35.36436393939394 ], [ 118.161344141414162, -35.36436393939394 ], [ 118.161344141414133, -35.36436393939394 ], [ 117.655653333333333, -35.36436393939394 ], [ 117.655653333333333, -35.22410444444445 ], [ 117.149962525252533, -35.22410444444445 ], [ 116.644271717171733, -35.22410444444445 ], [ 116.644271717171705, -35.22410444444445 ], [ 116.138580909090905, -35.22410444444445 ], [ 115.632890101010105, -35.22410444444445 ], [ 115.632890101010105, -35.083844949494946 ], [ 115.127199292929305, -35.083844949494946 ], [ 114.621508484848476, -35.083844949494946 ], [ 114.621508484848476, -34.943585454545456 ], [ 114.115817676767676, -34.943585454545456 ], [ 114.115817676767676, -34.803325959595966 ], [ 114.115817676767676, -34.663066464646462 ], [ 114.621508484848476, -34.663066464646462 ] ] ], [ [ [ 113.104436060606048, -32.559174040404045 ], [ 113.104436060606048, -32.418914545454541 ], [ 113.104436060606048, -32.278655050505051 ], [ 112.598745252525248, -32.278655050505051 ], [ 112.598745252525248, -32.138395555555562 ], [ 112.093054444444448, -32.138395555555562 ], [ 112.093054444444448, -31.998136060606061 ], [ 111.587363636363648, -31.998136060606061 ], [ 111.587363636363648, -31.857876565656564 ], [ 111.081672828282819, -31.857876565656564 ], [ 111.081672828282819, -31.717617070707071 ], [ 111.081672828282819, -31.717617070707067 ], [ 111.081672828282819, -31.577357575757578 ], [ 111.081672828282819, -31.577357575757574 ], [ 111.081672828282819, -31.437098080808081 ], [ 111.587363636363648, -31.437098080808081 ], [ 111.587363636363648, -31.296838585858584 ], [ 112.093054444444448, -31.296838585858584 ], [ 112.598745252525248, -31.296838585858584 ], [ 113.104436060606048, -31.296838585858584 ], [ 113.104436060606076, -31.296838585858584 ], [ 113.610126868686876, -31.296838585858584 ], [ 113.610126868686876, -31.156579090909087 ], [ 114.115817676767676, -31.156579090909087 ], [ 114.621508484848476, -31.156579090909087 ], [ 114.621508484848505, -31.156579090909087 ], [ 115.127199292929305, -31.156579090909087 ], [ 115.632890101010105, -31.156579090909087 ], [ 116.138580909090905, -31.156579090909087 ], [ 116.644271717171733, -31.156579090909087 ], [ 116.644271717171733, -31.296838585858584 ], [ 117.149962525252533, -31.296838585858584 ], [ 117.655653333333333, -31.296838585858584 ], [ 118.161344141414133, -31.296838585858584 ], [ 118.161344141414162, -31.296838585858584 ], [ 118.667034949494962, -31.296838585858584 ], [ 118.667034949494962, -31.437098080808081 ], [ 119.172725757575762, -31.437098080808081 ], [ 119.172725757575762, -31.577357575757574 ], [ 119.678416565656562, -31.577357575757574 ], [ 120.18410737373739, -31.577357575757574 ], [ 120.18410737373739, -31.717617070707067 ], [ 120.68979818181819, -31.717617070707067 ], [ 120.68979818181819, -31.857876565656564 ], [ 120.68979818181819, -31.998136060606061 ], [ 121.19548898989899, -31.998136060606061 ], [ 121.19548898989899, -32.138395555555547 ], [ 121.19548898989899, -32.138395555555562 ], [ 121.19548898989899, -32.278655050505051 ], [ 120.68979818181819, -32.278655050505051 ], [ 120.68979818181819, -32.418914545454541 ], [ 120.18410737373739, -32.418914545454541 ], [ 120.184107373737362, -32.418914545454541 ], [ 119.678416565656562, -32.418914545454541 ], [ 119.172725757575762, -32.418914545454541 ], [ 119.172725757575762, -32.559174040404045 ], [ 118.667034949494962, -32.559174040404045 ], [ 118.667034949494962, -32.699433535353535 ], [ 119.172725757575762, -32.699433535353535 ], [ 119.172725757575762, -32.839693030303025 ], [ 119.678416565656562, -32.839693030303025 ], [ 119.678416565656562, -32.979952525252529 ], [ 119.678416565656562, -33.120212020202018 ], [ 119.172725757575762, -33.120212020202018 ], [ 119.172725757575762, -33.260471515151522 ], [ 118.667034949494962, -33.260471515151522 ], [ 118.161344141414162, -33.260471515151522 ], [ 118.161344141414133, -33.260471515151522 ], [ 117.655653333333333, -33.260471515151522 ], [ 117.149962525252533, -33.260471515151522 ], [ 116.644271717171733, -33.260471515151522 ], [ 116.644271717171705, -33.260471515151522 ], [ 116.138580909090905, -33.260471515151522 ], [ 115.632890101010105, -33.260471515151522 ], [ 115.632890101010105, -33.120212020202018 ], [ 115.127199292929305, -33.120212020202018 ], [ 114.621508484848476, -33.120212020202018 ], [ 114.621508484848476, -32.979952525252529 ], [ 114.115817676767676, -32.979952525252529 ], [ 113.610126868686876, -32.979952525252529 ], [ 113.610126868686876, -32.839693030303039 ], [ 113.104436060606048, -32.839693030303039 ], [ 113.104436060606048, -32.699433535353535 ], [ 113.104436060606048, -32.559174040404045 ] ] ], [ [ [ 138.388976464646447, -33.961768989898985 ], [ 138.894667272727276, -33.961768989898985 ], [ 139.400358080808076, -33.961768989898985 ], [ 139.400358080808104, -33.961768989898985 ], [ 139.906048888888876, -33.961768989898985 ], [ 139.906048888888904, -33.961768989898985 ], [ 140.411739696969704, -33.961768989898985 ], [ 140.917430505050504, -33.961768989898985 ], [ 140.917430505050532, -33.961768989898985 ], [ 141.423121313131304, -33.961768989898985 ], [ 141.423121313131332, -33.961768989898985 ], [ 141.928812121212104, -33.961768989898985 ], [ 141.928812121212133, -33.961768989898985 ], [ 142.434502929292904, -33.961768989898985 ], [ 142.434502929292933, -33.961768989898985 ], [ 142.940193737373733, -33.961768989898985 ], [ 143.445884545454533, -33.961768989898985 ], [ 143.445884545454561, -33.961768989898985 ], [ 143.951575353535361, -33.961768989898985 ], [ 143.951575353535361, -34.102028484848489 ], [ 144.457266161616161, -34.102028484848489 ], [ 144.962956969696961, -34.102028484848489 ], [ 144.96295696969699, -34.102028484848489 ], [ 145.468647777777761, -34.102028484848489 ], [ 145.46864777777779, -34.102028484848489 ], [ 145.97433858585859, -34.102028484848489 ], [ 145.97433858585859, -33.961768989898985 ], [ 145.468647777777761, -33.961768989898985 ], [ 145.468647777777761, -33.821509494949495 ], [ 145.468647777777761, -33.68125 ], [ 145.468647777777761, -33.540990505050502 ], [ 145.97433858585859, -33.540990505050502 ], [ 145.97433858585859, -33.400731010101012 ], [ 145.97433858585859, -33.260471515151508 ], [ 146.48002939393939, -33.260471515151508 ], [ 146.48002939393939, -33.120212020202018 ], [ 146.48002939393939, -32.979952525252529 ], [ 145.97433858585859, -32.979952525252529 ], [ 145.97433858585859, -32.839693030303039 ], [ 145.468647777777761, -32.839693030303039 ], [ 145.468647777777761, -32.699433535353535 ], [ 145.97433858585859, -32.699433535353535 ], [ 146.48002939393939, -32.699433535353535 ], [ 146.480029393939418, -32.699433535353535 ], [ 146.98572020202019, -32.699433535353535 ], [ 146.98572020202019, -32.559174040404045 ], [ 147.491411010101018, -32.559174040404045 ], [ 147.491411010101018, -32.418914545454541 ], [ 146.98572020202019, -32.418914545454541 ], [ 146.98572020202019, -32.278655050505051 ], [ 146.98572020202019, -32.138395555555547 ], [ 147.491411010101018, -32.138395555555547 ], [ 147.997101818181818, -32.138395555555547 ], [ 147.997101818181818, -31.998136060606061 ], [ 148.502792626262618, -31.998136060606061 ], [ 148.502792626262647, -31.998136060606061 ], [ 149.008483434343418, -31.998136060606061 ], [ 149.008483434343447, -31.998136060606061 ], [ 149.514174242424218, -31.998136060606061 ], [ 149.514174242424247, -31.998136060606061 ], [ 150.019865050505047, -31.998136060606061 ], [ 150.019865050505047, -32.138395555555547 ], [ 150.525555858585847, -32.138395555555547 ], [ 150.525555858585875, -32.138395555555547 ], [ 151.031246666666647, -32.138395555555547 ], [ 151.031246666666675, -32.138395555555547 ], [ 151.536937474747475, -32.138395555555547 ], [ 152.042628282828304, -32.138395555555547 ], [ 152.042628282828304, -32.278655050505051 ], [ 152.548319090909075, -32.278655050505051 ], [ 152.548319090909104, -32.278655050505051 ], [ 153.054009898989904, -32.278655050505051 ], [ 153.054009898989904, -32.418914545454541 ], [ 153.559700707070704, -32.418914545454541 ], [ 153.559700707070732, -32.418914545454541 ], [ 154.065391515151504, -32.418914545454541 ], [ 154.065391515151532, -32.418914545454541 ], [ 154.571082323232332, -32.418914545454541 ], [ 154.571082323232332, -32.559174040404045 ], [ 155.076773131313132, -32.559174040404045 ], [ 155.076773131313132, -32.699433535353535 ], [ 155.582463939393932, -32.699433535353535 ], [ 155.582463939393932, -32.839693030303025 ], [ 155.582463939393932, -32.839693030303039 ], [ 155.582463939393932, -32.979952525252529 ], [ 155.076773131313132, -32.979952525252529 ], [ 155.076773131313132, -33.120212020202018 ], [ 154.571082323232332, -33.120212020202018 ], [ 154.571082323232332, -33.260471515151508 ], [ 154.571082323232332, -33.260471515151522 ], [ 154.571082323232332, -33.400731010101012 ], [ 154.571082323232332, -33.540990505050502 ], [ 155.076773131313132, -33.540990505050502 ], [ 155.076773131313132, -33.68125 ], [ 155.582463939393932, -33.68125 ], [ 155.582463939393932, -33.821509494949495 ], [ 156.088154747474761, -33.821509494949495 ], [ 156.088154747474761, -33.961768989898985 ], [ 156.088154747474761, -34.102028484848489 ], [ 156.088154747474761, -34.242287979797979 ], [ 155.582463939393932, -34.242287979797979 ], [ 155.582463939393932, -34.382547474747483 ], [ 155.076773131313132, -34.382547474747483 ], [ 155.076773131313132, -34.522806969696973 ], [ 155.582463939393932, -34.522806969696973 ], [ 155.582463939393932, -34.663066464646462 ], [ 155.582463939393932, -34.803325959595966 ], [ 155.582463939393932, -34.943585454545456 ], [ 155.076773131313132, -34.943585454545456 ], [ 155.076773131313132, -35.083844949494946 ], [ 154.571082323232332, -35.083844949494946 ], [ 154.571082323232332, -35.22410444444445 ], [ 154.065391515151532, -35.22410444444445 ], [ 154.065391515151504, -35.22410444444445 ], [ 153.559700707070732, -35.22410444444445 ], [ 153.559700707070732, -35.36436393939394 ], [ 153.054009898989904, -35.36436393939394 ], [ 152.548319090909104, -35.36436393939394 ], [ 152.548319090909104, -35.504623434343443 ], [ 152.042628282828304, -35.504623434343443 ], [ 152.042628282828304, -35.644882929292933 ], [ 151.536937474747475, -35.644882929292933 ], [ 151.031246666666675, -35.644882929292933 ], [ 151.031246666666647, -35.644882929292933 ], [ 150.525555858585875, -35.644882929292933 ], [ 150.525555858585847, -35.644882929292933 ], [ 150.019865050505047, -35.644882929292933 ], [ 149.514174242424247, -35.644882929292933 ], [ 149.514174242424247, -35.785142424242423 ], [ 149.008483434343447, -35.785142424242423 ], [ 149.008483434343418, -35.785142424242423 ], [ 148.502792626262647, -35.785142424242423 ], [ 148.502792626262647, -35.925401919191913 ], [ 149.008483434343418, -35.925401919191913 ], [ 149.008483434343447, -35.925401919191913 ], [ 149.514174242424247, -35.925401919191913 ], [ 149.514174242424247, -36.065661414141417 ], [ 149.514174242424247, -36.205920909090906 ], [ 149.514174242424247, -36.34618040404041 ], [ 149.008483434343447, -36.34618040404041 ], [ 149.008483434343418, -36.34618040404041 ], [ 148.502792626262647, -36.34618040404041 ], [ 148.502792626262618, -36.34618040404041 ], [ 147.997101818181847, -36.34618040404041 ], [ 147.997101818181818, -36.34618040404041 ], [ 147.491411010101018, -36.34618040404041 ], [ 147.491411010101018, -36.4864398989899 ], [ 146.985720202020218, -36.4864398989899 ], [ 146.98572020202019, -36.4864398989899 ], [ 146.480029393939418, -36.4864398989899 ], [ 146.48002939393939, -36.4864398989899 ], [ 145.97433858585859, -36.4864398989899 ], [ 145.46864777777779, -36.4864398989899 ], [ 145.468647777777761, -36.4864398989899 ], [ 144.96295696969699, -36.4864398989899 ], [ 144.962956969696961, -36.4864398989899 ], [ 144.457266161616161, -36.4864398989899 ], [ 143.951575353535333, -36.4864398989899 ], [ 143.951575353535333, -36.34618040404041 ], [ 143.445884545454561, -36.34618040404041 ], [ 143.445884545454533, -36.34618040404041 ], [ 142.940193737373733, -36.34618040404041 ], [ 142.434502929292933, -36.34618040404041 ], [ 142.434502929292904, -36.34618040404041 ], [ 141.928812121212104, -36.34618040404041 ], [ 141.928812121212104, -36.205920909090906 ], [ 141.423121313131332, -36.205920909090906 ], [ 141.423121313131304, -36.205920909090906 ], [ 140.917430505050504, -36.205920909090906 ], [ 140.917430505050504, -36.065661414141417 ], [ 140.917430505050504, -35.925401919191913 ], [ 141.423121313131304, -35.925401919191913 ], [ 141.423121313131332, -35.925401919191913 ], [ 141.928812121212104, -35.925401919191913 ], [ 141.928812121212133, -35.925401919191913 ], [ 142.434502929292904, -35.925401919191913 ], [ 142.434502929292904, -35.785142424242423 ], [ 142.940193737373733, -35.785142424242423 ], [ 143.445884545454533, -35.785142424242423 ], [ 143.445884545454533, -35.644882929292933 ], [ 143.445884545454533, -35.504623434343443 ], [ 142.940193737373733, -35.504623434343443 ], [ 142.434502929292904, -35.504623434343443 ], [ 142.434502929292904, -35.36436393939394 ], [ 141.928812121212104, -35.36436393939394 ], [ 141.928812121212104, -35.22410444444445 ], [ 141.423121313131304, -35.22410444444445 ], [ 141.423121313131304, -35.083844949494946 ], [ 141.423121313131304, -34.943585454545456 ], [ 140.917430505050504, -34.943585454545456 ], [ 140.917430505050504, -34.803325959595966 ], [ 140.411739696969704, -34.803325959595966 ], [ 139.906048888888876, -34.803325959595966 ], [ 139.906048888888876, -34.663066464646462 ], [ 139.400358080808104, -34.663066464646462 ], [ 139.400358080808076, -34.663066464646462 ], [ 138.894667272727276, -34.663066464646462 ], [ 138.894667272727276, -34.522806969696973 ], [ 138.388976464646447, -34.522806969696973 ], [ 138.388976464646447, -34.382547474747483 ], [ 138.388976464646447, -34.382547474747469 ], [ 138.388976464646447, -34.242287979797979 ], [ 138.388976464646447, -34.102028484848489 ], [ 138.388976464646447, -33.961768989898985 ] ] ], [ [ [ 121.70117979797979, -30.876060101010101 ], [ 121.19548898989899, -30.876060101010101 ], [ 120.68979818181819, -30.876060101010101 ], [ 120.68979818181819, -30.735800606060604 ], [ 120.18410737373739, -30.735800606060604 ], [ 120.184107373737362, -30.735800606060604 ], [ 119.678416565656562, -30.735800606060604 ], [ 119.678416565656562, -30.595541111111107 ], [ 120.184107373737362, -30.595541111111107 ], [ 120.18410737373739, -30.595541111111107 ], [ 120.68979818181819, -30.595541111111107 ], [ 121.19548898989899, -30.595541111111107 ], [ 121.70117979797979, -30.595541111111107 ], [ 121.701179797979819, -30.595541111111107 ], [ 122.206870606060619, -30.595541111111107 ], [ 122.712561414141419, -30.595541111111107 ], [ 122.712561414141419, -30.735800606060604 ], [ 123.218252222222219, -30.735800606060604 ], [ 123.218252222222219, -30.876060101010101 ], [ 122.712561414141419, -30.876060101010101 ], [ 122.206870606060619, -30.876060101010101 ], [ 121.701179797979819, -30.876060101010101 ], [ 121.70117979797979, -30.876060101010101 ] ] ], [ [ [ 144.962956969696961, -38.169553838383834 ], [ 144.96295696969699, -38.169553838383834 ], [ 145.468647777777761, -38.169553838383834 ], [ 145.46864777777779, -38.169553838383834 ], [ 145.97433858585859, -38.169553838383834 ], [ 146.480029393939418, -38.169553838383834 ], [ 146.480029393939418, -38.309813333333338 ], [ 145.97433858585859, -38.309813333333338 ], [ 145.46864777777779, -38.309813333333338 ], [ 145.468647777777761, -38.309813333333338 ], [ 144.96295696969699, -38.309813333333338 ], [ 144.962956969696961, -38.309813333333338 ], [ 144.457266161616161, -38.309813333333338 ], [ 144.457266161616161, -38.169553838383834 ], [ 144.962956969696961, -38.169553838383834 ] ] ], [ [ [ 150.525555858585847, -31.437098080808081 ], [ 150.525555858585847, -31.296838585858584 ], [ 150.525555858585847, -31.156579090909087 ], [ 151.031246666666647, -31.156579090909087 ], [ 151.031246666666675, -31.156579090909087 ], [ 151.536937474747475, -31.156579090909087 ], [ 152.042628282828304, -31.156579090909087 ], [ 152.042628282828304, -31.296838585858584 ], [ 152.548319090909104, -31.296838585858584 ], [ 152.548319090909104, -31.437098080808081 ], [ 152.042628282828304, -31.437098080808081 ], [ 152.042628282828275, -31.437098080808081 ], [ 151.536937474747475, -31.437098080808081 ], [ 151.031246666666675, -31.437098080808081 ], [ 151.031246666666647, -31.437098080808081 ], [ 150.525555858585847, -31.437098080808081 ] ] ], [ [ [ 151.536937474747475, -28.912427171717173 ], [ 151.031246666666647, -28.912427171717173 ], [ 151.031246666666647, -28.772167676767676 ], [ 151.536937474747475, -28.772167676767676 ], [ 151.536937474747475, -28.631908181818179 ], [ 152.042628282828275, -28.631908181818179 ], [ 152.042628282828304, -28.631908181818179 ], [ 152.548319090909075, -28.631908181818179 ], [ 152.548319090909104, -28.631908181818179 ], [ 153.054009898989904, -28.631908181818179 ], [ 153.054009898989904, -28.772167676767676 ], [ 153.559700707070704, -28.772167676767676 ], [ 153.559700707070732, -28.772167676767676 ], [ 154.065391515151532, -28.772167676767676 ], [ 154.065391515151532, -28.912427171717169 ], [ 154.571082323232332, -28.912427171717169 ], [ 154.571082323232332, -29.052686666666666 ], [ 154.065391515151532, -29.052686666666666 ], [ 154.065391515151504, -29.052686666666666 ], [ 153.559700707070732, -29.052686666666666 ], [ 153.559700707070704, -29.052686666666666 ], [ 153.054009898989904, -29.052686666666666 ], [ 152.548319090909104, -29.052686666666666 ], [ 152.548319090909075, -29.052686666666666 ], [ 152.042628282828275, -29.052686666666666 ], [ 152.042628282828275, -28.912427171717173 ], [ 151.536937474747475, -28.912427171717173 ] ] ] ] } },
{ "type": "Feature", "properties": { "month": 3, "species_sci": "Corvus coronoides", "species_com": "Australian Raven" }, "geometry": { "type": "MultiPolygon", "coordinates": [ [ [ [ 120.108029595959607, -35.098878484848484 ], [ 120.108029595959607, -35.245609090909099 ], [ 119.601761010101001, -35.245609090909099 ], [ 119.095492424242423, -35.245609090909099 ], [ 118.589223838383845, -35.245609090909099 ], [ 118.589223838383816, -35.245609090909099 ], [ 118.082955252525238, -35.245609090909099 ], [ 117.57668666666666, -35.245609090909099 ], [ 117.070418080808082, -35.245609090909099 ], [ 116.564149494949476, -35.245609090909099 ], [ 116.564149494949476, -35.098878484848484 ], [ 116.057880909090898, -35.098878484848484 ], [ 116.057880909090898, -34.952147878787883 ], [ 115.55161232323232, -34.952147878787883 ], [ 115.55161232323232, -34.805417272727269 ], [ 116.057880909090898, -34.805417272727269 ], [ 116.564149494949476, -34.805417272727269 ], [ 116.564149494949504, -34.805417272727269 ], [ 117.070418080808082, -34.805417272727269 ], [ 117.57668666666666, -34.805417272727269 ], [ 118.082955252525238, -34.805417272727269 ], [ 118.589223838383816, -34.805417272727269 ], [ 118.589223838383845, -34.805417272727269 ], [ 119.095492424242423, -34.805417272727269 ], [ 119.095492424242423, -34.952147878787883 ], [ 119.601761010101001, -34.952147878787883 ], [ 120.108029595959607, -34.952147878787883 ], [ 120.108029595959607, -35.098878484848484 ] ] ], [ [ [ 114.032806565656557, -32.604458181818188 ], [ 113.526537979797979, -32.604458181818188 ], [ 113.526537979797979, -32.457727575757573 ], [ 113.526537979797979, -32.310996969696973 ], [ 113.020269393939373, -32.310996969696973 ], [ 113.020269393939373, -32.164266363636372 ], [ 112.514000808080795, -32.164266363636372 ], [ 112.007732222222216, -32.164266363636372 ], [ 112.007732222222216, -32.017535757575757 ], [ 112.007732222222216, -31.870805151515153 ], [ 111.501463636363638, -31.870805151515153 ], [ 111.501463636363638, -31.724074545454545 ], [ 111.501463636363638, -31.577343939393938 ], [ 112.007732222222216, -31.577343939393938 ], [ 112.007732222222216, -31.430613333333334 ], [ 112.514000808080795, -31.430613333333334 ], [ 113.020269393939373, -31.430613333333334 ], [ 113.020269393939373, -31.283882727272729 ], [ 113.526537979797979, -31.283882727272729 ], [ 114.032806565656557, -31.283882727272729 ], [ 114.539075151515135, -31.283882727272729 ], [ 114.539075151515163, -31.283882727272729 ], [ 115.045343737373742, -31.283882727272729 ], [ 115.55161232323232, -31.283882727272729 ], [ 116.057880909090898, -31.283882727272729 ], [ 116.564149494949476, -31.283882727272729 ], [ 116.564149494949504, -31.283882727272729 ], [ 117.070418080808082, -31.283882727272729 ], [ 117.070418080808082, -31.430613333333334 ], [ 117.57668666666666, -31.430613333333334 ], [ 118.082955252525238, -31.430613333333334 ], [ 118.589223838383845, -31.430613333333334 ], [ 118.589223838383845, -31.577343939393938 ], [ 119.095492424242423, -31.577343939393938 ], [ 119.095492424242423, -31.724074545454545 ], [ 119.601761010101001, -31.724074545454545 ], [ 120.108029595959607, -31.724074545454545 ], [ 120.108029595959607, -31.870805151515153 ], [ 120.108029595959607, -32.017535757575757 ], [ 120.614298181818185, -32.017535757575757 ], [ 120.614298181818185, -32.164266363636372 ], [ 120.108029595959607, -32.164266363636372 ], [ 120.108029595959607, -32.310996969696973 ], [ 119.601761010101001, -32.310996969696973 ], [ 119.601761010101001, -32.457727575757573 ], [ 119.095492424242423, -32.457727575757573 ], [ 118.589223838383845, -32.457727575757573 ], [ 118.589223838383845, -32.604458181818188 ], [ 118.589223838383845, -32.751188787878789 ], [ 118.589223838383845, -32.897919393939389 ], [ 118.082955252525238, -32.897919393939389 ], [ 117.57668666666666, -32.897919393939389 ], [ 117.57668666666666, -33.04465 ], [ 117.070418080808082, -33.04465 ], [ 116.564149494949504, -33.04465 ], [ 116.564149494949476, -33.04465 ], [ 116.057880909090898, -33.04465 ], [ 116.057880909090898, -32.897919393939389 ], [ 115.55161232323232, -32.897919393939389 ], [ 115.045343737373742, -32.897919393939389 ], [ 114.539075151515135, -32.897919393939389 ], [ 114.539075151515135, -32.751188787878789 ], [ 114.032806565656557, -32.751188787878789 ], [ 114.032806565656557, -32.604458181818188 ] ] ], [ [ [ 144.915190303030272, -38.03349060606061 ], [ 144.408921717171694, -38.03349060606061 ], [ 144.408921717171694, -37.88676 ], [ 143.902653131313116, -37.88676 ], [ 143.902653131313116, -37.740029393939395 ], [ 143.902653131313116, -37.593298787878794 ], [ 143.902653131313116, -37.446568181818179 ], [ 144.408921717171694, -37.446568181818179 ], [ 144.408921717171722, -37.446568181818179 ], [ 144.915190303030272, -37.446568181818179 ], [ 144.915190303030272, -37.299837575757579 ], [ 145.421458888888878, -37.299837575757579 ], [ 145.927727474747485, -37.299837575757579 ], [ 145.927727474747485, -37.446568181818179 ], [ 146.433996060606034, -37.446568181818179 ], [ 146.433996060606063, -37.446568181818179 ], [ 146.940264646464641, -37.446568181818179 ], [ 147.446533232323219, -37.446568181818179 ], [ 147.446533232323247, -37.446568181818179 ], [ 147.952801818181797, -37.446568181818179 ], [ 147.952801818181825, -37.446568181818179 ], [ 148.459070404040375, -37.446568181818179 ], [ 148.459070404040403, -37.446568181818179 ], [ 148.965338989898981, -37.446568181818179 ], [ 148.965338989898981, -37.593298787878794 ], [ 149.47160757575756, -37.593298787878794 ], [ 149.977876161616166, -37.593298787878794 ], [ 149.977876161616166, -37.740029393939395 ], [ 150.484144747474744, -37.740029393939395 ], [ 150.484144747474744, -37.88676 ], [ 150.484144747474744, -38.03349060606061 ], [ 149.977876161616166, -38.03349060606061 ], [ 149.977876161616138, -38.03349060606061 ], [ 149.47160757575756, -38.03349060606061 ], [ 148.965338989898981, -38.03349060606061 ], [ 148.965338989898981, -38.180221212121211 ], [ 148.459070404040403, -38.180221212121211 ], [ 148.459070404040375, -38.180221212121211 ], [ 147.952801818181825, -38.180221212121211 ], [ 147.952801818181797, -38.180221212121211 ], [ 147.446533232323247, -38.180221212121211 ], [ 147.446533232323219, -38.180221212121211 ], [ 146.940264646464641, -38.180221212121211 ], [ 146.433996060606063, -38.180221212121211 ], [ 146.433996060606034, -38.180221212121211 ], [ 145.927727474747485, -38.180221212121211 ], [ 145.927727474747456, -38.180221212121211 ], [ 145.421458888888878, -38.180221212121211 ], [ 145.421458888888878, -38.03349060606061 ], [ 144.9151903030303, -38.03349060606061 ], [ 144.915190303030272, -38.03349060606061 ] ] ], [ [ [ 145.421458888888878, -36.272723333333332 ], [ 144.915190303030272, -36.272723333333332 ], [ 144.915190303030272, -36.125992727272731 ], [ 144.408921717171694, -36.125992727272731 ], [ 144.408921717171694, -35.97926212121213 ], [ 144.915190303030272, -35.97926212121213 ], [ 144.915190303030272, -35.832531515151516 ], [ 145.421458888888878, -35.832531515151516 ], [ 145.927727474747456, -35.832531515151516 ], [ 145.927727474747485, -35.832531515151516 ], [ 146.433996060606034, -35.832531515151516 ], [ 146.433996060606063, -35.832531515151516 ], [ 146.940264646464641, -35.832531515151516 ], [ 147.446533232323247, -35.832531515151516 ], [ 147.446533232323247, -35.97926212121213 ], [ 147.952801818181797, -35.97926212121213 ], [ 147.952801818181825, -35.97926212121213 ], [ 148.459070404040375, -35.97926212121213 ], [ 148.459070404040403, -35.97926212121213 ], [ 148.965338989898981, -35.97926212121213 ], [ 148.965338989898981, -36.125992727272731 ], [ 149.47160757575756, -36.125992727272731 ], [ 149.47160757575756, -36.272723333333332 ], [ 149.977876161616166, -36.272723333333332 ], [ 149.977876161616166, -36.419453939393946 ], [ 149.977876161616166, -36.566184545454547 ], [ 149.47160757575756, -36.566184545454547 ], [ 148.965338989898981, -36.566184545454547 ], [ 148.965338989898953, -36.566184545454547 ], [ 148.459070404040403, -36.566184545454547 ], [ 148.459070404040375, -36.566184545454547 ], [ 147.952801818181825, -36.566184545454547 ], [ 147.952801818181797, -36.566184545454547 ], [ 147.446533232323247, -36.566184545454547 ], [ 147.446533232323219, -36.566184545454547 ], [ 146.940264646464641, -36.566184545454547 ], [ 146.433996060606034, -36.566184545454547 ], [ 146.433996060606034, -36.419453939393946 ], [ 145.927727474747485, -36.419453939393946 ], [ 145.927727474747456, -36.419453939393946 ], [ 145.421458888888878, -36.419453939393946 ], [ 145.421458888888878, -36.272723333333332 ] ] ], [ [ [ 144.408921717171694, -35.098878484848484 ], [ 144.408921717171694, -34.952147878787883 ], [ 144.408921717171694, -34.805417272727283 ], [ 144.408921717171694, -34.805417272727269 ], [ 144.408921717171694, -34.658686666666668 ], [ 144.915190303030272, -34.658686666666668 ], [ 144.915190303030272, -34.511956060606067 ], [ 145.421458888888878, -34.511956060606067 ], [ 145.927727474747456, -34.511956060606067 ], [ 145.927727474747456, -34.365225454545453 ], [ 146.433996060606034, -34.365225454545453 ], [ 146.433996060606034, -34.218494848484852 ], [ 146.433996060606034, -34.071764242424251 ], [ 146.433996060606034, -33.925033636363636 ], [ 145.927727474747456, -33.925033636363636 ], [ 145.927727474747456, -33.778303030303036 ], [ 145.927727474747456, -33.631572424242421 ], [ 145.927727474747456, -33.48484181818182 ], [ 145.927727474747456, -33.33811121212122 ], [ 145.927727474747456, -33.191380606060605 ], [ 145.927727474747456, -33.04465 ], [ 145.927727474747456, -32.897919393939389 ], [ 145.927727474747456, -32.751188787878789 ], [ 145.421458888888878, -32.751188787878789 ], [ 145.421458888888878, -32.604458181818188 ], [ 145.421458888888878, -32.457727575757573 ], [ 145.421458888888878, -32.310996969696973 ], [ 145.927727474747456, -32.310996969696973 ], [ 145.927727474747485, -32.310996969696973 ], [ 146.433996060606034, -32.310996969696973 ], [ 146.433996060606034, -32.164266363636372 ], [ 146.940264646464641, -32.164266363636372 ], [ 147.446533232323219, -32.164266363636372 ], [ 147.446533232323247, -32.164266363636372 ], [ 147.952801818181797, -32.164266363636372 ], [ 147.952801818181825, -32.164266363636372 ], [ 148.459070404040375, -32.164266363636372 ], [ 148.459070404040403, -32.164266363636372 ], [ 148.965338989898953, -32.164266363636372 ], [ 148.965338989898981, -32.164266363636372 ], [ 149.47160757575756, -32.164266363636372 ], [ 149.977876161616138, -32.164266363636372 ], [ 149.977876161616166, -32.164266363636372 ], [ 150.484144747474716, -32.164266363636372 ], [ 150.484144747474744, -32.164266363636372 ], [ 150.990413333333322, -32.164266363636372 ], [ 150.990413333333322, -32.310996969696973 ], [ 151.4966819191919, -32.310996969696973 ], [ 151.496681919191929, -32.310996969696973 ], [ 152.002950505050478, -32.310996969696973 ], [ 152.002950505050507, -32.310996969696973 ], [ 152.509219090909085, -32.310996969696973 ], [ 152.509219090909085, -32.457727575757573 ], [ 153.015487676767663, -32.457727575757573 ], [ 153.015487676767691, -32.457727575757573 ], [ 153.521756262626269, -32.457727575757573 ], [ 153.521756262626269, -32.604458181818188 ], [ 154.028024848484847, -32.604458181818188 ], [ 154.028024848484847, -32.751188787878789 ], [ 154.534293434343425, -32.751188787878789 ], [ 154.534293434343425, -32.897919393939389 ], [ 154.534293434343425, -33.04465 ], [ 154.534293434343425, -33.191380606060605 ], [ 154.534293434343425, -33.33811121212122 ], [ 154.534293434343425, -33.48484181818182 ], [ 155.040562020202003, -33.48484181818182 ], [ 155.040562020202003, -33.631572424242421 ], [ 155.040562020202003, -33.778303030303036 ], [ 155.54683060606061, -33.778303030303036 ], [ 155.54683060606061, -33.925033636363636 ], [ 155.54683060606061, -34.071764242424251 ], [ 155.54683060606061, -34.218494848484852 ], [ 155.54683060606061, -34.365225454545453 ], [ 155.040562020202003, -34.365225454545453 ], [ 155.040562020202003, -34.511956060606067 ], [ 155.040562020202003, -34.658686666666668 ], [ 155.040562020202003, -34.805417272727269 ], [ 155.040562020202003, -34.805417272727283 ], [ 155.040562020202003, -34.952147878787883 ], [ 154.534293434343425, -34.952147878787883 ], [ 154.534293434343425, -35.098878484848484 ], [ 154.028024848484847, -35.098878484848484 ], [ 154.028024848484819, -35.098878484848484 ], [ 153.521756262626269, -35.098878484848484 ], [ 153.521756262626269, -35.245609090909099 ], [ 153.015487676767691, -35.245609090909099 ], [ 153.015487676767691, -35.3923396969697 ], [ 152.509219090909085, -35.3923396969697 ], [ 152.509219090909085, -35.5390703030303 ], [ 152.002950505050507, -35.5390703030303 ], [ 152.002950505050507, -35.685800909090915 ], [ 151.496681919191929, -35.685800909090915 ], [ 151.4966819191919, -35.685800909090915 ], [ 150.990413333333322, -35.685800909090915 ], [ 150.484144747474744, -35.685800909090915 ], [ 150.484144747474716, -35.685800909090915 ], [ 149.977876161616166, -35.685800909090915 ], [ 149.977876161616138, -35.685800909090915 ], [ 149.47160757575756, -35.685800909090915 ], [ 148.965338989898981, -35.685800909090915 ], [ 148.965338989898953, -35.685800909090915 ], [ 148.459070404040403, -35.685800909090915 ], [ 148.459070404040375, -35.685800909090915 ], [ 147.952801818181825, -35.685800909090915 ], [ 147.952801818181797, -35.685800909090915 ], [ 147.446533232323219, -35.685800909090915 ], [ 147.446533232323219, -35.5390703030303 ], [ 146.940264646464641, -35.5390703030303 ], [ 146.433996060606063, -35.5390703030303 ], [ 146.433996060606034, -35.5390703030303 ], [ 145.927727474747456, -35.5390703030303 ], [ 145.927727474747456, -35.3923396969697 ], [ 145.421458888888878, -35.3923396969697 ], [ 145.421458888888878, -35.245609090909099 ], [ 144.9151903030303, -35.245609090909099 ], [ 144.915190303030272, -35.245609090909099 ], [ 144.408921717171694, -35.245609090909099 ], [ 144.408921717171694, -35.098878484848484 ] ] ], [ [ [ 147.446533232323219, -29.816576666666666 ], [ 147.446533232323219, -29.669846060606059 ], [ 147.952801818181797, -29.669846060606059 ], [ 147.952801818181797, -29.523115454545454 ], [ 148.459070404040375, -29.523115454545454 ], [ 148.459070404040403, -29.523115454545454 ], [ 148.965338989898953, -29.523115454545454 ], [ 148.965338989898981, -29.523115454545454 ], [ 149.47160757575756, -29.523115454545454 ], [ 149.977876161616138, -29.523115454545454 ], [ 149.977876161616166, -29.523115454545454 ], [ 150.484144747474716, -29.523115454545454 ], [ 150.484144747474744, -29.523115454545454 ], [ 150.990413333333322, -29.523115454545454 ], [ 151.496681919191929, -29.523115454545454 ], [ 151.496681919191929, -29.669846060606059 ], [ 152.002950505050478, -29.669846060606059 ], [ 152.002950505050507, -29.669846060606059 ], [ 152.509219090909085, -29.669846060606059 ], [ 153.015487676767691, -29.669846060606059 ], [ 153.015487676767691, -29.816576666666666 ], [ 153.521756262626269, -29.816576666666666 ], [ 153.521756262626269, -29.963307272727274 ], [ 153.521756262626269, -30.110037878787882 ], [ 153.521756262626269, -30.256768484848489 ], [ 153.015487676767691, -30.256768484848489 ], [ 153.015487676767691, -30.40349909090909 ], [ 153.015487676767691, -30.403499090909094 ], [ 153.015487676767691, -30.550229696969698 ], [ 152.509219090909085, -30.550229696969698 ], [ 152.002950505050507, -30.550229696969698 ], [ 152.002950505050478, -30.550229696969698 ], [ 151.496681919191929, -30.550229696969698 ], [ 151.4966819191919, -30.550229696969698 ], [ 150.990413333333322, -30.550229696969698 ], [ 150.484144747474716, -30.550229696969698 ], [ 150.484144747474716, -30.403499090909094 ], [ 149.977876161616166, -30.403499090909094 ], [ 149.977876161616138, -30.403499090909094 ], [ 149.47160757575756, -30.403499090909094 ], [ 149.47160757575756, -30.256768484848489 ], [ 148.965338989898953, -30.256768484848489 ], [ 148.965338989898953, -30.110037878787882 ], [ 148.459070404040403, -30.110037878787882 ], [ 148.459070404040375, -30.110037878787882 ], [ 147.952801818181797, -30.110037878787882 ], [ 147.952801818181797, -29.963307272727274 ], [ 147.446533232323219, -29.963307272727274 ], [ 147.446533232323219, -29.816576666666666 ] ] ] ] } },
{ "type": "Feature", "properties": { "month": 4, "species_sci": "Corvus coronoides", "species_com": "Australian Raven" }, "geometry": { "type": "MultiPolygon", "coordinates": [ [ [ [ 114.629713333333342, -32.324334242424243 ], [ 114.629713333333314, -32.324334242424243 ], [ 114.134644444444433, -32.324334242424243 ], [ 114.134644444444433, -32.190432929292925 ], [ 113.639575555555552, -32.190432929292925 ], [ 113.639575555555552, -32.056531616161621 ], [ 114.134644444444433, -32.056531616161621 ], [ 114.629713333333314, -32.056531616161621 ], [ 114.629713333333342, -32.056531616161621 ], [ 115.124782222222223, -32.056531616161621 ], [ 115.619851111111103, -32.056531616161621 ], [ 116.11492, -32.056531616161621 ], [ 116.11492, -32.056531616161621 ], [ 116.609988888888893, -32.056531616161621 ], [ 117.105057777777773, -32.056531616161621 ], [ 117.600126666666654, -32.056531616161621 ], [ 118.095195555555534, -32.056531616161621 ], [ 118.095195555555563, -32.056531616161621 ], [ 118.590264444444443, -32.056531616161621 ], [ 119.085333333333324, -32.056531616161621 ], [ 119.085333333333324, -32.190432929292925 ], [ 119.085333333333324, -32.324334242424243 ], [ 118.590264444444443, -32.324334242424243 ], [ 118.095195555555563, -32.324334242424243 ], [ 118.095195555555563, -32.458235555555547 ], [ 117.600126666666654, -32.458235555555547 ], [ 117.105057777777773, -32.458235555555547 ], [ 116.609988888888893, -32.458235555555547 ], [ 116.11492, -32.458235555555547 ], [ 116.11492, -32.458235555555547 ], [ 115.619851111111103, -32.458235555555547 ], [ 115.619851111111103, -32.324334242424243 ], [ 115.124782222222223, -32.324334242424243 ], [ 114.629713333333342, -32.324334242424243 ] ] ], [ [ [ 114.629713333333314, -32.056531616161614 ], [ 114.134644444444433, -32.056531616161614 ], [ 113.639575555555552, -32.056531616161614 ], [ 113.144506666666672, -32.056531616161614 ], [ 113.144506666666672, -31.922630303030303 ], [ 113.639575555555552, -31.922630303030303 ], [ 114.134644444444433, -31.922630303030303 ], [ 114.629713333333314, -31.922630303030303 ], [ 114.629713333333342, -31.922630303030303 ], [ 115.124782222222223, -31.922630303030303 ], [ 115.619851111111103, -31.922630303030303 ], [ 116.11492, -31.922630303030303 ], [ 116.11492, -31.922630303030303 ], [ 116.609988888888893, -31.922630303030303 ], [ 117.105057777777773, -31.922630303030303 ], [ 117.600126666666654, -31.922630303030303 ], [ 118.095195555555534, -31.922630303030303 ], [ 118.095195555555563, -31.922630303030303 ], [ 118.590264444444443, -31.922630303030303 ], [ 119.085333333333324, -31.922630303030303 ], [ 119.085333333333324, -32.056531616161614 ], [ 118.590264444444443, -32.056531616161614 ], [ 118.095195555555563, -32.056531616161614 ], [ 118.095195555555534, -32.056531616161614 ], [ 117.600126666666654, -32.056531616161614 ], [ 117.105057777777773, -32.056531616161614 ], [ 116.609988888888893, -32.056531616161614 ], [ 116.11492, -32.056531616161614 ], [ 116.11492, -32.056531616161614 ], [ 115.619851111111103, -32.056531616161614 ], [ 115.124782222222223, -32.056531616161614 ], [ 114.629713333333342, -32.056531616161614 ], [ 114.629713333333314, -32.056531616161614 ] ] ], [ [ [ 116.11492, -31.654827676767678 ], [ 116.609988888888893, -31.654827676767678 ], [ 117.105057777777773, -31.654827676767678 ], [ 117.600126666666654, -31.654827676767678 ], [ 118.095195555555563, -31.654827676767678 ], [ 118.095195555555563, -31.788728989898988 ], [ 118.590264444444443, -31.788728989898988 ], [ 118.590264444444443, -31.922630303030299 ], [ 118.095195555555563, -31.922630303030299 ], [ 118.095195555555534, -31.922630303030299 ], [ 117.600126666666654, -31.922630303030299 ], [ 117.105057777777773, -31.922630303030299 ], [ 116.609988888888893, -31.922630303030299 ], [ 116.11492, -31.922630303030299 ], [ 116.11492, -31.922630303030299 ], [ 115.619851111111103, -31.922630303030299 ], [ 115.124782222222223, -31.922630303030299 ], [ 114.629713333333342, -31.922630303030299 ], [ 114.629713333333314, -31.922630303030299 ], [ 114.134644444444433, -31.922630303030299 ], [ 113.639575555555552, -31.922630303030299 ], [ 113.144506666666672, -31.922630303030299 ], [ 112.649437777777763, -31.922630303030299 ], [ 112.649437777777763, -31.788728989898988 ], [ 112.649437777777763, -31.654827676767678 ], [ 113.144506666666672, -31.654827676767678 ], [ 113.639575555555552, -31.654827676767678 ], [ 114.134644444444433, -31.654827676767678 ], [ 114.629713333333314, -31.654827676767678 ], [ 114.629713333333342, -31.654827676767678 ], [ 115.124782222222223, -31.654827676767678 ], [ 115.619851111111103, -31.654827676767678 ], [ 116.11492, -31.654827676767678 ], [ 116.11492, -31.654827676767678 ] ] ], [ [ [ 113.639575555555552, -31.654827676767674 ], [ 113.144506666666672, -31.654827676767674 ], [ 112.649437777777763, -31.654827676767674 ], [ 112.649437777777763, -31.520926363636363 ], [ 113.144506666666672, -31.520926363636363 ], [ 113.639575555555552, -31.520926363636363 ], [ 114.134644444444433, -31.520926363636363 ], [ 114.629713333333314, -31.520926363636363 ], [ 114.629713333333342, -31.520926363636363 ], [ 115.124782222222223, -31.520926363636363 ], [ 115.619851111111103, -31.520926363636363 ], [ 116.11492, -31.520926363636363 ], [ 116.11492, -31.520926363636363 ], [ 116.609988888888893, -31.520926363636363 ], [ 117.105057777777773, -31.520926363636363 ], [ 117.600126666666654, -31.520926363636363 ], [ 117.600126666666654, -31.654827676767674 ], [ 117.105057777777773, -31.654827676767674 ], [ 116.609988888888893, -31.654827676767674 ], [ 116.11492, -31.654827676767674 ], [ 116.11492, -31.654827676767674 ], [ 115.619851111111103, -31.654827676767674 ], [ 115.124782222222223, -31.654827676767674 ], [ 114.629713333333342, -31.654827676767674 ], [ 114.629713333333314, -31.654827676767674 ], [ 114.134644444444433, -31.654827676767674 ], [ 113.639575555555552, -31.654827676767674 ] ] ], [ [ [ 114.629713333333342, -31.387025050505049 ], [ 115.124782222222223, -31.387025050505049 ], [ 115.619851111111103, -31.387025050505049 ], [ 116.11492, -31.387025050505049 ], [ 116.11492, -31.387025050505049 ], [ 116.609988888888893, -31.387025050505049 ], [ 116.609988888888893, -31.520926363636359 ], [ 116.11492, -31.520926363636359 ], [ 116.11492, -31.520926363636359 ], [ 115.619851111111103, -31.520926363636359 ], [ 115.124782222222223, -31.520926363636359 ], [ 114.629713333333342, -31.520926363636359 ], [ 114.629713333333314, -31.520926363636359 ], [ 114.134644444444433, -31.520926363636359 ], [ 113.639575555555552, -31.520926363636359 ], [ 113.144506666666672, -31.520926363636359 ], [ 113.144506666666672, -31.387025050505049 ], [ 113.639575555555552, -31.387025050505049 ], [ 114.134644444444433, -31.387025050505049 ], [ 114.629713333333314, -31.387025050505049 ], [ 114.629713333333342, -31.387025050505049 ] ] ], [ [ [ 146.80919111111109, -36.073571010101006 ], [ 146.809191111111119, -36.073571010101006 ], [ 147.30426, -36.073571010101006 ], [ 147.79932888888888, -36.073571010101006 ], [ 147.799328888888908, -36.073571010101006 ], [ 148.294397777777789, -36.073571010101006 ], [ 148.294397777777789, -36.207472323232324 ], [ 148.789466666666669, -36.207472323232324 ], [ 149.284535555555578, -36.207472323232324 ], [ 149.284535555555578, -36.341373636363627 ], [ 148.789466666666669, -36.341373636363627 ], [ 148.294397777777789, -36.341373636363627 ], [ 148.29439777777776, -36.341373636363627 ], [ 147.799328888888908, -36.341373636363627 ], [ 147.79932888888888, -36.341373636363627 ], [ 147.30426, -36.341373636363627 ], [ 146.809191111111119, -36.341373636363627 ], [ 146.80919111111109, -36.341373636363627 ], [ 146.31412222222221, -36.341373636363627 ], [ 146.31412222222221, -36.207472323232324 ], [ 146.31412222222221, -36.073571010101006 ], [ 146.80919111111109, -36.073571010101006 ] ] ], [ [ [ 146.80919111111109, -35.537965757575762 ], [ 147.30426, -35.537965757575762 ], [ 147.79932888888888, -35.537965757575762 ], [ 147.799328888888908, -35.537965757575762 ], [ 148.29439777777776, -35.537965757575762 ], [ 148.294397777777789, -35.537965757575762 ], [ 148.789466666666669, -35.537965757575762 ], [ 149.28453555555555, -35.537965757575762 ], [ 149.284535555555578, -35.537965757575762 ], [ 149.779604444444431, -35.537965757575762 ], [ 149.779604444444459, -35.537965757575762 ], [ 150.274673333333311, -35.537965757575762 ], [ 150.27467333333334, -35.537965757575762 ], [ 150.769742222222192, -35.537965757575762 ], [ 150.76974222222222, -35.537965757575762 ], [ 151.264811111111101, -35.537965757575762 ], [ 151.75988, -35.537965757575762 ], [ 151.75988, -35.671867070707066 ], [ 151.264811111111101, -35.671867070707066 ], [ 150.76974222222222, -35.671867070707066 ], [ 150.76974222222222, -35.805768383838384 ], [ 150.27467333333334, -35.805768383838384 ], [ 150.274673333333311, -35.805768383838384 ], [ 149.779604444444431, -35.805768383838384 ], [ 149.779604444444431, -35.671867070707066 ], [ 149.284535555555578, -35.671867070707066 ], [ 149.28453555555555, -35.671867070707066 ], [ 148.789466666666669, -35.671867070707066 ], [ 148.294397777777789, -35.671867070707066 ], [ 148.29439777777776, -35.671867070707066 ], [ 147.799328888888908, -35.671867070707066 ], [ 147.79932888888888, -35.671867070707066 ], [ 147.30426, -35.671867070707066 ], [ 146.80919111111109, -35.671867070707066 ], [ 146.80919111111109, -35.537965757575762 ] ] ], [ [ [ 144.828915555555568, -35.537965757575748 ], [ 144.82891555555554, -35.537965757575748 ], [ 144.333846666666659, -35.537965757575748 ], [ 144.333846666666659, -35.404064444444444 ], [ 143.838777777777779, -35.404064444444444 ], [ 143.83877777777775, -35.404064444444444 ], [ 143.343708888888898, -35.404064444444444 ], [ 143.34370888888887, -35.404064444444444 ], [ 142.84864, -35.404064444444444 ], [ 142.84864, -35.270163131313126 ], [ 142.353571111111108, -35.270163131313126 ], [ 142.353571111111108, -35.136261818181822 ], [ 142.84864, -35.136261818181822 ], [ 142.84864, -35.136261818181822 ], [ 143.34370888888887, -35.136261818181822 ], [ 143.343708888888898, -35.136261818181822 ], [ 143.83877777777775, -35.136261818181822 ], [ 143.838777777777779, -35.136261818181822 ], [ 144.333846666666659, -35.136261818181822 ], [ 144.82891555555554, -35.136261818181822 ], [ 144.828915555555568, -35.136261818181822 ], [ 145.32398444444442, -35.136261818181822 ], [ 145.323984444444449, -35.136261818181822 ], [ 145.819053333333329, -35.136261818181822 ], [ 146.31412222222221, -35.136261818181822 ], [ 146.314122222222238, -35.136261818181822 ], [ 146.80919111111109, -35.136261818181822 ], [ 146.809191111111119, -35.136261818181822 ], [ 147.30426, -35.136261818181822 ], [ 147.79932888888888, -35.136261818181822 ], [ 147.799328888888908, -35.136261818181822 ], [ 148.29439777777776, -35.136261818181822 ], [ 148.294397777777789, -35.136261818181822 ], [ 148.789466666666669, -35.136261818181822 ], [ 149.28453555555555, -35.136261818181822 ], [ 149.284535555555578, -35.136261818181822 ], [ 149.779604444444431, -35.136261818181822 ], [ 149.779604444444459, -35.136261818181822 ], [ 150.274673333333311, -35.136261818181822 ], [ 150.27467333333334, -35.136261818181822 ], [ 150.769742222222192, -35.136261818181822 ], [ 150.76974222222222, -35.136261818181822 ], [ 151.264811111111101, -35.136261818181822 ], [ 151.75988, -35.136261818181822 ], [ 151.75988, -35.136261818181822 ], [ 152.25494888888889, -35.136261818181822 ], [ 152.25494888888889, -35.270163131313126 ], [ 151.75988, -35.270163131313126 ], [ 151.75988, -35.270163131313126 ], [ 151.264811111111101, -35.270163131313126 ], [ 151.264811111111101, -35.404064444444444 ], [ 151.264811111111101, -35.537965757575748 ], [ 150.76974222222222, -35.537965757575748 ], [ 150.769742222222192, -35.537965757575748 ], [ 150.27467333333334, -35.537965757575748 ], [ 150.274673333333311, -35.537965757575748 ], [ 149.779604444444459, -35.537965757575748 ], [ 149.779604444444431, -35.537965757575748 ], [ 149.284535555555578, -35.537965757575748 ], [ 149.28453555555555, -35.537965757575748 ], [ 148.789466666666669, -35.537965757575748 ], [ 148.294397777777789, -35.537965757575748 ], [ 148.29439777777776, -35.537965757575748 ], [ 147.799328888888908, -35.537965757575748 ], [ 147.79932888888888, -35.537965757575748 ], [ 147.30426, -35.537965757575748 ], [ 146.809191111111119, -35.537965757575748 ], [ 146.80919111111109, -35.537965757575748 ], [ 146.314122222222238, -35.537965757575748 ], [ 146.31412222222221, -35.537965757575748 ], [ 145.819053333333329, -35.537965757575748 ], [ 145.323984444444449, -35.537965757575748 ], [ 145.32398444444442, -35.537965757575748 ], [ 144.828915555555568, -35.537965757575748 ] ] ], [ [ [ 142.353571111111108, -35.002360505050504 ], [ 142.84864, -35.002360505050504 ], [ 142.84864, -34.868459191919186 ], [ 143.34370888888887, -34.868459191919186 ], [ 143.343708888888898, -34.868459191919186 ], [ 143.83877777777775, -34.868459191919186 ], [ 143.838777777777779, -34.868459191919186 ], [ 144.333846666666659, -34.868459191919186 ], [ 144.333846666666659, -35.002360505050504 ], [ 144.82891555555554, -35.002360505050504 ], [ 144.828915555555568, -35.002360505050504 ], [ 145.32398444444442, -35.002360505050504 ], [ 145.323984444444449, -35.002360505050504 ], [ 145.819053333333329, -35.002360505050504 ], [ 146.31412222222221, -35.002360505050504 ], [ 146.314122222222238, -35.002360505050504 ], [ 146.80919111111109, -35.002360505050504 ], [ 146.809191111111119, -35.002360505050504 ], [ 147.30426, -35.002360505050504 ], [ 147.79932888888888, -35.002360505050504 ], [ 147.79932888888888, -34.868459191919186 ], [ 147.79932888888888, -34.734557878787882 ], [ 147.30426, -34.734557878787882 ], [ 147.30426, -34.600656565656564 ], [ 147.30426, -34.466755252525246 ], [ 147.30426, -34.332853939393942 ], [ 147.30426, -34.198952626262624 ], [ 147.30426, -34.065051313131306 ], [ 147.30426, -33.93115 ], [ 146.809191111111119, -33.93115 ], [ 146.80919111111109, -33.93115 ], [ 146.31412222222221, -33.93115 ], [ 146.31412222222221, -33.797248686868684 ], [ 146.31412222222221, -33.663347373737381 ], [ 146.80919111111109, -33.663347373737381 ], [ 146.809191111111119, -33.663347373737381 ], [ 147.30426, -33.663347373737381 ], [ 147.79932888888888, -33.663347373737381 ], [ 147.799328888888908, -33.663347373737381 ], [ 148.29439777777776, -33.663347373737381 ], [ 148.294397777777789, -33.663347373737381 ], [ 148.789466666666669, -33.663347373737381 ], [ 149.28453555555555, -33.663347373737381 ], [ 149.284535555555578, -33.663347373737381 ], [ 149.779604444444431, -33.663347373737381 ], [ 149.779604444444459, -33.663347373737381 ], [ 150.274673333333311, -33.663347373737381 ], [ 150.27467333333334, -33.663347373737381 ], [ 150.769742222222192, -33.663347373737381 ], [ 150.76974222222222, -33.663347373737381 ], [ 151.264811111111101, -33.663347373737381 ], [ 151.75988, -33.663347373737381 ], [ 151.75988, -33.663347373737381 ], [ 152.254948888888862, -33.663347373737381 ], [ 152.25494888888889, -33.663347373737381 ], [ 152.750017777777771, -33.663347373737381 ], [ 153.245086666666651, -33.663347373737381 ], [ 153.24508666666668, -33.663347373737381 ], [ 153.740155555555532, -33.663347373737381 ], [ 153.74015555555556, -33.663347373737381 ], [ 154.235224444444441, -33.663347373737381 ], [ 154.235224444444441, -33.797248686868684 ], [ 154.73029333333335, -33.797248686868684 ], [ 154.73029333333335, -33.93115 ], [ 154.73029333333335, -34.065051313131306 ], [ 154.73029333333335, -34.198952626262624 ], [ 154.235224444444441, -34.198952626262624 ], [ 154.235224444444441, -34.332853939393942 ], [ 153.74015555555556, -34.332853939393942 ], [ 153.74015555555556, -34.466755252525246 ], [ 154.235224444444441, -34.466755252525246 ], [ 154.235224444444441, -34.600656565656564 ], [ 154.235224444444441, -34.734557878787882 ], [ 154.235224444444441, -34.868459191919186 ], [ 154.235224444444441, -35.002360505050504 ], [ 153.74015555555556, -35.002360505050504 ], [ 153.74015555555556, -35.136261818181808 ], [ 153.24508666666668, -35.136261818181808 ], [ 153.245086666666651, -35.136261818181808 ], [ 152.750017777777771, -35.136261818181808 ], [ 152.25494888888889, -35.136261818181808 ], [ 152.254948888888862, -35.136261818181808 ], [ 151.75988, -35.136261818181808 ], [ 151.75988, -35.136261818181808 ], [ 151.264811111111101, -35.136261818181808 ], [ 150.76974222222222, -35.136261818181808 ], [ 150.769742222222192, -35.136261818181808 ], [ 150.27467333333334, -35.136261818181808 ], [ 150.274673333333311, -35.136261818181808 ], [ 149.779604444444459, -35.136261818181808 ], [ 149.779604444444431, -35.136261818181808 ], [ 149.284535555555578, -35.136261818181808 ], [ 149.28453555555555, -35.136261818181808 ], [ 148.789466666666669, -35.136261818181808 ], [ 148.294397777777789, -35.136261818181808 ], [ 148.29439777777776, -35.136261818181808 ], [ 147.799328888888908, -35.136261818181808 ], [ 147.79932888888888, -35.136261818181808 ], [ 147.30426, -35.136261818181808 ], [ 146.809191111111119, -35.136261818181808 ], [ 146.80919111111109, -35.136261818181808 ], [ 146.314122222222238, -35.136261818181808 ], [ 146.31412222222221, -35.136261818181808 ], [ 145.819053333333329, -35.136261818181808 ], [ 145.323984444444449, -35.136261818181808 ], [ 145.32398444444442, -35.136261818181808 ], [ 144.828915555555568, -35.136261818181808 ], [ 144.82891555555554, -35.136261818181808 ], [ 144.333846666666659, -35.136261818181808 ], [ 143.838777777777779, -35.136261818181808 ], [ 143.83877777777775, -35.136261818181808 ], [ 143.343708888888898, -35.136261818181808 ], [ 143.34370888888887, -35.136261818181808 ], [ 142.84864, -35.136261818181808 ], [ 142.84864, -35.136261818181808 ], [ 142.353571111111108, -35.136261818181808 ], [ 141.858502222222199, -35.136261818181808 ], [ 141.858502222222199, -35.002360505050504 ], [ 142.353571111111108, -35.002360505050504 ] ] ], [ [ [ 146.31412222222221, -33.261643434343441 ], [ 146.80919111111109, -33.261643434343441 ], [ 146.809191111111119, -33.261643434343441 ], [ 147.30426, -33.261643434343441 ], [ 147.79932888888888, -33.261643434343441 ], [ 147.799328888888908, -33.261643434343441 ], [ 148.29439777777776, -33.261643434343441 ], [ 148.294397777777789, -33.261643434343441 ], [ 148.789466666666669, -33.261643434343441 ], [ 149.28453555555555, -33.261643434343441 ], [ 149.284535555555578, -33.261643434343441 ], [ 149.779604444444431, -33.261643434343441 ], [ 149.779604444444459, -33.261643434343441 ], [ 150.274673333333311, -33.261643434343441 ], [ 150.27467333333334, -33.261643434343441 ], [ 150.769742222222192, -33.261643434343441 ], [ 150.76974222222222, -33.261643434343441 ], [ 151.264811111111101, -33.261643434343441 ], [ 151.75988, -33.261643434343441 ], [ 151.75988, -33.261643434343441 ], [ 152.254948888888862, -33.261643434343441 ], [ 152.25494888888889, -33.261643434343441 ], [ 152.750017777777771, -33.261643434343441 ], [ 153.24508666666668, -33.261643434343441 ], [ 153.24508666666668, -33.395544747474744 ], [ 153.74015555555556, -33.395544747474744 ], [ 153.74015555555556, -33.529446060606062 ], [ 154.235224444444441, -33.529446060606062 ], [ 154.235224444444441, -33.663347373737366 ], [ 153.74015555555556, -33.663347373737366 ], [ 153.740155555555532, -33.663347373737366 ], [ 153.24508666666668, -33.663347373737366 ], [ 153.245086666666651, -33.663347373737366 ], [ 152.750017777777771, -33.663347373737366 ], [ 152.25494888888889, -33.663347373737366 ], [ 152.254948888888862, -33.663347373737366 ], [ 151.75988, -33.663347373737366 ], [ 151.75988, -33.663347373737366 ], [ 151.264811111111101, -33.663347373737366 ], [ 150.76974222222222, -33.663347373737366 ], [ 150.769742222222192, -33.663347373737366 ], [ 150.27467333333334, -33.663347373737366 ], [ 150.274673333333311, -33.663347373737366 ], [ 149.779604444444459, -33.663347373737366 ], [ 149.779604444444431, -33.663347373737366 ], [ 149.284535555555578, -33.663347373737366 ], [ 149.28453555555555, -33.663347373737366 ], [ 148.789466666666669, -33.663347373737366 ], [ 148.294397777777789, -33.663347373737366 ], [ 148.29439777777776, -33.663347373737366 ], [ 147.799328888888908, -33.663347373737366 ], [ 147.79932888888888, -33.663347373737366 ], [ 147.30426, -33.663347373737366 ], [ 146.809191111111119, -33.663347373737366 ], [ 146.80919111111109, -33.663347373737366 ], [ 146.31412222222221, -33.663347373737366 ], [ 146.31412222222221, -33.529446060606062 ], [ 146.31412222222221, -33.395544747474744 ], [ 146.31412222222221, -33.261643434343441 ] ] ], [ [ [ 146.809191111111119, -33.127742121212123 ], [ 147.30426, -33.127742121212123 ], [ 147.30426, -32.993840808080805 ], [ 147.79932888888888, -32.993840808080805 ], [ 147.799328888888908, -32.993840808080805 ], [ 148.29439777777776, -32.993840808080805 ], [ 148.294397777777789, -32.993840808080805 ], [ 148.789466666666669, -32.993840808080805 ], [ 148.789466666666669, -32.859939494949501 ], [ 149.28453555555555, -32.859939494949501 ], [ 149.284535555555578, -32.859939494949501 ], [ 149.779604444444431, -32.859939494949501 ], [ 149.779604444444459, -32.859939494949501 ], [ 150.274673333333311, -32.859939494949501 ], [ 150.27467333333334, -32.859939494949501 ], [ 150.769742222222192, -32.859939494949501 ], [ 150.76974222222222, -32.859939494949501 ], [ 151.264811111111101, -32.859939494949501 ], [ 151.75988, -32.859939494949501 ], [ 151.75988, -32.859939494949501 ], [ 152.254948888888862, -32.859939494949501 ], [ 152.25494888888889, -32.859939494949501 ], [ 152.750017777777771, -32.859939494949501 ], [ 153.245086666666651, -32.859939494949501 ], [ 153.24508666666668, -32.859939494949501 ], [ 153.74015555555556, -32.859939494949501 ], [ 153.74015555555556, -32.993840808080805 ], [ 154.235224444444441, -32.993840808080805 ], [ 154.235224444444441, -33.127742121212123 ], [ 153.74015555555556, -33.127742121212123 ], [ 153.740155555555532, -33.127742121212123 ], [ 153.24508666666668, -33.127742121212123 ], [ 153.24508666666668, -33.261643434343426 ], [ 152.750017777777771, -33.261643434343426 ], [ 152.25494888888889, -33.261643434343426 ], [ 152.254948888888862, -33.261643434343426 ], [ 151.75988, -33.261643434343426 ], [ 151.75988, -33.261643434343426 ], [ 151.264811111111101, -33.261643434343426 ], [ 150.76974222222222, -33.261643434343426 ], [ 150.769742222222192, -33.261643434343426 ], [ 150.27467333333334, -33.261643434343426 ], [ 150.274673333333311, -33.261643434343426 ], [ 149.779604444444459, -33.261643434343426 ], [ 149.779604444444431, -33.261643434343426 ], [ 149.284535555555578, -33.261643434343426 ], [ 149.28453555555555, -33.261643434343426 ], [ 148.789466666666669, -33.261643434343426 ], [ 148.294397777777789, -33.261643434343426 ], [ 148.29439777777776, -33.261643434343426 ], [ 147.799328888888908, -33.261643434343426 ], [ 147.79932888888888, -33.261643434343426 ], [ 147.30426, -33.261643434343426 ], [ 146.809191111111119, -33.261643434343426 ], [ 146.80919111111109, -33.261643434343426 ], [ 146.31412222222221, -33.261643434343426 ], [ 146.31412222222221, -33.127742121212123 ], [ 146.80919111111109, -33.127742121212123 ], [ 146.809191111111119, -33.127742121212123 ] ] ], [ [ [ 147.30426, -32.458235555555561 ], [ 147.79932888888888, -32.458235555555561 ], [ 147.799328888888908, -32.458235555555561 ], [ 148.29439777777776, -32.458235555555561 ], [ 148.294397777777789, -32.458235555555561 ], [ 148.789466666666669, -32.458235555555561 ], [ 149.28453555555555, -32.458235555555561 ], [ 149.284535555555578, -32.458235555555561 ], [ 149.779604444444431, -32.458235555555561 ], [ 149.779604444444459, -32.458235555555561 ], [ 150.274673333333311, -32.458235555555561 ], [ 150.27467333333334, -32.458235555555561 ], [ 150.769742222222192, -32.458235555555561 ], [ 150.76974222222222, -32.458235555555561 ], [ 151.264811111111101, -32.458235555555561 ], [ 151.75988, -32.458235555555561 ], [ 151.75988, -32.592136868686865 ], [ 152.254948888888862, -32.592136868686865 ], [ 152.25494888888889, -32.592136868686865 ], [ 152.750017777777771, -32.592136868686865 ], [ 152.750017777777771, -32.726038181818183 ], [ 153.24508666666668, -32.726038181818183 ], [ 153.24508666666668, -32.859939494949487 ], [ 152.750017777777771, -32.859939494949487 ], [ 152.25494888888889, -32.859939494949487 ], [ 152.254948888888862, -32.859939494949487 ], [ 151.75988, -32.859939494949487 ], [ 151.75988, -32.859939494949487 ], [ 151.264811111111101, -32.859939494949487 ], [ 150.76974222222222, -32.859939494949487 ], [ 150.769742222222192, -32.859939494949487 ], [ 150.27467333333334, -32.859939494949487 ], [ 150.274673333333311, -32.859939494949487 ], [ 149.779604444444459, -32.859939494949487 ], [ 149.779604444444431, -32.859939494949487 ], [ 149.284535555555578, -32.859939494949487 ], [ 149.28453555555555, -32.859939494949487 ], [ 148.789466666666669, -32.859939494949487 ], [ 148.294397777777789, -32.859939494949487 ], [ 148.29439777777776, -32.859939494949487 ], [ 147.799328888888908, -32.859939494949487 ], [ 147.79932888888888, -32.859939494949487 ], [ 147.30426, -32.859939494949487 ], [ 147.30426, -32.726038181818183 ], [ 146.80919111111109, -32.726038181818183 ], [ 146.80919111111109, -32.592136868686865 ], [ 146.31412222222221, -32.592136868686865 ], [ 146.31412222222221, -32.458235555555561 ], [ 146.80919111111109, -32.458235555555561 ], [ 146.809191111111119, -32.458235555555561 ], [ 147.30426, -32.458235555555561 ] ] ], [ [ [ 147.79932888888888, -32.190432929292925 ], [ 147.30426, -32.190432929292925 ], [ 147.30426, -32.056531616161621 ], [ 147.79932888888888, -32.056531616161621 ], [ 147.799328888888908, -32.056531616161621 ], [ 148.29439777777776, -32.056531616161621 ], [ 148.294397777777789, -32.056531616161621 ], [ 148.789466666666669, -32.056531616161621 ], [ 149.28453555555555, -32.056531616161621 ], [ 149.284535555555578, -32.056531616161621 ], [ 149.779604444444431, -32.056531616161621 ], [ 149.779604444444459, -32.056531616161621 ], [ 150.274673333333311, -32.056531616161621 ], [ 150.27467333333334, -32.056531616161621 ], [ 150.769742222222192, -32.056531616161621 ], [ 150.76974222222222, -32.056531616161621 ], [ 151.264811111111101, -32.056531616161621 ], [ 151.75988, -32.056531616161621 ], [ 151.75988, -32.190432929292925 ], [ 152.25494888888889, -32.190432929292925 ], [ 152.25494888888889, -32.324334242424243 ], [ 152.25494888888889, -32.458235555555547 ], [ 151.75988, -32.458235555555547 ], [ 151.75988, -32.458235555555547 ], [ 151.264811111111101, -32.458235555555547 ], [ 150.76974222222222, -32.458235555555547 ], [ 150.769742222222192, -32.458235555555547 ], [ 150.27467333333334, -32.458235555555547 ], [ 150.274673333333311, -32.458235555555547 ], [ 149.779604444444459, -32.458235555555547 ], [ 149.779604444444431, -32.458235555555547 ], [ 149.284535555555578, -32.458235555555547 ], [ 149.28453555555555, -32.458235555555547 ], [ 148.789466666666669, -32.458235555555547 ], [ 148.294397777777789, -32.458235555555547 ], [ 148.29439777777776, -32.458235555555547 ], [ 147.799328888888908, -32.458235555555547 ], [ 147.79932888888888, -32.458235555555547 ], [ 147.30426, -32.458235555555547 ], [ 146.80919111111109, -32.458235555555547 ], [ 146.80919111111109, -32.324334242424243 ], [ 147.30426, -32.324334242424243 ], [ 147.79932888888888, -32.324334242424243 ], [ 147.79932888888888, -32.190432929292925 ] ] ], [ [ [ 147.30426, -36.341373636363642 ], [ 147.79932888888888, -36.341373636363642 ], [ 147.799328888888908, -36.341373636363642 ], [ 148.29439777777776, -36.341373636363642 ], [ 148.294397777777789, -36.341373636363642 ], [ 148.789466666666669, -36.341373636363642 ], [ 149.28453555555555, -36.341373636363642 ], [ 149.284535555555578, -36.341373636363642 ], [ 149.779604444444459, -36.341373636363642 ], [ 149.779604444444459, -36.475274949494946 ], [ 149.779604444444459, -36.609176262626264 ], [ 149.284535555555578, -36.609176262626264 ], [ 149.28453555555555, -36.609176262626264 ], [ 148.789466666666669, -36.609176262626264 ], [ 148.789466666666669, -36.475274949494946 ], [ 148.294397777777789, -36.475274949494946 ], [ 148.29439777777776, -36.475274949494946 ], [ 147.799328888888908, -36.475274949494946 ], [ 147.79932888888888, -36.475274949494946 ], [ 147.30426, -36.475274949494946 ], [ 147.30426, -36.341373636363642 ] ] ], [ [ [ 147.79932888888888, -32.056531616161614 ], [ 147.79932888888888, -31.922630303030303 ], [ 148.29439777777776, -31.922630303030303 ], [ 148.294397777777789, -31.922630303030303 ], [ 148.789466666666669, -31.922630303030303 ], [ 149.28453555555555, -31.922630303030303 ], [ 149.284535555555578, -31.922630303030303 ], [ 149.779604444444431, -31.922630303030303 ], [ 149.779604444444459, -31.922630303030303 ], [ 150.27467333333334, -31.922630303030303 ], [ 150.27467333333334, -32.056531616161614 ], [ 149.779604444444459, -32.056531616161614 ], [ 149.779604444444431, -32.056531616161614 ], [ 149.284535555555578, -32.056531616161614 ], [ 149.28453555555555, -32.056531616161614 ], [ 148.789466666666669, -32.056531616161614 ], [ 148.294397777777789, -32.056531616161614 ], [ 148.29439777777776, -32.056531616161614 ], [ 147.79932888888888, -32.056531616161614 ] ] ] ] } },
{ "type": "Feature", "properties": { "month": 5, "species_sci": "Corvus coronoides", "species_com": "Australian Raven" }, "geometry": { "type": "MultiPolygon", "coordinates": [ [ [ [ 117.044792323232315, -32.514772727272721 ], [ 116.545397979797968, -32.514772727272721 ], [ 116.046003636363622, -32.514772727272721 ], [ 115.546609292929276, -32.514772727272721 ], [ 115.546609292929276, -32.263754545454546 ], [ 115.047214949494943, -32.263754545454546 ], [ 114.547820606060597, -32.263754545454546 ], [ 114.048426262626251, -32.263754545454546 ], [ 113.549031919191904, -32.263754545454546 ], [ 113.549031919191904, -32.012736363636364 ], [ 113.049637575757572, -32.012736363636364 ], [ 113.049637575757558, -32.012736363636364 ], [ 112.550243232323226, -32.012736363636364 ], [ 112.550243232323226, -31.761718181818178 ], [ 113.049637575757558, -31.761718181818178 ], [ 113.049637575757558, -31.5107 ], [ 113.549031919191904, -31.5107 ], [ 114.048426262626251, -31.5107 ], [ 114.547820606060597, -31.5107 ], [ 115.047214949494943, -31.5107 ], [ 115.546609292929276, -31.5107 ], [ 115.54660929292929, -31.5107 ], [ 116.046003636363622, -31.5107 ], [ 116.545397979797968, -31.5107 ], [ 117.044792323232315, -31.5107 ], [ 117.544186666666661, -31.5107 ], [ 117.544186666666661, -31.761718181818178 ], [ 118.043581010101008, -31.761718181818178 ], [ 118.542975353535354, -31.761718181818178 ], [ 118.542975353535354, -32.012736363636364 ], [ 119.042369696969686, -32.012736363636364 ], [ 119.042369696969686, -32.263754545454546 ], [ 118.542975353535354, -32.263754545454546 ], [ 118.542975353535354, -32.514772727272721 ], [ 118.043581010101008, -32.514772727272721 ], [ 117.544186666666661, -32.514772727272721 ], [ 117.044792323232315, -32.514772727272721 ] ] ], [ [ [ 147.507847272727275, -35.275972727272723 ], [ 147.008452929292929, -35.275972727272723 ], [ 147.008452929292929, -35.024954545454541 ], [ 147.507847272727275, -35.024954545454541 ], [ 148.007241616161622, -35.024954545454541 ], [ 148.506635959595968, -35.024954545454541 ], [ 148.506635959595968, -34.773936363636359 ], [ 148.007241616161622, -34.773936363636359 ], [ 148.007241616161622, -34.522918181818177 ], [ 147.507847272727275, -34.522918181818177 ], [ 147.507847272727275, -34.2719 ], [ 147.008452929292929, -34.2719 ], [ 146.509058585858583, -34.2719 ], [ 146.509058585858583, -34.020881818181813 ], [ 146.009664242424265, -34.020881818181813 ], [ 146.009664242424265, -33.769863636363631 ], [ 146.009664242424265, -33.518845454545449 ], [ 146.509058585858583, -33.518845454545449 ], [ 146.509058585858611, -33.518845454545449 ], [ 147.008452929292929, -33.518845454545449 ], [ 147.008452929292929, -33.267827272727267 ], [ 147.008452929292929, -33.016809090909085 ], [ 147.507847272727275, -33.016809090909085 ], [ 148.007241616161622, -33.016809090909085 ], [ 148.506635959595968, -33.016809090909085 ], [ 149.006030303030315, -33.016809090909085 ], [ 149.505424646464661, -33.016809090909085 ], [ 150.004818989899007, -33.016809090909085 ], [ 150.504213333333325, -33.016809090909085 ], [ 150.504213333333325, -32.765790909090903 ], [ 151.003607676767672, -32.765790909090903 ], [ 151.503002020202018, -32.765790909090903 ], [ 152.002396363636365, -32.765790909090903 ], [ 152.501790707070711, -32.765790909090903 ], [ 152.501790707070711, -33.016809090909085 ], [ 152.501790707070711, -33.267827272727267 ], [ 153.001185050505057, -33.267827272727267 ], [ 153.500579393939404, -33.267827272727267 ], [ 153.500579393939404, -33.518845454545449 ], [ 153.99997373737375, -33.518845454545449 ], [ 153.99997373737375, -33.769863636363631 ], [ 154.499368080808097, -33.769863636363631 ], [ 154.499368080808097, -34.020881818181813 ], [ 154.499368080808097, -34.2719 ], [ 154.499368080808097, -34.522918181818177 ], [ 153.99997373737375, -34.522918181818177 ], [ 153.500579393939404, -34.522918181818177 ], [ 153.500579393939404, -34.773936363636359 ], [ 153.001185050505057, -34.773936363636359 ], [ 153.001185050505057, -35.024954545454541 ], [ 152.501790707070711, -35.024954545454541 ], [ 152.002396363636365, -35.024954545454541 ], [ 152.002396363636365, -35.275972727272723 ], [ 151.503002020202018, -35.275972727272723 ], [ 151.003607676767672, -35.275972727272723 ], [ 151.003607676767672, -35.526990909090905 ], [ 150.504213333333354, -35.526990909090905 ], [ 150.504213333333325, -35.526990909090905 ], [ 150.004818989899007, -35.526990909090905 ], [ 149.505424646464661, -35.526990909090905 ], [ 149.006030303030315, -35.526990909090905 ], [ 148.506635959595968, -35.526990909090905 ], [ 148.007241616161622, -35.526990909090905 ], [ 147.507847272727275, -35.526990909090905 ], [ 147.507847272727275, -35.275972727272723 ] ] ] ] } },
{ "type": "Feature", "properties": { "month": 6, "species_sci": "Corvus coronoides", "species_com": "Australian Raven" }, "geometry": { "type": "MultiPolygon", "coordinates": [ [ [ [ 148.847289393939405, -33.621373939393948 ], [ 148.847289393939405, -33.568982626262624 ], [ 149.337130707070713, -33.568982626262624 ], [ 149.826972020202021, -33.568982626262624 ], [ 150.316813333333329, -33.568982626262624 ], [ 150.316813333333329, -33.621373939393933 ], [ 150.806654646464636, -33.621373939393933 ], [ 150.806654646464636, -33.673765252525257 ], [ 151.296495959595944, -33.673765252525257 ], [ 151.786337272727252, -33.673765252525257 ], [ 151.786337272727252, -33.726156565656566 ], [ 151.296495959595944, -33.726156565656566 ], [ 150.806654646464636, -33.726156565656566 ], [ 150.316813333333329, -33.726156565656566 ], [ 150.316813333333329, -33.673765252525257 ], [ 149.826972020202021, -33.673765252525257 ], [ 149.337130707070713, -33.673765252525257 ], [ 149.337130707070713, -33.621373939393948 ], [ 148.847289393939405, -33.621373939393948 ] ] ], [ [ [ 148.847289393939377, -33.621373939393948 ], [ 148.357448080808069, -33.621373939393948 ], [ 148.357448080808069, -33.568982626262624 ], [ 148.357448080808069, -33.516591313131315 ], [ 148.847289393939377, -33.516591313131315 ], [ 148.847289393939377, -33.568982626262624 ], [ 148.847289393939377, -33.621373939393948 ] ] ] ] } },
{ "type": "Feature", "properties": { "month": 7, "species_sci": "Corvus coronoides", "species_com": "Australian Raven" }, "geometry": { "type": "MultiPolygon", "coordinates": [ [ [ [ 115.142487373737396, -33.715156565656557 ], [ 115.142487373737396, -33.438093737373734 ], [ 115.142487373737396, -33.161030909090911 ], [ 115.142487373737396, -32.883968080808074 ], [ 115.142487373737396, -32.606905252525252 ], [ 115.142487373737396, -32.329842424242429 ], [ 115.142487373737396, -32.052779595959592 ], [ 115.142487373737396, -31.775716767676766 ], [ 115.142487373737396, -31.498653939393936 ], [ 115.142487373737396, -31.22159111111111 ], [ 115.142487373737396, -31.221591111111106 ], [ 115.142487373737396, -30.944528282828283 ], [ 115.142487373737396, -30.94452828282828 ], [ 115.142487373737396, -30.667465454545454 ], [ 115.646723232323239, -30.667465454545454 ], [ 116.150959090909083, -30.667465454545454 ], [ 116.150959090909083, -30.94452828282828 ], [ 116.150959090909083, -30.944528282828283 ], [ 116.150959090909083, -31.221591111111106 ], [ 116.150959090909083, -31.22159111111111 ], [ 116.150959090909083, -31.498653939393936 ], [ 116.150959090909083, -31.775716767676766 ], [ 116.150959090909083, -32.052779595959592 ], [ 116.150959090909083, -32.329842424242429 ], [ 116.150959090909083, -32.606905252525252 ], [ 116.150959090909083, -32.883968080808074 ], [ 116.150959090909083, -33.161030909090911 ], [ 116.150959090909083, -33.438093737373734 ], [ 116.150959090909083, -33.715156565656557 ], [ 116.150959090909083, -33.992219393939394 ], [ 116.150959090909083, -34.269282222222216 ], [ 116.150959090909083, -34.546345050505053 ], [ 116.150959090909083, -34.823407878787876 ], [ 116.150959090909083, -35.100470707070698 ], [ 116.150959090909083, -35.377533535353535 ], [ 116.150959090909083, -35.654596363636358 ], [ 115.646723232323239, -35.654596363636358 ], [ 115.142487373737396, -35.654596363636358 ], [ 115.142487373737396, -35.377533535353535 ], [ 115.142487373737396, -35.100470707070698 ], [ 115.142487373737396, -34.823407878787876 ], [ 115.142487373737396, -34.546345050505053 ], [ 115.142487373737396, -34.269282222222216 ], [ 115.142487373737396, -33.992219393939394 ], [ 115.142487373737396, -33.715156565656557 ] ] ], [ [ [ 114.638251515151524, -34.269282222222216 ], [ 114.638251515151524, -33.992219393939394 ], [ 114.638251515151524, -33.715156565656557 ], [ 114.134015656565651, -33.715156565656557 ], [ 114.134015656565651, -33.438093737373734 ], [ 113.629779797979808, -33.438093737373734 ], [ 113.629779797979808, -33.161030909090911 ], [ 113.125543939393935, -33.161030909090911 ], [ 113.125543939393935, -32.883968080808074 ], [ 112.621308080808092, -32.883968080808074 ], [ 112.621308080808092, -32.606905252525252 ], [ 112.11707222222222, -32.606905252525252 ], [ 111.612836363636376, -32.606905252525252 ], [ 111.612836363636376, -32.329842424242429 ], [ 111.108600505050504, -32.329842424242429 ], [ 111.108600505050504, -32.052779595959592 ], [ 111.108600505050504, -31.775716767676766 ], [ 111.108600505050504, -31.498653939393936 ], [ 111.108600505050504, -31.221591111111106 ], [ 111.612836363636376, -31.221591111111106 ], [ 112.11707222222222, -31.221591111111106 ], [ 112.11707222222222, -30.94452828282828 ], [ 112.621308080808092, -30.94452828282828 ], [ 113.125543939393935, -30.94452828282828 ], [ 113.125543939393935, -30.667465454545454 ], [ 113.629779797979808, -30.667465454545454 ], [ 114.134015656565651, -30.667465454545454 ], [ 114.638251515151524, -30.667465454545454 ], [ 115.142487373737367, -30.667465454545454 ], [ 115.142487373737367, -30.94452828282828 ], [ 115.142487373737367, -30.944528282828283 ], [ 115.142487373737367, -31.221591111111106 ], [ 115.142487373737367, -31.22159111111111 ], [ 115.142487373737367, -31.498653939393936 ], [ 115.142487373737367, -31.775716767676766 ], [ 115.142487373737367, -32.052779595959592 ], [ 115.142487373737367, -32.329842424242429 ], [ 115.142487373737367, -32.606905252525252 ], [ 115.142487373737367, -32.883968080808074 ], [ 115.142487373737367, -33.161030909090911 ], [ 115.142487373737367, -33.438093737373734 ], [ 115.142487373737367, -33.715156565656557 ], [ 115.142487373737367, -33.992219393939394 ], [ 115.142487373737367, -34.269282222222216 ], [ 115.142487373737367, -34.546345050505053 ], [ 115.142487373737367, -34.823407878787876 ], [ 115.142487373737367, -35.100470707070698 ], [ 115.142487373737367, -35.377533535353535 ], [ 114.638251515151524, -35.377533535353535 ], [ 114.638251515151524, -35.100470707070698 ], [ 114.134015656565651, -35.100470707070698 ], [ 114.134015656565651, -34.823407878787876 ], [ 114.134015656565651, -34.546345050505053 ], [ 114.134015656565651, -34.269282222222216 ], [ 114.638251515151524, -34.269282222222216 ] ] ], [ [ [ 116.150959090909112, -34.546345050505053 ], [ 116.150959090909112, -34.269282222222216 ], [ 116.150959090909112, -33.992219393939394 ], [ 116.150959090909112, -33.715156565656557 ], [ 116.150959090909112, -33.438093737373734 ], [ 116.150959090909112, -33.161030909090911 ], [ 116.150959090909112, -32.883968080808074 ], [ 116.150959090909112, -32.606905252525252 ], [ 116.150959090909112, -32.329842424242429 ], [ 116.150959090909112, -32.052779595959592 ], [ 116.150959090909112, -31.775716767676766 ], [ 116.150959090909112, -31.498653939393936 ], [ 116.150959090909112, -31.22159111111111 ], [ 116.150959090909112, -31.221591111111106 ], [ 116.150959090909112, -30.944528282828283 ], [ 116.150959090909112, -30.94452828282828 ], [ 116.150959090909112, -30.667465454545454 ], [ 116.655194949494955, -30.667465454545454 ], [ 117.159430808080828, -30.667465454545454 ], [ 117.663666666666671, -30.667465454545454 ], [ 118.167902525252543, -30.667465454545454 ], [ 118.672138383838387, -30.667465454545454 ], [ 118.672138383838387, -30.94452828282828 ], [ 119.176374242424259, -30.94452828282828 ], [ 119.680610101010103, -30.94452828282828 ], [ 119.680610101010103, -31.221591111111106 ], [ 120.184845959595975, -31.221591111111106 ], [ 120.689081818181819, -31.221591111111106 ], [ 120.689081818181819, -31.498653939393936 ], [ 121.193317676767691, -31.498653939393936 ], [ 121.193317676767691, -31.775716767676766 ], [ 121.193317676767691, -32.052779595959592 ], [ 121.193317676767691, -32.329842424242429 ], [ 120.689081818181819, -32.329842424242429 ], [ 120.689081818181819, -32.606905252525252 ], [ 120.184845959595975, -32.606905252525252 ], [ 119.680610101010103, -32.606905252525252 ], [ 119.680610101010103, -32.883968080808074 ], [ 119.176374242424259, -32.883968080808074 ], [ 119.176374242424259, -33.161030909090911 ], [ 118.672138383838387, -33.161030909090911 ], [ 118.672138383838387, -33.438093737373734 ], [ 118.167902525252543, -33.438093737373734 ], [ 118.167902525252543, -33.715156565656557 ], [ 118.167902525252543, -33.992219393939394 ], [ 118.672138383838387, -33.992219393939394 ], [ 119.176374242424259, -33.992219393939394 ], [ 119.680610101010103, -33.992219393939394 ], [ 119.680610101010103, -34.269282222222216 ], [ 120.184845959595975, -34.269282222222216 ], [ 120.689081818181819, -34.269282222222216 ], [ 121.193317676767691, -34.269282222222216 ], [ 121.193317676767691, -34.546345050505053 ], [ 121.697553535353535, -34.546345050505053 ], [ 121.697553535353535, -34.823407878787876 ], [ 121.697553535353535, -35.100470707070698 ], [ 121.697553535353535, -35.377533535353535 ], [ 121.193317676767691, -35.377533535353535 ], [ 121.193317676767691, -35.654596363636358 ], [ 120.689081818181819, -35.654596363636358 ], [ 120.184845959595975, -35.654596363636358 ], [ 119.680610101010103, -35.654596363636358 ], [ 119.176374242424259, -35.654596363636358 ], [ 118.672138383838387, -35.654596363636358 ], [ 118.167902525252543, -35.654596363636358 ], [ 117.663666666666671, -35.654596363636358 ], [ 117.159430808080828, -35.654596363636358 ], [ 116.655194949494955, -35.654596363636358 ], [ 116.150959090909112, -35.654596363636358 ], [ 116.150959090909112, -35.377533535353535 ], [ 116.150959090909112, -35.100470707070698 ], [ 116.150959090909112, -34.823407878787876 ], [ 116.150959090909112, -34.546345050505053 ] ] ], [ [ [ 140.354280303030293, -35.931659191919195 ], [ 140.354280303030293, -36.208722020202018 ], [ 140.354280303030293, -36.48578484848484 ], [ 139.85004444444445, -36.48578484848484 ], [ 139.85004444444445, -36.208722020202018 ], [ 139.345808585858606, -36.208722020202018 ], [ 139.345808585858606, -35.931659191919195 ], [ 139.85004444444445, -35.931659191919195 ], [ 139.85004444444445, -35.654596363636358 ], [ 140.354280303030293, -35.654596363636358 ], [ 140.354280303030293, -35.931659191919195 ] ] ], [ [ [ 140.354280303030322, -35.377533535353535 ], [ 140.858516161616166, -35.377533535353535 ], [ 141.362752020202009, -35.377533535353535 ], [ 141.362752020202009, -35.654596363636358 ], [ 141.362752020202009, -35.931659191919195 ], [ 141.362752020202009, -36.208722020202018 ], [ 141.362752020202009, -36.48578484848484 ], [ 141.362752020202009, -36.762847676767677 ], [ 141.362752020202009, -37.0399105050505 ], [ 141.362752020202009, -37.316973333333337 ], [ 140.858516161616166, -37.316973333333337 ], [ 140.858516161616166, -37.0399105050505 ], [ 140.354280303030322, -37.0399105050505 ], [ 140.354280303030322, -36.762847676767677 ], [ 140.354280303030322, -36.48578484848484 ], [ 140.354280303030322, -36.208722020202018 ], [ 140.354280303030322, -35.931659191919195 ], [ 140.354280303030322, -35.654596363636358 ], [ 140.354280303030322, -35.377533535353535 ] ] ], [ [ [ 124.722968686868683, -32.052779595959592 ], [ 124.722968686868683, -31.775716767676766 ], [ 125.227204545454555, -31.775716767676766 ], [ 125.731440404040399, -31.775716767676766 ], [ 126.235676262626271, -31.775716767676766 ], [ 126.739912121212114, -31.775716767676766 ], [ 127.244147979797987, -31.775716767676766 ], [ 127.74838383838383, -31.775716767676766 ], [ 127.74838383838383, -32.052779595959592 ], [ 127.74838383838383, -32.329842424242429 ], [ 127.244147979797987, -32.329842424242429 ], [ 126.739912121212114, -32.329842424242429 ], [ 126.235676262626271, -32.329842424242429 ], [ 125.731440404040399, -32.329842424242429 ], [ 125.227204545454555, -32.329842424242429 ], [ 124.722968686868683, -32.329842424242429 ], [ 124.722968686868683, -32.052779595959592 ] ] ], [ [ [ 140.354280303030293, -23.186769090909088 ], [ 140.354280303030293, -23.463831919191918 ], [ 140.354280303030293, -23.740894747474748 ], [ 139.85004444444445, -23.740894747474748 ], [ 139.85004444444445, -23.463831919191918 ], [ 139.85004444444445, -23.186769090909088 ], [ 140.354280303030293, -23.186769090909088 ] ] ], [ [ [ 143.883931313131313, -38.425224646464642 ], [ 143.37969545454547, -38.425224646464642 ], [ 143.37969545454547, -38.148161818181819 ], [ 143.37969545454547, -37.871098989898982 ], [ 143.37969545454547, -37.59403616161616 ], [ 143.37969545454547, -37.316973333333337 ], [ 143.37969545454547, -37.0399105050505 ], [ 143.37969545454547, -36.762847676767677 ], [ 143.37969545454547, -36.48578484848484 ], [ 143.37969545454547, -36.208722020202018 ], [ 143.37969545454547, -35.931659191919195 ], [ 143.37969545454547, -35.654596363636358 ], [ 143.37969545454547, -35.377533535353535 ], [ 143.883931313131313, -35.377533535353535 ], [ 143.883931313131313, -35.100470707070698 ], [ 144.388167171717157, -35.100470707070698 ], [ 144.388167171717157, -35.377533535353535 ], [ 144.388167171717157, -35.654596363636358 ], [ 144.388167171717157, -35.931659191919195 ], [ 144.388167171717157, -36.208722020202018 ], [ 144.388167171717157, -36.48578484848484 ], [ 144.388167171717157, -36.762847676767677 ], [ 144.388167171717157, -37.0399105050505 ], [ 144.388167171717157, -37.316973333333337 ], [ 144.388167171717157, -37.59403616161616 ], [ 144.388167171717157, -37.871098989898982 ], [ 144.388167171717157, -38.148161818181819 ], [ 144.388167171717157, -38.425224646464642 ], [ 144.388167171717157, -38.702287474747479 ], [ 143.883931313131313, -38.702287474747479 ], [ 143.883931313131313, -38.425224646464642 ] ] ], [ [ [ 142.371223737373754, -36.762847676767677 ], [ 142.371223737373754, -36.48578484848484 ], [ 142.371223737373754, -36.208722020202018 ], [ 142.371223737373754, -35.931659191919195 ], [ 142.371223737373754, -35.654596363636358 ], [ 142.371223737373754, -35.377533535353535 ], [ 142.875459595959597, -35.377533535353535 ], [ 143.379695454545441, -35.377533535353535 ], [ 143.379695454545441, -35.654596363636358 ], [ 143.379695454545441, -35.931659191919195 ], [ 143.379695454545441, -36.208722020202018 ], [ 143.379695454545441, -36.48578484848484 ], [ 143.379695454545441, -36.762847676767677 ], [ 143.379695454545441, -37.0399105050505 ], [ 143.379695454545441, -37.316973333333337 ], [ 143.379695454545441, -37.59403616161616 ], [ 143.379695454545441, -37.871098989898982 ], [ 143.379695454545441, -38.148161818181819 ], [ 142.875459595959597, -38.148161818181819 ], [ 142.875459595959597, -37.871098989898982 ], [ 142.371223737373754, -37.871098989898982 ], [ 142.371223737373754, -37.59403616161616 ], [ 142.371223737373754, -37.316973333333337 ], [ 142.371223737373754, -37.0399105050505 ], [ 142.371223737373754, -36.762847676767677 ] ] ], [ [ [ 141.362752020202038, -36.48578484848484 ], [ 141.362752020202038, -36.208722020202018 ], [ 141.362752020202038, -35.931659191919195 ], [ 141.362752020202038, -35.654596363636358 ], [ 141.362752020202038, -35.377533535353535 ], [ 141.866987878787882, -35.377533535353535 ], [ 142.371223737373725, -35.377533535353535 ], [ 142.371223737373725, -35.654596363636358 ], [ 142.371223737373725, -35.931659191919195 ], [ 142.371223737373725, -36.208722020202018 ], [ 142.371223737373725, -36.48578484848484 ], [ 142.371223737373725, -36.762847676767677 ], [ 142.371223737373725, -37.0399105050505 ], [ 142.371223737373725, -37.316973333333337 ], [ 142.371223737373725, -37.59403616161616 ], [ 141.866987878787882, -37.59403616161616 ], [ 141.866987878787882, -37.316973333333337 ], [ 141.362752020202038, -37.316973333333337 ], [ 141.362752020202038, -37.0399105050505 ], [ 141.362752020202038, -36.762847676767677 ], [ 141.362752020202038, -36.48578484848484 ] ] ], [ [ [ 143.883931313131313, -27.89683717171717 ], [ 143.883931313131313, -27.61977434343434 ], [ 144.388167171717157, -27.61977434343434 ], [ 144.388167171717157, -27.89683717171717 ], [ 144.388167171717157, -28.1739 ], [ 144.388167171717157, -28.45096282828283 ], [ 143.883931313131313, -28.45096282828283 ], [ 143.883931313131313, -28.1739 ], [ 143.37969545454547, -28.1739 ], [ 143.37969545454547, -27.89683717171717 ], [ 143.883931313131313, -27.89683717171717 ] ] ], [ [ [ 141.866987878787882, -24.017957575757574 ], [ 141.362752020202038, -24.017957575757574 ], [ 141.362752020202038, -23.740894747474748 ], [ 141.362752020202038, -23.740894747474744 ], [ 141.362752020202038, -23.463831919191918 ], [ 141.362752020202038, -23.186769090909092 ], [ 141.362752020202038, -23.186769090909088 ], [ 141.362752020202038, -22.909706262626262 ], [ 141.866987878787882, -22.909706262626262 ], [ 141.866987878787882, -22.632643434343432 ], [ 142.371223737373725, -22.632643434343432 ], [ 142.371223737373725, -22.909706262626262 ], [ 142.371223737373725, -23.186769090909088 ], [ 142.371223737373725, -23.186769090909092 ], [ 142.371223737373725, -23.463831919191918 ], [ 142.371223737373725, -23.740894747474744 ], [ 142.371223737373725, -23.740894747474748 ], [ 142.371223737373725, -24.017957575757574 ], [ 141.866987878787882, -24.017957575757574 ] ] ], [ [ [ 142.371223737373754, -23.463831919191918 ], [ 142.371223737373754, -23.186769090909092 ], [ 142.371223737373754, -23.186769090909088 ], [ 142.371223737373754, -22.909706262626262 ], [ 142.371223737373754, -22.632643434343432 ], [ 142.875459595959597, -22.632643434343432 ], [ 143.379695454545441, -22.632643434343432 ], [ 143.379695454545441, -22.909706262626262 ], [ 143.379695454545441, -23.186769090909088 ], [ 143.379695454545441, -23.186769090909092 ], [ 143.379695454545441, -23.463831919191918 ], [ 143.379695454545441, -23.740894747474744 ], [ 143.379695454545441, -23.740894747474748 ], [ 143.379695454545441, -24.017957575757574 ], [ 142.875459595959597, -24.017957575757574 ], [ 142.371223737373754, -24.017957575757574 ], [ 142.371223737373754, -23.740894747474748 ], [ 142.371223737373754, -23.740894747474744 ], [ 142.371223737373754, -23.463831919191918 ] ] ], [ [ [ 143.37969545454547, -23.186769090909088 ], [ 143.37969545454547, -22.909706262626262 ], [ 143.883931313131313, -22.909706262626262 ], [ 144.388167171717157, -22.909706262626262 ], [ 144.388167171717157, -23.186769090909088 ], [ 144.388167171717157, -23.186769090909092 ], [ 144.388167171717157, -23.463831919191918 ], [ 144.388167171717157, -23.740894747474744 ], [ 144.388167171717157, -23.740894747474748 ], [ 144.388167171717157, -24.017957575757574 ], [ 143.883931313131313, -24.017957575757574 ], [ 143.37969545454547, -24.017957575757574 ], [ 143.37969545454547, -23.740894747474748 ], [ 143.37969545454547, -23.740894747474744 ], [ 143.37969545454547, -23.463831919191918 ], [ 143.37969545454547, -23.186769090909092 ], [ 143.37969545454547, -23.186769090909088 ] ] ], [ [ [ 141.362752020202009, -22.909706262626262 ], [ 141.362752020202009, -23.186769090909088 ], [ 141.362752020202009, -23.186769090909092 ], [ 141.362752020202009, -23.463831919191918 ], [ 141.362752020202009, -23.740894747474748 ], [ 140.858516161616166, -23.740894747474748 ], [ 140.354280303030322, -23.740894747474748 ], [ 140.354280303030322, -23.463831919191918 ], [ 140.354280303030322, -23.186769090909088 ], [ 140.858516161616166, -23.186769090909088 ], [ 140.858516161616166, -22.909706262626262 ], [ 141.362752020202009, -22.909706262626262 ] ] ], [ [ [ 144.892403030303058, -38.425224646464642 ], [ 144.892403030303058, -38.148161818181819 ], [ 144.892403030303058, -37.871098989898982 ], [ 144.892403030303058, -37.59403616161616 ], [ 144.892403030303058, -37.316973333333337 ], [ 144.892403030303058, -37.0399105050505 ], [ 144.892403030303058, -36.762847676767677 ], [ 144.892403030303058, -36.48578484848484 ], [ 144.892403030303058, -36.208722020202018 ], [ 144.892403030303058, -35.931659191919195 ], [ 144.892403030303058, -35.654596363636358 ], [ 144.892403030303058, -35.377533535353535 ], [ 144.892403030303058, -35.100470707070698 ], [ 144.892403030303058, -34.823407878787876 ], [ 144.892403030303058, -34.546345050505053 ], [ 144.892403030303058, -34.269282222222216 ], [ 144.892403030303058, -33.992219393939394 ], [ 144.892403030303058, -33.715156565656557 ], [ 144.892403030303058, -33.438093737373734 ], [ 145.396638888888901, -33.438093737373734 ], [ 145.396638888888901, -33.161030909090911 ], [ 145.900874747474745, -33.161030909090911 ], [ 145.900874747474745, -32.883968080808074 ], [ 146.405110606060589, -32.883968080808074 ], [ 146.405110606060589, -33.161030909090911 ], [ 146.405110606060589, -33.438093737373734 ], [ 146.405110606060589, -33.715156565656557 ], [ 146.405110606060589, -33.992219393939394 ], [ 146.405110606060589, -34.269282222222216 ], [ 146.405110606060589, -34.546345050505053 ], [ 146.405110606060589, -34.823407878787876 ], [ 146.405110606060589, -35.100470707070698 ], [ 146.405110606060589, -35.377533535353535 ], [ 146.405110606060589, -35.654596363636358 ], [ 146.405110606060589, -35.931659191919195 ], [ 146.405110606060589, -36.208722020202018 ], [ 146.405110606060589, -36.48578484848484 ], [ 146.405110606060589, -36.762847676767677 ], [ 146.405110606060589, -37.0399105050505 ], [ 146.405110606060589, -37.316973333333337 ], [ 146.405110606060589, -37.59403616161616 ], [ 146.405110606060589, -37.871098989898982 ], [ 146.405110606060589, -38.148161818181819 ], [ 146.405110606060589, -38.425224646464642 ], [ 146.405110606060589, -38.702287474747479 ], [ 145.900874747474745, -38.702287474747479 ], [ 145.396638888888901, -38.702287474747479 ], [ 144.892403030303058, -38.702287474747479 ], [ 144.892403030303058, -38.425224646464642 ] ] ], [ [ [ 144.388167171717186, -37.316973333333337 ], [ 144.388167171717186, -37.0399105050505 ], [ 144.388167171717186, -36.762847676767677 ], [ 144.388167171717186, -36.48578484848484 ], [ 144.388167171717186, -36.208722020202018 ], [ 144.388167171717186, -35.931659191919195 ], [ 144.388167171717186, -35.654596363636358 ], [ 144.388167171717186, -35.377533535353535 ], [ 144.388167171717186, -35.100470707070698 ], [ 144.892403030303029, -35.100470707070698 ], [ 144.892403030303029, -35.377533535353535 ], [ 144.892403030303029, -35.654596363636358 ], [ 144.892403030303029, -35.931659191919195 ], [ 144.892403030303029, -36.208722020202018 ], [ 144.892403030303029, -36.48578484848484 ], [ 144.892403030303029, -36.762847676767677 ], [ 144.892403030303029, -37.0399105050505 ], [ 144.892403030303029, -37.316973333333337 ], [ 144.892403030303029, -37.59403616161616 ], [ 144.892403030303029, -37.871098989898982 ], [ 144.892403030303029, -38.148161818181819 ], [ 144.892403030303029, -38.425224646464642 ], [ 144.892403030303029, -38.702287474747479 ], [ 144.388167171717186, -38.702287474747479 ], [ 144.388167171717186, -38.425224646464642 ], [ 144.388167171717186, -38.148161818181819 ], [ 144.388167171717186, -37.871098989898982 ], [ 144.388167171717186, -37.59403616161616 ], [ 144.388167171717186, -37.316973333333337 ] ] ], [ [ [ 145.900874747474745, -30.113339797979794 ], [ 146.405110606060589, -30.113339797979794 ], [ 146.405110606060589, -30.390402626262624 ], [ 146.405110606060589, -30.667465454545454 ], [ 145.900874747474745, -30.667465454545454 ], [ 145.900874747474745, -30.390402626262624 ], [ 145.900874747474745, -30.113339797979794 ] ] ], [ [ [ 144.892403030303058, -28.1739 ], [ 144.892403030303058, -27.89683717171717 ], [ 144.892403030303058, -27.61977434343434 ], [ 145.396638888888901, -27.61977434343434 ], [ 145.900874747474745, -27.61977434343434 ], [ 146.405110606060589, -27.61977434343434 ], [ 146.405110606060589, -27.89683717171717 ], [ 146.405110606060589, -28.1739 ], [ 146.405110606060589, -28.45096282828283 ], [ 145.900874747474745, -28.45096282828283 ], [ 145.396638888888901, -28.45096282828283 ], [ 144.892403030303058, -28.45096282828283 ], [ 144.892403030303058, -28.1739 ] ] ], [ [ [ 144.892403030303029, -27.89683717171717 ], [ 144.892403030303029, -28.1739 ], [ 144.892403030303029, -28.45096282828283 ], [ 144.388167171717186, -28.45096282828283 ], [ 144.388167171717186, -28.1739 ], [ 144.388167171717186, -27.89683717171717 ], [ 144.388167171717186, -27.61977434343434 ], [ 144.892403030303029, -27.61977434343434 ], [ 144.892403030303029, -27.89683717171717 ] ] ], [ [ [ 144.892403030303029, -23.740894747474744 ], [ 144.892403030303029, -23.740894747474748 ], [ 144.892403030303029, -24.017957575757574 ], [ 144.388167171717186, -24.017957575757574 ], [ 144.388167171717186, -23.740894747474748 ], [ 144.388167171717186, -23.740894747474744 ], [ 144.388167171717186, -23.463831919191918 ], [ 144.388167171717186, -23.186769090909092 ], [ 144.388167171717186, -23.186769090909088 ], [ 144.388167171717186, -22.909706262626262 ], [ 144.892403030303029, -22.909706262626262 ], [ 144.892403030303029, -23.186769090909088 ], [ 144.892403030303029, -23.186769090909092 ], [ 144.892403030303029, -23.463831919191918 ], [ 144.892403030303029, -23.740894747474744 ] ] ], [ [ [ 145.900874747474745, -23.463831919191918 ], [ 146.405110606060589, -23.463831919191918 ], [ 146.405110606060589, -23.740894747474748 ], [ 145.900874747474745, -23.740894747474748 ], [ 145.396638888888901, -23.740894747474748 ], [ 144.892403030303058, -23.740894747474748 ], [ 144.892403030303058, -23.463831919191918 ], [ 144.892403030303058, -23.186769090909088 ], [ 145.396638888888901, -23.186769090909088 ], [ 145.900874747474745, -23.186769090909088 ], [ 145.900874747474745, -23.463831919191918 ] ] ], [ [ [ 146.405110606060617, -37.59403616161616 ], [ 146.405110606060617, -37.316973333333337 ], [ 146.405110606060617, -37.0399105050505 ], [ 146.405110606060617, -36.762847676767677 ], [ 146.405110606060617, -36.48578484848484 ], [ 146.405110606060617, -36.208722020202018 ], [ 146.405110606060617, -35.931659191919195 ], [ 146.405110606060617, -35.654596363636358 ], [ 146.405110606060617, -35.377533535353535 ], [ 146.405110606060617, -35.100470707070698 ], [ 146.405110606060617, -34.823407878787876 ], [ 146.405110606060617, -34.546345050505053 ], [ 146.405110606060617, -34.269282222222216 ], [ 146.405110606060617, -33.992219393939394 ], [ 146.405110606060617, -33.715156565656557 ], [ 146.405110606060617, -33.438093737373734 ], [ 146.405110606060617, -33.161030909090911 ], [ 146.405110606060617, -32.883968080808074 ], [ 146.405110606060617, -32.606905252525252 ], [ 146.405110606060617, -32.329842424242429 ], [ 146.405110606060617, -32.052779595959592 ], [ 146.405110606060617, -31.775716767676766 ], [ 146.405110606060617, -31.498653939393936 ], [ 146.405110606060617, -31.22159111111111 ], [ 146.405110606060617, -31.221591111111106 ], [ 146.405110606060617, -30.944528282828283 ], [ 146.405110606060617, -30.94452828282828 ], [ 146.405110606060617, -30.667465454545454 ], [ 146.405110606060617, -30.390402626262624 ], [ 146.405110606060617, -30.113339797979794 ], [ 146.909346464646461, -30.113339797979794 ], [ 146.909346464646461, -30.390402626262624 ], [ 146.909346464646461, -30.667465454545454 ], [ 146.909346464646461, -30.94452828282828 ], [ 146.909346464646461, -30.944528282828283 ], [ 146.909346464646461, -31.221591111111106 ], [ 146.909346464646461, -31.22159111111111 ], [ 146.909346464646461, -31.498653939393936 ], [ 146.909346464646461, -31.775716767676766 ], [ 146.909346464646461, -32.052779595959592 ], [ 146.909346464646461, -32.329842424242429 ], [ 146.909346464646461, -32.606905252525252 ], [ 146.909346464646461, -32.883968080808074 ], [ 146.909346464646461, -33.161030909090911 ], [ 146.909346464646461, -33.438093737373734 ], [ 146.909346464646461, -33.715156565656557 ], [ 146.909346464646461, -33.992219393939394 ], [ 146.909346464646461, -34.269282222222216 ], [ 146.909346464646461, -34.546345050505053 ], [ 146.909346464646461, -34.823407878787876 ], [ 146.909346464646461, -35.100470707070698 ], [ 146.909346464646461, -35.377533535353535 ], [ 146.909346464646461, -35.654596363636358 ], [ 146.909346464646461, -35.931659191919195 ], [ 146.909346464646461, -36.208722020202018 ], [ 146.909346464646461, -36.48578484848484 ], [ 146.909346464646461, -36.762847676767677 ], [ 146.909346464646461, -37.0399105050505 ], [ 146.909346464646461, -37.316973333333337 ], [ 146.909346464646461, -37.59403616161616 ], [ 146.909346464646461, -37.871098989898982 ], [ 146.909346464646461, -38.148161818181819 ], [ 146.909346464646461, -38.425224646464642 ], [ 146.909346464646461, -38.702287474747479 ], [ 146.405110606060617, -38.702287474747479 ], [ 146.405110606060617, -38.425224646464642 ], [ 146.405110606060617, -38.148161818181819 ], [ 146.405110606060617, -37.871098989898982 ], [ 146.405110606060617, -37.59403616161616 ] ] ], [ [ [ 146.909346464646489, -37.316973333333337 ], [ 146.909346464646489, -37.0399105050505 ], [ 146.909346464646489, -36.762847676767677 ], [ 146.909346464646489, -36.48578484848484 ], [ 146.909346464646489, -36.208722020202018 ], [ 146.909346464646489, -35.931659191919195 ], [ 146.909346464646489, -35.654596363636358 ], [ 146.909346464646489, -35.377533535353535 ], [ 146.909346464646489, -35.100470707070698 ], [ 146.909346464646489, -34.823407878787876 ], [ 146.909346464646489, -34.546345050505053 ], [ 146.909346464646489, -34.269282222222216 ], [ 146.909346464646489, -33.992219393939394 ], [ 146.909346464646489, -33.715156565656557 ], [ 146.909346464646489, -33.438093737373734 ], [ 146.909346464646489, -33.161030909090911 ], [ 146.909346464646489, -32.883968080808074 ], [ 146.909346464646489, -32.606905252525252 ], [ 146.909346464646489, -32.329842424242429 ], [ 146.909346464646489, -32.052779595959592 ], [ 146.909346464646489, -31.775716767676766 ], [ 146.909346464646489, -31.498653939393936 ], [ 146.909346464646489, -31.22159111111111 ], [ 146.909346464646489, -31.221591111111106 ], [ 146.909346464646489, -30.944528282828283 ], [ 146.909346464646489, -30.94452828282828 ], [ 146.909346464646489, -30.667465454545454 ], [ 146.909346464646489, -30.390402626262624 ], [ 146.909346464646489, -30.113339797979794 ], [ 147.413582323232333, -30.113339797979794 ], [ 147.413582323232333, -29.836276969696968 ], [ 147.917818181818177, -29.836276969696968 ], [ 148.422054040404021, -29.836276969696968 ], [ 148.422054040404021, -30.113339797979794 ], [ 148.422054040404021, -30.113339797979798 ], [ 148.422054040404021, -30.390402626262624 ], [ 148.422054040404021, -30.667465454545454 ], [ 148.422054040404021, -30.94452828282828 ], [ 148.422054040404021, -30.944528282828283 ], [ 148.422054040404021, -31.221591111111106 ], [ 148.422054040404021, -31.22159111111111 ], [ 148.422054040404021, -31.498653939393936 ], [ 148.422054040404021, -31.775716767676766 ], [ 148.422054040404021, -32.052779595959592 ], [ 148.422054040404021, -32.329842424242429 ], [ 148.422054040404021, -32.606905252525252 ], [ 148.422054040404021, -32.883968080808074 ], [ 148.422054040404021, -33.161030909090911 ], [ 148.422054040404021, -33.438093737373734 ], [ 148.422054040404021, -33.715156565656557 ], [ 148.422054040404021, -33.992219393939394 ], [ 148.422054040404021, -34.269282222222216 ], [ 148.422054040404021, -34.546345050505053 ], [ 148.422054040404021, -34.823407878787876 ], [ 148.422054040404021, -35.100470707070698 ], [ 148.422054040404021, -35.377533535353535 ], [ 148.422054040404021, -35.654596363636358 ], [ 148.422054040404021, -35.931659191919195 ], [ 148.422054040404021, -36.208722020202018 ], [ 148.422054040404021, -36.48578484848484 ], [ 148.422054040404021, -36.762847676767677 ], [ 148.422054040404021, -37.0399105050505 ], [ 148.422054040404021, -37.316973333333337 ], [ 148.422054040404021, -37.59403616161616 ], [ 148.422054040404021, -37.871098989898982 ], [ 148.422054040404021, -38.148161818181819 ], [ 148.422054040404021, -38.425224646464642 ], [ 147.917818181818177, -38.425224646464642 ], [ 147.413582323232333, -38.425224646464642 ], [ 147.413582323232333, -38.702287474747479 ], [ 146.909346464646489, -38.702287474747479 ], [ 146.909346464646489, -38.425224646464642 ], [ 146.909346464646489, -38.148161818181819 ], [ 146.909346464646489, -37.871098989898982 ], [ 146.909346464646489, -37.59403616161616 ], [ 146.909346464646489, -37.316973333333337 ] ] ], [ [ [ 145.900874747474745, -31.498653939393936 ], [ 146.405110606060589, -31.498653939393936 ], [ 146.405110606060589, -31.775716767676766 ], [ 145.900874747474745, -31.775716767676766 ], [ 145.900874747474745, -31.498653939393936 ] ] ], [ [ [ 146.909346464646461, -28.45096282828283 ], [ 146.405110606060617, -28.45096282828283 ], [ 146.405110606060617, -28.1739 ], [ 146.405110606060617, -27.89683717171717 ], [ 146.909346464646461, -27.89683717171717 ], [ 146.909346464646461, -28.1739 ], [ 146.909346464646461, -28.45096282828283 ] ] ], [ [ [ 146.909346464646489, -27.89683717171717 ], [ 147.413582323232333, -27.89683717171717 ], [ 147.413582323232333, -28.1739 ], [ 147.413582323232333, -28.45096282828283 ], [ 146.909346464646489, -28.45096282828283 ], [ 146.909346464646489, -28.1739 ], [ 146.909346464646489, -27.89683717171717 ] ] ], [ [ [ 148.422054040404049, -36.762847676767677 ], [ 148.422054040404049, -36.48578484848484 ], [ 148.422054040404049, -36.208722020202018 ], [ 148.422054040404049, -35.931659191919195 ], [ 148.422054040404049, -35.654596363636358 ], [ 148.422054040404049, -35.377533535353535 ], [ 148.422054040404049, -35.100470707070698 ], [ 148.422054040404049, -34.823407878787876 ], [ 148.422054040404049, -34.546345050505053 ], [ 148.422054040404049, -34.269282222222216 ], [ 148.422054040404049, -33.992219393939394 ], [ 148.422054040404049, -33.715156565656557 ], [ 148.422054040404049, -33.438093737373734 ], [ 148.422054040404049, -33.161030909090911 ], [ 148.422054040404049, -32.883968080808074 ], [ 148.422054040404049, -32.606905252525252 ], [ 148.422054040404049, -32.329842424242429 ], [ 148.422054040404049, -32.052779595959592 ], [ 148.422054040404049, -31.775716767676766 ], [ 148.422054040404049, -31.498653939393936 ], [ 148.422054040404049, -31.22159111111111 ], [ 148.422054040404049, -31.221591111111106 ], [ 148.422054040404049, -30.944528282828283 ], [ 148.422054040404049, -30.94452828282828 ], [ 148.422054040404049, -30.667465454545454 ], [ 148.422054040404049, -30.390402626262624 ], [ 148.422054040404049, -30.113339797979798 ], [ 148.422054040404049, -30.113339797979794 ], [ 148.422054040404049, -29.836276969696968 ], [ 148.926289898989893, -29.836276969696968 ], [ 148.926289898989893, -30.113339797979794 ], [ 148.926289898989893, -30.113339797979798 ], [ 148.926289898989893, -30.390402626262624 ], [ 148.926289898989893, -30.667465454545454 ], [ 148.926289898989893, -30.94452828282828 ], [ 148.926289898989893, -30.944528282828283 ], [ 148.926289898989893, -31.221591111111106 ], [ 148.926289898989893, -31.22159111111111 ], [ 148.926289898989893, -31.498653939393936 ], [ 148.926289898989893, -31.775716767676766 ], [ 148.926289898989893, -32.052779595959592 ], [ 148.926289898989893, -32.329842424242429 ], [ 148.926289898989893, -32.606905252525252 ], [ 148.926289898989893, -32.883968080808074 ], [ 148.926289898989893, -33.161030909090911 ], [ 148.926289898989893, -33.438093737373734 ], [ 148.926289898989893, -33.715156565656557 ], [ 148.926289898989893, -33.992219393939394 ], [ 148.926289898989893, -34.269282222222216 ], [ 148.926289898989893, -34.546345050505053 ], [ 148.926289898989893, -34.823407878787876 ], [ 148.926289898989893, -35.100470707070698 ], [ 148.926289898989893, -35.377533535353535 ], [ 148.926289898989893, -35.654596363636358 ], [ 148.926289898989893, -35.931659191919195 ], [ 148.926289898989893, -36.208722020202018 ], [ 148.926289898989893, -36.48578484848484 ], [ 148.926289898989893, -36.762847676767677 ], [ 148.926289898989893, -37.0399105050505 ], [ 148.926289898989893, -37.316973333333337 ], [ 148.926289898989893, -37.59403616161616 ], [ 148.926289898989893, -37.871098989898982 ], [ 148.926289898989893, -38.148161818181819 ], [ 148.422054040404049, -38.148161818181819 ], [ 148.422054040404049, -37.871098989898982 ], [ 148.422054040404049, -37.59403616161616 ], [ 148.422054040404049, -37.316973333333337 ], [ 148.422054040404049, -37.0399105050505 ], [ 148.422054040404049, -36.762847676767677 ] ] ], [ [ [ 148.926289898989921, -36.48578484848484 ], [ 148.926289898989921, -36.208722020202018 ], [ 148.926289898989921, -35.931659191919195 ], [ 148.926289898989921, -35.654596363636358 ], [ 148.926289898989921, -35.377533535353535 ], [ 148.926289898989921, -35.100470707070698 ], [ 148.926289898989921, -34.823407878787876 ], [ 148.926289898989921, -34.546345050505053 ], [ 148.926289898989921, -34.269282222222216 ], [ 148.926289898989921, -33.992219393939394 ], [ 148.926289898989921, -33.715156565656557 ], [ 148.926289898989921, -33.438093737373734 ], [ 148.926289898989921, -33.161030909090911 ], [ 148.926289898989921, -32.883968080808074 ], [ 148.926289898989921, -32.606905252525252 ], [ 148.926289898989921, -32.329842424242429 ], [ 148.926289898989921, -32.052779595959592 ], [ 148.926289898989921, -31.775716767676766 ], [ 148.926289898989921, -31.498653939393936 ], [ 148.926289898989921, -31.22159111111111 ], [ 148.926289898989921, -31.221591111111106 ], [ 148.926289898989921, -30.944528282828283 ], [ 148.926289898989921, -30.94452828282828 ], [ 148.926289898989921, -30.667465454545454 ], [ 148.926289898989921, -30.390402626262624 ], [ 148.926289898989921, -30.113339797979798 ], [ 148.926289898989921, -30.113339797979794 ], [ 148.926289898989921, -29.836276969696968 ], [ 149.430525757575765, -29.836276969696968 ], [ 149.934761616161609, -29.836276969696968 ], [ 150.438997474747453, -29.836276969696968 ], [ 150.438997474747453, -30.113339797979794 ], [ 150.438997474747453, -30.113339797979798 ], [ 150.438997474747453, -30.390402626262624 ], [ 150.438997474747453, -30.667465454545454 ], [ 150.438997474747453, -30.94452828282828 ], [ 150.438997474747453, -30.944528282828283 ], [ 150.438997474747453, -31.221591111111106 ], [ 150.438997474747453, -31.22159111111111 ], [ 150.438997474747453, -31.498653939393936 ], [ 150.438997474747453, -31.775716767676766 ], [ 150.438997474747453, -32.052779595959592 ], [ 150.438997474747453, -32.329842424242429 ], [ 150.438997474747453, -32.606905252525252 ], [ 150.438997474747453, -32.883968080808074 ], [ 150.438997474747453, -33.161030909090911 ], [ 150.438997474747453, -33.438093737373734 ], [ 150.438997474747453, -33.715156565656557 ], [ 150.438997474747453, -33.992219393939394 ], [ 150.438997474747453, -34.269282222222216 ], [ 150.438997474747453, -34.546345050505053 ], [ 150.438997474747453, -34.823407878787876 ], [ 150.438997474747453, -35.100470707070698 ], [ 150.438997474747453, -35.377533535353535 ], [ 150.438997474747453, -35.654596363636358 ], [ 150.438997474747453, -35.931659191919195 ], [ 150.438997474747453, -36.208722020202018 ], [ 150.438997474747453, -36.48578484848484 ], [ 150.438997474747453, -36.762847676767677 ], [ 150.438997474747453, -37.0399105050505 ], [ 149.934761616161609, -37.0399105050505 ], [ 149.934761616161609, -37.316973333333337 ], [ 149.430525757575765, -37.316973333333337 ], [ 149.430525757575765, -37.59403616161616 ], [ 149.430525757575765, -37.871098989898982 ], [ 148.926289898989921, -37.871098989898982 ], [ 148.926289898989921, -37.59403616161616 ], [ 148.926289898989921, -37.316973333333337 ], [ 148.926289898989921, -37.0399105050505 ], [ 148.926289898989921, -36.762847676767677 ], [ 148.926289898989921, -36.48578484848484 ] ] ], [ [ [ 150.438997474747481, -35.377533535353535 ], [ 150.438997474747481, -35.100470707070698 ], [ 150.438997474747481, -34.823407878787876 ], [ 150.438997474747481, -34.546345050505053 ], [ 150.438997474747481, -34.269282222222216 ], [ 150.438997474747481, -33.992219393939394 ], [ 150.438997474747481, -33.715156565656557 ], [ 150.438997474747481, -33.438093737373734 ], [ 150.438997474747481, -33.161030909090911 ], [ 150.438997474747481, -32.883968080808074 ], [ 150.438997474747481, -32.606905252525252 ], [ 150.438997474747481, -32.329842424242429 ], [ 150.438997474747481, -32.052779595959592 ], [ 150.438997474747481, -31.775716767676766 ], [ 150.438997474747481, -31.498653939393936 ], [ 150.438997474747481, -31.22159111111111 ], [ 150.438997474747481, -31.221591111111106 ], [ 150.438997474747481, -30.944528282828283 ], [ 150.438997474747481, -30.94452828282828 ], [ 150.438997474747481, -30.667465454545454 ], [ 150.438997474747481, -30.390402626262624 ], [ 150.438997474747481, -30.113339797979798 ], [ 150.438997474747481, -30.113339797979794 ], [ 150.438997474747481, -29.836276969696968 ], [ 150.943233333333325, -29.836276969696968 ], [ 150.943233333333325, -30.113339797979794 ], [ 150.943233333333325, -30.113339797979798 ], [ 150.943233333333325, -30.390402626262624 ], [ 150.943233333333325, -30.667465454545454 ], [ 150.943233333333325, -30.94452828282828 ], [ 150.943233333333325, -30.944528282828283 ], [ 150.943233333333325, -31.221591111111106 ], [ 150.943233333333325, -31.22159111111111 ], [ 150.943233333333325, -31.498653939393936 ], [ 150.943233333333325, -31.775716767676766 ], [ 150.943233333333325, -32.052779595959592 ], [ 150.943233333333325, -32.329842424242429 ], [ 150.943233333333325, -32.606905252525252 ], [ 150.943233333333325, -32.883968080808074 ], [ 150.943233333333325, -33.161030909090911 ], [ 150.943233333333325, -33.438093737373734 ], [ 150.943233333333325, -33.715156565656557 ], [ 150.943233333333325, -33.992219393939394 ], [ 150.943233333333325, -34.269282222222216 ], [ 150.943233333333325, -34.546345050505053 ], [ 150.943233333333325, -34.823407878787876 ], [ 150.943233333333325, -35.100470707070698 ], [ 150.943233333333325, -35.377533535353535 ], [ 150.943233333333325, -35.654596363636358 ], [ 150.943233333333325, -35.931659191919195 ], [ 150.943233333333325, -36.208722020202018 ], [ 150.438997474747481, -36.208722020202018 ], [ 150.438997474747481, -35.931659191919195 ], [ 150.438997474747481, -35.654596363636358 ], [ 150.438997474747481, -35.377533535353535 ] ] ], [ [ [ 150.943233333333353, -35.100470707070698 ], [ 150.943233333333353, -34.823407878787876 ], [ 150.943233333333353, -34.546345050505053 ], [ 150.943233333333353, -34.269282222222216 ], [ 150.943233333333353, -33.992219393939394 ], [ 150.943233333333353, -33.715156565656557 ], [ 150.943233333333353, -33.438093737373734 ], [ 150.943233333333353, -33.161030909090911 ], [ 150.943233333333353, -32.883968080808074 ], [ 150.943233333333353, -32.606905252525252 ], [ 150.943233333333353, -32.329842424242429 ], [ 150.943233333333353, -32.052779595959592 ], [ 150.943233333333353, -31.775716767676766 ], [ 150.943233333333353, -31.498653939393936 ], [ 150.943233333333353, -31.22159111111111 ], [ 150.943233333333353, -31.221591111111106 ], [ 150.943233333333353, -30.944528282828283 ], [ 150.943233333333353, -30.94452828282828 ], [ 150.943233333333353, -30.667465454545454 ], [ 150.943233333333353, -30.390402626262624 ], [ 150.943233333333353, -30.113339797979798 ], [ 150.943233333333353, -30.113339797979794 ], [ 150.943233333333353, -29.836276969696968 ], [ 151.447469191919197, -29.836276969696968 ], [ 151.951705050505041, -29.836276969696968 ], [ 151.951705050505041, -30.113339797979794 ], [ 151.951705050505041, -30.113339797979798 ], [ 151.951705050505041, -30.390402626262624 ], [ 151.951705050505041, -30.667465454545454 ], [ 151.951705050505041, -30.94452828282828 ], [ 151.951705050505041, -30.944528282828283 ], [ 151.951705050505041, -31.221591111111106 ], [ 151.951705050505041, -31.22159111111111 ], [ 151.951705050505041, -31.498653939393936 ], [ 151.951705050505041, -31.775716767676766 ], [ 151.951705050505041, -32.052779595959592 ], [ 151.951705050505041, -32.329842424242429 ], [ 151.951705050505041, -32.606905252525252 ], [ 151.951705050505041, -32.883968080808074 ], [ 151.951705050505041, -33.161030909090911 ], [ 151.951705050505041, -33.438093737373734 ], [ 151.951705050505041, -33.715156565656557 ], [ 151.951705050505041, -33.992219393939394 ], [ 151.951705050505041, -34.269282222222216 ], [ 151.951705050505041, -34.546345050505053 ], [ 151.951705050505041, -34.823407878787876 ], [ 151.951705050505041, -35.100470707070698 ], [ 151.951705050505041, -35.377533535353535 ], [ 151.951705050505041, -35.654596363636358 ], [ 151.951705050505041, -35.931659191919195 ], [ 151.447469191919197, -35.931659191919195 ], [ 150.943233333333353, -35.931659191919195 ], [ 150.943233333333353, -35.654596363636358 ], [ 150.943233333333353, -35.377533535353535 ], [ 150.943233333333353, -35.100470707070698 ] ] ], [ [ [ 151.951705050505069, -35.100470707070698 ], [ 151.951705050505069, -34.823407878787876 ], [ 151.951705050505069, -34.546345050505053 ], [ 151.951705050505069, -34.269282222222216 ], [ 151.951705050505069, -33.992219393939394 ], [ 151.951705050505069, -33.715156565656557 ], [ 151.951705050505069, -33.438093737373734 ], [ 151.951705050505069, -33.161030909090911 ], [ 151.951705050505069, -32.883968080808074 ], [ 151.951705050505069, -32.606905252525252 ], [ 151.951705050505069, -32.329842424242429 ], [ 151.951705050505069, -32.052779595959592 ], [ 151.951705050505069, -31.775716767676766 ], [ 151.951705050505069, -31.498653939393936 ], [ 151.951705050505069, -31.22159111111111 ], [ 151.951705050505069, -31.221591111111106 ], [ 151.951705050505069, -30.944528282828283 ], [ 151.951705050505069, -30.94452828282828 ], [ 151.951705050505069, -30.667465454545454 ], [ 151.951705050505069, -30.390402626262624 ], [ 151.951705050505069, -30.113339797979794 ], [ 152.455940909090913, -30.113339797979794 ], [ 152.960176767676757, -30.113339797979794 ], [ 152.960176767676757, -30.390402626262624 ], [ 152.960176767676757, -30.667465454545454 ], [ 152.960176767676757, -30.94452828282828 ], [ 152.960176767676757, -30.944528282828283 ], [ 152.960176767676757, -31.221591111111106 ], [ 152.960176767676757, -31.22159111111111 ], [ 152.960176767676757, -31.498653939393936 ], [ 152.960176767676757, -31.775716767676766 ], [ 152.960176767676757, -32.052779595959592 ], [ 152.960176767676757, -32.329842424242429 ], [ 152.960176767676757, -32.606905252525252 ], [ 152.960176767676757, -32.883968080808074 ], [ 152.960176767676757, -33.161030909090911 ], [ 152.960176767676757, -33.438093737373734 ], [ 152.960176767676757, -33.715156565656557 ], [ 152.960176767676757, -33.992219393939394 ], [ 152.960176767676757, -34.269282222222216 ], [ 152.960176767676757, -34.546345050505053 ], [ 152.960176767676757, -34.823407878787876 ], [ 152.960176767676757, -35.100470707070698 ], [ 152.960176767676757, -35.377533535353535 ], [ 152.960176767676757, -35.654596363636358 ], [ 152.455940909090913, -35.654596363636358 ], [ 151.951705050505069, -35.654596363636358 ], [ 151.951705050505069, -35.377533535353535 ], [ 151.951705050505069, -35.100470707070698 ] ] ], [ [ [ 152.960176767676785, -33.438093737373734 ], [ 152.960176767676785, -33.161030909090911 ], [ 152.960176767676785, -32.883968080808074 ], [ 152.960176767676785, -32.606905252525252 ], [ 152.960176767676785, -32.329842424242429 ], [ 152.960176767676785, -32.052779595959592 ], [ 152.960176767676785, -31.775716767676766 ], [ 152.960176767676785, -31.498653939393936 ], [ 152.960176767676785, -31.22159111111111 ], [ 152.960176767676785, -31.221591111111106 ], [ 152.960176767676785, -30.944528282828283 ], [ 152.960176767676785, -30.94452828282828 ], [ 152.960176767676785, -30.667465454545454 ], [ 152.960176767676785, -30.390402626262624 ], [ 152.960176767676785, -30.113339797979794 ], [ 153.464412626262629, -30.113339797979794 ], [ 153.464412626262629, -30.390402626262624 ], [ 153.968648484848472, -30.390402626262624 ], [ 153.968648484848472, -30.667465454545454 ], [ 153.968648484848472, -30.94452828282828 ], [ 153.968648484848472, -30.944528282828283 ], [ 153.968648484848472, -31.221591111111106 ], [ 153.968648484848472, -31.22159111111111 ], [ 153.968648484848472, -31.498653939393936 ], [ 153.968648484848472, -31.775716767676766 ], [ 153.968648484848472, -32.052779595959592 ], [ 153.968648484848472, -32.329842424242429 ], [ 153.968648484848472, -32.606905252525252 ], [ 153.968648484848472, -32.883968080808074 ], [ 153.968648484848472, -33.161030909090911 ], [ 153.968648484848472, -33.438093737373734 ], [ 153.968648484848472, -33.715156565656557 ], [ 153.968648484848472, -33.992219393939394 ], [ 153.968648484848472, -34.269282222222216 ], [ 153.968648484848472, -34.546345050505053 ], [ 153.968648484848472, -34.823407878787876 ], [ 153.968648484848472, -35.100470707070698 ], [ 153.968648484848472, -35.377533535353535 ], [ 153.464412626262629, -35.377533535353535 ], [ 153.464412626262629, -35.654596363636358 ], [ 152.960176767676785, -35.654596363636358 ], [ 152.960176767676785, -35.377533535353535 ], [ 152.960176767676785, -35.100470707070698 ], [ 152.960176767676785, -34.823407878787876 ], [ 152.960176767676785, -34.546345050505053 ], [ 152.960176767676785, -34.269282222222216 ], [ 152.960176767676785, -33.992219393939394 ], [ 152.960176767676785, -33.715156565656557 ], [ 152.960176767676785, -33.438093737373734 ] ] ], [ [ [ 153.968648484848501, -33.992219393939394 ], [ 153.968648484848501, -33.715156565656557 ], [ 153.968648484848501, -33.438093737373734 ], [ 153.968648484848501, -33.161030909090911 ], [ 153.968648484848501, -32.883968080808074 ], [ 153.968648484848501, -32.606905252525252 ], [ 153.968648484848501, -32.329842424242429 ], [ 153.968648484848501, -32.052779595959592 ], [ 154.472884343434345, -32.052779595959592 ], [ 154.472884343434345, -32.329842424242429 ], [ 154.977120202020188, -32.329842424242429 ], [ 154.977120202020188, -32.606905252525252 ], [ 154.977120202020188, -32.883968080808074 ], [ 154.977120202020188, -33.161030909090911 ], [ 154.977120202020188, -33.438093737373734 ], [ 154.977120202020188, -33.715156565656557 ], [ 154.977120202020188, -33.992219393939394 ], [ 154.977120202020188, -34.269282222222216 ], [ 154.977120202020188, -34.546345050505053 ], [ 154.977120202020188, -34.823407878787876 ], [ 154.977120202020188, -35.100470707070698 ], [ 154.472884343434345, -35.100470707070698 ], [ 154.472884343434345, -35.377533535353535 ], [ 153.968648484848501, -35.377533535353535 ], [ 153.968648484848501, -35.100470707070698 ], [ 153.968648484848501, -34.823407878787876 ], [ 153.968648484848501, -34.546345050505053 ], [ 153.968648484848501, -34.269282222222216 ], [ 153.968648484848501, -33.992219393939394 ] ] ], [ [ [ 154.977120202020217, -33.438093737373734 ], [ 154.977120202020217, -33.161030909090911 ], [ 154.977120202020217, -32.883968080808074 ], [ 154.977120202020217, -32.606905252525252 ], [ 154.977120202020217, -32.329842424242429 ], [ 155.481356060606061, -32.329842424242429 ], [ 155.481356060606061, -32.606905252525252 ], [ 155.481356060606061, -32.883968080808074 ], [ 155.985591919191904, -32.883968080808074 ], [ 155.985591919191904, -33.161030909090911 ], [ 155.985591919191904, -33.438093737373734 ], [ 155.985591919191904, -33.715156565656557 ], [ 155.985591919191904, -33.992219393939394 ], [ 155.985591919191904, -34.269282222222216 ], [ 155.985591919191904, -34.546345050505053 ], [ 155.481356060606061, -34.546345050505053 ], [ 155.481356060606061, -34.823407878787876 ], [ 154.977120202020217, -34.823407878787876 ], [ 154.977120202020217, -34.546345050505053 ], [ 154.977120202020217, -34.269282222222216 ], [ 154.977120202020217, -33.992219393939394 ], [ 154.977120202020217, -33.715156565656557 ], [ 154.977120202020217, -33.438093737373734 ] ] ], [ [ [ 153.968648484848501, -30.94452828282828 ], [ 153.968648484848501, -30.667465454545454 ], [ 153.968648484848501, -30.390402626262624 ], [ 154.472884343434345, -30.390402626262624 ], [ 154.472884343434345, -30.667465454545454 ], [ 154.472884343434345, -30.94452828282828 ], [ 154.472884343434345, -30.944528282828283 ], [ 154.472884343434345, -31.221591111111106 ], [ 154.472884343434345, -31.22159111111111 ], [ 154.472884343434345, -31.498653939393936 ], [ 153.968648484848501, -31.498653939393936 ], [ 153.968648484848501, -31.22159111111111 ], [ 153.968648484848501, -31.221591111111106 ], [ 153.968648484848501, -30.944528282828283 ], [ 153.968648484848501, -30.94452828282828 ] ] ] ] } },
{ "type": "Feature", "properties": { "month": 8, "species_sci": "Corvus coronoides", "species_com": "Australian Raven" }, "geometry": { "type": "MultiPolygon", "coordinates": [ [ [ [ 115.088904545454554, -32.96545676767677 ], [ 115.592063636363633, -32.96545676767677 ], [ 115.592063636363648, -32.96545676767677 ], [ 116.095222727272727, -32.96545676767677 ], [ 116.598381818181821, -32.96545676767677 ], [ 117.101540909090915, -32.96545676767677 ], [ 117.6047, -32.96545676767677 ], [ 118.107859090909102, -32.96545676767677 ], [ 118.107859090909102, -33.218683636363636 ], [ 117.6047, -33.218683636363636 ], [ 117.6047, -33.471910505050502 ], [ 117.101540909090915, -33.471910505050502 ], [ 116.598381818181821, -33.471910505050502 ], [ 116.095222727272727, -33.471910505050502 ], [ 115.592063636363648, -33.471910505050502 ], [ 115.592063636363633, -33.471910505050502 ], [ 115.088904545454554, -33.471910505050502 ], [ 114.58574545454546, -33.471910505050502 ], [ 114.082586363636366, -33.471910505050502 ], [ 114.082586363636366, -33.218683636363636 ], [ 113.579427272727273, -33.218683636363636 ], [ 113.579427272727273, -32.96545676767677 ], [ 114.082586363636366, -32.96545676767677 ], [ 114.58574545454546, -32.96545676767677 ], [ 115.088904545454554, -32.96545676767677 ] ] ], [ [ [ 112.573109090909099, -32.45900303030303 ], [ 112.573109090909099, -32.205776161616164 ], [ 113.076268181818179, -32.205776161616164 ], [ 113.076268181818193, -32.205776161616164 ], [ 113.579427272727273, -32.205776161616164 ], [ 114.082586363636366, -32.205776161616164 ], [ 114.58574545454546, -32.205776161616164 ], [ 115.088904545454554, -32.205776161616164 ], [ 115.592063636363633, -32.205776161616164 ], [ 115.592063636363648, -32.205776161616164 ], [ 116.095222727272727, -32.205776161616164 ], [ 116.598381818181821, -32.205776161616164 ], [ 117.101540909090915, -32.205776161616164 ], [ 117.6047, -32.205776161616164 ], [ 118.107859090909102, -32.205776161616164 ], [ 118.611018181818181, -32.205776161616164 ], [ 118.611018181818196, -32.205776161616164 ], [ 119.114177272727275, -32.205776161616164 ], [ 119.617336363636369, -32.205776161616164 ], [ 120.120495454545463, -32.205776161616164 ], [ 120.623654545454542, -32.205776161616164 ], [ 120.623654545454556, -32.205776161616164 ], [ 121.126813636363636, -32.205776161616164 ], [ 121.126813636363636, -32.45900303030303 ], [ 120.623654545454556, -32.45900303030303 ], [ 120.623654545454542, -32.45900303030303 ], [ 120.120495454545463, -32.45900303030303 ], [ 120.120495454545463, -32.712229898989897 ], [ 119.617336363636369, -32.712229898989897 ], [ 119.114177272727275, -32.712229898989897 ], [ 118.611018181818196, -32.712229898989897 ], [ 118.611018181818196, -32.965456767676763 ], [ 118.107859090909102, -32.965456767676763 ], [ 117.6047, -32.965456767676763 ], [ 117.101540909090915, -32.965456767676763 ], [ 116.598381818181821, -32.965456767676763 ], [ 116.095222727272727, -32.965456767676763 ], [ 115.592063636363648, -32.965456767676763 ], [ 115.592063636363633, -32.965456767676763 ], [ 115.088904545454554, -32.965456767676763 ], [ 114.58574545454546, -32.965456767676763 ], [ 114.082586363636366, -32.965456767676763 ], [ 113.579427272727273, -32.965456767676763 ], [ 113.579427272727273, -32.712229898989897 ], [ 113.579427272727273, -32.45900303030303 ], [ 113.076268181818193, -32.45900303030303 ], [ 113.076268181818179, -32.45900303030303 ], [ 112.573109090909099, -32.45900303030303 ] ] ], [ [ [ 112.06995, -32.205776161616157 ], [ 111.566790909090912, -32.205776161616157 ], [ 111.566790909090912, -31.952549292929291 ], [ 111.063631818181818, -31.952549292929291 ], [ 111.063631818181818, -31.699322424242425 ], [ 110.560472727272725, -31.699322424242425 ], [ 110.560472727272725, -31.446095555555559 ], [ 111.063631818181818, -31.446095555555559 ], [ 111.566790909090912, -31.446095555555559 ], [ 112.06995, -31.446095555555559 ], [ 112.573109090909099, -31.446095555555559 ], [ 113.076268181818179, -31.446095555555559 ], [ 113.076268181818193, -31.446095555555559 ], [ 113.579427272727273, -31.446095555555559 ], [ 114.082586363636366, -31.446095555555559 ], [ 114.58574545454546, -31.446095555555559 ], [ 115.088904545454554, -31.446095555555559 ], [ 115.592063636363633, -31.446095555555559 ], [ 115.592063636363648, -31.446095555555559 ], [ 116.095222727272727, -31.446095555555559 ], [ 116.598381818181821, -31.446095555555559 ], [ 117.101540909090915, -31.446095555555559 ], [ 117.6047, -31.446095555555559 ], [ 118.107859090909102, -31.446095555555559 ], [ 118.611018181818181, -31.446095555555559 ], [ 118.611018181818196, -31.446095555555559 ], [ 119.114177272727275, -31.446095555555559 ], [ 119.617336363636369, -31.446095555555559 ], [ 120.120495454545463, -31.446095555555559 ], [ 120.623654545454542, -31.446095555555559 ], [ 120.623654545454556, -31.446095555555559 ], [ 121.126813636363636, -31.446095555555559 ], [ 121.126813636363636, -31.699322424242425 ], [ 121.62997272727273, -31.699322424242425 ], [ 121.62997272727273, -31.952549292929291 ], [ 121.62997272727273, -32.205776161616157 ], [ 121.126813636363636, -32.205776161616157 ], [ 120.623654545454556, -32.205776161616157 ], [ 120.623654545454542, -32.205776161616157 ], [ 120.120495454545463, -32.205776161616157 ], [ 119.617336363636369, -32.205776161616157 ], [ 119.114177272727275, -32.205776161616157 ], [ 118.611018181818196, -32.205776161616157 ], [ 118.611018181818181, -32.205776161616157 ], [ 118.107859090909102, -32.205776161616157 ], [ 117.6047, -32.205776161616157 ], [ 117.101540909090915, -32.205776161616157 ], [ 116.598381818181821, -32.205776161616157 ], [ 116.095222727272727, -32.205776161616157 ], [ 115.592063636363648, -32.205776161616157 ], [ 115.592063636363633, -32.205776161616157 ], [ 115.088904545454554, -32.205776161616157 ], [ 114.58574545454546, -32.205776161616157 ], [ 114.082586363636366, -32.205776161616157 ], [ 113.579427272727273, -32.205776161616157 ], [ 113.076268181818193, -32.205776161616157 ], [ 113.076268181818179, -32.205776161616157 ], [ 112.573109090909099, -32.205776161616157 ], [ 112.06995, -32.205776161616157 ] ] ], [ [ [ 111.063631818181818, -31.446095555555551 ], [ 110.560472727272725, -31.446095555555551 ], [ 110.560472727272725, -31.192868686868685 ], [ 111.063631818181818, -31.192868686868685 ], [ 111.063631818181818, -30.939641818181819 ], [ 111.566790909090912, -30.939641818181819 ], [ 112.06995, -30.939641818181819 ], [ 112.573109090909099, -30.939641818181819 ], [ 113.076268181818179, -30.939641818181819 ], [ 113.076268181818193, -30.939641818181819 ], [ 113.579427272727273, -30.939641818181819 ], [ 114.082586363636366, -30.939641818181819 ], [ 114.58574545454546, -30.939641818181819 ], [ 115.088904545454554, -30.939641818181819 ], [ 115.592063636363633, -30.939641818181819 ], [ 115.592063636363648, -30.939641818181819 ], [ 116.095222727272727, -30.939641818181819 ], [ 116.598381818181821, -30.939641818181819 ], [ 117.101540909090915, -30.939641818181819 ], [ 117.6047, -30.939641818181819 ], [ 118.107859090909102, -30.939641818181819 ], [ 118.611018181818181, -30.939641818181819 ], [ 118.611018181818196, -30.939641818181819 ], [ 119.114177272727275, -30.939641818181819 ], [ 119.617336363636369, -30.939641818181819 ], [ 120.120495454545463, -30.939641818181819 ], [ 120.120495454545463, -31.192868686868685 ], [ 120.623654545454556, -31.192868686868685 ], [ 120.623654545454556, -31.446095555555551 ], [ 120.120495454545463, -31.446095555555551 ], [ 119.617336363636369, -31.446095555555551 ], [ 119.114177272727275, -31.446095555555551 ], [ 118.611018181818196, -31.446095555555551 ], [ 118.611018181818181, -31.446095555555551 ], [ 118.107859090909102, -31.446095555555551 ], [ 117.6047, -31.446095555555551 ], [ 117.101540909090915, -31.446095555555551 ], [ 116.598381818181821, -31.446095555555551 ], [ 116.095222727272727, -31.446095555555551 ], [ 115.592063636363648, -31.446095555555551 ], [ 115.592063636363633, -31.446095555555551 ], [ 115.088904545454554, -31.446095555555551 ], [ 114.58574545454546, -31.446095555555551 ], [ 114.082586363636366, -31.446095555555551 ], [ 113.579427272727273, -31.446095555555551 ], [ 113.076268181818193, -31.446095555555551 ], [ 113.076268181818179, -31.446095555555551 ], [ 112.573109090909099, -31.446095555555551 ], [ 112.06995, -31.446095555555551 ], [ 111.566790909090912, -31.446095555555551 ], [ 111.063631818181818, -31.446095555555551 ] ] ], [ [ [ 115.592063636363633, -30.686414949494949 ], [ 115.592063636363648, -30.686414949494949 ], [ 116.095222727272727, -30.686414949494949 ], [ 116.598381818181821, -30.686414949494949 ], [ 117.101540909090915, -30.686414949494949 ], [ 117.6047, -30.686414949494949 ], [ 118.107859090909102, -30.686414949494949 ], [ 118.611018181818181, -30.686414949494949 ], [ 118.611018181818196, -30.686414949494949 ], [ 119.114177272727275, -30.686414949494949 ], [ 119.114177272727275, -30.939641818181816 ], [ 118.611018181818196, -30.939641818181816 ], [ 118.611018181818181, -30.939641818181816 ], [ 118.107859090909102, -30.939641818181816 ], [ 117.6047, -30.939641818181816 ], [ 117.101540909090915, -30.939641818181816 ], [ 116.598381818181821, -30.939641818181816 ], [ 116.095222727272727, -30.939641818181816 ], [ 115.592063636363648, -30.939641818181816 ], [ 115.592063636363633, -30.939641818181816 ], [ 115.088904545454554, -30.939641818181816 ], [ 114.58574545454546, -30.939641818181816 ], [ 114.082586363636366, -30.939641818181816 ], [ 113.579427272727273, -30.939641818181816 ], [ 113.579427272727273, -30.686414949494949 ], [ 114.082586363636366, -30.686414949494949 ], [ 114.58574545454546, -30.686414949494949 ], [ 115.088904545454554, -30.686414949494949 ], [ 115.592063636363633, -30.686414949494949 ] ] ], [ [ [ 116.095222727272727, -33.471910505050509 ], [ 116.598381818181821, -33.471910505050509 ], [ 116.598381818181821, -33.725137373737375 ], [ 116.095222727272727, -33.725137373737375 ], [ 115.592063636363633, -33.725137373737375 ], [ 115.592063636363633, -33.471910505050509 ], [ 116.095222727272727, -33.471910505050509 ] ] ], [ [ [ 145.781609090909086, -37.270313535353537 ], [ 145.781609090909114, -37.270313535353537 ], [ 146.28476818181818, -37.270313535353537 ], [ 146.28476818181818, -37.523540404040403 ], [ 146.787927272727273, -37.523540404040403 ], [ 146.787927272727273, -37.77676727272727 ], [ 146.28476818181818, -37.77676727272727 ], [ 145.781609090909114, -37.77676727272727 ], [ 145.781609090909086, -37.77676727272727 ], [ 145.27845, -37.77676727272727 ], [ 144.775290909090927, -37.77676727272727 ], [ 144.272131818181833, -37.77676727272727 ], [ 144.272131818181833, -37.523540404040403 ], [ 143.76897272727274, -37.523540404040403 ], [ 143.265813636363646, -37.523540404040403 ], [ 143.265813636363646, -37.270313535353537 ], [ 143.76897272727274, -37.270313535353537 ], [ 144.272131818181833, -37.270313535353537 ], [ 144.775290909090927, -37.270313535353537 ], [ 145.27845, -37.270313535353537 ], [ 145.781609090909086, -37.270313535353537 ] ] ], [ [ [ 142.762654545454552, -37.27031353535353 ], [ 142.259495454545458, -37.27031353535353 ], [ 141.756336363636365, -37.27031353535353 ], [ 141.756336363636365, -37.017086666666664 ], [ 141.253177272727271, -37.017086666666664 ], [ 140.750018181818177, -37.017086666666664 ], [ 140.750018181818177, -36.763859797979798 ], [ 140.246859090909084, -36.763859797979798 ], [ 140.246859090909084, -36.510632929292932 ], [ 140.750018181818177, -36.510632929292932 ], [ 141.253177272727271, -36.510632929292932 ], [ 141.756336363636365, -36.510632929292932 ], [ 142.259495454545458, -36.510632929292932 ], [ 142.762654545454552, -36.510632929292932 ], [ 143.265813636363646, -36.510632929292932 ], [ 143.76897272727274, -36.510632929292932 ], [ 144.272131818181833, -36.510632929292932 ], [ 144.775290909090927, -36.510632929292932 ], [ 145.27845, -36.510632929292932 ], [ 145.781609090909086, -36.510632929292932 ], [ 145.781609090909114, -36.510632929292932 ], [ 146.28476818181818, -36.510632929292932 ], [ 146.787927272727273, -36.510632929292932 ], [ 147.291086363636367, -36.510632929292932 ], [ 147.794245454545461, -36.510632929292932 ], [ 148.297404545454555, -36.510632929292932 ], [ 148.800563636363648, -36.510632929292932 ], [ 149.303722727272742, -36.510632929292932 ], [ 149.806881818181836, -36.510632929292932 ], [ 149.806881818181836, -36.763859797979798 ], [ 149.303722727272742, -36.763859797979798 ], [ 148.800563636363648, -36.763859797979798 ], [ 148.297404545454555, -36.763859797979798 ], [ 148.297404545454555, -37.017086666666664 ], [ 147.794245454545461, -37.017086666666664 ], [ 147.291086363636367, -37.017086666666664 ], [ 146.787927272727273, -37.017086666666664 ], [ 146.787927272727273, -37.27031353535353 ], [ 146.28476818181818, -37.27031353535353 ], [ 145.781609090909114, -37.27031353535353 ], [ 145.781609090909086, -37.27031353535353 ], [ 145.27845, -37.27031353535353 ], [ 144.775290909090927, -37.27031353535353 ], [ 144.272131818181833, -37.27031353535353 ], [ 143.76897272727274, -37.27031353535353 ], [ 143.265813636363646, -37.27031353535353 ], [ 142.762654545454552, -37.27031353535353 ] ] ], [ [ [ 140.750018181818177, -36.257406060606058 ], [ 140.750018181818177, -36.004179191919192 ], [ 141.253177272727271, -36.004179191919192 ], [ 141.756336363636365, -36.004179191919192 ], [ 142.259495454545458, -36.004179191919192 ], [ 142.259495454545458, -35.750952323232326 ], [ 142.762654545454552, -35.750952323232326 ], [ 143.265813636363646, -35.750952323232326 ], [ 143.76897272727274, -35.750952323232326 ], [ 144.272131818181833, -35.750952323232326 ], [ 144.775290909090927, -35.750952323232326 ], [ 145.27845, -35.750952323232326 ], [ 145.781609090909086, -35.750952323232326 ], [ 145.781609090909114, -35.750952323232326 ], [ 146.28476818181818, -35.750952323232326 ], [ 146.787927272727273, -35.750952323232326 ], [ 147.291086363636367, -35.750952323232326 ], [ 147.794245454545461, -35.750952323232326 ], [ 148.297404545454555, -35.750952323232326 ], [ 148.800563636363648, -35.750952323232326 ], [ 149.303722727272742, -35.750952323232326 ], [ 149.806881818181807, -35.750952323232326 ], [ 149.806881818181836, -35.750952323232326 ], [ 150.310040909090901, -35.750952323232326 ], [ 150.8132, -35.750952323232326 ], [ 151.316359090909089, -35.750952323232326 ], [ 151.819518181818182, -35.750952323232326 ], [ 152.322677272727276, -35.750952323232326 ], [ 152.322677272727276, -36.004179191919192 ], [ 151.819518181818182, -36.004179191919192 ], [ 151.316359090909089, -36.004179191919192 ], [ 150.8132, -36.004179191919192 ], [ 150.8132, -36.257406060606058 ], [ 150.310040909090901, -36.257406060606058 ], [ 150.310040909090901, -36.510632929292925 ], [ 149.806881818181836, -36.510632929292925 ], [ 149.806881818181807, -36.510632929292925 ], [ 149.303722727272742, -36.510632929292925 ], [ 148.800563636363648, -36.510632929292925 ], [ 148.297404545454555, -36.510632929292925 ], [ 147.794245454545461, -36.510632929292925 ], [ 147.291086363636367, -36.510632929292925 ], [ 146.787927272727273, -36.510632929292925 ], [ 146.28476818181818, -36.510632929292925 ], [ 145.781609090909114, -36.510632929292925 ], [ 145.781609090909086, -36.510632929292925 ], [ 145.27845, -36.510632929292925 ], [ 144.775290909090927, -36.510632929292925 ], [ 144.272131818181833, -36.510632929292925 ], [ 143.76897272727274, -36.510632929292925 ], [ 143.265813636363646, -36.510632929292925 ], [ 142.762654545454552, -36.510632929292925 ], [ 142.259495454545458, -36.510632929292925 ], [ 141.756336363636365, -36.510632929292925 ], [ 141.253177272727271, -36.510632929292925 ], [ 140.750018181818177, -36.510632929292925 ], [ 140.246859090909084, -36.510632929292925 ], [ 140.246859090909084, -36.257406060606058 ], [ 140.750018181818177, -36.257406060606058 ] ] ], [ [ [ 144.272131818181833, -34.99127171717172 ], [ 144.775290909090927, -34.99127171717172 ], [ 145.27845, -34.99127171717172 ], [ 145.781609090909086, -34.99127171717172 ], [ 145.781609090909114, -34.99127171717172 ], [ 146.28476818181818, -34.99127171717172 ], [ 146.787927272727273, -34.99127171717172 ], [ 147.291086363636367, -34.99127171717172 ], [ 147.794245454545461, -34.99127171717172 ], [ 148.297404545454555, -34.99127171717172 ], [ 148.800563636363648, -34.99127171717172 ], [ 149.303722727272742, -34.99127171717172 ], [ 149.806881818181807, -34.99127171717172 ], [ 149.806881818181836, -34.99127171717172 ], [ 150.310040909090901, -34.99127171717172 ], [ 150.8132, -34.99127171717172 ], [ 151.316359090909089, -34.99127171717172 ], [ 151.819518181818182, -34.99127171717172 ], [ 152.322677272727276, -34.99127171717172 ], [ 152.82583636363637, -34.99127171717172 ], [ 153.328995454545463, -34.99127171717172 ], [ 153.832154545454557, -34.99127171717172 ], [ 154.335313636363651, -34.99127171717172 ], [ 154.838472727272745, -34.99127171717172 ], [ 154.838472727272745, -35.244498585858587 ], [ 154.335313636363651, -35.244498585858587 ], [ 153.832154545454557, -35.244498585858587 ], [ 153.832154545454557, -35.497725454545453 ], [ 153.328995454545463, -35.497725454545453 ], [ 153.328995454545463, -35.750952323232319 ], [ 152.82583636363637, -35.750952323232319 ], [ 152.322677272727276, -35.750952323232319 ], [ 151.819518181818182, -35.750952323232319 ], [ 151.316359090909089, -35.750952323232319 ], [ 150.8132, -35.750952323232319 ], [ 150.310040909090901, -35.750952323232319 ], [ 149.806881818181836, -35.750952323232319 ], [ 149.806881818181807, -35.750952323232319 ], [ 149.303722727272742, -35.750952323232319 ], [ 148.800563636363648, -35.750952323232319 ], [ 148.297404545454555, -35.750952323232319 ], [ 147.794245454545461, -35.750952323232319 ], [ 147.291086363636367, -35.750952323232319 ], [ 146.787927272727273, -35.750952323232319 ], [ 146.28476818181818, -35.750952323232319 ], [ 145.781609090909114, -35.750952323232319 ], [ 145.781609090909086, -35.750952323232319 ], [ 145.27845, -35.750952323232319 ], [ 144.775290909090927, -35.750952323232319 ], [ 144.272131818181833, -35.750952323232319 ], [ 143.76897272727274, -35.750952323232319 ], [ 143.76897272727274, -35.497725454545453 ], [ 144.272131818181833, -35.497725454545453 ], [ 144.272131818181833, -35.244498585858587 ], [ 144.272131818181833, -34.99127171717172 ] ] ], [ [ [ 126.661563636363638, -32.205776161616164 ], [ 127.164722727272732, -32.205776161616164 ], [ 127.667881818181826, -32.205776161616164 ], [ 127.667881818181826, -32.45900303030303 ], [ 127.164722727272732, -32.45900303030303 ], [ 126.661563636363638, -32.45900303030303 ], [ 126.158404545454545, -32.45900303030303 ], [ 125.655245454545451, -32.45900303030303 ], [ 125.655245454545451, -32.205776161616164 ], [ 126.158404545454545, -32.205776161616164 ], [ 126.661563636363638, -32.205776161616164 ] ] ], [ [ [ 124.648927272727278, -32.205776161616157 ], [ 124.648927272727278, -31.952549292929291 ], [ 125.152086363636371, -31.952549292929291 ], [ 125.655245454545451, -31.952549292929291 ], [ 125.655245454545465, -31.952549292929291 ], [ 126.158404545454545, -31.952549292929291 ], [ 126.661563636363638, -31.952549292929291 ], [ 127.164722727272732, -31.952549292929291 ], [ 127.667881818181826, -31.952549292929291 ], [ 127.667881818181826, -32.205776161616157 ], [ 127.164722727272732, -32.205776161616157 ], [ 126.661563636363638, -32.205776161616157 ], [ 126.158404545454545, -32.205776161616157 ], [ 125.655245454545465, -32.205776161616157 ], [ 125.655245454545451, -32.205776161616157 ], [ 125.152086363636371, -32.205776161616157 ], [ 124.648927272727278, -32.205776161616157 ] ] ], [ [ [ 144.775290909090927, -34.991271717171713 ], [ 144.272131818181833, -34.991271717171713 ], [ 144.272131818181833, -34.738044848484847 ], [ 144.775290909090927, -34.738044848484847 ], [ 144.775290909090927, -34.484817979797981 ], [ 145.27845, -34.484817979797981 ], [ 145.781609090909086, -34.484817979797981 ], [ 145.781609090909114, -34.484817979797981 ], [ 146.28476818181818, -34.484817979797981 ], [ 146.787927272727273, -34.484817979797981 ], [ 147.291086363636367, -34.484817979797981 ], [ 147.794245454545461, -34.484817979797981 ], [ 148.297404545454555, -34.484817979797981 ], [ 148.800563636363648, -34.484817979797981 ], [ 149.303722727272742, -34.484817979797981 ], [ 149.806881818181807, -34.484817979797981 ], [ 149.806881818181836, -34.484817979797981 ], [ 150.310040909090901, -34.484817979797981 ], [ 150.8132, -34.484817979797981 ], [ 151.316359090909089, -34.484817979797981 ], [ 151.819518181818182, -34.484817979797981 ], [ 152.322677272727276, -34.484817979797981 ], [ 152.82583636363637, -34.484817979797981 ], [ 153.328995454545463, -34.484817979797981 ], [ 153.832154545454557, -34.484817979797981 ], [ 154.335313636363651, -34.484817979797981 ], [ 154.838472727272745, -34.484817979797981 ], [ 155.341631818181838, -34.484817979797981 ], [ 155.341631818181838, -34.738044848484847 ], [ 155.341631818181838, -34.991271717171713 ], [ 154.838472727272745, -34.991271717171713 ], [ 154.335313636363651, -34.991271717171713 ], [ 153.832154545454557, -34.991271717171713 ], [ 153.328995454545463, -34.991271717171713 ], [ 152.82583636363637, -34.991271717171713 ], [ 152.322677272727276, -34.991271717171713 ], [ 151.819518181818182, -34.991271717171713 ], [ 151.316359090909089, -34.991271717171713 ], [ 150.8132, -34.991271717171713 ], [ 150.310040909090901, -34.991271717171713 ], [ 149.806881818181836, -34.991271717171713 ], [ 149.806881818181807, -34.991271717171713 ], [ 149.303722727272742, -34.991271717171713 ], [ 148.800563636363648, -34.991271717171713 ], [ 148.297404545454555, -34.991271717171713 ], [ 147.794245454545461, -34.991271717171713 ], [ 147.291086363636367, -34.991271717171713 ], [ 146.787927272727273, -34.991271717171713 ], [ 146.28476818181818, -34.991271717171713 ], [ 145.781609090909114, -34.991271717171713 ], [ 145.781609090909086, -34.991271717171713 ], [ 145.27845, -34.991271717171713 ], [ 144.775290909090927, -34.991271717171713 ] ] ], [ [ [ 145.781609090909086, -34.231591111111108 ], [ 145.781609090909086, -33.978364242424242 ], [ 145.27845, -33.978364242424242 ], [ 145.27845, -33.725137373737375 ], [ 145.27845, -33.471910505050509 ], [ 145.781609090909086, -33.471910505050509 ], [ 145.781609090909114, -33.471910505050509 ], [ 146.28476818181818, -33.471910505050509 ], [ 146.787927272727273, -33.471910505050509 ], [ 147.291086363636367, -33.471910505050509 ], [ 147.794245454545461, -33.471910505050509 ], [ 148.297404545454555, -33.471910505050509 ], [ 148.800563636363648, -33.471910505050509 ], [ 149.303722727272742, -33.471910505050509 ], [ 149.806881818181807, -33.471910505050509 ], [ 149.806881818181836, -33.471910505050509 ], [ 150.310040909090901, -33.471910505050509 ], [ 150.8132, -33.471910505050509 ], [ 151.316359090909089, -33.471910505050509 ], [ 151.819518181818182, -33.471910505050509 ], [ 152.322677272727276, -33.471910505050509 ], [ 152.82583636363637, -33.471910505050509 ], [ 153.328995454545463, -33.471910505050509 ], [ 153.832154545454557, -33.471910505050509 ], [ 154.335313636363651, -33.471910505050509 ], [ 154.838472727272745, -33.471910505050509 ], [ 155.341631818181838, -33.471910505050509 ], [ 155.341631818181838, -33.725137373737375 ], [ 155.341631818181838, -33.978364242424242 ], [ 155.341631818181838, -34.231591111111108 ], [ 155.341631818181838, -34.484817979797974 ], [ 154.838472727272745, -34.484817979797974 ], [ 154.335313636363651, -34.484817979797974 ], [ 153.832154545454557, -34.484817979797974 ], [ 153.328995454545463, -34.484817979797974 ], [ 152.82583636363637, -34.484817979797974 ], [ 152.322677272727276, -34.484817979797974 ], [ 151.819518181818182, -34.484817979797974 ], [ 151.316359090909089, -34.484817979797974 ], [ 150.8132, -34.484817979797974 ], [ 150.310040909090901, -34.484817979797974 ], [ 149.806881818181836, -34.484817979797974 ], [ 149.806881818181807, -34.484817979797974 ], [ 149.303722727272742, -34.484817979797974 ], [ 148.800563636363648, -34.484817979797974 ], [ 148.297404545454555, -34.484817979797974 ], [ 147.794245454545461, -34.484817979797974 ], [ 147.291086363636367, -34.484817979797974 ], [ 146.787927272727273, -34.484817979797974 ], [ 146.28476818181818, -34.484817979797974 ], [ 145.781609090909114, -34.484817979797974 ], [ 145.781609090909086, -34.484817979797974 ], [ 145.27845, -34.484817979797974 ], [ 145.27845, -34.231591111111108 ], [ 145.781609090909086, -34.231591111111108 ] ] ], [ [ [ 146.28476818181818, -32.96545676767677 ], [ 146.787927272727273, -32.96545676767677 ], [ 147.291086363636367, -32.96545676767677 ], [ 147.794245454545461, -32.96545676767677 ], [ 148.297404545454555, -32.96545676767677 ], [ 148.800563636363648, -32.96545676767677 ], [ 149.303722727272742, -32.96545676767677 ], [ 149.806881818181807, -32.96545676767677 ], [ 149.806881818181836, -32.96545676767677 ], [ 150.310040909090901, -32.96545676767677 ], [ 150.8132, -32.96545676767677 ], [ 151.316359090909089, -32.96545676767677 ], [ 151.819518181818182, -32.96545676767677 ], [ 152.322677272727276, -32.96545676767677 ], [ 152.82583636363637, -32.96545676767677 ], [ 153.328995454545463, -32.96545676767677 ], [ 153.832154545454557, -32.96545676767677 ], [ 154.335313636363651, -32.96545676767677 ], [ 154.838472727272745, -32.96545676767677 ], [ 154.838472727272745, -33.218683636363636 ], [ 154.838472727272745, -33.471910505050502 ], [ 154.335313636363651, -33.471910505050502 ], [ 153.832154545454557, -33.471910505050502 ], [ 153.328995454545463, -33.471910505050502 ], [ 152.82583636363637, -33.471910505050502 ], [ 152.322677272727276, -33.471910505050502 ], [ 151.819518181818182, -33.471910505050502 ], [ 151.316359090909089, -33.471910505050502 ], [ 150.8132, -33.471910505050502 ], [ 150.310040909090901, -33.471910505050502 ], [ 149.806881818181836, -33.471910505050502 ], [ 149.806881818181807, -33.471910505050502 ], [ 149.303722727272742, -33.471910505050502 ], [ 148.800563636363648, -33.471910505050502 ], [ 148.297404545454555, -33.471910505050502 ], [ 147.794245454545461, -33.471910505050502 ], [ 147.291086363636367, -33.471910505050502 ], [ 146.787927272727273, -33.471910505050502 ], [ 146.28476818181818, -33.471910505050502 ], [ 145.781609090909114, -33.471910505050502 ], [ 145.781609090909086, -33.471910505050502 ], [ 145.27845, -33.471910505050502 ], [ 145.27845, -33.218683636363636 ], [ 145.27845, -32.96545676767677 ], [ 145.781609090909086, -32.96545676767677 ], [ 145.781609090909114, -32.96545676767677 ], [ 146.28476818181818, -32.96545676767677 ] ] ], [ [ [ 146.28476818181818, -32.965456767676763 ], [ 146.28476818181818, -32.712229898989897 ], [ 146.787927272727273, -32.712229898989897 ], [ 147.291086363636367, -32.712229898989897 ], [ 147.291086363636367, -32.45900303030303 ], [ 146.787927272727273, -32.45900303030303 ], [ 146.787927272727273, -32.205776161616164 ], [ 147.291086363636367, -32.205776161616164 ], [ 147.794245454545461, -32.205776161616164 ], [ 148.297404545454555, -32.205776161616164 ], [ 148.800563636363648, -32.205776161616164 ], [ 149.303722727272742, -32.205776161616164 ], [ 149.806881818181807, -32.205776161616164 ], [ 149.806881818181836, -32.205776161616164 ], [ 150.310040909090901, -32.205776161616164 ], [ 150.8132, -32.205776161616164 ], [ 151.316359090909089, -32.205776161616164 ], [ 151.819518181818182, -32.205776161616164 ], [ 152.322677272727276, -32.205776161616164 ], [ 152.82583636363637, -32.205776161616164 ], [ 153.328995454545463, -32.205776161616164 ], [ 153.328995454545463, -32.45900303030303 ], [ 153.832154545454557, -32.45900303030303 ], [ 153.832154545454557, -32.712229898989897 ], [ 154.335313636363651, -32.712229898989897 ], [ 154.335313636363651, -32.965456767676763 ], [ 153.832154545454557, -32.965456767676763 ], [ 153.328995454545463, -32.965456767676763 ], [ 152.82583636363637, -32.965456767676763 ], [ 152.322677272727276, -32.965456767676763 ], [ 151.819518181818182, -32.965456767676763 ], [ 151.316359090909089, -32.965456767676763 ], [ 150.8132, -32.965456767676763 ], [ 150.310040909090901, -32.965456767676763 ], [ 149.806881818181836, -32.965456767676763 ], [ 149.806881818181807, -32.965456767676763 ], [ 149.303722727272742, -32.965456767676763 ], [ 148.800563636363648, -32.965456767676763 ], [ 148.297404545454555, -32.965456767676763 ], [ 147.794245454545461, -32.965456767676763 ], [ 147.291086363636367, -32.965456767676763 ], [ 146.787927272727273, -32.965456767676763 ], [ 146.28476818181818, -32.965456767676763 ] ] ], [ [ [ 145.781609090909114, -27.900919393939397 ], [ 145.781609090909114, -28.154146262626263 ], [ 145.27845, -28.154146262626263 ], [ 144.775290909090927, -28.154146262626263 ], [ 144.775290909090927, -27.900919393939397 ], [ 145.27845, -27.900919393939397 ], [ 145.781609090909114, -27.900919393939397 ] ] ], [ [ [ 146.787927272727273, -31.952549292929291 ], [ 147.291086363636367, -31.952549292929291 ], [ 147.794245454545461, -31.952549292929291 ], [ 148.297404545454555, -31.952549292929291 ], [ 148.297404545454555, -31.699322424242425 ], [ 148.800563636363648, -31.699322424242425 ], [ 149.303722727272742, -31.699322424242425 ], [ 149.806881818181836, -31.699322424242425 ], [ 149.806881818181836, -31.952549292929291 ], [ 150.310040909090901, -31.952549292929291 ], [ 150.8132, -31.952549292929291 ], [ 151.316359090909089, -31.952549292929291 ], [ 151.819518181818182, -31.952549292929291 ], [ 151.819518181818182, -32.205776161616157 ], [ 151.316359090909089, -32.205776161616157 ], [ 150.8132, -32.205776161616157 ], [ 150.310040909090901, -32.205776161616157 ], [ 149.806881818181836, -32.205776161616157 ], [ 149.806881818181807, -32.205776161616157 ], [ 149.303722727272742, -32.205776161616157 ], [ 148.800563636363648, -32.205776161616157 ], [ 148.297404545454555, -32.205776161616157 ], [ 147.794245454545461, -32.205776161616157 ], [ 147.291086363636367, -32.205776161616157 ], [ 146.787927272727273, -32.205776161616157 ], [ 146.787927272727273, -31.952549292929291 ] ] ], [ [ [ 149.806881818181836, -28.6606 ], [ 150.310040909090901, -28.6606 ], [ 150.8132, -28.6606 ], [ 151.316359090909089, -28.6606 ], [ 151.819518181818182, -28.6606 ], [ 152.322677272727276, -28.6606 ], [ 152.82583636363637, -28.6606 ], [ 153.328995454545463, -28.6606 ], [ 153.832154545454557, -28.6606 ], [ 153.832154545454557, -28.913826868686868 ], [ 153.328995454545463, -28.913826868686868 ], [ 153.328995454545463, -29.167053737373735 ], [ 152.82583636363637, -29.167053737373735 ], [ 152.322677272727276, -29.167053737373735 ], [ 151.819518181818182, -29.167053737373735 ], [ 151.316359090909089, -29.167053737373735 ], [ 150.8132, -29.167053737373735 ], [ 150.8132, -28.913826868686868 ], [ 150.310040909090901, -28.913826868686868 ], [ 149.806881818181836, -28.913826868686868 ], [ 149.806881818181807, -28.913826868686868 ], [ 149.303722727272742, -28.913826868686868 ], [ 149.303722727272742, -28.6606 ], [ 149.806881818181807, -28.6606 ], [ 149.806881818181836, -28.6606 ] ] ], [ [ [ 149.303722727272742, -28.407373131313133 ], [ 149.806881818181807, -28.407373131313133 ], [ 149.806881818181836, -28.407373131313133 ], [ 150.310040909090901, -28.407373131313133 ], [ 150.8132, -28.407373131313133 ], [ 151.316359090909089, -28.407373131313133 ], [ 151.819518181818182, -28.407373131313133 ], [ 152.322677272727276, -28.407373131313133 ], [ 152.82583636363637, -28.407373131313133 ], [ 152.82583636363637, -28.6606 ], [ 152.322677272727276, -28.6606 ], [ 151.819518181818182, -28.6606 ], [ 151.316359090909089, -28.6606 ], [ 150.8132, -28.6606 ], [ 150.310040909090901, -28.6606 ], [ 149.806881818181836, -28.6606 ], [ 149.806881818181807, -28.6606 ], [ 149.303722727272742, -28.6606 ], [ 148.800563636363648, -28.6606 ], [ 148.800563636363648, -28.407373131313133 ], [ 149.303722727272742, -28.407373131313133 ] ] ] ] } },
{ "type": "Feature", "properties": { "month": 9, "species_sci": "Corvus coronoides", "species_com": "Australian Raven" }, "geometry": { "type": "MultiPolygon", "coordinates": [ [ [ [ 117.55886, -34.65679636363636 ], [ 117.55886, -34.65679636363636 ], [ 118.055550606060606, -34.65679636363636 ], [ 118.552241212121217, -34.65679636363636 ], [ 119.048931818181828, -34.65679636363636 ], [ 119.048931818181828, -34.805579393939396 ], [ 119.545622424242424, -34.805579393939396 ], [ 120.042313030303035, -34.805579393939396 ], [ 120.042313030303035, -34.954362424242419 ], [ 120.539003636363645, -34.954362424242419 ], [ 120.539003636363645, -35.103145454545455 ], [ 120.042313030303035, -35.103145454545455 ], [ 120.042313030303035, -35.251928484848477 ], [ 119.545622424242424, -35.251928484848477 ], [ 119.048931818181828, -35.251928484848477 ], [ 119.048931818181813, -35.251928484848477 ], [ 118.552241212121217, -35.251928484848477 ], [ 118.055550606060606, -35.251928484848477 ], [ 117.55886, -35.251928484848477 ], [ 117.55886, -35.103145454545455 ], [ 117.062169393939399, -35.103145454545455 ], [ 116.565478787878789, -35.103145454545455 ], [ 116.565478787878789, -34.954362424242419 ], [ 116.068788181818178, -34.954362424242419 ], [ 116.068788181818178, -34.805579393939396 ], [ 116.068788181818178, -34.65679636363636 ], [ 116.565478787878789, -34.65679636363636 ], [ 117.062169393939399, -34.65679636363636 ], [ 117.55886, -34.65679636363636 ] ] ], [ [ [ 114.082025757575764, -32.573833939393936 ], [ 113.585335151515153, -32.573833939393936 ], [ 113.088644545454542, -32.573833939393936 ], [ 113.088644545454542, -32.425050909090913 ], [ 112.591953939393946, -32.425050909090913 ], [ 112.591953939393946, -32.276267878787877 ], [ 112.095263333333335, -32.276267878787877 ], [ 112.095263333333335, -32.127484848484841 ], [ 111.598572727272725, -32.127484848484841 ], [ 111.598572727272725, -31.978701818181815 ], [ 111.101882121212128, -31.978701818181815 ], [ 111.101882121212128, -31.829918787878785 ], [ 111.101882121212128, -31.681135757575756 ], [ 110.605191515151517, -31.681135757575756 ], [ 110.605191515151517, -31.532352727272727 ], [ 111.101882121212128, -31.532352727272727 ], [ 111.101882121212128, -31.383569696969698 ], [ 111.598572727272725, -31.383569696969698 ], [ 111.598572727272739, -31.383569696969698 ], [ 112.095263333333335, -31.383569696969698 ], [ 112.591953939393946, -31.383569696969698 ], [ 113.088644545454542, -31.383569696969698 ], [ 113.088644545454557, -31.383569696969698 ], [ 113.585335151515153, -31.383569696969698 ], [ 114.082025757575764, -31.383569696969698 ], [ 114.57871636363636, -31.383569696969698 ], [ 114.578716363636374, -31.383569696969698 ], [ 115.075406969696971, -31.383569696969698 ], [ 115.572097575757581, -31.383569696969698 ], [ 116.068788181818178, -31.383569696969698 ], [ 116.068788181818192, -31.383569696969698 ], [ 116.565478787878789, -31.383569696969698 ], [ 117.062169393939399, -31.383569696969698 ], [ 117.55886, -31.383569696969698 ], [ 117.55886, -31.383569696969698 ], [ 118.055550606060606, -31.383569696969698 ], [ 118.552241212121217, -31.383569696969698 ], [ 119.048931818181813, -31.383569696969698 ], [ 119.048931818181828, -31.383569696969698 ], [ 119.545622424242424, -31.383569696969698 ], [ 119.545622424242424, -31.532352727272727 ], [ 120.042313030303035, -31.532352727272727 ], [ 120.539003636363645, -31.532352727272727 ], [ 120.539003636363645, -31.681135757575756 ], [ 121.035694242424242, -31.681135757575756 ], [ 121.035694242424242, -31.829918787878785 ], [ 121.532384848484853, -31.829918787878785 ], [ 121.532384848484853, -31.978701818181815 ], [ 121.532384848484853, -32.127484848484841 ], [ 121.532384848484853, -32.276267878787877 ], [ 121.035694242424242, -32.276267878787877 ], [ 121.035694242424242, -32.425050909090913 ], [ 120.539003636363645, -32.425050909090913 ], [ 120.539003636363631, -32.425050909090913 ], [ 120.042313030303035, -32.425050909090913 ], [ 120.042313030303035, -32.573833939393936 ], [ 119.545622424242424, -32.573833939393936 ], [ 119.545622424242424, -32.722616969696972 ], [ 119.048931818181828, -32.722616969696972 ], [ 119.048931818181813, -32.722616969696972 ], [ 118.552241212121217, -32.722616969696972 ], [ 118.552241212121217, -32.8714 ], [ 118.055550606060606, -32.8714 ], [ 117.55886, -32.8714 ], [ 117.55886, -32.8714 ], [ 117.062169393939399, -32.8714 ], [ 116.565478787878789, -32.8714 ], [ 116.068788181818192, -32.8714 ], [ 116.068788181818178, -32.8714 ], [ 115.572097575757581, -32.8714 ], [ 115.572097575757581, -32.722616969696972 ], [ 115.075406969696971, -32.722616969696972 ], [ 114.578716363636374, -32.722616969696972 ], [ 114.57871636363636, -32.722616969696972 ], [ 114.082025757575764, -32.722616969696972 ], [ 114.082025757575764, -32.573833939393936 ] ] ], [ [ [ 114.57871636363636, -31.383569696969694 ], [ 114.082025757575764, -31.383569696969694 ], [ 113.585335151515153, -31.383569696969694 ], [ 113.088644545454557, -31.383569696969694 ], [ 113.088644545454542, -31.383569696969694 ], [ 112.591953939393946, -31.383569696969694 ], [ 112.095263333333335, -31.383569696969694 ], [ 111.598572727272739, -31.383569696969694 ], [ 111.598572727272725, -31.383569696969694 ], [ 111.101882121212128, -31.383569696969694 ], [ 111.101882121212128, -31.234786666666665 ], [ 111.598572727272725, -31.234786666666665 ], [ 111.598572727272739, -31.234786666666665 ], [ 112.095263333333335, -31.234786666666665 ], [ 112.591953939393946, -31.234786666666665 ], [ 112.591953939393946, -31.086003636363635 ], [ 113.088644545454542, -31.086003636363635 ], [ 113.088644545454557, -31.086003636363635 ], [ 113.585335151515153, -31.086003636363635 ], [ 114.082025757575764, -31.086003636363635 ], [ 114.57871636363636, -31.086003636363635 ], [ 114.578716363636374, -31.086003636363635 ], [ 115.075406969696971, -31.086003636363635 ], [ 115.572097575757581, -31.086003636363635 ], [ 116.068788181818178, -31.086003636363635 ], [ 116.068788181818192, -31.086003636363635 ], [ 116.565478787878789, -31.086003636363635 ], [ 116.565478787878789, -31.234786666666665 ], [ 117.062169393939399, -31.234786666666665 ], [ 117.55886, -31.234786666666665 ], [ 117.55886, -31.234786666666665 ], [ 118.055550606060606, -31.234786666666665 ], [ 118.055550606060606, -31.383569696969694 ], [ 117.55886, -31.383569696969694 ], [ 117.55886, -31.383569696969694 ], [ 117.062169393939399, -31.383569696969694 ], [ 116.565478787878789, -31.383569696969694 ], [ 116.068788181818192, -31.383569696969694 ], [ 116.068788181818178, -31.383569696969694 ], [ 115.572097575757581, -31.383569696969694 ], [ 115.075406969696971, -31.383569696969694 ], [ 114.578716363636374, -31.383569696969694 ], [ 114.57871636363636, -31.383569696969694 ] ] ], [ [ [ 137.426484242424237, -33.764098181818184 ], [ 137.426484242424237, -33.615315151515148 ], [ 136.929793636363627, -33.615315151515148 ], [ 136.433103030303016, -33.615315151515148 ], [ 135.936412424242434, -33.615315151515148 ], [ 135.936412424242405, -33.615315151515148 ], [ 135.439721818181823, -33.615315151515148 ], [ 135.439721818181823, -33.466532121212126 ], [ 134.943031212121213, -33.466532121212126 ], [ 134.446340606060602, -33.466532121212126 ], [ 134.446340606060602, -33.317749090909089 ], [ 133.94965, -33.317749090909089 ], [ 133.94965, -33.168966060606053 ], [ 134.446340606060602, -33.168966060606053 ], [ 134.943031212121213, -33.168966060606053 ], [ 135.439721818181823, -33.168966060606053 ], [ 135.936412424242405, -33.168966060606053 ], [ 135.936412424242434, -33.168966060606053 ], [ 136.433103030303016, -33.168966060606053 ], [ 136.929793636363627, -33.168966060606053 ], [ 137.426484242424237, -33.168966060606053 ], [ 137.923174848484848, -33.168966060606053 ], [ 137.923174848484848, -33.317749090909089 ], [ 138.419865454545459, -33.317749090909089 ], [ 138.916556060606069, -33.317749090909089 ], [ 138.916556060606069, -33.466532121212126 ], [ 139.413246666666652, -33.466532121212126 ], [ 139.41324666666668, -33.466532121212126 ], [ 139.909937272727262, -33.466532121212126 ], [ 139.909937272727262, -33.615315151515148 ], [ 140.406627878787873, -33.615315151515148 ], [ 140.903318484848484, -33.615315151515148 ], [ 140.903318484848484, -33.764098181818184 ], [ 141.400009090909094, -33.764098181818184 ], [ 141.896699696969705, -33.764098181818184 ], [ 141.896699696969705, -33.912881212121206 ], [ 142.393390303030287, -33.912881212121206 ], [ 142.393390303030287, -34.061664242424243 ], [ 142.890080909090898, -34.061664242424243 ], [ 142.890080909090898, -34.210447272727265 ], [ 142.393390303030287, -34.210447272727265 ], [ 141.896699696969705, -34.210447272727265 ], [ 141.896699696969677, -34.210447272727265 ], [ 141.400009090909094, -34.210447272727265 ], [ 140.903318484848484, -34.210447272727265 ], [ 140.903318484848484, -34.061664242424243 ], [ 140.406627878787873, -34.061664242424243 ], [ 139.909937272727262, -34.061664242424243 ], [ 139.909937272727262, -33.912881212121206 ], [ 139.41324666666668, -33.912881212121206 ], [ 139.413246666666652, -33.912881212121206 ], [ 138.916556060606069, -33.912881212121206 ], [ 138.419865454545459, -33.912881212121206 ], [ 138.419865454545459, -33.764098181818184 ], [ 137.923174848484848, -33.764098181818184 ], [ 137.426484242424237, -33.764098181818184 ] ] ], [ [ [ 120.042313030303035, -30.788437575757573 ], [ 120.042313030303035, -30.639654545454544 ], [ 120.539003636363631, -30.639654545454544 ], [ 120.539003636363645, -30.639654545454544 ], [ 121.035694242424242, -30.639654545454544 ], [ 121.532384848484853, -30.639654545454544 ], [ 122.029075454545449, -30.639654545454544 ], [ 122.029075454545463, -30.639654545454544 ], [ 122.52576606060606, -30.639654545454544 ], [ 122.52576606060606, -30.788437575757573 ], [ 122.52576606060606, -30.937220606060603 ], [ 122.029075454545463, -30.937220606060603 ], [ 122.029075454545449, -30.937220606060603 ], [ 121.532384848484853, -30.937220606060603 ], [ 121.035694242424242, -30.937220606060603 ], [ 121.035694242424242, -30.788437575757573 ], [ 120.539003636363645, -30.788437575757573 ], [ 120.539003636363631, -30.788437575757573 ], [ 120.042313030303035, -30.788437575757573 ] ] ], [ [ [ 137.426484242424237, -30.490871515151515 ], [ 137.426484242424237, -30.342088484848485 ], [ 137.923174848484848, -30.342088484848485 ], [ 138.419865454545459, -30.342088484848485 ], [ 138.916556060606069, -30.342088484848485 ], [ 139.413246666666652, -30.342088484848485 ], [ 139.41324666666668, -30.342088484848485 ], [ 139.909937272727262, -30.342088484848485 ], [ 140.406627878787873, -30.342088484848485 ], [ 140.903318484848484, -30.342088484848485 ], [ 141.400009090909094, -30.342088484848485 ], [ 141.896699696969677, -30.342088484848485 ], [ 141.896699696969705, -30.342088484848485 ], [ 142.393390303030287, -30.342088484848485 ], [ 142.393390303030287, -30.490871515151515 ], [ 141.896699696969705, -30.490871515151515 ], [ 141.896699696969705, -30.639654545454544 ], [ 141.400009090909094, -30.639654545454544 ], [ 140.903318484848484, -30.639654545454544 ], [ 140.406627878787873, -30.639654545454544 ], [ 139.909937272727262, -30.639654545454544 ], [ 139.41324666666668, -30.639654545454544 ], [ 139.413246666666652, -30.639654545454544 ], [ 138.916556060606069, -30.639654545454544 ], [ 138.419865454545459, -30.639654545454544 ], [ 138.419865454545459, -30.490871515151515 ], [ 137.923174848484848, -30.490871515151515 ], [ 137.426484242424237, -30.490871515151515 ] ] ], [ [ [ 137.923174848484848, -30.342088484848482 ], [ 137.426484242424237, -30.342088484848482 ], [ 136.929793636363627, -30.342088484848482 ], [ 136.433103030303016, -30.342088484848482 ], [ 136.433103030303016, -30.193305454545452 ], [ 136.433103030303016, -30.044522424242423 ], [ 136.929793636363627, -30.044522424242423 ], [ 137.426484242424237, -30.044522424242423 ], [ 137.923174848484848, -30.044522424242423 ], [ 138.419865454545459, -30.044522424242423 ], [ 138.916556060606069, -30.044522424242423 ], [ 139.413246666666652, -30.044522424242423 ], [ 139.41324666666668, -30.044522424242423 ], [ 139.909937272727262, -30.044522424242423 ], [ 140.406627878787873, -30.044522424242423 ], [ 140.903318484848484, -30.044522424242423 ], [ 140.903318484848484, -30.193305454545452 ], [ 141.400009090909094, -30.193305454545452 ], [ 141.896699696969705, -30.193305454545452 ], [ 141.896699696969705, -30.342088484848482 ], [ 141.400009090909094, -30.342088484848482 ], [ 140.903318484848484, -30.342088484848482 ], [ 140.406627878787873, -30.342088484848482 ], [ 139.909937272727262, -30.342088484848482 ], [ 139.41324666666668, -30.342088484848482 ], [ 139.413246666666652, -30.342088484848482 ], [ 138.916556060606069, -30.342088484848482 ], [ 138.419865454545459, -30.342088484848482 ], [ 137.923174848484848, -30.342088484848482 ] ] ], [ [ [ 138.419865454545459, -29.89573939393939 ], [ 138.916556060606069, -29.89573939393939 ], [ 138.916556060606069, -30.04452242424242 ], [ 138.419865454545459, -30.04452242424242 ], [ 137.923174848484848, -30.04452242424242 ], [ 137.426484242424237, -30.04452242424242 ], [ 137.426484242424237, -29.89573939393939 ], [ 137.923174848484848, -29.89573939393939 ], [ 138.419865454545459, -29.89573939393939 ] ] ], [ [ [ 143.386771515151509, -37.78124 ], [ 143.386771515151509, -37.632456969696975 ], [ 142.890080909090898, -37.632456969696975 ], [ 142.890080909090898, -37.483673939393938 ], [ 142.890080909090898, -37.334890909090902 ], [ 143.386771515151509, -37.334890909090902 ], [ 143.386771515151509, -37.18610787878788 ], [ 143.883462121212119, -37.18610787878788 ], [ 144.38015272727273, -37.18610787878788 ], [ 144.876843333333341, -37.18610787878788 ], [ 144.876843333333341, -37.334890909090902 ], [ 145.373533939393951, -37.334890909090902 ], [ 145.870224545454562, -37.334890909090902 ], [ 145.870224545454562, -37.483673939393938 ], [ 146.366915151515144, -37.483673939393938 ], [ 146.863605757575755, -37.483673939393938 ], [ 146.863605757575755, -37.632456969696975 ], [ 147.360296363636365, -37.632456969696975 ], [ 147.360296363636365, -37.78124 ], [ 146.863605757575755, -37.78124 ], [ 146.863605757575755, -37.930023030303033 ], [ 146.366915151515144, -37.930023030303033 ], [ 145.870224545454562, -37.930023030303033 ], [ 145.870224545454533, -37.930023030303033 ], [ 145.373533939393951, -37.930023030303033 ], [ 144.876843333333341, -37.930023030303033 ], [ 144.38015272727273, -37.930023030303033 ], [ 144.38015272727273, -37.78124 ], [ 143.883462121212119, -37.78124 ], [ 143.386771515151509, -37.78124 ] ] ], [ [ [ 141.400009090909094, -36.590975757575762 ], [ 141.400009090909094, -36.442192727272726 ], [ 141.896699696969677, -36.442192727272726 ], [ 141.896699696969705, -36.442192727272726 ], [ 142.393390303030287, -36.442192727272726 ], [ 142.890080909090898, -36.442192727272726 ], [ 143.386771515151509, -36.442192727272726 ], [ 143.883462121212119, -36.442192727272726 ], [ 143.883462121212119, -36.29340969696969 ], [ 143.883462121212119, -36.144626666666667 ], [ 144.38015272727273, -36.144626666666667 ], [ 144.38015272727273, -35.995843636363631 ], [ 144.876843333333341, -35.995843636363631 ], [ 144.876843333333341, -35.847060606060609 ], [ 145.373533939393951, -35.847060606060609 ], [ 145.870224545454533, -35.847060606060609 ], [ 145.870224545454562, -35.847060606060609 ], [ 146.366915151515144, -35.847060606060609 ], [ 146.863605757575755, -35.847060606060609 ], [ 147.360296363636365, -35.847060606060609 ], [ 147.360296363636365, -35.698277575757572 ], [ 146.863605757575755, -35.698277575757572 ], [ 146.366915151515144, -35.698277575757572 ], [ 146.366915151515144, -35.54949454545455 ], [ 145.870224545454533, -35.54949454545455 ], [ 145.870224545454533, -35.400711515151514 ], [ 145.373533939393951, -35.400711515151514 ], [ 145.373533939393951, -35.251928484848477 ], [ 144.876843333333341, -35.251928484848477 ], [ 144.876843333333341, -35.103145454545455 ], [ 144.38015272727273, -35.103145454545455 ], [ 144.38015272727273, -34.954362424242419 ], [ 144.38015272727273, -34.805579393939396 ], [ 144.876843333333341, -34.805579393939396 ], [ 144.876843333333341, -34.65679636363636 ], [ 144.876843333333341, -34.508013333333338 ], [ 144.876843333333341, -34.359230303030301 ], [ 144.38015272727273, -34.359230303030301 ], [ 144.38015272727273, -34.210447272727265 ], [ 144.876843333333341, -34.210447272727265 ], [ 145.373533939393951, -34.210447272727265 ], [ 145.870224545454533, -34.210447272727265 ], [ 145.870224545454533, -34.061664242424243 ], [ 146.366915151515144, -34.061664242424243 ], [ 146.366915151515144, -33.912881212121206 ], [ 145.870224545454533, -33.912881212121206 ], [ 145.870224545454533, -33.764098181818184 ], [ 145.870224545454533, -33.615315151515148 ], [ 145.373533939393951, -33.615315151515148 ], [ 145.373533939393951, -33.466532121212126 ], [ 145.373533939393951, -33.317749090909089 ], [ 144.876843333333341, -33.317749090909089 ], [ 144.876843333333341, -33.168966060606053 ], [ 144.876843333333341, -33.020183030303031 ], [ 145.373533939393951, -33.020183030303031 ], [ 145.373533939393951, -32.8714 ], [ 145.870224545454533, -32.8714 ], [ 145.870224545454562, -32.8714 ], [ 146.366915151515144, -32.8714 ], [ 146.863605757575755, -32.8714 ], [ 146.863605757575755, -32.722616969696972 ], [ 147.360296363636365, -32.722616969696972 ], [ 147.856986969696948, -32.722616969696972 ], [ 147.856986969696948, -32.573833939393936 ], [ 148.353677575757558, -32.573833939393936 ], [ 148.353677575757558, -32.425050909090913 ], [ 147.856986969696948, -32.425050909090913 ], [ 147.856986969696948, -32.276267878787877 ], [ 147.360296363636365, -32.276267878787877 ], [ 147.360296363636365, -32.127484848484841 ], [ 147.856986969696948, -32.127484848484841 ], [ 147.856986969696976, -32.127484848484841 ], [ 148.353677575757558, -32.127484848484841 ], [ 148.850368181818169, -32.127484848484841 ], [ 149.34705878787878, -32.127484848484841 ], [ 149.84374939393939, -32.127484848484841 ], [ 150.34044, -32.127484848484841 ], [ 150.34044, -32.276267878787877 ], [ 150.837130606060612, -32.276267878787877 ], [ 151.333821212121222, -32.276267878787877 ], [ 151.333821212121222, -32.425050909090913 ], [ 151.830511818181805, -32.425050909090913 ], [ 151.830511818181833, -32.425050909090913 ], [ 152.327202424242415, -32.425050909090913 ], [ 152.327202424242415, -32.573833939393936 ], [ 152.823893030303026, -32.573833939393936 ], [ 153.320583636363637, -32.573833939393936 ], [ 153.320583636363637, -32.722616969696972 ], [ 153.817274242424247, -32.722616969696972 ], [ 153.817274242424247, -32.8714 ], [ 154.313964848484829, -32.8714 ], [ 154.313964848484829, -33.020183030303031 ], [ 154.81065545454544, -33.020183030303031 ], [ 154.81065545454544, -33.168966060606053 ], [ 154.81065545454544, -33.317749090909089 ], [ 155.307346060606051, -33.317749090909089 ], [ 155.307346060606051, -33.466532121212126 ], [ 155.804036666666661, -33.466532121212126 ], [ 155.804036666666661, -33.615315151515148 ], [ 155.804036666666661, -33.764098181818184 ], [ 155.804036666666661, -33.912881212121206 ], [ 156.300727272727272, -33.912881212121206 ], [ 156.300727272727272, -34.061664242424243 ], [ 155.804036666666661, -34.061664242424243 ], [ 155.804036666666661, -34.210447272727265 ], [ 155.804036666666661, -34.359230303030301 ], [ 155.307346060606051, -34.359230303030301 ], [ 155.307346060606051, -34.508013333333338 ], [ 154.81065545454544, -34.508013333333338 ], [ 154.81065545454544, -34.65679636363636 ], [ 155.307346060606051, -34.65679636363636 ], [ 155.307346060606051, -34.805579393939396 ], [ 155.307346060606051, -34.954362424242419 ], [ 154.81065545454544, -34.954362424242419 ], [ 154.81065545454544, -35.103145454545455 ], [ 154.313964848484829, -35.103145454545455 ], [ 154.313964848484829, -35.251928484848477 ], [ 153.817274242424247, -35.251928484848477 ], [ 153.817274242424247, -35.400711515151514 ], [ 153.817274242424247, -35.54949454545455 ], [ 153.817274242424247, -35.698277575757572 ], [ 153.817274242424247, -35.847060606060609 ], [ 153.320583636363637, -35.847060606060609 ], [ 152.823893030303026, -35.847060606060609 ], [ 152.823893030303026, -35.995843636363631 ], [ 152.327202424242415, -35.995843636363631 ], [ 151.830511818181833, -35.995843636363631 ], [ 151.830511818181805, -35.995843636363631 ], [ 151.333821212121222, -35.995843636363631 ], [ 150.837130606060612, -35.995843636363631 ], [ 150.34044, -35.995843636363631 ], [ 150.34044, -36.144626666666667 ], [ 150.34044, -36.29340969696969 ], [ 149.84374939393939, -36.29340969696969 ], [ 149.84374939393939, -36.442192727272726 ], [ 149.34705878787878, -36.442192727272726 ], [ 148.850368181818169, -36.442192727272726 ], [ 148.353677575757558, -36.442192727272726 ], [ 147.856986969696976, -36.442192727272726 ], [ 147.856986969696948, -36.442192727272726 ], [ 147.360296363636365, -36.442192727272726 ], [ 146.863605757575755, -36.442192727272726 ], [ 146.366915151515144, -36.442192727272726 ], [ 145.870224545454562, -36.442192727272726 ], [ 145.870224545454562, -36.590975757575762 ], [ 145.373533939393951, -36.590975757575762 ], [ 144.876843333333341, -36.590975757575762 ], [ 144.876843333333341, -36.739758787878785 ], [ 144.38015272727273, -36.739758787878785 ], [ 143.883462121212119, -36.739758787878785 ], [ 143.883462121212119, -36.888541818181821 ], [ 143.386771515151509, -36.888541818181821 ], [ 142.890080909090898, -36.888541818181821 ], [ 142.890080909090898, -36.739758787878785 ], [ 142.393390303030287, -36.739758787878785 ], [ 141.896699696969705, -36.739758787878785 ], [ 141.896699696969677, -36.739758787878785 ], [ 141.400009090909094, -36.739758787878785 ], [ 141.400009090909094, -36.590975757575762 ] ] ], [ [ [ 146.863605757575755, -31.086003636363635 ], [ 147.360296363636365, -31.086003636363635 ], [ 147.856986969696948, -31.086003636363635 ], [ 147.856986969696976, -31.086003636363635 ], [ 148.353677575757558, -31.086003636363635 ], [ 148.850368181818169, -31.086003636363635 ], [ 148.850368181818169, -31.234786666666665 ], [ 148.353677575757558, -31.234786666666665 ], [ 148.353677575757558, -31.383569696969694 ], [ 147.856986969696976, -31.383569696969694 ], [ 147.856986969696948, -31.383569696969694 ], [ 147.360296363636365, -31.383569696969694 ], [ 146.863605757575755, -31.383569696969694 ], [ 146.863605757575755, -31.234786666666665 ], [ 146.366915151515144, -31.234786666666665 ], [ 145.870224545454562, -31.234786666666665 ], [ 145.870224545454533, -31.234786666666665 ], [ 145.373533939393951, -31.234786666666665 ], [ 145.373533939393951, -31.086003636363635 ], [ 145.870224545454533, -31.086003636363635 ], [ 145.870224545454562, -31.086003636363635 ], [ 146.366915151515144, -31.086003636363635 ], [ 146.863605757575755, -31.086003636363635 ] ] ], [ [ [ 146.863605757575755, -30.937220606060603 ], [ 146.863605757575755, -30.788437575757573 ], [ 146.366915151515144, -30.788437575757573 ], [ 146.366915151515144, -30.639654545454544 ], [ 145.870224545454562, -30.639654545454544 ], [ 145.870224545454533, -30.639654545454544 ], [ 145.373533939393951, -30.639654545454544 ], [ 145.373533939393951, -30.490871515151515 ], [ 144.876843333333341, -30.490871515151515 ], [ 144.876843333333341, -30.342088484848485 ], [ 145.373533939393951, -30.342088484848485 ], [ 145.870224545454533, -30.342088484848485 ], [ 145.870224545454562, -30.342088484848485 ], [ 146.366915151515144, -30.342088484848485 ], [ 146.863605757575755, -30.342088484848485 ], [ 147.360296363636365, -30.342088484848485 ], [ 147.856986969696948, -30.342088484848485 ], [ 147.856986969696976, -30.342088484848485 ], [ 148.353677575757558, -30.342088484848485 ], [ 148.850368181818169, -30.342088484848485 ], [ 149.34705878787878, -30.342088484848485 ], [ 149.84374939393939, -30.342088484848485 ], [ 150.34044, -30.342088484848485 ], [ 150.837130606060612, -30.342088484848485 ], [ 151.333821212121222, -30.342088484848485 ], [ 151.830511818181805, -30.342088484848485 ], [ 151.830511818181833, -30.342088484848485 ], [ 152.327202424242415, -30.342088484848485 ], [ 152.823893030303026, -30.342088484848485 ], [ 153.320583636363637, -30.342088484848485 ], [ 153.320583636363637, -30.490871515151515 ], [ 153.817274242424247, -30.490871515151515 ], [ 153.817274242424247, -30.639654545454544 ], [ 154.313964848484829, -30.639654545454544 ], [ 154.313964848484829, -30.788437575757573 ], [ 153.817274242424247, -30.788437575757573 ], [ 153.817274242424247, -30.937220606060603 ], [ 153.320583636363637, -30.937220606060603 ], [ 152.823893030303026, -30.937220606060603 ], [ 152.327202424242415, -30.937220606060603 ], [ 152.327202424242415, -31.086003636363632 ], [ 151.830511818181833, -31.086003636363632 ], [ 151.830511818181805, -31.086003636363632 ], [ 151.333821212121222, -31.086003636363632 ], [ 150.837130606060612, -31.086003636363632 ], [ 150.34044, -31.086003636363632 ], [ 149.84374939393939, -31.086003636363632 ], [ 149.34705878787878, -31.086003636363632 ], [ 148.850368181818169, -31.086003636363632 ], [ 148.353677575757558, -31.086003636363632 ], [ 147.856986969696976, -31.086003636363632 ], [ 147.856986969696948, -31.086003636363632 ], [ 147.360296363636365, -31.086003636363632 ], [ 146.863605757575755, -31.086003636363632 ], [ 146.366915151515144, -31.086003636363632 ], [ 145.870224545454562, -31.086003636363632 ], [ 145.870224545454533, -31.086003636363632 ], [ 145.373533939393951, -31.086003636363632 ], [ 145.373533939393951, -30.937220606060603 ], [ 145.870224545454533, -30.937220606060603 ], [ 145.870224545454562, -30.937220606060603 ], [ 146.366915151515144, -30.937220606060603 ], [ 146.863605757575755, -30.937220606060603 ] ] ], [ [ [ 146.366915151515144, -30.044522424242423 ], [ 146.863605757575755, -30.044522424242423 ], [ 147.360296363636365, -30.044522424242423 ], [ 147.856986969696948, -30.044522424242423 ], [ 147.856986969696976, -30.044522424242423 ], [ 148.353677575757558, -30.044522424242423 ], [ 148.850368181818169, -30.044522424242423 ], [ 149.34705878787878, -30.044522424242423 ], [ 149.84374939393939, -30.044522424242423 ], [ 150.34044, -30.044522424242423 ], [ 150.837130606060612, -30.044522424242423 ], [ 151.333821212121222, -30.044522424242423 ], [ 151.333821212121222, -30.193305454545452 ], [ 151.830511818181805, -30.193305454545452 ], [ 151.830511818181833, -30.193305454545452 ], [ 152.327202424242415, -30.193305454545452 ], [ 152.823893030303026, -30.193305454545452 ], [ 152.823893030303026, -30.342088484848482 ], [ 152.327202424242415, -30.342088484848482 ], [ 151.830511818181833, -30.342088484848482 ], [ 151.830511818181805, -30.342088484848482 ], [ 151.333821212121222, -30.342088484848482 ], [ 150.837130606060612, -30.342088484848482 ], [ 150.34044, -30.342088484848482 ], [ 149.84374939393939, -30.342088484848482 ], [ 149.34705878787878, -30.342088484848482 ], [ 148.850368181818169, -30.342088484848482 ], [ 148.353677575757558, -30.342088484848482 ], [ 147.856986969696976, -30.342088484848482 ], [ 147.856986969696948, -30.342088484848482 ], [ 147.360296363636365, -30.342088484848482 ], [ 146.863605757575755, -30.342088484848482 ], [ 146.366915151515144, -30.342088484848482 ], [ 145.870224545454562, -30.342088484848482 ], [ 145.870224545454533, -30.342088484848482 ], [ 145.373533939393951, -30.342088484848482 ], [ 144.876843333333341, -30.342088484848482 ], [ 144.876843333333341, -30.193305454545452 ], [ 145.373533939393951, -30.193305454545452 ], [ 145.870224545454533, -30.193305454545452 ], [ 145.870224545454533, -30.044522424242423 ], [ 146.366915151515144, -30.044522424242423 ] ] ] ] } },
{ "type": "Feature", "properties": { "month": 10, "species_sci": "Corvus coronoides", "species_com": "Australian Raven" }, "geometry": { "type": "MultiPolygon", "coordinates": [ [ [ [ 114.022358585858598, -32.3747505050505 ], [ 114.022358585858598, -32.217975757575758 ], [ 113.521525050505062, -32.217975757575758 ], [ 113.521525050505062, -32.061201010101016 ], [ 113.020691515151526, -32.061201010101016 ], [ 113.020691515151526, -31.904426262626263 ], [ 113.020691515151526, -31.747651515151517 ], [ 113.020691515151526, -31.747651515151514 ], [ 113.020691515151526, -31.590876767676768 ], [ 113.521525050505062, -31.590876767676768 ], [ 113.521525050505062, -31.434102020202022 ], [ 114.022358585858598, -31.434102020202022 ], [ 114.523192121212134, -31.434102020202022 ], [ 115.024025656565669, -31.434102020202022 ], [ 115.024025656565669, -31.277327272727273 ], [ 115.524859191919205, -31.277327272727273 ], [ 116.025692727272741, -31.277327272727273 ], [ 116.025692727272741, -31.434102020202022 ], [ 116.526526262626263, -31.434102020202022 ], [ 117.027359797979798, -31.434102020202022 ], [ 117.528193333333334, -31.434102020202022 ], [ 117.528193333333334, -31.590876767676768 ], [ 118.02902686868687, -31.590876767676768 ], [ 118.529860404040406, -31.590876767676768 ], [ 118.529860404040406, -31.747651515151514 ], [ 118.529860404040406, -31.747651515151517 ], [ 118.529860404040406, -31.904426262626263 ], [ 119.030693939393942, -31.904426262626263 ], [ 119.030693939393942, -32.061201010101016 ], [ 118.529860404040406, -32.061201010101016 ], [ 118.529860404040406, -32.217975757575758 ], [ 118.529860404040406, -32.3747505050505 ], [ 118.02902686868687, -32.3747505050505 ], [ 117.528193333333334, -32.3747505050505 ], [ 117.528193333333334, -32.531525252525256 ], [ 117.027359797979798, -32.531525252525256 ], [ 116.526526262626263, -32.531525252525256 ], [ 116.025692727272741, -32.531525252525256 ], [ 116.025692727272727, -32.531525252525256 ], [ 115.524859191919205, -32.531525252525256 ], [ 115.524859191919205, -32.3747505050505 ], [ 115.024025656565669, -32.3747505050505 ], [ 114.523192121212134, -32.3747505050505 ], [ 114.022358585858598, -32.3747505050505 ] ] ], [ [ [ 145.074037777777789, -35.510245454545455 ], [ 144.573204242424254, -35.510245454545455 ], [ 144.072370707070718, -35.510245454545455 ], [ 144.072370707070718, -35.353470707070713 ], [ 143.571537171717182, -35.353470707070713 ], [ 143.070703636363646, -35.353470707070713 ], [ 143.070703636363646, -35.196695959595957 ], [ 143.070703636363646, -35.039921212121214 ], [ 143.571537171717182, -35.039921212121214 ], [ 144.072370707070718, -35.039921212121214 ], [ 144.072370707070718, -34.883146464646472 ], [ 144.573204242424254, -34.883146464646472 ], [ 145.074037777777789, -34.883146464646472 ], [ 145.574871313131325, -34.883146464646472 ], [ 146.075704848484861, -34.883146464646472 ], [ 146.576538383838397, -34.883146464646472 ], [ 147.077371919191933, -34.883146464646472 ], [ 147.578205454545468, -34.883146464646472 ], [ 147.578205454545468, -34.726371717171716 ], [ 147.578205454545468, -34.569596969696974 ], [ 147.578205454545468, -34.412822222222218 ], [ 147.578205454545468, -34.256047474747476 ], [ 147.578205454545468, -34.099272727272734 ], [ 147.578205454545468, -33.942497979797977 ], [ 147.578205454545468, -33.785723232323235 ], [ 147.077371919191933, -33.785723232323235 ], [ 147.077371919191933, -33.628948484848493 ], [ 147.077371919191933, -33.628948484848479 ], [ 147.077371919191933, -33.472173737373737 ], [ 147.077371919191933, -33.315398989898995 ], [ 147.077371919191933, -33.158624242424239 ], [ 147.578205454545468, -33.158624242424239 ], [ 147.578205454545468, -33.001849494949496 ], [ 148.079038989899004, -33.001849494949496 ], [ 148.079038989899004, -32.845074747474754 ], [ 148.57987252525254, -32.845074747474754 ], [ 149.080706060606076, -32.845074747474754 ], [ 149.080706060606076, -32.6883 ], [ 149.581539595959612, -32.6883 ], [ 150.082373131313147, -32.6883 ], [ 150.583206666666683, -32.6883 ], [ 151.084040202020191, -32.6883 ], [ 151.084040202020219, -32.6883 ], [ 151.584873737373726, -32.6883 ], [ 152.085707272727262, -32.6883 ], [ 152.586540808080798, -32.6883 ], [ 153.087374343434334, -32.6883 ], [ 153.087374343434334, -32.845074747474754 ], [ 153.58820787878787, -32.845074747474754 ], [ 153.58820787878787, -33.001849494949496 ], [ 153.58820787878787, -33.158624242424239 ], [ 154.089041414141406, -33.158624242424239 ], [ 154.089041414141406, -33.315398989898995 ], [ 154.089041414141406, -33.472173737373737 ], [ 154.089041414141406, -33.628948484848479 ], [ 154.589874949494941, -33.628948484848479 ], [ 154.589874949494941, -33.785723232323235 ], [ 154.589874949494941, -33.942497979797977 ], [ 155.090708484848477, -33.942497979797977 ], [ 155.090708484848477, -34.099272727272734 ], [ 154.589874949494941, -34.099272727272734 ], [ 154.589874949494941, -34.256047474747476 ], [ 154.089041414141406, -34.256047474747476 ], [ 154.089041414141406, -34.412822222222218 ], [ 154.089041414141406, -34.569596969696974 ], [ 154.089041414141406, -34.726371717171716 ], [ 154.089041414141406, -34.883146464646472 ], [ 153.58820787878787, -34.883146464646472 ], [ 153.58820787878787, -35.039921212121214 ], [ 153.087374343434334, -35.039921212121214 ], [ 153.087374343434334, -35.196695959595957 ], [ 152.586540808080798, -35.196695959595957 ], [ 152.586540808080798, -35.353470707070713 ], [ 152.085707272727262, -35.353470707070713 ], [ 152.085707272727262, -35.510245454545455 ], [ 151.584873737373726, -35.510245454545455 ], [ 151.584873737373726, -35.667020202020197 ], [ 151.084040202020219, -35.667020202020197 ], [ 151.084040202020219, -35.823794949494953 ], [ 150.583206666666683, -35.823794949494953 ], [ 150.082373131313147, -35.823794949494953 ], [ 149.581539595959612, -35.823794949494953 ], [ 149.080706060606076, -35.823794949494953 ], [ 148.57987252525254, -35.823794949494953 ], [ 148.079038989899004, -35.823794949494953 ], [ 148.079038989899004, -35.667020202020197 ], [ 147.578205454545468, -35.667020202020197 ], [ 147.077371919191933, -35.667020202020197 ], [ 146.576538383838397, -35.667020202020197 ], [ 146.075704848484861, -35.667020202020197 ], [ 145.574871313131325, -35.667020202020197 ], [ 145.574871313131325, -35.510245454545455 ], [ 145.074037777777789, -35.510245454545455 ] ] ], [ [ [ 136.059034141414145, -35.039921212121214 ], [ 136.559867676767681, -35.039921212121214 ], [ 137.060701212121216, -35.039921212121214 ], [ 137.561534747474752, -35.039921212121214 ], [ 137.561534747474752, -35.196695959595957 ], [ 138.062368282828288, -35.196695959595957 ], [ 138.062368282828288, -35.353470707070713 ], [ 137.561534747474752, -35.353470707070713 ], [ 137.060701212121216, -35.353470707070713 ], [ 136.559867676767681, -35.353470707070713 ], [ 136.059034141414145, -35.353470707070713 ], [ 136.059034141414145, -35.196695959595957 ], [ 136.059034141414145, -35.039921212121214 ] ] ], [ [ [ 137.561534747474752, -31.904426262626263 ], [ 138.062368282828288, -31.904426262626263 ], [ 138.563201818181824, -31.904426262626263 ], [ 139.06403535353536, -31.904426262626263 ], [ 139.06403535353536, -32.061201010101016 ], [ 139.06403535353536, -32.217975757575758 ], [ 138.563201818181824, -32.217975757575758 ], [ 138.062368282828288, -32.217975757575758 ], [ 137.561534747474752, -32.217975757575758 ], [ 137.060701212121216, -32.217975757575758 ], [ 137.060701212121216, -32.061201010101016 ], [ 137.060701212121216, -31.904426262626263 ], [ 137.561534747474752, -31.904426262626263 ] ] ], [ [ [ 147.077371919191933, -30.493453535353535 ], [ 147.077371919191933, -30.336678787878792 ], [ 147.077371919191933, -30.336678787878789 ], [ 147.077371919191933, -30.179904040404043 ], [ 147.578205454545468, -30.179904040404043 ], [ 148.079038989899004, -30.179904040404043 ], [ 148.079038989899004, -30.023129292929294 ], [ 148.57987252525254, -30.023129292929294 ], [ 149.080706060606076, -30.023129292929294 ], [ 149.581539595959612, -30.023129292929294 ], [ 150.082373131313147, -30.023129292929294 ], [ 150.583206666666683, -30.023129292929294 ], [ 151.084040202020191, -30.023129292929294 ], [ 151.084040202020219, -30.023129292929294 ], [ 151.584873737373726, -30.023129292929294 ], [ 151.584873737373726, -30.179904040404043 ], [ 152.085707272727262, -30.179904040404043 ], [ 152.586540808080798, -30.179904040404043 ], [ 152.586540808080798, -30.336678787878789 ], [ 153.087374343434334, -30.336678787878789 ], [ 153.087374343434334, -30.493453535353535 ], [ 153.087374343434334, -30.493453535353538 ], [ 153.087374343434334, -30.650228282828284 ], [ 153.087374343434334, -30.807003030303033 ], [ 153.087374343434334, -30.963777777777782 ], [ 152.586540808080798, -30.963777777777782 ], [ 152.085707272727262, -30.963777777777782 ], [ 151.584873737373726, -30.963777777777782 ], [ 151.084040202020219, -30.963777777777782 ], [ 151.084040202020191, -30.963777777777782 ], [ 150.583206666666683, -30.963777777777782 ], [ 150.082373131313147, -30.963777777777782 ], [ 149.581539595959612, -30.963777777777782 ], [ 149.080706060606076, -30.963777777777782 ], [ 149.080706060606076, -30.807003030303033 ], [ 148.57987252525254, -30.807003030303033 ], [ 148.079038989899004, -30.807003030303033 ], [ 147.578205454545468, -30.807003030303033 ], [ 147.578205454545468, -30.650228282828284 ], [ 147.077371919191933, -30.650228282828284 ], [ 147.077371919191933, -30.493453535353538 ], [ 147.077371919191933, -30.493453535353535 ] ] ] ] } },
{ "type": "Feature", "properties": { "month": 11, "species_sci": "Corvus coronoides", "species_com": "Australian Raven" }, "geometry": { "type": "MultiPolygon", "coordinates": [ [ [ [ 116.03326, -34.817576060606058 ], [ 116.03326, -34.659182222222228 ], [ 116.536822222222213, -34.659182222222228 ], [ 116.536822222222227, -34.659182222222228 ], [ 117.040384444444442, -34.659182222222228 ], [ 117.040384444444442, -34.500788383838383 ], [ 117.54394666666667, -34.500788383838383 ], [ 117.54394666666667, -34.659182222222228 ], [ 118.047508888888885, -34.659182222222228 ], [ 118.551071111111099, -34.659182222222228 ], [ 118.551071111111114, -34.659182222222228 ], [ 119.054633333333328, -34.659182222222228 ], [ 119.054633333333328, -34.817576060606058 ], [ 119.558195555555557, -34.817576060606058 ], [ 120.061757777777785, -34.817576060606058 ], [ 120.061757777777785, -34.975969898989902 ], [ 120.56532, -34.975969898989902 ], [ 120.56532, -35.134363737373732 ], [ 120.061757777777785, -35.134363737373732 ], [ 120.061757777777785, -35.292757575757577 ], [ 119.558195555555557, -35.292757575757577 ], [ 119.054633333333328, -35.292757575757577 ], [ 118.551071111111114, -35.292757575757577 ], [ 118.551071111111099, -35.292757575757577 ], [ 118.047508888888885, -35.292757575757577 ], [ 117.54394666666667, -35.292757575757577 ], [ 117.543946666666656, -35.292757575757577 ], [ 117.040384444444442, -35.292757575757577 ], [ 116.536822222222213, -35.292757575757577 ], [ 116.536822222222213, -35.134363737373732 ], [ 116.03326, -35.134363737373732 ], [ 116.03326, -34.975969898989902 ], [ 115.52969777777777, -34.975969898989902 ], [ 115.52969777777777, -34.817576060606058 ], [ 116.03326, -34.817576060606058 ] ] ], [ [ [ 115.026135555555555, -32.758456161616166 ], [ 114.522573333333327, -32.758456161616166 ], [ 114.019011111111098, -32.758456161616166 ], [ 114.019011111111098, -32.600062323232322 ], [ 113.515448888888884, -32.600062323232322 ], [ 113.515448888888884, -32.441668484848492 ], [ 114.019011111111098, -32.441668484848492 ], [ 114.019011111111112, -32.441668484848492 ], [ 114.522573333333327, -32.441668484848492 ], [ 115.026135555555555, -32.441668484848492 ], [ 115.52969777777777, -32.441668484848492 ], [ 115.529697777777784, -32.441668484848492 ], [ 116.03326, -32.441668484848492 ], [ 116.536822222222213, -32.441668484848492 ], [ 116.536822222222227, -32.441668484848492 ], [ 117.040384444444442, -32.441668484848492 ], [ 117.543946666666656, -32.441668484848492 ], [ 117.54394666666667, -32.441668484848492 ], [ 118.047508888888885, -32.441668484848492 ], [ 118.551071111111099, -32.441668484848492 ], [ 118.551071111111114, -32.441668484848492 ], [ 119.054633333333328, -32.441668484848492 ], [ 119.054633333333328, -32.600062323232322 ], [ 118.551071111111114, -32.600062323232322 ], [ 118.551071111111114, -32.758456161616166 ], [ 118.551071111111114, -32.91685 ], [ 118.047508888888885, -32.91685 ], [ 118.047508888888885, -33.075243838383841 ], [ 117.54394666666667, -33.075243838383841 ], [ 117.543946666666656, -33.075243838383841 ], [ 117.040384444444442, -33.075243838383841 ], [ 116.536822222222227, -33.075243838383841 ], [ 116.536822222222213, -33.075243838383841 ], [ 116.03326, -33.075243838383841 ], [ 116.03326, -32.91685 ], [ 115.529697777777784, -32.91685 ], [ 115.52969777777777, -32.91685 ], [ 115.026135555555555, -32.91685 ], [ 115.026135555555555, -32.758456161616166 ] ] ], [ [ [ 115.026135555555555, -32.441668484848478 ], [ 114.522573333333327, -32.441668484848478 ], [ 114.019011111111112, -32.441668484848478 ], [ 114.019011111111098, -32.441668484848478 ], [ 113.515448888888884, -32.441668484848478 ], [ 113.011886666666655, -32.441668484848478 ], [ 113.011886666666655, -32.283274646464648 ], [ 112.50832444444444, -32.283274646464648 ], [ 112.50832444444444, -32.124880808080803 ], [ 112.004762222222212, -32.124880808080803 ], [ 112.004762222222212, -31.96648696969697 ], [ 112.004762222222212, -31.808093131313132 ], [ 112.004762222222212, -31.649699292929295 ], [ 112.004762222222212, -31.491305454545458 ], [ 112.50832444444444, -31.491305454545458 ], [ 113.011886666666655, -31.491305454545458 ], [ 113.011886666666669, -31.491305454545458 ], [ 113.515448888888884, -31.491305454545458 ], [ 114.019011111111098, -31.491305454545458 ], [ 114.019011111111112, -31.491305454545458 ], [ 114.522573333333327, -31.491305454545458 ], [ 115.026135555555555, -31.491305454545458 ], [ 115.52969777777777, -31.491305454545458 ], [ 115.529697777777784, -31.491305454545458 ], [ 116.03326, -31.491305454545458 ], [ 116.536822222222213, -31.491305454545458 ], [ 116.536822222222227, -31.491305454545458 ], [ 117.040384444444442, -31.491305454545458 ], [ 117.543946666666656, -31.491305454545458 ], [ 117.54394666666667, -31.491305454545458 ], [ 118.047508888888885, -31.491305454545458 ], [ 118.551071111111114, -31.491305454545458 ], [ 118.551071111111114, -31.649699292929295 ], [ 119.054633333333328, -31.649699292929295 ], [ 119.054633333333328, -31.808093131313132 ], [ 119.558195555555557, -31.808093131313132 ], [ 119.558195555555557, -31.96648696969697 ], [ 120.061757777777785, -31.96648696969697 ], [ 120.061757777777785, -32.124880808080803 ], [ 119.558195555555557, -32.124880808080803 ], [ 119.558195555555557, -32.283274646464648 ], [ 119.558195555555557, -32.441668484848478 ], [ 119.054633333333328, -32.441668484848478 ], [ 118.551071111111114, -32.441668484848478 ], [ 118.551071111111099, -32.441668484848478 ], [ 118.047508888888885, -32.441668484848478 ], [ 117.54394666666667, -32.441668484848478 ], [ 117.543946666666656, -32.441668484848478 ], [ 117.040384444444442, -32.441668484848478 ], [ 116.536822222222227, -32.441668484848478 ], [ 116.536822222222213, -32.441668484848478 ], [ 116.03326, -32.441668484848478 ], [ 115.529697777777784, -32.441668484848478 ], [ 115.52969777777777, -32.441668484848478 ], [ 115.026135555555555, -32.441668484848478 ] ] ], [ [ [ 112.50832444444444, -31.332911616161617 ], [ 113.011886666666655, -31.332911616161617 ], [ 113.011886666666669, -31.332911616161617 ], [ 113.515448888888884, -31.332911616161617 ], [ 114.019011111111098, -31.332911616161617 ], [ 114.019011111111098, -31.17451777777778 ], [ 114.522573333333327, -31.17451777777778 ], [ 115.026135555555555, -31.17451777777778 ], [ 115.52969777777777, -31.17451777777778 ], [ 115.529697777777784, -31.17451777777778 ], [ 116.03326, -31.17451777777778 ], [ 116.536822222222227, -31.17451777777778 ], [ 116.536822222222227, -31.332911616161617 ], [ 117.040384444444442, -31.332911616161617 ], [ 117.543946666666656, -31.332911616161617 ], [ 117.54394666666667, -31.332911616161617 ], [ 118.047508888888885, -31.332911616161617 ], [ 118.047508888888885, -31.491305454545454 ], [ 117.54394666666667, -31.491305454545454 ], [ 117.543946666666656, -31.491305454545454 ], [ 117.040384444444442, -31.491305454545454 ], [ 116.536822222222227, -31.491305454545454 ], [ 116.536822222222213, -31.491305454545454 ], [ 116.03326, -31.491305454545454 ], [ 115.529697777777784, -31.491305454545454 ], [ 115.52969777777777, -31.491305454545454 ], [ 115.026135555555555, -31.491305454545454 ], [ 114.522573333333327, -31.491305454545454 ], [ 114.019011111111112, -31.491305454545454 ], [ 114.019011111111098, -31.491305454545454 ], [ 113.515448888888884, -31.491305454545454 ], [ 113.011886666666669, -31.491305454545454 ], [ 113.011886666666655, -31.491305454545454 ], [ 112.50832444444444, -31.491305454545454 ], [ 112.50832444444444, -31.332911616161617 ] ] ], [ [ [ 138.189997777777762, -34.025606868686864 ], [ 138.189997777777762, -33.867213030303034 ], [ 137.686435555555562, -33.867213030303034 ], [ 137.686435555555562, -33.70881919191919 ], [ 137.686435555555562, -33.55042535353536 ], [ 138.189997777777762, -33.55042535353536 ], [ 138.189997777777791, -33.55042535353536 ], [ 138.69356, -33.55042535353536 ], [ 138.69356, -33.392031515151515 ], [ 139.19712222222222, -33.392031515151515 ], [ 139.700684444444448, -33.392031515151515 ], [ 140.204246666666648, -33.392031515151515 ], [ 140.204246666666677, -33.392031515151515 ], [ 140.707808888888877, -33.392031515151515 ], [ 141.211371111111106, -33.392031515151515 ], [ 141.714933333333335, -33.392031515151515 ], [ 141.714933333333335, -33.55042535353536 ], [ 142.218495555555563, -33.55042535353536 ], [ 142.722057777777792, -33.55042535353536 ], [ 142.722057777777792, -33.70881919191919 ], [ 143.22562, -33.70881919191919 ], [ 143.729182222222221, -33.70881919191919 ], [ 143.729182222222221, -33.867213030303034 ], [ 144.23274444444445, -33.867213030303034 ], [ 144.23274444444445, -34.025606868686864 ], [ 144.23274444444445, -34.184000707070709 ], [ 144.23274444444445, -34.342394545454539 ], [ 143.729182222222221, -34.342394545454539 ], [ 143.22562, -34.342394545454539 ], [ 142.722057777777792, -34.342394545454539 ], [ 142.722057777777763, -34.342394545454539 ], [ 142.218495555555563, -34.342394545454539 ], [ 141.714933333333335, -34.342394545454539 ], [ 141.211371111111106, -34.342394545454539 ], [ 140.707808888888877, -34.342394545454539 ], [ 140.204246666666677, -34.342394545454539 ], [ 140.204246666666648, -34.342394545454539 ], [ 139.700684444444448, -34.342394545454539 ], [ 139.700684444444448, -34.184000707070709 ], [ 139.19712222222222, -34.184000707070709 ], [ 138.69356, -34.184000707070709 ], [ 138.69356, -34.025606868686864 ], [ 138.189997777777762, -34.025606868686864 ] ] ], [ [ [ 143.729182222222221, -37.351877474747482 ], [ 144.23274444444445, -37.351877474747482 ], [ 144.73630666666665, -37.351877474747482 ], [ 144.736306666666678, -37.351877474747482 ], [ 145.239868888888878, -37.351877474747482 ], [ 145.743431111111107, -37.351877474747482 ], [ 146.246993333333336, -37.351877474747482 ], [ 146.750555555555565, -37.351877474747482 ], [ 146.750555555555565, -37.510271313131312 ], [ 146.750555555555565, -37.668665151515157 ], [ 147.254117777777793, -37.668665151515157 ], [ 147.254117777777793, -37.827058989898987 ], [ 147.254117777777793, -37.985452828282831 ], [ 147.254117777777793, -38.143846666666661 ], [ 146.750555555555565, -38.143846666666661 ], [ 146.750555555555565, -38.302240505050506 ], [ 146.246993333333336, -38.302240505050506 ], [ 145.743431111111107, -38.302240505050506 ], [ 145.239868888888878, -38.302240505050506 ], [ 145.239868888888878, -38.143846666666661 ], [ 144.736306666666678, -38.143846666666661 ], [ 144.73630666666665, -38.143846666666661 ], [ 144.23274444444445, -38.143846666666661 ], [ 144.23274444444445, -37.985452828282831 ], [ 143.729182222222221, -37.985452828282831 ], [ 143.22562, -37.985452828282831 ], [ 143.22562, -37.827058989898987 ], [ 143.22562, -37.668665151515157 ], [ 143.22562, -37.510271313131312 ], [ 142.722057777777763, -37.510271313131312 ], [ 142.722057777777763, -37.351877474747482 ], [ 143.22562, -37.351877474747482 ], [ 143.729182222222221, -37.351877474747482 ] ] ], [ [ [ 140.707808888888877, -36.876695959595963 ], [ 140.707808888888877, -36.718302121212119 ], [ 140.707808888888877, -36.559908282828289 ], [ 140.707808888888877, -36.401514444444445 ], [ 141.211371111111106, -36.401514444444445 ], [ 141.211371111111106, -36.243120606060614 ], [ 141.714933333333335, -36.243120606060614 ], [ 142.218495555555563, -36.243120606060614 ], [ 142.722057777777763, -36.243120606060614 ], [ 142.722057777777792, -36.243120606060614 ], [ 143.22562, -36.243120606060614 ], [ 143.729182222222221, -36.243120606060614 ], [ 144.23274444444445, -36.243120606060614 ], [ 144.73630666666665, -36.243120606060614 ], [ 144.736306666666678, -36.243120606060614 ], [ 145.239868888888878, -36.243120606060614 ], [ 145.743431111111107, -36.243120606060614 ], [ 146.246993333333336, -36.243120606060614 ], [ 146.750555555555565, -36.243120606060614 ], [ 147.254117777777765, -36.243120606060614 ], [ 147.254117777777793, -36.243120606060614 ], [ 147.75768, -36.243120606060614 ], [ 148.261242222222222, -36.243120606060614 ], [ 148.764804444444422, -36.243120606060614 ], [ 148.764804444444451, -36.243120606060614 ], [ 149.268366666666651, -36.243120606060614 ], [ 149.268366666666651, -36.401514444444445 ], [ 149.268366666666651, -36.559908282828289 ], [ 148.764804444444451, -36.559908282828289 ], [ 148.764804444444422, -36.559908282828289 ], [ 148.261242222222222, -36.559908282828289 ], [ 148.261242222222222, -36.718302121212119 ], [ 147.75768, -36.718302121212119 ], [ 147.254117777777793, -36.718302121212119 ], [ 147.254117777777793, -36.876695959595963 ], [ 146.750555555555565, -36.876695959595963 ], [ 146.750555555555565, -37.035089797979794 ], [ 146.750555555555565, -37.193483636363638 ], [ 146.246993333333336, -37.193483636363638 ], [ 146.246993333333336, -37.351877474747468 ], [ 145.743431111111107, -37.351877474747468 ], [ 145.239868888888878, -37.351877474747468 ], [ 144.736306666666678, -37.351877474747468 ], [ 144.73630666666665, -37.351877474747468 ], [ 144.23274444444445, -37.351877474747468 ], [ 143.729182222222221, -37.351877474747468 ], [ 143.22562, -37.351877474747468 ], [ 142.722057777777763, -37.351877474747468 ], [ 142.722057777777763, -37.193483636363638 ], [ 142.218495555555563, -37.193483636363638 ], [ 142.218495555555563, -37.035089797979794 ], [ 141.714933333333335, -37.035089797979794 ], [ 141.714933333333335, -36.876695959595963 ], [ 141.211371111111106, -36.876695959595963 ], [ 140.707808888888877, -36.876695959595963 ] ] ], [ [ [ 142.218495555555563, -36.08472676767677 ], [ 141.714933333333335, -36.08472676767677 ], [ 141.714933333333335, -35.926332929292926 ], [ 141.211371111111106, -35.926332929292926 ], [ 141.211371111111106, -35.767939090909096 ], [ 141.211371111111106, -35.609545252525251 ], [ 141.714933333333335, -35.609545252525251 ], [ 141.714933333333335, -35.451151414141421 ], [ 142.218495555555563, -35.451151414141421 ], [ 142.722057777777763, -35.451151414141421 ], [ 142.722057777777792, -35.451151414141421 ], [ 143.22562, -35.451151414141421 ], [ 143.729182222222221, -35.451151414141421 ], [ 144.23274444444445, -35.451151414141421 ], [ 144.73630666666665, -35.451151414141421 ], [ 144.736306666666678, -35.451151414141421 ], [ 145.239868888888878, -35.451151414141421 ], [ 145.743431111111107, -35.451151414141421 ], [ 146.246993333333336, -35.451151414141421 ], [ 146.750555555555565, -35.451151414141421 ], [ 147.254117777777765, -35.451151414141421 ], [ 147.254117777777793, -35.451151414141421 ], [ 147.75768, -35.451151414141421 ], [ 148.261242222222222, -35.451151414141421 ], [ 148.764804444444422, -35.451151414141421 ], [ 148.764804444444451, -35.451151414141421 ], [ 149.268366666666651, -35.451151414141421 ], [ 149.77192888888888, -35.451151414141421 ], [ 150.275491111111108, -35.451151414141421 ], [ 150.779053333333337, -35.451151414141421 ], [ 151.282615555555566, -35.451151414141421 ], [ 151.786177777777766, -35.451151414141421 ], [ 151.786177777777795, -35.451151414141421 ], [ 152.28974, -35.451151414141421 ], [ 152.793302222222223, -35.451151414141421 ], [ 152.793302222222223, -35.609545252525251 ], [ 152.28974, -35.609545252525251 ], [ 152.28974, -35.767939090909096 ], [ 151.786177777777795, -35.767939090909096 ], [ 151.786177777777766, -35.767939090909096 ], [ 151.282615555555566, -35.767939090909096 ], [ 150.779053333333337, -35.767939090909096 ], [ 150.779053333333337, -35.926332929292926 ], [ 150.275491111111108, -35.926332929292926 ], [ 149.77192888888888, -35.926332929292926 ], [ 149.268366666666651, -35.926332929292926 ], [ 148.764804444444451, -35.926332929292926 ], [ 148.764804444444422, -35.926332929292926 ], [ 148.261242222222222, -35.926332929292926 ], [ 148.261242222222222, -36.08472676767677 ], [ 148.764804444444451, -36.08472676767677 ], [ 148.764804444444451, -36.2431206060606 ], [ 148.261242222222222, -36.2431206060606 ], [ 147.75768, -36.2431206060606 ], [ 147.254117777777793, -36.2431206060606 ], [ 147.254117777777765, -36.2431206060606 ], [ 146.750555555555565, -36.2431206060606 ], [ 146.246993333333336, -36.2431206060606 ], [ 145.743431111111107, -36.2431206060606 ], [ 145.239868888888878, -36.2431206060606 ], [ 144.736306666666678, -36.2431206060606 ], [ 144.73630666666665, -36.2431206060606 ], [ 144.23274444444445, -36.2431206060606 ], [ 143.729182222222221, -36.2431206060606 ], [ 143.22562, -36.2431206060606 ], [ 142.722057777777792, -36.2431206060606 ], [ 142.722057777777763, -36.2431206060606 ], [ 142.218495555555563, -36.2431206060606 ], [ 142.218495555555563, -36.08472676767677 ] ] ], [ [ [ 141.211371111111106, -34.500788383838383 ], [ 141.211371111111106, -34.342394545454553 ], [ 141.714933333333335, -34.342394545454553 ], [ 142.218495555555563, -34.342394545454553 ], [ 142.722057777777763, -34.342394545454553 ], [ 142.722057777777792, -34.342394545454553 ], [ 143.22562, -34.342394545454553 ], [ 143.729182222222221, -34.342394545454553 ], [ 144.23274444444445, -34.342394545454553 ], [ 144.73630666666665, -34.342394545454553 ], [ 144.736306666666678, -34.342394545454553 ], [ 145.239868888888878, -34.342394545454553 ], [ 145.743431111111107, -34.342394545454553 ], [ 146.246993333333336, -34.342394545454553 ], [ 146.750555555555565, -34.342394545454553 ], [ 147.254117777777765, -34.342394545454553 ], [ 147.254117777777793, -34.342394545454553 ], [ 147.75768, -34.342394545454553 ], [ 148.261242222222222, -34.342394545454553 ], [ 148.764804444444422, -34.342394545454553 ], [ 148.764804444444451, -34.342394545454553 ], [ 149.268366666666651, -34.342394545454553 ], [ 149.77192888888888, -34.342394545454553 ], [ 150.275491111111108, -34.342394545454553 ], [ 150.779053333333337, -34.342394545454553 ], [ 151.282615555555566, -34.342394545454553 ], [ 151.786177777777766, -34.342394545454553 ], [ 151.786177777777795, -34.342394545454553 ], [ 152.28974, -34.342394545454553 ], [ 152.793302222222223, -34.342394545454553 ], [ 153.296864444444424, -34.342394545454553 ], [ 153.296864444444452, -34.342394545454553 ], [ 153.800426666666652, -34.342394545454553 ], [ 154.303988888888881, -34.342394545454553 ], [ 154.80755111111111, -34.342394545454553 ], [ 154.80755111111111, -34.500788383838383 ], [ 154.80755111111111, -34.659182222222228 ], [ 154.80755111111111, -34.817576060606058 ], [ 154.303988888888881, -34.817576060606058 ], [ 154.303988888888881, -34.975969898989902 ], [ 153.800426666666652, -34.975969898989902 ], [ 153.800426666666652, -35.134363737373732 ], [ 153.296864444444452, -35.134363737373732 ], [ 153.296864444444452, -35.292757575757577 ], [ 153.296864444444452, -35.451151414141407 ], [ 152.793302222222223, -35.451151414141407 ], [ 152.28974, -35.451151414141407 ], [ 151.786177777777795, -35.451151414141407 ], [ 151.786177777777766, -35.451151414141407 ], [ 151.282615555555566, -35.451151414141407 ], [ 150.779053333333337, -35.451151414141407 ], [ 150.275491111111108, -35.451151414141407 ], [ 149.77192888888888, -35.451151414141407 ], [ 149.268366666666651, -35.451151414141407 ], [ 148.764804444444451, -35.451151414141407 ], [ 148.764804444444422, -35.451151414141407 ], [ 148.261242222222222, -35.451151414141407 ], [ 147.75768, -35.451151414141407 ], [ 147.254117777777793, -35.451151414141407 ], [ 147.254117777777765, -35.451151414141407 ], [ 146.750555555555565, -35.451151414141407 ], [ 146.246993333333336, -35.451151414141407 ], [ 145.743431111111107, -35.451151414141407 ], [ 145.239868888888878, -35.451151414141407 ], [ 144.736306666666678, -35.451151414141407 ], [ 144.73630666666665, -35.451151414141407 ], [ 144.23274444444445, -35.451151414141407 ], [ 143.729182222222221, -35.451151414141407 ], [ 143.729182222222221, -35.292757575757577 ], [ 144.23274444444445, -35.292757575757577 ], [ 144.23274444444445, -35.134363737373732 ], [ 144.23274444444445, -34.975969898989902 ], [ 143.729182222222221, -34.975969898989902 ], [ 143.729182222222221, -34.817576060606058 ], [ 143.22562, -34.817576060606058 ], [ 143.22562, -34.659182222222228 ], [ 142.722057777777792, -34.659182222222228 ], [ 142.722057777777763, -34.659182222222228 ], [ 142.218495555555563, -34.659182222222228 ], [ 142.218495555555563, -34.500788383838383 ], [ 141.714933333333335, -34.500788383838383 ], [ 141.211371111111106, -34.500788383838383 ] ] ], [ [ [ 146.246993333333336, -33.55042535353536 ], [ 146.246993333333336, -33.392031515151515 ], [ 145.743431111111107, -33.392031515151515 ], [ 145.743431111111107, -33.233637676767685 ], [ 146.246993333333336, -33.233637676767685 ], [ 146.750555555555565, -33.233637676767685 ], [ 147.254117777777765, -33.233637676767685 ], [ 147.254117777777793, -33.233637676767685 ], [ 147.75768, -33.233637676767685 ], [ 148.261242222222222, -33.233637676767685 ], [ 148.764804444444422, -33.233637676767685 ], [ 148.764804444444451, -33.233637676767685 ], [ 149.268366666666651, -33.233637676767685 ], [ 149.77192888888888, -33.233637676767685 ], [ 150.275491111111108, -33.233637676767685 ], [ 150.779053333333337, -33.233637676767685 ], [ 151.282615555555566, -33.233637676767685 ], [ 151.786177777777766, -33.233637676767685 ], [ 151.786177777777795, -33.233637676767685 ], [ 152.28974, -33.233637676767685 ], [ 152.793302222222223, -33.233637676767685 ], [ 153.296864444444424, -33.233637676767685 ], [ 153.296864444444452, -33.233637676767685 ], [ 153.800426666666652, -33.233637676767685 ], [ 154.303988888888881, -33.233637676767685 ], [ 154.80755111111111, -33.233637676767685 ], [ 154.80755111111111, -33.392031515151515 ], [ 154.80755111111111, -33.55042535353536 ], [ 154.80755111111111, -33.70881919191919 ], [ 155.311113333333338, -33.70881919191919 ], [ 155.311113333333338, -33.867213030303034 ], [ 155.311113333333338, -34.025606868686864 ], [ 155.311113333333338, -34.184000707070709 ], [ 155.311113333333338, -34.342394545454539 ], [ 154.80755111111111, -34.342394545454539 ], [ 154.303988888888881, -34.342394545454539 ], [ 153.800426666666652, -34.342394545454539 ], [ 153.296864444444452, -34.342394545454539 ], [ 153.296864444444424, -34.342394545454539 ], [ 152.793302222222223, -34.342394545454539 ], [ 152.28974, -34.342394545454539 ], [ 151.786177777777795, -34.342394545454539 ], [ 151.786177777777766, -34.342394545454539 ], [ 151.282615555555566, -34.342394545454539 ], [ 150.779053333333337, -34.342394545454539 ], [ 150.275491111111108, -34.342394545454539 ], [ 149.77192888888888, -34.342394545454539 ], [ 149.268366666666651, -34.342394545454539 ], [ 148.764804444444451, -34.342394545454539 ], [ 148.764804444444422, -34.342394545454539 ], [ 148.261242222222222, -34.342394545454539 ], [ 147.75768, -34.342394545454539 ], [ 147.254117777777793, -34.342394545454539 ], [ 147.254117777777765, -34.342394545454539 ], [ 146.750555555555565, -34.342394545454539 ], [ 146.246993333333336, -34.342394545454539 ], [ 145.743431111111107, -34.342394545454539 ], [ 145.743431111111107, -34.184000707070709 ], [ 146.246993333333336, -34.184000707070709 ], [ 146.246993333333336, -34.025606868686864 ], [ 146.246993333333336, -33.867213030303034 ], [ 146.246993333333336, -33.70881919191919 ], [ 146.246993333333336, -33.55042535353536 ] ] ], [ [ [ 145.743431111111107, -33.233637676767671 ], [ 145.743431111111107, -33.075243838383841 ], [ 145.743431111111107, -32.91685 ], [ 146.246993333333336, -32.91685 ], [ 146.750555555555565, -32.91685 ], [ 146.750555555555565, -32.758456161616166 ], [ 147.254117777777765, -32.758456161616166 ], [ 147.254117777777765, -32.600062323232322 ], [ 147.254117777777765, -32.441668484848492 ], [ 147.75768, -32.441668484848492 ], [ 148.261242222222222, -32.441668484848492 ], [ 148.764804444444422, -32.441668484848492 ], [ 148.764804444444451, -32.441668484848492 ], [ 149.268366666666651, -32.441668484848492 ], [ 149.77192888888888, -32.441668484848492 ], [ 150.275491111111108, -32.441668484848492 ], [ 150.779053333333337, -32.441668484848492 ], [ 151.282615555555566, -32.441668484848492 ], [ 151.786177777777766, -32.441668484848492 ], [ 151.786177777777795, -32.441668484848492 ], [ 152.28974, -32.441668484848492 ], [ 152.793302222222223, -32.441668484848492 ], [ 152.793302222222223, -32.600062323232322 ], [ 153.296864444444452, -32.600062323232322 ], [ 153.296864444444452, -32.758456161616166 ], [ 153.800426666666652, -32.758456161616166 ], [ 154.303988888888881, -32.758456161616166 ], [ 154.303988888888881, -32.91685 ], [ 154.303988888888881, -33.075243838383841 ], [ 154.80755111111111, -33.075243838383841 ], [ 154.80755111111111, -33.233637676767671 ], [ 154.303988888888881, -33.233637676767671 ], [ 153.800426666666652, -33.233637676767671 ], [ 153.296864444444452, -33.233637676767671 ], [ 153.296864444444424, -33.233637676767671 ], [ 152.793302222222223, -33.233637676767671 ], [ 152.28974, -33.233637676767671 ], [ 151.786177777777795, -33.233637676767671 ], [ 151.786177777777766, -33.233637676767671 ], [ 151.282615555555566, -33.233637676767671 ], [ 150.779053333333337, -33.233637676767671 ], [ 150.275491111111108, -33.233637676767671 ], [ 149.77192888888888, -33.233637676767671 ], [ 149.268366666666651, -33.233637676767671 ], [ 148.764804444444451, -33.233637676767671 ], [ 148.764804444444422, -33.233637676767671 ], [ 148.261242222222222, -33.233637676767671 ], [ 147.75768, -33.233637676767671 ], [ 147.254117777777793, -33.233637676767671 ], [ 147.254117777777765, -33.233637676767671 ], [ 146.750555555555565, -33.233637676767671 ], [ 146.246993333333336, -33.233637676767671 ], [ 145.743431111111107, -33.233637676767671 ] ] ], [ [ [ 147.75768, -32.441668484848478 ], [ 147.75768, -32.283274646464648 ], [ 147.75768, -32.124880808080803 ], [ 148.261242222222222, -32.124880808080803 ], [ 148.261242222222222, -31.96648696969697 ], [ 148.764804444444422, -31.96648696969697 ], [ 148.764804444444422, -31.808093131313132 ], [ 149.268366666666651, -31.808093131313132 ], [ 149.268366666666651, -31.649699292929295 ], [ 149.77192888888888, -31.649699292929295 ], [ 149.77192888888888, -31.491305454545458 ], [ 150.275491111111108, -31.491305454545458 ], [ 150.779053333333337, -31.491305454545458 ], [ 151.282615555555566, -31.491305454545458 ], [ 151.786177777777766, -31.491305454545458 ], [ 151.786177777777795, -31.491305454545458 ], [ 152.28974, -31.491305454545458 ], [ 152.793302222222223, -31.491305454545458 ], [ 152.793302222222223, -31.649699292929295 ], [ 153.296864444444452, -31.649699292929295 ], [ 153.296864444444452, -31.808093131313132 ], [ 153.800426666666652, -31.808093131313132 ], [ 153.800426666666652, -31.96648696969697 ], [ 153.296864444444452, -31.96648696969697 ], [ 153.296864444444452, -32.124880808080803 ], [ 152.793302222222223, -32.124880808080803 ], [ 152.28974, -32.124880808080803 ], [ 152.28974, -32.283274646464648 ], [ 152.28974, -32.441668484848478 ], [ 151.786177777777795, -32.441668484848478 ], [ 151.786177777777766, -32.441668484848478 ], [ 151.282615555555566, -32.441668484848478 ], [ 150.779053333333337, -32.441668484848478 ], [ 150.275491111111108, -32.441668484848478 ], [ 149.77192888888888, -32.441668484848478 ], [ 149.268366666666651, -32.441668484848478 ], [ 148.764804444444451, -32.441668484848478 ], [ 148.764804444444422, -32.441668484848478 ], [ 148.261242222222222, -32.441668484848478 ], [ 147.75768, -32.441668484848478 ] ] ], [ [ [ 148.261242222222222, -30.540942424242427 ], [ 148.764804444444422, -30.540942424242427 ], [ 148.764804444444451, -30.540942424242427 ], [ 149.268366666666651, -30.540942424242427 ], [ 149.77192888888888, -30.540942424242427 ], [ 150.275491111111108, -30.540942424242427 ], [ 150.779053333333337, -30.540942424242427 ], [ 151.282615555555566, -30.540942424242427 ], [ 151.786177777777766, -30.540942424242427 ], [ 151.786177777777795, -30.540942424242427 ], [ 152.28974, -30.540942424242427 ], [ 152.793302222222223, -30.540942424242427 ], [ 153.296864444444424, -30.540942424242427 ], [ 153.296864444444452, -30.540942424242427 ], [ 153.800426666666652, -30.540942424242427 ], [ 153.800426666666652, -30.699336262626264 ], [ 153.296864444444452, -30.699336262626264 ], [ 153.296864444444452, -30.857730101010102 ], [ 152.793302222222223, -30.857730101010102 ], [ 152.28974, -30.857730101010102 ], [ 152.28974, -31.016123939393939 ], [ 151.786177777777795, -31.016123939393939 ], [ 151.786177777777766, -31.016123939393939 ], [ 151.282615555555566, -31.016123939393939 ], [ 150.779053333333337, -31.016123939393939 ], [ 150.275491111111108, -31.016123939393939 ], [ 149.77192888888888, -31.016123939393939 ], [ 149.268366666666651, -31.016123939393939 ], [ 149.268366666666651, -30.857730101010102 ], [ 148.764804444444451, -30.857730101010102 ], [ 148.764804444444422, -30.857730101010102 ], [ 148.261242222222222, -30.857730101010102 ], [ 147.75768, -30.857730101010102 ], [ 147.75768, -30.699336262626264 ], [ 147.254117777777765, -30.699336262626264 ], [ 147.254117777777765, -30.540942424242427 ], [ 147.75768, -30.540942424242427 ], [ 148.261242222222222, -30.540942424242427 ] ] ], [ [ [ 148.261242222222222, -30.224154747474749 ], [ 148.764804444444422, -30.224154747474749 ], [ 148.764804444444451, -30.224154747474749 ], [ 149.268366666666651, -30.224154747474749 ], [ 149.77192888888888, -30.224154747474749 ], [ 150.275491111111108, -30.224154747474749 ], [ 150.779053333333337, -30.224154747474749 ], [ 151.282615555555566, -30.224154747474749 ], [ 151.786177777777766, -30.224154747474749 ], [ 151.786177777777795, -30.224154747474749 ], [ 152.28974, -30.224154747474749 ], [ 152.793302222222223, -30.224154747474749 ], [ 152.793302222222223, -30.382548585858586 ], [ 153.296864444444424, -30.382548585858586 ], [ 153.296864444444452, -30.382548585858586 ], [ 153.800426666666652, -30.382548585858586 ], [ 153.800426666666652, -30.540942424242424 ], [ 153.296864444444452, -30.540942424242424 ], [ 153.296864444444424, -30.540942424242424 ], [ 152.793302222222223, -30.540942424242424 ], [ 152.28974, -30.540942424242424 ], [ 151.786177777777795, -30.540942424242424 ], [ 151.786177777777766, -30.540942424242424 ], [ 151.282615555555566, -30.540942424242424 ], [ 150.779053333333337, -30.540942424242424 ], [ 150.275491111111108, -30.540942424242424 ], [ 149.77192888888888, -30.540942424242424 ], [ 149.268366666666651, -30.540942424242424 ], [ 148.764804444444451, -30.540942424242424 ], [ 148.764804444444422, -30.540942424242424 ], [ 148.261242222222222, -30.540942424242424 ], [ 147.75768, -30.540942424242424 ], [ 147.254117777777793, -30.540942424242424 ], [ 147.254117777777765, -30.540942424242424 ], [ 146.750555555555565, -30.540942424242424 ], [ 146.750555555555565, -30.382548585858586 ], [ 146.750555555555565, -30.224154747474749 ], [ 147.254117777777765, -30.224154747474749 ], [ 147.254117777777793, -30.224154747474749 ], [ 147.75768, -30.224154747474749 ], [ 148.261242222222222, -30.224154747474749 ] ] ], [ [ [ 148.764804444444422, -30.065760909090908 ], [ 148.764804444444451, -30.065760909090908 ], [ 149.268366666666651, -30.065760909090908 ], [ 149.77192888888888, -30.065760909090908 ], [ 150.275491111111108, -30.065760909090908 ], [ 150.779053333333337, -30.065760909090908 ], [ 151.282615555555566, -30.065760909090908 ], [ 151.786177777777795, -30.065760909090908 ], [ 151.786177777777795, -30.224154747474746 ], [ 151.282615555555566, -30.224154747474746 ], [ 150.779053333333337, -30.224154747474746 ], [ 150.275491111111108, -30.224154747474746 ], [ 149.77192888888888, -30.224154747474746 ], [ 149.268366666666651, -30.224154747474746 ], [ 148.764804444444451, -30.224154747474746 ], [ 148.764804444444422, -30.224154747474746 ], [ 148.261242222222222, -30.224154747474746 ], [ 147.75768, -30.224154747474746 ], [ 147.75768, -30.065760909090908 ], [ 148.261242222222222, -30.065760909090908 ], [ 148.764804444444422, -30.065760909090908 ] ] ], [ [ [ 151.786177777777795, -28.640216363636366 ], [ 152.28974, -28.640216363636366 ], [ 152.28974, -28.798610202020203 ], [ 152.793302222222223, -28.798610202020203 ], [ 152.793302222222223, -28.957004040404041 ], [ 152.28974, -28.957004040404041 ], [ 151.786177777777795, -28.957004040404041 ], [ 151.786177777777766, -28.957004040404041 ], [ 151.282615555555566, -28.957004040404041 ], [ 150.779053333333337, -28.957004040404041 ], [ 150.779053333333337, -28.798610202020203 ], [ 150.779053333333337, -28.640216363636366 ], [ 151.282615555555566, -28.640216363636366 ], [ 151.786177777777766, -28.640216363636366 ], [ 151.786177777777795, -28.640216363636366 ] ] ], [ [ [ 150.779053333333337, -31.491305454545454 ], [ 150.779053333333337, -31.332911616161617 ], [ 151.282615555555566, -31.332911616161617 ], [ 151.786177777777795, -31.332911616161617 ], [ 151.786177777777795, -31.491305454545454 ], [ 151.282615555555566, -31.491305454545454 ], [ 150.779053333333337, -31.491305454545454 ] ] ] ] } },
{ "type": "Feature", "properties": { "month": 12, "species_sci": "Corvus coronoides", "species_com": "Australian Raven" }, "geometry": { "type": "MultiPolygon", "coordinates": [ [ [ [ 114.15003757575758, -33.611758585858581 ], [ 114.15003757575758, -33.466893939393941 ], [ 114.15003757575758, -33.322029292929301 ], [ 114.645730202020218, -33.322029292929301 ], [ 115.141422828282828, -33.322029292929301 ], [ 115.637115454545466, -33.322029292929301 ], [ 116.132808080808076, -33.322029292929301 ], [ 116.132808080808076, -33.466893939393941 ], [ 116.132808080808076, -33.611758585858581 ], [ 116.132808080808076, -33.756623232323236 ], [ 115.637115454545466, -33.756623232323236 ], [ 115.141422828282828, -33.756623232323236 ], [ 115.141422828282828, -33.611758585858581 ], [ 114.645730202020218, -33.611758585858581 ], [ 114.15003757575758, -33.611758585858581 ] ] ], [ [ [ 113.158652323232332, -32.452841414141417 ], [ 113.158652323232332, -32.307976767676763 ], [ 113.158652323232332, -32.163112121212123 ], [ 112.662959696969693, -32.163112121212123 ], [ 112.167267070707084, -32.163112121212123 ], [ 112.167267070707084, -32.018247474747483 ], [ 111.671574444444445, -32.018247474747483 ], [ 111.671574444444445, -31.873382828282832 ], [ 111.671574444444445, -31.728518181818185 ], [ 111.671574444444445, -31.583653535353537 ], [ 111.671574444444445, -31.43878888888889 ], [ 112.167267070707084, -31.43878888888889 ], [ 112.167267070707084, -31.293924242424243 ], [ 112.662959696969693, -31.293924242424243 ], [ 113.158652323232332, -31.293924242424243 ], [ 113.65434494949497, -31.293924242424243 ], [ 114.15003757575758, -31.293924242424243 ], [ 114.15003757575758, -31.149059595959596 ], [ 114.645730202020218, -31.149059595959596 ], [ 114.645730202020218, -31.293924242424243 ], [ 115.141422828282828, -31.293924242424243 ], [ 115.637115454545466, -31.293924242424243 ], [ 116.132808080808076, -31.293924242424243 ], [ 116.132808080808076, -31.43878888888889 ], [ 116.132808080808076, -31.583653535353537 ], [ 116.132808080808076, -31.728518181818185 ], [ 116.132808080808076, -31.873382828282832 ], [ 116.132808080808076, -32.018247474747483 ], [ 116.132808080808076, -32.163112121212123 ], [ 116.132808080808076, -32.307976767676763 ], [ 116.132808080808076, -32.452841414141417 ], [ 116.132808080808076, -32.597706060606058 ], [ 116.132808080808076, -32.742570707070712 ], [ 115.637115454545466, -32.742570707070712 ], [ 115.141422828282828, -32.742570707070712 ], [ 114.645730202020218, -32.742570707070712 ], [ 114.645730202020218, -32.597706060606058 ], [ 114.15003757575758, -32.597706060606058 ], [ 113.65434494949497, -32.597706060606058 ], [ 113.65434494949497, -32.452841414141417 ], [ 113.158652323232332, -32.452841414141417 ] ] ], [ [ [ 116.132808080808104, -31.728518181818185 ], [ 116.132808080808104, -31.583653535353537 ], [ 116.132808080808104, -31.43878888888889 ], [ 116.132808080808104, -31.293924242424243 ], [ 116.628500707070714, -31.293924242424243 ], [ 117.124193333333352, -31.293924242424243 ], [ 117.124193333333352, -31.43878888888889 ], [ 117.619885959595962, -31.43878888888889 ], [ 118.1155785858586, -31.43878888888889 ], [ 118.61127121212121, -31.43878888888889 ], [ 118.61127121212121, -31.583653535353537 ], [ 118.61127121212121, -31.728518181818185 ], [ 118.61127121212121, -31.873382828282832 ], [ 118.61127121212121, -32.018247474747483 ], [ 118.61127121212121, -32.163112121212123 ], [ 118.61127121212121, -32.307976767676763 ], [ 118.61127121212121, -32.452841414141417 ], [ 118.61127121212121, -32.597706060606058 ], [ 118.1155785858586, -32.597706060606058 ], [ 118.1155785858586, -32.742570707070712 ], [ 117.619885959595962, -32.742570707070712 ], [ 117.619885959595962, -32.887435353535352 ], [ 117.124193333333352, -32.887435353535352 ], [ 116.628500707070714, -32.887435353535352 ], [ 116.132808080808104, -32.887435353535352 ], [ 116.132808080808104, -32.742570707070712 ], [ 116.132808080808104, -32.597706060606058 ], [ 116.132808080808104, -32.452841414141417 ], [ 116.132808080808104, -32.307976767676763 ], [ 116.132808080808104, -32.163112121212123 ], [ 116.132808080808104, -32.018247474747483 ], [ 116.132808080808104, -31.873382828282832 ], [ 116.132808080808104, -31.728518181818185 ] ] ], [ [ [ 116.132808080808104, -35.060405050505054 ], [ 116.132808080808104, -34.915540404040399 ], [ 116.132808080808104, -34.770675757575759 ], [ 116.628500707070714, -34.770675757575759 ], [ 117.124193333333352, -34.770675757575759 ], [ 117.619885959595962, -34.770675757575759 ], [ 118.1155785858586, -34.770675757575759 ], [ 118.61127121212121, -34.770675757575759 ], [ 118.61127121212121, -34.915540404040399 ], [ 118.61127121212121, -35.060405050505054 ], [ 118.61127121212121, -35.205269696969694 ], [ 118.1155785858586, -35.205269696969694 ], [ 117.619885959595962, -35.205269696969694 ], [ 117.124193333333352, -35.205269696969694 ], [ 117.124193333333352, -35.060405050505054 ], [ 116.628500707070714, -35.060405050505054 ], [ 116.132808080808104, -35.060405050505054 ] ] ], [ [ [ 119.602656464646486, -35.205269696969694 ], [ 119.106963838383848, -35.205269696969694 ], [ 118.611271212121238, -35.205269696969694 ], [ 118.611271212121238, -35.060405050505054 ], [ 118.611271212121238, -34.915540404040399 ], [ 119.106963838383848, -34.915540404040399 ], [ 119.602656464646486, -34.915540404040399 ], [ 119.602656464646486, -35.060405050505054 ], [ 119.602656464646486, -35.205269696969694 ] ] ], [ [ [ 118.611271212121238, -34.336081818181825 ], [ 119.106963838383848, -34.336081818181825 ], [ 119.602656464646486, -34.336081818181825 ], [ 120.098349090909096, -34.336081818181825 ], [ 120.098349090909096, -34.480946464646465 ], [ 119.602656464646486, -34.480946464646465 ], [ 119.106963838383848, -34.480946464646465 ], [ 118.611271212121238, -34.480946464646465 ], [ 118.611271212121238, -34.336081818181825 ] ] ], [ [ [ 116.132808080808104, -33.466893939393941 ], [ 116.628500707070714, -33.466893939393941 ], [ 116.628500707070714, -33.611758585858581 ], [ 116.132808080808104, -33.611758585858581 ], [ 116.132808080808104, -33.466893939393941 ] ] ], [ [ [ 118.611271212121238, -31.873382828282832 ], [ 118.611271212121238, -31.728518181818185 ], [ 118.611271212121238, -31.583653535353537 ], [ 119.106963838383848, -31.583653535353537 ], [ 119.106963838383848, -31.728518181818185 ], [ 119.602656464646486, -31.728518181818185 ], [ 120.098349090909096, -31.728518181818185 ], [ 120.098349090909096, -31.873382828282832 ], [ 120.098349090909096, -32.018247474747483 ], [ 120.594041717171734, -32.018247474747483 ], [ 120.594041717171734, -32.163112121212123 ], [ 120.594041717171734, -32.307976767676763 ], [ 120.098349090909096, -32.307976767676763 ], [ 120.098349090909096, -32.452841414141417 ], [ 119.602656464646486, -32.452841414141417 ], [ 119.106963838383848, -32.452841414141417 ], [ 119.106963838383848, -32.597706060606058 ], [ 118.611271212121238, -32.597706060606058 ], [ 118.611271212121238, -32.452841414141417 ], [ 118.611271212121238, -32.307976767676763 ], [ 118.611271212121238, -32.163112121212123 ], [ 118.611271212121238, -32.018247474747483 ], [ 118.611271212121238, -31.873382828282832 ] ] ], [ [ [ 144.882980404040438, -37.957697979797985 ], [ 144.882980404040438, -37.81283333333333 ], [ 144.882980404040438, -37.66796868686869 ], [ 144.882980404040438, -37.523104040404036 ], [ 144.882980404040438, -37.378239393939396 ], [ 145.378673030303048, -37.378239393939396 ], [ 145.874365656565658, -37.378239393939396 ], [ 145.874365656565658, -37.523104040404036 ], [ 145.874365656565658, -37.66796868686869 ], [ 145.874365656565658, -37.81283333333333 ], [ 145.874365656565658, -37.957697979797985 ], [ 145.874365656565658, -38.102562626262625 ], [ 145.378673030303048, -38.102562626262625 ], [ 144.882980404040438, -38.102562626262625 ], [ 144.882980404040438, -37.957697979797985 ] ] ], [ [ [ 143.89159515151519, -37.523104040404036 ], [ 144.3872877777778, -37.523104040404036 ], [ 144.3872877777778, -37.378239393939396 ], [ 144.88298040404041, -37.378239393939396 ], [ 144.88298040404041, -37.523104040404036 ], [ 144.88298040404041, -37.66796868686869 ], [ 144.88298040404041, -37.81283333333333 ], [ 144.88298040404041, -37.957697979797985 ], [ 144.88298040404041, -38.102562626262625 ], [ 144.3872877777778, -38.102562626262625 ], [ 144.3872877777778, -37.957697979797985 ], [ 143.89159515151519, -37.957697979797985 ], [ 143.89159515151519, -37.81283333333333 ], [ 143.89159515151519, -37.66796868686869 ], [ 143.89159515151519, -37.523104040404036 ] ] ], [ [ [ 143.891595151515162, -37.81283333333333 ], [ 143.891595151515162, -37.957697979797985 ], [ 143.395902525252552, -37.957697979797985 ], [ 143.395902525252552, -37.81283333333333 ], [ 143.395902525252552, -37.66796868686869 ], [ 143.395902525252552, -37.523104040404036 ], [ 143.891595151515162, -37.523104040404036 ], [ 143.891595151515162, -37.66796868686869 ], [ 143.891595151515162, -37.81283333333333 ] ] ], [ [ [ 144.882980404040438, -37.088510101010101 ], [ 144.882980404040438, -36.943645454545461 ], [ 144.882980404040438, -36.798780808080807 ], [ 144.882980404040438, -36.653916161616166 ], [ 144.882980404040438, -36.509051515151512 ], [ 144.882980404040438, -36.364186868686872 ], [ 144.882980404040438, -36.219322222222218 ], [ 144.882980404040438, -36.074457575757577 ], [ 144.882980404040438, -35.929592929292923 ], [ 145.378673030303048, -35.929592929292923 ], [ 145.874365656565658, -35.929592929292923 ], [ 145.874365656565658, -36.074457575757577 ], [ 145.874365656565658, -36.219322222222218 ], [ 145.874365656565658, -36.364186868686872 ], [ 145.874365656565658, -36.509051515151512 ], [ 145.874365656565658, -36.653916161616166 ], [ 145.874365656565658, -36.798780808080807 ], [ 145.874365656565658, -36.943645454545461 ], [ 145.874365656565658, -37.088510101010101 ], [ 145.874365656565658, -37.233374747474741 ], [ 145.378673030303048, -37.233374747474741 ], [ 144.882980404040438, -37.233374747474741 ], [ 144.882980404040438, -37.088510101010101 ] ] ], [ [ [ 144.3872877777778, -37.233374747474741 ], [ 143.89159515151519, -37.233374747474741 ], [ 143.89159515151519, -37.088510101010101 ], [ 143.89159515151519, -36.943645454545461 ], [ 143.89159515151519, -36.798780808080807 ], [ 143.89159515151519, -36.653916161616166 ], [ 143.89159515151519, -36.509051515151512 ], [ 143.89159515151519, -36.364186868686872 ], [ 143.89159515151519, -36.219322222222218 ], [ 143.89159515151519, -36.074457575757577 ], [ 143.89159515151519, -35.929592929292923 ], [ 144.3872877777778, -35.929592929292923 ], [ 144.88298040404041, -35.929592929292923 ], [ 144.88298040404041, -36.074457575757577 ], [ 144.88298040404041, -36.219322222222218 ], [ 144.88298040404041, -36.364186868686872 ], [ 144.88298040404041, -36.509051515151512 ], [ 144.88298040404041, -36.653916161616166 ], [ 144.88298040404041, -36.798780808080807 ], [ 144.88298040404041, -36.943645454545461 ], [ 144.88298040404041, -37.088510101010101 ], [ 144.88298040404041, -37.233374747474741 ], [ 144.3872877777778, -37.233374747474741 ] ] ], [ [ [ 143.395902525252552, -37.088510101010101 ], [ 143.395902525252552, -36.943645454545461 ], [ 143.395902525252552, -36.798780808080807 ], [ 143.395902525252552, -36.653916161616166 ], [ 143.395902525252552, -36.509051515151512 ], [ 143.395902525252552, -36.364186868686872 ], [ 143.395902525252552, -36.219322222222218 ], [ 143.395902525252552, -36.074457575757577 ], [ 143.395902525252552, -35.929592929292923 ], [ 143.891595151515162, -35.929592929292923 ], [ 143.891595151515162, -36.074457575757577 ], [ 143.891595151515162, -36.219322222222218 ], [ 143.891595151515162, -36.364186868686872 ], [ 143.891595151515162, -36.509051515151512 ], [ 143.891595151515162, -36.653916161616166 ], [ 143.891595151515162, -36.798780808080807 ], [ 143.891595151515162, -36.943645454545461 ], [ 143.891595151515162, -37.088510101010101 ], [ 143.891595151515162, -37.233374747474741 ], [ 143.395902525252552, -37.233374747474741 ], [ 143.395902525252552, -37.088510101010101 ] ] ], [ [ [ 142.404517272727304, -36.509051515151512 ], [ 142.404517272727304, -36.364186868686872 ], [ 142.404517272727304, -36.219322222222218 ], [ 142.404517272727304, -36.074457575757577 ], [ 142.900209898989914, -36.074457575757577 ], [ 143.395902525252524, -36.074457575757577 ], [ 143.395902525252524, -36.219322222222218 ], [ 143.395902525252524, -36.364186868686872 ], [ 143.395902525252524, -36.509051515151512 ], [ 143.395902525252524, -36.653916161616166 ], [ 143.395902525252524, -36.798780808080807 ], [ 143.395902525252524, -36.943645454545461 ], [ 143.395902525252524, -37.088510101010101 ], [ 142.900209898989914, -37.088510101010101 ], [ 142.404517272727304, -37.088510101010101 ], [ 142.404517272727304, -36.943645454545461 ], [ 142.404517272727304, -36.798780808080807 ], [ 142.404517272727304, -36.653916161616166 ], [ 142.404517272727304, -36.509051515151512 ] ] ], [ [ [ 141.413132020202056, -36.509051515151512 ], [ 141.413132020202056, -36.364186868686872 ], [ 141.908824646464666, -36.364186868686872 ], [ 142.404517272727276, -36.364186868686872 ], [ 142.404517272727276, -36.509051515151512 ], [ 142.404517272727276, -36.653916161616166 ], [ 142.404517272727276, -36.798780808080807 ], [ 142.404517272727276, -36.943645454545461 ], [ 142.404517272727276, -37.088510101010101 ], [ 141.908824646464666, -37.088510101010101 ], [ 141.908824646464666, -36.943645454545461 ], [ 141.413132020202056, -36.943645454545461 ], [ 141.413132020202056, -36.798780808080807 ], [ 141.413132020202056, -36.653916161616166 ], [ 141.413132020202056, -36.509051515151512 ] ] ], [ [ [ 140.421746767676808, -36.509051515151512 ], [ 140.917439393939418, -36.509051515151512 ], [ 141.413132020202028, -36.509051515151512 ], [ 141.413132020202028, -36.653916161616166 ], [ 141.413132020202028, -36.798780808080807 ], [ 141.413132020202028, -36.943645454545461 ], [ 140.917439393939418, -36.943645454545461 ], [ 140.917439393939418, -36.798780808080807 ], [ 140.421746767676808, -36.798780808080807 ], [ 140.421746767676808, -36.653916161616166 ], [ 140.421746767676808, -36.509051515151512 ] ] ], [ [ [ 140.42174676767678, -36.653916161616166 ], [ 140.42174676767678, -36.798780808080807 ], [ 139.92605414141417, -36.798780808080807 ], [ 139.92605414141417, -36.653916161616166 ], [ 139.92605414141417, -36.509051515151512 ], [ 140.42174676767678, -36.509051515151512 ], [ 140.42174676767678, -36.653916161616166 ] ] ], [ [ [ 144.88298040404041, -34.480946464646465 ], [ 144.88298040404041, -34.625811111111119 ], [ 144.88298040404041, -34.770675757575759 ], [ 144.88298040404041, -34.915540404040399 ], [ 144.88298040404041, -35.060405050505054 ], [ 144.3872877777778, -35.060405050505054 ], [ 144.3872877777778, -34.915540404040399 ], [ 144.3872877777778, -34.770675757575759 ], [ 144.3872877777778, -34.625811111111119 ], [ 143.89159515151519, -34.625811111111119 ], [ 143.89159515151519, -34.480946464646465 ], [ 144.3872877777778, -34.480946464646465 ], [ 144.88298040404041, -34.480946464646465 ] ] ], [ [ [ 145.874365656565686, -38.247427272727279 ], [ 145.874365656565686, -38.102562626262625 ], [ 145.874365656565686, -37.957697979797985 ], [ 145.874365656565686, -37.81283333333333 ], [ 145.874365656565686, -37.66796868686869 ], [ 145.874365656565686, -37.523104040404036 ], [ 145.874365656565686, -37.378239393939396 ], [ 146.370058282828296, -37.378239393939396 ], [ 146.370058282828296, -37.523104040404036 ], [ 146.865750909090906, -37.523104040404036 ], [ 146.865750909090906, -37.66796868686869 ], [ 146.865750909090906, -37.81283333333333 ], [ 146.865750909090906, -37.957697979797985 ], [ 146.865750909090906, -38.102562626262625 ], [ 146.370058282828296, -38.102562626262625 ], [ 146.370058282828296, -38.247427272727279 ], [ 145.874365656565686, -38.247427272727279 ] ] ], [ [ [ 145.874365656565686, -36.509051515151512 ], [ 145.874365656565686, -36.364186868686872 ], [ 145.874365656565686, -36.219322222222218 ], [ 145.874365656565686, -36.074457575757577 ], [ 145.874365656565686, -35.929592929292923 ], [ 146.370058282828296, -35.929592929292923 ], [ 146.865750909090906, -35.929592929292923 ], [ 146.865750909090906, -36.074457575757577 ], [ 146.865750909090906, -36.219322222222218 ], [ 146.865750909090906, -36.364186868686872 ], [ 146.865750909090906, -36.509051515151512 ], [ 146.865750909090906, -36.653916161616166 ], [ 146.865750909090906, -36.798780808080807 ], [ 146.865750909090906, -36.943645454545461 ], [ 146.865750909090906, -37.088510101010101 ], [ 146.370058282828296, -37.088510101010101 ], [ 146.370058282828296, -37.233374747474741 ], [ 145.874365656565686, -37.233374747474741 ], [ 145.874365656565686, -37.088510101010101 ], [ 145.874365656565686, -36.943645454545461 ], [ 145.874365656565686, -36.798780808080807 ], [ 145.874365656565686, -36.653916161616166 ], [ 145.874365656565686, -36.509051515151512 ] ] ], [ [ [ 145.874365656565686, -34.625811111111119 ], [ 145.874365656565686, -34.480946464646465 ], [ 146.370058282828296, -34.480946464646465 ], [ 146.865750909090906, -34.480946464646465 ], [ 146.865750909090906, -34.625811111111119 ], [ 146.865750909090906, -34.770675757575759 ], [ 146.865750909090906, -34.915540404040399 ], [ 146.865750909090906, -35.060405050505054 ], [ 146.865750909090906, -35.205269696969694 ], [ 146.865750909090906, -35.350134343434348 ], [ 146.865750909090906, -35.494998989898988 ], [ 146.865750909090906, -35.639863636363643 ], [ 146.370058282828296, -35.639863636363643 ], [ 146.370058282828296, -35.494998989898988 ], [ 145.874365656565686, -35.494998989898988 ], [ 145.874365656565686, -35.350134343434348 ], [ 145.874365656565686, -35.205269696969694 ], [ 145.874365656565686, -35.060405050505054 ], [ 145.874365656565686, -34.915540404040399 ], [ 145.874365656565686, -34.770675757575759 ], [ 145.874365656565686, -34.625811111111119 ] ] ], [ [ [ 144.882980404040438, -34.625811111111119 ], [ 144.882980404040438, -34.480946464646465 ], [ 145.378673030303048, -34.480946464646465 ], [ 145.874365656565658, -34.480946464646465 ], [ 145.874365656565658, -34.625811111111119 ], [ 145.874365656565658, -34.770675757575759 ], [ 145.874365656565658, -34.915540404040399 ], [ 145.874365656565658, -35.060405050505054 ], [ 145.874365656565658, -35.205269696969694 ], [ 145.874365656565658, -35.350134343434348 ], [ 145.378673030303048, -35.350134343434348 ], [ 144.882980404040438, -35.350134343434348 ], [ 144.882980404040438, -35.205269696969694 ], [ 144.882980404040438, -35.060405050505054 ], [ 144.882980404040438, -34.915540404040399 ], [ 144.882980404040438, -34.770675757575759 ], [ 144.882980404040438, -34.625811111111119 ] ] ], [ [ [ 146.865750909090906, -33.901487878787876 ], [ 146.865750909090906, -34.04635252525253 ], [ 146.370058282828296, -34.04635252525253 ], [ 146.370058282828296, -33.901487878787876 ], [ 145.874365656565686, -33.901487878787876 ], [ 145.874365656565686, -33.756623232323236 ], [ 145.874365656565686, -33.611758585858581 ], [ 145.874365656565686, -33.466893939393941 ], [ 145.874365656565686, -33.322029292929301 ], [ 145.874365656565686, -33.177164646464647 ], [ 145.874365656565686, -33.0323 ], [ 146.370058282828296, -33.0323 ], [ 146.370058282828296, -32.887435353535352 ], [ 146.865750909090906, -32.887435353535352 ], [ 146.865750909090906, -33.0323 ], [ 146.865750909090906, -33.177164646464647 ], [ 146.865750909090906, -33.322029292929301 ], [ 146.865750909090906, -33.466893939393941 ], [ 146.865750909090906, -33.611758585858581 ], [ 146.865750909090906, -33.756623232323236 ], [ 146.865750909090906, -33.901487878787876 ] ] ], [ [ [ 145.378673030303048, -33.756623232323236 ], [ 145.378673030303048, -33.611758585858581 ], [ 145.378673030303048, -33.466893939393941 ], [ 145.378673030303048, -33.322029292929301 ], [ 145.378673030303048, -33.177164646464647 ], [ 145.874365656565658, -33.177164646464647 ], [ 145.874365656565658, -33.322029292929301 ], [ 145.874365656565658, -33.466893939393941 ], [ 145.874365656565658, -33.611758585858581 ], [ 145.874365656565658, -33.756623232323236 ], [ 145.378673030303048, -33.756623232323236 ] ] ], [ [ [ 147.361443535353544, -37.66796868686869 ], [ 147.361443535353544, -37.81283333333333 ], [ 147.361443535353544, -37.957697979797985 ], [ 147.361443535353544, -38.102562626262625 ], [ 146.865750909090934, -38.102562626262625 ], [ 146.865750909090934, -37.957697979797985 ], [ 146.865750909090934, -37.81283333333333 ], [ 146.865750909090934, -37.66796868686869 ], [ 146.865750909090934, -37.523104040404036 ], [ 147.361443535353544, -37.523104040404036 ], [ 147.361443535353544, -37.66796868686869 ] ] ], [ [ [ 147.857136161616182, -37.66796868686869 ], [ 148.352828787878792, -37.66796868686869 ], [ 148.352828787878792, -37.81283333333333 ], [ 148.352828787878792, -37.957697979797985 ], [ 147.857136161616182, -37.957697979797985 ], [ 147.857136161616182, -38.102562626262625 ], [ 147.361443535353573, -38.102562626262625 ], [ 147.361443535353573, -37.957697979797985 ], [ 147.361443535353573, -37.81283333333333 ], [ 147.361443535353573, -37.66796868686869 ], [ 147.361443535353573, -37.523104040404036 ], [ 147.857136161616182, -37.523104040404036 ], [ 147.857136161616182, -37.66796868686869 ] ] ], [ [ [ 146.865750909090934, -35.929592929292923 ], [ 147.361443535353544, -35.929592929292923 ], [ 147.361443535353544, -36.074457575757577 ], [ 147.361443535353544, -36.219322222222218 ], [ 147.361443535353544, -36.364186868686872 ], [ 147.361443535353544, -36.509051515151512 ], [ 147.361443535353544, -36.653916161616166 ], [ 147.361443535353544, -36.798780808080807 ], [ 147.361443535353544, -36.943645454545461 ], [ 146.865750909090934, -36.943645454545461 ], [ 146.865750909090934, -36.798780808080807 ], [ 146.865750909090934, -36.653916161616166 ], [ 146.865750909090934, -36.509051515151512 ], [ 146.865750909090934, -36.364186868686872 ], [ 146.865750909090934, -36.219322222222218 ], [ 146.865750909090934, -36.074457575757577 ], [ 146.865750909090934, -35.929592929292923 ] ] ], [ [ [ 147.361443535353573, -36.219322222222218 ], [ 147.361443535353573, -36.074457575757577 ], [ 147.361443535353573, -35.929592929292923 ], [ 147.857136161616182, -35.929592929292923 ], [ 147.857136161616182, -36.074457575757577 ], [ 148.352828787878792, -36.074457575757577 ], [ 148.352828787878792, -36.219322222222218 ], [ 148.352828787878792, -36.364186868686872 ], [ 148.352828787878792, -36.509051515151512 ], [ 148.352828787878792, -36.653916161616166 ], [ 148.352828787878792, -36.798780808080807 ], [ 148.352828787878792, -36.943645454545461 ], [ 147.857136161616182, -36.943645454545461 ], [ 147.361443535353573, -36.943645454545461 ], [ 147.361443535353573, -36.798780808080807 ], [ 147.361443535353573, -36.653916161616166 ], [ 147.361443535353573, -36.509051515151512 ], [ 147.361443535353573, -36.364186868686872 ], [ 147.361443535353573, -36.219322222222218 ] ] ], [ [ [ 148.352828787878792, -35.350134343434348 ], [ 148.352828787878792, -35.494998989898988 ], [ 148.352828787878792, -35.639863636363643 ], [ 148.352828787878792, -35.784728282828283 ], [ 147.857136161616182, -35.784728282828283 ], [ 147.361443535353573, -35.784728282828283 ], [ 147.361443535353573, -35.639863636363643 ], [ 147.361443535353573, -35.494998989898988 ], [ 147.361443535353573, -35.350134343434348 ], [ 147.361443535353573, -35.205269696969694 ], [ 147.361443535353573, -35.060405050505054 ], [ 147.361443535353573, -34.915540404040399 ], [ 147.361443535353573, -34.770675757575759 ], [ 147.361443535353573, -34.625811111111119 ], [ 147.361443535353573, -34.480946464646465 ], [ 147.361443535353573, -34.336081818181825 ], [ 147.361443535353573, -34.19121717171717 ], [ 147.361443535353573, -34.04635252525253 ], [ 147.361443535353573, -33.901487878787876 ], [ 147.361443535353573, -33.756623232323236 ], [ 147.361443535353573, -33.611758585858581 ], [ 147.361443535353573, -33.466893939393941 ], [ 147.361443535353573, -33.322029292929301 ], [ 147.361443535353573, -33.177164646464647 ], [ 147.361443535353573, -33.0323 ], [ 147.361443535353573, -32.887435353535352 ], [ 147.857136161616182, -32.887435353535352 ], [ 147.857136161616182, -32.742570707070712 ], [ 147.857136161616182, -32.597706060606058 ], [ 148.352828787878792, -32.597706060606058 ], [ 148.352828787878792, -32.742570707070712 ], [ 148.352828787878792, -32.887435353535352 ], [ 148.352828787878792, -33.0323 ], [ 148.352828787878792, -33.177164646464647 ], [ 148.352828787878792, -33.322029292929301 ], [ 148.352828787878792, -33.466893939393941 ], [ 148.352828787878792, -33.611758585858581 ], [ 148.352828787878792, -33.756623232323236 ], [ 148.352828787878792, -33.901487878787876 ], [ 148.352828787878792, -34.04635252525253 ], [ 148.352828787878792, -34.19121717171717 ], [ 148.352828787878792, -34.336081818181825 ], [ 148.352828787878792, -34.480946464646465 ], [ 148.352828787878792, -34.625811111111119 ], [ 148.352828787878792, -34.770675757575759 ], [ 148.352828787878792, -34.915540404040399 ], [ 148.352828787878792, -35.060405050505054 ], [ 148.352828787878792, -35.205269696969694 ], [ 148.352828787878792, -35.350134343434348 ] ] ], [ [ [ 147.361443535353544, -35.639863636363643 ], [ 146.865750909090934, -35.639863636363643 ], [ 146.865750909090934, -35.494998989898988 ], [ 146.865750909090934, -35.350134343434348 ], [ 146.865750909090934, -35.205269696969694 ], [ 146.865750909090934, -35.060405050505054 ], [ 146.865750909090934, -34.915540404040399 ], [ 146.865750909090934, -34.770675757575759 ], [ 146.865750909090934, -34.625811111111119 ], [ 146.865750909090934, -34.480946464646465 ], [ 146.865750909090934, -34.336081818181825 ], [ 146.865750909090934, -34.19121717171717 ], [ 146.865750909090934, -34.04635252525253 ], [ 146.865750909090934, -33.901487878787876 ], [ 146.865750909090934, -33.756623232323236 ], [ 146.865750909090934, -33.611758585858581 ], [ 146.865750909090934, -33.466893939393941 ], [ 146.865750909090934, -33.322029292929301 ], [ 146.865750909090934, -33.177164646464647 ], [ 146.865750909090934, -33.0323 ], [ 146.865750909090934, -32.887435353535352 ], [ 147.361443535353544, -32.887435353535352 ], [ 147.361443535353544, -33.0323 ], [ 147.361443535353544, -33.177164646464647 ], [ 147.361443535353544, -33.322029292929301 ], [ 147.361443535353544, -33.466893939393941 ], [ 147.361443535353544, -33.611758585858581 ], [ 147.361443535353544, -33.756623232323236 ], [ 147.361443535353544, -33.901487878787876 ], [ 147.361443535353544, -34.04635252525253 ], [ 147.361443535353544, -34.19121717171717 ], [ 147.361443535353544, -34.336081818181825 ], [ 147.361443535353544, -34.480946464646465 ], [ 147.361443535353544, -34.625811111111119 ], [ 147.361443535353544, -34.770675757575759 ], [ 147.361443535353544, -34.915540404040399 ], [ 147.361443535353544, -35.060405050505054 ], [ 147.361443535353544, -35.205269696969694 ], [ 147.361443535353544, -35.350134343434348 ], [ 147.361443535353544, -35.494998989898988 ], [ 147.361443535353544, -35.639863636363643 ] ] ], [ [ [ 148.352828787878821, -37.81283333333333 ], [ 148.352828787878821, -37.66796868686869 ], [ 148.84852141414143, -37.66796868686869 ], [ 148.84852141414143, -37.81283333333333 ], [ 148.84852141414143, -37.957697979797985 ], [ 148.352828787878821, -37.957697979797985 ], [ 148.352828787878821, -37.81283333333333 ] ] ], [ [ [ 148.352828787878821, -36.219322222222218 ], [ 148.352828787878821, -36.074457575757577 ], [ 148.84852141414143, -36.074457575757577 ], [ 148.84852141414143, -36.219322222222218 ], [ 148.84852141414143, -36.364186868686872 ], [ 148.84852141414143, -36.509051515151512 ], [ 148.84852141414143, -36.653916161616166 ], [ 148.84852141414143, -36.798780808080807 ], [ 148.84852141414143, -36.943645454545461 ], [ 148.352828787878821, -36.943645454545461 ], [ 148.352828787878821, -36.798780808080807 ], [ 148.352828787878821, -36.653916161616166 ], [ 148.352828787878821, -36.509051515151512 ], [ 148.352828787878821, -36.364186868686872 ], [ 148.352828787878821, -36.219322222222218 ] ] ], [ [ [ 149.344214040404069, -36.364186868686872 ], [ 149.839906666666678, -36.364186868686872 ], [ 149.839906666666678, -36.509051515151512 ], [ 149.839906666666678, -36.653916161616166 ], [ 149.839906666666678, -36.798780808080807 ], [ 149.839906666666678, -36.943645454545461 ], [ 149.344214040404069, -36.943645454545461 ], [ 148.848521414141459, -36.943645454545461 ], [ 148.848521414141459, -36.798780808080807 ], [ 148.848521414141459, -36.653916161616166 ], [ 148.848521414141459, -36.509051515151512 ], [ 148.848521414141459, -36.364186868686872 ], [ 148.848521414141459, -36.219322222222218 ], [ 149.344214040404069, -36.219322222222218 ], [ 149.344214040404069, -36.364186868686872 ] ] ], [ [ [ 148.352828787878821, -35.060405050505054 ], [ 148.352828787878821, -34.915540404040399 ], [ 148.352828787878821, -34.770675757575759 ], [ 148.352828787878821, -34.625811111111119 ], [ 148.352828787878821, -34.480946464646465 ], [ 148.352828787878821, -34.336081818181825 ], [ 148.352828787878821, -34.19121717171717 ], [ 148.352828787878821, -34.04635252525253 ], [ 148.352828787878821, -33.901487878787876 ], [ 148.352828787878821, -33.756623232323236 ], [ 148.352828787878821, -33.611758585858581 ], [ 148.352828787878821, -33.466893939393941 ], [ 148.352828787878821, -33.322029292929301 ], [ 148.352828787878821, -33.177164646464647 ], [ 148.352828787878821, -33.0323 ], [ 148.352828787878821, -32.887435353535352 ], [ 148.352828787878821, -32.742570707070712 ], [ 148.352828787878821, -32.597706060606058 ], [ 148.352828787878821, -32.452841414141417 ], [ 148.84852141414143, -32.452841414141417 ], [ 148.84852141414143, -32.597706060606058 ], [ 148.84852141414143, -32.742570707070712 ], [ 148.84852141414143, -32.887435353535352 ], [ 148.84852141414143, -33.0323 ], [ 148.84852141414143, -33.177164646464647 ], [ 148.84852141414143, -33.322029292929301 ], [ 148.84852141414143, -33.466893939393941 ], [ 148.84852141414143, -33.611758585858581 ], [ 148.84852141414143, -33.756623232323236 ], [ 148.84852141414143, -33.901487878787876 ], [ 148.84852141414143, -34.04635252525253 ], [ 148.84852141414143, -34.19121717171717 ], [ 148.84852141414143, -34.336081818181825 ], [ 148.84852141414143, -34.480946464646465 ], [ 148.84852141414143, -34.625811111111119 ], [ 148.84852141414143, -34.770675757575759 ], [ 148.84852141414143, -34.915540404040399 ], [ 148.84852141414143, -35.060405050505054 ], [ 148.84852141414143, -35.205269696969694 ], [ 148.84852141414143, -35.350134343434348 ], [ 148.84852141414143, -35.494998989898988 ], [ 148.84852141414143, -35.639863636363643 ], [ 148.84852141414143, -35.784728282828283 ], [ 148.352828787878821, -35.784728282828283 ], [ 148.352828787878821, -35.639863636363643 ], [ 148.352828787878821, -35.494998989898988 ], [ 148.352828787878821, -35.350134343434348 ], [ 148.352828787878821, -35.205269696969694 ], [ 148.352828787878821, -35.060405050505054 ] ] ], [ [ [ 148.848521414141459, -34.770675757575759 ], [ 148.848521414141459, -34.625811111111119 ], [ 148.848521414141459, -34.480946464646465 ], [ 148.848521414141459, -34.336081818181825 ], [ 148.848521414141459, -34.19121717171717 ], [ 148.848521414141459, -34.04635252525253 ], [ 148.848521414141459, -33.901487878787876 ], [ 148.848521414141459, -33.756623232323236 ], [ 148.848521414141459, -33.611758585858581 ], [ 148.848521414141459, -33.466893939393941 ], [ 148.848521414141459, -33.322029292929301 ], [ 148.848521414141459, -33.177164646464647 ], [ 148.848521414141459, -33.0323 ], [ 148.848521414141459, -32.887435353535352 ], [ 148.848521414141459, -32.742570707070712 ], [ 148.848521414141459, -32.597706060606058 ], [ 148.848521414141459, -32.452841414141417 ], [ 149.344214040404069, -32.452841414141417 ], [ 149.839906666666678, -32.452841414141417 ], [ 149.839906666666678, -32.597706060606058 ], [ 149.839906666666678, -32.742570707070712 ], [ 149.839906666666678, -32.887435353535352 ], [ 149.839906666666678, -33.0323 ], [ 149.839906666666678, -33.177164646464647 ], [ 149.839906666666678, -33.322029292929301 ], [ 149.839906666666678, -33.466893939393941 ], [ 149.839906666666678, -33.611758585858581 ], [ 149.839906666666678, -33.756623232323236 ], [ 149.839906666666678, -33.901487878787876 ], [ 149.839906666666678, -34.04635252525253 ], [ 149.839906666666678, -34.19121717171717 ], [ 149.839906666666678, -34.336081818181825 ], [ 149.839906666666678, -34.480946464646465 ], [ 149.839906666666678, -34.625811111111119 ], [ 149.839906666666678, -34.770675757575759 ], [ 149.839906666666678, -34.915540404040399 ], [ 149.839906666666678, -35.060405050505054 ], [ 149.839906666666678, -35.205269696969694 ], [ 149.839906666666678, -35.350134343434348 ], [ 149.839906666666678, -35.494998989898988 ], [ 149.839906666666678, -35.639863636363643 ], [ 149.839906666666678, -35.784728282828283 ], [ 149.839906666666678, -35.929592929292923 ], [ 149.344214040404069, -35.929592929292923 ], [ 149.344214040404069, -35.784728282828283 ], [ 148.848521414141459, -35.784728282828283 ], [ 148.848521414141459, -35.639863636363643 ], [ 148.848521414141459, -35.494998989898988 ], [ 148.848521414141459, -35.350134343434348 ], [ 148.848521414141459, -35.205269696969694 ], [ 148.848521414141459, -35.060405050505054 ], [ 148.848521414141459, -34.915540404040399 ], [ 148.848521414141459, -34.770675757575759 ] ] ], [ [ [ 148.848521414141459, -30.569601010101014 ], [ 148.848521414141459, -30.424736363636367 ], [ 149.344214040404069, -30.424736363636367 ], [ 149.839906666666678, -30.424736363636367 ], [ 149.839906666666678, -30.569601010101014 ], [ 149.839906666666678, -30.714465656565661 ], [ 149.344214040404069, -30.714465656565661 ], [ 148.848521414141459, -30.714465656565661 ], [ 148.848521414141459, -30.569601010101014 ] ] ], [ [ [ 150.335599292929317, -36.364186868686872 ], [ 150.335599292929317, -36.509051515151512 ], [ 150.831291919191926, -36.509051515151512 ], [ 150.831291919191926, -36.653916161616166 ], [ 150.831291919191926, -36.798780808080807 ], [ 150.335599292929317, -36.798780808080807 ], [ 150.335599292929317, -36.943645454545461 ], [ 149.839906666666707, -36.943645454545461 ], [ 149.839906666666707, -36.798780808080807 ], [ 149.839906666666707, -36.653916161616166 ], [ 149.839906666666707, -36.509051515151512 ], [ 149.839906666666707, -36.364186868686872 ], [ 150.335599292929317, -36.364186868686872 ] ] ], [ [ [ 149.839906666666707, -35.350134343434348 ], [ 149.839906666666707, -35.205269696969694 ], [ 149.839906666666707, -35.060405050505054 ], [ 149.839906666666707, -34.915540404040399 ], [ 149.839906666666707, -34.770675757575759 ], [ 149.839906666666707, -34.625811111111119 ], [ 149.839906666666707, -34.480946464646465 ], [ 149.839906666666707, -34.336081818181825 ], [ 149.839906666666707, -34.19121717171717 ], [ 149.839906666666707, -34.04635252525253 ], [ 149.839906666666707, -33.901487878787876 ], [ 149.839906666666707, -33.756623232323236 ], [ 149.839906666666707, -33.611758585858581 ], [ 149.839906666666707, -33.466893939393941 ], [ 149.839906666666707, -33.322029292929301 ], [ 149.839906666666707, -33.177164646464647 ], [ 149.839906666666707, -33.0323 ], [ 149.839906666666707, -32.887435353535352 ], [ 149.839906666666707, -32.742570707070712 ], [ 149.839906666666707, -32.597706060606058 ], [ 149.839906666666707, -32.452841414141417 ], [ 150.335599292929317, -32.452841414141417 ], [ 150.831291919191926, -32.452841414141417 ], [ 150.831291919191926, -32.597706060606058 ], [ 150.831291919191926, -32.742570707070712 ], [ 150.831291919191926, -32.887435353535352 ], [ 150.831291919191926, -33.0323 ], [ 150.831291919191926, -33.177164646464647 ], [ 150.831291919191926, -33.322029292929301 ], [ 150.831291919191926, -33.466893939393941 ], [ 150.831291919191926, -33.611758585858581 ], [ 150.831291919191926, -33.756623232323236 ], [ 150.831291919191926, -33.901487878787876 ], [ 150.831291919191926, -34.04635252525253 ], [ 150.831291919191926, -34.19121717171717 ], [ 150.831291919191926, -34.336081818181825 ], [ 150.831291919191926, -34.480946464646465 ], [ 150.831291919191926, -34.625811111111119 ], [ 150.831291919191926, -34.770675757575759 ], [ 150.831291919191926, -34.915540404040399 ], [ 150.831291919191926, -35.060405050505054 ], [ 150.831291919191926, -35.205269696969694 ], [ 150.831291919191926, -35.350134343434348 ], [ 150.831291919191926, -35.494998989898988 ], [ 150.831291919191926, -35.639863636363643 ], [ 150.831291919191926, -35.784728282828283 ], [ 150.831291919191926, -35.929592929292923 ], [ 150.335599292929317, -35.929592929292923 ], [ 149.839906666666707, -35.929592929292923 ], [ 149.839906666666707, -35.784728282828283 ], [ 149.839906666666707, -35.639863636363643 ], [ 149.839906666666707, -35.494998989898988 ], [ 149.839906666666707, -35.350134343434348 ] ] ], [ [ [ 150.831291919191955, -33.611758585858581 ], [ 150.831291919191955, -33.466893939393941 ], [ 150.831291919191955, -33.322029292929301 ], [ 150.831291919191955, -33.177164646464647 ], [ 150.831291919191955, -33.0323 ], [ 150.831291919191955, -32.887435353535352 ], [ 150.831291919191955, -32.742570707070712 ], [ 150.831291919191955, -32.597706060606058 ], [ 150.831291919191955, -32.452841414141417 ], [ 151.326984545454565, -32.452841414141417 ], [ 151.822677171717174, -32.452841414141417 ], [ 151.822677171717174, -32.597706060606058 ], [ 151.822677171717174, -32.742570707070712 ], [ 151.822677171717174, -32.887435353535352 ], [ 151.822677171717174, -33.0323 ], [ 151.822677171717174, -33.177164646464647 ], [ 151.822677171717174, -33.322029292929301 ], [ 151.822677171717174, -33.466893939393941 ], [ 151.822677171717174, -33.611758585858581 ], [ 151.822677171717174, -33.756623232323236 ], [ 151.822677171717174, -33.901487878787876 ], [ 151.822677171717174, -34.04635252525253 ], [ 151.822677171717174, -34.19121717171717 ], [ 151.822677171717174, -34.336081818181825 ], [ 151.822677171717174, -34.480946464646465 ], [ 151.822677171717174, -34.625811111111119 ], [ 151.822677171717174, -34.770675757575759 ], [ 151.822677171717174, -34.915540404040399 ], [ 151.822677171717174, -35.060405050505054 ], [ 151.822677171717174, -35.205269696969694 ], [ 151.822677171717174, -35.350134343434348 ], [ 151.822677171717174, -35.494998989898988 ], [ 151.822677171717174, -35.639863636363643 ], [ 151.822677171717174, -35.784728282828283 ], [ 151.822677171717174, -35.929592929292923 ], [ 151.326984545454565, -35.929592929292923 ], [ 150.831291919191955, -35.929592929292923 ], [ 150.831291919191955, -35.784728282828283 ], [ 150.831291919191955, -35.639863636363643 ], [ 150.831291919191955, -35.494998989898988 ], [ 150.831291919191955, -35.350134343434348 ], [ 150.831291919191955, -35.205269696969694 ], [ 150.831291919191955, -35.060405050505054 ], [ 150.831291919191955, -34.915540404040399 ], [ 150.831291919191955, -34.770675757575759 ], [ 150.831291919191955, -34.625811111111119 ], [ 150.831291919191955, -34.480946464646465 ], [ 150.831291919191955, -34.336081818181825 ], [ 150.831291919191955, -34.19121717171717 ], [ 150.831291919191955, -34.04635252525253 ], [ 150.831291919191955, -33.901487878787876 ], [ 150.831291919191955, -33.756623232323236 ], [ 150.831291919191955, -33.611758585858581 ] ] ], [ [ [ 149.839906666666707, -30.424736363636367 ], [ 150.335599292929317, -30.424736363636367 ], [ 150.831291919191926, -30.424736363636367 ], [ 150.831291919191926, -30.569601010101014 ], [ 150.831291919191926, -30.714465656565658 ], [ 150.831291919191926, -30.714465656565661 ], [ 150.831291919191926, -30.859330303030305 ], [ 150.335599292929317, -30.859330303030305 ], [ 150.335599292929317, -30.714465656565661 ], [ 149.839906666666707, -30.714465656565661 ], [ 149.839906666666707, -30.569601010101014 ], [ 149.839906666666707, -30.424736363636367 ] ] ], [ [ [ 152.318369797979841, -35.639863636363643 ], [ 152.318369797979841, -35.494998989898988 ], [ 152.318369797979841, -35.350134343434348 ], [ 152.318369797979841, -35.205269696969694 ], [ 152.318369797979841, -35.060405050505054 ], [ 152.318369797979841, -34.915540404040399 ], [ 152.318369797979841, -34.770675757575759 ], [ 152.318369797979841, -34.625811111111119 ], [ 152.318369797979841, -34.480946464646465 ], [ 152.318369797979841, -34.336081818181825 ], [ 152.318369797979841, -34.19121717171717 ], [ 152.318369797979841, -34.04635252525253 ], [ 152.318369797979841, -33.901487878787876 ], [ 152.318369797979841, -33.756623232323236 ], [ 152.318369797979841, -33.611758585858581 ], [ 152.318369797979841, -33.466893939393941 ], [ 152.318369797979841, -33.322029292929301 ], [ 152.318369797979841, -33.177164646464647 ], [ 152.318369797979841, -33.0323 ], [ 152.318369797979841, -32.887435353535352 ], [ 152.318369797979841, -32.742570707070712 ], [ 152.318369797979841, -32.597706060606058 ], [ 152.814062424242451, -32.597706060606058 ], [ 153.309755050505061, -32.597706060606058 ], [ 153.309755050505061, -32.742570707070712 ], [ 153.309755050505061, -32.887435353535352 ], [ 153.309755050505061, -33.0323 ], [ 153.309755050505061, -33.177164646464647 ], [ 153.309755050505061, -33.322029292929301 ], [ 153.309755050505061, -33.466893939393941 ], [ 153.309755050505061, -33.611758585858581 ], [ 153.309755050505061, -33.756623232323236 ], [ 153.309755050505061, -33.901487878787876 ], [ 153.309755050505061, -34.04635252525253 ], [ 153.309755050505061, -34.19121717171717 ], [ 153.309755050505061, -34.336081818181825 ], [ 153.309755050505061, -34.480946464646465 ], [ 153.309755050505061, -34.625811111111119 ], [ 153.309755050505061, -34.770675757575759 ], [ 153.309755050505061, -34.915540404040399 ], [ 153.309755050505061, -35.060405050505054 ], [ 153.309755050505061, -35.205269696969694 ], [ 153.309755050505061, -35.350134343434348 ], [ 153.309755050505061, -35.494998989898988 ], [ 153.309755050505061, -35.639863636363643 ], [ 152.814062424242451, -35.639863636363643 ], [ 152.814062424242451, -35.784728282828283 ], [ 152.318369797979841, -35.784728282828283 ], [ 152.318369797979841, -35.639863636363643 ] ] ], [ [ [ 151.822677171717203, -35.060405050505054 ], [ 151.822677171717203, -34.915540404040399 ], [ 151.822677171717203, -34.770675757575759 ], [ 151.822677171717203, -34.625811111111119 ], [ 151.822677171717203, -34.480946464646465 ], [ 151.822677171717203, -34.336081818181825 ], [ 151.822677171717203, -34.19121717171717 ], [ 151.822677171717203, -34.04635252525253 ], [ 151.822677171717203, -33.901487878787876 ], [ 151.822677171717203, -33.756623232323236 ], [ 151.822677171717203, -33.611758585858581 ], [ 151.822677171717203, -33.466893939393941 ], [ 151.822677171717203, -33.322029292929301 ], [ 151.822677171717203, -33.177164646464647 ], [ 151.822677171717203, -33.0323 ], [ 151.822677171717203, -32.887435353535352 ], [ 151.822677171717203, -32.742570707070712 ], [ 151.822677171717203, -32.597706060606058 ], [ 151.822677171717203, -32.452841414141417 ], [ 152.318369797979813, -32.452841414141417 ], [ 152.318369797979813, -32.597706060606058 ], [ 152.318369797979813, -32.742570707070712 ], [ 152.318369797979813, -32.887435353535352 ], [ 152.318369797979813, -33.0323 ], [ 152.318369797979813, -33.177164646464647 ], [ 152.318369797979813, -33.322029292929301 ], [ 152.318369797979813, -33.466893939393941 ], [ 152.318369797979813, -33.611758585858581 ], [ 152.318369797979813, -33.756623232323236 ], [ 152.318369797979813, -33.901487878787876 ], [ 152.318369797979813, -34.04635252525253 ], [ 152.318369797979813, -34.19121717171717 ], [ 152.318369797979813, -34.336081818181825 ], [ 152.318369797979813, -34.480946464646465 ], [ 152.318369797979813, -34.625811111111119 ], [ 152.318369797979813, -34.770675757575759 ], [ 152.318369797979813, -34.915540404040399 ], [ 152.318369797979813, -35.060405050505054 ], [ 152.318369797979813, -35.205269696969694 ], [ 152.318369797979813, -35.350134343434348 ], [ 152.318369797979813, -35.494998989898988 ], [ 152.318369797979813, -35.639863636363643 ], [ 152.318369797979813, -35.784728282828283 ], [ 151.822677171717203, -35.784728282828283 ], [ 151.822677171717203, -35.639863636363643 ], [ 151.822677171717203, -35.494998989898988 ], [ 151.822677171717203, -35.350134343434348 ], [ 151.822677171717203, -35.205269696969694 ], [ 151.822677171717203, -35.060405050505054 ] ] ], [ [ [ 150.831291919191955, -30.569601010101014 ], [ 151.326984545454565, -30.569601010101014 ], [ 151.326984545454565, -30.714465656565661 ], [ 150.831291919191955, -30.714465656565661 ], [ 150.831291919191955, -30.569601010101014 ] ] ], [ [ [ 153.309755050505089, -34.336081818181825 ], [ 153.309755050505089, -34.19121717171717 ], [ 153.309755050505089, -34.04635252525253 ], [ 153.309755050505089, -33.901487878787876 ], [ 153.309755050505089, -33.756623232323236 ], [ 153.309755050505089, -33.611758585858581 ], [ 153.309755050505089, -33.466893939393941 ], [ 153.309755050505089, -33.322029292929301 ], [ 153.309755050505089, -33.177164646464647 ], [ 153.309755050505089, -33.0323 ], [ 153.309755050505089, -32.887435353535352 ], [ 153.309755050505089, -32.742570707070712 ], [ 153.309755050505089, -32.597706060606058 ], [ 153.805447676767699, -32.597706060606058 ], [ 153.805447676767699, -32.742570707070712 ], [ 154.301140303030309, -32.742570707070712 ], [ 154.301140303030309, -32.887435353535352 ], [ 154.301140303030309, -33.0323 ], [ 154.301140303030309, -33.177164646464647 ], [ 154.301140303030309, -33.322029292929301 ], [ 154.301140303030309, -33.466893939393941 ], [ 154.301140303030309, -33.611758585858581 ], [ 154.301140303030309, -33.756623232323236 ], [ 154.301140303030309, -33.901487878787876 ], [ 154.301140303030309, -34.04635252525253 ], [ 154.301140303030309, -34.19121717171717 ], [ 154.301140303030309, -34.336081818181825 ], [ 154.301140303030309, -34.480946464646465 ], [ 154.301140303030309, -34.625811111111119 ], [ 154.301140303030309, -34.770675757575759 ], [ 154.301140303030309, -34.915540404040399 ], [ 154.301140303030309, -35.060405050505054 ], [ 153.805447676767699, -35.060405050505054 ], [ 153.805447676767699, -35.205269696969694 ], [ 153.309755050505089, -35.205269696969694 ], [ 153.309755050505089, -35.060405050505054 ], [ 153.309755050505089, -34.915540404040399 ], [ 153.309755050505089, -34.770675757575759 ], [ 153.309755050505089, -34.625811111111119 ], [ 153.309755050505089, -34.480946464646465 ], [ 153.309755050505089, -34.336081818181825 ] ] ], [ [ [ 154.301140303030337, -33.756623232323236 ], [ 154.301140303030337, -33.611758585858581 ], [ 154.301140303030337, -33.466893939393941 ], [ 154.301140303030337, -33.322029292929301 ], [ 154.301140303030337, -33.177164646464647 ], [ 154.301140303030337, -33.0323 ], [ 154.301140303030337, -32.887435353535352 ], [ 154.796832929292947, -32.887435353535352 ], [ 154.796832929292947, -33.0323 ], [ 154.796832929292947, -33.177164646464647 ], [ 154.796832929292947, -33.322029292929301 ], [ 154.796832929292947, -33.466893939393941 ], [ 154.796832929292947, -33.611758585858581 ], [ 155.292525555555557, -33.611758585858581 ], [ 155.292525555555557, -33.756623232323236 ], [ 155.292525555555557, -33.901487878787876 ], [ 155.292525555555557, -34.04635252525253 ], [ 155.292525555555557, -34.19121717171717 ], [ 155.292525555555557, -34.336081818181825 ], [ 154.796832929292947, -34.336081818181825 ], [ 154.796832929292947, -34.480946464646465 ], [ 154.301140303030337, -34.480946464646465 ], [ 154.301140303030337, -34.336081818181825 ], [ 154.301140303030337, -34.19121717171717 ], [ 154.301140303030337, -34.04635252525253 ], [ 154.301140303030337, -33.901487878787876 ], [ 154.301140303030337, -33.756623232323236 ] ] ], [ [ [ 155.292525555555585, -34.04635252525253 ], [ 155.292525555555585, -33.901487878787876 ], [ 155.788218181818195, -33.901487878787876 ], [ 155.788218181818195, -34.04635252525253 ], [ 155.788218181818195, -34.19121717171717 ], [ 155.788218181818195, -34.336081818181825 ], [ 155.292525555555585, -34.336081818181825 ], [ 155.292525555555585, -34.19121717171717 ], [ 155.292525555555585, -34.04635252525253 ] ] ] ] } }
]
}
