{
"type": "FeatureCollection",
"name": "Corvus_macrorhynchos_points",
"crs": { "type": "name", "properties": { "name": "urn:ogc:def:crs:OGC:1.3:CRS84" } },
"features": [
{ "type": "Feature", "properties": { "decimalLatitude": 37.9771, "decimalLongitude": 127.2766, "month": 1, "species_sci": "Corvus macrorhynchos", "species_com": "Large-billed Crow / Hashibutogarasu" }, "geometry": { "type": "Point", "coordinates": [ 127.2766, 37.9771 ] } },
{ "type": "Feature", "properties": { "decimalLatitude": 32.7451, "decimalLongitude": 129.883, "month": 1, "species_sci": "Corvus macrorhynchos", "species_com": "Large-billed Crow / Hashibutogarasu" }, "geometry": { "type": "Point", "coordinates": [ 129.883, 32.7451 ] } },
{ "type": "Feature", "properties": { "decimalLatitude": 8.4257, "decimalLongitude": 80.0226, "month": 1, "species_sci": "Corvus macrorhynchos", "species_com": "Large-billed Crow / Hashibutogarasu" }, "geometry": { "type": "Point", "coordinates": [ 80.0226, 8.4257 ] } },
{ "type": "Feature", "properties": { "decimalLatitude": 22.2755, "decimalLongitude": 114.1455, "month": 1, "species_sci": "Corvus macrorhynchos", "species_com": "Large-billed Crow / Hashibutogarasu" }, "geometry": { "type": "Point", "coordinates": [ 114.1455, 22.2755 ] } },
{ "type": "Feature", "properties": { "decimalLatitude": 37.9768, "decimalLongitude": 127.2757, "month": 1, "species_sci": "Corvus macrorhynchos", "species_com": "Large-billed Crow / Hashibutogarasu" }, "geometry": { "type": "Point", "coordinates": [ 127.2757, 37.9768 ] } },
{ "type": "Feature", "properties": { "decimalLatitude": 35.6608, "decimalLongitude": 139.7551, "month": 1, "species_sci": "Corvus macrorhynchos", "species_com": "Large-billed Crow / Hashibutogarasu" }, "geometry": { "type": "Point", "coordinates": [ 139.7551, 35.6608 ] } },
{ "type": "Feature", "properties": { "decimalLatitude": 37.9771, "decimalLongitude": 127.2767, "month": 1, "species_sci": "Corvus macrorhynchos", "species_com": "Large-billed Crow / Hashibutogarasu" }, "geometry": { "type": "Point", "coordinates": [ 127.2767, 37.9771 ] } },
{ "type": "Feature", "properties": { "decimalLatitude": 24.4551, "decimalLongitude": 118.3982, "month": 1, "species_sci": "Corvus macrorhynchos", "species_com": "Large-billed Crow / Hashibutogarasu" }, "geometry": { "type": "Point", "coordinates": [ 118.3982, 24.4551 ] } },
{ "type": "Feature", "properties": { "decimalLatitude": 37.9768, "decimalLongitude": 127.2757, "month": 1, "species_sci": "Corvus macrorhynchos", "species_com": "Large-billed Crow / Hashibutogarasu" }, "geometry": { "type": "Point", "coordinates": [ 127.2757, 37.9768 ] } },
{ "type": "Feature", "properties": { "decimalLatitude": 38.2691, "decimalLongitude": 140.8505, "month": 1, "species_sci": "Corvus macrorhynchos", "species_com": "Large-billed Crow / Hashibutogarasu" }, "geometry": { "type": "Point", "coordinates": [ 140.8505, 38.2691 ] } },
{ "type": "Feature", "properties": { "decimalLatitude": 28.2396, "decimalLongitude": 84.374, "month": 1, "species_sci": "Corvus macrorhynchos", "species_com": "Large-billed Crow / Hashibutogarasu" }, "geometry": { "type": "Point", "coordinates": [ 84.374, 28.2396 ] } },
{ "type": "Feature", "properties": { "decimalLatitude": 35.1106, "decimalLongitude": 127.0801, "month": 1, "species_sci": "Corvus macrorhynchos", "species_com": "Large-billed Crow / Hashibutogarasu" }, "geometry": { "type": "Point", "coordinates": [ 127.0801, 35.1106 ] } },
{ "type": "Feature", "properties": { "decimalLatitude": 32.1058, "decimalLongitude": 130.2769, "month": 1, "species_sci": "Corvus macrorhynchos", "species_com": "Large-billed Crow / Hashibutogarasu" }, "geometry": { "type": "Point", "coordinates": [ 130.2769, 32.1058 ] } },
{ "type": "Feature", "properties": { "decimalLatitude": 37.9753, "decimalLongitude": 127.2725, "month": 1, "species_sci": "Corvus macrorhynchos", "species_com": "Large-billed Crow / Hashibutogarasu" }, "geometry": { "type": "Point", "coordinates": [ 127.2725, 37.9753 ] } },
{ "type": "Feature", "properties": { "decimalLatitude": 7.2462, "decimalLongitude": 79.8446, "month": 1, "species_sci": "Corvus macrorhynchos", "species_com": "Large-billed Crow / Hashibutogarasu" }, "geometry": { "type": "Point", "coordinates": [ 79.8446, 7.2462 ] } },
{ "type": "Feature", "properties": { "decimalLatitude": 42.9651, "decimalLongitude": 131.9019, "month": 1, "species_sci": "Corvus macrorhynchos", "species_com": "Large-billed Crow / Hashibutogarasu" }, "geometry": { "type": "Point", "coordinates": [ 131.9019, 42.9651 ] } },
{ "type": "Feature", "properties": { "decimalLatitude": 13.8066, "decimalLongitude": 100.5542, "month": 1, "species_sci": "Corvus macrorhynchos", "species_com": "Large-billed Crow / Hashibutogarasu" }, "geometry": { "type": "Point", "coordinates": [ 100.5542, 13.8066 ] } },
{ "type": "Feature", "properties": { "decimalLatitude": 12.4213, "decimalLongitude": 99.8908, "month": 1, "species_sci": "Corvus macrorhynchos", "species_com": "Large-billed Crow / Hashibutogarasu" }, "geometry": { "type": "Point", "coordinates": [ 99.8908, 12.4213 ] } },
{ "type": "Feature", "properties": { "decimalLatitude": 35.6738, "decimalLongitude": 139.7549, "month": 1, "species_sci": "Corvus macrorhynchos", "species_com": "Large-billed Crow / Hashibutogarasu" }, "geometry": { "type": "Point", "coordinates": [ 139.7549, 35.6738 ] } },
{ "type": "Feature", "properties": { "decimalLatitude": 37.9772, "decimalLongitude": 127.2765, "month": 1, "species_sci": "Corvus macrorhynchos", "species_com": "Large-billed Crow / Hashibutogarasu" }, "geometry": { "type": "Point", "coordinates": [ 127.2765, 37.9772 ] } },
{ "type": "Feature", "properties": { "decimalLatitude": 6.9697, "decimalLongitude": 80.7755, "month": 1, "species_sci": "Corvus macrorhynchos", "species_com": "Large-billed Crow / Hashibutogarasu" }, "geometry": { "type": "Point", "coordinates": [ 80.7755, 6.9697 ] } },
{ "type": "Feature", "properties": { "decimalLatitude": 35.6816, "decimalLongitude": 139.7638, "month": 1, "species_sci": "Corvus macrorhynchos", "species_com": "Large-billed Crow / Hashibutogarasu" }, "geometry": { "type": "Point", "coordinates": [ 139.7638, 35.6816 ] } },
{ "type": "Feature", "properties": { "decimalLatitude": 35.6813, "decimalLongitude": 139.7654, "month": 1, "species_sci": "Corvus macrorhynchos", "species_com": "Large-billed Crow / Hashibutogarasu" }, "geometry": { "type": "Point", "coordinates": [ 139.7654, 35.6813 ] } },
{ "type": "Feature", "properties": { "decimalLatitude": 37.9768, "decimalLongitude": 127.2752, "month": 1, "species_sci": "Corvus macrorhynchos", "species_com": "Large-billed Crow / Hashibutogarasu" }, "geometry": { "type": "Point", "coordinates": [ 127.2752, 37.9768 ] } },
{ "type": "Feature", "properties": { "decimalLatitude": 25.9445, "decimalLongitude": 76.4518, "month": 1, "species_sci": "Corvus macrorhynchos", "species_com": "Large-billed Crow / Hashibutogarasu" }, "geometry": { "type": "Point", "coordinates": [ 76.4518, 25.9445 ] } },
{ "type": "Feature", "properties": { "decimalLatitude": 37.6381, "decimalLongitude": 127.0592, "month": 1, "species_sci": "Corvus macrorhynchos", "species_com": "Large-billed Crow / Hashibutogarasu" }, "geometry": { "type": "Point", "coordinates": [ 127.0592, 37.6381 ] } },
{ "type": "Feature", "properties": { "decimalLatitude": 24.5453, "decimalLongitude": 123.9858, "month": 1, "species_sci": "Corvus macrorhynchos", "species_com": "Large-billed Crow / Hashibutogarasu" }, "geometry": { "type": "Point", "coordinates": [ 123.9858, 24.5453 ] } },
{ "type": "Feature", "properties": { "decimalLatitude": 33.356, "decimalLongitude": 126.4975, "month": 1, "species_sci": "Corvus macrorhynchos", "species_com": "Large-billed Crow / Hashibutogarasu" }, "geometry": { "type": "Point", "coordinates": [ 126.4975, 33.356 ] } },
{ "type": "Feature", "properties": { "decimalLatitude": 29.473, "decimalLongitude": 79.3838, "month": 1, "species_sci": "Corvus macrorhynchos", "species_com": "Large-billed Crow / Hashibutogarasu" }, "geometry": { "type": "Point", "coordinates": [ 79.3838, 29.473 ] } },
{ "type": "Feature", "properties": { "decimalLatitude": 12.5235, "decimalLongitude": 106.0148, "month": 1, "species_sci": "Corvus macrorhynchos", "species_com": "Large-billed Crow / Hashibutogarasu" }, "geometry": { "type": "Point", "coordinates": [ 106.0148, 12.5235 ] } },
{ "type": "Feature", "properties": { "decimalLatitude": 37.9771, "decimalLongitude": 127.2767, "month": 1, "species_sci": "Corvus macrorhynchos", "species_com": "Large-billed Crow / Hashibutogarasu" }, "geometry": { "type": "Point", "coordinates": [ 127.2767, 37.9771 ] } },
{ "type": "Feature", "properties": { "decimalLatitude": 35.6657, "decimalLongitude": 139.758, "month": 1, "species_sci": "Corvus macrorhynchos", "species_com": "Large-billed Crow / Hashibutogarasu" }, "geometry": { "type": "Point", "coordinates": [ 139.758, 35.6657 ] } },
{ "type": "Feature", "properties": { "decimalLatitude": 37.9766, "decimalLongitude": 127.2768, "month": 1, "species_sci": "Corvus macrorhynchos", "species_com": "Large-billed Crow / Hashibutogarasu" }, "geometry": { "type": "Point", "coordinates": [ 127.2768, 37.9766 ] } },
{ "type": "Feature", "properties": { "decimalLatitude": 43.2285, "decimalLongitude": 144.3247, "month": 1, "species_sci": "Corvus macrorhynchos", "species_com": "Large-billed Crow / Hashibutogarasu" }, "geometry": { "type": "Point", "coordinates": [ 144.3247, 43.2285 ] } },
{ "type": "Feature", "properties": { "decimalLatitude": 13.8116, "decimalLongitude": 100.5567, "month": 1, "species_sci": "Corvus macrorhynchos", "species_com": "Large-billed Crow / Hashibutogarasu" }, "geometry": { "type": "Point", "coordinates": [ 100.5567, 13.8116 ] } },
{ "type": "Feature", "properties": { "decimalLatitude": 35.7905, "decimalLongitude": 140.3586, "month": 1, "species_sci": "Corvus macrorhynchos", "species_com": "Large-billed Crow / Hashibutogarasu" }, "geometry": { "type": "Point", "coordinates": [ 140.3586, 35.7905 ] } },
{ "type": "Feature", "properties": { "decimalLatitude": 43.6233, "decimalLongitude": 132.2296, "month": 1, "species_sci": "Corvus macrorhynchos", "species_com": "Large-billed Crow / Hashibutogarasu" }, "geometry": { "type": "Point", "coordinates": [ 132.2296, 43.6233 ] } },
{ "type": "Feature", "properties": { "decimalLatitude": 13.519, "decimalLongitude": 100.6475, "month": 1, "species_sci": "Corvus macrorhynchos", "species_com": "Large-billed Crow / Hashibutogarasu" }, "geometry": { "type": "Point", "coordinates": [ 100.6475, 13.519 ] } },
{ "type": "Feature", "properties": { "decimalLatitude": 13.8028, "decimalLongitude": 100.5528, "month": 1, "species_sci": "Corvus macrorhynchos", "species_com": "Large-billed Crow / Hashibutogarasu" }, "geometry": { "type": "Point", "coordinates": [ 100.5528, 13.8028 ] } },
{ "type": "Feature", "properties": { "decimalLatitude": 37.9743, "decimalLongitude": 127.2739, "month": 1, "species_sci": "Corvus macrorhynchos", "species_com": "Large-billed Crow / Hashibutogarasu" }, "geometry": { "type": "Point", "coordinates": [ 127.2739, 37.9743 ] } },
{ "type": "Feature", "properties": { "decimalLatitude": 26.6098, "decimalLongitude": 128.3372, "month": 1, "species_sci": "Corvus macrorhynchos", "species_com": "Large-billed Crow / Hashibutogarasu" }, "geometry": { "type": "Point", "coordinates": [ 128.3372, 26.6098 ] } },
{ "type": "Feature", "properties": { "decimalLatitude": 35.7123, "decimalLongitude": 139.7716, "month": 1, "species_sci": "Corvus macrorhynchos", "species_com": "Large-billed Crow / Hashibutogarasu" }, "geometry": { "type": "Point", "coordinates": [ 139.7716, 35.7123 ] } },
{ "type": "Feature", "properties": { "decimalLatitude": 13.7571, "decimalLongitude": 100.4944, "month": 1, "species_sci": "Corvus macrorhynchos", "species_com": "Large-billed Crow / Hashibutogarasu" }, "geometry": { "type": "Point", "coordinates": [ 100.4944, 13.7571 ] } },
{ "type": "Feature", "properties": { "decimalLatitude": 35.6634, "decimalLongitude": 139.7622, "month": 1, "species_sci": "Corvus macrorhynchos", "species_com": "Large-billed Crow / Hashibutogarasu" }, "geometry": { "type": "Point", "coordinates": [ 139.7622, 35.6634 ] } },
{ "type": "Feature", "properties": { "decimalLatitude": 34.9688, "decimalLongitude": 135.7852, "month": 1, "species_sci": "Corvus macrorhynchos", "species_com": "Large-billed Crow / Hashibutogarasu" }, "geometry": { "type": "Point", "coordinates": [ 135.7852, 34.9688 ] } },
{ "type": "Feature", "properties": { "decimalLatitude": 35.6412, "decimalLongitude": 139.8607, "month": 1, "species_sci": "Corvus macrorhynchos", "species_com": "Large-billed Crow / Hashibutogarasu" }, "geometry": { "type": "Point", "coordinates": [ 139.8607, 35.6412 ] } },
{ "type": "Feature", "properties": { "decimalLatitude": 13.7262, "decimalLongitude": 100.5551, "month": 1, "species_sci": "Corvus macrorhynchos", "species_com": "Large-billed Crow / Hashibutogarasu" }, "geometry": { "type": "Point", "coordinates": [ 100.5551, 13.7262 ] } },
{ "type": "Feature", "properties": { "decimalLatitude": 8.8543, "decimalLongitude": 98.354, "month": 1, "species_sci": "Corvus macrorhynchos", "species_com": "Large-billed Crow / Hashibutogarasu" }, "geometry": { "type": "Point", "coordinates": [ 98.354, 8.8543 ] } },
{ "type": "Feature", "properties": { "decimalLatitude": 37.9772, "decimalLongitude": 127.2766, "month": 1, "species_sci": "Corvus macrorhynchos", "species_com": "Large-billed Crow / Hashibutogarasu" }, "geometry": { "type": "Point", "coordinates": [ 127.2766, 37.9772 ] } },
{ "type": "Feature", "properties": { "decimalLatitude": 33.3907, "decimalLongitude": 126.4862, "month": 1, "species_sci": "Corvus macrorhynchos", "species_com": "Large-billed Crow / Hashibutogarasu" }, "geometry": { "type": "Point", "coordinates": [ 126.4862, 33.3907 ] } },
{ "type": "Feature", "properties": { "decimalLatitude": 35.6739, "decimalLongitude": 139.755, "month": 1, "species_sci": "Corvus macrorhynchos", "species_com": "Large-billed Crow / Hashibutogarasu" }, "geometry": { "type": "Point", "coordinates": [ 139.755, 35.6739 ] } },
{ "type": "Feature", "properties": { "decimalLatitude": 36.1072, "decimalLongitude": 140.1024, "month": 1, "species_sci": "Corvus macrorhynchos", "species_com": "Large-billed Crow / Hashibutogarasu" }, "geometry": { "type": "Point", "coordinates": [ 140.1024, 36.1072 ] } },
{ "type": "Feature", "properties": { "decimalLatitude": 23.9532, "decimalLongitude": 121.1792, "month": 1, "species_sci": "Corvus macrorhynchos", "species_com": "Large-billed Crow / Hashibutogarasu" }, "geometry": { "type": "Point", "coordinates": [ 121.1792, 23.9532 ] } },
{ "type": "Feature", "properties": { "decimalLatitude": 43.4559, "decimalLongitude": 141.9733, "month": 1, "species_sci": "Corvus macrorhynchos", "species_com": "Large-billed Crow / Hashibutogarasu" }, "geometry": { "type": "Point", "coordinates": [ 141.9733, 43.4559 ] } },
{ "type": "Feature", "properties": { "decimalLatitude": 37.9745, "decimalLongitude": 127.2733, "month": 1, "species_sci": "Corvus macrorhynchos", "species_com": "Large-billed Crow / Hashibutogarasu" }, "geometry": { "type": "Point", "coordinates": [ 127.2733, 37.9745 ] } },
{ "type": "Feature", "properties": { "decimalLatitude": 6.8851, "decimalLongitude": 79.9486, "month": 1, "species_sci": "Corvus macrorhynchos", "species_com": "Large-billed Crow / Hashibutogarasu" }, "geometry": { "type": "Point", "coordinates": [ 79.9486, 6.8851 ] } },
{ "type": "Feature", "properties": { "decimalLatitude": 30.365, "decimalLongitude": 120.0, "month": 1, "species_sci": "Corvus macrorhynchos", "species_com": "Large-billed Crow / Hashibutogarasu" }, "geometry": { "type": "Point", "coordinates": [ 120.0, 30.365 ] } },
{ "type": "Feature", "properties": { "decimalLatitude": 35.2063, "decimalLongitude": 129.227, "month": 1, "species_sci": "Corvus macrorhynchos", "species_com": "Large-billed Crow / Hashibutogarasu" }, "geometry": { "type": "Point", "coordinates": [ 129.227, 35.2063 ] } },
{ "type": "Feature", "properties": { "decimalLatitude": 37.9766, "decimalLongitude": 127.2755, "month": 1, "species_sci": "Corvus macrorhynchos", "species_com": "Large-billed Crow / Hashibutogarasu" }, "geometry": { "type": "Point", "coordinates": [ 127.2755, 37.9766 ] } },
{ "type": "Feature", "properties": { "decimalLatitude": 33.2694, "decimalLongitude": 126.2387, "month": 1, "species_sci": "Corvus macrorhynchos", "species_com": "Large-billed Crow / Hashibutogarasu" }, "geometry": { "type": "Point", "coordinates": [ 126.2387, 33.2694 ] } },
{ "type": "Feature", "properties": { "decimalLatitude": 40.5112, "decimalLongitude": 117.1891, "month": 1, "species_sci": "Corvus macrorhynchos", "species_com": "Large-billed Crow / Hashibutogarasu" }, "geometry": { "type": "Point", "coordinates": [ 117.1891, 40.5112 ] } },
{ "type": "Feature", "properties": { "decimalLatitude": 24.8361, "decimalLongitude": 121.2804, "month": 1, "species_sci": "Corvus macrorhynchos", "species_com": "Large-billed Crow / Hashibutogarasu" }, "geometry": { "type": "Point", "coordinates": [ 121.2804, 24.8361 ] } },
{ "type": "Feature", "properties": { "decimalLatitude": 35.7886, "decimalLongitude": 140.3636, "month": 1, "species_sci": "Corvus macrorhynchos", "species_com": "Large-billed Crow / Hashibutogarasu" }, "geometry": { "type": "Point", "coordinates": [ 140.3636, 35.7886 ] } },
{ "type": "Feature", "properties": { "decimalLatitude": 37.9771, "decimalLongitude": 127.2764, "month": 1, "species_sci": "Corvus macrorhynchos", "species_com": "Large-billed Crow / Hashibutogarasu" }, "geometry": { "type": "Point", "coordinates": [ 127.2764, 37.9771 ] } },
{ "type": "Feature", "properties": { "decimalLatitude": 37.9767, "decimalLongitude": 127.2769, "month": 1, "species_sci": "Corvus macrorhynchos", "species_com": "Large-billed Crow / Hashibutogarasu" }, "geometry": { "type": "Point", "coordinates": [ 127.2769, 37.9767 ] } },
{ "type": "Feature", "properties": { "decimalLatitude": 40.3174, "decimalLongitude": 116.2222, "month": 1, "species_sci": "Corvus macrorhynchos", "species_com": "Large-billed Crow / Hashibutogarasu" }, "geometry": { "type": "Point", "coordinates": [ 116.2222, 40.3174 ] } },
{ "type": "Feature", "properties": { "decimalLatitude": 35.6598, "decimalLongitude": 139.7626, "month": 1, "species_sci": "Corvus macrorhynchos", "species_com": "Large-billed Crow / Hashibutogarasu" }, "geometry": { "type": "Point", "coordinates": [ 139.7626, 35.6598 ] } },
{ "type": "Feature", "properties": { "decimalLatitude": 25.9445, "decimalLongitude": 76.4518, "month": 1, "species_sci": "Corvus macrorhynchos", "species_com": "Large-billed Crow / Hashibutogarasu" }, "geometry": { "type": "Point", "coordinates": [ 76.4518, 25.9445 ] } },
{ "type": "Feature", "properties": { "decimalLatitude": 37.9767, "decimalLongitude": 127.275, "month": 1, "species_sci": "Corvus macrorhynchos", "species_com": "Large-billed Crow / Hashibutogarasu" }, "geometry": { "type": "Point", "coordinates": [ 127.275, 37.9767 ] } },
{ "type": "Feature", "properties": { "decimalLatitude": 37.9752, "decimalLongitude": 127.2736, "month": 1, "species_sci": "Corvus macrorhynchos", "species_com": "Large-billed Crow / Hashibutogarasu" }, "geometry": { "type": "Point", "coordinates": [ 127.2736, 37.9752 ] } },
{ "type": "Feature", "properties": { "decimalLatitude": 11.5799, "decimalLongitude": 103.127, "month": 1, "species_sci": "Corvus macrorhynchos", "species_com": "Large-billed Crow / Hashibutogarasu" }, "geometry": { "type": "Point", "coordinates": [ 103.127, 11.5799 ] } },
{ "type": "Feature", "properties": { "decimalLatitude": 6.4767, "decimalLongitude": 80.8559, "month": 1, "species_sci": "Corvus macrorhynchos", "species_com": "Large-billed Crow / Hashibutogarasu" }, "geometry": { "type": "Point", "coordinates": [ 80.8559, 6.4767 ] } },
{ "type": "Feature", "properties": { "decimalLatitude": 24.9001, "decimalLongitude": 121.5677, "month": 1, "species_sci": "Corvus macrorhynchos", "species_com": "Large-billed Crow / Hashibutogarasu" }, "geometry": { "type": "Point", "coordinates": [ 121.5677, 24.9001 ] } },
{ "type": "Feature", "properties": { "decimalLatitude": 22.4093, "decimalLongitude": 114.1045, "month": 1, "species_sci": "Corvus macrorhynchos", "species_com": "Large-billed Crow / Hashibutogarasu" }, "geometry": { "type": "Point", "coordinates": [ 114.1045, 22.4093 ] } },
{ "type": "Feature", "properties": { "decimalLatitude": 37.9766, "decimalLongitude": 127.2768, "month": 1, "species_sci": "Corvus macrorhynchos", "species_com": "Large-billed Crow / Hashibutogarasu" }, "geometry": { "type": "Point", "coordinates": [ 127.2768, 37.9766 ] } },
{ "type": "Feature", "properties": { "decimalLatitude": 35.6917, "decimalLongitude": 139.7496, "month": 1, "species_sci": "Corvus macrorhynchos", "species_com": "Large-billed Crow / Hashibutogarasu" }, "geometry": { "type": "Point", "coordinates": [ 139.7496, 35.6917 ] } },
{ "type": "Feature", "properties": { "decimalLatitude": 34.6843, "decimalLongitude": 135.8402, "month": 1, "species_sci": "Corvus macrorhynchos", "species_com": "Large-billed Crow / Hashibutogarasu" }, "geometry": { "type": "Point", "coordinates": [ 135.8402, 34.6843 ] } },
{ "type": "Feature", "properties": { "decimalLatitude": 37.9772, "decimalLongitude": 127.2765, "month": 1, "species_sci": "Corvus macrorhynchos", "species_com": "Large-billed Crow / Hashibutogarasu" }, "geometry": { "type": "Point", "coordinates": [ 127.2765, 37.9772 ] } },
{ "type": "Feature", "properties": { "decimalLatitude": 37.9742, "decimalLongitude": 127.2708, "month": 1, "species_sci": "Corvus macrorhynchos", "species_com": "Large-billed Crow / Hashibutogarasu" }, "geometry": { "type": "Point", "coordinates": [ 127.2708, 37.9742 ] } },
{ "type": "Feature", "properties": { "decimalLatitude": 35.6608, "decimalLongitude": 139.7636, "month": 1, "species_sci": "Corvus macrorhynchos", "species_com": "Large-billed Crow / Hashibutogarasu" }, "geometry": { "type": "Point", "coordinates": [ 139.7636, 35.6608 ] } },
{ "type": "Feature", "properties": { "decimalLatitude": 13.2426, "decimalLongitude": 103.6579, "month": 1, "species_sci": "Corvus macrorhynchos", "species_com": "Large-billed Crow / Hashibutogarasu" }, "geometry": { "type": "Point", "coordinates": [ 103.6579, 13.2426 ] } },
{ "type": "Feature", "properties": { "decimalLatitude": 35.565, "decimalLongitude": 127.9261, "month": 1, "species_sci": "Corvus macrorhynchos", "species_com": "Large-billed Crow / Hashibutogarasu" }, "geometry": { "type": "Point", "coordinates": [ 127.9261, 35.565 ] } },
{ "type": "Feature", "properties": { "decimalLatitude": 13.731, "decimalLongitude": 100.5575, "month": 1, "species_sci": "Corvus macrorhynchos", "species_com": "Large-billed Crow / Hashibutogarasu" }, "geometry": { "type": "Point", "coordinates": [ 100.5575, 13.731 ] } },
{ "type": "Feature", "properties": { "decimalLatitude": 37.9765, "decimalLongitude": 127.2768, "month": 1, "species_sci": "Corvus macrorhynchos", "species_com": "Large-billed Crow / Hashibutogarasu" }, "geometry": { "type": "Point", "coordinates": [ 127.2768, 37.9765 ] } },
{ "type": "Feature", "properties": { "decimalLatitude": 33.3594, "decimalLongitude": 126.4998, "month": 1, "species_sci": "Corvus macrorhynchos", "species_com": "Large-billed Crow / Hashibutogarasu" }, "geometry": { "type": "Point", "coordinates": [ 126.4998, 33.3594 ] } },
{ "type": "Feature", "properties": { "decimalLatitude": -8.7881, "decimalLongitude": 115.2233, "month": 1, "species_sci": "Corvus macrorhynchos", "species_com": "Large-billed Crow / Hashibutogarasu" }, "geometry": { "type": "Point", "coordinates": [ 115.2233, -8.7881 ] } },
{ "type": "Feature", "properties": { "decimalLatitude": 9.4344, "decimalLongitude": 97.8605, "month": 1, "species_sci": "Corvus macrorhynchos", "species_com": "Large-billed Crow / Hashibutogarasu" }, "geometry": { "type": "Point", "coordinates": [ 97.8605, 9.4344 ] } },
{ "type": "Feature", "properties": { "decimalLatitude": 37.9744, "decimalLongitude": 127.2745, "month": 1, "species_sci": "Corvus macrorhynchos", "species_com": "Large-billed Crow / Hashibutogarasu" }, "geometry": { "type": "Point", "coordinates": [ 127.2745, 37.9744 ] } },
{ "type": "Feature", "properties": { "decimalLatitude": 37.9765, "decimalLongitude": 127.2759, "month": 1, "species_sci": "Corvus macrorhynchos", "species_com": "Large-billed Crow / Hashibutogarasu" }, "geometry": { "type": "Point", "coordinates": [ 127.2759, 37.9765 ] } },
{ "type": "Feature", "properties": { "decimalLatitude": 38.4995, "decimalLongitude": 128.426, "month": 1, "species_sci": "Corvus macrorhynchos", "species_com": "Large-billed Crow / Hashibutogarasu" }, "geometry": { "type": "Point", "coordinates": [ 128.426, 38.4995 ] } },
{ "type": "Feature", "properties": { "decimalLatitude": 13.7321, "decimalLongitude": 100.5407, "month": 1, "species_sci": "Corvus macrorhynchos", "species_com": "Large-billed Crow / Hashibutogarasu" }, "geometry": { "type": "Point", "coordinates": [ 100.5407, 13.7321 ] } },
{ "type": "Feature", "properties": { "decimalLatitude": 11.6645, "decimalLongitude": 98.2803, "month": 1, "species_sci": "Corvus macrorhynchos", "species_com": "Large-billed Crow / Hashibutogarasu" }, "geometry": { "type": "Point", "coordinates": [ 98.2803, 11.6645 ] } },
{ "type": "Feature", "properties": { "decimalLatitude": 35.6489, "decimalLongitude": 139.459, "month": 1, "species_sci": "Corvus macrorhynchos", "species_com": "Large-billed Crow / Hashibutogarasu" }, "geometry": { "type": "Point", "coordinates": [ 139.459, 35.6489 ] } },
{ "type": "Feature", "properties": { "decimalLatitude": 24.2518, "decimalLongitude": 124.1561, "month": 1, "species_sci": "Corvus macrorhynchos", "species_com": "Large-billed Crow / Hashibutogarasu" }, "geometry": { "type": "Point", "coordinates": [ 124.1561, 24.2518 ] } },
{ "type": "Feature", "properties": { "decimalLatitude": 11.58, "decimalLongitude": 103.1266, "month": 1, "species_sci": "Corvus macrorhynchos", "species_com": "Large-billed Crow / Hashibutogarasu" }, "geometry": { "type": "Point", "coordinates": [ 103.1266, 11.58 ] } },
{ "type": "Feature", "properties": { "decimalLatitude": 37.72, "decimalLongitude": 127.0489, "month": 1, "species_sci": "Corvus macrorhynchos", "species_com": "Large-billed Crow / Hashibutogarasu" }, "geometry": { "type": "Point", "coordinates": [ 127.0489, 37.72 ] } },
{ "type": "Feature", "properties": { "decimalLatitude": 24.8913, "decimalLongitude": 121.5326, "month": 1, "species_sci": "Corvus macrorhynchos", "species_com": "Large-billed Crow / Hashibutogarasu" }, "geometry": { "type": "Point", "coordinates": [ 121.5326, 24.8913 ] } },
{ "type": "Feature", "properties": { "decimalLatitude": 37.978, "decimalLongitude": 127.2758, "month": 1, "species_sci": "Corvus macrorhynchos", "species_com": "Large-billed Crow / Hashibutogarasu" }, "geometry": { "type": "Point", "coordinates": [ 127.2758, 37.978 ] } },
{ "type": "Feature", "properties": { "decimalLatitude": 38.2728, "decimalLongitude": 140.8423, "month": 1, "species_sci": "Corvus macrorhynchos", "species_com": "Large-billed Crow / Hashibutogarasu" }, "geometry": { "type": "Point", "coordinates": [ 140.8423, 38.2728 ] } },
{ "type": "Feature", "properties": { "decimalLatitude": 35.6614, "decimalLongitude": 139.7554, "month": 1, "species_sci": "Corvus macrorhynchos", "species_com": "Large-billed Crow / Hashibutogarasu" }, "geometry": { "type": "Point", "coordinates": [ 139.7554, 35.6614 ] } },
{ "type": "Feature", "properties": { "decimalLatitude": 7.8209, "decimalLongitude": 98.2977, "month": 1, "species_sci": "Corvus macrorhynchos", "species_com": "Large-billed Crow / Hashibutogarasu" }, "geometry": { "type": "Point", "coordinates": [ 98.2977, 7.8209 ] } },
{ "type": "Feature", "properties": { "decimalLatitude": 13.7962, "decimalLongitude": 100.5369, "month": 1, "species_sci": "Corvus macrorhynchos", "species_com": "Large-billed Crow / Hashibutogarasu" }, "geometry": { "type": "Point", "coordinates": [ 100.5369, 13.7962 ] } },
{ "type": "Feature", "properties": { "decimalLatitude": 13.7307, "decimalLongitude": 100.5386, "month": 1, "species_sci": "Corvus macrorhynchos", "species_com": "Large-billed Crow / Hashibutogarasu" }, "geometry": { "type": "Point", "coordinates": [ 100.5386, 13.7307 ] } },
{ "type": "Feature", "properties": { "decimalLatitude": 37.8968, "decimalLongitude": 127.1954, "month": 1, "species_sci": "Corvus macrorhynchos", "species_com": "Large-billed Crow / Hashibutogarasu" }, "geometry": { "type": "Point", "coordinates": [ 127.1954, 37.8968 ] } },
{ "type": "Feature", "properties": { "decimalLatitude": 37.9769, "decimalLongitude": 127.2767, "month": 1, "species_sci": "Corvus macrorhynchos", "species_com": "Large-billed Crow / Hashibutogarasu" }, "geometry": { "type": "Point", "coordinates": [ 127.2767, 37.9769 ] } },
{ "type": "Feature", "properties": { "decimalLatitude": 35.5303, "decimalLongitude": 127.7116, "month": 1, "species_sci": "Corvus macrorhynchos", "species_com": "Large-billed Crow / Hashibutogarasu" }, "geometry": { "type": "Point", "coordinates": [ 127.7116, 35.5303 ] } },
{ "type": "Feature", "properties": { "decimalLatitude": 35.6658, "decimalLongitude": 139.758, "month": 1, "species_sci": "Corvus macrorhynchos", "species_com": "Large-billed Crow / Hashibutogarasu" }, "geometry": { "type": "Point", "coordinates": [ 139.758, 35.6658 ] } },
{ "type": "Feature", "properties": { "decimalLatitude": 24.1377, "decimalLongitude": 121.2793, "month": 1, "species_sci": "Corvus macrorhynchos", "species_com": "Large-billed Crow / Hashibutogarasu" }, "geometry": { "type": "Point", "coordinates": [ 121.2793, 24.1377 ] } },
{ "type": "Feature", "properties": { "decimalLatitude": 35.6815, "decimalLongitude": 139.7642, "month": 1, "species_sci": "Corvus macrorhynchos", "species_com": "Large-billed Crow / Hashibutogarasu" }, "geometry": { "type": "Point", "coordinates": [ 139.7642, 35.6815 ] } },
{ "type": "Feature", "properties": { "decimalLatitude": 22.4049, "decimalLongitude": 113.9596, "month": 1, "species_sci": "Corvus macrorhynchos", "species_com": "Large-billed Crow / Hashibutogarasu" }, "geometry": { "type": "Point", "coordinates": [ 113.9596, 22.4049 ] } },
{ "type": "Feature", "properties": { "decimalLatitude": 7.886, "decimalLongitude": 98.2872, "month": 1, "species_sci": "Corvus macrorhynchos", "species_com": "Large-billed Crow / Hashibutogarasu" }, "geometry": { "type": "Point", "coordinates": [ 98.2872, 7.886 ] } },
{ "type": "Feature", "properties": { "decimalLatitude": 33.5134, "decimalLongitude": 126.5278, "month": 1, "species_sci": "Corvus macrorhynchos", "species_com": "Large-billed Crow / Hashibutogarasu" }, "geometry": { "type": "Point", "coordinates": [ 126.5278, 33.5134 ] } },
{ "type": "Feature", "properties": { "decimalLatitude": 13.1256, "decimalLongitude": 99.6904, "month": 1, "species_sci": "Corvus macrorhynchos", "species_com": "Large-billed Crow / Hashibutogarasu" }, "geometry": { "type": "Point", "coordinates": [ 99.6904, 13.1256 ] } },
{ "type": "Feature", "properties": { "decimalLatitude": 37.9839, "decimalLongitude": 127.2823, "month": 1, "species_sci": "Corvus macrorhynchos", "species_com": "Large-billed Crow / Hashibutogarasu" }, "geometry": { "type": "Point", "coordinates": [ 127.2823, 37.9839 ] } },
{ "type": "Feature", "properties": { "decimalLatitude": 13.7439, "decimalLongitude": 100.5641, "month": 1, "species_sci": "Corvus macrorhynchos", "species_com": "Large-billed Crow / Hashibutogarasu" }, "geometry": { "type": "Point", "coordinates": [ 100.5641, 13.7439 ] } },
{ "type": "Feature", "properties": { "decimalLatitude": 37.9773, "decimalLongitude": 127.2767, "month": 1, "species_sci": "Corvus macrorhynchos", "species_com": "Large-billed Crow / Hashibutogarasu" }, "geometry": { "type": "Point", "coordinates": [ 127.2767, 37.9773 ] } },
{ "type": "Feature", "properties": { "decimalLatitude": 35.6748, "decimalLongitude": 139.7004, "month": 1, "species_sci": "Corvus macrorhynchos", "species_com": "Large-billed Crow / Hashibutogarasu" }, "geometry": { "type": "Point", "coordinates": [ 139.7004, 35.6748 ] } },
{ "type": "Feature", "properties": { "decimalLatitude": 34.9699, "decimalLongitude": 135.7765, "month": 1, "species_sci": "Corvus macrorhynchos", "species_com": "Large-billed Crow / Hashibutogarasu" }, "geometry": { "type": "Point", "coordinates": [ 135.7765, 34.9699 ] } },
{ "type": "Feature", "properties": { "decimalLatitude": 37.9744, "decimalLongitude": 127.2724, "month": 1, "species_sci": "Corvus macrorhynchos", "species_com": "Large-billed Crow / Hashibutogarasu" }, "geometry": { "type": "Point", "coordinates": [ 127.2724, 37.9744 ] } },
{ "type": "Feature", "properties": { "decimalLatitude": 16.7144, "decimalLongitude": 103.5419, "month": 1, "species_sci": "Corvus macrorhynchos", "species_com": "Large-billed Crow / Hashibutogarasu" }, "geometry": { "type": "Point", "coordinates": [ 103.5419, 16.7144 ] } },
{ "type": "Feature", "properties": { "decimalLatitude": 35.7893, "decimalLongitude": 128.4871, "month": 1, "species_sci": "Corvus macrorhynchos", "species_com": "Large-billed Crow / Hashibutogarasu" }, "geometry": { "type": "Point", "coordinates": [ 128.4871, 35.7893 ] } },
{ "type": "Feature", "properties": { "decimalLatitude": 37.9768, "decimalLongitude": 127.2767, "month": 1, "species_sci": "Corvus macrorhynchos", "species_com": "Large-billed Crow / Hashibutogarasu" }, "geometry": { "type": "Point", "coordinates": [ 127.2767, 37.9768 ] } },
{ "type": "Feature", "properties": { "decimalLatitude": 37.9775, "decimalLongitude": 127.2763, "month": 1, "species_sci": "Corvus macrorhynchos", "species_com": "Large-billed Crow / Hashibutogarasu" }, "geometry": { "type": "Point", "coordinates": [ 127.2763, 37.9775 ] } },
{ "type": "Feature", "properties": { "decimalLatitude": 35.6753, "decimalLongitude": 139.7578, "month": 1, "species_sci": "Corvus macrorhynchos", "species_com": "Large-billed Crow / Hashibutogarasu" }, "geometry": { "type": "Point", "coordinates": [ 139.7578, 35.6753 ] } },
{ "type": "Feature", "properties": { "decimalLatitude": 27.625, "decimalLongitude": 85.2531, "month": 1, "species_sci": "Corvus macrorhynchos", "species_com": "Large-billed Crow / Hashibutogarasu" }, "geometry": { "type": "Point", "coordinates": [ 85.2531, 27.625 ] } },
{ "type": "Feature", "properties": { "decimalLatitude": 42.9816, "decimalLongitude": 144.3739, "month": 1, "species_sci": "Corvus macrorhynchos", "species_com": "Large-billed Crow / Hashibutogarasu" }, "geometry": { "type": "Point", "coordinates": [ 144.3739, 42.9816 ] } },
{ "type": "Feature", "properties": { "decimalLatitude": 37.298, "decimalLongitude": 127.0643, "month": 1, "species_sci": "Corvus macrorhynchos", "species_com": "Large-billed Crow / Hashibutogarasu" }, "geometry": { "type": "Point", "coordinates": [ 127.0643, 37.298 ] } },
{ "type": "Feature", "properties": { "decimalLatitude": 33.3805, "decimalLongitude": 126.4981, "month": 1, "species_sci": "Corvus macrorhynchos", "species_com": "Large-billed Crow / Hashibutogarasu" }, "geometry": { "type": "Point", "coordinates": [ 126.4981, 33.3805 ] } },
{ "type": "Feature", "properties": { "decimalLatitude": 13.7625, "decimalLongitude": 100.4795, "month": 1, "species_sci": "Corvus macrorhynchos", "species_com": "Large-billed Crow / Hashibutogarasu" }, "geometry": { "type": "Point", "coordinates": [ 100.4795, 13.7625 ] } },
{ "type": "Feature", "properties": { "decimalLatitude": 37.4583, "decimalLongitude": 128.146, "month": 1, "species_sci": "Corvus macrorhynchos", "species_com": "Large-billed Crow / Hashibutogarasu" }, "geometry": { "type": "Point", "coordinates": [ 128.146, 37.4583 ] } },
{ "type": "Feature", "properties": { "decimalLatitude": 6.5358, "decimalLongitude": 81.2555, "month": 1, "species_sci": "Corvus macrorhynchos", "species_com": "Large-billed Crow / Hashibutogarasu" }, "geometry": { "type": "Point", "coordinates": [ 81.2555, 6.5358 ] } },
{ "type": "Feature", "properties": { "decimalLatitude": 35.6614, "decimalLongitude": 139.7555, "month": 1, "species_sci": "Corvus macrorhynchos", "species_com": "Large-billed Crow / Hashibutogarasu" }, "geometry": { "type": "Point", "coordinates": [ 139.7555, 35.6614 ] } },
{ "type": "Feature", "properties": { "decimalLatitude": 34.6686, "decimalLongitude": 135.4316, "month": 1, "species_sci": "Corvus macrorhynchos", "species_com": "Large-billed Crow / Hashibutogarasu" }, "geometry": { "type": "Point", "coordinates": [ 135.4316, 34.6686 ] } },
{ "type": "Feature", "properties": { "decimalLatitude": 34.9737, "decimalLongitude": 72.4535, "month": 1, "species_sci": "Corvus macrorhynchos", "species_com": "Large-billed Crow / Hashibutogarasu" }, "geometry": { "type": "Point", "coordinates": [ 72.4535, 34.9737 ] } },
{ "type": "Feature", "properties": { "decimalLatitude": 35.3856, "decimalLongitude": 139.5538, "month": 1, "species_sci": "Corvus macrorhynchos", "species_com": "Large-billed Crow / Hashibutogarasu" }, "geometry": { "type": "Point", "coordinates": [ 139.5538, 35.3856 ] } },
{ "type": "Feature", "properties": { "decimalLatitude": 35.6825, "decimalLongitude": 139.8627, "month": 1, "species_sci": "Corvus macrorhynchos", "species_com": "Large-billed Crow / Hashibutogarasu" }, "geometry": { "type": "Point", "coordinates": [ 139.8627, 35.6825 ] } },
{ "type": "Feature", "properties": { "decimalLatitude": 46.965, "decimalLongitude": 142.7339, "month": 1, "species_sci": "Corvus macrorhynchos", "species_com": "Large-billed Crow / Hashibutogarasu" }, "geometry": { "type": "Point", "coordinates": [ 142.7339, 46.965 ] } },
{ "type": "Feature", "properties": { "decimalLatitude": 13.0939, "decimalLongitude": 77.5781, "month": 1, "species_sci": "Corvus macrorhynchos", "species_com": "Large-billed Crow / Hashibutogarasu" }, "geometry": { "type": "Point", "coordinates": [ 77.5781, 13.0939 ] } },
{ "type": "Feature", "properties": { "decimalLatitude": 37.9776, "decimalLongitude": 127.2766, "month": 1, "species_sci": "Corvus macrorhynchos", "species_com": "Large-billed Crow / Hashibutogarasu" }, "geometry": { "type": "Point", "coordinates": [ 127.2766, 37.9776 ] } },
{ "type": "Feature", "properties": { "decimalLatitude": 37.977, "decimalLongitude": 127.2766, "month": 1, "species_sci": "Corvus macrorhynchos", "species_com": "Large-billed Crow / Hashibutogarasu" }, "geometry": { "type": "Point", "coordinates": [ 127.2766, 37.977 ] } },
{ "type": "Feature", "properties": { "decimalLatitude": 42.6182, "decimalLongitude": 130.5721, "month": 1, "species_sci": "Corvus macrorhynchos", "species_com": "Large-billed Crow / Hashibutogarasu" }, "geometry": { "type": "Point", "coordinates": [ 130.5721, 42.6182 ] } },
{ "type": "Feature", "properties": { "decimalLatitude": 39.9274, "decimalLongitude": 116.3994, "month": 1, "species_sci": "Corvus macrorhynchos", "species_com": "Large-billed Crow / Hashibutogarasu" }, "geometry": { "type": "Point", "coordinates": [ 116.3994, 39.9274 ] } },
{ "type": "Feature", "properties": { "decimalLatitude": 8.6684, "decimalLongitude": 98.2553, "month": 1, "species_sci": "Corvus macrorhynchos", "species_com": "Large-billed Crow / Hashibutogarasu" }, "geometry": { "type": "Point", "coordinates": [ 98.2553, 8.6684 ] } },
{ "type": "Feature", "properties": { "decimalLatitude": 34.8257, "decimalLongitude": 135.4222, "month": 1, "species_sci": "Corvus macrorhynchos", "species_com": "Large-billed Crow / Hashibutogarasu" }, "geometry": { "type": "Point", "coordinates": [ 135.4222, 34.8257 ] } },
{ "type": "Feature", "properties": { "decimalLatitude": 35.6623, "decimalLongitude": 139.7562, "month": 1, "species_sci": "Corvus macrorhynchos", "species_com": "Large-billed Crow / Hashibutogarasu" }, "geometry": { "type": "Point", "coordinates": [ 139.7562, 35.6623 ] } },
{ "type": "Feature", "properties": { "decimalLatitude": 37.9767, "decimalLongitude": 127.2752, "month": 1, "species_sci": "Corvus macrorhynchos", "species_com": "Large-billed Crow / Hashibutogarasu" }, "geometry": { "type": "Point", "coordinates": [ 127.2752, 37.9767 ] } },
{ "type": "Feature", "properties": { "decimalLatitude": 37.9769, "decimalLongitude": 127.2767, "month": 1, "species_sci": "Corvus macrorhynchos", "species_com": "Large-billed Crow / Hashibutogarasu" }, "geometry": { "type": "Point", "coordinates": [ 127.2767, 37.9769 ] } },
{ "type": "Feature", "properties": { "decimalLatitude": 37.9772, "decimalLongitude": 127.2765, "month": 1, "species_sci": "Corvus macrorhynchos", "species_com": "Large-billed Crow / Hashibutogarasu" }, "geometry": { "type": "Point", "coordinates": [ 127.2765, 37.9772 ] } },
{ "type": "Feature", "properties": { "decimalLatitude": 37.9774, "decimalLongitude": 127.2762, "month": 1, "species_sci": "Corvus macrorhynchos", "species_com": "Large-billed Crow / Hashibutogarasu" }, "geometry": { "type": "Point", "coordinates": [ 127.2762, 37.9774 ] } },
{ "type": "Feature", "properties": { "decimalLatitude": 43.2204, "decimalLongitude": 131.9927, "month": 1, "species_sci": "Corvus macrorhynchos", "species_com": "Large-billed Crow / Hashibutogarasu" }, "geometry": { "type": "Point", "coordinates": [ 131.9927, 43.2204 ] } },
{ "type": "Feature", "properties": { "decimalLatitude": 13.809, "decimalLongitude": 100.5527, "month": 2, "species_sci": "Corvus macrorhynchos", "species_com": "Large-billed Crow / Hashibutogarasu" }, "geometry": { "type": "Point", "coordinates": [ 100.5527, 13.809 ] } },
{ "type": "Feature", "properties": { "decimalLatitude": 13.7327, "decimalLongitude": 100.5393, "month": 2, "species_sci": "Corvus macrorhynchos", "species_com": "Large-billed Crow / Hashibutogarasu" }, "geometry": { "type": "Point", "coordinates": [ 100.5393, 13.7327 ] } },
{ "type": "Feature", "properties": { "decimalLatitude": 22.3468, "decimalLongitude": 114.1827, "month": 2, "species_sci": "Corvus macrorhynchos", "species_com": "Large-billed Crow / Hashibutogarasu" }, "geometry": { "type": "Point", "coordinates": [ 114.1827, 22.3468 ] } },
{ "type": "Feature", "properties": { "decimalLatitude": 43.054, "decimalLongitude": 141.4005, "month": 2, "species_sci": "Corvus macrorhynchos", "species_com": "Large-billed Crow / Hashibutogarasu" }, "geometry": { "type": "Point", "coordinates": [ 141.4005, 43.054 ] } },
{ "type": "Feature", "properties": { "decimalLatitude": 13.7554, "decimalLongitude": 100.4941, "month": 2, "species_sci": "Corvus macrorhynchos", "species_com": "Large-billed Crow / Hashibutogarasu" }, "geometry": { "type": "Point", "coordinates": [ 100.4941, 13.7554 ] } },
{ "type": "Feature", "properties": { "decimalLatitude": 35.6781, "decimalLongitude": 139.6962, "month": 2, "species_sci": "Corvus macrorhynchos", "species_com": "Large-billed Crow / Hashibutogarasu" }, "geometry": { "type": "Point", "coordinates": [ 139.6962, 35.6781 ] } },
{ "type": "Feature", "properties": { "decimalLatitude": 13.7315, "decimalLongitude": 100.5576, "month": 2, "species_sci": "Corvus macrorhynchos", "species_com": "Large-billed Crow / Hashibutogarasu" }, "geometry": { "type": "Point", "coordinates": [ 100.5576, 13.7315 ] } },
{ "type": "Feature", "properties": { "decimalLatitude": 34.9758, "decimalLongitude": 127.5281, "month": 2, "species_sci": "Corvus macrorhynchos", "species_com": "Large-billed Crow / Hashibutogarasu" }, "geometry": { "type": "Point", "coordinates": [ 127.5281, 34.9758 ] } },
{ "type": "Feature", "properties": { "decimalLatitude": 35.5346, "decimalLongitude": 139.6399, "month": 2, "species_sci": "Corvus macrorhynchos", "species_com": "Large-billed Crow / Hashibutogarasu" }, "geometry": { "type": "Point", "coordinates": [ 139.6399, 35.5346 ] } },
{ "type": "Feature", "properties": { "decimalLatitude": 13.7144, "decimalLongitude": 100.52, "month": 2, "species_sci": "Corvus macrorhynchos", "species_com": "Large-billed Crow / Hashibutogarasu" }, "geometry": { "type": "Point", "coordinates": [ 100.52, 13.7144 ] } },
{ "type": "Feature", "properties": { "decimalLatitude": 23.172, "decimalLongitude": 113.3005, "month": 2, "species_sci": "Corvus macrorhynchos", "species_com": "Large-billed Crow / Hashibutogarasu" }, "geometry": { "type": "Point", "coordinates": [ 113.3005, 23.172 ] } },
{ "type": "Feature", "properties": { "decimalLatitude": 43.0602, "decimalLongitude": 141.352, "month": 2, "species_sci": "Corvus macrorhynchos", "species_com": "Large-billed Crow / Hashibutogarasu" }, "geometry": { "type": "Point", "coordinates": [ 141.352, 43.0602 ] } },
{ "type": "Feature", "properties": { "decimalLatitude": 7.9512, "decimalLongitude": 80.7646, "month": 2, "species_sci": "Corvus macrorhynchos", "species_com": "Large-billed Crow / Hashibutogarasu" }, "geometry": { "type": "Point", "coordinates": [ 80.7646, 7.9512 ] } },
{ "type": "Feature", "properties": { "decimalLatitude": 12.9682, "decimalLongitude": 77.5887, "month": 2, "species_sci": "Corvus macrorhynchos", "species_com": "Large-billed Crow / Hashibutogarasu" }, "geometry": { "type": "Point", "coordinates": [ 77.5887, 12.9682 ] } },
{ "type": "Feature", "properties": { "decimalLatitude": 22.6941, "decimalLongitude": 113.8396, "month": 2, "species_sci": "Corvus macrorhynchos", "species_com": "Large-billed Crow / Hashibutogarasu" }, "geometry": { "type": "Point", "coordinates": [ 113.8396, 22.6941 ] } },
{ "type": "Feature", "properties": { "decimalLatitude": 43.0605, "decimalLongitude": 141.3513, "month": 2, "species_sci": "Corvus macrorhynchos", "species_com": "Large-billed Crow / Hashibutogarasu" }, "geometry": { "type": "Point", "coordinates": [ 141.3513, 43.0605 ] } },
{ "type": "Feature", "properties": { "decimalLatitude": 35.0019, "decimalLongitude": 135.7807, "month": 2, "species_sci": "Corvus macrorhynchos", "species_com": "Large-billed Crow / Hashibutogarasu" }, "geometry": { "type": "Point", "coordinates": [ 135.7807, 35.0019 ] } },
{ "type": "Feature", "properties": { "decimalLatitude": 37.9759, "decimalLongitude": 127.275, "month": 2, "species_sci": "Corvus macrorhynchos", "species_com": "Large-billed Crow / Hashibutogarasu" }, "geometry": { "type": "Point", "coordinates": [ 127.275, 37.9759 ] } },
{ "type": "Feature", "properties": { "decimalLatitude": 8.0751, "decimalLongitude": 98.9196, "month": 2, "species_sci": "Corvus macrorhynchos", "species_com": "Large-billed Crow / Hashibutogarasu" }, "geometry": { "type": "Point", "coordinates": [ 98.9196, 8.0751 ] } },
{ "type": "Feature", "properties": { "decimalLatitude": 13.7383, "decimalLongitude": 100.5305, "month": 2, "species_sci": "Corvus macrorhynchos", "species_com": "Large-billed Crow / Hashibutogarasu" }, "geometry": { "type": "Point", "coordinates": [ 100.5305, 13.7383 ] } },
{ "type": "Feature", "properties": { "decimalLatitude": 34.8129, "decimalLongitude": 128.4667, "month": 2, "species_sci": "Corvus macrorhynchos", "species_com": "Large-billed Crow / Hashibutogarasu" }, "geometry": { "type": "Point", "coordinates": [ 128.4667, 34.8129 ] } },
{ "type": "Feature", "properties": { "decimalLatitude": 35.7082, "decimalLongitude": 139.7958, "month": 2, "species_sci": "Corvus macrorhynchos", "species_com": "Large-billed Crow / Hashibutogarasu" }, "geometry": { "type": "Point", "coordinates": [ 139.7958, 35.7082 ] } },
{ "type": "Feature", "properties": { "decimalLatitude": 35.6727, "decimalLongitude": 139.6959, "month": 2, "species_sci": "Corvus macrorhynchos", "species_com": "Large-billed Crow / Hashibutogarasu" }, "geometry": { "type": "Point", "coordinates": [ 139.6959, 35.6727 ] } },
{ "type": "Feature", "properties": { "decimalLatitude": 27.0596, "decimalLongitude": 88.0243, "month": 2, "species_sci": "Corvus macrorhynchos", "species_com": "Large-billed Crow / Hashibutogarasu" }, "geometry": { "type": "Point", "coordinates": [ 88.0243, 27.0596 ] } },
{ "type": "Feature", "properties": { "decimalLatitude": 43.0517, "decimalLongitude": 141.3998, "month": 2, "species_sci": "Corvus macrorhynchos", "species_com": "Large-billed Crow / Hashibutogarasu" }, "geometry": { "type": "Point", "coordinates": [ 141.3998, 43.0517 ] } },
{ "type": "Feature", "properties": { "decimalLatitude": 35.7123, "decimalLongitude": 139.7724, "month": 2, "species_sci": "Corvus macrorhynchos", "species_com": "Large-billed Crow / Hashibutogarasu" }, "geometry": { "type": "Point", "coordinates": [ 139.7724, 35.7123 ] } },
{ "type": "Feature", "properties": { "decimalLatitude": 33.5112, "decimalLongitude": 126.7013, "month": 2, "species_sci": "Corvus macrorhynchos", "species_com": "Large-billed Crow / Hashibutogarasu" }, "geometry": { "type": "Point", "coordinates": [ 126.7013, 33.5112 ] } },
{ "type": "Feature", "properties": { "decimalLatitude": 13.8093, "decimalLongitude": 100.5526, "month": 2, "species_sci": "Corvus macrorhynchos", "species_com": "Large-billed Crow / Hashibutogarasu" }, "geometry": { "type": "Point", "coordinates": [ 100.5526, 13.8093 ] } },
{ "type": "Feature", "properties": { "decimalLatitude": 43.082, "decimalLongitude": 141.3891, "month": 2, "species_sci": "Corvus macrorhynchos", "species_com": "Large-billed Crow / Hashibutogarasu" }, "geometry": { "type": "Point", "coordinates": [ 141.3891, 43.082 ] } },
{ "type": "Feature", "properties": { "decimalLatitude": 43.0633, "decimalLongitude": 141.3608, "month": 2, "species_sci": "Corvus macrorhynchos", "species_com": "Large-billed Crow / Hashibutogarasu" }, "geometry": { "type": "Point", "coordinates": [ 141.3608, 43.0633 ] } },
{ "type": "Feature", "properties": { "decimalLatitude": 22.3565, "decimalLongitude": 114.2091, "month": 2, "species_sci": "Corvus macrorhynchos", "species_com": "Large-billed Crow / Hashibutogarasu" }, "geometry": { "type": "Point", "coordinates": [ 114.2091, 22.3565 ] } },
{ "type": "Feature", "properties": { "decimalLatitude": 35.687, "decimalLongitude": 139.7307, "month": 2, "species_sci": "Corvus macrorhynchos", "species_com": "Large-billed Crow / Hashibutogarasu" }, "geometry": { "type": "Point", "coordinates": [ 139.7307, 35.687 ] } },
{ "type": "Feature", "properties": { "decimalLatitude": 37.9767, "decimalLongitude": 127.2747, "month": 2, "species_sci": "Corvus macrorhynchos", "species_com": "Large-billed Crow / Hashibutogarasu" }, "geometry": { "type": "Point", "coordinates": [ 127.2747, 37.9767 ] } },
{ "type": "Feature", "properties": { "decimalLatitude": 43.0503, "decimalLongitude": 141.4078, "month": 2, "species_sci": "Corvus macrorhynchos", "species_com": "Large-billed Crow / Hashibutogarasu" }, "geometry": { "type": "Point", "coordinates": [ 141.4078, 43.0503 ] } },
{ "type": "Feature", "properties": { "decimalLatitude": 43.0558, "decimalLongitude": 141.397, "month": 2, "species_sci": "Corvus macrorhynchos", "species_com": "Large-billed Crow / Hashibutogarasu" }, "geometry": { "type": "Point", "coordinates": [ 141.397, 43.0558 ] } },
{ "type": "Feature", "properties": { "decimalLatitude": 43.0521, "decimalLongitude": 141.3998, "month": 2, "species_sci": "Corvus macrorhynchos", "species_com": "Large-billed Crow / Hashibutogarasu" }, "geometry": { "type": "Point", "coordinates": [ 141.3998, 43.0521 ] } },
{ "type": "Feature", "properties": { "decimalLatitude": 35.1538, "decimalLongitude": 129.152, "month": 2, "species_sci": "Corvus macrorhynchos", "species_com": "Large-billed Crow / Hashibutogarasu" }, "geometry": { "type": "Point", "coordinates": [ 129.152, 35.1538 ] } },
{ "type": "Feature", "properties": { "decimalLatitude": 43.075, "decimalLongitude": 141.3644, "month": 2, "species_sci": "Corvus macrorhynchos", "species_com": "Large-billed Crow / Hashibutogarasu" }, "geometry": { "type": "Point", "coordinates": [ 141.3644, 43.075 ] } },
{ "type": "Feature", "properties": { "decimalLatitude": 37.9784, "decimalLongitude": 127.2763, "month": 2, "species_sci": "Corvus macrorhynchos", "species_com": "Large-billed Crow / Hashibutogarasu" }, "geometry": { "type": "Point", "coordinates": [ 127.2763, 37.9784 ] } },
{ "type": "Feature", "properties": { "decimalLatitude": 37.9769, "decimalLongitude": 127.2772, "month": 2, "species_sci": "Corvus macrorhynchos", "species_com": "Large-billed Crow / Hashibutogarasu" }, "geometry": { "type": "Point", "coordinates": [ 127.2772, 37.9769 ] } },
{ "type": "Feature", "properties": { "decimalLatitude": 15.7526, "decimalLongitude": 107.9229, "month": 2, "species_sci": "Corvus macrorhynchos", "species_com": "Large-billed Crow / Hashibutogarasu" }, "geometry": { "type": "Point", "coordinates": [ 107.9229, 15.7526 ] } },
{ "type": "Feature", "properties": { "decimalLatitude": 37.9735, "decimalLongitude": 127.2732, "month": 2, "species_sci": "Corvus macrorhynchos", "species_com": "Large-billed Crow / Hashibutogarasu" }, "geometry": { "type": "Point", "coordinates": [ 127.2732, 37.9735 ] } },
{ "type": "Feature", "properties": { "decimalLatitude": 26.8952, "decimalLongitude": 88.069, "month": 2, "species_sci": "Corvus macrorhynchos", "species_com": "Large-billed Crow / Hashibutogarasu" }, "geometry": { "type": "Point", "coordinates": [ 88.069, 26.8952 ] } },
{ "type": "Feature", "properties": { "decimalLatitude": 35.6727, "decimalLongitude": 139.7009, "month": 2, "species_sci": "Corvus macrorhynchos", "species_com": "Large-billed Crow / Hashibutogarasu" }, "geometry": { "type": "Point", "coordinates": [ 139.7009, 35.6727 ] } },
{ "type": "Feature", "properties": { "decimalLatitude": 43.0506, "decimalLongitude": 141.397, "month": 2, "species_sci": "Corvus macrorhynchos", "species_com": "Large-billed Crow / Hashibutogarasu" }, "geometry": { "type": "Point", "coordinates": [ 141.397, 43.0506 ] } },
{ "type": "Feature", "properties": { "decimalLatitude": 43.0595, "decimalLongitude": 141.347, "month": 2, "species_sci": "Corvus macrorhynchos", "species_com": "Large-billed Crow / Hashibutogarasu" }, "geometry": { "type": "Point", "coordinates": [ 141.347, 43.0595 ] } },
{ "type": "Feature", "properties": { "decimalLatitude": 35.5387, "decimalLongitude": 127.717, "month": 2, "species_sci": "Corvus macrorhynchos", "species_com": "Large-billed Crow / Hashibutogarasu" }, "geometry": { "type": "Point", "coordinates": [ 127.717, 35.5387 ] } },
{ "type": "Feature", "properties": { "decimalLatitude": 43.061, "decimalLongitude": 141.2723, "month": 2, "species_sci": "Corvus macrorhynchos", "species_com": "Large-billed Crow / Hashibutogarasu" }, "geometry": { "type": "Point", "coordinates": [ 141.2723, 43.061 ] } },
{ "type": "Feature", "properties": { "decimalLatitude": 35.3504, "decimalLongitude": 139.597, "month": 2, "species_sci": "Corvus macrorhynchos", "species_com": "Large-billed Crow / Hashibutogarasu" }, "geometry": { "type": "Point", "coordinates": [ 139.597, 35.3504 ] } },
{ "type": "Feature", "properties": { "decimalLatitude": 35.7966, "decimalLongitude": 139.8734, "month": 2, "species_sci": "Corvus macrorhynchos", "species_com": "Large-billed Crow / Hashibutogarasu" }, "geometry": { "type": "Point", "coordinates": [ 139.8734, 35.7966 ] } },
{ "type": "Feature", "properties": { "decimalLatitude": 4.4572, "decimalLongitude": 101.3674, "month": 2, "species_sci": "Corvus macrorhynchos", "species_com": "Large-billed Crow / Hashibutogarasu" }, "geometry": { "type": "Point", "coordinates": [ 101.3674, 4.4572 ] } },
{ "type": "Feature", "properties": { "decimalLatitude": 13.6964, "decimalLongitude": 100.5684, "month": 2, "species_sci": "Corvus macrorhynchos", "species_com": "Large-billed Crow / Hashibutogarasu" }, "geometry": { "type": "Point", "coordinates": [ 100.5684, 13.6964 ] } },
{ "type": "Feature", "properties": { "decimalLatitude": 43.0661, "decimalLongitude": 141.3539, "month": 2, "species_sci": "Corvus macrorhynchos", "species_com": "Large-billed Crow / Hashibutogarasu" }, "geometry": { "type": "Point", "coordinates": [ 141.3539, 43.0661 ] } },
{ "type": "Feature", "properties": { "decimalLatitude": 37.9653, "decimalLongitude": 127.2599, "month": 2, "species_sci": "Corvus macrorhynchos", "species_com": "Large-billed Crow / Hashibutogarasu" }, "geometry": { "type": "Point", "coordinates": [ 127.2599, 37.9653 ] } },
{ "type": "Feature", "properties": { "decimalLatitude": 37.9746, "decimalLongitude": 127.2737, "month": 2, "species_sci": "Corvus macrorhynchos", "species_com": "Large-billed Crow / Hashibutogarasu" }, "geometry": { "type": "Point", "coordinates": [ 127.2737, 37.9746 ] } },
{ "type": "Feature", "properties": { "decimalLatitude": 33.2461, "decimalLongitude": 126.5858, "month": 2, "species_sci": "Corvus macrorhynchos", "species_com": "Large-billed Crow / Hashibutogarasu" }, "geometry": { "type": "Point", "coordinates": [ 126.5858, 33.2461 ] } },
{ "type": "Feature", "properties": { "decimalLatitude": 37.978, "decimalLongitude": 127.2771, "month": 2, "species_sci": "Corvus macrorhynchos", "species_com": "Large-billed Crow / Hashibutogarasu" }, "geometry": { "type": "Point", "coordinates": [ 127.2771, 37.978 ] } },
{ "type": "Feature", "properties": { "decimalLatitude": 21.8263, "decimalLongitude": 79.3193, "month": 2, "species_sci": "Corvus macrorhynchos", "species_com": "Large-billed Crow / Hashibutogarasu" }, "geometry": { "type": "Point", "coordinates": [ 79.3193, 21.8263 ] } },
{ "type": "Feature", "properties": { "decimalLatitude": 37.9774, "decimalLongitude": 127.2766, "month": 2, "species_sci": "Corvus macrorhynchos", "species_com": "Large-billed Crow / Hashibutogarasu" }, "geometry": { "type": "Point", "coordinates": [ 127.2766, 37.9774 ] } },
{ "type": "Feature", "properties": { "decimalLatitude": 43.0502, "decimalLongitude": 141.4102, "month": 2, "species_sci": "Corvus macrorhynchos", "species_com": "Large-billed Crow / Hashibutogarasu" }, "geometry": { "type": "Point", "coordinates": [ 141.4102, 43.0502 ] } },
{ "type": "Feature", "properties": { "decimalLatitude": 35.7331, "decimalLongitude": 139.7457, "month": 2, "species_sci": "Corvus macrorhynchos", "species_com": "Large-billed Crow / Hashibutogarasu" }, "geometry": { "type": "Point", "coordinates": [ 139.7457, 35.7331 ] } },
{ "type": "Feature", "properties": { "decimalLatitude": 37.9773, "decimalLongitude": 127.2763, "month": 2, "species_sci": "Corvus macrorhynchos", "species_com": "Large-billed Crow / Hashibutogarasu" }, "geometry": { "type": "Point", "coordinates": [ 127.2763, 37.9773 ] } },
{ "type": "Feature", "properties": { "decimalLatitude": 35.6792, "decimalLongitude": 139.6966, "month": 2, "species_sci": "Corvus macrorhynchos", "species_com": "Large-billed Crow / Hashibutogarasu" }, "geometry": { "type": "Point", "coordinates": [ 139.6966, 35.6792 ] } },
{ "type": "Feature", "properties": { "decimalLatitude": 27.5774, "decimalLongitude": 84.4986, "month": 2, "species_sci": "Corvus macrorhynchos", "species_com": "Large-billed Crow / Hashibutogarasu" }, "geometry": { "type": "Point", "coordinates": [ 84.4986, 27.5774 ] } },
{ "type": "Feature", "properties": { "decimalLatitude": 37.977, "decimalLongitude": 127.2766, "month": 2, "species_sci": "Corvus macrorhynchos", "species_com": "Large-billed Crow / Hashibutogarasu" }, "geometry": { "type": "Point", "coordinates": [ 127.2766, 37.977 ] } },
{ "type": "Feature", "properties": { "decimalLatitude": 37.9817, "decimalLongitude": 127.2793, "month": 2, "species_sci": "Corvus macrorhynchos", "species_com": "Large-billed Crow / Hashibutogarasu" }, "geometry": { "type": "Point", "coordinates": [ 127.2793, 37.9817 ] } },
{ "type": "Feature", "properties": { "decimalLatitude": 35.7128, "decimalLongitude": 139.7977, "month": 2, "species_sci": "Corvus macrorhynchos", "species_com": "Large-billed Crow / Hashibutogarasu" }, "geometry": { "type": "Point", "coordinates": [ 139.7977, 35.7128 ] } },
{ "type": "Feature", "properties": { "decimalLatitude": 43.0784, "decimalLongitude": 141.4268, "month": 2, "species_sci": "Corvus macrorhynchos", "species_com": "Large-billed Crow / Hashibutogarasu" }, "geometry": { "type": "Point", "coordinates": [ 141.4268, 43.0784 ] } },
{ "type": "Feature", "properties": { "decimalLatitude": 23.8473, "decimalLongitude": 120.929, "month": 2, "species_sci": "Corvus macrorhynchos", "species_com": "Large-billed Crow / Hashibutogarasu" }, "geometry": { "type": "Point", "coordinates": [ 120.929, 23.8473 ] } },
{ "type": "Feature", "properties": { "decimalLatitude": 13.7144, "decimalLongitude": 100.52, "month": 2, "species_sci": "Corvus macrorhynchos", "species_com": "Large-billed Crow / Hashibutogarasu" }, "geometry": { "type": "Point", "coordinates": [ 100.52, 13.7144 ] } },
{ "type": "Feature", "properties": { "decimalLatitude": 43.0718, "decimalLongitude": 141.3651, "month": 2, "species_sci": "Corvus macrorhynchos", "species_com": "Large-billed Crow / Hashibutogarasu" }, "geometry": { "type": "Point", "coordinates": [ 141.3651, 43.0718 ] } },
{ "type": "Feature", "properties": { "decimalLatitude": 43.0599, "decimalLongitude": 141.3471, "month": 2, "species_sci": "Corvus macrorhynchos", "species_com": "Large-billed Crow / Hashibutogarasu" }, "geometry": { "type": "Point", "coordinates": [ 141.3471, 43.0599 ] } },
{ "type": "Feature", "properties": { "decimalLatitude": 11.7987, "decimalLongitude": 102.4809, "month": 2, "species_sci": "Corvus macrorhynchos", "species_com": "Large-billed Crow / Hashibutogarasu" }, "geometry": { "type": "Point", "coordinates": [ 102.4809, 11.7987 ] } },
{ "type": "Feature", "properties": { "decimalLatitude": 6.8129, "decimalLongitude": 80.8048, "month": 2, "species_sci": "Corvus macrorhynchos", "species_com": "Large-billed Crow / Hashibutogarasu" }, "geometry": { "type": "Point", "coordinates": [ 80.8048, 6.8129 ] } },
{ "type": "Feature", "properties": { "decimalLatitude": 13.2225, "decimalLongitude": 103.9748, "month": 2, "species_sci": "Corvus macrorhynchos", "species_com": "Large-billed Crow / Hashibutogarasu" }, "geometry": { "type": "Point", "coordinates": [ 103.9748, 13.2225 ] } },
{ "type": "Feature", "properties": { "decimalLatitude": 29.467, "decimalLongitude": 79.389, "month": 2, "species_sci": "Corvus macrorhynchos", "species_com": "Large-billed Crow / Hashibutogarasu" }, "geometry": { "type": "Point", "coordinates": [ 79.389, 29.467 ] } },
{ "type": "Feature", "properties": { "decimalLatitude": 24.6667, "decimalLongitude": 121.5584, "month": 2, "species_sci": "Corvus macrorhynchos", "species_com": "Large-billed Crow / Hashibutogarasu" }, "geometry": { "type": "Point", "coordinates": [ 121.5584, 24.6667 ] } },
{ "type": "Feature", "properties": { "decimalLatitude": 35.1589, "decimalLongitude": 129.1697, "month": 2, "species_sci": "Corvus macrorhynchos", "species_com": "Large-billed Crow / Hashibutogarasu" }, "geometry": { "type": "Point", "coordinates": [ 129.1697, 35.1589 ] } },
{ "type": "Feature", "properties": { "decimalLatitude": 14.409, "decimalLongitude": 101.3743, "month": 2, "species_sci": "Corvus macrorhynchos", "species_com": "Large-billed Crow / Hashibutogarasu" }, "geometry": { "type": "Point", "coordinates": [ 101.3743, 14.409 ] } },
{ "type": "Feature", "properties": { "decimalLatitude": 35.7144, "decimalLongitude": 139.7954, "month": 2, "species_sci": "Corvus macrorhynchos", "species_com": "Large-billed Crow / Hashibutogarasu" }, "geometry": { "type": "Point", "coordinates": [ 139.7954, 35.7144 ] } },
{ "type": "Feature", "properties": { "decimalLatitude": 43.0502, "decimalLongitude": 141.4102, "month": 2, "species_sci": "Corvus macrorhynchos", "species_com": "Large-billed Crow / Hashibutogarasu" }, "geometry": { "type": "Point", "coordinates": [ 141.4102, 43.0502 ] } },
{ "type": "Feature", "properties": { "decimalLatitude": 35.0487, "decimalLongitude": 135.765, "month": 2, "species_sci": "Corvus macrorhynchos", "species_com": "Large-billed Crow / Hashibutogarasu" }, "geometry": { "type": "Point", "coordinates": [ 135.765, 35.0487 ] } },
{ "type": "Feature", "properties": { "decimalLatitude": 43.044, "decimalLongitude": 141.4151, "month": 2, "species_sci": "Corvus macrorhynchos", "species_com": "Large-billed Crow / Hashibutogarasu" }, "geometry": { "type": "Point", "coordinates": [ 141.4151, 43.044 ] } },
{ "type": "Feature", "properties": { "decimalLatitude": 35.0964, "decimalLongitude": 129.0334, "month": 2, "species_sci": "Corvus macrorhynchos", "species_com": "Large-billed Crow / Hashibutogarasu" }, "geometry": { "type": "Point", "coordinates": [ 129.0334, 35.0964 ] } },
{ "type": "Feature", "properties": { "decimalLatitude": 12.9804, "decimalLongitude": 77.499, "month": 2, "species_sci": "Corvus macrorhynchos", "species_com": "Large-billed Crow / Hashibutogarasu" }, "geometry": { "type": "Point", "coordinates": [ 77.499, 12.9804 ] } },
{ "type": "Feature", "properties": { "decimalLatitude": 35.6756, "decimalLongitude": 139.6985, "month": 2, "species_sci": "Corvus macrorhynchos", "species_com": "Large-billed Crow / Hashibutogarasu" }, "geometry": { "type": "Point", "coordinates": [ 139.6985, 35.6756 ] } },
{ "type": "Feature", "properties": { "decimalLatitude": 37.9774, "decimalLongitude": 127.2762, "month": 2, "species_sci": "Corvus macrorhynchos", "species_com": "Large-billed Crow / Hashibutogarasu" }, "geometry": { "type": "Point", "coordinates": [ 127.2762, 37.9774 ] } },
{ "type": "Feature", "properties": { "decimalLatitude": 27.5977, "decimalLongitude": 85.3787, "month": 2, "species_sci": "Corvus macrorhynchos", "species_com": "Large-billed Crow / Hashibutogarasu" }, "geometry": { "type": "Point", "coordinates": [ 85.3787, 27.5977 ] } },
{ "type": "Feature", "properties": { "decimalLatitude": 37.9764, "decimalLongitude": 127.2762, "month": 2, "species_sci": "Corvus macrorhynchos", "species_com": "Large-billed Crow / Hashibutogarasu" }, "geometry": { "type": "Point", "coordinates": [ 127.2762, 37.9764 ] } },
{ "type": "Feature", "properties": { "decimalLatitude": 43.0496, "decimalLongitude": 141.4096, "month": 2, "species_sci": "Corvus macrorhynchos", "species_com": "Large-billed Crow / Hashibutogarasu" }, "geometry": { "type": "Point", "coordinates": [ 141.4096, 43.0496 ] } },
{ "type": "Feature", "properties": { "decimalLatitude": 13.7358, "decimalLongitude": 100.524, "month": 2, "species_sci": "Corvus macrorhynchos", "species_com": "Large-billed Crow / Hashibutogarasu" }, "geometry": { "type": "Point", "coordinates": [ 100.524, 13.7358 ] } },
{ "type": "Feature", "properties": { "decimalLatitude": 43.0734, "decimalLongitude": 141.3647, "month": 2, "species_sci": "Corvus macrorhynchos", "species_com": "Large-billed Crow / Hashibutogarasu" }, "geometry": { "type": "Point", "coordinates": [ 141.3647, 43.0734 ] } },
{ "type": "Feature", "properties": { "decimalLatitude": 8.3742, "decimalLongitude": 80.0742, "month": 2, "species_sci": "Corvus macrorhynchos", "species_com": "Large-billed Crow / Hashibutogarasu" }, "geometry": { "type": "Point", "coordinates": [ 80.0742, 8.3742 ] } },
{ "type": "Feature", "properties": { "decimalLatitude": 6.9678, "decimalLongitude": 80.7697, "month": 2, "species_sci": "Corvus macrorhynchos", "species_com": "Large-billed Crow / Hashibutogarasu" }, "geometry": { "type": "Point", "coordinates": [ 80.7697, 6.9678 ] } },
{ "type": "Feature", "properties": { "decimalLatitude": 35.7886, "decimalLongitude": 140.363, "month": 2, "species_sci": "Corvus macrorhynchos", "species_com": "Large-billed Crow / Hashibutogarasu" }, "geometry": { "type": "Point", "coordinates": [ 140.363, 35.7886 ] } },
{ "type": "Feature", "properties": { "decimalLatitude": 37.9761, "decimalLongitude": 127.2742, "month": 2, "species_sci": "Corvus macrorhynchos", "species_com": "Large-billed Crow / Hashibutogarasu" }, "geometry": { "type": "Point", "coordinates": [ 127.2742, 37.9761 ] } },
{ "type": "Feature", "properties": { "decimalLatitude": 36.2972, "decimalLongitude": 139.1162, "month": 2, "species_sci": "Corvus macrorhynchos", "species_com": "Large-billed Crow / Hashibutogarasu" }, "geometry": { "type": "Point", "coordinates": [ 139.1162, 36.2972 ] } },
{ "type": "Feature", "properties": { "decimalLatitude": 37.9743, "decimalLongitude": 127.2737, "month": 2, "species_sci": "Corvus macrorhynchos", "species_com": "Large-billed Crow / Hashibutogarasu" }, "geometry": { "type": "Point", "coordinates": [ 127.2737, 37.9743 ] } },
{ "type": "Feature", "properties": { "decimalLatitude": 43.0497, "decimalLongitude": 141.4002, "month": 2, "species_sci": "Corvus macrorhynchos", "species_com": "Large-billed Crow / Hashibutogarasu" }, "geometry": { "type": "Point", "coordinates": [ 141.4002, 43.0497 ] } },
{ "type": "Feature", "properties": { "decimalLatitude": 35.678, "decimalLongitude": 139.6962, "month": 2, "species_sci": "Corvus macrorhynchos", "species_com": "Large-billed Crow / Hashibutogarasu" }, "geometry": { "type": "Point", "coordinates": [ 139.6962, 35.678 ] } },
{ "type": "Feature", "properties": { "decimalLatitude": 43.0533, "decimalLongitude": 141.4017, "month": 2, "species_sci": "Corvus macrorhynchos", "species_com": "Large-billed Crow / Hashibutogarasu" }, "geometry": { "type": "Point", "coordinates": [ 141.4017, 43.0533 ] } },
{ "type": "Feature", "properties": { "decimalLatitude": 13.7335, "decimalLongitude": 100.5412, "month": 2, "species_sci": "Corvus macrorhynchos", "species_com": "Large-billed Crow / Hashibutogarasu" }, "geometry": { "type": "Point", "coordinates": [ 100.5412, 13.7335 ] } },
{ "type": "Feature", "properties": { "decimalLatitude": 43.0846, "decimalLongitude": 141.2925, "month": 2, "species_sci": "Corvus macrorhynchos", "species_com": "Large-billed Crow / Hashibutogarasu" }, "geometry": { "type": "Point", "coordinates": [ 141.2925, 43.0846 ] } },
{ "type": "Feature", "properties": { "decimalLatitude": 32.5795, "decimalLongitude": 104.7571, "month": 2, "species_sci": "Corvus macrorhynchos", "species_com": "Large-billed Crow / Hashibutogarasu" }, "geometry": { "type": "Point", "coordinates": [ 104.7571, 32.5795 ] } },
{ "type": "Feature", "properties": { "decimalLatitude": 35.6489, "decimalLongitude": 139.4606, "month": 2, "species_sci": "Corvus macrorhynchos", "species_com": "Large-billed Crow / Hashibutogarasu" }, "geometry": { "type": "Point", "coordinates": [ 139.4606, 35.6489 ] } },
{ "type": "Feature", "properties": { "decimalLatitude": 35.2339, "decimalLongitude": 129.0112, "month": 2, "species_sci": "Corvus macrorhynchos", "species_com": "Large-billed Crow / Hashibutogarasu" }, "geometry": { "type": "Point", "coordinates": [ 129.0112, 35.2339 ] } },
{ "type": "Feature", "properties": { "decimalLatitude": 35.7115, "decimalLongitude": 139.8022, "month": 2, "species_sci": "Corvus macrorhynchos", "species_com": "Large-billed Crow / Hashibutogarasu" }, "geometry": { "type": "Point", "coordinates": [ 139.8022, 35.7115 ] } },
{ "type": "Feature", "properties": { "decimalLatitude": 36.5667, "decimalLongitude": 136.6599, "month": 2, "species_sci": "Corvus macrorhynchos", "species_com": "Large-billed Crow / Hashibutogarasu" }, "geometry": { "type": "Point", "coordinates": [ 136.6599, 36.5667 ] } },
{ "type": "Feature", "properties": { "decimalLatitude": 35.7163, "decimalLongitude": 139.5111, "month": 2, "species_sci": "Corvus macrorhynchos", "species_com": "Large-billed Crow / Hashibutogarasu" }, "geometry": { "type": "Point", "coordinates": [ 139.5111, 35.7163 ] } },
{ "type": "Feature", "properties": { "decimalLatitude": 22.5205, "decimalLongitude": 113.9943, "month": 2, "species_sci": "Corvus macrorhynchos", "species_com": "Large-billed Crow / Hashibutogarasu" }, "geometry": { "type": "Point", "coordinates": [ 113.9943, 22.5205 ] } },
{ "type": "Feature", "properties": { "decimalLatitude": 39.9421, "decimalLongitude": 116.3367, "month": 2, "species_sci": "Corvus macrorhynchos", "species_com": "Large-billed Crow / Hashibutogarasu" }, "geometry": { "type": "Point", "coordinates": [ 116.3367, 39.9421 ] } },
{ "type": "Feature", "properties": { "decimalLatitude": 35.6559, "decimalLongitude": 139.7594, "month": 2, "species_sci": "Corvus macrorhynchos", "species_com": "Large-billed Crow / Hashibutogarasu" }, "geometry": { "type": "Point", "coordinates": [ 139.7594, 35.6559 ] } },
{ "type": "Feature", "properties": { "decimalLatitude": 35.7094, "decimalLongitude": 139.7972, "month": 2, "species_sci": "Corvus macrorhynchos", "species_com": "Large-billed Crow / Hashibutogarasu" }, "geometry": { "type": "Point", "coordinates": [ 139.7972, 35.7094 ] } },
{ "type": "Feature", "properties": { "decimalLatitude": 28.532, "decimalLongitude": 77.1748, "month": 2, "species_sci": "Corvus macrorhynchos", "species_com": "Large-billed Crow / Hashibutogarasu" }, "geometry": { "type": "Point", "coordinates": [ 77.1748, 28.532 ] } },
{ "type": "Feature", "properties": { "decimalLatitude": 35.7823, "decimalLongitude": 139.8745, "month": 2, "species_sci": "Corvus macrorhynchos", "species_com": "Large-billed Crow / Hashibutogarasu" }, "geometry": { "type": "Point", "coordinates": [ 139.8745, 35.7823 ] } },
{ "type": "Feature", "properties": { "decimalLatitude": 35.1532, "decimalLongitude": 129.0723, "month": 2, "species_sci": "Corvus macrorhynchos", "species_com": "Large-billed Crow / Hashibutogarasu" }, "geometry": { "type": "Point", "coordinates": [ 129.0723, 35.1532 ] } },
{ "type": "Feature", "properties": { "decimalLatitude": 8.4418, "decimalLongitude": 79.9832, "month": 2, "species_sci": "Corvus macrorhynchos", "species_com": "Large-billed Crow / Hashibutogarasu" }, "geometry": { "type": "Point", "coordinates": [ 79.9832, 8.4418 ] } },
{ "type": "Feature", "properties": { "decimalLatitude": 26.695, "decimalLongitude": 127.8771, "month": 2, "species_sci": "Corvus macrorhynchos", "species_com": "Large-billed Crow / Hashibutogarasu" }, "geometry": { "type": "Point", "coordinates": [ 127.8771, 26.695 ] } },
{ "type": "Feature", "properties": { "decimalLatitude": 13.8032, "decimalLongitude": 100.5524, "month": 2, "species_sci": "Corvus macrorhynchos", "species_com": "Large-billed Crow / Hashibutogarasu" }, "geometry": { "type": "Point", "coordinates": [ 100.5524, 13.8032 ] } },
{ "type": "Feature", "properties": { "decimalLatitude": 34.6859, "decimalLongitude": 135.5261, "month": 2, "species_sci": "Corvus macrorhynchos", "species_com": "Large-billed Crow / Hashibutogarasu" }, "geometry": { "type": "Point", "coordinates": [ 135.5261, 34.6859 ] } },
{ "type": "Feature", "properties": { "decimalLatitude": 13.7523, "decimalLongitude": 100.568, "month": 2, "species_sci": "Corvus macrorhynchos", "species_com": "Large-billed Crow / Hashibutogarasu" }, "geometry": { "type": "Point", "coordinates": [ 100.568, 13.7523 ] } },
{ "type": "Feature", "properties": { "decimalLatitude": 22.6782, "decimalLongitude": 113.8161, "month": 2, "species_sci": "Corvus macrorhynchos", "species_com": "Large-billed Crow / Hashibutogarasu" }, "geometry": { "type": "Point", "coordinates": [ 113.8161, 22.6782 ] } },
{ "type": "Feature", "properties": { "decimalLatitude": 13.6991, "decimalLongitude": 100.5657, "month": 2, "species_sci": "Corvus macrorhynchos", "species_com": "Large-billed Crow / Hashibutogarasu" }, "geometry": { "type": "Point", "coordinates": [ 100.5657, 13.6991 ] } },
{ "type": "Feature", "properties": { "decimalLatitude": 37.3942, "decimalLongitude": 126.6761, "month": 2, "species_sci": "Corvus macrorhynchos", "species_com": "Large-billed Crow / Hashibutogarasu" }, "geometry": { "type": "Point", "coordinates": [ 126.6761, 37.3942 ] } },
{ "type": "Feature", "properties": { "decimalLatitude": 35.6719, "decimalLongitude": 139.6957, "month": 2, "species_sci": "Corvus macrorhynchos", "species_com": "Large-billed Crow / Hashibutogarasu" }, "geometry": { "type": "Point", "coordinates": [ 139.6957, 35.6719 ] } },
{ "type": "Feature", "properties": { "decimalLatitude": 26.7662, "decimalLongitude": 78.6416, "month": 2, "species_sci": "Corvus macrorhynchos", "species_com": "Large-billed Crow / Hashibutogarasu" }, "geometry": { "type": "Point", "coordinates": [ 78.6416, 26.7662 ] } },
{ "type": "Feature", "properties": { "decimalLatitude": 37.2983, "decimalLongitude": 127.0679, "month": 2, "species_sci": "Corvus macrorhynchos", "species_com": "Large-billed Crow / Hashibutogarasu" }, "geometry": { "type": "Point", "coordinates": [ 127.0679, 37.2983 ] } },
{ "type": "Feature", "properties": { "decimalLatitude": 13.7334, "decimalLongitude": 100.5415, "month": 2, "species_sci": "Corvus macrorhynchos", "species_com": "Large-billed Crow / Hashibutogarasu" }, "geometry": { "type": "Point", "coordinates": [ 100.5415, 13.7334 ] } },
{ "type": "Feature", "properties": { "decimalLatitude": 13.7563, "decimalLongitude": 100.5018, "month": 2, "species_sci": "Corvus macrorhynchos", "species_com": "Large-billed Crow / Hashibutogarasu" }, "geometry": { "type": "Point", "coordinates": [ 100.5018, 13.7563 ] } },
{ "type": "Feature", "properties": { "decimalLatitude": 35.6975, "decimalLongitude": 139.7018, "month": 2, "species_sci": "Corvus macrorhynchos", "species_com": "Large-billed Crow / Hashibutogarasu" }, "geometry": { "type": "Point", "coordinates": [ 139.7018, 35.6975 ] } },
{ "type": "Feature", "properties": { "decimalLatitude": 43.047, "decimalLongitude": 141.395, "month": 2, "species_sci": "Corvus macrorhynchos", "species_com": "Large-billed Crow / Hashibutogarasu" }, "geometry": { "type": "Point", "coordinates": [ 141.395, 43.047 ] } },
{ "type": "Feature", "properties": { "decimalLatitude": 35.7886, "decimalLongitude": 140.3636, "month": 2, "species_sci": "Corvus macrorhynchos", "species_com": "Large-billed Crow / Hashibutogarasu" }, "geometry": { "type": "Point", "coordinates": [ 140.3636, 35.7886 ] } },
{ "type": "Feature", "properties": { "decimalLatitude": 33.4827, "decimalLongitude": 126.9018, "month": 2, "species_sci": "Corvus macrorhynchos", "species_com": "Large-billed Crow / Hashibutogarasu" }, "geometry": { "type": "Point", "coordinates": [ 126.9018, 33.4827 ] } },
{ "type": "Feature", "properties": { "decimalLatitude": 13.7399, "decimalLongitude": 100.5273, "month": 2, "species_sci": "Corvus macrorhynchos", "species_com": "Large-billed Crow / Hashibutogarasu" }, "geometry": { "type": "Point", "coordinates": [ 100.5273, 13.7399 ] } },
{ "type": "Feature", "properties": { "decimalLatitude": 35.6735, "decimalLongitude": 139.6986, "month": 2, "species_sci": "Corvus macrorhynchos", "species_com": "Large-billed Crow / Hashibutogarasu" }, "geometry": { "type": "Point", "coordinates": [ 139.6986, 35.6735 ] } },
{ "type": "Feature", "properties": { "decimalLatitude": 38.267, "decimalLongitude": 140.8504, "month": 2, "species_sci": "Corvus macrorhynchos", "species_com": "Large-billed Crow / Hashibutogarasu" }, "geometry": { "type": "Point", "coordinates": [ 140.8504, 38.267 ] } },
{ "type": "Feature", "properties": { "decimalLatitude": 43.0503, "decimalLongitude": 141.4078, "month": 2, "species_sci": "Corvus macrorhynchos", "species_com": "Large-billed Crow / Hashibutogarasu" }, "geometry": { "type": "Point", "coordinates": [ 141.4078, 43.0503 ] } },
{ "type": "Feature", "properties": { "decimalLatitude": 27.171, "decimalLongitude": 77.5093, "month": 2, "species_sci": "Corvus macrorhynchos", "species_com": "Large-billed Crow / Hashibutogarasu" }, "geometry": { "type": "Point", "coordinates": [ 77.5093, 27.171 ] } },
{ "type": "Feature", "properties": { "decimalLatitude": 27.8009, "decimalLongitude": 86.7183, "month": 2, "species_sci": "Corvus macrorhynchos", "species_com": "Large-billed Crow / Hashibutogarasu" }, "geometry": { "type": "Point", "coordinates": [ 86.7183, 27.8009 ] } },
{ "type": "Feature", "properties": { "decimalLatitude": 37.9767, "decimalLongitude": 127.2756, "month": 2, "species_sci": "Corvus macrorhynchos", "species_com": "Large-billed Crow / Hashibutogarasu" }, "geometry": { "type": "Point", "coordinates": [ 127.2756, 37.9767 ] } },
{ "type": "Feature", "properties": { "decimalLatitude": 13.7639, "decimalLongitude": 100.4951, "month": 2, "species_sci": "Corvus macrorhynchos", "species_com": "Large-billed Crow / Hashibutogarasu" }, "geometry": { "type": "Point", "coordinates": [ 100.4951, 13.7639 ] } },
{ "type": "Feature", "properties": { "decimalLatitude": 35.6852, "decimalLongitude": 139.7101, "month": 2, "species_sci": "Corvus macrorhynchos", "species_com": "Large-billed Crow / Hashibutogarasu" }, "geometry": { "type": "Point", "coordinates": [ 139.7101, 35.6852 ] } },
{ "type": "Feature", "properties": { "decimalLatitude": 43.0841, "decimalLongitude": 141.391, "month": 2, "species_sci": "Corvus macrorhynchos", "species_com": "Large-billed Crow / Hashibutogarasu" }, "geometry": { "type": "Point", "coordinates": [ 141.391, 43.0841 ] } },
{ "type": "Feature", "properties": { "decimalLatitude": 46.6201, "decimalLongitude": 142.9341, "month": 2, "species_sci": "Corvus macrorhynchos", "species_com": "Large-billed Crow / Hashibutogarasu" }, "geometry": { "type": "Point", "coordinates": [ 142.9341, 46.6201 ] } },
{ "type": "Feature", "properties": { "decimalLatitude": 14.0836, "decimalLongitude": 99.6903, "month": 2, "species_sci": "Corvus macrorhynchos", "species_com": "Large-billed Crow / Hashibutogarasu" }, "geometry": { "type": "Point", "coordinates": [ 99.6903, 14.0836 ] } },
{ "type": "Feature", "properties": { "decimalLatitude": 37.9765, "decimalLongitude": 127.2764, "month": 2, "species_sci": "Corvus macrorhynchos", "species_com": "Large-billed Crow / Hashibutogarasu" }, "geometry": { "type": "Point", "coordinates": [ 127.2764, 37.9765 ] } },
{ "type": "Feature", "properties": { "decimalLatitude": 35.6487, "decimalLongitude": 139.459, "month": 2, "species_sci": "Corvus macrorhynchos", "species_com": "Large-billed Crow / Hashibutogarasu" }, "geometry": { "type": "Point", "coordinates": [ 139.459, 35.6487 ] } },
{ "type": "Feature", "properties": { "decimalLatitude": 34.6996, "decimalLongitude": 135.712, "month": 2, "species_sci": "Corvus macrorhynchos", "species_com": "Large-billed Crow / Hashibutogarasu" }, "geometry": { "type": "Point", "coordinates": [ 135.712, 34.6996 ] } },
{ "type": "Feature", "properties": { "decimalLatitude": 43.0569, "decimalLongitude": 141.3951, "month": 2, "species_sci": "Corvus macrorhynchos", "species_com": "Large-billed Crow / Hashibutogarasu" }, "geometry": { "type": "Point", "coordinates": [ 141.3951, 43.0569 ] } },
{ "type": "Feature", "properties": { "decimalLatitude": 39.9307, "decimalLongitude": 116.3917, "month": 2, "species_sci": "Corvus macrorhynchos", "species_com": "Large-billed Crow / Hashibutogarasu" }, "geometry": { "type": "Point", "coordinates": [ 116.3917, 39.9307 ] } },
{ "type": "Feature", "properties": { "decimalLatitude": 35.7176, "decimalLongitude": 139.7758, "month": 3, "species_sci": "Corvus macrorhynchos", "species_com": "Large-billed Crow / Hashibutogarasu" }, "geometry": { "type": "Point", "coordinates": [ 139.7758, 35.7176 ] } },
{ "type": "Feature", "properties": { "decimalLatitude": 37.416, "decimalLongitude": 127.1203, "month": 3, "species_sci": "Corvus macrorhynchos", "species_com": "Large-billed Crow / Hashibutogarasu" }, "geometry": { "type": "Point", "coordinates": [ 127.1203, 37.416 ] } },
{ "type": "Feature", "properties": { "decimalLatitude": 35.7156, "decimalLongitude": 139.7745, "month": 3, "species_sci": "Corvus macrorhynchos", "species_com": "Large-billed Crow / Hashibutogarasu" }, "geometry": { "type": "Point", "coordinates": [ 139.7745, 35.7156 ] } },
{ "type": "Feature", "properties": { "decimalLatitude": 35.6518, "decimalLongitude": 139.4567, "month": 3, "species_sci": "Corvus macrorhynchos", "species_com": "Large-billed Crow / Hashibutogarasu" }, "geometry": { "type": "Point", "coordinates": [ 139.4567, 35.6518 ] } },
{ "type": "Feature", "properties": { "decimalLatitude": 12.5614, "decimalLongitude": 99.9247, "month": 3, "species_sci": "Corvus macrorhynchos", "species_com": "Large-billed Crow / Hashibutogarasu" }, "geometry": { "type": "Point", "coordinates": [ 99.9247, 12.5614 ] } },
{ "type": "Feature", "properties": { "decimalLatitude": 33.3696, "decimalLongitude": 126.5555, "month": 3, "species_sci": "Corvus macrorhynchos", "species_com": "Large-billed Crow / Hashibutogarasu" }, "geometry": { "type": "Point", "coordinates": [ 126.5555, 33.3696 ] } },
{ "type": "Feature", "properties": { "decimalLatitude": 35.6208, "decimalLongitude": 140.1125, "month": 3, "species_sci": "Corvus macrorhynchos", "species_com": "Large-billed Crow / Hashibutogarasu" }, "geometry": { "type": "Point", "coordinates": [ 140.1125, 35.6208 ] } },
{ "type": "Feature", "properties": { "decimalLatitude": 48.9701, "decimalLongitude": 140.2905, "month": 3, "species_sci": "Corvus macrorhynchos", "species_com": "Large-billed Crow / Hashibutogarasu" }, "geometry": { "type": "Point", "coordinates": [ 140.2905, 48.9701 ] } },
{ "type": "Feature", "properties": { "decimalLatitude": 37.4589, "decimalLongitude": 128.1457, "month": 3, "species_sci": "Corvus macrorhynchos", "species_com": "Large-billed Crow / Hashibutogarasu" }, "geometry": { "type": "Point", "coordinates": [ 128.1457, 37.4589 ] } },
{ "type": "Feature", "properties": { "decimalLatitude": 13.7137, "decimalLongitude": 100.5387, "month": 3, "species_sci": "Corvus macrorhynchos", "species_com": "Large-billed Crow / Hashibutogarasu" }, "geometry": { "type": "Point", "coordinates": [ 100.5387, 13.7137 ] } },
{ "type": "Feature", "properties": { "decimalLatitude": 28.2004, "decimalLongitude": 85.4605, "month": 3, "species_sci": "Corvus macrorhynchos", "species_com": "Large-billed Crow / Hashibutogarasu" }, "geometry": { "type": "Point", "coordinates": [ 85.4605, 28.2004 ] } },
{ "type": "Feature", "properties": { "decimalLatitude": 37.9766, "decimalLongitude": 127.2779, "month": 3, "species_sci": "Corvus macrorhynchos", "species_com": "Large-billed Crow / Hashibutogarasu" }, "geometry": { "type": "Point", "coordinates": [ 127.2779, 37.9766 ] } },
{ "type": "Feature", "properties": { "decimalLatitude": 35.6991, "decimalLongitude": 139.5781, "month": 3, "species_sci": "Corvus macrorhynchos", "species_com": "Large-billed Crow / Hashibutogarasu" }, "geometry": { "type": "Point", "coordinates": [ 139.5781, 35.6991 ] } },
{ "type": "Feature", "properties": { "decimalLatitude": 35.6933, "decimalLongitude": 139.6338, "month": 3, "species_sci": "Corvus macrorhynchos", "species_com": "Large-billed Crow / Hashibutogarasu" }, "geometry": { "type": "Point", "coordinates": [ 139.6338, 35.6933 ] } },
{ "type": "Feature", "properties": { "decimalLatitude": 36.0166, "decimalLongitude": 126.7713, "month": 3, "species_sci": "Corvus macrorhynchos", "species_com": "Large-billed Crow / Hashibutogarasu" }, "geometry": { "type": "Point", "coordinates": [ 126.7713, 36.0166 ] } },
{ "type": "Feature", "properties": { "decimalLatitude": 37.9769, "decimalLongitude": 127.277, "month": 3, "species_sci": "Corvus macrorhynchos", "species_com": "Large-billed Crow / Hashibutogarasu" }, "geometry": { "type": "Point", "coordinates": [ 127.277, 37.9769 ] } },
{ "type": "Feature", "properties": { "decimalLatitude": 36.5642, "decimalLongitude": 136.6589, "month": 3, "species_sci": "Corvus macrorhynchos", "species_com": "Large-billed Crow / Hashibutogarasu" }, "geometry": { "type": "Point", "coordinates": [ 136.6589, 36.5642 ] } },
{ "type": "Feature", "properties": { "decimalLatitude": 35.5415, "decimalLongitude": 139.6351, "month": 3, "species_sci": "Corvus macrorhynchos", "species_com": "Large-billed Crow / Hashibutogarasu" }, "geometry": { "type": "Point", "coordinates": [ 139.6351, 35.5415 ] } },
{ "type": "Feature", "properties": { "decimalLatitude": 13.7295, "decimalLongitude": 100.5561, "month": 3, "species_sci": "Corvus macrorhynchos", "species_com": "Large-billed Crow / Hashibutogarasu" }, "geometry": { "type": "Point", "coordinates": [ 100.5561, 13.7295 ] } },
{ "type": "Feature", "properties": { "decimalLatitude": 13.308, "decimalLongitude": 103.6842, "month": 3, "species_sci": "Corvus macrorhynchos", "species_com": "Large-billed Crow / Hashibutogarasu" }, "geometry": { "type": "Point", "coordinates": [ 103.6842, 13.308 ] } },
{ "type": "Feature", "properties": { "decimalLatitude": 37.4695, "decimalLongitude": 126.9421, "month": 3, "species_sci": "Corvus macrorhynchos", "species_com": "Large-billed Crow / Hashibutogarasu" }, "geometry": { "type": "Point", "coordinates": [ 126.9421, 37.4695 ] } },
{ "type": "Feature", "properties": { "decimalLatitude": 13.74, "decimalLongitude": 100.5234, "month": 3, "species_sci": "Corvus macrorhynchos", "species_com": "Large-billed Crow / Hashibutogarasu" }, "geometry": { "type": "Point", "coordinates": [ 100.5234, 13.74 ] } },
{ "type": "Feature", "properties": { "decimalLatitude": 34.6834, "decimalLongitude": 135.5298, "month": 3, "species_sci": "Corvus macrorhynchos", "species_com": "Large-billed Crow / Hashibutogarasu" }, "geometry": { "type": "Point", "coordinates": [ 135.5298, 34.6834 ] } },
{ "type": "Feature", "properties": { "decimalLatitude": 37.3919, "decimalLongitude": 126.6797, "month": 3, "species_sci": "Corvus macrorhynchos", "species_com": "Large-billed Crow / Hashibutogarasu" }, "geometry": { "type": "Point", "coordinates": [ 126.6797, 37.3919 ] } },
{ "type": "Feature", "properties": { "decimalLatitude": 37.9814, "decimalLongitude": 127.279, "month": 3, "species_sci": "Corvus macrorhynchos", "species_com": "Large-billed Crow / Hashibutogarasu" }, "geometry": { "type": "Point", "coordinates": [ 127.279, 37.9814 ] } },
{ "type": "Feature", "properties": { "decimalLatitude": 43.0319, "decimalLongitude": 131.8928, "month": 3, "species_sci": "Corvus macrorhynchos", "species_com": "Large-billed Crow / Hashibutogarasu" }, "geometry": { "type": "Point", "coordinates": [ 131.8928, 43.0319 ] } },
{ "type": "Feature", "properties": { "decimalLatitude": 22.2609, "decimalLongitude": 114.2385, "month": 3, "species_sci": "Corvus macrorhynchos", "species_com": "Large-billed Crow / Hashibutogarasu" }, "geometry": { "type": "Point", "coordinates": [ 114.2385, 22.2609 ] } },
{ "type": "Feature", "properties": { "decimalLatitude": 26.6494, "decimalLongitude": 93.367, "month": 3, "species_sci": "Corvus macrorhynchos", "species_com": "Large-billed Crow / Hashibutogarasu" }, "geometry": { "type": "Point", "coordinates": [ 93.367, 26.6494 ] } },
{ "type": "Feature", "properties": { "decimalLatitude": 11.4347, "decimalLongitude": 76.8597, "month": 3, "species_sci": "Corvus macrorhynchos", "species_com": "Large-billed Crow / Hashibutogarasu" }, "geometry": { "type": "Point", "coordinates": [ 76.8597, 11.4347 ] } },
{ "type": "Feature", "properties": { "decimalLatitude": 34.6829, "decimalLongitude": 135.5299, "month": 3, "species_sci": "Corvus macrorhynchos", "species_com": "Large-billed Crow / Hashibutogarasu" }, "geometry": { "type": "Point", "coordinates": [ 135.5299, 34.6829 ] } },
{ "type": "Feature", "properties": { "decimalLatitude": 12.8741, "decimalLongitude": 77.5236, "month": 3, "species_sci": "Corvus macrorhynchos", "species_com": "Large-billed Crow / Hashibutogarasu" }, "geometry": { "type": "Point", "coordinates": [ 77.5236, 12.8741 ] } },
{ "type": "Feature", "properties": { "decimalLatitude": 35.6682, "decimalLongitude": 139.7356, "month": 3, "species_sci": "Corvus macrorhynchos", "species_com": "Large-billed Crow / Hashibutogarasu" }, "geometry": { "type": "Point", "coordinates": [ 139.7356, 35.6682 ] } },
{ "type": "Feature", "properties": { "decimalLatitude": 13.581, "decimalLongitude": 100.5907, "month": 3, "species_sci": "Corvus macrorhynchos", "species_com": "Large-billed Crow / Hashibutogarasu" }, "geometry": { "type": "Point", "coordinates": [ 100.5907, 13.581 ] } },
{ "type": "Feature", "properties": { "decimalLatitude": 35.0388, "decimalLongitude": 135.7899, "month": 3, "species_sci": "Corvus macrorhynchos", "species_com": "Large-billed Crow / Hashibutogarasu" }, "geometry": { "type": "Point", "coordinates": [ 135.7899, 35.0388 ] } },
{ "type": "Feature", "properties": { "decimalLatitude": 34.168, "decimalLongitude": 132.1779, "month": 3, "species_sci": "Corvus macrorhynchos", "species_com": "Large-billed Crow / Hashibutogarasu" }, "geometry": { "type": "Point", "coordinates": [ 132.1779, 34.168 ] } },
{ "type": "Feature", "properties": { "decimalLatitude": 8.4258, "decimalLongitude": 80.0139, "month": 3, "species_sci": "Corvus macrorhynchos", "species_com": "Large-billed Crow / Hashibutogarasu" }, "geometry": { "type": "Point", "coordinates": [ 80.0139, 8.4258 ] } },
{ "type": "Feature", "properties": { "decimalLatitude": 13.7314, "decimalLongitude": 100.5417, "month": 3, "species_sci": "Corvus macrorhynchos", "species_com": "Large-billed Crow / Hashibutogarasu" }, "geometry": { "type": "Point", "coordinates": [ 100.5417, 13.7314 ] } },
{ "type": "Feature", "properties": { "decimalLatitude": 14.1758, "decimalLongitude": 99.268, "month": 3, "species_sci": "Corvus macrorhynchos", "species_com": "Large-billed Crow / Hashibutogarasu" }, "geometry": { "type": "Point", "coordinates": [ 99.268, 14.1758 ] } },
{ "type": "Feature", "properties": { "decimalLatitude": 46.965, "decimalLongitude": 142.7472, "month": 3, "species_sci": "Corvus macrorhynchos", "species_com": "Large-billed Crow / Hashibutogarasu" }, "geometry": { "type": "Point", "coordinates": [ 142.7472, 46.965 ] } },
{ "type": "Feature", "properties": { "decimalLatitude": 10.9905, "decimalLongitude": 75.9178, "month": 3, "species_sci": "Corvus macrorhynchos", "species_com": "Large-billed Crow / Hashibutogarasu" }, "geometry": { "type": "Point", "coordinates": [ 75.9178, 10.9905 ] } },
{ "type": "Feature", "properties": { "decimalLatitude": 48.9684, "decimalLongitude": 140.2885, "month": 3, "species_sci": "Corvus macrorhynchos", "species_com": "Large-billed Crow / Hashibutogarasu" }, "geometry": { "type": "Point", "coordinates": [ 140.2885, 48.9684 ] } },
{ "type": "Feature", "properties": { "decimalLatitude": 37.9773, "decimalLongitude": 127.2762, "month": 3, "species_sci": "Corvus macrorhynchos", "species_com": "Large-billed Crow / Hashibutogarasu" }, "geometry": { "type": "Point", "coordinates": [ 127.2762, 37.9773 ] } },
{ "type": "Feature", "properties": { "decimalLatitude": 32.3327, "decimalLongitude": 78.0103, "month": 3, "species_sci": "Corvus macrorhynchos", "species_com": "Large-billed Crow / Hashibutogarasu" }, "geometry": { "type": "Point", "coordinates": [ 78.0103, 32.3327 ] } },
{ "type": "Feature", "properties": { "decimalLatitude": 31.5863, "decimalLongitude": 77.3527, "month": 3, "species_sci": "Corvus macrorhynchos", "species_com": "Large-billed Crow / Hashibutogarasu" }, "geometry": { "type": "Point", "coordinates": [ 77.3527, 31.5863 ] } },
{ "type": "Feature", "properties": { "decimalLatitude": 29.3909, "decimalLongitude": 79.4394, "month": 3, "species_sci": "Corvus macrorhynchos", "species_com": "Large-billed Crow / Hashibutogarasu" }, "geometry": { "type": "Point", "coordinates": [ 79.4394, 29.3909 ] } },
{ "type": "Feature", "properties": { "decimalLatitude": 13.7381, "decimalLongitude": 100.5311, "month": 3, "species_sci": "Corvus macrorhynchos", "species_com": "Large-billed Crow / Hashibutogarasu" }, "geometry": { "type": "Point", "coordinates": [ 100.5311, 13.7381 ] } },
{ "type": "Feature", "properties": { "decimalLatitude": 37.6419, "decimalLongitude": 127.1036, "month": 3, "species_sci": "Corvus macrorhynchos", "species_com": "Large-billed Crow / Hashibutogarasu" }, "geometry": { "type": "Point", "coordinates": [ 127.1036, 37.6419 ] } },
{ "type": "Feature", "properties": { "decimalLatitude": 34.9699, "decimalLongitude": 135.7764, "month": 3, "species_sci": "Corvus macrorhynchos", "species_com": "Large-billed Crow / Hashibutogarasu" }, "geometry": { "type": "Point", "coordinates": [ 135.7764, 34.9699 ] } },
{ "type": "Feature", "properties": { "decimalLatitude": 13.7021, "decimalLongitude": 100.6269, "month": 3, "species_sci": "Corvus macrorhynchos", "species_com": "Large-billed Crow / Hashibutogarasu" }, "geometry": { "type": "Point", "coordinates": [ 100.6269, 13.7021 ] } },
{ "type": "Feature", "properties": { "decimalLatitude": 37.3518, "decimalLongitude": 127.0824, "month": 3, "species_sci": "Corvus macrorhynchos", "species_com": "Large-billed Crow / Hashibutogarasu" }, "geometry": { "type": "Point", "coordinates": [ 127.0824, 37.3518 ] } },
{ "type": "Feature", "properties": { "decimalLatitude": 35.6498, "decimalLongitude": 139.4626, "month": 3, "species_sci": "Corvus macrorhynchos", "species_com": "Large-billed Crow / Hashibutogarasu" }, "geometry": { "type": "Point", "coordinates": [ 139.4626, 35.6498 ] } },
{ "type": "Feature", "properties": { "decimalLatitude": 37.9743, "decimalLongitude": 127.2738, "month": 3, "species_sci": "Corvus macrorhynchos", "species_com": "Large-billed Crow / Hashibutogarasu" }, "geometry": { "type": "Point", "coordinates": [ 127.2738, 37.9743 ] } },
{ "type": "Feature", "properties": { "decimalLatitude": 35.6725, "decimalLongitude": 139.7005, "month": 3, "species_sci": "Corvus macrorhynchos", "species_com": "Large-billed Crow / Hashibutogarasu" }, "geometry": { "type": "Point", "coordinates": [ 139.7005, 35.6725 ] } },
{ "type": "Feature", "properties": { "decimalLatitude": 35.8252, "decimalLongitude": 128.5817, "month": 3, "species_sci": "Corvus macrorhynchos", "species_com": "Large-billed Crow / Hashibutogarasu" }, "geometry": { "type": "Point", "coordinates": [ 128.5817, 35.8252 ] } },
{ "type": "Feature", "properties": { "decimalLatitude": 33.4309, "decimalLongitude": 126.6377, "month": 3, "species_sci": "Corvus macrorhynchos", "species_com": "Large-billed Crow / Hashibutogarasu" }, "geometry": { "type": "Point", "coordinates": [ 126.6377, 33.4309 ] } },
{ "type": "Feature", "properties": { "decimalLatitude": 37.9774, "decimalLongitude": 127.2762, "month": 3, "species_sci": "Corvus macrorhynchos", "species_com": "Large-billed Crow / Hashibutogarasu" }, "geometry": { "type": "Point", "coordinates": [ 127.2762, 37.9774 ] } },
{ "type": "Feature", "properties": { "decimalLatitude": 1.2818, "decimalLongitude": 103.8671, "month": 3, "species_sci": "Corvus macrorhynchos", "species_com": "Large-billed Crow / Hashibutogarasu" }, "geometry": { "type": "Point", "coordinates": [ 103.8671, 1.2818 ] } },
{ "type": "Feature", "properties": { "decimalLatitude": 28.209, "decimalLongitude": 85.4766, "month": 3, "species_sci": "Corvus macrorhynchos", "species_com": "Large-billed Crow / Hashibutogarasu" }, "geometry": { "type": "Point", "coordinates": [ 85.4766, 28.209 ] } },
{ "type": "Feature", "properties": { "decimalLatitude": 13.0207, "decimalLongitude": 80.2644, "month": 3, "species_sci": "Corvus macrorhynchos", "species_com": "Large-billed Crow / Hashibutogarasu" }, "geometry": { "type": "Point", "coordinates": [ 80.2644, 13.0207 ] } },
{ "type": "Feature", "properties": { "decimalLatitude": 46.965, "decimalLongitude": 142.748, "month": 3, "species_sci": "Corvus macrorhynchos", "species_com": "Large-billed Crow / Hashibutogarasu" }, "geometry": { "type": "Point", "coordinates": [ 142.748, 46.965 ] } },
{ "type": "Feature", "properties": { "decimalLatitude": 13.7306, "decimalLongitude": 100.5575, "month": 3, "species_sci": "Corvus macrorhynchos", "species_com": "Large-billed Crow / Hashibutogarasu" }, "geometry": { "type": "Point", "coordinates": [ 100.5575, 13.7306 ] } },
{ "type": "Feature", "properties": { "decimalLatitude": 13.2095, "decimalLongitude": 103.7029, "month": 3, "species_sci": "Corvus macrorhynchos", "species_com": "Large-billed Crow / Hashibutogarasu" }, "geometry": { "type": "Point", "coordinates": [ 103.7029, 13.2095 ] } },
{ "type": "Feature", "properties": { "decimalLatitude": 35.716, "decimalLongitude": 139.7729, "month": 3, "species_sci": "Corvus macrorhynchos", "species_com": "Large-billed Crow / Hashibutogarasu" }, "geometry": { "type": "Point", "coordinates": [ 139.7729, 35.716 ] } },
{ "type": "Feature", "properties": { "decimalLatitude": 13.0581, "decimalLongitude": 100.1031, "month": 3, "species_sci": "Corvus macrorhynchos", "species_com": "Large-billed Crow / Hashibutogarasu" }, "geometry": { "type": "Point", "coordinates": [ 100.1031, 13.0581 ] } },
{ "type": "Feature", "properties": { "decimalLatitude": 29.0136, "decimalLongitude": 95.9584, "month": 3, "species_sci": "Corvus macrorhynchos", "species_com": "Large-billed Crow / Hashibutogarasu" }, "geometry": { "type": "Point", "coordinates": [ 95.9584, 29.0136 ] } },
{ "type": "Feature", "properties": { "decimalLatitude": 34.7288, "decimalLongitude": 135.2351, "month": 3, "species_sci": "Corvus macrorhynchos", "species_com": "Large-billed Crow / Hashibutogarasu" }, "geometry": { "type": "Point", "coordinates": [ 135.2351, 34.7288 ] } },
{ "type": "Feature", "properties": { "decimalLatitude": 13.7304, "decimalLongitude": 100.5572, "month": 3, "species_sci": "Corvus macrorhynchos", "species_com": "Large-billed Crow / Hashibutogarasu" }, "geometry": { "type": "Point", "coordinates": [ 100.5572, 13.7304 ] } },
{ "type": "Feature", "properties": { "decimalLatitude": 40.0152, "decimalLongitude": 116.3897, "month": 3, "species_sci": "Corvus macrorhynchos", "species_com": "Large-billed Crow / Hashibutogarasu" }, "geometry": { "type": "Point", "coordinates": [ 116.3897, 40.0152 ] } },
{ "type": "Feature", "properties": { "decimalLatitude": 11.9736, "decimalLongitude": 75.9972, "month": 3, "species_sci": "Corvus macrorhynchos", "species_com": "Large-billed Crow / Hashibutogarasu" }, "geometry": { "type": "Point", "coordinates": [ 75.9972, 11.9736 ] } },
{ "type": "Feature", "properties": { "decimalLatitude": 7.2932, "decimalLongitude": 80.639, "month": 3, "species_sci": "Corvus macrorhynchos", "species_com": "Large-billed Crow / Hashibutogarasu" }, "geometry": { "type": "Point", "coordinates": [ 80.639, 7.2932 ] } },
{ "type": "Feature", "properties": { "decimalLatitude": 14.4013, "decimalLongitude": 99.1188, "month": 3, "species_sci": "Corvus macrorhynchos", "species_com": "Large-billed Crow / Hashibutogarasu" }, "geometry": { "type": "Point", "coordinates": [ 99.1188, 14.4013 ] } },
{ "type": "Feature", "properties": { "decimalLatitude": 38.2581, "decimalLongitude": 140.8597, "month": 3, "species_sci": "Corvus macrorhynchos", "species_com": "Large-billed Crow / Hashibutogarasu" }, "geometry": { "type": "Point", "coordinates": [ 140.8597, 38.2581 ] } },
{ "type": "Feature", "properties": { "decimalLatitude": 37.4227, "decimalLongitude": 127.117, "month": 3, "species_sci": "Corvus macrorhynchos", "species_com": "Large-billed Crow / Hashibutogarasu" }, "geometry": { "type": "Point", "coordinates": [ 127.117, 37.4227 ] } },
{ "type": "Feature", "properties": { "decimalLatitude": 11.5066, "decimalLongitude": 92.7015, "month": 3, "species_sci": "Corvus macrorhynchos", "species_com": "Large-billed Crow / Hashibutogarasu" }, "geometry": { "type": "Point", "coordinates": [ 92.7015, 11.5066 ] } },
{ "type": "Feature", "properties": { "decimalLatitude": 1.2796, "decimalLongitude": 103.8706, "month": 3, "species_sci": "Corvus macrorhynchos", "species_com": "Large-billed Crow / Hashibutogarasu" }, "geometry": { "type": "Point", "coordinates": [ 103.8706, 1.2796 ] } },
{ "type": "Feature", "properties": { "decimalLatitude": 36.4908, "decimalLongitude": 127.2738, "month": 3, "species_sci": "Corvus macrorhynchos", "species_com": "Large-billed Crow / Hashibutogarasu" }, "geometry": { "type": "Point", "coordinates": [ 127.2738, 36.4908 ] } },
{ "type": "Feature", "properties": { "decimalLatitude": 39.9164, "decimalLongitude": 116.3972, "month": 3, "species_sci": "Corvus macrorhynchos", "species_com": "Large-billed Crow / Hashibutogarasu" }, "geometry": { "type": "Point", "coordinates": [ 116.3972, 39.9164 ] } },
{ "type": "Feature", "properties": { "decimalLatitude": 35.002, "decimalLongitude": 135.7711, "month": 3, "species_sci": "Corvus macrorhynchos", "species_com": "Large-billed Crow / Hashibutogarasu" }, "geometry": { "type": "Point", "coordinates": [ 135.7711, 35.002 ] } },
{ "type": "Feature", "properties": { "decimalLatitude": 37.5352, "decimalLongitude": 127.0942, "month": 3, "species_sci": "Corvus macrorhynchos", "species_com": "Large-billed Crow / Hashibutogarasu" }, "geometry": { "type": "Point", "coordinates": [ 127.0942, 37.5352 ] } },
{ "type": "Feature", "properties": { "decimalLatitude": 34.3939, "decimalLongitude": 132.4762, "month": 3, "species_sci": "Corvus macrorhynchos", "species_com": "Large-billed Crow / Hashibutogarasu" }, "geometry": { "type": "Point", "coordinates": [ 132.4762, 34.3939 ] } },
{ "type": "Feature", "properties": { "decimalLatitude": 35.6694, "decimalLongitude": 139.65, "month": 3, "species_sci": "Corvus macrorhynchos", "species_com": "Large-billed Crow / Hashibutogarasu" }, "geometry": { "type": "Point", "coordinates": [ 139.65, 35.6694 ] } },
{ "type": "Feature", "properties": { "decimalLatitude": 37.9767, "decimalLongitude": 127.2757, "month": 3, "species_sci": "Corvus macrorhynchos", "species_com": "Large-billed Crow / Hashibutogarasu" }, "geometry": { "type": "Point", "coordinates": [ 127.2757, 37.9767 ] } },
{ "type": "Feature", "properties": { "decimalLatitude": 7.2669, "decimalLongitude": 80.7094, "month": 3, "species_sci": "Corvus macrorhynchos", "species_com": "Large-billed Crow / Hashibutogarasu" }, "geometry": { "type": "Point", "coordinates": [ 80.7094, 7.2669 ] } },
{ "type": "Feature", "properties": { "decimalLatitude": 12.9718, "decimalLongitude": 77.5895, "month": 3, "species_sci": "Corvus macrorhynchos", "species_com": "Large-billed Crow / Hashibutogarasu" }, "geometry": { "type": "Point", "coordinates": [ 77.5895, 12.9718 ] } },
{ "type": "Feature", "properties": { "decimalLatitude": 33.4228, "decimalLongitude": 126.6696, "month": 3, "species_sci": "Corvus macrorhynchos", "species_com": "Large-billed Crow / Hashibutogarasu" }, "geometry": { "type": "Point", "coordinates": [ 126.6696, 33.4228 ] } },
{ "type": "Feature", "properties": { "decimalLatitude": 35.1854, "decimalLongitude": 136.902, "month": 3, "species_sci": "Corvus macrorhynchos", "species_com": "Large-billed Crow / Hashibutogarasu" }, "geometry": { "type": "Point", "coordinates": [ 136.902, 35.1854 ] } },
{ "type": "Feature", "properties": { "decimalLatitude": 24.0543, "decimalLongitude": 123.7539, "month": 3, "species_sci": "Corvus macrorhynchos", "species_com": "Large-billed Crow / Hashibutogarasu" }, "geometry": { "type": "Point", "coordinates": [ 123.7539, 24.0543 ] } },
{ "type": "Feature", "properties": { "decimalLatitude": 37.759, "decimalLongitude": 126.6938, "month": 3, "species_sci": "Corvus macrorhynchos", "species_com": "Large-billed Crow / Hashibutogarasu" }, "geometry": { "type": "Point", "coordinates": [ 126.6938, 37.759 ] } },
{ "type": "Feature", "properties": { "decimalLatitude": 22.2831, "decimalLongitude": 114.1352, "month": 3, "species_sci": "Corvus macrorhynchos", "species_com": "Large-billed Crow / Hashibutogarasu" }, "geometry": { "type": "Point", "coordinates": [ 114.1352, 22.2831 ] } },
{ "type": "Feature", "properties": { "decimalLatitude": 34.6552, "decimalLongitude": 135.7238, "month": 3, "species_sci": "Corvus macrorhynchos", "species_com": "Large-billed Crow / Hashibutogarasu" }, "geometry": { "type": "Point", "coordinates": [ 135.7238, 34.6552 ] } },
{ "type": "Feature", "properties": { "decimalLatitude": 27.9037, "decimalLongitude": 99.6372, "month": 3, "species_sci": "Corvus macrorhynchos", "species_com": "Large-billed Crow / Hashibutogarasu" }, "geometry": { "type": "Point", "coordinates": [ 99.6372, 27.9037 ] } },
{ "type": "Feature", "properties": { "decimalLatitude": 37.9757, "decimalLongitude": 127.2808, "month": 3, "species_sci": "Corvus macrorhynchos", "species_com": "Large-billed Crow / Hashibutogarasu" }, "geometry": { "type": "Point", "coordinates": [ 127.2808, 37.9757 ] } },
{ "type": "Feature", "properties": { "decimalLatitude": 13.7312, "decimalLongitude": 100.54, "month": 3, "species_sci": "Corvus macrorhynchos", "species_com": "Large-billed Crow / Hashibutogarasu" }, "geometry": { "type": "Point", "coordinates": [ 100.54, 13.7312 ] } },
{ "type": "Feature", "properties": { "decimalLatitude": 43.0597, "decimalLongitude": 141.353, "month": 3, "species_sci": "Corvus macrorhynchos", "species_com": "Large-billed Crow / Hashibutogarasu" }, "geometry": { "type": "Point", "coordinates": [ 141.353, 43.0597 ] } },
{ "type": "Feature", "properties": { "decimalLatitude": 28.5447, "decimalLongitude": 84.7692, "month": 3, "species_sci": "Corvus macrorhynchos", "species_com": "Large-billed Crow / Hashibutogarasu" }, "geometry": { "type": "Point", "coordinates": [ 84.7692, 28.5447 ] } },
{ "type": "Feature", "properties": { "decimalLatitude": 27.8574, "decimalLongitude": 86.794, "month": 3, "species_sci": "Corvus macrorhynchos", "species_com": "Large-billed Crow / Hashibutogarasu" }, "geometry": { "type": "Point", "coordinates": [ 86.794, 27.8574 ] } },
{ "type": "Feature", "properties": { "decimalLatitude": 37.4774, "decimalLongitude": 127.0841, "month": 3, "species_sci": "Corvus macrorhynchos", "species_com": "Large-billed Crow / Hashibutogarasu" }, "geometry": { "type": "Point", "coordinates": [ 127.0841, 37.4774 ] } },
{ "type": "Feature", "properties": { "decimalLatitude": 37.9651, "decimalLongitude": 127.2603, "month": 3, "species_sci": "Corvus macrorhynchos", "species_com": "Large-billed Crow / Hashibutogarasu" }, "geometry": { "type": "Point", "coordinates": [ 127.2603, 37.9651 ] } },
{ "type": "Feature", "properties": { "decimalLatitude": 12.571, "decimalLongitude": 101.4639, "month": 3, "species_sci": "Corvus macrorhynchos", "species_com": "Large-billed Crow / Hashibutogarasu" }, "geometry": { "type": "Point", "coordinates": [ 101.4639, 12.571 ] } },
{ "type": "Feature", "properties": { "decimalLatitude": 6.8349, "decimalLongitude": 81.8303, "month": 3, "species_sci": "Corvus macrorhynchos", "species_com": "Large-billed Crow / Hashibutogarasu" }, "geometry": { "type": "Point", "coordinates": [ 81.8303, 6.8349 ] } },
{ "type": "Feature", "properties": { "decimalLatitude": 39.9168, "decimalLongitude": 116.3972, "month": 3, "species_sci": "Corvus macrorhynchos", "species_com": "Large-billed Crow / Hashibutogarasu" }, "geometry": { "type": "Point", "coordinates": [ 116.3972, 39.9168 ] } },
{ "type": "Feature", "properties": { "decimalLatitude": 28.209, "decimalLongitude": 85.4766, "month": 3, "species_sci": "Corvus macrorhynchos", "species_com": "Large-billed Crow / Hashibutogarasu" }, "geometry": { "type": "Point", "coordinates": [ 85.4766, 28.209 ] } },
{ "type": "Feature", "properties": { "decimalLatitude": 35.002, "decimalLongitude": 135.7711, "month": 3, "species_sci": "Corvus macrorhynchos", "species_com": "Large-billed Crow / Hashibutogarasu" }, "geometry": { "type": "Point", "coordinates": [ 135.7711, 35.002 ] } },
{ "type": "Feature", "properties": { "decimalLatitude": 43.6247, "decimalLongitude": 144.3656, "month": 3, "species_sci": "Corvus macrorhynchos", "species_com": "Large-billed Crow / Hashibutogarasu" }, "geometry": { "type": "Point", "coordinates": [ 144.3656, 43.6247 ] } },
{ "type": "Feature", "properties": { "decimalLatitude": 6.4842, "decimalLongitude": 99.3324, "month": 3, "species_sci": "Corvus macrorhynchos", "species_com": "Large-billed Crow / Hashibutogarasu" }, "geometry": { "type": "Point", "coordinates": [ 99.3324, 6.4842 ] } },
{ "type": "Feature", "properties": { "decimalLatitude": 43.1933, "decimalLongitude": 141.0067, "month": 3, "species_sci": "Corvus macrorhynchos", "species_com": "Large-billed Crow / Hashibutogarasu" }, "geometry": { "type": "Point", "coordinates": [ 141.0067, 43.1933 ] } },
{ "type": "Feature", "properties": { "decimalLatitude": 12.0902, "decimalLongitude": 79.8574, "month": 3, "species_sci": "Corvus macrorhynchos", "species_com": "Large-billed Crow / Hashibutogarasu" }, "geometry": { "type": "Point", "coordinates": [ 79.8574, 12.0902 ] } },
{ "type": "Feature", "properties": { "decimalLatitude": 2.4404, "decimalLongitude": 101.8587, "month": 3, "species_sci": "Corvus macrorhynchos", "species_com": "Large-billed Crow / Hashibutogarasu" }, "geometry": { "type": "Point", "coordinates": [ 101.8587, 2.4404 ] } },
{ "type": "Feature", "properties": { "decimalLatitude": 31.5863, "decimalLongitude": 77.3527, "month": 3, "species_sci": "Corvus macrorhynchos", "species_com": "Large-billed Crow / Hashibutogarasu" }, "geometry": { "type": "Point", "coordinates": [ 77.3527, 31.5863 ] } },
{ "type": "Feature", "properties": { "decimalLatitude": 37.9774, "decimalLongitude": 127.2761, "month": 3, "species_sci": "Corvus macrorhynchos", "species_com": "Large-billed Crow / Hashibutogarasu" }, "geometry": { "type": "Point", "coordinates": [ 127.2761, 37.9774 ] } },
{ "type": "Feature", "properties": { "decimalLatitude": 35.5693, "decimalLongitude": 139.6867, "month": 3, "species_sci": "Corvus macrorhynchos", "species_com": "Large-billed Crow / Hashibutogarasu" }, "geometry": { "type": "Point", "coordinates": [ 139.6867, 35.5693 ] } },
{ "type": "Feature", "properties": { "decimalLatitude": 35.0181, "decimalLongitude": 135.7306, "month": 3, "species_sci": "Corvus macrorhynchos", "species_com": "Large-billed Crow / Hashibutogarasu" }, "geometry": { "type": "Point", "coordinates": [ 135.7306, 35.0181 ] } },
{ "type": "Feature", "properties": { "decimalLatitude": 43.0166, "decimalLongitude": 131.9346, "month": 3, "species_sci": "Corvus macrorhynchos", "species_com": "Large-billed Crow / Hashibutogarasu" }, "geometry": { "type": "Point", "coordinates": [ 131.9346, 43.0166 ] } },
{ "type": "Feature", "properties": { "decimalLatitude": 13.7391, "decimalLongitude": 100.5242, "month": 3, "species_sci": "Corvus macrorhynchos", "species_com": "Large-billed Crow / Hashibutogarasu" }, "geometry": { "type": "Point", "coordinates": [ 100.5242, 13.7391 ] } },
{ "type": "Feature", "properties": { "decimalLatitude": 37.4109, "decimalLongitude": 127.1236, "month": 3, "species_sci": "Corvus macrorhynchos", "species_com": "Large-billed Crow / Hashibutogarasu" }, "geometry": { "type": "Point", "coordinates": [ 127.1236, 37.4109 ] } },
{ "type": "Feature", "properties": { "decimalLatitude": 34.7809, "decimalLongitude": 128.3951, "month": 3, "species_sci": "Corvus macrorhynchos", "species_com": "Large-billed Crow / Hashibutogarasu" }, "geometry": { "type": "Point", "coordinates": [ 128.3951, 34.7809 ] } },
{ "type": "Feature", "properties": { "decimalLatitude": 27.514, "decimalLongitude": 86.5846, "month": 3, "species_sci": "Corvus macrorhynchos", "species_com": "Large-billed Crow / Hashibutogarasu" }, "geometry": { "type": "Point", "coordinates": [ 86.5846, 27.514 ] } },
{ "type": "Feature", "properties": { "decimalLatitude": 37.6813, "decimalLongitude": 127.4277, "month": 3, "species_sci": "Corvus macrorhynchos", "species_com": "Large-billed Crow / Hashibutogarasu" }, "geometry": { "type": "Point", "coordinates": [ 127.4277, 37.6813 ] } },
{ "type": "Feature", "properties": { "decimalLatitude": 13.8073, "decimalLongitude": 100.5548, "month": 3, "species_sci": "Corvus macrorhynchos", "species_com": "Large-billed Crow / Hashibutogarasu" }, "geometry": { "type": "Point", "coordinates": [ 100.5548, 13.8073 ] } },
{ "type": "Feature", "properties": { "decimalLatitude": 35.5637, "decimalLongitude": 139.6403, "month": 3, "species_sci": "Corvus macrorhynchos", "species_com": "Large-billed Crow / Hashibutogarasu" }, "geometry": { "type": "Point", "coordinates": [ 139.6403, 35.5637 ] } },
{ "type": "Feature", "properties": { "decimalLatitude": 22.1971, "decimalLongitude": 113.5479, "month": 3, "species_sci": "Corvus macrorhynchos", "species_com": "Large-billed Crow / Hashibutogarasu" }, "geometry": { "type": "Point", "coordinates": [ 113.5479, 22.1971 ] } },
{ "type": "Feature", "properties": { "decimalLatitude": 37.5695, "decimalLongitude": 126.8528, "month": 3, "species_sci": "Corvus macrorhynchos", "species_com": "Large-billed Crow / Hashibutogarasu" }, "geometry": { "type": "Point", "coordinates": [ 126.8528, 37.5695 ] } },
{ "type": "Feature", "properties": { "decimalLatitude": 37.9766, "decimalLongitude": 127.278, "month": 3, "species_sci": "Corvus macrorhynchos", "species_com": "Large-billed Crow / Hashibutogarasu" }, "geometry": { "type": "Point", "coordinates": [ 127.278, 37.9766 ] } },
{ "type": "Feature", "properties": { "decimalLatitude": 34.9903, "decimalLongitude": 135.7677, "month": 3, "species_sci": "Corvus macrorhynchos", "species_com": "Large-billed Crow / Hashibutogarasu" }, "geometry": { "type": "Point", "coordinates": [ 135.7677, 34.9903 ] } },
{ "type": "Feature", "properties": { "decimalLatitude": 43.0505, "decimalLongitude": 141.3121, "month": 3, "species_sci": "Corvus macrorhynchos", "species_com": "Large-billed Crow / Hashibutogarasu" }, "geometry": { "type": "Point", "coordinates": [ 141.3121, 43.0505 ] } },
{ "type": "Feature", "properties": { "decimalLatitude": 13.7571, "decimalLongitude": 100.4855, "month": 3, "species_sci": "Corvus macrorhynchos", "species_com": "Large-billed Crow / Hashibutogarasu" }, "geometry": { "type": "Point", "coordinates": [ 100.4855, 13.7571 ] } },
{ "type": "Feature", "properties": { "decimalLatitude": 13.7278, "decimalLongitude": 100.5409, "month": 3, "species_sci": "Corvus macrorhynchos", "species_com": "Large-billed Crow / Hashibutogarasu" }, "geometry": { "type": "Point", "coordinates": [ 100.5409, 13.7278 ] } },
{ "type": "Feature", "properties": { "decimalLatitude": 37.411, "decimalLongitude": 127.1236, "month": 3, "species_sci": "Corvus macrorhynchos", "species_com": "Large-billed Crow / Hashibutogarasu" }, "geometry": { "type": "Point", "coordinates": [ 127.1236, 37.411 ] } },
{ "type": "Feature", "properties": { "decimalLatitude": 1.329, "decimalLongitude": 103.7272, "month": 3, "species_sci": "Corvus macrorhynchos", "species_com": "Large-billed Crow / Hashibutogarasu" }, "geometry": { "type": "Point", "coordinates": [ 103.7272, 1.329 ] } },
{ "type": "Feature", "properties": { "decimalLatitude": 37.9765, "decimalLongitude": 127.2757, "month": 3, "species_sci": "Corvus macrorhynchos", "species_com": "Large-billed Crow / Hashibutogarasu" }, "geometry": { "type": "Point", "coordinates": [ 127.2757, 37.9765 ] } },
{ "type": "Feature", "properties": { "decimalLatitude": 37.5508, "decimalLongitude": 126.9224, "month": 3, "species_sci": "Corvus macrorhynchos", "species_com": "Large-billed Crow / Hashibutogarasu" }, "geometry": { "type": "Point", "coordinates": [ 126.9224, 37.5508 ] } },
{ "type": "Feature", "properties": { "decimalLatitude": 35.641, "decimalLongitude": 139.8639, "month": 3, "species_sci": "Corvus macrorhynchos", "species_com": "Large-billed Crow / Hashibutogarasu" }, "geometry": { "type": "Point", "coordinates": [ 139.8639, 35.641 ] } },
{ "type": "Feature", "properties": { "decimalLatitude": 43.0318, "decimalLongitude": 131.8905, "month": 3, "species_sci": "Corvus macrorhynchos", "species_com": "Large-billed Crow / Hashibutogarasu" }, "geometry": { "type": "Point", "coordinates": [ 131.8905, 43.0318 ] } },
{ "type": "Feature", "properties": { "decimalLatitude": 34.7927, "decimalLongitude": 139.3889, "month": 3, "species_sci": "Corvus macrorhynchos", "species_com": "Large-billed Crow / Hashibutogarasu" }, "geometry": { "type": "Point", "coordinates": [ 139.3889, 34.7927 ] } },
{ "type": "Feature", "properties": { "decimalLatitude": 35.0027, "decimalLongitude": 135.7708, "month": 3, "species_sci": "Corvus macrorhynchos", "species_com": "Large-billed Crow / Hashibutogarasu" }, "geometry": { "type": "Point", "coordinates": [ 135.7708, 35.0027 ] } },
{ "type": "Feature", "properties": { "decimalLatitude": 33.4309, "decimalLongitude": 126.6377, "month": 3, "species_sci": "Corvus macrorhynchos", "species_com": "Large-billed Crow / Hashibutogarasu" }, "geometry": { "type": "Point", "coordinates": [ 126.6377, 33.4309 ] } },
{ "type": "Feature", "properties": { "decimalLatitude": 35.6281, "decimalLongitude": 139.8819, "month": 3, "species_sci": "Corvus macrorhynchos", "species_com": "Large-billed Crow / Hashibutogarasu" }, "geometry": { "type": "Point", "coordinates": [ 139.8819, 35.6281 ] } },
{ "type": "Feature", "properties": { "decimalLatitude": 35.587, "decimalLongitude": 139.6697, "month": 3, "species_sci": "Corvus macrorhynchos", "species_com": "Large-billed Crow / Hashibutogarasu" }, "geometry": { "type": "Point", "coordinates": [ 139.6697, 35.587 ] } },
{ "type": "Feature", "properties": { "decimalLatitude": 37.3924, "decimalLongitude": 126.6413, "month": 3, "species_sci": "Corvus macrorhynchos", "species_com": "Large-billed Crow / Hashibutogarasu" }, "geometry": { "type": "Point", "coordinates": [ 126.6413, 37.3924 ] } },
{ "type": "Feature", "properties": { "decimalLatitude": 35.689, "decimalLongitude": 127.932, "month": 3, "species_sci": "Corvus macrorhynchos", "species_com": "Large-billed Crow / Hashibutogarasu" }, "geometry": { "type": "Point", "coordinates": [ 127.932, 35.689 ] } },
{ "type": "Feature", "properties": { "decimalLatitude": 13.7677, "decimalLongitude": 100.6324, "month": 3, "species_sci": "Corvus macrorhynchos", "species_com": "Large-billed Crow / Hashibutogarasu" }, "geometry": { "type": "Point", "coordinates": [ 100.6324, 13.7677 ] } },
{ "type": "Feature", "properties": { "decimalLatitude": 35.6493, "decimalLongitude": 139.6324, "month": 3, "species_sci": "Corvus macrorhynchos", "species_com": "Large-billed Crow / Hashibutogarasu" }, "geometry": { "type": "Point", "coordinates": [ 139.6324, 35.6493 ] } },
{ "type": "Feature", "properties": { "decimalLatitude": 15.3281, "decimalLongitude": 103.6779, "month": 3, "species_sci": "Corvus macrorhynchos", "species_com": "Large-billed Crow / Hashibutogarasu" }, "geometry": { "type": "Point", "coordinates": [ 103.6779, 15.3281 ] } },
{ "type": "Feature", "properties": { "decimalLatitude": 13.7298, "decimalLongitude": 100.5572, "month": 3, "species_sci": "Corvus macrorhynchos", "species_com": "Large-billed Crow / Hashibutogarasu" }, "geometry": { "type": "Point", "coordinates": [ 100.5572, 13.7298 ] } },
{ "type": "Feature", "properties": { "decimalLatitude": 37.9772, "decimalLongitude": 127.2763, "month": 3, "species_sci": "Corvus macrorhynchos", "species_com": "Large-billed Crow / Hashibutogarasu" }, "geometry": { "type": "Point", "coordinates": [ 127.2763, 37.9772 ] } },
{ "type": "Feature", "properties": { "decimalLatitude": 37.9764, "decimalLongitude": 127.2719, "month": 3, "species_sci": "Corvus macrorhynchos", "species_com": "Large-billed Crow / Hashibutogarasu" }, "geometry": { "type": "Point", "coordinates": [ 127.2719, 37.9764 ] } },
{ "type": "Feature", "properties": { "decimalLatitude": 6.9671, "decimalLongitude": 80.7687, "month": 3, "species_sci": "Corvus macrorhynchos", "species_com": "Large-billed Crow / Hashibutogarasu" }, "geometry": { "type": "Point", "coordinates": [ 80.7687, 6.9671 ] } },
{ "type": "Feature", "properties": { "decimalLatitude": 37.9774, "decimalLongitude": 127.2762, "month": 3, "species_sci": "Corvus macrorhynchos", "species_com": "Large-billed Crow / Hashibutogarasu" }, "geometry": { "type": "Point", "coordinates": [ 127.2762, 37.9774 ] } },
{ "type": "Feature", "properties": { "decimalLatitude": 35.0036, "decimalLongitude": 135.772, "month": 3, "species_sci": "Corvus macrorhynchos", "species_com": "Large-billed Crow / Hashibutogarasu" }, "geometry": { "type": "Point", "coordinates": [ 135.772, 35.0036 ] } },
{ "type": "Feature", "properties": { "decimalLatitude": 18.5292, "decimalLongitude": 73.8271, "month": 3, "species_sci": "Corvus macrorhynchos", "species_com": "Large-billed Crow / Hashibutogarasu" }, "geometry": { "type": "Point", "coordinates": [ 73.8271, 18.5292 ] } },
{ "type": "Feature", "properties": { "decimalLatitude": 37.2973, "decimalLongitude": 127.0692, "month": 4, "species_sci": "Corvus macrorhynchos", "species_com": "Large-billed Crow / Hashibutogarasu" }, "geometry": { "type": "Point", "coordinates": [ 127.0692, 37.2973 ] } },
{ "type": "Feature", "properties": { "decimalLatitude": 37.4452, "decimalLongitude": 127.0995, "month": 4, "species_sci": "Corvus macrorhynchos", "species_com": "Large-billed Crow / Hashibutogarasu" }, "geometry": { "type": "Point", "coordinates": [ 127.0995, 37.4452 ] } },
{ "type": "Feature", "properties": { "decimalLatitude": -7.3105, "decimalLongitude": 112.8233, "month": 4, "species_sci": "Corvus macrorhynchos", "species_com": "Large-billed Crow / Hashibutogarasu" }, "geometry": { "type": "Point", "coordinates": [ 112.8233, -7.3105 ] } },
{ "type": "Feature", "properties": { "decimalLatitude": 28.5931, "decimalLongitude": 77.2197, "month": 4, "species_sci": "Corvus macrorhynchos", "species_com": "Large-billed Crow / Hashibutogarasu" }, "geometry": { "type": "Point", "coordinates": [ 77.2197, 28.5931 ] } },
{ "type": "Feature", "properties": { "decimalLatitude": 13.0443, "decimalLongitude": 80.3381, "month": 4, "species_sci": "Corvus macrorhynchos", "species_com": "Large-billed Crow / Hashibutogarasu" }, "geometry": { "type": "Point", "coordinates": [ 80.3381, 13.0443 ] } },
{ "type": "Feature", "properties": { "decimalLatitude": 35.6247, "decimalLongitude": 139.7434, "month": 4, "species_sci": "Corvus macrorhynchos", "species_com": "Large-billed Crow / Hashibutogarasu" }, "geometry": { "type": "Point", "coordinates": [ 139.7434, 35.6247 ] } },
{ "type": "Feature", "properties": { "decimalLatitude": 22.2596, "decimalLongitude": 114.1633, "month": 4, "species_sci": "Corvus macrorhynchos", "species_com": "Large-billed Crow / Hashibutogarasu" }, "geometry": { "type": "Point", "coordinates": [ 114.1633, 22.2596 ] } },
{ "type": "Feature", "properties": { "decimalLatitude": 35.5787, "decimalLongitude": 139.4484, "month": 4, "species_sci": "Corvus macrorhynchos", "species_com": "Large-billed Crow / Hashibutogarasu" }, "geometry": { "type": "Point", "coordinates": [ 139.4484, 35.5787 ] } },
{ "type": "Feature", "properties": { "decimalLatitude": 35.6329, "decimalLongitude": 139.8804, "month": 4, "species_sci": "Corvus macrorhynchos", "species_com": "Large-billed Crow / Hashibutogarasu" }, "geometry": { "type": "Point", "coordinates": [ 139.8804, 35.6329 ] } },
{ "type": "Feature", "properties": { "decimalLatitude": 35.3163, "decimalLongitude": 139.47, "month": 4, "species_sci": "Corvus macrorhynchos", "species_com": "Large-billed Crow / Hashibutogarasu" }, "geometry": { "type": "Point", "coordinates": [ 139.47, 35.3163 ] } },
{ "type": "Feature", "properties": { "decimalLatitude": 13.1324, "decimalLongitude": 80.3565, "month": 4, "species_sci": "Corvus macrorhynchos", "species_com": "Large-billed Crow / Hashibutogarasu" }, "geometry": { "type": "Point", "coordinates": [ 80.3565, 13.1324 ] } },
{ "type": "Feature", "properties": { "decimalLatitude": 13.0287, "decimalLongitude": 99.9173, "month": 4, "species_sci": "Corvus macrorhynchos", "species_com": "Large-billed Crow / Hashibutogarasu" }, "geometry": { "type": "Point", "coordinates": [ 99.9173, 13.0287 ] } },
{ "type": "Feature", "properties": { "decimalLatitude": 27.4716, "decimalLongitude": 89.6386, "month": 4, "species_sci": "Corvus macrorhynchos", "species_com": "Large-billed Crow / Hashibutogarasu" }, "geometry": { "type": "Point", "coordinates": [ 89.6386, 27.4716 ] } },
{ "type": "Feature", "properties": { "decimalLatitude": 37.6665, "decimalLongitude": 127.0788, "month": 4, "species_sci": "Corvus macrorhynchos", "species_com": "Large-billed Crow / Hashibutogarasu" }, "geometry": { "type": "Point", "coordinates": [ 127.0788, 37.6665 ] } },
{ "type": "Feature", "properties": { "decimalLatitude": 27.5777, "decimalLongitude": 84.4923, "month": 4, "species_sci": "Corvus macrorhynchos", "species_com": "Large-billed Crow / Hashibutogarasu" }, "geometry": { "type": "Point", "coordinates": [ 84.4923, 27.5777 ] } },
{ "type": "Feature", "properties": { "decimalLatitude": 13.7296, "decimalLongitude": 100.5565, "month": 4, "species_sci": "Corvus macrorhynchos", "species_com": "Large-billed Crow / Hashibutogarasu" }, "geometry": { "type": "Point", "coordinates": [ 100.5565, 13.7296 ] } },
{ "type": "Feature", "properties": { "decimalLatitude": 22.1542, "decimalLongitude": 113.4679, "month": 4, "species_sci": "Corvus macrorhynchos", "species_com": "Large-billed Crow / Hashibutogarasu" }, "geometry": { "type": "Point", "coordinates": [ 113.4679, 22.1542 ] } },
{ "type": "Feature", "properties": { "decimalLatitude": 33.5618, "decimalLongitude": 133.5308, "month": 4, "species_sci": "Corvus macrorhynchos", "species_com": "Large-billed Crow / Hashibutogarasu" }, "geometry": { "type": "Point", "coordinates": [ 133.5308, 33.5618 ] } },
{ "type": "Feature", "properties": { "decimalLatitude": 22.2966, "decimalLongitude": 114.2475, "month": 4, "species_sci": "Corvus macrorhynchos", "species_com": "Large-billed Crow / Hashibutogarasu" }, "geometry": { "type": "Point", "coordinates": [ 114.2475, 22.2966 ] } },
{ "type": "Feature", "properties": { "decimalLatitude": 39.9256, "decimalLongitude": 116.3983, "month": 4, "species_sci": "Corvus macrorhynchos", "species_com": "Large-billed Crow / Hashibutogarasu" }, "geometry": { "type": "Point", "coordinates": [ 116.3983, 39.9256 ] } },
{ "type": "Feature", "properties": { "decimalLatitude": 35.6496, "decimalLongitude": 139.4643, "month": 4, "species_sci": "Corvus macrorhynchos", "species_com": "Large-billed Crow / Hashibutogarasu" }, "geometry": { "type": "Point", "coordinates": [ 139.4643, 35.6496 ] } },
{ "type": "Feature", "properties": { "decimalLatitude": 9.1037, "decimalLongitude": 76.5973, "month": 4, "species_sci": "Corvus macrorhynchos", "species_com": "Large-billed Crow / Hashibutogarasu" }, "geometry": { "type": "Point", "coordinates": [ 76.5973, 9.1037 ] } },
{ "type": "Feature", "properties": { "decimalLatitude": 35.1854, "decimalLongitude": 136.8986, "month": 4, "species_sci": "Corvus macrorhynchos", "species_com": "Large-billed Crow / Hashibutogarasu" }, "geometry": { "type": "Point", "coordinates": [ 136.8986, 35.1854 ] } },
{ "type": "Feature", "properties": { "decimalLatitude": 13.7819, "decimalLongitude": 100.54, "month": 4, "species_sci": "Corvus macrorhynchos", "species_com": "Large-billed Crow / Hashibutogarasu" }, "geometry": { "type": "Point", "coordinates": [ 100.54, 13.7819 ] } },
{ "type": "Feature", "properties": { "decimalLatitude": 43.2217, "decimalLongitude": 131.9928, "month": 4, "species_sci": "Corvus macrorhynchos", "species_com": "Large-billed Crow / Hashibutogarasu" }, "geometry": { "type": "Point", "coordinates": [ 131.9928, 43.2217 ] } },
{ "type": "Feature", "properties": { "decimalLatitude": 36.2247, "decimalLongitude": 126.0756, "month": 4, "species_sci": "Corvus macrorhynchos", "species_com": "Large-billed Crow / Hashibutogarasu" }, "geometry": { "type": "Point", "coordinates": [ 126.0756, 36.2247 ] } },
{ "type": "Feature", "properties": { "decimalLatitude": 35.6877, "decimalLongitude": 139.8417, "month": 4, "species_sci": "Corvus macrorhynchos", "species_com": "Large-billed Crow / Hashibutogarasu" }, "geometry": { "type": "Point", "coordinates": [ 139.8417, 35.6877 ] } },
{ "type": "Feature", "properties": { "decimalLatitude": 37.4015, "decimalLongitude": 127.068, "month": 4, "species_sci": "Corvus macrorhynchos", "species_com": "Large-billed Crow / Hashibutogarasu" }, "geometry": { "type": "Point", "coordinates": [ 127.068, 37.4015 ] } },
{ "type": "Feature", "properties": { "decimalLatitude": 43.2216, "decimalLongitude": 131.9914, "month": 4, "species_sci": "Corvus macrorhynchos", "species_com": "Large-billed Crow / Hashibutogarasu" }, "geometry": { "type": "Point", "coordinates": [ 131.9914, 43.2216 ] } },
{ "type": "Feature", "properties": { "decimalLatitude": 34.7306, "decimalLongitude": 135.5356, "month": 4, "species_sci": "Corvus macrorhynchos", "species_com": "Large-billed Crow / Hashibutogarasu" }, "geometry": { "type": "Point", "coordinates": [ 135.5356, 34.7306 ] } },
{ "type": "Feature", "properties": { "decimalLatitude": 35.6408, "decimalLongitude": 139.8678, "month": 4, "species_sci": "Corvus macrorhynchos", "species_com": "Large-billed Crow / Hashibutogarasu" }, "geometry": { "type": "Point", "coordinates": [ 139.8678, 35.6408 ] } },
{ "type": "Feature", "properties": { "decimalLatitude": 13.807, "decimalLongitude": 100.5534, "month": 4, "species_sci": "Corvus macrorhynchos", "species_com": "Large-billed Crow / Hashibutogarasu" }, "geometry": { "type": "Point", "coordinates": [ 100.5534, 13.807 ] } },
{ "type": "Feature", "properties": { "decimalLatitude": 34.968, "decimalLongitude": 135.7785, "month": 4, "species_sci": "Corvus macrorhynchos", "species_com": "Large-billed Crow / Hashibutogarasu" }, "geometry": { "type": "Point", "coordinates": [ 135.7785, 34.968 ] } },
{ "type": "Feature", "properties": { "decimalLatitude": 43.2048, "decimalLongitude": 141.0016, "month": 4, "species_sci": "Corvus macrorhynchos", "species_com": "Large-billed Crow / Hashibutogarasu" }, "geometry": { "type": "Point", "coordinates": [ 141.0016, 43.2048 ] } },
{ "type": "Feature", "properties": { "decimalLatitude": 12.0386, "decimalLongitude": 75.3778, "month": 4, "species_sci": "Corvus macrorhynchos", "species_com": "Large-billed Crow / Hashibutogarasu" }, "geometry": { "type": "Point", "coordinates": [ 75.3778, 12.0386 ] } },
{ "type": "Feature", "properties": { "decimalLatitude": 9.117, "decimalLongitude": 76.6692, "month": 4, "species_sci": "Corvus macrorhynchos", "species_com": "Large-billed Crow / Hashibutogarasu" }, "geometry": { "type": "Point", "coordinates": [ 76.6692, 9.117 ] } },
{ "type": "Feature", "properties": { "decimalLatitude": 35.6947, "decimalLongitude": 139.7026, "month": 4, "species_sci": "Corvus macrorhynchos", "species_com": "Large-billed Crow / Hashibutogarasu" }, "geometry": { "type": "Point", "coordinates": [ 139.7026, 35.6947 ] } },
{ "type": "Feature", "properties": { "decimalLatitude": 9.2465, "decimalLongitude": 76.9199, "month": 4, "species_sci": "Corvus macrorhynchos", "species_com": "Large-billed Crow / Hashibutogarasu" }, "geometry": { "type": "Point", "coordinates": [ 76.9199, 9.2465 ] } },
{ "type": "Feature", "properties": { "decimalLatitude": 35.5549, "decimalLongitude": 139.7348, "month": 4, "species_sci": "Corvus macrorhynchos", "species_com": "Large-billed Crow / Hashibutogarasu" }, "geometry": { "type": "Point", "coordinates": [ 139.7348, 35.5549 ] } },
{ "type": "Feature", "properties": { "decimalLatitude": 12.9142, "decimalLongitude": 77.6866, "month": 4, "species_sci": "Corvus macrorhynchos", "species_com": "Large-billed Crow / Hashibutogarasu" }, "geometry": { "type": "Point", "coordinates": [ 77.6866, 12.9142 ] } },
{ "type": "Feature", "properties": { "decimalLatitude": 37.5485, "decimalLongitude": 126.9966, "month": 4, "species_sci": "Corvus macrorhynchos", "species_com": "Large-billed Crow / Hashibutogarasu" }, "geometry": { "type": "Point", "coordinates": [ 126.9966, 37.5485 ] } },
{ "type": "Feature", "properties": { "decimalLatitude": 35.0049, "decimalLongitude": 135.773, "month": 4, "species_sci": "Corvus macrorhynchos", "species_com": "Large-billed Crow / Hashibutogarasu" }, "geometry": { "type": "Point", "coordinates": [ 135.773, 35.0049 ] } },
{ "type": "Feature", "properties": { "decimalLatitude": 22.4417, "decimalLongitude": 88.4636, "month": 4, "species_sci": "Corvus macrorhynchos", "species_com": "Large-billed Crow / Hashibutogarasu" }, "geometry": { "type": "Point", "coordinates": [ 88.4636, 22.4417 ] } },
{ "type": "Feature", "properties": { "decimalLatitude": 9.1033, "decimalLongitude": 76.5971, "month": 4, "species_sci": "Corvus macrorhynchos", "species_com": "Large-billed Crow / Hashibutogarasu" }, "geometry": { "type": "Point", "coordinates": [ 76.5971, 9.1033 ] } },
{ "type": "Feature", "properties": { "decimalLatitude": 25.0348, "decimalLongitude": 121.3835, "month": 4, "species_sci": "Corvus macrorhynchos", "species_com": "Large-billed Crow / Hashibutogarasu" }, "geometry": { "type": "Point", "coordinates": [ 121.3835, 25.0348 ] } },
{ "type": "Feature", "properties": { "decimalLatitude": 20.1962, "decimalLongitude": 85.7955, "month": 4, "species_sci": "Corvus macrorhynchos", "species_com": "Large-billed Crow / Hashibutogarasu" }, "geometry": { "type": "Point", "coordinates": [ 85.7955, 20.1962 ] } },
{ "type": "Feature", "properties": { "decimalLatitude": -1.4845, "decimalLongitude": 104.4769, "month": 4, "species_sci": "Corvus macrorhynchos", "species_com": "Large-billed Crow / Hashibutogarasu" }, "geometry": { "type": "Point", "coordinates": [ 104.4769, -1.4845 ] } },
{ "type": "Feature", "properties": { "decimalLatitude": 35.0231, "decimalLongitude": 135.7628, "month": 4, "species_sci": "Corvus macrorhynchos", "species_com": "Large-billed Crow / Hashibutogarasu" }, "geometry": { "type": "Point", "coordinates": [ 135.7628, 35.0231 ] } },
{ "type": "Feature", "properties": { "decimalLatitude": 12.6975, "decimalLongitude": 77.7991, "month": 4, "species_sci": "Corvus macrorhynchos", "species_com": "Large-billed Crow / Hashibutogarasu" }, "geometry": { "type": "Point", "coordinates": [ 77.7991, 12.6975 ] } },
{ "type": "Feature", "properties": { "decimalLatitude": 37.446, "decimalLongitude": 127.1504, "month": 4, "species_sci": "Corvus macrorhynchos", "species_com": "Large-billed Crow / Hashibutogarasu" }, "geometry": { "type": "Point", "coordinates": [ 127.1504, 37.446 ] } },
{ "type": "Feature", "properties": { "decimalLatitude": 33.5971, "decimalLongitude": 130.3766, "month": 4, "species_sci": "Corvus macrorhynchos", "species_com": "Large-billed Crow / Hashibutogarasu" }, "geometry": { "type": "Point", "coordinates": [ 130.3766, 33.5971 ] } },
{ "type": "Feature", "properties": { "decimalLatitude": 43.2224, "decimalLongitude": 131.9927, "month": 4, "species_sci": "Corvus macrorhynchos", "species_com": "Large-billed Crow / Hashibutogarasu" }, "geometry": { "type": "Point", "coordinates": [ 131.9927, 43.2224 ] } },
{ "type": "Feature", "properties": { "decimalLatitude": 35.0038, "decimalLongitude": 135.7708, "month": 4, "species_sci": "Corvus macrorhynchos", "species_com": "Large-billed Crow / Hashibutogarasu" }, "geometry": { "type": "Point", "coordinates": [ 135.7708, 35.0038 ] } },
{ "type": "Feature", "properties": { "decimalLatitude": 22.149, "decimalLongitude": 113.4986, "month": 4, "species_sci": "Corvus macrorhynchos", "species_com": "Large-billed Crow / Hashibutogarasu" }, "geometry": { "type": "Point", "coordinates": [ 113.4986, 22.149 ] } },
{ "type": "Feature", "properties": { "decimalLatitude": 20.2022, "decimalLongitude": 85.7968, "month": 4, "species_sci": "Corvus macrorhynchos", "species_com": "Large-billed Crow / Hashibutogarasu" }, "geometry": { "type": "Point", "coordinates": [ 85.7968, 20.2022 ] } },
{ "type": "Feature", "properties": { "decimalLatitude": 19.1231, "decimalLongitude": 72.8984, "month": 4, "species_sci": "Corvus macrorhynchos", "species_com": "Large-billed Crow / Hashibutogarasu" }, "geometry": { "type": "Point", "coordinates": [ 72.8984, 19.1231 ] } },
{ "type": "Feature", "properties": { "decimalLatitude": 35.1618, "decimalLongitude": 129.0625, "month": 4, "species_sci": "Corvus macrorhynchos", "species_com": "Large-billed Crow / Hashibutogarasu" }, "geometry": { "type": "Point", "coordinates": [ 129.0625, 35.1618 ] } },
{ "type": "Feature", "properties": { "decimalLatitude": 35.716, "decimalLongitude": 139.7729, "month": 4, "species_sci": "Corvus macrorhynchos", "species_com": "Large-billed Crow / Hashibutogarasu" }, "geometry": { "type": "Point", "coordinates": [ 139.7729, 35.716 ] } },
{ "type": "Feature", "properties": { "decimalLatitude": 35.4801, "decimalLongitude": 139.5056, "month": 4, "species_sci": "Corvus macrorhynchos", "species_com": "Large-billed Crow / Hashibutogarasu" }, "geometry": { "type": "Point", "coordinates": [ 139.5056, 35.4801 ] } },
{ "type": "Feature", "properties": { "decimalLatitude": 43.4158, "decimalLongitude": 133.8752, "month": 4, "species_sci": "Corvus macrorhynchos", "species_com": "Large-billed Crow / Hashibutogarasu" }, "geometry": { "type": "Point", "coordinates": [ 133.8752, 43.4158 ] } },
{ "type": "Feature", "properties": { "decimalLatitude": 26.3266, "decimalLongitude": 91.0037, "month": 4, "species_sci": "Corvus macrorhynchos", "species_com": "Large-billed Crow / Hashibutogarasu" }, "geometry": { "type": "Point", "coordinates": [ 91.0037, 26.3266 ] } },
{ "type": "Feature", "properties": { "decimalLatitude": 35.0043, "decimalLongitude": 135.7705, "month": 4, "species_sci": "Corvus macrorhynchos", "species_com": "Large-billed Crow / Hashibutogarasu" }, "geometry": { "type": "Point", "coordinates": [ 135.7705, 35.0043 ] } },
{ "type": "Feature", "properties": { "decimalLatitude": 33.8477, "decimalLongitude": 132.7967, "month": 4, "species_sci": "Corvus macrorhynchos", "species_com": "Large-billed Crow / Hashibutogarasu" }, "geometry": { "type": "Point", "coordinates": [ 132.7967, 33.8477 ] } },
{ "type": "Feature", "properties": { "decimalLatitude": 37.9767, "decimalLongitude": 127.2779, "month": 4, "species_sci": "Corvus macrorhynchos", "species_com": "Large-billed Crow / Hashibutogarasu" }, "geometry": { "type": "Point", "coordinates": [ 127.2779, 37.9767 ] } },
{ "type": "Feature", "properties": { "decimalLatitude": 12.9781, "decimalLongitude": 77.5973, "month": 4, "species_sci": "Corvus macrorhynchos", "species_com": "Large-billed Crow / Hashibutogarasu" }, "geometry": { "type": "Point", "coordinates": [ 77.5973, 12.9781 ] } },
{ "type": "Feature", "properties": { "decimalLatitude": 35.0704, "decimalLongitude": 135.9371, "month": 4, "species_sci": "Corvus macrorhynchos", "species_com": "Large-billed Crow / Hashibutogarasu" }, "geometry": { "type": "Point", "coordinates": [ 135.9371, 35.0704 ] } },
{ "type": "Feature", "properties": { "decimalLatitude": 10.9391, "decimalLongitude": 76.6893, "month": 4, "species_sci": "Corvus macrorhynchos", "species_com": "Large-billed Crow / Hashibutogarasu" }, "geometry": { "type": "Point", "coordinates": [ 76.6893, 10.9391 ] } },
{ "type": "Feature", "properties": { "decimalLatitude": 22.2875, "decimalLongitude": 114.1497, "month": 4, "species_sci": "Corvus macrorhynchos", "species_com": "Large-billed Crow / Hashibutogarasu" }, "geometry": { "type": "Point", "coordinates": [ 114.1497, 22.2875 ] } },
{ "type": "Feature", "properties": { "decimalLatitude": 28.5111, "decimalLongitude": 77.2617, "month": 4, "species_sci": "Corvus macrorhynchos", "species_com": "Large-billed Crow / Hashibutogarasu" }, "geometry": { "type": "Point", "coordinates": [ 77.2617, 28.5111 ] } },
{ "type": "Feature", "properties": { "decimalLatitude": 13.0397, "decimalLongitude": 99.9406, "month": 4, "species_sci": "Corvus macrorhynchos", "species_com": "Large-billed Crow / Hashibutogarasu" }, "geometry": { "type": "Point", "coordinates": [ 99.9406, 13.0397 ] } },
{ "type": "Feature", "properties": { "decimalLatitude": 12.0269, "decimalLongitude": 75.3893, "month": 4, "species_sci": "Corvus macrorhynchos", "species_com": "Large-billed Crow / Hashibutogarasu" }, "geometry": { "type": "Point", "coordinates": [ 75.3893, 12.0269 ] } },
{ "type": "Feature", "properties": { "decimalLatitude": 13.7806, "decimalLongitude": 100.5382, "month": 4, "species_sci": "Corvus macrorhynchos", "species_com": "Large-billed Crow / Hashibutogarasu" }, "geometry": { "type": "Point", "coordinates": [ 100.5382, 13.7806 ] } },
{ "type": "Feature", "properties": { "decimalLatitude": 37.3743, "decimalLongitude": 127.1594, "month": 4, "species_sci": "Corvus macrorhynchos", "species_com": "Large-billed Crow / Hashibutogarasu" }, "geometry": { "type": "Point", "coordinates": [ 127.1594, 37.3743 ] } },
{ "type": "Feature", "properties": { "decimalLatitude": 35.6848, "decimalLongitude": 139.7104, "month": 4, "species_sci": "Corvus macrorhynchos", "species_com": "Large-billed Crow / Hashibutogarasu" }, "geometry": { "type": "Point", "coordinates": [ 139.7104, 35.6848 ] } },
{ "type": "Feature", "properties": { "decimalLatitude": 37.4633, "decimalLongitude": 126.9531, "month": 4, "species_sci": "Corvus macrorhynchos", "species_com": "Large-billed Crow / Hashibutogarasu" }, "geometry": { "type": "Point", "coordinates": [ 126.9531, 37.4633 ] } },
{ "type": "Feature", "properties": { "decimalLatitude": 37.4646, "decimalLongitude": 127.1216, "month": 4, "species_sci": "Corvus macrorhynchos", "species_com": "Large-billed Crow / Hashibutogarasu" }, "geometry": { "type": "Point", "coordinates": [ 127.1216, 37.4646 ] } },
{ "type": "Feature", "properties": { "decimalLatitude": 38.9963, "decimalLongitude": 115.4626, "month": 4, "species_sci": "Corvus macrorhynchos", "species_com": "Large-billed Crow / Hashibutogarasu" }, "geometry": { "type": "Point", "coordinates": [ 115.4626, 38.9963 ] } },
{ "type": "Feature", "properties": { "decimalLatitude": 22.221, "decimalLongitude": 113.9147, "month": 4, "species_sci": "Corvus macrorhynchos", "species_com": "Large-billed Crow / Hashibutogarasu" }, "geometry": { "type": "Point", "coordinates": [ 113.9147, 22.221 ] } },
{ "type": "Feature", "properties": { "decimalLatitude": 43.6316, "decimalLongitude": 132.2334, "month": 4, "species_sci": "Corvus macrorhynchos", "species_com": "Large-billed Crow / Hashibutogarasu" }, "geometry": { "type": "Point", "coordinates": [ 132.2334, 43.6316 ] } },
{ "type": "Feature", "properties": { "decimalLatitude": 23.5042, "decimalLongitude": 120.7923, "month": 4, "species_sci": "Corvus macrorhynchos", "species_com": "Large-billed Crow / Hashibutogarasu" }, "geometry": { "type": "Point", "coordinates": [ 120.7923, 23.5042 ] } },
{ "type": "Feature", "properties": { "decimalLatitude": 35.4982, "decimalLongitude": 138.653, "month": 4, "species_sci": "Corvus macrorhynchos", "species_com": "Large-billed Crow / Hashibutogarasu" }, "geometry": { "type": "Point", "coordinates": [ 138.653, 35.4982 ] } },
{ "type": "Feature", "properties": { "decimalLatitude": 38.2549, "decimalLongitude": 140.8577, "month": 4, "species_sci": "Corvus macrorhynchos", "species_com": "Large-billed Crow / Hashibutogarasu" }, "geometry": { "type": "Point", "coordinates": [ 140.8577, 38.2549 ] } },
{ "type": "Feature", "properties": { "decimalLatitude": 19.1331, "decimalLongitude": 72.9151, "month": 4, "species_sci": "Corvus macrorhynchos", "species_com": "Large-billed Crow / Hashibutogarasu" }, "geometry": { "type": "Point", "coordinates": [ 72.9151, 19.1331 ] } },
{ "type": "Feature", "properties": { "decimalLatitude": 43.1619, "decimalLongitude": 131.9049, "month": 4, "species_sci": "Corvus macrorhynchos", "species_com": "Large-billed Crow / Hashibutogarasu" }, "geometry": { "type": "Point", "coordinates": [ 131.9049, 43.1619 ] } },
{ "type": "Feature", "properties": { "decimalLatitude": 28.5951, "decimalLongitude": 77.2212, "month": 4, "species_sci": "Corvus macrorhynchos", "species_com": "Large-billed Crow / Hashibutogarasu" }, "geometry": { "type": "Point", "coordinates": [ 77.2212, 28.5951 ] } },
{ "type": "Feature", "properties": { "decimalLatitude": 20.2718, "decimalLongitude": 79.3876, "month": 4, "species_sci": "Corvus macrorhynchos", "species_com": "Large-billed Crow / Hashibutogarasu" }, "geometry": { "type": "Point", "coordinates": [ 79.3876, 20.2718 ] } },
{ "type": "Feature", "properties": { "decimalLatitude": 11.6353, "decimalLongitude": 76.1171, "month": 4, "species_sci": "Corvus macrorhynchos", "species_com": "Large-billed Crow / Hashibutogarasu" }, "geometry": { "type": "Point", "coordinates": [ 76.1171, 11.6353 ] } },
{ "type": "Feature", "properties": { "decimalLatitude": 35.0086, "decimalLongitude": 135.6749, "month": 4, "species_sci": "Corvus macrorhynchos", "species_com": "Large-billed Crow / Hashibutogarasu" }, "geometry": { "type": "Point", "coordinates": [ 135.6749, 35.0086 ] } },
{ "type": "Feature", "properties": { "decimalLatitude": 35.6596, "decimalLongitude": 139.6992, "month": 4, "species_sci": "Corvus macrorhynchos", "species_com": "Large-billed Crow / Hashibutogarasu" }, "geometry": { "type": "Point", "coordinates": [ 139.6992, 35.6596 ] } },
{ "type": "Feature", "properties": { "decimalLatitude": 22.2176, "decimalLongitude": 113.8459, "month": 4, "species_sci": "Corvus macrorhynchos", "species_com": "Large-billed Crow / Hashibutogarasu" }, "geometry": { "type": "Point", "coordinates": [ 113.8459, 22.2176 ] } },
{ "type": "Feature", "properties": { "decimalLatitude": 35.1923, "decimalLongitude": 139.6604, "month": 4, "species_sci": "Corvus macrorhynchos", "species_com": "Large-billed Crow / Hashibutogarasu" }, "geometry": { "type": "Point", "coordinates": [ 139.6604, 35.1923 ] } },
{ "type": "Feature", "properties": { "decimalLatitude": 43.3939, "decimalLongitude": 133.8907, "month": 4, "species_sci": "Corvus macrorhynchos", "species_com": "Large-billed Crow / Hashibutogarasu" }, "geometry": { "type": "Point", "coordinates": [ 133.8907, 43.3939 ] } },
{ "type": "Feature", "properties": { "decimalLatitude": 35.9047, "decimalLongitude": 139.7924, "month": 4, "species_sci": "Corvus macrorhynchos", "species_com": "Large-billed Crow / Hashibutogarasu" }, "geometry": { "type": "Point", "coordinates": [ 139.7924, 35.9047 ] } },
{ "type": "Feature", "properties": { "decimalLatitude": 35.3337, "decimalLongitude": 139.5465, "month": 4, "species_sci": "Corvus macrorhynchos", "species_com": "Large-billed Crow / Hashibutogarasu" }, "geometry": { "type": "Point", "coordinates": [ 139.5465, 35.3337 ] } },
{ "type": "Feature", "properties": { "decimalLatitude": 24.928, "decimalLongitude": 121.3703, "month": 4, "species_sci": "Corvus macrorhynchos", "species_com": "Large-billed Crow / Hashibutogarasu" }, "geometry": { "type": "Point", "coordinates": [ 121.3703, 24.928 ] } },
{ "type": "Feature", "properties": { "decimalLatitude": 37.508, "decimalLongitude": 127.0522, "month": 4, "species_sci": "Corvus macrorhynchos", "species_com": "Large-billed Crow / Hashibutogarasu" }, "geometry": { "type": "Point", "coordinates": [ 127.0522, 37.508 ] } },
{ "type": "Feature", "properties": { "decimalLatitude": 34.7598, "decimalLongitude": 135.3505, "month": 4, "species_sci": "Corvus macrorhynchos", "species_com": "Large-billed Crow / Hashibutogarasu" }, "geometry": { "type": "Point", "coordinates": [ 135.3505, 34.7598 ] } },
{ "type": "Feature", "properties": { "decimalLatitude": 34.4741, "decimalLongitude": 136.7308, "month": 4, "species_sci": "Corvus macrorhynchos", "species_com": "Large-billed Crow / Hashibutogarasu" }, "geometry": { "type": "Point", "coordinates": [ 136.7308, 34.4741 ] } },
{ "type": "Feature", "properties": { "decimalLatitude": 43.2685, "decimalLongitude": 133.8538, "month": 4, "species_sci": "Corvus macrorhynchos", "species_com": "Large-billed Crow / Hashibutogarasu" }, "geometry": { "type": "Point", "coordinates": [ 133.8538, 43.2685 ] } },
{ "type": "Feature", "properties": { "decimalLatitude": 17.3507, "decimalLongitude": 78.4494, "month": 4, "species_sci": "Corvus macrorhynchos", "species_com": "Large-billed Crow / Hashibutogarasu" }, "geometry": { "type": "Point", "coordinates": [ 78.4494, 17.3507 ] } },
{ "type": "Feature", "properties": { "decimalLatitude": 13.7529, "decimalLongitude": 100.4914, "month": 4, "species_sci": "Corvus macrorhynchos", "species_com": "Large-billed Crow / Hashibutogarasu" }, "geometry": { "type": "Point", "coordinates": [ 100.4914, 13.7529 ] } },
{ "type": "Feature", "properties": { "decimalLatitude": 35.5405, "decimalLongitude": 139.6303, "month": 4, "species_sci": "Corvus macrorhynchos", "species_com": "Large-billed Crow / Hashibutogarasu" }, "geometry": { "type": "Point", "coordinates": [ 139.6303, 35.5405 ] } },
{ "type": "Feature", "properties": { "decimalLatitude": 13.7321, "decimalLongitude": 100.5578, "month": 4, "species_sci": "Corvus macrorhynchos", "species_com": "Large-billed Crow / Hashibutogarasu" }, "geometry": { "type": "Point", "coordinates": [ 100.5578, 13.7321 ] } },
{ "type": "Feature", "properties": { "decimalLatitude": 11.4141, "decimalLongitude": 107.4248, "month": 4, "species_sci": "Corvus macrorhynchos", "species_com": "Large-billed Crow / Hashibutogarasu" }, "geometry": { "type": "Point", "coordinates": [ 107.4248, 11.4141 ] } },
{ "type": "Feature", "properties": { "decimalLatitude": 24.2102, "decimalLongitude": 121.4243, "month": 4, "species_sci": "Corvus macrorhynchos", "species_com": "Large-billed Crow / Hashibutogarasu" }, "geometry": { "type": "Point", "coordinates": [ 121.4243, 24.2102 ] } },
{ "type": "Feature", "properties": { "decimalLatitude": 27.8381, "decimalLongitude": 86.7701, "month": 4, "species_sci": "Corvus macrorhynchos", "species_com": "Large-billed Crow / Hashibutogarasu" }, "geometry": { "type": "Point", "coordinates": [ 86.7701, 27.8381 ] } },
{ "type": "Feature", "properties": { "decimalLatitude": 35.0095, "decimalLongitude": 135.6747, "month": 4, "species_sci": "Corvus macrorhynchos", "species_com": "Large-billed Crow / Hashibutogarasu" }, "geometry": { "type": "Point", "coordinates": [ 135.6747, 35.0095 ] } },
{ "type": "Feature", "properties": { "decimalLatitude": 23.0302, "decimalLongitude": 72.5759, "month": 4, "species_sci": "Corvus macrorhynchos", "species_com": "Large-billed Crow / Hashibutogarasu" }, "geometry": { "type": "Point", "coordinates": [ 72.5759, 23.0302 ] } },
{ "type": "Feature", "properties": { "decimalLatitude": 9.1033, "decimalLongitude": 76.5971, "month": 4, "species_sci": "Corvus macrorhynchos", "species_com": "Large-billed Crow / Hashibutogarasu" }, "geometry": { "type": "Point", "coordinates": [ 76.5971, 9.1033 ] } },
{ "type": "Feature", "properties": { "decimalLatitude": 10.971, "decimalLongitude": 76.9248, "month": 4, "species_sci": "Corvus macrorhynchos", "species_com": "Large-billed Crow / Hashibutogarasu" }, "geometry": { "type": "Point", "coordinates": [ 76.9248, 10.971 ] } },
{ "type": "Feature", "properties": { "decimalLatitude": 35.216, "decimalLongitude": 128.6244, "month": 4, "species_sci": "Corvus macrorhynchos", "species_com": "Large-billed Crow / Hashibutogarasu" }, "geometry": { "type": "Point", "coordinates": [ 128.6244, 35.216 ] } },
{ "type": "Feature", "properties": { "decimalLatitude": 32.0713, "decimalLongitude": 76.5912, "month": 4, "species_sci": "Corvus macrorhynchos", "species_com": "Large-billed Crow / Hashibutogarasu" }, "geometry": { "type": "Point", "coordinates": [ 76.5912, 32.0713 ] } },
{ "type": "Feature", "properties": { "decimalLatitude": 34.6873, "decimalLongitude": 135.5259, "month": 4, "species_sci": "Corvus macrorhynchos", "species_com": "Large-billed Crow / Hashibutogarasu" }, "geometry": { "type": "Point", "coordinates": [ 135.5259, 34.6873 ] } },
{ "type": "Feature", "properties": { "decimalLatitude": 6.031, "decimalLongitude": 101.3891, "month": 4, "species_sci": "Corvus macrorhynchos", "species_com": "Large-billed Crow / Hashibutogarasu" }, "geometry": { "type": "Point", "coordinates": [ 101.3891, 6.031 ] } },
{ "type": "Feature", "properties": { "decimalLatitude": 37.4684, "decimalLongitude": 127.1666, "month": 4, "species_sci": "Corvus macrorhynchos", "species_com": "Large-billed Crow / Hashibutogarasu" }, "geometry": { "type": "Point", "coordinates": [ 127.1666, 37.4684 ] } },
{ "type": "Feature", "properties": { "decimalLatitude": 13.8399, "decimalLongitude": 100.5749, "month": 4, "species_sci": "Corvus macrorhynchos", "species_com": "Large-billed Crow / Hashibutogarasu" }, "geometry": { "type": "Point", "coordinates": [ 100.5749, 13.8399 ] } },
{ "type": "Feature", "properties": { "decimalLatitude": 22.2995, "decimalLongitude": 80.5864, "month": 4, "species_sci": "Corvus macrorhynchos", "species_com": "Large-billed Crow / Hashibutogarasu" }, "geometry": { "type": "Point", "coordinates": [ 80.5864, 22.2995 ] } },
{ "type": "Feature", "properties": { "decimalLatitude": 26.6052, "decimalLongitude": 93.3909, "month": 4, "species_sci": "Corvus macrorhynchos", "species_com": "Large-billed Crow / Hashibutogarasu" }, "geometry": { "type": "Point", "coordinates": [ 93.3909, 26.6052 ] } },
{ "type": "Feature", "properties": { "decimalLatitude": 35.6713, "decimalLongitude": 139.7562, "month": 4, "species_sci": "Corvus macrorhynchos", "species_com": "Large-billed Crow / Hashibutogarasu" }, "geometry": { "type": "Point", "coordinates": [ 139.7562, 35.6713 ] } },
{ "type": "Feature", "properties": { "decimalLatitude": 23.513, "decimalLongitude": 120.809, "month": 4, "species_sci": "Corvus macrorhynchos", "species_com": "Large-billed Crow / Hashibutogarasu" }, "geometry": { "type": "Point", "coordinates": [ 120.809, 23.513 ] } },
{ "type": "Feature", "properties": { "decimalLatitude": 43.0642, "decimalLongitude": 141.3435, "month": 4, "species_sci": "Corvus macrorhynchos", "species_com": "Large-billed Crow / Hashibutogarasu" }, "geometry": { "type": "Point", "coordinates": [ 141.3435, 43.0642 ] } },
{ "type": "Feature", "properties": { "decimalLatitude": 19.0591, "decimalLongitude": 72.8218, "month": 4, "species_sci": "Corvus macrorhynchos", "species_com": "Large-billed Crow / Hashibutogarasu" }, "geometry": { "type": "Point", "coordinates": [ 72.8218, 19.0591 ] } },
{ "type": "Feature", "properties": { "decimalLatitude": 37.9791, "decimalLongitude": 127.277, "month": 4, "species_sci": "Corvus macrorhynchos", "species_com": "Large-billed Crow / Hashibutogarasu" }, "geometry": { "type": "Point", "coordinates": [ 127.277, 37.9791 ] } },
{ "type": "Feature", "properties": { "decimalLatitude": 13.9578, "decimalLongitude": 100.5032, "month": 4, "species_sci": "Corvus macrorhynchos", "species_com": "Large-billed Crow / Hashibutogarasu" }, "geometry": { "type": "Point", "coordinates": [ 100.5032, 13.9578 ] } },
{ "type": "Feature", "properties": { "decimalLatitude": 7.5991, "decimalLongitude": 99.0363, "month": 4, "species_sci": "Corvus macrorhynchos", "species_com": "Large-billed Crow / Hashibutogarasu" }, "geometry": { "type": "Point", "coordinates": [ 99.0363, 7.5991 ] } },
{ "type": "Feature", "properties": { "decimalLatitude": 34.7298, "decimalLongitude": 135.2351, "month": 4, "species_sci": "Corvus macrorhynchos", "species_com": "Large-billed Crow / Hashibutogarasu" }, "geometry": { "type": "Point", "coordinates": [ 135.2351, 34.7298 ] } },
{ "type": "Feature", "properties": { "decimalLatitude": 16.4587, "decimalLongitude": 102.8087, "month": 4, "species_sci": "Corvus macrorhynchos", "species_com": "Large-billed Crow / Hashibutogarasu" }, "geometry": { "type": "Point", "coordinates": [ 102.8087, 16.4587 ] } },
{ "type": "Feature", "properties": { "decimalLatitude": 37.3558, "decimalLongitude": 127.1156, "month": 4, "species_sci": "Corvus macrorhynchos", "species_com": "Large-billed Crow / Hashibutogarasu" }, "geometry": { "type": "Point", "coordinates": [ 127.1156, 37.3558 ] } },
{ "type": "Feature", "properties": { "decimalLatitude": 43.2211, "decimalLongitude": 131.9919, "month": 4, "species_sci": "Corvus macrorhynchos", "species_com": "Large-billed Crow / Hashibutogarasu" }, "geometry": { "type": "Point", "coordinates": [ 131.9919, 43.2211 ] } },
{ "type": "Feature", "properties": { "decimalLatitude": 13.6861, "decimalLongitude": 100.661, "month": 4, "species_sci": "Corvus macrorhynchos", "species_com": "Large-billed Crow / Hashibutogarasu" }, "geometry": { "type": "Point", "coordinates": [ 100.661, 13.6861 ] } },
{ "type": "Feature", "properties": { "decimalLatitude": 9.9475, "decimalLongitude": 98.5989, "month": 4, "species_sci": "Corvus macrorhynchos", "species_com": "Large-billed Crow / Hashibutogarasu" }, "geometry": { "type": "Point", "coordinates": [ 98.5989, 9.9475 ] } },
{ "type": "Feature", "properties": { "decimalLatitude": 9.104, "decimalLongitude": 76.5974, "month": 4, "species_sci": "Corvus macrorhynchos", "species_com": "Large-billed Crow / Hashibutogarasu" }, "geometry": { "type": "Point", "coordinates": [ 76.5974, 9.104 ] } },
{ "type": "Feature", "properties": { "decimalLatitude": 7.8746, "decimalLongitude": 98.377, "month": 4, "species_sci": "Corvus macrorhynchos", "species_com": "Large-billed Crow / Hashibutogarasu" }, "geometry": { "type": "Point", "coordinates": [ 98.377, 7.8746 ] } },
{ "type": "Feature", "properties": { "decimalLatitude": 24.0623, "decimalLongitude": 120.6935, "month": 4, "species_sci": "Corvus macrorhynchos", "species_com": "Large-billed Crow / Hashibutogarasu" }, "geometry": { "type": "Point", "coordinates": [ 120.6935, 24.0623 ] } },
{ "type": "Feature", "properties": { "decimalLatitude": 32.0713, "decimalLongitude": 76.5912, "month": 4, "species_sci": "Corvus macrorhynchos", "species_com": "Large-billed Crow / Hashibutogarasu" }, "geometry": { "type": "Point", "coordinates": [ 76.5912, 32.0713 ] } },
{ "type": "Feature", "properties": { "decimalLatitude": 22.12, "decimalLongitude": 113.57, "month": 4, "species_sci": "Corvus macrorhynchos", "species_com": "Large-billed Crow / Hashibutogarasu" }, "geometry": { "type": "Point", "coordinates": [ 113.57, 22.12 ] } },
{ "type": "Feature", "properties": { "decimalLatitude": 22.4292, "decimalLongitude": 114.1812, "month": 4, "species_sci": "Corvus macrorhynchos", "species_com": "Large-billed Crow / Hashibutogarasu" }, "geometry": { "type": "Point", "coordinates": [ 114.1812, 22.4292 ] } },
{ "type": "Feature", "properties": { "decimalLatitude": 37.5513, "decimalLongitude": 126.988, "month": 4, "species_sci": "Corvus macrorhynchos", "species_com": "Large-billed Crow / Hashibutogarasu" }, "geometry": { "type": "Point", "coordinates": [ 126.988, 37.5513 ] } },
{ "type": "Feature", "properties": { "decimalLatitude": 35.3361, "decimalLongitude": 136.2738, "month": 4, "species_sci": "Corvus macrorhynchos", "species_com": "Large-billed Crow / Hashibutogarasu" }, "geometry": { "type": "Point", "coordinates": [ 136.2738, 35.3361 ] } },
{ "type": "Feature", "properties": { "decimalLatitude": 22.4342, "decimalLongitude": 69.098, "month": 4, "species_sci": "Corvus macrorhynchos", "species_com": "Large-billed Crow / Hashibutogarasu" }, "geometry": { "type": "Point", "coordinates": [ 69.098, 22.4342 ] } },
{ "type": "Feature", "properties": { "decimalLatitude": 35.6997, "decimalLongitude": 139.5745, "month": 4, "species_sci": "Corvus macrorhynchos", "species_com": "Large-billed Crow / Hashibutogarasu" }, "geometry": { "type": "Point", "coordinates": [ 139.5745, 35.6997 ] } },
{ "type": "Feature", "properties": { "decimalLatitude": 24.9794, "decimalLongitude": 121.5162, "month": 4, "species_sci": "Corvus macrorhynchos", "species_com": "Large-billed Crow / Hashibutogarasu" }, "geometry": { "type": "Point", "coordinates": [ 121.5162, 24.9794 ] } },
{ "type": "Feature", "properties": { "decimalLatitude": 14.6322, "decimalLongitude": 102.8204, "month": 4, "species_sci": "Corvus macrorhynchos", "species_com": "Large-billed Crow / Hashibutogarasu" }, "geometry": { "type": "Point", "coordinates": [ 102.8204, 14.6322 ] } },
{ "type": "Feature", "properties": { "decimalLatitude": 36.4951, "decimalLongitude": 127.2839, "month": 4, "species_sci": "Corvus macrorhynchos", "species_com": "Large-billed Crow / Hashibutogarasu" }, "geometry": { "type": "Point", "coordinates": [ 127.2839, 36.4951 ] } },
{ "type": "Feature", "properties": { "decimalLatitude": 24.2478, "decimalLongitude": 120.978, "month": 4, "species_sci": "Corvus macrorhynchos", "species_com": "Large-billed Crow / Hashibutogarasu" }, "geometry": { "type": "Point", "coordinates": [ 120.978, 24.2478 ] } },
{ "type": "Feature", "properties": { "decimalLatitude": 12.9735, "decimalLongitude": 77.6632, "month": 4, "species_sci": "Corvus macrorhynchos", "species_com": "Large-billed Crow / Hashibutogarasu" }, "geometry": { "type": "Point", "coordinates": [ 77.6632, 12.9735 ] } },
{ "type": "Feature", "properties": { "decimalLatitude": 35.5239, "decimalLongitude": 137.5659, "month": 4, "species_sci": "Corvus macrorhynchos", "species_com": "Large-billed Crow / Hashibutogarasu" }, "geometry": { "type": "Point", "coordinates": [ 137.5659, 35.5239 ] } },
{ "type": "Feature", "properties": { "decimalLatitude": 18.9554, "decimalLongitude": 72.8046, "month": 4, "species_sci": "Corvus macrorhynchos", "species_com": "Large-billed Crow / Hashibutogarasu" }, "geometry": { "type": "Point", "coordinates": [ 72.8046, 18.9554 ] } },
{ "type": "Feature", "properties": { "decimalLatitude": 19.1182, "decimalLongitude": 72.9345, "month": 4, "species_sci": "Corvus macrorhynchos", "species_com": "Large-billed Crow / Hashibutogarasu" }, "geometry": { "type": "Point", "coordinates": [ 72.9345, 19.1182 ] } },
{ "type": "Feature", "properties": { "decimalLatitude": 34.6821, "decimalLongitude": 135.841, "month": 4, "species_sci": "Corvus macrorhynchos", "species_com": "Large-billed Crow / Hashibutogarasu" }, "geometry": { "type": "Point", "coordinates": [ 135.841, 34.6821 ] } },
{ "type": "Feature", "properties": { "decimalLatitude": 23.7335, "decimalLongitude": 113.1334, "month": 5, "species_sci": "Corvus macrorhynchos", "species_com": "Large-billed Crow / Hashibutogarasu" }, "geometry": { "type": "Point", "coordinates": [ 113.1334, 23.7335 ] } },
{ "type": "Feature", "properties": { "decimalLatitude": 37.6441, "decimalLongitude": 127.08, "month": 5, "species_sci": "Corvus macrorhynchos", "species_com": "Large-billed Crow / Hashibutogarasu" }, "geometry": { "type": "Point", "coordinates": [ 127.08, 37.6441 ] } },
{ "type": "Feature", "properties": { "decimalLatitude": 34.7945, "decimalLongitude": 135.4416, "month": 5, "species_sci": "Corvus macrorhynchos", "species_com": "Large-billed Crow / Hashibutogarasu" }, "geometry": { "type": "Point", "coordinates": [ 135.4416, 34.7945 ] } },
{ "type": "Feature", "properties": { "decimalLatitude": 35.6415, "decimalLongitude": 139.8632, "month": 5, "species_sci": "Corvus macrorhynchos", "species_com": "Large-billed Crow / Hashibutogarasu" }, "geometry": { "type": "Point", "coordinates": [ 139.8632, 35.6415 ] } },
{ "type": "Feature", "properties": { "decimalLatitude": 35.5012, "decimalLongitude": 139.6081, "month": 5, "species_sci": "Corvus macrorhynchos", "species_com": "Large-billed Crow / Hashibutogarasu" }, "geometry": { "type": "Point", "coordinates": [ 139.6081, 35.5012 ] } },
{ "type": "Feature", "properties": { "decimalLatitude": 15.6727, "decimalLongitude": 100.2433, "month": 5, "species_sci": "Corvus macrorhynchos", "species_com": "Large-billed Crow / Hashibutogarasu" }, "geometry": { "type": "Point", "coordinates": [ 100.2433, 15.6727 ] } },
{ "type": "Feature", "properties": { "decimalLatitude": 24.1712, "decimalLongitude": 88.2725, "month": 5, "species_sci": "Corvus macrorhynchos", "species_com": "Large-billed Crow / Hashibutogarasu" }, "geometry": { "type": "Point", "coordinates": [ 88.2725, 24.1712 ] } },
{ "type": "Feature", "properties": { "decimalLatitude": 37.6407, "decimalLongitude": 127.08, "month": 5, "species_sci": "Corvus macrorhynchos", "species_com": "Large-billed Crow / Hashibutogarasu" }, "geometry": { "type": "Point", "coordinates": [ 127.08, 37.6407 ] } },
{ "type": "Feature", "properties": { "decimalLatitude": 40.4061, "decimalLongitude": 116.6758, "month": 5, "species_sci": "Corvus macrorhynchos", "species_com": "Large-billed Crow / Hashibutogarasu" }, "geometry": { "type": "Point", "coordinates": [ 116.6758, 40.4061 ] } },
{ "type": "Feature", "properties": { "decimalLatitude": 42.9955, "decimalLongitude": 131.9292, "month": 5, "species_sci": "Corvus macrorhynchos", "species_com": "Large-billed Crow / Hashibutogarasu" }, "geometry": { "type": "Point", "coordinates": [ 131.9292, 42.9955 ] } },
{ "type": "Feature", "properties": { "decimalLatitude": 38.2649, "decimalLongitude": 140.8529, "month": 5, "species_sci": "Corvus macrorhynchos", "species_com": "Large-billed Crow / Hashibutogarasu" }, "geometry": { "type": "Point", "coordinates": [ 140.8529, 38.2649 ] } },
{ "type": "Feature", "properties": { "decimalLatitude": 43.0269, "decimalLongitude": 131.8971, "month": 5, "species_sci": "Corvus macrorhynchos", "species_com": "Large-billed Crow / Hashibutogarasu" }, "geometry": { "type": "Point", "coordinates": [ 131.8971, 43.0269 ] } },
{ "type": "Feature", "properties": { "decimalLatitude": 28.0868, "decimalLongitude": 85.3915, "month": 5, "species_sci": "Corvus macrorhynchos", "species_com": "Large-billed Crow / Hashibutogarasu" }, "geometry": { "type": "Point", "coordinates": [ 85.3915, 28.0868 ] } },
{ "type": "Feature", "properties": { "decimalLatitude": 33.4573, "decimalLongitude": 126.7239, "month": 5, "species_sci": "Corvus macrorhynchos", "species_com": "Large-billed Crow / Hashibutogarasu" }, "geometry": { "type": "Point", "coordinates": [ 126.7239, 33.4573 ] } },
{ "type": "Feature", "properties": { "decimalLatitude": 10.7785, "decimalLongitude": 78.7974, "month": 5, "species_sci": "Corvus macrorhynchos", "species_com": "Large-billed Crow / Hashibutogarasu" }, "geometry": { "type": "Point", "coordinates": [ 78.7974, 10.7785 ] } },
{ "type": "Feature", "properties": { "decimalLatitude": 35.2325, "decimalLongitude": 139.1036, "month": 5, "species_sci": "Corvus macrorhynchos", "species_com": "Large-billed Crow / Hashibutogarasu" }, "geometry": { "type": "Point", "coordinates": [ 139.1036, 35.2325 ] } },
{ "type": "Feature", "properties": { "decimalLatitude": 35.6694, "decimalLongitude": 139.7011, "month": 5, "species_sci": "Corvus macrorhynchos", "species_com": "Large-billed Crow / Hashibutogarasu" }, "geometry": { "type": "Point", "coordinates": [ 139.7011, 35.6694 ] } },
{ "type": "Feature", "properties": { "decimalLatitude": 44.0602, "decimalLongitude": 145.8579, "month": 5, "species_sci": "Corvus macrorhynchos", "species_com": "Large-billed Crow / Hashibutogarasu" }, "geometry": { "type": "Point", "coordinates": [ 145.8579, 44.0602 ] } },
{ "type": "Feature", "properties": { "decimalLatitude": 43.2771, "decimalLongitude": 131.5885, "month": 5, "species_sci": "Corvus macrorhynchos", "species_com": "Large-billed Crow / Hashibutogarasu" }, "geometry": { "type": "Point", "coordinates": [ 131.5885, 43.2771 ] } },
{ "type": "Feature", "properties": { "decimalLatitude": 22.407, "decimalLongitude": 114.1053, "month": 5, "species_sci": "Corvus macrorhynchos", "species_com": "Large-billed Crow / Hashibutogarasu" }, "geometry": { "type": "Point", "coordinates": [ 114.1053, 22.407 ] } },
{ "type": "Feature", "properties": { "decimalLatitude": 39.9254, "decimalLongitude": 116.3956, "month": 5, "species_sci": "Corvus macrorhynchos", "species_com": "Large-billed Crow / Hashibutogarasu" }, "geometry": { "type": "Point", "coordinates": [ 116.3956, 39.9254 ] } },
{ "type": "Feature", "properties": { "decimalLatitude": 13.7398, "decimalLongitude": 100.5264, "month": 5, "species_sci": "Corvus macrorhynchos", "species_com": "Large-billed Crow / Hashibutogarasu" }, "geometry": { "type": "Point", "coordinates": [ 100.5264, 13.7398 ] } },
{ "type": "Feature", "properties": { "decimalLatitude": 35.4473, "decimalLongitude": 139.6442, "month": 5, "species_sci": "Corvus macrorhynchos", "species_com": "Large-billed Crow / Hashibutogarasu" }, "geometry": { "type": "Point", "coordinates": [ 139.6442, 35.4473 ] } },
{ "type": "Feature", "properties": { "decimalLatitude": 24.1712, "decimalLongitude": 88.2725, "month": 5, "species_sci": "Corvus macrorhynchos", "species_com": "Large-billed Crow / Hashibutogarasu" }, "geometry": { "type": "Point", "coordinates": [ 88.2725, 24.1712 ] } },
{ "type": "Feature", "properties": { "decimalLatitude": 35.6497, "decimalLongitude": 139.4645, "month": 5, "species_sci": "Corvus macrorhynchos", "species_com": "Large-billed Crow / Hashibutogarasu" }, "geometry": { "type": "Point", "coordinates": [ 139.4645, 35.6497 ] } },
{ "type": "Feature", "properties": { "decimalLatitude": 22.3818, "decimalLongitude": 114.2752, "month": 5, "species_sci": "Corvus macrorhynchos", "species_com": "Large-billed Crow / Hashibutogarasu" }, "geometry": { "type": "Point", "coordinates": [ 114.2752, 22.3818 ] } },
{ "type": "Feature", "properties": { "decimalLatitude": 42.9645, "decimalLongitude": 131.8807, "month": 5, "species_sci": "Corvus macrorhynchos", "species_com": "Large-billed Crow / Hashibutogarasu" }, "geometry": { "type": "Point", "coordinates": [ 131.8807, 42.9645 ] } },
{ "type": "Feature", "properties": { "decimalLatitude": 37.4453, "decimalLongitude": 127.0971, "month": 5, "species_sci": "Corvus macrorhynchos", "species_com": "Large-billed Crow / Hashibutogarasu" }, "geometry": { "type": "Point", "coordinates": [ 127.0971, 37.4453 ] } },
{ "type": "Feature", "properties": { "decimalLatitude": 35.6859, "decimalLongitude": 139.7114, "month": 5, "species_sci": "Corvus macrorhynchos", "species_com": "Large-billed Crow / Hashibutogarasu" }, "geometry": { "type": "Point", "coordinates": [ 139.7114, 35.6859 ] } },
{ "type": "Feature", "properties": { "decimalLatitude": 13.8135, "decimalLongitude": 100.5537, "month": 5, "species_sci": "Corvus macrorhynchos", "species_com": "Large-billed Crow / Hashibutogarasu" }, "geometry": { "type": "Point", "coordinates": [ 100.5537, 13.8135 ] } },
{ "type": "Feature", "properties": { "decimalLatitude": 43.0282, "decimalLongitude": 131.8907, "month": 5, "species_sci": "Corvus macrorhynchos", "species_com": "Large-billed Crow / Hashibutogarasu" }, "geometry": { "type": "Point", "coordinates": [ 131.8907, 43.0282 ] } },
{ "type": "Feature", "properties": { "decimalLatitude": 35.584, "decimalLongitude": 139.7552, "month": 5, "species_sci": "Corvus macrorhynchos", "species_com": "Large-billed Crow / Hashibutogarasu" }, "geometry": { "type": "Point", "coordinates": [ 139.7552, 35.584 ] } },
{ "type": "Feature", "properties": { "decimalLatitude": 14.0802, "decimalLongitude": 101.2515, "month": 5, "species_sci": "Corvus macrorhynchos", "species_com": "Large-billed Crow / Hashibutogarasu" }, "geometry": { "type": "Point", "coordinates": [ 101.2515, 14.0802 ] } },
{ "type": "Feature", "properties": { "decimalLatitude": 46.8781, "decimalLongitude": 142.6074, "month": 5, "species_sci": "Corvus macrorhynchos", "species_com": "Large-billed Crow / Hashibutogarasu" }, "geometry": { "type": "Point", "coordinates": [ 142.6074, 46.8781 ] } },
{ "type": "Feature", "properties": { "decimalLatitude": 26.2472, "decimalLongitude": 127.7314, "month": 5, "species_sci": "Corvus macrorhynchos", "species_com": "Large-billed Crow / Hashibutogarasu" }, "geometry": { "type": "Point", "coordinates": [ 127.7314, 26.2472 ] } },
{ "type": "Feature", "properties": { "decimalLatitude": 27.165, "decimalLongitude": 92.2167, "month": 5, "species_sci": "Corvus macrorhynchos", "species_com": "Large-billed Crow / Hashibutogarasu" }, "geometry": { "type": "Point", "coordinates": [ 92.2167, 27.165 ] } },
{ "type": "Feature", "properties": { "decimalLatitude": 32.7126, "decimalLongitude": 106.3955, "month": 5, "species_sci": "Corvus macrorhynchos", "species_com": "Large-billed Crow / Hashibutogarasu" }, "geometry": { "type": "Point", "coordinates": [ 106.3955, 32.7126 ] } },
{ "type": "Feature", "properties": { "decimalLatitude": 35.5521, "decimalLongitude": 139.6507, "month": 5, "species_sci": "Corvus macrorhynchos", "species_com": "Large-billed Crow / Hashibutogarasu" }, "geometry": { "type": "Point", "coordinates": [ 139.6507, 35.5521 ] } },
{ "type": "Feature", "properties": { "decimalLatitude": 28.6118, "decimalLongitude": 82.6248, "month": 5, "species_sci": "Corvus macrorhynchos", "species_com": "Large-billed Crow / Hashibutogarasu" }, "geometry": { "type": "Point", "coordinates": [ 82.6248, 28.6118 ] } },
{ "type": "Feature", "properties": { "decimalLatitude": 43.0287, "decimalLongitude": 131.8903, "month": 5, "species_sci": "Corvus macrorhynchos", "species_com": "Large-billed Crow / Hashibutogarasu" }, "geometry": { "type": "Point", "coordinates": [ 131.8903, 43.0287 ] } },
{ "type": "Feature", "properties": { "decimalLatitude": 35.5067, "decimalLongitude": 139.5381, "month": 5, "species_sci": "Corvus macrorhynchos", "species_com": "Large-billed Crow / Hashibutogarasu" }, "geometry": { "type": "Point", "coordinates": [ 139.5381, 35.5067 ] } },
{ "type": "Feature", "properties": { "decimalLatitude": 24.2828, "decimalLongitude": 121.027, "month": 5, "species_sci": "Corvus macrorhynchos", "species_com": "Large-billed Crow / Hashibutogarasu" }, "geometry": { "type": "Point", "coordinates": [ 121.027, 24.2828 ] } },
{ "type": "Feature", "properties": { "decimalLatitude": 35.2976, "decimalLongitude": 139.5767, "month": 5, "species_sci": "Corvus macrorhynchos", "species_com": "Large-billed Crow / Hashibutogarasu" }, "geometry": { "type": "Point", "coordinates": [ 139.5767, 35.2976 ] } },
{ "type": "Feature", "properties": { "decimalLatitude": 24.5223, "decimalLongitude": 121.8352, "month": 5, "species_sci": "Corvus macrorhynchos", "species_com": "Large-billed Crow / Hashibutogarasu" }, "geometry": { "type": "Point", "coordinates": [ 121.8352, 24.5223 ] } },
{ "type": "Feature", "properties": { "decimalLatitude": 35.6747, "decimalLongitude": 139.7018, "month": 5, "species_sci": "Corvus macrorhynchos", "species_com": "Large-billed Crow / Hashibutogarasu" }, "geometry": { "type": "Point", "coordinates": [ 139.7018, 35.6747 ] } },
{ "type": "Feature", "properties": { "decimalLatitude": 43.1187, "decimalLongitude": 131.9168, "month": 5, "species_sci": "Corvus macrorhynchos", "species_com": "Large-billed Crow / Hashibutogarasu" }, "geometry": { "type": "Point", "coordinates": [ 131.9168, 43.1187 ] } },
{ "type": "Feature", "properties": { "decimalLatitude": 13.0801, "decimalLongitude": 77.5785, "month": 5, "species_sci": "Corvus macrorhynchos", "species_com": "Large-billed Crow / Hashibutogarasu" }, "geometry": { "type": "Point", "coordinates": [ 77.5785, 13.0801 ] } },
{ "type": "Feature", "properties": { "decimalLatitude": 13.7466, "decimalLongitude": 100.4921, "month": 5, "species_sci": "Corvus macrorhynchos", "species_com": "Large-billed Crow / Hashibutogarasu" }, "geometry": { "type": "Point", "coordinates": [ 100.4921, 13.7466 ] } },
{ "type": "Feature", "properties": { "decimalLatitude": 35.0054, "decimalLongitude": 135.7783, "month": 5, "species_sci": "Corvus macrorhynchos", "species_com": "Large-billed Crow / Hashibutogarasu" }, "geometry": { "type": "Point", "coordinates": [ 135.7783, 35.0054 ] } },
{ "type": "Feature", "properties": { "decimalLatitude": 27.5441, "decimalLongitude": 90.2175, "month": 5, "species_sci": "Corvus macrorhynchos", "species_com": "Large-billed Crow / Hashibutogarasu" }, "geometry": { "type": "Point", "coordinates": [ 90.2175, 27.5441 ] } },
{ "type": "Feature", "properties": { "decimalLatitude": 43.2689, "decimalLongitude": 133.8529, "month": 5, "species_sci": "Corvus macrorhynchos", "species_com": "Large-billed Crow / Hashibutogarasu" }, "geometry": { "type": "Point", "coordinates": [ 133.8529, 43.2689 ] } },
{ "type": "Feature", "properties": { "decimalLatitude": 35.4921, "decimalLongitude": 139.3971, "month": 5, "species_sci": "Corvus macrorhynchos", "species_com": "Large-billed Crow / Hashibutogarasu" }, "geometry": { "type": "Point", "coordinates": [ 139.3971, 35.4921 ] } },
{ "type": "Feature", "properties": { "decimalLatitude": 37.9771, "decimalLongitude": 127.2768, "month": 5, "species_sci": "Corvus macrorhynchos", "species_com": "Large-billed Crow / Hashibutogarasu" }, "geometry": { "type": "Point", "coordinates": [ 127.2768, 37.9771 ] } },
{ "type": "Feature", "properties": { "decimalLatitude": 12.9494, "decimalLongitude": 77.5847, "month": 5, "species_sci": "Corvus macrorhynchos", "species_com": "Large-billed Crow / Hashibutogarasu" }, "geometry": { "type": "Point", "coordinates": [ 77.5847, 12.9494 ] } },
{ "type": "Feature", "properties": { "decimalLatitude": 35.0007, "decimalLongitude": 135.7648, "month": 5, "species_sci": "Corvus macrorhynchos", "species_com": "Large-billed Crow / Hashibutogarasu" }, "geometry": { "type": "Point", "coordinates": [ 135.7648, 35.0007 ] } },
{ "type": "Feature", "properties": { "decimalLatitude": 35.7125, "decimalLongitude": 139.7739, "month": 5, "species_sci": "Corvus macrorhynchos", "species_com": "Large-billed Crow / Hashibutogarasu" }, "geometry": { "type": "Point", "coordinates": [ 139.7739, 35.7125 ] } },
{ "type": "Feature", "properties": { "decimalLatitude": 12.9077, "decimalLongitude": 77.552, "month": 5, "species_sci": "Corvus macrorhynchos", "species_com": "Large-billed Crow / Hashibutogarasu" }, "geometry": { "type": "Point", "coordinates": [ 77.552, 12.9077 ] } },
{ "type": "Feature", "properties": { "decimalLatitude": 35.0969, "decimalLongitude": 129.0081, "month": 5, "species_sci": "Corvus macrorhynchos", "species_com": "Large-billed Crow / Hashibutogarasu" }, "geometry": { "type": "Point", "coordinates": [ 129.0081, 35.0969 ] } },
{ "type": "Feature", "properties": { "decimalLatitude": 33.3097, "decimalLongitude": 126.5726, "month": 5, "species_sci": "Corvus macrorhynchos", "species_com": "Large-billed Crow / Hashibutogarasu" }, "geometry": { "type": "Point", "coordinates": [ 126.5726, 33.3097 ] } },
{ "type": "Feature", "properties": { "decimalLatitude": 38.2104, "decimalLongitude": 140.9039, "month": 5, "species_sci": "Corvus macrorhynchos", "species_com": "Large-billed Crow / Hashibutogarasu" }, "geometry": { "type": "Point", "coordinates": [ 140.9039, 38.2104 ] } },
{ "type": "Feature", "properties": { "decimalLatitude": 24.1864, "decimalLongitude": 121.3387, "month": 5, "species_sci": "Corvus macrorhynchos", "species_com": "Large-billed Crow / Hashibutogarasu" }, "geometry": { "type": "Point", "coordinates": [ 121.3387, 24.1864 ] } },
{ "type": "Feature", "properties": { "decimalLatitude": 35.2426, "decimalLongitude": 139.0193, "month": 5, "species_sci": "Corvus macrorhynchos", "species_com": "Large-billed Crow / Hashibutogarasu" }, "geometry": { "type": "Point", "coordinates": [ 139.0193, 35.2426 ] } },
{ "type": "Feature", "properties": { "decimalLatitude": 13.7293, "decimalLongitude": 100.5575, "month": 5, "species_sci": "Corvus macrorhynchos", "species_com": "Large-billed Crow / Hashibutogarasu" }, "geometry": { "type": "Point", "coordinates": [ 100.5575, 13.7293 ] } },
{ "type": "Feature", "properties": { "decimalLatitude": 43.2685, "decimalLongitude": 133.8534, "month": 5, "species_sci": "Corvus macrorhynchos", "species_com": "Large-billed Crow / Hashibutogarasu" }, "geometry": { "type": "Point", "coordinates": [ 133.8534, 43.2685 ] } },
{ "type": "Feature", "properties": { "decimalLatitude": 37.9764, "decimalLongitude": 127.2752, "month": 5, "species_sci": "Corvus macrorhynchos", "species_com": "Large-billed Crow / Hashibutogarasu" }, "geometry": { "type": "Point", "coordinates": [ 127.2752, 37.9764 ] } },
{ "type": "Feature", "properties": { "decimalLatitude": 35.6906, "decimalLongitude": 139.6909, "month": 5, "species_sci": "Corvus macrorhynchos", "species_com": "Large-billed Crow / Hashibutogarasu" }, "geometry": { "type": "Point", "coordinates": [ 139.6909, 35.6906 ] } },
{ "type": "Feature", "properties": { "decimalLatitude": 38.2665, "decimalLongitude": 140.8595, "month": 5, "species_sci": "Corvus macrorhynchos", "species_com": "Large-billed Crow / Hashibutogarasu" }, "geometry": { "type": "Point", "coordinates": [ 140.8595, 38.2665 ] } },
{ "type": "Feature", "properties": { "decimalLatitude": 23.4814, "decimalLongitude": 120.8856, "month": 5, "species_sci": "Corvus macrorhynchos", "species_com": "Large-billed Crow / Hashibutogarasu" }, "geometry": { "type": "Point", "coordinates": [ 120.8856, 23.4814 ] } },
{ "type": "Feature", "properties": { "decimalLatitude": 22.6263, "decimalLongitude": 81.7272, "month": 5, "species_sci": "Corvus macrorhynchos", "species_com": "Large-billed Crow / Hashibutogarasu" }, "geometry": { "type": "Point", "coordinates": [ 81.7272, 22.6263 ] } },
{ "type": "Feature", "properties": { "decimalLatitude": 43.2699, "decimalLongitude": 133.8618, "month": 5, "species_sci": "Corvus macrorhynchos", "species_com": "Large-billed Crow / Hashibutogarasu" }, "geometry": { "type": "Point", "coordinates": [ 133.8618, 43.2699 ] } },
{ "type": "Feature", "properties": { "decimalLatitude": 22.3791, "decimalLongitude": 114.098, "month": 5, "species_sci": "Corvus macrorhynchos", "species_com": "Large-billed Crow / Hashibutogarasu" }, "geometry": { "type": "Point", "coordinates": [ 114.098, 22.3791 ] } },
{ "type": "Feature", "properties": { "decimalLatitude": 26.1377, "decimalLongitude": 127.7521, "month": 5, "species_sci": "Corvus macrorhynchos", "species_com": "Large-billed Crow / Hashibutogarasu" }, "geometry": { "type": "Point", "coordinates": [ 127.7521, 26.1377 ] } },
{ "type": "Feature", "properties": { "decimalLatitude": 13.7285, "decimalLongitude": 100.554, "month": 5, "species_sci": "Corvus macrorhynchos", "species_com": "Large-billed Crow / Hashibutogarasu" }, "geometry": { "type": "Point", "coordinates": [ 100.554, 13.7285 ] } },
{ "type": "Feature", "properties": { "decimalLatitude": 24.4447, "decimalLongitude": 123.9249, "month": 5, "species_sci": "Corvus macrorhynchos", "species_com": "Large-billed Crow / Hashibutogarasu" }, "geometry": { "type": "Point", "coordinates": [ 123.9249, 24.4447 ] } },
{ "type": "Feature", "properties": { "decimalLatitude": 12.4752, "decimalLongitude": 104.876, "month": 5, "species_sci": "Corvus macrorhynchos", "species_com": "Large-billed Crow / Hashibutogarasu" }, "geometry": { "type": "Point", "coordinates": [ 104.876, 12.4752 ] } },
{ "type": "Feature", "properties": { "decimalLatitude": 35.3172, "decimalLongitude": 139.5571, "month": 5, "species_sci": "Corvus macrorhynchos", "species_com": "Large-billed Crow / Hashibutogarasu" }, "geometry": { "type": "Point", "coordinates": [ 139.5571, 35.3172 ] } },
{ "type": "Feature", "properties": { "decimalLatitude": 28.5858, "decimalLongitude": 77.1744, "month": 5, "species_sci": "Corvus macrorhynchos", "species_com": "Large-billed Crow / Hashibutogarasu" }, "geometry": { "type": "Point", "coordinates": [ 77.1744, 28.5858 ] } },
{ "type": "Feature", "properties": { "decimalLatitude": 13.7468, "decimalLongitude": 100.4922, "month": 5, "species_sci": "Corvus macrorhynchos", "species_com": "Large-billed Crow / Hashibutogarasu" }, "geometry": { "type": "Point", "coordinates": [ 100.4922, 13.7468 ] } },
{ "type": "Feature", "properties": { "decimalLatitude": 37.4585, "decimalLongitude": 128.1446, "month": 5, "species_sci": "Corvus macrorhynchos", "species_com": "Large-billed Crow / Hashibutogarasu" }, "geometry": { "type": "Point", "coordinates": [ 128.1446, 37.4585 ] } },
{ "type": "Feature", "properties": { "decimalLatitude": 38.2653, "decimalLongitude": 140.8502, "month": 5, "species_sci": "Corvus macrorhynchos", "species_com": "Large-billed Crow / Hashibutogarasu" }, "geometry": { "type": "Point", "coordinates": [ 140.8502, 38.2653 ] } },
{ "type": "Feature", "properties": { "decimalLatitude": 35.0164, "decimalLongitude": 135.669, "month": 5, "species_sci": "Corvus macrorhynchos", "species_com": "Large-billed Crow / Hashibutogarasu" }, "geometry": { "type": "Point", "coordinates": [ 135.669, 35.0164 ] } },
{ "type": "Feature", "properties": { "decimalLatitude": 39.8792, "decimalLongitude": 116.3995, "month": 5, "species_sci": "Corvus macrorhynchos", "species_com": "Large-billed Crow / Hashibutogarasu" }, "geometry": { "type": "Point", "coordinates": [ 116.3995, 39.8792 ] } },
{ "type": "Feature", "properties": { "decimalLatitude": 28.2054, "decimalLongitude": 85.4703, "month": 5, "species_sci": "Corvus macrorhynchos", "species_com": "Large-billed Crow / Hashibutogarasu" }, "geometry": { "type": "Point", "coordinates": [ 85.4703, 28.2054 ] } },
{ "type": "Feature", "properties": { "decimalLatitude": 13.8053, "decimalLongitude": 100.5528, "month": 5, "species_sci": "Corvus macrorhynchos", "species_com": "Large-billed Crow / Hashibutogarasu" }, "geometry": { "type": "Point", "coordinates": [ 100.5528, 13.8053 ] } },
{ "type": "Feature", "properties": { "decimalLatitude": 34.676, "decimalLongitude": 135.8514, "month": 5, "species_sci": "Corvus macrorhynchos", "species_com": "Large-billed Crow / Hashibutogarasu" }, "geometry": { "type": "Point", "coordinates": [ 135.8514, 34.676 ] } },
{ "type": "Feature", "properties": { "decimalLatitude": 35.6725, "decimalLongitude": 139.7004, "month": 5, "species_sci": "Corvus macrorhynchos", "species_com": "Large-billed Crow / Hashibutogarasu" }, "geometry": { "type": "Point", "coordinates": [ 139.7004, 35.6725 ] } },
{ "type": "Feature", "properties": { "decimalLatitude": 37.9764, "decimalLongitude": 127.2758, "month": 5, "species_sci": "Corvus macrorhynchos", "species_com": "Large-billed Crow / Hashibutogarasu" }, "geometry": { "type": "Point", "coordinates": [ 127.2758, 37.9764 ] } },
{ "type": "Feature", "properties": { "decimalLatitude": 35.4104, "decimalLongitude": 139.3019, "month": 5, "species_sci": "Corvus macrorhynchos", "species_com": "Large-billed Crow / Hashibutogarasu" }, "geometry": { "type": "Point", "coordinates": [ 139.3019, 35.4104 ] } },
{ "type": "Feature", "properties": { "decimalLatitude": 13.0904, "decimalLongitude": 80.3603, "month": 5, "species_sci": "Corvus macrorhynchos", "species_com": "Large-billed Crow / Hashibutogarasu" }, "geometry": { "type": "Point", "coordinates": [ 80.3603, 13.0904 ] } },
{ "type": "Feature", "properties": { "decimalLatitude": 13.8135, "decimalLongitude": 100.4692, "month": 5, "species_sci": "Corvus macrorhynchos", "species_com": "Large-billed Crow / Hashibutogarasu" }, "geometry": { "type": "Point", "coordinates": [ 100.4692, 13.8135 ] } },
{ "type": "Feature", "properties": { "decimalLatitude": 12.991, "decimalLongitude": 80.2498, "month": 5, "species_sci": "Corvus macrorhynchos", "species_com": "Large-billed Crow / Hashibutogarasu" }, "geometry": { "type": "Point", "coordinates": [ 80.2498, 12.991 ] } },
{ "type": "Feature", "properties": { "decimalLatitude": 43.8657, "decimalLongitude": 135.4696, "month": 5, "species_sci": "Corvus macrorhynchos", "species_com": "Large-billed Crow / Hashibutogarasu" }, "geometry": { "type": "Point", "coordinates": [ 135.4696, 43.8657 ] } },
{ "type": "Feature", "properties": { "decimalLatitude": 8.1175, "decimalLongitude": 98.6251, "month": 5, "species_sci": "Corvus macrorhynchos", "species_com": "Large-billed Crow / Hashibutogarasu" }, "geometry": { "type": "Point", "coordinates": [ 98.6251, 8.1175 ] } },
{ "type": "Feature", "properties": { "decimalLatitude": 43.0131, "decimalLongitude": 131.9287, "month": 5, "species_sci": "Corvus macrorhynchos", "species_com": "Large-billed Crow / Hashibutogarasu" }, "geometry": { "type": "Point", "coordinates": [ 131.9287, 43.0131 ] } },
{ "type": "Feature", "properties": { "decimalLatitude": 13.7311, "decimalLongitude": 100.5429, "month": 5, "species_sci": "Corvus macrorhynchos", "species_com": "Large-billed Crow / Hashibutogarasu" }, "geometry": { "type": "Point", "coordinates": [ 100.5429, 13.7311 ] } },
{ "type": "Feature", "properties": { "decimalLatitude": -8.5698, "decimalLongitude": 119.5007, "month": 5, "species_sci": "Corvus macrorhynchos", "species_com": "Large-billed Crow / Hashibutogarasu" }, "geometry": { "type": "Point", "coordinates": [ 119.5007, -8.5698 ] } },
{ "type": "Feature", "properties": { "decimalLatitude": 35.9879, "decimalLongitude": 136.9109, "month": 5, "species_sci": "Corvus macrorhynchos", "species_com": "Large-billed Crow / Hashibutogarasu" }, "geometry": { "type": "Point", "coordinates": [ 136.9109, 35.9879 ] } },
{ "type": "Feature", "properties": { "decimalLatitude": 33.393, "decimalLongitude": 126.4955, "month": 5, "species_sci": "Corvus macrorhynchos", "species_com": "Large-billed Crow / Hashibutogarasu" }, "geometry": { "type": "Point", "coordinates": [ 126.4955, 33.393 ] } },
{ "type": "Feature", "properties": { "decimalLatitude": 3.1463, "decimalLongitude": 101.6967, "month": 5, "species_sci": "Corvus macrorhynchos", "species_com": "Large-billed Crow / Hashibutogarasu" }, "geometry": { "type": "Point", "coordinates": [ 101.6967, 3.1463 ] } },
{ "type": "Feature", "properties": { "decimalLatitude": 35.6983, "decimalLongitude": 139.5811, "month": 5, "species_sci": "Corvus macrorhynchos", "species_com": "Large-billed Crow / Hashibutogarasu" }, "geometry": { "type": "Point", "coordinates": [ 139.5811, 35.6983 ] } },
{ "type": "Feature", "properties": { "decimalLatitude": 8.6879, "decimalLongitude": 81.1829, "month": 5, "species_sci": "Corvus macrorhynchos", "species_com": "Large-billed Crow / Hashibutogarasu" }, "geometry": { "type": "Point", "coordinates": [ 81.1829, 8.6879 ] } },
{ "type": "Feature", "properties": { "decimalLatitude": 12.9494, "decimalLongitude": 77.5847, "month": 5, "species_sci": "Corvus macrorhynchos", "species_com": "Large-billed Crow / Hashibutogarasu" }, "geometry": { "type": "Point", "coordinates": [ 77.5847, 12.9494 ] } },
{ "type": "Feature", "properties": { "decimalLatitude": 35.0572, "decimalLongitude": 129.0194, "month": 5, "species_sci": "Corvus macrorhynchos", "species_com": "Large-billed Crow / Hashibutogarasu" }, "geometry": { "type": "Point", "coordinates": [ 129.0194, 35.0572 ] } },
{ "type": "Feature", "properties": { "decimalLatitude": 43.4046, "decimalLongitude": 132.1862, "month": 5, "species_sci": "Corvus macrorhynchos", "species_com": "Large-billed Crow / Hashibutogarasu" }, "geometry": { "type": "Point", "coordinates": [ 132.1862, 43.4046 ] } },
{ "type": "Feature", "properties": { "decimalLatitude": 44.1971, "decimalLongitude": 143.0775, "month": 5, "species_sci": "Corvus macrorhynchos", "species_com": "Large-billed Crow / Hashibutogarasu" }, "geometry": { "type": "Point", "coordinates": [ 143.0775, 44.1971 ] } },
{ "type": "Feature", "properties": { "decimalLatitude": 34.9998, "decimalLongitude": 135.7647, "month": 5, "species_sci": "Corvus macrorhynchos", "species_com": "Large-billed Crow / Hashibutogarasu" }, "geometry": { "type": "Point", "coordinates": [ 135.7647, 34.9998 ] } },
{ "type": "Feature", "properties": { "decimalLatitude": 30.359, "decimalLongitude": 120.181, "month": 5, "species_sci": "Corvus macrorhynchos", "species_com": "Large-billed Crow / Hashibutogarasu" }, "geometry": { "type": "Point", "coordinates": [ 120.181, 30.359 ] } },
{ "type": "Feature", "properties": { "decimalLatitude": 43.0932, "decimalLongitude": 131.5729, "month": 5, "species_sci": "Corvus macrorhynchos", "species_com": "Large-billed Crow / Hashibutogarasu" }, "geometry": { "type": "Point", "coordinates": [ 131.5729, 43.0932 ] } },
{ "type": "Feature", "properties": { "decimalLatitude": 35.6677, "decimalLongitude": 139.6989, "month": 5, "species_sci": "Corvus macrorhynchos", "species_com": "Large-billed Crow / Hashibutogarasu" }, "geometry": { "type": "Point", "coordinates": [ 139.6989, 35.6677 ] } },
{ "type": "Feature", "properties": { "decimalLatitude": 37.9764, "decimalLongitude": 127.2767, "month": 5, "species_sci": "Corvus macrorhynchos", "species_com": "Large-billed Crow / Hashibutogarasu" }, "geometry": { "type": "Point", "coordinates": [ 127.2767, 37.9764 ] } },
{ "type": "Feature", "properties": { "decimalLatitude": 36.7032, "decimalLongitude": 126.206, "month": 5, "species_sci": "Corvus macrorhynchos", "species_com": "Large-billed Crow / Hashibutogarasu" }, "geometry": { "type": "Point", "coordinates": [ 126.206, 36.7032 ] } },
{ "type": "Feature", "properties": { "decimalLatitude": 8.8704, "decimalLongitude": 76.602, "month": 5, "species_sci": "Corvus macrorhynchos", "species_com": "Large-billed Crow / Hashibutogarasu" }, "geometry": { "type": "Point", "coordinates": [ 76.602, 8.8704 ] } },
{ "type": "Feature", "properties": { "decimalLatitude": 34.3883, "decimalLongitude": 132.474, "month": 5, "species_sci": "Corvus macrorhynchos", "species_com": "Large-billed Crow / Hashibutogarasu" }, "geometry": { "type": "Point", "coordinates": [ 132.474, 34.3883 ] } },
{ "type": "Feature", "properties": { "decimalLatitude": 43.3835, "decimalLongitude": 133.9111, "month": 5, "species_sci": "Corvus macrorhynchos", "species_com": "Large-billed Crow / Hashibutogarasu" }, "geometry": { "type": "Point", "coordinates": [ 133.9111, 43.3835 ] } },
{ "type": "Feature", "properties": { "decimalLatitude": 39.2266, "decimalLongitude": 140.5214, "month": 5, "species_sci": "Corvus macrorhynchos", "species_com": "Large-billed Crow / Hashibutogarasu" }, "geometry": { "type": "Point", "coordinates": [ 140.5214, 39.2266 ] } },
{ "type": "Feature", "properties": { "decimalLatitude": 12.5223, "decimalLongitude": 77.6893, "month": 5, "species_sci": "Corvus macrorhynchos", "species_com": "Large-billed Crow / Hashibutogarasu" }, "geometry": { "type": "Point", "coordinates": [ 77.6893, 12.5223 ] } },
{ "type": "Feature", "properties": { "decimalLatitude": 42.9683, "decimalLongitude": 131.892, "month": 5, "species_sci": "Corvus macrorhynchos", "species_com": "Large-billed Crow / Hashibutogarasu" }, "geometry": { "type": "Point", "coordinates": [ 131.892, 42.9683 ] } },
{ "type": "Feature", "properties": { "decimalLatitude": 37.5609, "decimalLongitude": 127.0646, "month": 5, "species_sci": "Corvus macrorhynchos", "species_com": "Large-billed Crow / Hashibutogarasu" }, "geometry": { "type": "Point", "coordinates": [ 127.0646, 37.5609 ] } },
{ "type": "Feature", "properties": { "decimalLatitude": 34.0515, "decimalLongitude": 139.5275, "month": 5, "species_sci": "Corvus macrorhynchos", "species_com": "Large-billed Crow / Hashibutogarasu" }, "geometry": { "type": "Point", "coordinates": [ 139.5275, 34.0515 ] } },
{ "type": "Feature", "properties": { "decimalLatitude": 3.718, "decimalLongitude": 101.73, "month": 5, "species_sci": "Corvus macrorhynchos", "species_com": "Large-billed Crow / Hashibutogarasu" }, "geometry": { "type": "Point", "coordinates": [ 101.73, 3.718 ] } },
{ "type": "Feature", "properties": { "decimalLatitude": 13.6961, "decimalLongitude": 100.6611, "month": 5, "species_sci": "Corvus macrorhynchos", "species_com": "Large-billed Crow / Hashibutogarasu" }, "geometry": { "type": "Point", "coordinates": [ 100.6611, 13.6961 ] } },
{ "type": "Feature", "properties": { "decimalLatitude": 40.0219, "decimalLongitude": 115.5899, "month": 5, "species_sci": "Corvus macrorhynchos", "species_com": "Large-billed Crow / Hashibutogarasu" }, "geometry": { "type": "Point", "coordinates": [ 115.5899, 40.0219 ] } },
{ "type": "Feature", "properties": { "decimalLatitude": 34.7127, "decimalLongitude": 135.1916, "month": 5, "species_sci": "Corvus macrorhynchos", "species_com": "Large-billed Crow / Hashibutogarasu" }, "geometry": { "type": "Point", "coordinates": [ 135.1916, 34.7127 ] } },
{ "type": "Feature", "properties": { "decimalLatitude": 43.078, "decimalLongitude": 131.3792, "month": 5, "species_sci": "Corvus macrorhynchos", "species_com": "Large-billed Crow / Hashibutogarasu" }, "geometry": { "type": "Point", "coordinates": [ 131.3792, 43.078 ] } },
{ "type": "Feature", "properties": { "decimalLatitude": 35.0272, "decimalLongitude": 135.7098, "month": 5, "species_sci": "Corvus macrorhynchos", "species_com": "Large-billed Crow / Hashibutogarasu" }, "geometry": { "type": "Point", "coordinates": [ 135.7098, 35.0272 ] } },
{ "type": "Feature", "properties": { "decimalLatitude": 37.3804, "decimalLongitude": 126.6529, "month": 5, "species_sci": "Corvus macrorhynchos", "species_com": "Large-billed Crow / Hashibutogarasu" }, "geometry": { "type": "Point", "coordinates": [ 126.6529, 37.3804 ] } },
{ "type": "Feature", "properties": { "decimalLatitude": 51.6584, "decimalLongitude": 39.2573, "month": 5, "species_sci": "Corvus macrorhynchos", "species_com": "Large-billed Crow / Hashibutogarasu" }, "geometry": { "type": "Point", "coordinates": [ 39.2573, 51.6584 ] } },
{ "type": "Feature", "properties": { "decimalLatitude": 42.9668, "decimalLongitude": 131.884, "month": 5, "species_sci": "Corvus macrorhynchos", "species_com": "Large-billed Crow / Hashibutogarasu" }, "geometry": { "type": "Point", "coordinates": [ 131.884, 42.9668 ] } },
{ "type": "Feature", "properties": { "decimalLatitude": 43.2234, "decimalLongitude": 131.9933, "month": 5, "species_sci": "Corvus macrorhynchos", "species_com": "Large-billed Crow / Hashibutogarasu" }, "geometry": { "type": "Point", "coordinates": [ 131.9933, 43.2234 ] } },
{ "type": "Feature", "properties": { "decimalLatitude": 43.0141, "decimalLongitude": 131.9339, "month": 5, "species_sci": "Corvus macrorhynchos", "species_com": "Large-billed Crow / Hashibutogarasu" }, "geometry": { "type": "Point", "coordinates": [ 131.9339, 43.0141 ] } },
{ "type": "Feature", "properties": { "decimalLatitude": 14.8599, "decimalLongitude": 102.0268, "month": 5, "species_sci": "Corvus macrorhynchos", "species_com": "Large-billed Crow / Hashibutogarasu" }, "geometry": { "type": "Point", "coordinates": [ 102.0268, 14.8599 ] } },
{ "type": "Feature", "properties": { "decimalLatitude": 24.2052, "decimalLongitude": 120.8935, "month": 5, "species_sci": "Corvus macrorhynchos", "species_com": "Large-billed Crow / Hashibutogarasu" }, "geometry": { "type": "Point", "coordinates": [ 120.8935, 24.2052 ] } },
{ "type": "Feature", "properties": { "decimalLatitude": 24.7435, "decimalLongitude": 121.6397, "month": 5, "species_sci": "Corvus macrorhynchos", "species_com": "Large-billed Crow / Hashibutogarasu" }, "geometry": { "type": "Point", "coordinates": [ 121.6397, 24.7435 ] } },
{ "type": "Feature", "properties": { "decimalLatitude": 22.0877, "decimalLongitude": 114.137, "month": 5, "species_sci": "Corvus macrorhynchos", "species_com": "Large-billed Crow / Hashibutogarasu" }, "geometry": { "type": "Point", "coordinates": [ 114.137, 22.0877 ] } },
{ "type": "Feature", "properties": { "decimalLatitude": 43.082, "decimalLongitude": 131.8518, "month": 5, "species_sci": "Corvus macrorhynchos", "species_com": "Large-billed Crow / Hashibutogarasu" }, "geometry": { "type": "Point", "coordinates": [ 131.8518, 43.082 ] } },
{ "type": "Feature", "properties": { "decimalLatitude": 35.6497, "decimalLongitude": 139.4641, "month": 5, "species_sci": "Corvus macrorhynchos", "species_com": "Large-billed Crow / Hashibutogarasu" }, "geometry": { "type": "Point", "coordinates": [ 139.4641, 35.6497 ] } },
{ "type": "Feature", "properties": { "decimalLatitude": 35.7128, "decimalLongitude": 139.7736, "month": 5, "species_sci": "Corvus macrorhynchos", "species_com": "Large-billed Crow / Hashibutogarasu" }, "geometry": { "type": "Point", "coordinates": [ 139.7736, 35.7128 ] } },
{ "type": "Feature", "properties": { "decimalLatitude": 36.5108, "decimalLongitude": 126.365, "month": 5, "species_sci": "Corvus macrorhynchos", "species_com": "Large-billed Crow / Hashibutogarasu" }, "geometry": { "type": "Point", "coordinates": [ 126.365, 36.5108 ] } },
{ "type": "Feature", "properties": { "decimalLatitude": 35.6497, "decimalLongitude": 139.4641, "month": 5, "species_sci": "Corvus macrorhynchos", "species_com": "Large-billed Crow / Hashibutogarasu" }, "geometry": { "type": "Point", "coordinates": [ 139.4641, 35.6497 ] } },
{ "type": "Feature", "properties": { "decimalLatitude": 24.2608, "decimalLongitude": 121.0168, "month": 5, "species_sci": "Corvus macrorhynchos", "species_com": "Large-billed Crow / Hashibutogarasu" }, "geometry": { "type": "Point", "coordinates": [ 121.0168, 24.2608 ] } },
{ "type": "Feature", "properties": { "decimalLatitude": 35.6604, "decimalLongitude": 139.6985, "month": 5, "species_sci": "Corvus macrorhynchos", "species_com": "Large-billed Crow / Hashibutogarasu" }, "geometry": { "type": "Point", "coordinates": [ 139.6985, 35.6604 ] } },
{ "type": "Feature", "properties": { "decimalLatitude": 19.801, "decimalLongitude": 73.9126, "month": 5, "species_sci": "Corvus macrorhynchos", "species_com": "Large-billed Crow / Hashibutogarasu" }, "geometry": { "type": "Point", "coordinates": [ 73.9126, 19.801 ] } },
{ "type": "Feature", "properties": { "decimalLatitude": 13.7321, "decimalLongitude": 100.5547, "month": 5, "species_sci": "Corvus macrorhynchos", "species_com": "Large-billed Crow / Hashibutogarasu" }, "geometry": { "type": "Point", "coordinates": [ 100.5547, 13.7321 ] } },
{ "type": "Feature", "properties": { "decimalLatitude": 33.3119, "decimalLongitude": 126.5712, "month": 5, "species_sci": "Corvus macrorhynchos", "species_com": "Large-billed Crow / Hashibutogarasu" }, "geometry": { "type": "Point", "coordinates": [ 126.5712, 33.3119 ] } },
{ "type": "Feature", "properties": { "decimalLatitude": 43.2245, "decimalLongitude": 131.994, "month": 5, "species_sci": "Corvus macrorhynchos", "species_com": "Large-billed Crow / Hashibutogarasu" }, "geometry": { "type": "Point", "coordinates": [ 131.994, 43.2245 ] } },
{ "type": "Feature", "properties": { "decimalLatitude": 34.9653, "decimalLongitude": 138.4682, "month": 5, "species_sci": "Corvus macrorhynchos", "species_com": "Large-billed Crow / Hashibutogarasu" }, "geometry": { "type": "Point", "coordinates": [ 138.4682, 34.9653 ] } },
{ "type": "Feature", "properties": { "decimalLatitude": 37.0418, "decimalLongitude": 101.8317, "month": 5, "species_sci": "Corvus macrorhynchos", "species_com": "Large-billed Crow / Hashibutogarasu" }, "geometry": { "type": "Point", "coordinates": [ 101.8317, 37.0418 ] } },
{ "type": "Feature", "properties": { "decimalLatitude": 34.9058, "decimalLongitude": 135.7064, "month": 5, "species_sci": "Corvus macrorhynchos", "species_com": "Large-billed Crow / Hashibutogarasu" }, "geometry": { "type": "Point", "coordinates": [ 135.7064, 34.9058 ] } },
{ "type": "Feature", "properties": { "decimalLatitude": 13.7325, "decimalLongitude": 100.5451, "month": 5, "species_sci": "Corvus macrorhynchos", "species_com": "Large-billed Crow / Hashibutogarasu" }, "geometry": { "type": "Point", "coordinates": [ 100.5451, 13.7325 ] } },
{ "type": "Feature", "properties": { "decimalLatitude": 42.9887, "decimalLongitude": 131.9252, "month": 5, "species_sci": "Corvus macrorhynchos", "species_com": "Large-billed Crow / Hashibutogarasu" }, "geometry": { "type": "Point", "coordinates": [ 131.9252, 42.9887 ] } },
{ "type": "Feature", "properties": { "decimalLatitude": 35.6703, "decimalLongitude": 127.9401, "month": 6, "species_sci": "Corvus macrorhynchos", "species_com": "Large-billed Crow / Hashibutogarasu" }, "geometry": { "type": "Point", "coordinates": [ 127.9401, 35.6703 ] } },
{ "type": "Feature", "properties": { "decimalLatitude": 4.39, "decimalLongitude": 102.4, "month": 6, "species_sci": "Corvus macrorhynchos", "species_com": "Large-billed Crow / Hashibutogarasu" }, "geometry": { "type": "Point", "coordinates": [ 102.4, 4.39 ] } },
{ "type": "Feature", "properties": { "decimalLatitude": 35.7325, "decimalLongitude": 140.8312, "month": 6, "species_sci": "Corvus macrorhynchos", "species_com": "Large-billed Crow / Hashibutogarasu" }, "geometry": { "type": "Point", "coordinates": [ 140.8312, 35.7325 ] } },
{ "type": "Feature", "properties": { "decimalLatitude": 37.5512, "decimalLongitude": 126.9882, "month": 6, "species_sci": "Corvus macrorhynchos", "species_com": "Large-billed Crow / Hashibutogarasu" }, "geometry": { "type": "Point", "coordinates": [ 126.9882, 37.5512 ] } },
{ "type": "Feature", "properties": { "decimalLatitude": 35.6591, "decimalLongitude": 139.6986, "month": 6, "species_sci": "Corvus macrorhynchos", "species_com": "Large-billed Crow / Hashibutogarasu" }, "geometry": { "type": "Point", "coordinates": [ 139.6986, 35.6591 ] } },
{ "type": "Feature", "properties": { "decimalLatitude": 48.3202, "decimalLongitude": 135.0896, "month": 6, "species_sci": "Corvus macrorhynchos", "species_com": "Large-billed Crow / Hashibutogarasu" }, "geometry": { "type": "Point", "coordinates": [ 135.0896, 48.3202 ] } },
{ "type": "Feature", "properties": { "decimalLatitude": 28.2213, "decimalLongitude": 83.8279, "month": 6, "species_sci": "Corvus macrorhynchos", "species_com": "Large-billed Crow / Hashibutogarasu" }, "geometry": { "type": "Point", "coordinates": [ 83.8279, 28.2213 ] } },
{ "type": "Feature", "properties": { "decimalLatitude": 30.8277, "decimalLongitude": 102.7108, "month": 6, "species_sci": "Corvus macrorhynchos", "species_com": "Large-billed Crow / Hashibutogarasu" }, "geometry": { "type": "Point", "coordinates": [ 102.7108, 30.8277 ] } },
{ "type": "Feature", "properties": { "decimalLatitude": 35.6478, "decimalLongitude": 139.6478, "month": 6, "species_sci": "Corvus macrorhynchos", "species_com": "Large-billed Crow / Hashibutogarasu" }, "geometry": { "type": "Point", "coordinates": [ 139.6478, 35.6478 ] } },
{ "type": "Feature", "properties": { "decimalLatitude": 12.1738, "decimalLongitude": 76.2011, "month": 6, "species_sci": "Corvus macrorhynchos", "species_com": "Large-billed Crow / Hashibutogarasu" }, "geometry": { "type": "Point", "coordinates": [ 76.2011, 12.1738 ] } },
{ "type": "Feature", "properties": { "decimalLatitude": 24.6015, "decimalLongitude": 124.3251, "month": 6, "species_sci": "Corvus macrorhynchos", "species_com": "Large-billed Crow / Hashibutogarasu" }, "geometry": { "type": "Point", "coordinates": [ 124.3251, 24.6015 ] } },
{ "type": "Feature", "properties": { "decimalLatitude": 46.9649, "decimalLongitude": 142.7628, "month": 6, "species_sci": "Corvus macrorhynchos", "species_com": "Large-billed Crow / Hashibutogarasu" }, "geometry": { "type": "Point", "coordinates": [ 142.7628, 46.9649 ] } },
{ "type": "Feature", "properties": { "decimalLatitude": 46.8617, "decimalLongitude": 143.0921, "month": 6, "species_sci": "Corvus macrorhynchos", "species_com": "Large-billed Crow / Hashibutogarasu" }, "geometry": { "type": "Point", "coordinates": [ 143.0921, 46.8617 ] } },
{ "type": "Feature", "properties": { "decimalLatitude": 35.0121, "decimalLongitude": 135.6754, "month": 6, "species_sci": "Corvus macrorhynchos", "species_com": "Large-billed Crow / Hashibutogarasu" }, "geometry": { "type": "Point", "coordinates": [ 135.6754, 35.0121 ] } },
{ "type": "Feature", "properties": { "decimalLatitude": 12.9494, "decimalLongitude": 80.2617, "month": 6, "species_sci": "Corvus macrorhynchos", "species_com": "Large-billed Crow / Hashibutogarasu" }, "geometry": { "type": "Point", "coordinates": [ 80.2617, 12.9494 ] } },
{ "type": "Feature", "properties": { "decimalLatitude": 33.362, "decimalLongitude": 126.5175, "month": 6, "species_sci": "Corvus macrorhynchos", "species_com": "Large-billed Crow / Hashibutogarasu" }, "geometry": { "type": "Point", "coordinates": [ 126.5175, 33.362 ] } },
{ "type": "Feature", "properties": { "decimalLatitude": 32.8065, "decimalLongitude": 130.706, "month": 6, "species_sci": "Corvus macrorhynchos", "species_com": "Large-billed Crow / Hashibutogarasu" }, "geometry": { "type": "Point", "coordinates": [ 130.706, 32.8065 ] } },
{ "type": "Feature", "properties": { "decimalLatitude": 33.571, "decimalLongitude": 73.083, "month": 6, "species_sci": "Corvus macrorhynchos", "species_com": "Large-billed Crow / Hashibutogarasu" }, "geometry": { "type": "Point", "coordinates": [ 73.083, 33.571 ] } },
{ "type": "Feature", "properties": { "decimalLatitude": 19.1325, "decimalLongitude": 72.9174, "month": 6, "species_sci": "Corvus macrorhynchos", "species_com": "Large-billed Crow / Hashibutogarasu" }, "geometry": { "type": "Point", "coordinates": [ 72.9174, 19.1325 ] } },
{ "type": "Feature", "properties": { "decimalLatitude": 22.3306, "decimalLongitude": 113.9547, "month": 6, "species_sci": "Corvus macrorhynchos", "species_com": "Large-billed Crow / Hashibutogarasu" }, "geometry": { "type": "Point", "coordinates": [ 113.9547, 22.3306 ] } },
{ "type": "Feature", "properties": { "decimalLatitude": 22.5414, "decimalLongitude": 114.19, "month": 6, "species_sci": "Corvus macrorhynchos", "species_com": "Large-billed Crow / Hashibutogarasu" }, "geometry": { "type": "Point", "coordinates": [ 114.19, 22.5414 ] } },
{ "type": "Feature", "properties": { "decimalLatitude": 35.6155, "decimalLongitude": 139.4113, "month": 6, "species_sci": "Corvus macrorhynchos", "species_com": "Large-billed Crow / Hashibutogarasu" }, "geometry": { "type": "Point", "coordinates": [ 139.4113, 35.6155 ] } },
{ "type": "Feature", "properties": { "decimalLatitude": 38.2656, "decimalLongitude": 140.8568, "month": 6, "species_sci": "Corvus macrorhynchos", "species_com": "Large-billed Crow / Hashibutogarasu" }, "geometry": { "type": "Point", "coordinates": [ 140.8568, 38.2656 ] } },
{ "type": "Feature", "properties": { "decimalLatitude": 35.6597, "decimalLongitude": 139.6845, "month": 6, "species_sci": "Corvus macrorhynchos", "species_com": "Large-billed Crow / Hashibutogarasu" }, "geometry": { "type": "Point", "coordinates": [ 139.6845, 35.6597 ] } },
{ "type": "Feature", "properties": { "decimalLatitude": 13.7795, "decimalLongitude": 100.311, "month": 6, "species_sci": "Corvus macrorhynchos", "species_com": "Large-billed Crow / Hashibutogarasu" }, "geometry": { "type": "Point", "coordinates": [ 100.311, 13.7795 ] } },
{ "type": "Feature", "properties": { "decimalLatitude": 18.5981, "decimalLongitude": 73.7193, "month": 6, "species_sci": "Corvus macrorhynchos", "species_com": "Large-billed Crow / Hashibutogarasu" }, "geometry": { "type": "Point", "coordinates": [ 73.7193, 18.5981 ] } },
{ "type": "Feature", "properties": { "decimalLatitude": 35.5643, "decimalLongitude": 139.3649, "month": 6, "species_sci": "Corvus macrorhynchos", "species_com": "Large-billed Crow / Hashibutogarasu" }, "geometry": { "type": "Point", "coordinates": [ 139.3649, 35.5643 ] } },
{ "type": "Feature", "properties": { "decimalLatitude": 38.2732, "decimalLongitude": 140.8513, "month": 6, "species_sci": "Corvus macrorhynchos", "species_com": "Large-billed Crow / Hashibutogarasu" }, "geometry": { "type": "Point", "coordinates": [ 140.8513, 38.2732 ] } },
{ "type": "Feature", "properties": { "decimalLatitude": 35.6704, "decimalLongitude": 139.7018, "month": 6, "species_sci": "Corvus macrorhynchos", "species_com": "Large-billed Crow / Hashibutogarasu" }, "geometry": { "type": "Point", "coordinates": [ 139.7018, 35.6704 ] } },
{ "type": "Feature", "properties": { "decimalLatitude": 35.6579, "decimalLongitude": 139.7462, "month": 6, "species_sci": "Corvus macrorhynchos", "species_com": "Large-billed Crow / Hashibutogarasu" }, "geometry": { "type": "Point", "coordinates": [ 139.7462, 35.6579 ] } },
{ "type": "Feature", "properties": { "decimalLatitude": 34.6818, "decimalLongitude": 135.5206, "month": 6, "species_sci": "Corvus macrorhynchos", "species_com": "Large-billed Crow / Hashibutogarasu" }, "geometry": { "type": "Point", "coordinates": [ 135.5206, 34.6818 ] } },
{ "type": "Feature", "properties": { "decimalLatitude": 9.7974, "decimalLongitude": 76.2889, "month": 6, "species_sci": "Corvus macrorhynchos", "species_com": "Large-billed Crow / Hashibutogarasu" }, "geometry": { "type": "Point", "coordinates": [ 76.2889, 9.7974 ] } },
{ "type": "Feature", "properties": { "decimalLatitude": 40.5749, "decimalLongitude": 116.0246, "month": 6, "species_sci": "Corvus macrorhynchos", "species_com": "Large-billed Crow / Hashibutogarasu" }, "geometry": { "type": "Point", "coordinates": [ 116.0246, 40.5749 ] } },
{ "type": "Feature", "properties": { "decimalLatitude": 13.7695, "decimalLongitude": 100.3131, "month": 6, "species_sci": "Corvus macrorhynchos", "species_com": "Large-billed Crow / Hashibutogarasu" }, "geometry": { "type": "Point", "coordinates": [ 100.3131, 13.7695 ] } },
{ "type": "Feature", "properties": { "decimalLatitude": 13.076, "decimalLongitude": 77.5758, "month": 6, "species_sci": "Corvus macrorhynchos", "species_com": "Large-billed Crow / Hashibutogarasu" }, "geometry": { "type": "Point", "coordinates": [ 77.5758, 13.076 ] } },
{ "type": "Feature", "properties": { "decimalLatitude": 3.6547, "decimalLongitude": 101.7621, "month": 6, "species_sci": "Corvus macrorhynchos", "species_com": "Large-billed Crow / Hashibutogarasu" }, "geometry": { "type": "Point", "coordinates": [ 101.7621, 3.6547 ] } },
{ "type": "Feature", "properties": { "decimalLatitude": 34.9985, "decimalLongitude": 135.7599, "month": 6, "species_sci": "Corvus macrorhynchos", "species_com": "Large-billed Crow / Hashibutogarasu" }, "geometry": { "type": "Point", "coordinates": [ 135.7599, 34.9985 ] } },
{ "type": "Feature", "properties": { "decimalLatitude": 35.4275, "decimalLongitude": 139.5853, "month": 6, "species_sci": "Corvus macrorhynchos", "species_com": "Large-billed Crow / Hashibutogarasu" }, "geometry": { "type": "Point", "coordinates": [ 139.5853, 35.4275 ] } },
{ "type": "Feature", "properties": { "decimalLatitude": 35.5943, "decimalLongitude": 127.9256, "month": 6, "species_sci": "Corvus macrorhynchos", "species_com": "Large-billed Crow / Hashibutogarasu" }, "geometry": { "type": "Point", "coordinates": [ 127.9256, 35.5943 ] } },
{ "type": "Feature", "properties": { "decimalLatitude": 37.9822, "decimalLongitude": 127.2799, "month": 6, "species_sci": "Corvus macrorhynchos", "species_com": "Large-billed Crow / Hashibutogarasu" }, "geometry": { "type": "Point", "coordinates": [ 127.2799, 37.9822 ] } },
{ "type": "Feature", "properties": { "decimalLatitude": 35.6499, "decimalLongitude": 139.465, "month": 6, "species_sci": "Corvus macrorhynchos", "species_com": "Large-billed Crow / Hashibutogarasu" }, "geometry": { "type": "Point", "coordinates": [ 139.465, 35.6499 ] } },
{ "type": "Feature", "properties": { "decimalLatitude": 35.4494, "decimalLongitude": 139.3886, "month": 6, "species_sci": "Corvus macrorhynchos", "species_com": "Large-billed Crow / Hashibutogarasu" }, "geometry": { "type": "Point", "coordinates": [ 139.3886, 35.4494 ] } },
{ "type": "Feature", "properties": { "decimalLatitude": 43.1226, "decimalLongitude": 131.8849, "month": 6, "species_sci": "Corvus macrorhynchos", "species_com": "Large-billed Crow / Hashibutogarasu" }, "geometry": { "type": "Point", "coordinates": [ 131.8849, 43.1226 ] } },
{ "type": "Feature", "properties": { "decimalLatitude": 43.0739, "decimalLongitude": 141.3426, "month": 6, "species_sci": "Corvus macrorhynchos", "species_com": "Large-billed Crow / Hashibutogarasu" }, "geometry": { "type": "Point", "coordinates": [ 141.3426, 43.0739 ] } },
{ "type": "Feature", "properties": { "decimalLatitude": 38.2521, "decimalLongitude": 140.866, "month": 6, "species_sci": "Corvus macrorhynchos", "species_com": "Large-billed Crow / Hashibutogarasu" }, "geometry": { "type": "Point", "coordinates": [ 140.866, 38.2521 ] } },
{ "type": "Feature", "properties": { "decimalLatitude": -8.5254, "decimalLongitude": 119.3659, "month": 6, "species_sci": "Corvus macrorhynchos", "species_com": "Large-billed Crow / Hashibutogarasu" }, "geometry": { "type": "Point", "coordinates": [ 119.3659, -8.5254 ] } },
{ "type": "Feature", "properties": { "decimalLatitude": 35.6878, "decimalLongitude": 139.7575, "month": 6, "species_sci": "Corvus macrorhynchos", "species_com": "Large-billed Crow / Hashibutogarasu" }, "geometry": { "type": "Point", "coordinates": [ 139.7575, 35.6878 ] } },
{ "type": "Feature", "properties": { "decimalLatitude": 50.6182, "decimalLongitude": 142.7281, "month": 6, "species_sci": "Corvus macrorhynchos", "species_com": "Large-billed Crow / Hashibutogarasu" }, "geometry": { "type": "Point", "coordinates": [ 142.7281, 50.6182 ] } },
{ "type": "Feature", "properties": { "decimalLatitude": 35.6324, "decimalLongitude": 139.4681, "month": 6, "species_sci": "Corvus macrorhynchos", "species_com": "Large-billed Crow / Hashibutogarasu" }, "geometry": { "type": "Point", "coordinates": [ 139.4681, 35.6324 ] } },
{ "type": "Feature", "properties": { "decimalLatitude": 42.4459, "decimalLongitude": 130.6421, "month": 6, "species_sci": "Corvus macrorhynchos", "species_com": "Large-billed Crow / Hashibutogarasu" }, "geometry": { "type": "Point", "coordinates": [ 130.6421, 42.4459 ] } },
{ "type": "Feature", "properties": { "decimalLatitude": 48.0064, "decimalLongitude": 142.5338, "month": 6, "species_sci": "Corvus macrorhynchos", "species_com": "Large-billed Crow / Hashibutogarasu" }, "geometry": { "type": "Point", "coordinates": [ 142.5338, 48.0064 ] } },
{ "type": "Feature", "properties": { "decimalLatitude": 35.6757, "decimalLongitude": 139.6996, "month": 6, "species_sci": "Corvus macrorhynchos", "species_com": "Large-billed Crow / Hashibutogarasu" }, "geometry": { "type": "Point", "coordinates": [ 139.6996, 35.6757 ] } },
{ "type": "Feature", "properties": { "decimalLatitude": 25.0285, "decimalLongitude": 121.5429, "month": 6, "species_sci": "Corvus macrorhynchos", "species_com": "Large-billed Crow / Hashibutogarasu" }, "geometry": { "type": "Point", "coordinates": [ 121.5429, 25.0285 ] } },
{ "type": "Feature", "properties": { "decimalLatitude": 40.5749, "decimalLongitude": 116.0246, "month": 6, "species_sci": "Corvus macrorhynchos", "species_com": "Large-billed Crow / Hashibutogarasu" }, "geometry": { "type": "Point", "coordinates": [ 116.0246, 40.5749 ] } },
{ "type": "Feature", "properties": { "decimalLatitude": 35.6796, "decimalLongitude": 139.6996, "month": 6, "species_sci": "Corvus macrorhynchos", "species_com": "Large-billed Crow / Hashibutogarasu" }, "geometry": { "type": "Point", "coordinates": [ 139.6996, 35.6796 ] } },
{ "type": "Feature", "properties": { "decimalLatitude": 22.2843, "decimalLongitude": 114.133, "month": 6, "species_sci": "Corvus macrorhynchos", "species_com": "Large-billed Crow / Hashibutogarasu" }, "geometry": { "type": "Point", "coordinates": [ 114.133, 22.2843 ] } },
{ "type": "Feature", "properties": { "decimalLatitude": 35.5713, "decimalLongitude": 139.3004, "month": 6, "species_sci": "Corvus macrorhynchos", "species_com": "Large-billed Crow / Hashibutogarasu" }, "geometry": { "type": "Point", "coordinates": [ 139.3004, 35.5713 ] } },
{ "type": "Feature", "properties": { "decimalLatitude": 13.7308, "decimalLongitude": 100.5387, "month": 6, "species_sci": "Corvus macrorhynchos", "species_com": "Large-billed Crow / Hashibutogarasu" }, "geometry": { "type": "Point", "coordinates": [ 100.5387, 13.7308 ] } },
{ "type": "Feature", "properties": { "decimalLatitude": 34.688, "decimalLongitude": 135.84, "month": 6, "species_sci": "Corvus macrorhynchos", "species_com": "Large-billed Crow / Hashibutogarasu" }, "geometry": { "type": "Point", "coordinates": [ 135.84, 34.688 ] } },
{ "type": "Feature", "properties": { "decimalLatitude": 13.7706, "decimalLongitude": 100.3124, "month": 6, "species_sci": "Corvus macrorhynchos", "species_com": "Large-billed Crow / Hashibutogarasu" }, "geometry": { "type": "Point", "coordinates": [ 100.3124, 13.7706 ] } },
{ "type": "Feature", "properties": { "decimalLatitude": 35.7187, "decimalLongitude": 139.7771, "month": 6, "species_sci": "Corvus macrorhynchos", "species_com": "Large-billed Crow / Hashibutogarasu" }, "geometry": { "type": "Point", "coordinates": [ 139.7771, 35.7187 ] } },
{ "type": "Feature", "properties": { "decimalLatitude": 8.601, "decimalLongitude": 98.2442, "month": 6, "species_sci": "Corvus macrorhynchos", "species_com": "Large-billed Crow / Hashibutogarasu" }, "geometry": { "type": "Point", "coordinates": [ 98.2442, 8.601 ] } },
{ "type": "Feature", "properties": { "decimalLatitude": 46.9653, "decimalLongitude": 142.7586, "month": 6, "species_sci": "Corvus macrorhynchos", "species_com": "Large-billed Crow / Hashibutogarasu" }, "geometry": { "type": "Point", "coordinates": [ 142.7586, 46.9653 ] } },
{ "type": "Feature", "properties": { "decimalLatitude": 34.2561, "decimalLongitude": 132.5685, "month": 6, "species_sci": "Corvus macrorhynchos", "species_com": "Large-billed Crow / Hashibutogarasu" }, "geometry": { "type": "Point", "coordinates": [ 132.5685, 34.2561 ] } },
{ "type": "Feature", "properties": { "decimalLatitude": 23.0237, "decimalLongitude": 72.5684, "month": 6, "species_sci": "Corvus macrorhynchos", "species_com": "Large-billed Crow / Hashibutogarasu" }, "geometry": { "type": "Point", "coordinates": [ 72.5684, 23.0237 ] } },
{ "type": "Feature", "properties": { "decimalLatitude": 46.9668, "decimalLongitude": 142.7566, "month": 6, "species_sci": "Corvus macrorhynchos", "species_com": "Large-billed Crow / Hashibutogarasu" }, "geometry": { "type": "Point", "coordinates": [ 142.7566, 46.9668 ] } },
{ "type": "Feature", "properties": { "decimalLatitude": 13.7307, "decimalLongitude": 100.5418, "month": 6, "species_sci": "Corvus macrorhynchos", "species_com": "Large-billed Crow / Hashibutogarasu" }, "geometry": { "type": "Point", "coordinates": [ 100.5418, 13.7307 ] } },
{ "type": "Feature", "properties": { "decimalLatitude": 49.2886, "decimalLongitude": 142.8919, "month": 6, "species_sci": "Corvus macrorhynchos", "species_com": "Large-billed Crow / Hashibutogarasu" }, "geometry": { "type": "Point", "coordinates": [ 142.8919, 49.2886 ] } },
{ "type": "Feature", "properties": { "decimalLatitude": 1.3634, "decimalLongitude": 103.8436, "month": 6, "species_sci": "Corvus macrorhynchos", "species_com": "Large-billed Crow / Hashibutogarasu" }, "geometry": { "type": "Point", "coordinates": [ 103.8436, 1.3634 ] } },
{ "type": "Feature", "properties": { "decimalLatitude": 38.2664, "decimalLongitude": 140.8559, "month": 6, "species_sci": "Corvus macrorhynchos", "species_com": "Large-billed Crow / Hashibutogarasu" }, "geometry": { "type": "Point", "coordinates": [ 140.8559, 38.2664 ] } },
{ "type": "Feature", "properties": { "decimalLatitude": 6.76, "decimalLongitude": 80.902, "month": 6, "species_sci": "Corvus macrorhynchos", "species_com": "Large-billed Crow / Hashibutogarasu" }, "geometry": { "type": "Point", "coordinates": [ 80.902, 6.76 ] } },
{ "type": "Feature", "properties": { "decimalLatitude": 43.4332, "decimalLongitude": 142.6717, "month": 6, "species_sci": "Corvus macrorhynchos", "species_com": "Large-billed Crow / Hashibutogarasu" }, "geometry": { "type": "Point", "coordinates": [ 142.6717, 43.4332 ] } },
{ "type": "Feature", "properties": { "decimalLatitude": 35.7123, "decimalLongitude": 139.8041, "month": 6, "species_sci": "Corvus macrorhynchos", "species_com": "Large-billed Crow / Hashibutogarasu" }, "geometry": { "type": "Point", "coordinates": [ 139.8041, 35.7123 ] } },
{ "type": "Feature", "properties": { "decimalLatitude": 28.1617, "decimalLongitude": 85.4001, "month": 6, "species_sci": "Corvus macrorhynchos", "species_com": "Large-billed Crow / Hashibutogarasu" }, "geometry": { "type": "Point", "coordinates": [ 85.4001, 28.1617 ] } },
{ "type": "Feature", "properties": { "decimalLatitude": 35.5617, "decimalLongitude": 139.3654, "month": 6, "species_sci": "Corvus macrorhynchos", "species_com": "Large-billed Crow / Hashibutogarasu" }, "geometry": { "type": "Point", "coordinates": [ 139.3654, 35.5617 ] } },
{ "type": "Feature", "properties": { "decimalLatitude": 26.8293, "decimalLongitude": 87.2555, "month": 6, "species_sci": "Corvus macrorhynchos", "species_com": "Large-billed Crow / Hashibutogarasu" }, "geometry": { "type": "Point", "coordinates": [ 87.2555, 26.8293 ] } },
{ "type": "Feature", "properties": { "decimalLatitude": 9.0503, "decimalLongitude": 98.6304, "month": 6, "species_sci": "Corvus macrorhynchos", "species_com": "Large-billed Crow / Hashibutogarasu" }, "geometry": { "type": "Point", "coordinates": [ 98.6304, 9.0503 ] } },
{ "type": "Feature", "properties": { "decimalLatitude": 35.7175, "decimalLongitude": 139.7748, "month": 6, "species_sci": "Corvus macrorhynchos", "species_com": "Large-billed Crow / Hashibutogarasu" }, "geometry": { "type": "Point", "coordinates": [ 139.7748, 35.7175 ] } },
{ "type": "Feature", "properties": { "decimalLatitude": 24.1981, "decimalLongitude": 121.4329, "month": 6, "species_sci": "Corvus macrorhynchos", "species_com": "Large-billed Crow / Hashibutogarasu" }, "geometry": { "type": "Point", "coordinates": [ 121.4329, 24.1981 ] } },
{ "type": "Feature", "properties": { "decimalLatitude": 33.4391, "decimalLongitude": 126.6661, "month": 6, "species_sci": "Corvus macrorhynchos", "species_com": "Large-billed Crow / Hashibutogarasu" }, "geometry": { "type": "Point", "coordinates": [ 126.6661, 33.4391 ] } },
{ "type": "Feature", "properties": { "decimalLatitude": 39.917, "decimalLongitude": 116.3246, "month": 6, "species_sci": "Corvus macrorhynchos", "species_com": "Large-billed Crow / Hashibutogarasu" }, "geometry": { "type": "Point", "coordinates": [ 116.3246, 39.917 ] } },
{ "type": "Feature", "properties": { "decimalLatitude": 35.6877, "decimalLongitude": 139.8179, "month": 6, "species_sci": "Corvus macrorhynchos", "species_com": "Large-billed Crow / Hashibutogarasu" }, "geometry": { "type": "Point", "coordinates": [ 139.8179, 35.6877 ] } },
{ "type": "Feature", "properties": { "decimalLatitude": 22.7734, "decimalLongitude": 106.3168, "month": 6, "species_sci": "Corvus macrorhynchos", "species_com": "Large-billed Crow / Hashibutogarasu" }, "geometry": { "type": "Point", "coordinates": [ 106.3168, 22.7734 ] } },
{ "type": "Feature", "properties": { "decimalLatitude": 37.667, "decimalLongitude": 127.0792, "month": 6, "species_sci": "Corvus macrorhynchos", "species_com": "Large-billed Crow / Hashibutogarasu" }, "geometry": { "type": "Point", "coordinates": [ 127.0792, 37.667 ] } },
{ "type": "Feature", "properties": { "decimalLatitude": 29.6406, "decimalLongitude": 102.9307, "month": 6, "species_sci": "Corvus macrorhynchos", "species_com": "Large-billed Crow / Hashibutogarasu" }, "geometry": { "type": "Point", "coordinates": [ 102.9307, 29.6406 ] } },
{ "type": "Feature", "properties": { "decimalLatitude": 37.5801, "decimalLongitude": 126.9928, "month": 6, "species_sci": "Corvus macrorhynchos", "species_com": "Large-billed Crow / Hashibutogarasu" }, "geometry": { "type": "Point", "coordinates": [ 126.9928, 37.5801 ] } },
{ "type": "Feature", "properties": { "decimalLatitude": 13.7362, "decimalLongitude": 100.5272, "month": 6, "species_sci": "Corvus macrorhynchos", "species_com": "Large-billed Crow / Hashibutogarasu" }, "geometry": { "type": "Point", "coordinates": [ 100.5272, 13.7362 ] } },
{ "type": "Feature", "properties": { "decimalLatitude": 9.7977, "decimalLongitude": 76.2857, "month": 6, "species_sci": "Corvus macrorhynchos", "species_com": "Large-billed Crow / Hashibutogarasu" }, "geometry": { "type": "Point", "coordinates": [ 76.2857, 9.7977 ] } },
{ "type": "Feature", "properties": { "decimalLatitude": 34.6863, "decimalLongitude": 135.5212, "month": 6, "species_sci": "Corvus macrorhynchos", "species_com": "Large-billed Crow / Hashibutogarasu" }, "geometry": { "type": "Point", "coordinates": [ 135.5212, 34.6863 ] } },
{ "type": "Feature", "properties": { "decimalLatitude": 35.6571, "decimalLongitude": 139.7501, "month": 6, "species_sci": "Corvus macrorhynchos", "species_com": "Large-billed Crow / Hashibutogarasu" }, "geometry": { "type": "Point", "coordinates": [ 139.7501, 35.6571 ] } },
{ "type": "Feature", "properties": { "decimalLatitude": 13.8111, "decimalLongitude": 100.5537, "month": 6, "species_sci": "Corvus macrorhynchos", "species_com": "Large-billed Crow / Hashibutogarasu" }, "geometry": { "type": "Point", "coordinates": [ 100.5537, 13.8111 ] } },
{ "type": "Feature", "properties": { "decimalLatitude": 23.8573, "decimalLongitude": 120.9159, "month": 6, "species_sci": "Corvus macrorhynchos", "species_com": "Large-billed Crow / Hashibutogarasu" }, "geometry": { "type": "Point", "coordinates": [ 120.9159, 23.8573 ] } },
{ "type": "Feature", "properties": { "decimalLatitude": 11.0052, "decimalLongitude": 79.4774, "month": 6, "species_sci": "Corvus macrorhynchos", "species_com": "Large-billed Crow / Hashibutogarasu" }, "geometry": { "type": "Point", "coordinates": [ 79.4774, 11.0052 ] } },
{ "type": "Feature", "properties": { "decimalLatitude": 15.6129, "decimalLongitude": 105.6087, "month": 6, "species_sci": "Corvus macrorhynchos", "species_com": "Large-billed Crow / Hashibutogarasu" }, "geometry": { "type": "Point", "coordinates": [ 105.6087, 15.6129 ] } },
{ "type": "Feature", "properties": { "decimalLatitude": 12.9763, "decimalLongitude": 77.5914, "month": 6, "species_sci": "Corvus macrorhynchos", "species_com": "Large-billed Crow / Hashibutogarasu" }, "geometry": { "type": "Point", "coordinates": [ 77.5914, 12.9763 ] } },
{ "type": "Feature", "properties": { "decimalLatitude": 13.776, "decimalLongitude": 100.503, "month": 6, "species_sci": "Corvus macrorhynchos", "species_com": "Large-billed Crow / Hashibutogarasu" }, "geometry": { "type": "Point", "coordinates": [ 100.503, 13.776 ] } },
{ "type": "Feature", "properties": { "decimalLatitude": 35.9098, "decimalLongitude": 139.7739, "month": 6, "species_sci": "Corvus macrorhynchos", "species_com": "Large-billed Crow / Hashibutogarasu" }, "geometry": { "type": "Point", "coordinates": [ 139.7739, 35.9098 ] } },
{ "type": "Feature", "properties": { "decimalLatitude": 35.6331, "decimalLongitude": 139.8803, "month": 6, "species_sci": "Corvus macrorhynchos", "species_com": "Large-billed Crow / Hashibutogarasu" }, "geometry": { "type": "Point", "coordinates": [ 139.8803, 35.6331 ] } },
{ "type": "Feature", "properties": { "decimalLatitude": 28.2101, "decimalLongitude": 85.4817, "month": 6, "species_sci": "Corvus macrorhynchos", "species_com": "Large-billed Crow / Hashibutogarasu" }, "geometry": { "type": "Point", "coordinates": [ 85.4817, 28.2101 ] } },
{ "type": "Feature", "properties": { "decimalLatitude": 13.8063, "decimalLongitude": 100.551, "month": 6, "species_sci": "Corvus macrorhynchos", "species_com": "Large-billed Crow / Hashibutogarasu" }, "geometry": { "type": "Point", "coordinates": [ 100.551, 13.8063 ] } },
{ "type": "Feature", "properties": { "decimalLatitude": 35.7158, "decimalLongitude": 139.7729, "month": 6, "species_sci": "Corvus macrorhynchos", "species_com": "Large-billed Crow / Hashibutogarasu" }, "geometry": { "type": "Point", "coordinates": [ 139.7729, 35.7158 ] } },
{ "type": "Feature", "properties": { "decimalLatitude": 43.0571, "decimalLongitude": 141.3531, "month": 6, "species_sci": "Corvus macrorhynchos", "species_com": "Large-billed Crow / Hashibutogarasu" }, "geometry": { "type": "Point", "coordinates": [ 141.3531, 43.0571 ] } },
{ "type": "Feature", "properties": { "decimalLatitude": 46.7541, "decimalLongitude": 142.277, "month": 6, "species_sci": "Corvus macrorhynchos", "species_com": "Large-billed Crow / Hashibutogarasu" }, "geometry": { "type": "Point", "coordinates": [ 142.277, 46.7541 ] } },
{ "type": "Feature", "properties": { "decimalLatitude": 43.0551, "decimalLongitude": 141.3095, "month": 6, "species_sci": "Corvus macrorhynchos", "species_com": "Large-billed Crow / Hashibutogarasu" }, "geometry": { "type": "Point", "coordinates": [ 141.3095, 43.0551 ] } },
{ "type": "Feature", "properties": { "decimalLatitude": 14.075, "decimalLongitude": 100.6034, "month": 6, "species_sci": "Corvus macrorhynchos", "species_com": "Large-billed Crow / Hashibutogarasu" }, "geometry": { "type": "Point", "coordinates": [ 100.6034, 14.075 ] } },
{ "type": "Feature", "properties": { "decimalLatitude": 35.1124, "decimalLongitude": 129.0517, "month": 6, "species_sci": "Corvus macrorhynchos", "species_com": "Large-billed Crow / Hashibutogarasu" }, "geometry": { "type": "Point", "coordinates": [ 129.0517, 35.1124 ] } },
{ "type": "Feature", "properties": { "decimalLatitude": 37.9769, "decimalLongitude": 127.2768, "month": 6, "species_sci": "Corvus macrorhynchos", "species_com": "Large-billed Crow / Hashibutogarasu" }, "geometry": { "type": "Point", "coordinates": [ 127.2768, 37.9769 ] } },
{ "type": "Feature", "properties": { "decimalLatitude": 37.6566, "decimalLongitude": 126.9872, "month": 6, "species_sci": "Corvus macrorhynchos", "species_com": "Large-billed Crow / Hashibutogarasu" }, "geometry": { "type": "Point", "coordinates": [ 126.9872, 37.6566 ] } },
{ "type": "Feature", "properties": { "decimalLatitude": 35.6956, "decimalLongitude": 139.7023, "month": 6, "species_sci": "Corvus macrorhynchos", "species_com": "Large-billed Crow / Hashibutogarasu" }, "geometry": { "type": "Point", "coordinates": [ 139.7023, 35.6956 ] } },
{ "type": "Feature", "properties": { "decimalLatitude": 43.0603, "decimalLongitude": 141.3503, "month": 6, "species_sci": "Corvus macrorhynchos", "species_com": "Large-billed Crow / Hashibutogarasu" }, "geometry": { "type": "Point", "coordinates": [ 141.3503, 43.0603 ] } },
{ "type": "Feature", "properties": { "decimalLatitude": 35.7139, "decimalLongitude": 139.7696, "month": 6, "species_sci": "Corvus macrorhynchos", "species_com": "Large-billed Crow / Hashibutogarasu" }, "geometry": { "type": "Point", "coordinates": [ 139.7696, 35.7139 ] } },
{ "type": "Feature", "properties": { "decimalLatitude": 49.1141, "decimalLongitude": 130.7207, "month": 6, "species_sci": "Corvus macrorhynchos", "species_com": "Large-billed Crow / Hashibutogarasu" }, "geometry": { "type": "Point", "coordinates": [ 130.7207, 49.1141 ] } },
{ "type": "Feature", "properties": { "decimalLatitude": 35.6748, "decimalLongitude": 139.7479, "month": 6, "species_sci": "Corvus macrorhynchos", "species_com": "Large-billed Crow / Hashibutogarasu" }, "geometry": { "type": "Point", "coordinates": [ 139.7479, 35.6748 ] } },
{ "type": "Feature", "properties": { "decimalLatitude": 35.6721, "decimalLongitude": 139.7327, "month": 6, "species_sci": "Corvus macrorhynchos", "species_com": "Large-billed Crow / Hashibutogarasu" }, "geometry": { "type": "Point", "coordinates": [ 139.7327, 35.6721 ] } },
{ "type": "Feature", "properties": { "decimalLatitude": 35.6795, "decimalLongitude": 139.6998, "month": 6, "species_sci": "Corvus macrorhynchos", "species_com": "Large-billed Crow / Hashibutogarasu" }, "geometry": { "type": "Point", "coordinates": [ 139.6998, 35.6795 ] } },
{ "type": "Feature", "properties": { "decimalLatitude": 39.9383, "decimalLongitude": 116.3316, "month": 6, "species_sci": "Corvus macrorhynchos", "species_com": "Large-billed Crow / Hashibutogarasu" }, "geometry": { "type": "Point", "coordinates": [ 116.3316, 39.9383 ] } },
{ "type": "Feature", "properties": { "decimalLatitude": 15.6226, "decimalLongitude": 105.6129, "month": 6, "species_sci": "Corvus macrorhynchos", "species_com": "Large-billed Crow / Hashibutogarasu" }, "geometry": { "type": "Point", "coordinates": [ 105.6129, 15.6226 ] } },
{ "type": "Feature", "properties": { "decimalLatitude": -6.1673, "decimalLongitude": 106.8212, "month": 6, "species_sci": "Corvus macrorhynchos", "species_com": "Large-billed Crow / Hashibutogarasu" }, "geometry": { "type": "Point", "coordinates": [ 106.8212, -6.1673 ] } },
{ "type": "Feature", "properties": { "decimalLatitude": 37.729, "decimalLongitude": 127.4071, "month": 6, "species_sci": "Corvus macrorhynchos", "species_com": "Large-billed Crow / Hashibutogarasu" }, "geometry": { "type": "Point", "coordinates": [ 127.4071, 37.729 ] } },
{ "type": "Feature", "properties": { "decimalLatitude": 24.593, "decimalLongitude": 123.8451, "month": 6, "species_sci": "Corvus macrorhynchos", "species_com": "Large-billed Crow / Hashibutogarasu" }, "geometry": { "type": "Point", "coordinates": [ 123.8451, 24.593 ] } },
{ "type": "Feature", "properties": { "decimalLatitude": 35.157, "decimalLongitude": 129.1537, "month": 6, "species_sci": "Corvus macrorhynchos", "species_com": "Large-billed Crow / Hashibutogarasu" }, "geometry": { "type": "Point", "coordinates": [ 129.1537, 35.157 ] } },
{ "type": "Feature", "properties": { "decimalLatitude": 21.8995, "decimalLongitude": 76.9763, "month": 6, "species_sci": "Corvus macrorhynchos", "species_com": "Large-billed Crow / Hashibutogarasu" }, "geometry": { "type": "Point", "coordinates": [ 76.9763, 21.8995 ] } },
{ "type": "Feature", "properties": { "decimalLatitude": 20.0785, "decimalLongitude": 73.8027, "month": 6, "species_sci": "Corvus macrorhynchos", "species_com": "Large-billed Crow / Hashibutogarasu" }, "geometry": { "type": "Point", "coordinates": [ 73.8027, 20.0785 ] } },
{ "type": "Feature", "properties": { "decimalLatitude": 22.1326, "decimalLongitude": 113.5748, "month": 6, "species_sci": "Corvus macrorhynchos", "species_com": "Large-billed Crow / Hashibutogarasu" }, "geometry": { "type": "Point", "coordinates": [ 113.5748, 22.1326 ] } },
{ "type": "Feature", "properties": { "decimalLatitude": 39.9639, "decimalLongitude": 115.4464, "month": 6, "species_sci": "Corvus macrorhynchos", "species_com": "Large-billed Crow / Hashibutogarasu" }, "geometry": { "type": "Point", "coordinates": [ 115.4464, 39.9639 ] } },
{ "type": "Feature", "properties": { "decimalLatitude": 42.4903, "decimalLongitude": 141.1588, "month": 6, "species_sci": "Corvus macrorhynchos", "species_com": "Large-billed Crow / Hashibutogarasu" }, "geometry": { "type": "Point", "coordinates": [ 141.1588, 42.4903 ] } },
{ "type": "Feature", "properties": { "decimalLatitude": 18.5255, "decimalLongitude": 73.8154, "month": 6, "species_sci": "Corvus macrorhynchos", "species_com": "Large-billed Crow / Hashibutogarasu" }, "geometry": { "type": "Point", "coordinates": [ 73.8154, 18.5255 ] } },
{ "type": "Feature", "properties": { "decimalLatitude": 34.9677, "decimalLongitude": 135.779, "month": 6, "species_sci": "Corvus macrorhynchos", "species_com": "Large-billed Crow / Hashibutogarasu" }, "geometry": { "type": "Point", "coordinates": [ 135.779, 34.9677 ] } },
{ "type": "Feature", "properties": { "decimalLatitude": 35.7095, "decimalLongitude": 128.0414, "month": 6, "species_sci": "Corvus macrorhynchos", "species_com": "Large-billed Crow / Hashibutogarasu" }, "geometry": { "type": "Point", "coordinates": [ 128.0414, 35.7095 ] } },
{ "type": "Feature", "properties": { "decimalLatitude": 13.7397, "decimalLongitude": 100.5272, "month": 6, "species_sci": "Corvus macrorhynchos", "species_com": "Large-billed Crow / Hashibutogarasu" }, "geometry": { "type": "Point", "coordinates": [ 100.5272, 13.7397 ] } },
{ "type": "Feature", "properties": { "decimalLatitude": 37.9773, "decimalLongitude": 127.2779, "month": 6, "species_sci": "Corvus macrorhynchos", "species_com": "Large-billed Crow / Hashibutogarasu" }, "geometry": { "type": "Point", "coordinates": [ 127.2779, 37.9773 ] } },
{ "type": "Feature", "properties": { "decimalLatitude": 36.3788, "decimalLongitude": 140.5404, "month": 6, "species_sci": "Corvus macrorhynchos", "species_com": "Large-billed Crow / Hashibutogarasu" }, "geometry": { "type": "Point", "coordinates": [ 140.5404, 36.3788 ] } },
{ "type": "Feature", "properties": { "decimalLatitude": 35.7118, "decimalLongitude": 139.7745, "month": 6, "species_sci": "Corvus macrorhynchos", "species_com": "Large-billed Crow / Hashibutogarasu" }, "geometry": { "type": "Point", "coordinates": [ 139.7745, 35.7118 ] } },
{ "type": "Feature", "properties": { "decimalLatitude": 35.5612, "decimalLongitude": 139.3628, "month": 6, "species_sci": "Corvus macrorhynchos", "species_com": "Large-billed Crow / Hashibutogarasu" }, "geometry": { "type": "Point", "coordinates": [ 139.3628, 35.5612 ] } },
{ "type": "Feature", "properties": { "decimalLatitude": 46.9626, "decimalLongitude": 142.7576, "month": 6, "species_sci": "Corvus macrorhynchos", "species_com": "Large-billed Crow / Hashibutogarasu" }, "geometry": { "type": "Point", "coordinates": [ 142.7576, 46.9626 ] } },
{ "type": "Feature", "properties": { "decimalLatitude": 37.466, "decimalLongitude": 126.9733, "month": 6, "species_sci": "Corvus macrorhynchos", "species_com": "Large-billed Crow / Hashibutogarasu" }, "geometry": { "type": "Point", "coordinates": [ 126.9733, 37.466 ] } },
{ "type": "Feature", "properties": { "decimalLatitude": 46.7265, "decimalLongitude": 142.6061, "month": 6, "species_sci": "Corvus macrorhynchos", "species_com": "Large-billed Crow / Hashibutogarasu" }, "geometry": { "type": "Point", "coordinates": [ 142.6061, 46.7265 ] } },
{ "type": "Feature", "properties": { "decimalLatitude": 35.1492, "decimalLongitude": 135.7479, "month": 6, "species_sci": "Corvus macrorhynchos", "species_com": "Large-billed Crow / Hashibutogarasu" }, "geometry": { "type": "Point", "coordinates": [ 135.7479, 35.1492 ] } },
{ "type": "Feature", "properties": { "decimalLatitude": 28.6211, "decimalLongitude": 83.6306, "month": 6, "species_sci": "Corvus macrorhynchos", "species_com": "Large-billed Crow / Hashibutogarasu" }, "geometry": { "type": "Point", "coordinates": [ 83.6306, 28.6211 ] } },
{ "type": "Feature", "properties": { "decimalLatitude": 36.6042, "decimalLongitude": 127.2297, "month": 6, "species_sci": "Corvus macrorhynchos", "species_com": "Large-billed Crow / Hashibutogarasu" }, "geometry": { "type": "Point", "coordinates": [ 127.2297, 36.6042 ] } },
{ "type": "Feature", "properties": { "decimalLatitude": 37.4793, "decimalLongitude": 126.8906, "month": 6, "species_sci": "Corvus macrorhynchos", "species_com": "Large-billed Crow / Hashibutogarasu" }, "geometry": { "type": "Point", "coordinates": [ 126.8906, 37.4793 ] } },
{ "type": "Feature", "properties": { "decimalLatitude": 35.5621, "decimalLongitude": 139.3657, "month": 6, "species_sci": "Corvus macrorhynchos", "species_com": "Large-billed Crow / Hashibutogarasu" }, "geometry": { "type": "Point", "coordinates": [ 139.3657, 35.5621 ] } },
{ "type": "Feature", "properties": { "decimalLatitude": 36.9123, "decimalLongitude": 126.2501, "month": 6, "species_sci": "Corvus macrorhynchos", "species_com": "Large-billed Crow / Hashibutogarasu" }, "geometry": { "type": "Point", "coordinates": [ 126.2501, 36.9123 ] } },
{ "type": "Feature", "properties": { "decimalLatitude": 36.4963, "decimalLongitude": 127.2809, "month": 6, "species_sci": "Corvus macrorhynchos", "species_com": "Large-billed Crow / Hashibutogarasu" }, "geometry": { "type": "Point", "coordinates": [ 127.2809, 36.4963 ] } },
{ "type": "Feature", "properties": { "decimalLatitude": 35.4478, "decimalLongitude": 139.5332, "month": 6, "species_sci": "Corvus macrorhynchos", "species_com": "Large-billed Crow / Hashibutogarasu" }, "geometry": { "type": "Point", "coordinates": [ 139.5332, 35.4478 ] } },
{ "type": "Feature", "properties": { "decimalLatitude": 40.5749, "decimalLongitude": 116.0246, "month": 6, "species_sci": "Corvus macrorhynchos", "species_com": "Large-billed Crow / Hashibutogarasu" }, "geometry": { "type": "Point", "coordinates": [ 116.0246, 40.5749 ] } },
{ "type": "Feature", "properties": { "decimalLatitude": 34.6937, "decimalLongitude": 135.5023, "month": 6, "species_sci": "Corvus macrorhynchos", "species_com": "Large-billed Crow / Hashibutogarasu" }, "geometry": { "type": "Point", "coordinates": [ 135.5023, 34.6937 ] } },
{ "type": "Feature", "properties": { "decimalLatitude": 24.4248, "decimalLongitude": 124.0869, "month": 6, "species_sci": "Corvus macrorhynchos", "species_com": "Large-billed Crow / Hashibutogarasu" }, "geometry": { "type": "Point", "coordinates": [ 124.0869, 24.4248 ] } },
{ "type": "Feature", "properties": { "decimalLatitude": 46.5542, "decimalLongitude": 141.8628, "month": 6, "species_sci": "Corvus macrorhynchos", "species_com": "Large-billed Crow / Hashibutogarasu" }, "geometry": { "type": "Point", "coordinates": [ 141.8628, 46.5542 ] } },
{ "type": "Feature", "properties": { "decimalLatitude": 13.7364, "decimalLongitude": 100.5289, "month": 6, "species_sci": "Corvus macrorhynchos", "species_com": "Large-billed Crow / Hashibutogarasu" }, "geometry": { "type": "Point", "coordinates": [ 100.5289, 13.7364 ] } },
{ "type": "Feature", "properties": { "decimalLatitude": 35.7162, "decimalLongitude": 139.7733, "month": 7, "species_sci": "Corvus macrorhynchos", "species_com": "Large-billed Crow / Hashibutogarasu" }, "geometry": { "type": "Point", "coordinates": [ 139.7733, 35.7162 ] } },
{ "type": "Feature", "properties": { "decimalLatitude": 23.2325, "decimalLongitude": 72.6643, "month": 7, "species_sci": "Corvus macrorhynchos", "species_com": "Large-billed Crow / Hashibutogarasu" }, "geometry": { "type": "Point", "coordinates": [ 72.6643, 23.2325 ] } },
{ "type": "Feature", "properties": { "decimalLatitude": 35.6387, "decimalLongitude": 139.4579, "month": 7, "species_sci": "Corvus macrorhynchos", "species_com": "Large-billed Crow / Hashibutogarasu" }, "geometry": { "type": "Point", "coordinates": [ 139.4579, 35.6387 ] } },
{ "type": "Feature", "properties": { "decimalLatitude": 28.4043, "decimalLongitude": 83.699, "month": 7, "species_sci": "Corvus macrorhynchos", "species_com": "Large-billed Crow / Hashibutogarasu" }, "geometry": { "type": "Point", "coordinates": [ 83.699, 28.4043 ] } },
{ "type": "Feature", "properties": { "decimalLatitude": 35.7221, "decimalLongitude": 139.7782, "month": 7, "species_sci": "Corvus macrorhynchos", "species_com": "Large-billed Crow / Hashibutogarasu" }, "geometry": { "type": "Point", "coordinates": [ 139.7782, 35.7221 ] } },
{ "type": "Feature", "properties": { "decimalLatitude": 35.582, "decimalLongitude": 139.7649, "month": 7, "species_sci": "Corvus macrorhynchos", "species_com": "Large-billed Crow / Hashibutogarasu" }, "geometry": { "type": "Point", "coordinates": [ 139.7649, 35.582 ] } },
{ "type": "Feature", "properties": { "decimalLatitude": 21.4565, "decimalLongitude": 83.2002, "month": 7, "species_sci": "Corvus macrorhynchos", "species_com": "Large-billed Crow / Hashibutogarasu" }, "geometry": { "type": "Point", "coordinates": [ 83.2002, 21.4565 ] } },
{ "type": "Feature", "properties": { "decimalLatitude": 13.7334, "decimalLongitude": 100.5387, "month": 7, "species_sci": "Corvus macrorhynchos", "species_com": "Large-billed Crow / Hashibutogarasu" }, "geometry": { "type": "Point", "coordinates": [ 100.5387, 13.7334 ] } },
{ "type": "Feature", "properties": { "decimalLatitude": 36.5928, "decimalLongitude": 127.2891, "month": 7, "species_sci": "Corvus macrorhynchos", "species_com": "Large-billed Crow / Hashibutogarasu" }, "geometry": { "type": "Point", "coordinates": [ 127.2891, 36.5928 ] } },
{ "type": "Feature", "properties": { "decimalLatitude": 9.7848, "decimalLongitude": 100.0113, "month": 7, "species_sci": "Corvus macrorhynchos", "species_com": "Large-billed Crow / Hashibutogarasu" }, "geometry": { "type": "Point", "coordinates": [ 100.0113, 9.7848 ] } },
{ "type": "Feature", "properties": { "decimalLatitude": 35.0151, "decimalLongitude": 135.7833, "month": 7, "species_sci": "Corvus macrorhynchos", "species_com": "Large-billed Crow / Hashibutogarasu" }, "geometry": { "type": "Point", "coordinates": [ 135.7833, 35.0151 ] } },
{ "type": "Feature", "properties": { "decimalLatitude": 35.0047, "decimalLongitude": 135.7903, "month": 7, "species_sci": "Corvus macrorhynchos", "species_com": "Large-billed Crow / Hashibutogarasu" }, "geometry": { "type": "Point", "coordinates": [ 135.7903, 35.0047 ] } },
{ "type": "Feature", "properties": { "decimalLatitude": 16.8235, "decimalLongitude": 100.2906, "month": 7, "species_sci": "Corvus macrorhynchos", "species_com": "Large-billed Crow / Hashibutogarasu" }, "geometry": { "type": "Point", "coordinates": [ 100.2906, 16.8235 ] } },
{ "type": "Feature", "properties": { "decimalLatitude": 34.7798, "decimalLongitude": 135.6387, "month": 7, "species_sci": "Corvus macrorhynchos", "species_com": "Large-billed Crow / Hashibutogarasu" }, "geometry": { "type": "Point", "coordinates": [ 135.6387, 34.7798 ] } },
{ "type": "Feature", "properties": { "decimalLatitude": 35.0179, "decimalLongitude": 135.6741, "month": 7, "species_sci": "Corvus macrorhynchos", "species_com": "Large-billed Crow / Hashibutogarasu" }, "geometry": { "type": "Point", "coordinates": [ 135.6741, 35.0179 ] } },
{ "type": "Feature", "properties": { "decimalLatitude": 13.7481, "decimalLongitude": 100.4951, "month": 7, "species_sci": "Corvus macrorhynchos", "species_com": "Large-billed Crow / Hashibutogarasu" }, "geometry": { "type": "Point", "coordinates": [ 100.4951, 13.7481 ] } },
{ "type": "Feature", "properties": { "decimalLatitude": 35.7237, "decimalLongitude": 139.7729, "month": 7, "species_sci": "Corvus macrorhynchos", "species_com": "Large-billed Crow / Hashibutogarasu" }, "geometry": { "type": "Point", "coordinates": [ 139.7729, 35.7237 ] } },
{ "type": "Feature", "properties": { "decimalLatitude": 35.0756, "decimalLongitude": 129.083, "month": 7, "species_sci": "Corvus macrorhynchos", "species_com": "Large-billed Crow / Hashibutogarasu" }, "geometry": { "type": "Point", "coordinates": [ 129.083, 35.0756 ] } },
{ "type": "Feature", "properties": { "decimalLatitude": 5.5427, "decimalLongitude": 101.3411, "month": 7, "species_sci": "Corvus macrorhynchos", "species_com": "Large-billed Crow / Hashibutogarasu" }, "geometry": { "type": "Point", "coordinates": [ 101.3411, 5.5427 ] } },
{ "type": "Feature", "properties": { "decimalLatitude": 21.2824, "decimalLongitude": 69.9625, "month": 7, "species_sci": "Corvus macrorhynchos", "species_com": "Large-billed Crow / Hashibutogarasu" }, "geometry": { "type": "Point", "coordinates": [ 69.9625, 21.2824 ] } },
{ "type": "Feature", "properties": { "decimalLatitude": 43.0317, "decimalLongitude": 131.8849, "month": 7, "species_sci": "Corvus macrorhynchos", "species_com": "Large-billed Crow / Hashibutogarasu" }, "geometry": { "type": "Point", "coordinates": [ 131.8849, 43.0317 ] } },
{ "type": "Feature", "properties": { "decimalLatitude": 18.9118, "decimalLongitude": 72.826, "month": 7, "species_sci": "Corvus macrorhynchos", "species_com": "Large-billed Crow / Hashibutogarasu" }, "geometry": { "type": "Point", "coordinates": [ 72.826, 18.9118 ] } },
{ "type": "Feature", "properties": { "decimalLatitude": 35.0047, "decimalLongitude": 135.7792, "month": 7, "species_sci": "Corvus macrorhynchos", "species_com": "Large-billed Crow / Hashibutogarasu" }, "geometry": { "type": "Point", "coordinates": [ 135.7792, 35.0047 ] } },
{ "type": "Feature", "properties": { "decimalLatitude": 34.9677, "decimalLongitude": 135.7792, "month": 7, "species_sci": "Corvus macrorhynchos", "species_com": "Large-billed Crow / Hashibutogarasu" }, "geometry": { "type": "Point", "coordinates": [ 135.7792, 34.9677 ] } },
{ "type": "Feature", "properties": { "decimalLatitude": 13.7482, "decimalLongitude": 100.49, "month": 7, "species_sci": "Corvus macrorhynchos", "species_com": "Large-billed Crow / Hashibutogarasu" }, "geometry": { "type": "Point", "coordinates": [ 100.49, 13.7482 ] } },
{ "type": "Feature", "properties": { "decimalLatitude": 45.1379, "decimalLongitude": 134.389, "month": 7, "species_sci": "Corvus macrorhynchos", "species_com": "Large-billed Crow / Hashibutogarasu" }, "geometry": { "type": "Point", "coordinates": [ 134.389, 45.1379 ] } },
{ "type": "Feature", "properties": { "decimalLatitude": 15.7066, "decimalLongitude": 103.228, "month": 7, "species_sci": "Corvus macrorhynchos", "species_com": "Large-billed Crow / Hashibutogarasu" }, "geometry": { "type": "Point", "coordinates": [ 103.228, 15.7066 ] } },
{ "type": "Feature", "properties": { "decimalLatitude": 1.358, "decimalLongitude": 103.989, "month": 7, "species_sci": "Corvus macrorhynchos", "species_com": "Large-billed Crow / Hashibutogarasu" }, "geometry": { "type": "Point", "coordinates": [ 103.989, 1.358 ] } },
{ "type": "Feature", "properties": { "decimalLatitude": 34.5841, "decimalLongitude": 127.394, "month": 7, "species_sci": "Corvus macrorhynchos", "species_com": "Large-billed Crow / Hashibutogarasu" }, "geometry": { "type": "Point", "coordinates": [ 127.394, 34.5841 ] } },
{ "type": "Feature", "properties": { "decimalLatitude": 13.728, "decimalLongitude": 100.5407, "month": 7, "species_sci": "Corvus macrorhynchos", "species_com": "Large-billed Crow / Hashibutogarasu" }, "geometry": { "type": "Point", "coordinates": [ 100.5407, 13.728 ] } },
{ "type": "Feature", "properties": { "decimalLatitude": 35.649, "decimalLongitude": 139.4652, "month": 7, "species_sci": "Corvus macrorhynchos", "species_com": "Large-billed Crow / Hashibutogarasu" }, "geometry": { "type": "Point", "coordinates": [ 139.4652, 35.649 ] } },
{ "type": "Feature", "properties": { "decimalLatitude": 20.2164, "decimalLongitude": 79.317, "month": 7, "species_sci": "Corvus macrorhynchos", "species_com": "Large-billed Crow / Hashibutogarasu" }, "geometry": { "type": "Point", "coordinates": [ 79.317, 20.2164 ] } },
{ "type": "Feature", "properties": { "decimalLatitude": 34.207, "decimalLongitude": 139.1342, "month": 7, "species_sci": "Corvus macrorhynchos", "species_com": "Large-billed Crow / Hashibutogarasu" }, "geometry": { "type": "Point", "coordinates": [ 139.1342, 34.207 ] } },
{ "type": "Feature", "properties": { "decimalLatitude": 39.9265, "decimalLongitude": 116.3882, "month": 7, "species_sci": "Corvus macrorhynchos", "species_com": "Large-billed Crow / Hashibutogarasu" }, "geometry": { "type": "Point", "coordinates": [ 116.3882, 39.9265 ] } },
{ "type": "Feature", "properties": { "decimalLatitude": 35.6832, "decimalLongitude": 139.8173, "month": 7, "species_sci": "Corvus macrorhynchos", "species_com": "Large-billed Crow / Hashibutogarasu" }, "geometry": { "type": "Point", "coordinates": [ 139.8173, 35.6832 ] } },
{ "type": "Feature", "properties": { "decimalLatitude": 8.4219, "decimalLongitude": 80.0041, "month": 7, "species_sci": "Corvus macrorhynchos", "species_com": "Large-billed Crow / Hashibutogarasu" }, "geometry": { "type": "Point", "coordinates": [ 80.0041, 8.4219 ] } },
{ "type": "Feature", "properties": { "decimalLatitude": 18.0454, "decimalLongitude": 83.4336, "month": 7, "species_sci": "Corvus macrorhynchos", "species_com": "Large-billed Crow / Hashibutogarasu" }, "geometry": { "type": "Point", "coordinates": [ 83.4336, 18.0454 ] } },
{ "type": "Feature", "properties": { "decimalLatitude": 35.6578, "decimalLongitude": 139.7499, "month": 7, "species_sci": "Corvus macrorhynchos", "species_com": "Large-billed Crow / Hashibutogarasu" }, "geometry": { "type": "Point", "coordinates": [ 139.7499, 35.6578 ] } },
{ "type": "Feature", "properties": { "decimalLatitude": 36.1165, "decimalLongitude": 128.5769, "month": 7, "species_sci": "Corvus macrorhynchos", "species_com": "Large-billed Crow / Hashibutogarasu" }, "geometry": { "type": "Point", "coordinates": [ 128.5769, 36.1165 ] } },
{ "type": "Feature", "properties": { "decimalLatitude": 34.6892, "decimalLongitude": 135.5289, "month": 7, "species_sci": "Corvus macrorhynchos", "species_com": "Large-billed Crow / Hashibutogarasu" }, "geometry": { "type": "Point", "coordinates": [ 135.5289, 34.6892 ] } },
{ "type": "Feature", "properties": { "decimalLatitude": 24.301, "decimalLongitude": 121.2835, "month": 7, "species_sci": "Corvus macrorhynchos", "species_com": "Large-billed Crow / Hashibutogarasu" }, "geometry": { "type": "Point", "coordinates": [ 121.2835, 24.301 ] } },
{ "type": "Feature", "properties": { "decimalLatitude": 35.6211, "decimalLongitude": 139.7374, "month": 7, "species_sci": "Corvus macrorhynchos", "species_com": "Large-billed Crow / Hashibutogarasu" }, "geometry": { "type": "Point", "coordinates": [ 139.7374, 35.6211 ] } },
{ "type": "Feature", "properties": { "decimalLatitude": 37.6523, "decimalLongitude": 126.9623, "month": 7, "species_sci": "Corvus macrorhynchos", "species_com": "Large-billed Crow / Hashibutogarasu" }, "geometry": { "type": "Point", "coordinates": [ 126.9623, 37.6523 ] } },
{ "type": "Feature", "properties": { "decimalLatitude": 15.2634, "decimalLongitude": 76.4875, "month": 7, "species_sci": "Corvus macrorhynchos", "species_com": "Large-billed Crow / Hashibutogarasu" }, "geometry": { "type": "Point", "coordinates": [ 76.4875, 15.2634 ] } },
{ "type": "Feature", "properties": { "decimalLatitude": 14.6554, "decimalLongitude": 101.1989, "month": 7, "species_sci": "Corvus macrorhynchos", "species_com": "Large-billed Crow / Hashibutogarasu" }, "geometry": { "type": "Point", "coordinates": [ 101.1989, 14.6554 ] } },
{ "type": "Feature", "properties": { "decimalLatitude": 3.1494, "decimalLongitude": 101.6143, "month": 7, "species_sci": "Corvus macrorhynchos", "species_com": "Large-billed Crow / Hashibutogarasu" }, "geometry": { "type": "Point", "coordinates": [ 101.6143, 3.1494 ] } },
{ "type": "Feature", "properties": { "decimalLatitude": 24.335, "decimalLongitude": 124.0811, "month": 7, "species_sci": "Corvus macrorhynchos", "species_com": "Large-billed Crow / Hashibutogarasu" }, "geometry": { "type": "Point", "coordinates": [ 124.0811, 24.335 ] } },
{ "type": "Feature", "properties": { "decimalLatitude": 45.4188, "decimalLongitude": 141.67, "month": 7, "species_sci": "Corvus macrorhynchos", "species_com": "Large-billed Crow / Hashibutogarasu" }, "geometry": { "type": "Point", "coordinates": [ 141.67, 45.4188 ] } },
{ "type": "Feature", "properties": { "decimalLatitude": 35.659, "decimalLongitude": 139.6977, "month": 7, "species_sci": "Corvus macrorhynchos", "species_com": "Large-billed Crow / Hashibutogarasu" }, "geometry": { "type": "Point", "coordinates": [ 139.6977, 35.659 ] } },
{ "type": "Feature", "properties": { "decimalLatitude": 26.7688, "decimalLongitude": 128.2629, "month": 7, "species_sci": "Corvus macrorhynchos", "species_com": "Large-billed Crow / Hashibutogarasu" }, "geometry": { "type": "Point", "coordinates": [ 128.2629, 26.7688 ] } },
{ "type": "Feature", "properties": { "decimalLatitude": 43.0317, "decimalLongitude": 131.8849, "month": 7, "species_sci": "Corvus macrorhynchos", "species_com": "Large-billed Crow / Hashibutogarasu" }, "geometry": { "type": "Point", "coordinates": [ 131.8849, 43.0317 ] } },
{ "type": "Feature", "properties": { "decimalLatitude": 43.0454, "decimalLongitude": 141.3554, "month": 7, "species_sci": "Corvus macrorhynchos", "species_com": "Large-billed Crow / Hashibutogarasu" }, "geometry": { "type": "Point", "coordinates": [ 141.3554, 43.0454 ] } },
{ "type": "Feature", "properties": { "decimalLatitude": 16.2526, "decimalLongitude": 103.2579, "month": 7, "species_sci": "Corvus macrorhynchos", "species_com": "Large-billed Crow / Hashibutogarasu" }, "geometry": { "type": "Point", "coordinates": [ 103.2579, 16.2526 ] } },
{ "type": "Feature", "properties": { "decimalLatitude": 7.4866, "decimalLongitude": 80.349, "month": 7, "species_sci": "Corvus macrorhynchos", "species_com": "Large-billed Crow / Hashibutogarasu" }, "geometry": { "type": "Point", "coordinates": [ 80.349, 7.4866 ] } },
{ "type": "Feature", "properties": { "decimalLatitude": 23.602, "decimalLongitude": 120.702, "month": 7, "species_sci": "Corvus macrorhynchos", "species_com": "Large-billed Crow / Hashibutogarasu" }, "geometry": { "type": "Point", "coordinates": [ 120.702, 23.602 ] } },
{ "type": "Feature", "properties": { "decimalLatitude": 11.8174, "decimalLongitude": 78.6234, "month": 7, "species_sci": "Corvus macrorhynchos", "species_com": "Large-billed Crow / Hashibutogarasu" }, "geometry": { "type": "Point", "coordinates": [ 78.6234, 11.8174 ] } },
{ "type": "Feature", "properties": { "decimalLatitude": 19.131, "decimalLongitude": 72.9147, "month": 7, "species_sci": "Corvus macrorhynchos", "species_com": "Large-billed Crow / Hashibutogarasu" }, "geometry": { "type": "Point", "coordinates": [ 72.9147, 19.131 ] } },
{ "type": "Feature", "properties": { "decimalLatitude": 35.6858, "decimalLongitude": 139.7564, "month": 7, "species_sci": "Corvus macrorhynchos", "species_com": "Large-billed Crow / Hashibutogarasu" }, "geometry": { "type": "Point", "coordinates": [ 139.7564, 35.6858 ] } },
{ "type": "Feature", "properties": { "decimalLatitude": 19.3271, "decimalLongitude": 73.1394, "month": 7, "species_sci": "Corvus macrorhynchos", "species_com": "Large-billed Crow / Hashibutogarasu" }, "geometry": { "type": "Point", "coordinates": [ 73.1394, 19.3271 ] } },
{ "type": "Feature", "properties": { "decimalLatitude": 18.0453, "decimalLongitude": 83.4314, "month": 7, "species_sci": "Corvus macrorhynchos", "species_com": "Large-billed Crow / Hashibutogarasu" }, "geometry": { "type": "Point", "coordinates": [ 83.4314, 18.0453 ] } },
{ "type": "Feature", "properties": { "decimalLatitude": 35.6805, "decimalLongitude": 139.7973, "month": 7, "species_sci": "Corvus macrorhynchos", "species_com": "Large-billed Crow / Hashibutogarasu" }, "geometry": { "type": "Point", "coordinates": [ 139.7973, 35.6805 ] } },
{ "type": "Feature", "properties": { "decimalLatitude": 35.5836, "decimalLongitude": 139.7577, "month": 7, "species_sci": "Corvus macrorhynchos", "species_com": "Large-billed Crow / Hashibutogarasu" }, "geometry": { "type": "Point", "coordinates": [ 139.7577, 35.5836 ] } },
{ "type": "Feature", "properties": { "decimalLatitude": 13.3596, "decimalLongitude": 74.8021, "month": 7, "species_sci": "Corvus macrorhynchos", "species_com": "Large-billed Crow / Hashibutogarasu" }, "geometry": { "type": "Point", "coordinates": [ 74.8021, 13.3596 ] } },
{ "type": "Feature", "properties": { "decimalLatitude": 7.2338, "decimalLongitude": 79.9452, "month": 7, "species_sci": "Corvus macrorhynchos", "species_com": "Large-billed Crow / Hashibutogarasu" }, "geometry": { "type": "Point", "coordinates": [ 79.9452, 7.2338 ] } },
{ "type": "Feature", "properties": { "decimalLatitude": 36.4729, "decimalLongitude": 138.5438, "month": 7, "species_sci": "Corvus macrorhynchos", "species_com": "Large-billed Crow / Hashibutogarasu" }, "geometry": { "type": "Point", "coordinates": [ 138.5438, 36.4729 ] } },
{ "type": "Feature", "properties": { "decimalLatitude": 36.8947, "decimalLongitude": 136.7831, "month": 7, "species_sci": "Corvus macrorhynchos", "species_com": "Large-billed Crow / Hashibutogarasu" }, "geometry": { "type": "Point", "coordinates": [ 136.7831, 36.8947 ] } },
{ "type": "Feature", "properties": { "decimalLatitude": 8.4067, "decimalLongitude": 79.9856, "month": 7, "species_sci": "Corvus macrorhynchos", "species_com": "Large-billed Crow / Hashibutogarasu" }, "geometry": { "type": "Point", "coordinates": [ 79.9856, 8.4067 ] } },
{ "type": "Feature", "properties": { "decimalLatitude": 13.8099, "decimalLongitude": 100.5564, "month": 7, "species_sci": "Corvus macrorhynchos", "species_com": "Large-billed Crow / Hashibutogarasu" }, "geometry": { "type": "Point", "coordinates": [ 100.5564, 13.8099 ] } },
{ "type": "Feature", "properties": { "decimalLatitude": 9.7974, "decimalLongitude": 76.2901, "month": 7, "species_sci": "Corvus macrorhynchos", "species_com": "Large-billed Crow / Hashibutogarasu" }, "geometry": { "type": "Point", "coordinates": [ 76.2901, 9.7974 ] } },
{ "type": "Feature", "properties": { "decimalLatitude": 24.838, "decimalLongitude": 73.4291, "month": 7, "species_sci": "Corvus macrorhynchos", "species_com": "Large-billed Crow / Hashibutogarasu" }, "geometry": { "type": "Point", "coordinates": [ 73.4291, 24.838 ] } },
{ "type": "Feature", "properties": { "decimalLatitude": 35.6166, "decimalLongitude": 139.4332, "month": 7, "species_sci": "Corvus macrorhynchos", "species_com": "Large-billed Crow / Hashibutogarasu" }, "geometry": { "type": "Point", "coordinates": [ 139.4332, 35.6166 ] } },
{ "type": "Feature", "properties": { "decimalLatitude": 39.9155, "decimalLongitude": 116.391, "month": 7, "species_sci": "Corvus macrorhynchos", "species_com": "Large-billed Crow / Hashibutogarasu" }, "geometry": { "type": "Point", "coordinates": [ 116.391, 39.9155 ] } },
{ "type": "Feature", "properties": { "decimalLatitude": 13.0824, "decimalLongitude": 77.6428, "month": 7, "species_sci": "Corvus macrorhynchos", "species_com": "Large-billed Crow / Hashibutogarasu" }, "geometry": { "type": "Point", "coordinates": [ 77.6428, 13.0824 ] } },
{ "type": "Feature", "properties": { "decimalLatitude": 35.156, "decimalLongitude": 129.154, "month": 7, "species_sci": "Corvus macrorhynchos", "species_com": "Large-billed Crow / Hashibutogarasu" }, "geometry": { "type": "Point", "coordinates": [ 129.154, 35.156 ] } },
{ "type": "Feature", "properties": { "decimalLatitude": 34.5788, "decimalLongitude": 136.5217, "month": 7, "species_sci": "Corvus macrorhynchos", "species_com": "Large-billed Crow / Hashibutogarasu" }, "geometry": { "type": "Point", "coordinates": [ 136.5217, 34.5788 ] } },
{ "type": "Feature", "properties": { "decimalLatitude": 10.9429, "decimalLongitude": 77.7078, "month": 7, "species_sci": "Corvus macrorhynchos", "species_com": "Large-billed Crow / Hashibutogarasu" }, "geometry": { "type": "Point", "coordinates": [ 77.7078, 10.9429 ] } },
{ "type": "Feature", "properties": { "decimalLatitude": 7.2746, "decimalLongitude": 80.6271, "month": 7, "species_sci": "Corvus macrorhynchos", "species_com": "Large-billed Crow / Hashibutogarasu" }, "geometry": { "type": "Point", "coordinates": [ 80.6271, 7.2746 ] } },
{ "type": "Feature", "properties": { "decimalLatitude": 13.7313, "decimalLongitude": 100.5428, "month": 7, "species_sci": "Corvus macrorhynchos", "species_com": "Large-billed Crow / Hashibutogarasu" }, "geometry": { "type": "Point", "coordinates": [ 100.5428, 13.7313 ] } },
{ "type": "Feature", "properties": { "decimalLatitude": 12.9752, "decimalLongitude": 77.5929, "month": 7, "species_sci": "Corvus macrorhynchos", "species_com": "Large-billed Crow / Hashibutogarasu" }, "geometry": { "type": "Point", "coordinates": [ 77.5929, 12.9752 ] } },
{ "type": "Feature", "properties": { "decimalLatitude": 33.117, "decimalLongitude": 126.2661, "month": 7, "species_sci": "Corvus macrorhynchos", "species_com": "Large-billed Crow / Hashibutogarasu" }, "geometry": { "type": "Point", "coordinates": [ 126.2661, 33.117 ] } },
{ "type": "Feature", "properties": { "decimalLatitude": 13.0801, "decimalLongitude": 77.5785, "month": 7, "species_sci": "Corvus macrorhynchos", "species_com": "Large-billed Crow / Hashibutogarasu" }, "geometry": { "type": "Point", "coordinates": [ 77.5785, 13.0801 ] } },
{ "type": "Feature", "properties": { "decimalLatitude": 35.5451, "decimalLongitude": 139.3625, "month": 7, "species_sci": "Corvus macrorhynchos", "species_com": "Large-billed Crow / Hashibutogarasu" }, "geometry": { "type": "Point", "coordinates": [ 139.3625, 35.5451 ] } },
{ "type": "Feature", "properties": { "decimalLatitude": 21.27, "decimalLongitude": 75.7067, "month": 7, "species_sci": "Corvus macrorhynchos", "species_com": "Large-billed Crow / Hashibutogarasu" }, "geometry": { "type": "Point", "coordinates": [ 75.7067, 21.27 ] } },
{ "type": "Feature", "properties": { "decimalLatitude": 36.6041, "decimalLongitude": 127.2725, "month": 7, "species_sci": "Corvus macrorhynchos", "species_com": "Large-billed Crow / Hashibutogarasu" }, "geometry": { "type": "Point", "coordinates": [ 127.2725, 36.6041 ] } },
{ "type": "Feature", "properties": { "decimalLatitude": 14.9848, "decimalLongitude": 74.1089, "month": 7, "species_sci": "Corvus macrorhynchos", "species_com": "Large-billed Crow / Hashibutogarasu" }, "geometry": { "type": "Point", "coordinates": [ 74.1089, 14.9848 ] } },
{ "type": "Feature", "properties": { "decimalLatitude": 30.8141, "decimalLongitude": 77.4185, "month": 7, "species_sci": "Corvus macrorhynchos", "species_com": "Large-billed Crow / Hashibutogarasu" }, "geometry": { "type": "Point", "coordinates": [ 77.4185, 30.8141 ] } },
{ "type": "Feature", "properties": { "decimalLatitude": 33.588, "decimalLongitude": 107.7687, "month": 7, "species_sci": "Corvus macrorhynchos", "species_com": "Large-billed Crow / Hashibutogarasu" }, "geometry": { "type": "Point", "coordinates": [ 107.7687, 33.588 ] } },
{ "type": "Feature", "properties": { "decimalLatitude": 13.0801, "decimalLongitude": 77.5785, "month": 7, "species_sci": "Corvus macrorhynchos", "species_com": "Large-billed Crow / Hashibutogarasu" }, "geometry": { "type": "Point", "coordinates": [ 77.5785, 13.0801 ] } },
{ "type": "Feature", "properties": { "decimalLatitude": 36.3704, "decimalLongitude": 127.3517, "month": 7, "species_sci": "Corvus macrorhynchos", "species_com": "Large-billed Crow / Hashibutogarasu" }, "geometry": { "type": "Point", "coordinates": [ 127.3517, 36.3704 ] } },
{ "type": "Feature", "properties": { "decimalLatitude": 13.7601, "decimalLongitude": 100.4983, "month": 7, "species_sci": "Corvus macrorhynchos", "species_com": "Large-billed Crow / Hashibutogarasu" }, "geometry": { "type": "Point", "coordinates": [ 100.4983, 13.7601 ] } },
{ "type": "Feature", "properties": { "decimalLatitude": 38.5033, "decimalLongitude": 100.4287, "month": 7, "species_sci": "Corvus macrorhynchos", "species_com": "Large-billed Crow / Hashibutogarasu" }, "geometry": { "type": "Point", "coordinates": [ 100.4287, 38.5033 ] } },
{ "type": "Feature", "properties": { "decimalLatitude": 35.66, "decimalLongitude": 139.7636, "month": 7, "species_sci": "Corvus macrorhynchos", "species_com": "Large-billed Crow / Hashibutogarasu" }, "geometry": { "type": "Point", "coordinates": [ 139.7636, 35.66 ] } },
{ "type": "Feature", "properties": { "decimalLatitude": 35.6916, "decimalLongitude": 139.7555, "month": 7, "species_sci": "Corvus macrorhynchos", "species_com": "Large-billed Crow / Hashibutogarasu" }, "geometry": { "type": "Point", "coordinates": [ 139.7555, 35.6916 ] } },
{ "type": "Feature", "properties": { "decimalLatitude": 12.8508, "decimalLongitude": 77.6062, "month": 7, "species_sci": "Corvus macrorhynchos", "species_com": "Large-billed Crow / Hashibutogarasu" }, "geometry": { "type": "Point", "coordinates": [ 77.6062, 12.8508 ] } },
{ "type": "Feature", "properties": { "decimalLatitude": 10.9641, "decimalLongitude": 76.9533, "month": 7, "species_sci": "Corvus macrorhynchos", "species_com": "Large-billed Crow / Hashibutogarasu" }, "geometry": { "type": "Point", "coordinates": [ 76.9533, 10.9641 ] } },
{ "type": "Feature", "properties": { "decimalLatitude": 35.6729, "decimalLongitude": 139.6981, "month": 7, "species_sci": "Corvus macrorhynchos", "species_com": "Large-billed Crow / Hashibutogarasu" }, "geometry": { "type": "Point", "coordinates": [ 139.6981, 35.6729 ] } },
{ "type": "Feature", "properties": { "decimalLatitude": 35.6793, "decimalLongitude": 139.6985, "month": 7, "species_sci": "Corvus macrorhynchos", "species_com": "Large-billed Crow / Hashibutogarasu" }, "geometry": { "type": "Point", "coordinates": [ 139.6985, 35.6793 ] } },
{ "type": "Feature", "properties": { "decimalLatitude": 35.4017, "decimalLongitude": 139.286, "month": 7, "species_sci": "Corvus macrorhynchos", "species_com": "Large-billed Crow / Hashibutogarasu" }, "geometry": { "type": "Point", "coordinates": [ 139.286, 35.4017 ] } },
{ "type": "Feature", "properties": { "decimalLatitude": 22.4417, "decimalLongitude": 88.4636, "month": 7, "species_sci": "Corvus macrorhynchos", "species_com": "Large-billed Crow / Hashibutogarasu" }, "geometry": { "type": "Point", "coordinates": [ 88.4636, 22.4417 ] } },
{ "type": "Feature", "properties": { "decimalLatitude": 4.385, "decimalLongitude": 102.4007, "month": 7, "species_sci": "Corvus macrorhynchos", "species_com": "Large-billed Crow / Hashibutogarasu" }, "geometry": { "type": "Point", "coordinates": [ 102.4007, 4.385 ] } },
{ "type": "Feature", "properties": { "decimalLatitude": 12.9491, "decimalLongitude": 77.583, "month": 7, "species_sci": "Corvus macrorhynchos", "species_com": "Large-billed Crow / Hashibutogarasu" }, "geometry": { "type": "Point", "coordinates": [ 77.583, 12.9491 ] } },
{ "type": "Feature", "properties": { "decimalLatitude": -8.7858, "decimalLongitude": 115.2216, "month": 7, "species_sci": "Corvus macrorhynchos", "species_com": "Large-billed Crow / Hashibutogarasu" }, "geometry": { "type": "Point", "coordinates": [ 115.2216, -8.7858 ] } },
{ "type": "Feature", "properties": { "decimalLatitude": 34.7949, "decimalLongitude": 126.409, "month": 7, "species_sci": "Corvus macrorhynchos", "species_com": "Large-billed Crow / Hashibutogarasu" }, "geometry": { "type": "Point", "coordinates": [ 126.409, 34.7949 ] } },
{ "type": "Feature", "properties": { "decimalLatitude": 35.6704, "decimalLongitude": 139.918, "month": 7, "species_sci": "Corvus macrorhynchos", "species_com": "Large-billed Crow / Hashibutogarasu" }, "geometry": { "type": "Point", "coordinates": [ 139.918, 35.6704 ] } },
{ "type": "Feature", "properties": { "decimalLatitude": 35.1357, "decimalLongitude": 138.793, "month": 7, "species_sci": "Corvus macrorhynchos", "species_com": "Large-billed Crow / Hashibutogarasu" }, "geometry": { "type": "Point", "coordinates": [ 138.793, 35.1357 ] } },
{ "type": "Feature", "properties": { "decimalLatitude": 11.4278, "decimalLongitude": 107.43, "month": 7, "species_sci": "Corvus macrorhynchos", "species_com": "Large-billed Crow / Hashibutogarasu" }, "geometry": { "type": "Point", "coordinates": [ 107.43, 11.4278 ] } },
{ "type": "Feature", "properties": { "decimalLatitude": 7.2722, "decimalLongitude": 80.5946, "month": 7, "species_sci": "Corvus macrorhynchos", "species_com": "Large-billed Crow / Hashibutogarasu" }, "geometry": { "type": "Point", "coordinates": [ 80.5946, 7.2722 ] } },
{ "type": "Feature", "properties": { "decimalLatitude": 26.4086, "decimalLongitude": 127.7421, "month": 7, "species_sci": "Corvus macrorhynchos", "species_com": "Large-billed Crow / Hashibutogarasu" }, "geometry": { "type": "Point", "coordinates": [ 127.7421, 26.4086 ] } },
{ "type": "Feature", "properties": { "decimalLatitude": 10.6091, "decimalLongitude": 76.1976, "month": 7, "species_sci": "Corvus macrorhynchos", "species_com": "Large-billed Crow / Hashibutogarasu" }, "geometry": { "type": "Point", "coordinates": [ 76.1976, 10.6091 ] } },
{ "type": "Feature", "properties": { "decimalLatitude": 11.4556, "decimalLongitude": 77.6157, "month": 7, "species_sci": "Corvus macrorhynchos", "species_com": "Large-billed Crow / Hashibutogarasu" }, "geometry": { "type": "Point", "coordinates": [ 77.6157, 11.4556 ] } },
{ "type": "Feature", "properties": { "decimalLatitude": 20.5482, "decimalLongitude": 81.6559, "month": 7, "species_sci": "Corvus macrorhynchos", "species_com": "Large-billed Crow / Hashibutogarasu" }, "geometry": { "type": "Point", "coordinates": [ 81.6559, 20.5482 ] } },
{ "type": "Feature", "properties": { "decimalLatitude": 13.034, "decimalLongitude": 77.6853, "month": 7, "species_sci": "Corvus macrorhynchos", "species_com": "Large-billed Crow / Hashibutogarasu" }, "geometry": { "type": "Point", "coordinates": [ 77.6853, 13.034 ] } },
{ "type": "Feature", "properties": { "decimalLatitude": 10.0931, "decimalLongitude": 99.8409, "month": 7, "species_sci": "Corvus macrorhynchos", "species_com": "Large-billed Crow / Hashibutogarasu" }, "geometry": { "type": "Point", "coordinates": [ 99.8409, 10.0931 ] } },
{ "type": "Feature", "properties": { "decimalLatitude": 18.5265, "decimalLongitude": 99.1254, "month": 7, "species_sci": "Corvus macrorhynchos", "species_com": "Large-billed Crow / Hashibutogarasu" }, "geometry": { "type": "Point", "coordinates": [ 99.1254, 18.5265 ] } },
{ "type": "Feature", "properties": { "decimalLatitude": 22.0473, "decimalLongitude": 88.7504, "month": 7, "species_sci": "Corvus macrorhynchos", "species_com": "Large-billed Crow / Hashibutogarasu" }, "geometry": { "type": "Point", "coordinates": [ 88.7504, 22.0473 ] } },
{ "type": "Feature", "properties": { "decimalLatitude": 33.3701, "decimalLongitude": 126.5718, "month": 7, "species_sci": "Corvus macrorhynchos", "species_com": "Large-billed Crow / Hashibutogarasu" }, "geometry": { "type": "Point", "coordinates": [ 126.5718, 33.3701 ] } },
{ "type": "Feature", "properties": { "decimalLatitude": 9.0656, "decimalLongitude": 76.5334, "month": 7, "species_sci": "Corvus macrorhynchos", "species_com": "Large-billed Crow / Hashibutogarasu" }, "geometry": { "type": "Point", "coordinates": [ 76.5334, 9.0656 ] } },
{ "type": "Feature", "properties": { "decimalLatitude": 11.0205, "decimalLongitude": 76.9483, "month": 7, "species_sci": "Corvus macrorhynchos", "species_com": "Large-billed Crow / Hashibutogarasu" }, "geometry": { "type": "Point", "coordinates": [ 76.9483, 11.0205 ] } },
{ "type": "Feature", "properties": { "decimalLatitude": 23.9536, "decimalLongitude": 121.1773, "month": 7, "species_sci": "Corvus macrorhynchos", "species_com": "Large-billed Crow / Hashibutogarasu" }, "geometry": { "type": "Point", "coordinates": [ 121.1773, 23.9536 ] } },
{ "type": "Feature", "properties": { "decimalLatitude": 18.4486, "decimalLongitude": 73.9228, "month": 7, "species_sci": "Corvus macrorhynchos", "species_com": "Large-billed Crow / Hashibutogarasu" }, "geometry": { "type": "Point", "coordinates": [ 73.9228, 18.4486 ] } },
{ "type": "Feature", "properties": { "decimalLatitude": 34.9677, "decimalLongitude": 135.7792, "month": 7, "species_sci": "Corvus macrorhynchos", "species_com": "Large-billed Crow / Hashibutogarasu" }, "geometry": { "type": "Point", "coordinates": [ 135.7792, 34.9677 ] } },
{ "type": "Feature", "properties": { "decimalLatitude": 43.9741, "decimalLongitude": 145.6082, "month": 7, "species_sci": "Corvus macrorhynchos", "species_com": "Large-billed Crow / Hashibutogarasu" }, "geometry": { "type": "Point", "coordinates": [ 145.6082, 43.9741 ] } },
{ "type": "Feature", "properties": { "decimalLatitude": 25.5342, "decimalLongitude": 86.1804, "month": 7, "species_sci": "Corvus macrorhynchos", "species_com": "Large-billed Crow / Hashibutogarasu" }, "geometry": { "type": "Point", "coordinates": [ 86.1804, 25.5342 ] } },
{ "type": "Feature", "properties": { "decimalLatitude": 35.6731, "decimalLongitude": 139.7028, "month": 7, "species_sci": "Corvus macrorhynchos", "species_com": "Large-billed Crow / Hashibutogarasu" }, "geometry": { "type": "Point", "coordinates": [ 139.7028, 35.6731 ] } },
{ "type": "Feature", "properties": { "decimalLatitude": 10.0941, "decimalLongitude": 78.1414, "month": 7, "species_sci": "Corvus macrorhynchos", "species_com": "Large-billed Crow / Hashibutogarasu" }, "geometry": { "type": "Point", "coordinates": [ 78.1414, 10.0941 ] } },
{ "type": "Feature", "properties": { "decimalLatitude": 35.1011, "decimalLongitude": 129.0332, "month": 7, "species_sci": "Corvus macrorhynchos", "species_com": "Large-billed Crow / Hashibutogarasu" }, "geometry": { "type": "Point", "coordinates": [ 129.0332, 35.1011 ] } },
{ "type": "Feature", "properties": { "decimalLatitude": 28.2094, "decimalLongitude": 83.9565, "month": 7, "species_sci": "Corvus macrorhynchos", "species_com": "Large-billed Crow / Hashibutogarasu" }, "geometry": { "type": "Point", "coordinates": [ 83.9565, 28.2094 ] } },
{ "type": "Feature", "properties": { "decimalLatitude": 35.582, "decimalLongitude": 139.7649, "month": 7, "species_sci": "Corvus macrorhynchos", "species_com": "Large-billed Crow / Hashibutogarasu" }, "geometry": { "type": "Point", "coordinates": [ 139.7649, 35.582 ] } },
{ "type": "Feature", "properties": { "decimalLatitude": 35.0774, "decimalLongitude": 129.0781, "month": 7, "species_sci": "Corvus macrorhynchos", "species_com": "Large-billed Crow / Hashibutogarasu" }, "geometry": { "type": "Point", "coordinates": [ 129.0781, 35.0774 ] } },
{ "type": "Feature", "properties": { "decimalLatitude": 9.7474, "decimalLongitude": 76.2847, "month": 7, "species_sci": "Corvus macrorhynchos", "species_com": "Large-billed Crow / Hashibutogarasu" }, "geometry": { "type": "Point", "coordinates": [ 76.2847, 9.7474 ] } },
{ "type": "Feature", "properties": { "decimalLatitude": 39.9207, "decimalLongitude": 116.3917, "month": 7, "species_sci": "Corvus macrorhynchos", "species_com": "Large-billed Crow / Hashibutogarasu" }, "geometry": { "type": "Point", "coordinates": [ 116.3917, 39.9207 ] } },
{ "type": "Feature", "properties": { "decimalLatitude": 35.6682, "decimalLongitude": 139.7839, "month": 7, "species_sci": "Corvus macrorhynchos", "species_com": "Large-billed Crow / Hashibutogarasu" }, "geometry": { "type": "Point", "coordinates": [ 139.7839, 35.6682 ] } },
{ "type": "Feature", "properties": { "decimalLatitude": 33.6012, "decimalLongitude": 107.7713, "month": 7, "species_sci": "Corvus macrorhynchos", "species_com": "Large-billed Crow / Hashibutogarasu" }, "geometry": { "type": "Point", "coordinates": [ 107.7713, 33.6012 ] } },
{ "type": "Feature", "properties": { "decimalLatitude": 35.7219, "decimalLongitude": 139.7799, "month": 7, "species_sci": "Corvus macrorhynchos", "species_com": "Large-billed Crow / Hashibutogarasu" }, "geometry": { "type": "Point", "coordinates": [ 139.7799, 35.7219 ] } },
{ "type": "Feature", "properties": { "decimalLatitude": 26.6046, "decimalLongitude": 93.4484, "month": 7, "species_sci": "Corvus macrorhynchos", "species_com": "Large-billed Crow / Hashibutogarasu" }, "geometry": { "type": "Point", "coordinates": [ 93.4484, 26.6046 ] } },
{ "type": "Feature", "properties": { "decimalLatitude": 18.1966, "decimalLongitude": 73.8034, "month": 7, "species_sci": "Corvus macrorhynchos", "species_com": "Large-billed Crow / Hashibutogarasu" }, "geometry": { "type": "Point", "coordinates": [ 73.8034, 18.1966 ] } },
{ "type": "Feature", "properties": { "decimalLatitude": 13.7485, "decimalLongitude": 100.4915, "month": 7, "species_sci": "Corvus macrorhynchos", "species_com": "Large-billed Crow / Hashibutogarasu" }, "geometry": { "type": "Point", "coordinates": [ 100.4915, 13.7485 ] } },
{ "type": "Feature", "properties": { "decimalLatitude": 11.7422, "decimalLongitude": 78.2799, "month": 7, "species_sci": "Corvus macrorhynchos", "species_com": "Large-billed Crow / Hashibutogarasu" }, "geometry": { "type": "Point", "coordinates": [ 78.2799, 11.7422 ] } },
{ "type": "Feature", "properties": { "decimalLatitude": 13.734, "decimalLongitude": 100.54, "month": 7, "species_sci": "Corvus macrorhynchos", "species_com": "Large-billed Crow / Hashibutogarasu" }, "geometry": { "type": "Point", "coordinates": [ 100.54, 13.734 ] } },
{ "type": "Feature", "properties": { "decimalLatitude": 9.8335, "decimalLongitude": 76.7842, "month": 7, "species_sci": "Corvus macrorhynchos", "species_com": "Large-billed Crow / Hashibutogarasu" }, "geometry": { "type": "Point", "coordinates": [ 76.7842, 9.8335 ] } },
{ "type": "Feature", "properties": { "decimalLatitude": 13.73, "decimalLongitude": 100.5561, "month": 7, "species_sci": "Corvus macrorhynchos", "species_com": "Large-billed Crow / Hashibutogarasu" }, "geometry": { "type": "Point", "coordinates": [ 100.5561, 13.73 ] } },
{ "type": "Feature", "properties": { "decimalLatitude": 24.2569, "decimalLongitude": 121.258, "month": 7, "species_sci": "Corvus macrorhynchos", "species_com": "Large-billed Crow / Hashibutogarasu" }, "geometry": { "type": "Point", "coordinates": [ 121.258, 24.2569 ] } },
{ "type": "Feature", "properties": { "decimalLatitude": 37.9771, "decimalLongitude": 127.2765, "month": 7, "species_sci": "Corvus macrorhynchos", "species_com": "Large-billed Crow / Hashibutogarasu" }, "geometry": { "type": "Point", "coordinates": [ 127.2765, 37.9771 ] } },
{ "type": "Feature", "properties": { "decimalLatitude": 10.1499, "decimalLongitude": 76.369, "month": 7, "species_sci": "Corvus macrorhynchos", "species_com": "Large-billed Crow / Hashibutogarasu" }, "geometry": { "type": "Point", "coordinates": [ 76.369, 10.1499 ] } },
{ "type": "Feature", "properties": { "decimalLatitude": 15.5027, "decimalLongitude": 103.1592, "month": 7, "species_sci": "Corvus macrorhynchos", "species_com": "Large-billed Crow / Hashibutogarasu" }, "geometry": { "type": "Point", "coordinates": [ 103.1592, 15.5027 ] } },
{ "type": "Feature", "properties": { "decimalLatitude": 6.4249, "decimalLongitude": 79.9984, "month": 7, "species_sci": "Corvus macrorhynchos", "species_com": "Large-billed Crow / Hashibutogarasu" }, "geometry": { "type": "Point", "coordinates": [ 79.9984, 6.4249 ] } },
{ "type": "Feature", "properties": { "decimalLatitude": 21.5366, "decimalLongitude": 70.5034, "month": 7, "species_sci": "Corvus macrorhynchos", "species_com": "Large-billed Crow / Hashibutogarasu" }, "geometry": { "type": "Point", "coordinates": [ 70.5034, 21.5366 ] } },
{ "type": "Feature", "properties": { "decimalLatitude": 35.6977, "decimalLongitude": 139.6573, "month": 7, "species_sci": "Corvus macrorhynchos", "species_com": "Large-billed Crow / Hashibutogarasu" }, "geometry": { "type": "Point", "coordinates": [ 139.6573, 35.6977 ] } },
{ "type": "Feature", "properties": { "decimalLatitude": 35.0956, "decimalLongitude": 138.8635, "month": 7, "species_sci": "Corvus macrorhynchos", "species_com": "Large-billed Crow / Hashibutogarasu" }, "geometry": { "type": "Point", "coordinates": [ 138.8635, 35.0956 ] } },
{ "type": "Feature", "properties": { "decimalLatitude": 36.3679, "decimalLongitude": 140.4547, "month": 7, "species_sci": "Corvus macrorhynchos", "species_com": "Large-billed Crow / Hashibutogarasu" }, "geometry": { "type": "Point", "coordinates": [ 140.4547, 36.3679 ] } },
{ "type": "Feature", "properties": { "decimalLatitude": 13.1705, "decimalLongitude": 77.5962, "month": 8, "species_sci": "Corvus macrorhynchos", "species_com": "Large-billed Crow / Hashibutogarasu" }, "geometry": { "type": "Point", "coordinates": [ 77.5962, 13.1705 ] } },
{ "type": "Feature", "properties": { "decimalLatitude": 11.6089, "decimalLongitude": 76.1257, "month": 8, "species_sci": "Corvus macrorhynchos", "species_com": "Large-billed Crow / Hashibutogarasu" }, "geometry": { "type": "Point", "coordinates": [ 76.1257, 11.6089 ] } },
{ "type": "Feature", "properties": { "decimalLatitude": 33.3642, "decimalLongitude": 126.5442, "month": 8, "species_sci": "Corvus macrorhynchos", "species_com": "Large-billed Crow / Hashibutogarasu" }, "geometry": { "type": "Point", "coordinates": [ 126.5442, 33.3642 ] } },
{ "type": "Feature", "properties": { "decimalLatitude": 19.2726, "decimalLongitude": 72.9247, "month": 8, "species_sci": "Corvus macrorhynchos", "species_com": "Large-billed Crow / Hashibutogarasu" }, "geometry": { "type": "Point", "coordinates": [ 72.9247, 19.2726 ] } },
{ "type": "Feature", "properties": { "decimalLatitude": 8.4313, "decimalLongitude": 79.9937, "month": 8, "species_sci": "Corvus macrorhynchos", "species_com": "Large-billed Crow / Hashibutogarasu" }, "geometry": { "type": "Point", "coordinates": [ 79.9937, 8.4313 ] } },
{ "type": "Feature", "properties": { "decimalLatitude": 10.7662, "decimalLongitude": 76.6515, "month": 8, "species_sci": "Corvus macrorhynchos", "species_com": "Large-billed Crow / Hashibutogarasu" }, "geometry": { "type": "Point", "coordinates": [ 76.6515, 10.7662 ] } },
{ "type": "Feature", "properties": { "decimalLatitude": 7.1794, "decimalLongitude": 79.8669, "month": 8, "species_sci": "Corvus macrorhynchos", "species_com": "Large-billed Crow / Hashibutogarasu" }, "geometry": { "type": "Point", "coordinates": [ 79.8669, 7.1794 ] } },
{ "type": "Feature", "properties": { "decimalLatitude": 35.6256, "decimalLongitude": 139.8815, "month": 8, "species_sci": "Corvus macrorhynchos", "species_com": "Large-billed Crow / Hashibutogarasu" }, "geometry": { "type": "Point", "coordinates": [ 139.8815, 35.6256 ] } },
{ "type": "Feature", "properties": { "decimalLatitude": 43.0738, "decimalLongitude": 141.3425, "month": 8, "species_sci": "Corvus macrorhynchos", "species_com": "Large-billed Crow / Hashibutogarasu" }, "geometry": { "type": "Point", "coordinates": [ 141.3425, 43.0738 ] } },
{ "type": "Feature", "properties": { "decimalLatitude": 22.2061, "decimalLongitude": 114.04, "month": 8, "species_sci": "Corvus macrorhynchos", "species_com": "Large-billed Crow / Hashibutogarasu" }, "geometry": { "type": "Point", "coordinates": [ 114.04, 22.2061 ] } },
{ "type": "Feature", "properties": { "decimalLatitude": 0.3314, "decimalLongitude": 102.7239, "month": 8, "species_sci": "Corvus macrorhynchos", "species_com": "Large-billed Crow / Hashibutogarasu" }, "geometry": { "type": "Point", "coordinates": [ 102.7239, 0.3314 ] } },
{ "type": "Feature", "properties": { "decimalLatitude": 35.0543, "decimalLongitude": 135.7734, "month": 8, "species_sci": "Corvus macrorhynchos", "species_com": "Large-billed Crow / Hashibutogarasu" }, "geometry": { "type": "Point", "coordinates": [ 135.7734, 35.0543 ] } },
{ "type": "Feature", "properties": { "decimalLatitude": 45.3705, "decimalLongitude": 141.0232, "month": 8, "species_sci": "Corvus macrorhynchos", "species_com": "Large-billed Crow / Hashibutogarasu" }, "geometry": { "type": "Point", "coordinates": [ 141.0232, 45.3705 ] } },
{ "type": "Feature", "properties": { "decimalLatitude": 22.4078, "decimalLongitude": 113.9492, "month": 8, "species_sci": "Corvus macrorhynchos", "species_com": "Large-billed Crow / Hashibutogarasu" }, "geometry": { "type": "Point", "coordinates": [ 113.9492, 22.4078 ] } },
{ "type": "Feature", "properties": { "decimalLatitude": -9.6606, "decimalLongitude": 119.8305, "month": 8, "species_sci": "Corvus macrorhynchos", "species_com": "Large-billed Crow / Hashibutogarasu" }, "geometry": { "type": "Point", "coordinates": [ 119.8305, -9.6606 ] } },
{ "type": "Feature", "properties": { "decimalLatitude": 23.8432, "decimalLongitude": 91.2657, "month": 8, "species_sci": "Corvus macrorhynchos", "species_com": "Large-billed Crow / Hashibutogarasu" }, "geometry": { "type": "Point", "coordinates": [ 91.2657, 23.8432 ] } },
{ "type": "Feature", "properties": { "decimalLatitude": 34.6134, "decimalLongitude": 135.5551, "month": 8, "species_sci": "Corvus macrorhynchos", "species_com": "Large-billed Crow / Hashibutogarasu" }, "geometry": { "type": "Point", "coordinates": [ 135.5551, 34.6134 ] } },
{ "type": "Feature", "properties": { "decimalLatitude": 43.1943, "decimalLongitude": 141.0062, "month": 8, "species_sci": "Corvus macrorhynchos", "species_com": "Large-billed Crow / Hashibutogarasu" }, "geometry": { "type": "Point", "coordinates": [ 141.0062, 43.1943 ] } },
{ "type": "Feature", "properties": { "decimalLatitude": 37.4851, "decimalLongitude": 127.0171, "month": 8, "species_sci": "Corvus macrorhynchos", "species_com": "Large-billed Crow / Hashibutogarasu" }, "geometry": { "type": "Point", "coordinates": [ 127.0171, 37.4851 ] } },
{ "type": "Feature", "properties": { "decimalLatitude": 0.4837, "decimalLongitude": 102.7071, "month": 8, "species_sci": "Corvus macrorhynchos", "species_com": "Large-billed Crow / Hashibutogarasu" }, "geometry": { "type": "Point", "coordinates": [ 102.7071, 0.4837 ] } },
{ "type": "Feature", "properties": { "decimalLatitude": 37.632, "decimalLongitude": 126.4842, "month": 8, "species_sci": "Corvus macrorhynchos", "species_com": "Large-billed Crow / Hashibutogarasu" }, "geometry": { "type": "Point", "coordinates": [ 126.4842, 37.632 ] } },
{ "type": "Feature", "properties": { "decimalLatitude": 17.9215, "decimalLongitude": 73.7425, "month": 8, "species_sci": "Corvus macrorhynchos", "species_com": "Large-billed Crow / Hashibutogarasu" }, "geometry": { "type": "Point", "coordinates": [ 73.7425, 17.9215 ] } },
{ "type": "Feature", "properties": { "decimalLatitude": 11.0681, "decimalLongitude": 76.9164, "month": 8, "species_sci": "Corvus macrorhynchos", "species_com": "Large-billed Crow / Hashibutogarasu" }, "geometry": { "type": "Point", "coordinates": [ 76.9164, 11.0681 ] } },
{ "type": "Feature", "properties": { "decimalLatitude": 22.3012, "decimalLongitude": 114.2539, "month": 8, "species_sci": "Corvus macrorhynchos", "species_com": "Large-billed Crow / Hashibutogarasu" }, "geometry": { "type": "Point", "coordinates": [ 114.2539, 22.3012 ] } },
{ "type": "Feature", "properties": { "decimalLatitude": 27.7, "decimalLongitude": 85.39, "month": 8, "species_sci": "Corvus macrorhynchos", "species_com": "Large-billed Crow / Hashibutogarasu" }, "geometry": { "type": "Point", "coordinates": [ 85.39, 27.7 ] } },
{ "type": "Feature", "properties": { "decimalLatitude": 13.5812, "decimalLongitude": 100.5904, "month": 8, "species_sci": "Corvus macrorhynchos", "species_com": "Large-billed Crow / Hashibutogarasu" }, "geometry": { "type": "Point", "coordinates": [ 100.5904, 13.5812 ] } },
{ "type": "Feature", "properties": { "decimalLatitude": 34.9174, "decimalLongitude": 135.7553, "month": 8, "species_sci": "Corvus macrorhynchos", "species_com": "Large-billed Crow / Hashibutogarasu" }, "geometry": { "type": "Point", "coordinates": [ 135.7553, 34.9174 ] } },
{ "type": "Feature", "properties": { "decimalLatitude": 11.6887, "decimalLongitude": 77.9771, "month": 8, "species_sci": "Corvus macrorhynchos", "species_com": "Large-billed Crow / Hashibutogarasu" }, "geometry": { "type": "Point", "coordinates": [ 77.9771, 11.6887 ] } },
{ "type": "Feature", "properties": { "decimalLatitude": 35.2748, "decimalLongitude": 137.014, "month": 8, "species_sci": "Corvus macrorhynchos", "species_com": "Large-billed Crow / Hashibutogarasu" }, "geometry": { "type": "Point", "coordinates": [ 137.014, 35.2748 ] } },
{ "type": "Feature", "properties": { "decimalLatitude": 39.9263, "decimalLongitude": 116.4915, "month": 8, "species_sci": "Corvus macrorhynchos", "species_com": "Large-billed Crow / Hashibutogarasu" }, "geometry": { "type": "Point", "coordinates": [ 116.4915, 39.9263 ] } },
{ "type": "Feature", "properties": { "decimalLatitude": 36.8863, "decimalLongitude": 126.2025, "month": 8, "species_sci": "Corvus macrorhynchos", "species_com": "Large-billed Crow / Hashibutogarasu" }, "geometry": { "type": "Point", "coordinates": [ 126.2025, 36.8863 ] } },
{ "type": "Feature", "properties": { "decimalLatitude": 10.8569, "decimalLongitude": 76.7257, "month": 8, "species_sci": "Corvus macrorhynchos", "species_com": "Large-billed Crow / Hashibutogarasu" }, "geometry": { "type": "Point", "coordinates": [ 76.7257, 10.8569 ] } },
{ "type": "Feature", "properties": { "decimalLatitude": 15.1434, "decimalLongitude": 98.4499, "month": 8, "species_sci": "Corvus macrorhynchos", "species_com": "Large-billed Crow / Hashibutogarasu" }, "geometry": { "type": "Point", "coordinates": [ 98.4499, 15.1434 ] } },
{ "type": "Feature", "properties": { "decimalLatitude": 18.5267, "decimalLongitude": 73.8393, "month": 8, "species_sci": "Corvus macrorhynchos", "species_com": "Large-billed Crow / Hashibutogarasu" }, "geometry": { "type": "Point", "coordinates": [ 73.8393, 18.5267 ] } },
{ "type": "Feature", "properties": { "decimalLatitude": 13.0522, "decimalLongitude": 80.2761, "month": 8, "species_sci": "Corvus macrorhynchos", "species_com": "Large-billed Crow / Hashibutogarasu" }, "geometry": { "type": "Point", "coordinates": [ 80.2761, 13.0522 ] } },
{ "type": "Feature", "properties": { "decimalLatitude": 10.8882, "decimalLongitude": 76.0821, "month": 8, "species_sci": "Corvus macrorhynchos", "species_com": "Large-billed Crow / Hashibutogarasu" }, "geometry": { "type": "Point", "coordinates": [ 76.0821, 10.8882 ] } },
{ "type": "Feature", "properties": { "decimalLatitude": 24.4499, "decimalLongitude": 123.8172, "month": 8, "species_sci": "Corvus macrorhynchos", "species_com": "Large-billed Crow / Hashibutogarasu" }, "geometry": { "type": "Point", "coordinates": [ 123.8172, 24.4499 ] } },
{ "type": "Feature", "properties": { "decimalLatitude": 19.1957, "decimalLongitude": 72.9084, "month": 8, "species_sci": "Corvus macrorhynchos", "species_com": "Large-billed Crow / Hashibutogarasu" }, "geometry": { "type": "Point", "coordinates": [ 72.9084, 19.1957 ] } },
{ "type": "Feature", "properties": { "decimalLatitude": 34.9693, "decimalLongitude": 135.784, "month": 8, "species_sci": "Corvus macrorhynchos", "species_com": "Large-billed Crow / Hashibutogarasu" }, "geometry": { "type": "Point", "coordinates": [ 135.784, 34.9693 ] } },
{ "type": "Feature", "properties": { "decimalLatitude": 4.4711, "decimalLongitude": 101.3707, "month": 8, "species_sci": "Corvus macrorhynchos", "species_com": "Large-billed Crow / Hashibutogarasu" }, "geometry": { "type": "Point", "coordinates": [ 101.3707, 4.4711 ] } },
{ "type": "Feature", "properties": { "decimalLatitude": 35.6339, "decimalLongitude": 139.4616, "month": 8, "species_sci": "Corvus macrorhynchos", "species_com": "Large-billed Crow / Hashibutogarasu" }, "geometry": { "type": "Point", "coordinates": [ 139.4616, 35.6339 ] } },
{ "type": "Feature", "properties": { "decimalLatitude": 35.7147, "decimalLongitude": 139.7755, "month": 8, "species_sci": "Corvus macrorhynchos", "species_com": "Large-billed Crow / Hashibutogarasu" }, "geometry": { "type": "Point", "coordinates": [ 139.7755, 35.7147 ] } },
{ "type": "Feature", "properties": { "decimalLatitude": 26.2725, "decimalLongitude": 127.7075, "month": 8, "species_sci": "Corvus macrorhynchos", "species_com": "Large-billed Crow / Hashibutogarasu" }, "geometry": { "type": "Point", "coordinates": [ 127.7075, 26.2725 ] } },
{ "type": "Feature", "properties": { "decimalLatitude": 34.7125, "decimalLongitude": 135.5759, "month": 8, "species_sci": "Corvus macrorhynchos", "species_com": "Large-billed Crow / Hashibutogarasu" }, "geometry": { "type": "Point", "coordinates": [ 135.5759, 34.7125 ] } },
{ "type": "Feature", "properties": { "decimalLatitude": 13.9866, "decimalLongitude": 99.7813, "month": 8, "species_sci": "Corvus macrorhynchos", "species_com": "Large-billed Crow / Hashibutogarasu" }, "geometry": { "type": "Point", "coordinates": [ 99.7813, 13.9866 ] } },
{ "type": "Feature", "properties": { "decimalLatitude": 33.5057, "decimalLongitude": 126.5326, "month": 8, "species_sci": "Corvus macrorhynchos", "species_com": "Large-billed Crow / Hashibutogarasu" }, "geometry": { "type": "Point", "coordinates": [ 126.5326, 33.5057 ] } },
{ "type": "Feature", "properties": { "decimalLatitude": 35.7174, "decimalLongitude": 139.7771, "month": 8, "species_sci": "Corvus macrorhynchos", "species_com": "Large-billed Crow / Hashibutogarasu" }, "geometry": { "type": "Point", "coordinates": [ 139.7771, 35.7174 ] } },
{ "type": "Feature", "properties": { "decimalLatitude": 12.9756, "decimalLongitude": 77.6878, "month": 8, "species_sci": "Corvus macrorhynchos", "species_com": "Large-billed Crow / Hashibutogarasu" }, "geometry": { "type": "Point", "coordinates": [ 77.6878, 12.9756 ] } },
{ "type": "Feature", "properties": { "decimalLatitude": 23.8593, "decimalLongitude": 91.2567, "month": 8, "species_sci": "Corvus macrorhynchos", "species_com": "Large-billed Crow / Hashibutogarasu" }, "geometry": { "type": "Point", "coordinates": [ 91.2567, 23.8593 ] } },
{ "type": "Feature", "properties": { "decimalLatitude": 18.4957, "decimalLongitude": 73.8118, "month": 8, "species_sci": "Corvus macrorhynchos", "species_com": "Large-billed Crow / Hashibutogarasu" }, "geometry": { "type": "Point", "coordinates": [ 73.8118, 18.4957 ] } },
{ "type": "Feature", "properties": { "decimalLatitude": 6.321, "decimalLongitude": 81.4257, "month": 8, "species_sci": "Corvus macrorhynchos", "species_com": "Large-billed Crow / Hashibutogarasu" }, "geometry": { "type": "Point", "coordinates": [ 81.4257, 6.321 ] } },
{ "type": "Feature", "properties": { "decimalLatitude": 7.1778, "decimalLongitude": 79.8636, "month": 8, "species_sci": "Corvus macrorhynchos", "species_com": "Large-billed Crow / Hashibutogarasu" }, "geometry": { "type": "Point", "coordinates": [ 79.8636, 7.1778 ] } },
{ "type": "Feature", "properties": { "decimalLatitude": 10.7743, "decimalLongitude": 106.6923, "month": 8, "species_sci": "Corvus macrorhynchos", "species_com": "Large-billed Crow / Hashibutogarasu" }, "geometry": { "type": "Point", "coordinates": [ 106.6923, 10.7743 ] } },
{ "type": "Feature", "properties": { "decimalLatitude": 53.1497, "decimalLongitude": 158.4631, "month": 8, "species_sci": "Corvus macrorhynchos", "species_com": "Large-billed Crow / Hashibutogarasu" }, "geometry": { "type": "Point", "coordinates": [ 158.4631, 53.1497 ] } },
{ "type": "Feature", "properties": { "decimalLatitude": 36.4803, "decimalLongitude": 126.3594, "month": 8, "species_sci": "Corvus macrorhynchos", "species_com": "Large-billed Crow / Hashibutogarasu" }, "geometry": { "type": "Point", "coordinates": [ 126.3594, 36.4803 ] } },
{ "type": "Feature", "properties": { "decimalLatitude": 43.0271, "decimalLongitude": 131.8989, "month": 8, "species_sci": "Corvus macrorhynchos", "species_com": "Large-billed Crow / Hashibutogarasu" }, "geometry": { "type": "Point", "coordinates": [ 131.8989, 43.0271 ] } },
{ "type": "Feature", "properties": { "decimalLatitude": 10.9832, "decimalLongitude": 76.7364, "month": 8, "species_sci": "Corvus macrorhynchos", "species_com": "Large-billed Crow / Hashibutogarasu" }, "geometry": { "type": "Point", "coordinates": [ 76.7364, 10.9832 ] } },
{ "type": "Feature", "properties": { "decimalLatitude": 22.1319, "decimalLongitude": 113.552, "month": 8, "species_sci": "Corvus macrorhynchos", "species_com": "Large-billed Crow / Hashibutogarasu" }, "geometry": { "type": "Point", "coordinates": [ 113.552, 22.1319 ] } },
{ "type": "Feature", "properties": { "decimalLatitude": 35.6205, "decimalLongitude": 139.4256, "month": 8, "species_sci": "Corvus macrorhynchos", "species_com": "Large-billed Crow / Hashibutogarasu" }, "geometry": { "type": "Point", "coordinates": [ 139.4256, 35.6205 ] } },
{ "type": "Feature", "properties": { "decimalLatitude": 39.9938, "decimalLongitude": 116.3104, "month": 8, "species_sci": "Corvus macrorhynchos", "species_com": "Large-billed Crow / Hashibutogarasu" }, "geometry": { "type": "Point", "coordinates": [ 116.3104, 39.9938 ] } },
{ "type": "Feature", "properties": { "decimalLatitude": 37.9765, "decimalLongitude": 127.2746, "month": 8, "species_sci": "Corvus macrorhynchos", "species_com": "Large-billed Crow / Hashibutogarasu" }, "geometry": { "type": "Point", "coordinates": [ 127.2746, 37.9765 ] } },
{ "type": "Feature", "properties": { "decimalLatitude": 37.5554, "decimalLongitude": 126.9805, "month": 8, "species_sci": "Corvus macrorhynchos", "species_com": "Large-billed Crow / Hashibutogarasu" }, "geometry": { "type": "Point", "coordinates": [ 126.9805, 37.5554 ] } },
{ "type": "Feature", "properties": { "decimalLatitude": 36.0237, "decimalLongitude": 129.3777, "month": 8, "species_sci": "Corvus macrorhynchos", "species_com": "Large-billed Crow / Hashibutogarasu" }, "geometry": { "type": "Point", "coordinates": [ 129.3777, 36.0237 ] } },
{ "type": "Feature", "properties": { "decimalLatitude": 37.9774, "decimalLongitude": 127.2761, "month": 8, "species_sci": "Corvus macrorhynchos", "species_com": "Large-billed Crow / Hashibutogarasu" }, "geometry": { "type": "Point", "coordinates": [ 127.2761, 37.9774 ] } },
{ "type": "Feature", "properties": { "decimalLatitude": 6.831, "decimalLongitude": 80.807, "month": 8, "species_sci": "Corvus macrorhynchos", "species_com": "Large-billed Crow / Hashibutogarasu" }, "geometry": { "type": "Point", "coordinates": [ 80.807, 6.831 ] } },
{ "type": "Feature", "properties": { "decimalLatitude": 35.0108, "decimalLongitude": 135.6813, "month": 8, "species_sci": "Corvus macrorhynchos", "species_com": "Large-billed Crow / Hashibutogarasu" }, "geometry": { "type": "Point", "coordinates": [ 135.6813, 35.0108 ] } },
{ "type": "Feature", "properties": { "decimalLatitude": 17.925, "decimalLongitude": 73.7377, "month": 8, "species_sci": "Corvus macrorhynchos", "species_com": "Large-billed Crow / Hashibutogarasu" }, "geometry": { "type": "Point", "coordinates": [ 73.7377, 17.925 ] } },
{ "type": "Feature", "properties": { "decimalLatitude": 13.7394, "decimalLongitude": 100.5238, "month": 8, "species_sci": "Corvus macrorhynchos", "species_com": "Large-billed Crow / Hashibutogarasu" }, "geometry": { "type": "Point", "coordinates": [ 100.5238, 13.7394 ] } },
{ "type": "Feature", "properties": { "decimalLatitude": 35.0251, "decimalLongitude": 135.765, "month": 8, "species_sci": "Corvus macrorhynchos", "species_com": "Large-billed Crow / Hashibutogarasu" }, "geometry": { "type": "Point", "coordinates": [ 135.765, 35.0251 ] } },
{ "type": "Feature", "properties": { "decimalLatitude": 13.7122, "decimalLongitude": 100.5364, "month": 8, "species_sci": "Corvus macrorhynchos", "species_com": "Large-billed Crow / Hashibutogarasu" }, "geometry": { "type": "Point", "coordinates": [ 100.5364, 13.7122 ] } },
{ "type": "Feature", "properties": { "decimalLatitude": 10.9905, "decimalLongitude": 77.1053, "month": 8, "species_sci": "Corvus macrorhynchos", "species_com": "Large-billed Crow / Hashibutogarasu" }, "geometry": { "type": "Point", "coordinates": [ 77.1053, 10.9905 ] } },
{ "type": "Feature", "properties": { "decimalLatitude": 34.9062, "decimalLongitude": 135.7965, "month": 8, "species_sci": "Corvus macrorhynchos", "species_com": "Large-billed Crow / Hashibutogarasu" }, "geometry": { "type": "Point", "coordinates": [ 135.7965, 34.9062 ] } },
{ "type": "Feature", "properties": { "decimalLatitude": 10.7304, "decimalLongitude": 76.8912, "month": 8, "species_sci": "Corvus macrorhynchos", "species_com": "Large-billed Crow / Hashibutogarasu" }, "geometry": { "type": "Point", "coordinates": [ 76.8912, 10.7304 ] } },
{ "type": "Feature", "properties": { "decimalLatitude": 35.4447, "decimalLongitude": 139.5997, "month": 8, "species_sci": "Corvus macrorhynchos", "species_com": "Large-billed Crow / Hashibutogarasu" }, "geometry": { "type": "Point", "coordinates": [ 139.5997, 35.4447 ] } },
{ "type": "Feature", "properties": { "decimalLatitude": 34.6898, "decimalLongitude": 135.5256, "month": 8, "species_sci": "Corvus macrorhynchos", "species_com": "Large-billed Crow / Hashibutogarasu" }, "geometry": { "type": "Point", "coordinates": [ 135.5256, 34.6898 ] } },
{ "type": "Feature", "properties": { "decimalLatitude": 17.4648, "decimalLongitude": 73.1931, "month": 8, "species_sci": "Corvus macrorhynchos", "species_com": "Large-billed Crow / Hashibutogarasu" }, "geometry": { "type": "Point", "coordinates": [ 73.1931, 17.4648 ] } },
{ "type": "Feature", "properties": { "decimalLatitude": 35.5729, "decimalLongitude": 139.7166, "month": 8, "species_sci": "Corvus macrorhynchos", "species_com": "Large-billed Crow / Hashibutogarasu" }, "geometry": { "type": "Point", "coordinates": [ 139.7166, 35.5729 ] } },
{ "type": "Feature", "properties": { "decimalLatitude": 11.0681, "decimalLongitude": 76.9164, "month": 8, "species_sci": "Corvus macrorhynchos", "species_com": "Large-billed Crow / Hashibutogarasu" }, "geometry": { "type": "Point", "coordinates": [ 76.9164, 11.0681 ] } },
{ "type": "Feature", "properties": { "decimalLatitude": 35.5804, "decimalLongitude": 139.7366, "month": 8, "species_sci": "Corvus macrorhynchos", "species_com": "Large-billed Crow / Hashibutogarasu" }, "geometry": { "type": "Point", "coordinates": [ 139.7366, 35.5804 ] } },
{ "type": "Feature", "properties": { "decimalLatitude": 17.0052, "decimalLongitude": 99.3954, "month": 8, "species_sci": "Corvus macrorhynchos", "species_com": "Large-billed Crow / Hashibutogarasu" }, "geometry": { "type": "Point", "coordinates": [ 99.3954, 17.0052 ] } },
{ "type": "Feature", "properties": { "decimalLatitude": 12.9536, "decimalLongitude": 77.5292, "month": 8, "species_sci": "Corvus macrorhynchos", "species_com": "Large-billed Crow / Hashibutogarasu" }, "geometry": { "type": "Point", "coordinates": [ 77.5292, 12.9536 ] } },
{ "type": "Feature", "properties": { "decimalLatitude": -8.7232, "decimalLongitude": 115.1705, "month": 8, "species_sci": "Corvus macrorhynchos", "species_com": "Large-billed Crow / Hashibutogarasu" }, "geometry": { "type": "Point", "coordinates": [ 115.1705, -8.7232 ] } },
{ "type": "Feature", "properties": { "decimalLatitude": 12.8399, "decimalLongitude": 77.588, "month": 8, "species_sci": "Corvus macrorhynchos", "species_com": "Large-billed Crow / Hashibutogarasu" }, "geometry": { "type": "Point", "coordinates": [ 77.588, 12.8399 ] } },
{ "type": "Feature", "properties": { "decimalLatitude": 35.6154, "decimalLongitude": 139.4338, "month": 8, "species_sci": "Corvus macrorhynchos", "species_com": "Large-billed Crow / Hashibutogarasu" }, "geometry": { "type": "Point", "coordinates": [ 139.4338, 35.6154 ] } },
{ "type": "Feature", "properties": { "decimalLatitude": 17.7172, "decimalLongitude": 83.2552, "month": 8, "species_sci": "Corvus macrorhynchos", "species_com": "Large-billed Crow / Hashibutogarasu" }, "geometry": { "type": "Point", "coordinates": [ 83.2552, 17.7172 ] } },
{ "type": "Feature", "properties": { "decimalLatitude": 19.1167, "decimalLongitude": 72.8867, "month": 8, "species_sci": "Corvus macrorhynchos", "species_com": "Large-billed Crow / Hashibutogarasu" }, "geometry": { "type": "Point", "coordinates": [ 72.8867, 19.1167 ] } },
{ "type": "Feature", "properties": { "decimalLatitude": 13.0936, "decimalLongitude": 77.5786, "month": 8, "species_sci": "Corvus macrorhynchos", "species_com": "Large-billed Crow / Hashibutogarasu" }, "geometry": { "type": "Point", "coordinates": [ 77.5786, 13.0936 ] } },
{ "type": "Feature", "properties": { "decimalLatitude": 4.8705, "decimalLongitude": 102.4402, "month": 8, "species_sci": "Corvus macrorhynchos", "species_com": "Large-billed Crow / Hashibutogarasu" }, "geometry": { "type": "Point", "coordinates": [ 102.4402, 4.8705 ] } },
{ "type": "Feature", "properties": { "decimalLatitude": 24.3338, "decimalLongitude": 124.1634, "month": 8, "species_sci": "Corvus macrorhynchos", "species_com": "Large-billed Crow / Hashibutogarasu" }, "geometry": { "type": "Point", "coordinates": [ 124.1634, 24.3338 ] } },
{ "type": "Feature", "properties": { "decimalLatitude": 9.8939, "decimalLongitude": 76.749, "month": 8, "species_sci": "Corvus macrorhynchos", "species_com": "Large-billed Crow / Hashibutogarasu" }, "geometry": { "type": "Point", "coordinates": [ 76.749, 9.8939 ] } },
{ "type": "Feature", "properties": { "decimalLatitude": 13.8729, "decimalLongitude": 100.5942, "month": 8, "species_sci": "Corvus macrorhynchos", "species_com": "Large-billed Crow / Hashibutogarasu" }, "geometry": { "type": "Point", "coordinates": [ 100.5942, 13.8729 ] } },
{ "type": "Feature", "properties": { "decimalLatitude": 12.8177, "decimalLongitude": 77.5501, "month": 8, "species_sci": "Corvus macrorhynchos", "species_com": "Large-billed Crow / Hashibutogarasu" }, "geometry": { "type": "Point", "coordinates": [ 77.5501, 12.8177 ] } },
{ "type": "Feature", "properties": { "decimalLatitude": 35.6772, "decimalLongitude": 139.7478, "month": 8, "species_sci": "Corvus macrorhynchos", "species_com": "Large-billed Crow / Hashibutogarasu" }, "geometry": { "type": "Point", "coordinates": [ 139.7478, 35.6772 ] } },
{ "type": "Feature", "properties": { "decimalLatitude": 12.6145, "decimalLongitude": 80.0497, "month": 8, "species_sci": "Corvus macrorhynchos", "species_com": "Large-billed Crow / Hashibutogarasu" }, "geometry": { "type": "Point", "coordinates": [ 80.0497, 12.6145 ] } },
{ "type": "Feature", "properties": { "decimalLatitude": 12.9684, "decimalLongitude": 80.2032, "month": 8, "species_sci": "Corvus macrorhynchos", "species_com": "Large-billed Crow / Hashibutogarasu" }, "geometry": { "type": "Point", "coordinates": [ 80.2032, 12.9684 ] } },
{ "type": "Feature", "properties": { "decimalLatitude": 33.6107, "decimalLongitude": 75.4308, "month": 8, "species_sci": "Corvus macrorhynchos", "species_com": "Large-billed Crow / Hashibutogarasu" }, "geometry": { "type": "Point", "coordinates": [ 75.4308, 33.6107 ] } },
{ "type": "Feature", "properties": { "decimalLatitude": 43.1952, "decimalLongitude": 141.0012, "month": 8, "species_sci": "Corvus macrorhynchos", "species_com": "Large-billed Crow / Hashibutogarasu" }, "geometry": { "type": "Point", "coordinates": [ 141.0012, 43.1952 ] } },
{ "type": "Feature", "properties": { "decimalLatitude": 11.2752, "decimalLongitude": 77.8029, "month": 8, "species_sci": "Corvus macrorhynchos", "species_com": "Large-billed Crow / Hashibutogarasu" }, "geometry": { "type": "Point", "coordinates": [ 77.8029, 11.2752 ] } },
{ "type": "Feature", "properties": { "decimalLatitude": 13.7297, "decimalLongitude": 100.5572, "month": 8, "species_sci": "Corvus macrorhynchos", "species_com": "Large-billed Crow / Hashibutogarasu" }, "geometry": { "type": "Point", "coordinates": [ 100.5572, 13.7297 ] } },
{ "type": "Feature", "properties": { "decimalLatitude": 10.794, "decimalLongitude": 76.61, "month": 8, "species_sci": "Corvus macrorhynchos", "species_com": "Large-billed Crow / Hashibutogarasu" }, "geometry": { "type": "Point", "coordinates": [ 76.61, 10.794 ] } },
{ "type": "Feature", "properties": { "decimalLatitude": 18.5093, "decimalLongitude": 73.8478, "month": 8, "species_sci": "Corvus macrorhynchos", "species_com": "Large-billed Crow / Hashibutogarasu" }, "geometry": { "type": "Point", "coordinates": [ 73.8478, 18.5093 ] } },
{ "type": "Feature", "properties": { "decimalLatitude": 27.3935, "decimalLongitude": 113.996, "month": 8, "species_sci": "Corvus macrorhynchos", "species_com": "Large-billed Crow / Hashibutogarasu" }, "geometry": { "type": "Point", "coordinates": [ 113.996, 27.3935 ] } },
{ "type": "Feature", "properties": { "decimalLatitude": 12.839, "decimalLongitude": 80.2105, "month": 8, "species_sci": "Corvus macrorhynchos", "species_com": "Large-billed Crow / Hashibutogarasu" }, "geometry": { "type": "Point", "coordinates": [ 80.2105, 12.839 ] } },
{ "type": "Feature", "properties": { "decimalLatitude": 35.6243, "decimalLongitude": 139.7264, "month": 8, "species_sci": "Corvus macrorhynchos", "species_com": "Large-billed Crow / Hashibutogarasu" }, "geometry": { "type": "Point", "coordinates": [ 139.7264, 35.6243 ] } },
{ "type": "Feature", "properties": { "decimalLatitude": 27.7, "decimalLongitude": 85.39, "month": 8, "species_sci": "Corvus macrorhynchos", "species_com": "Large-billed Crow / Hashibutogarasu" }, "geometry": { "type": "Point", "coordinates": [ 85.39, 27.7 ] } },
{ "type": "Feature", "properties": { "decimalLatitude": 35.364, "decimalLongitude": 129.014, "month": 8, "species_sci": "Corvus macrorhynchos", "species_com": "Large-billed Crow / Hashibutogarasu" }, "geometry": { "type": "Point", "coordinates": [ 129.014, 35.364 ] } },
{ "type": "Feature", "properties": { "decimalLatitude": 24.9126, "decimalLongitude": 121.5459, "month": 8, "species_sci": "Corvus macrorhynchos", "species_com": "Large-billed Crow / Hashibutogarasu" }, "geometry": { "type": "Point", "coordinates": [ 121.5459, 24.9126 ] } },
{ "type": "Feature", "properties": { "decimalLatitude": 20.7544, "decimalLongitude": 73.4999, "month": 8, "species_sci": "Corvus macrorhynchos", "species_com": "Large-billed Crow / Hashibutogarasu" }, "geometry": { "type": "Point", "coordinates": [ 73.4999, 20.7544 ] } },
{ "type": "Feature", "properties": { "decimalLatitude": 36.8871, "decimalLongitude": 126.8987, "month": 8, "species_sci": "Corvus macrorhynchos", "species_com": "Large-billed Crow / Hashibutogarasu" }, "geometry": { "type": "Point", "coordinates": [ 126.8987, 36.8871 ] } },
{ "type": "Feature", "properties": { "decimalLatitude": 18.9772, "decimalLongitude": 72.8096, "month": 8, "species_sci": "Corvus macrorhynchos", "species_com": "Large-billed Crow / Hashibutogarasu" }, "geometry": { "type": "Point", "coordinates": [ 72.8096, 18.9772 ] } },
{ "type": "Feature", "properties": { "decimalLatitude": 17.6258, "decimalLongitude": 83.1829, "month": 8, "species_sci": "Corvus macrorhynchos", "species_com": "Large-billed Crow / Hashibutogarasu" }, "geometry": { "type": "Point", "coordinates": [ 83.1829, 17.6258 ] } },
{ "type": "Feature", "properties": { "decimalLatitude": 2.2999, "decimalLongitude": 103.6554, "month": 8, "species_sci": "Corvus macrorhynchos", "species_com": "Large-billed Crow / Hashibutogarasu" }, "geometry": { "type": "Point", "coordinates": [ 103.6554, 2.2999 ] } },
{ "type": "Feature", "properties": { "decimalLatitude": 36.366, "decimalLongitude": 138.5975, "month": 8, "species_sci": "Corvus macrorhynchos", "species_com": "Large-billed Crow / Hashibutogarasu" }, "geometry": { "type": "Point", "coordinates": [ 138.5975, 36.366 ] } },
{ "type": "Feature", "properties": { "decimalLatitude": 1.2827, "decimalLongitude": 103.8685, "month": 8, "species_sci": "Corvus macrorhynchos", "species_com": "Large-billed Crow / Hashibutogarasu" }, "geometry": { "type": "Point", "coordinates": [ 103.8685, 1.2827 ] } },
{ "type": "Feature", "properties": { "decimalLatitude": 10.9782, "decimalLongitude": 77.1076, "month": 8, "species_sci": "Corvus macrorhynchos", "species_com": "Large-billed Crow / Hashibutogarasu" }, "geometry": { "type": "Point", "coordinates": [ 77.1076, 10.9782 ] } },
{ "type": "Feature", "properties": { "decimalLatitude": 13.0139, "decimalLongitude": 80.2044, "month": 8, "species_sci": "Corvus macrorhynchos", "species_com": "Large-billed Crow / Hashibutogarasu" }, "geometry": { "type": "Point", "coordinates": [ 80.2044, 13.0139 ] } },
{ "type": "Feature", "properties": { "decimalLatitude": 11.6602, "decimalLongitude": 76.926, "month": 8, "species_sci": "Corvus macrorhynchos", "species_com": "Large-billed Crow / Hashibutogarasu" }, "geometry": { "type": "Point", "coordinates": [ 76.926, 11.6602 ] } },
{ "type": "Feature", "properties": { "decimalLatitude": 20.8337, "decimalLongitude": 73.6837, "month": 8, "species_sci": "Corvus macrorhynchos", "species_com": "Large-billed Crow / Hashibutogarasu" }, "geometry": { "type": "Point", "coordinates": [ 73.6837, 20.8337 ] } },
{ "type": "Feature", "properties": { "decimalLatitude": 34.9698, "decimalLongitude": 135.7795, "month": 8, "species_sci": "Corvus macrorhynchos", "species_com": "Large-billed Crow / Hashibutogarasu" }, "geometry": { "type": "Point", "coordinates": [ 135.7795, 34.9698 ] } },
{ "type": "Feature", "properties": { "decimalLatitude": 24.0625, "decimalLongitude": 120.962, "month": 8, "species_sci": "Corvus macrorhynchos", "species_com": "Large-billed Crow / Hashibutogarasu" }, "geometry": { "type": "Point", "coordinates": [ 120.962, 24.0625 ] } },
{ "type": "Feature", "properties": { "decimalLatitude": 13.7484, "decimalLongitude": 100.4949, "month": 8, "species_sci": "Corvus macrorhynchos", "species_com": "Large-billed Crow / Hashibutogarasu" }, "geometry": { "type": "Point", "coordinates": [ 100.4949, 13.7484 ] } },
{ "type": "Feature", "properties": { "decimalLatitude": 13.7924, "decimalLongitude": 100.3225, "month": 8, "species_sci": "Corvus macrorhynchos", "species_com": "Large-billed Crow / Hashibutogarasu" }, "geometry": { "type": "Point", "coordinates": [ 100.3225, 13.7924 ] } },
{ "type": "Feature", "properties": { "decimalLatitude": 34.9924, "decimalLongitude": 135.685, "month": 8, "species_sci": "Corvus macrorhynchos", "species_com": "Large-billed Crow / Hashibutogarasu" }, "geometry": { "type": "Point", "coordinates": [ 135.685, 34.9924 ] } },
{ "type": "Feature", "properties": { "decimalLatitude": 13.043, "decimalLongitude": 80.2655, "month": 8, "species_sci": "Corvus macrorhynchos", "species_com": "Large-billed Crow / Hashibutogarasu" }, "geometry": { "type": "Point", "coordinates": [ 80.2655, 13.043 ] } },
{ "type": "Feature", "properties": { "decimalLatitude": 22.4453, "decimalLongitude": 114.1374, "month": 8, "species_sci": "Corvus macrorhynchos", "species_com": "Large-billed Crow / Hashibutogarasu" }, "geometry": { "type": "Point", "coordinates": [ 114.1374, 22.4453 ] } },
{ "type": "Feature", "properties": { "decimalLatitude": 7.2082, "decimalLongitude": 79.8356, "month": 8, "species_sci": "Corvus macrorhynchos", "species_com": "Large-billed Crow / Hashibutogarasu" }, "geometry": { "type": "Point", "coordinates": [ 79.8356, 7.2082 ] } },
{ "type": "Feature", "properties": { "decimalLatitude": 36.4874, "decimalLongitude": 126.3751, "month": 8, "species_sci": "Corvus macrorhynchos", "species_com": "Large-billed Crow / Hashibutogarasu" }, "geometry": { "type": "Point", "coordinates": [ 126.3751, 36.4874 ] } },
{ "type": "Feature", "properties": { "decimalLatitude": 11.673, "decimalLongitude": 78.1517, "month": 8, "species_sci": "Corvus macrorhynchos", "species_com": "Large-billed Crow / Hashibutogarasu" }, "geometry": { "type": "Point", "coordinates": [ 78.1517, 11.673 ] } },
{ "type": "Feature", "properties": { "decimalLatitude": 1.2812, "decimalLongitude": 103.8616, "month": 8, "species_sci": "Corvus macrorhynchos", "species_com": "Large-billed Crow / Hashibutogarasu" }, "geometry": { "type": "Point", "coordinates": [ 103.8616, 1.2812 ] } },
{ "type": "Feature", "properties": { "decimalLatitude": 18.0571, "decimalLongitude": 82.6762, "month": 8, "species_sci": "Corvus macrorhynchos", "species_com": "Large-billed Crow / Hashibutogarasu" }, "geometry": { "type": "Point", "coordinates": [ 82.6762, 18.0571 ] } },
{ "type": "Feature", "properties": { "decimalLatitude": 11.0222, "decimalLongitude": 77.1642, "month": 8, "species_sci": "Corvus macrorhynchos", "species_com": "Large-billed Crow / Hashibutogarasu" }, "geometry": { "type": "Point", "coordinates": [ 77.1642, 11.0222 ] } },
{ "type": "Feature", "properties": { "decimalLatitude": 11.0925, "decimalLongitude": 76.7866, "month": 8, "species_sci": "Corvus macrorhynchos", "species_com": "Large-billed Crow / Hashibutogarasu" }, "geometry": { "type": "Point", "coordinates": [ 76.7866, 11.0925 ] } },
{ "type": "Feature", "properties": { "decimalLatitude": 35.0036, "decimalLongitude": 135.7798, "month": 8, "species_sci": "Corvus macrorhynchos", "species_com": "Large-billed Crow / Hashibutogarasu" }, "geometry": { "type": "Point", "coordinates": [ 135.7798, 35.0036 ] } },
{ "type": "Feature", "properties": { "decimalLatitude": 1.3731, "decimalLongitude": 103.7403, "month": 8, "species_sci": "Corvus macrorhynchos", "species_com": "Large-billed Crow / Hashibutogarasu" }, "geometry": { "type": "Point", "coordinates": [ 103.7403, 1.3731 ] } },
{ "type": "Feature", "properties": { "decimalLatitude": 11.0925, "decimalLongitude": 76.7866, "month": 8, "species_sci": "Corvus macrorhynchos", "species_com": "Large-billed Crow / Hashibutogarasu" }, "geometry": { "type": "Point", "coordinates": [ 76.7866, 11.0925 ] } },
{ "type": "Feature", "properties": { "decimalLatitude": 22.3057, "decimalLongitude": 114.0148, "month": 8, "species_sci": "Corvus macrorhynchos", "species_com": "Large-billed Crow / Hashibutogarasu" }, "geometry": { "type": "Point", "coordinates": [ 114.0148, 22.3057 ] } },
{ "type": "Feature", "properties": { "decimalLatitude": 36.9671, "decimalLongitude": 139.8338, "month": 8, "species_sci": "Corvus macrorhynchos", "species_com": "Large-billed Crow / Hashibutogarasu" }, "geometry": { "type": "Point", "coordinates": [ 139.8338, 36.9671 ] } },
{ "type": "Feature", "properties": { "decimalLatitude": 17.765, "decimalLongitude": 83.2945, "month": 8, "species_sci": "Corvus macrorhynchos", "species_com": "Large-billed Crow / Hashibutogarasu" }, "geometry": { "type": "Point", "coordinates": [ 83.2945, 17.765 ] } },
{ "type": "Feature", "properties": { "decimalLatitude": 13.7297, "decimalLongitude": 100.5572, "month": 8, "species_sci": "Corvus macrorhynchos", "species_com": "Large-billed Crow / Hashibutogarasu" }, "geometry": { "type": "Point", "coordinates": [ 100.5572, 13.7297 ] } },
{ "type": "Feature", "properties": { "decimalLatitude": 35.6694, "decimalLongitude": 139.65, "month": 8, "species_sci": "Corvus macrorhynchos", "species_com": "Large-billed Crow / Hashibutogarasu" }, "geometry": { "type": "Point", "coordinates": [ 139.65, 35.6694 ] } },
{ "type": "Feature", "properties": { "decimalLatitude": 36.48, "decimalLongitude": 126.3406, "month": 8, "species_sci": "Corvus macrorhynchos", "species_com": "Large-billed Crow / Hashibutogarasu" }, "geometry": { "type": "Point", "coordinates": [ 126.3406, 36.48 ] } },
{ "type": "Feature", "properties": { "decimalLatitude": 4.1882, "decimalLongitude": 73.5263, "month": 8, "species_sci": "Corvus macrorhynchos", "species_com": "Large-billed Crow / Hashibutogarasu" }, "geometry": { "type": "Point", "coordinates": [ 73.5263, 4.1882 ] } },
{ "type": "Feature", "properties": { "decimalLatitude": 16.4603, "decimalLongitude": 102.8069, "month": 8, "species_sci": "Corvus macrorhynchos", "species_com": "Large-billed Crow / Hashibutogarasu" }, "geometry": { "type": "Point", "coordinates": [ 102.8069, 16.4603 ] } },
{ "type": "Feature", "properties": { "decimalLatitude": 18.8714, "decimalLongitude": 72.9205, "month": 8, "species_sci": "Corvus macrorhynchos", "species_com": "Large-billed Crow / Hashibutogarasu" }, "geometry": { "type": "Point", "coordinates": [ 72.9205, 18.8714 ] } },
{ "type": "Feature", "properties": { "decimalLatitude": 10.1406, "decimalLongitude": 76.2251, "month": 8, "species_sci": "Corvus macrorhynchos", "species_com": "Large-billed Crow / Hashibutogarasu" }, "geometry": { "type": "Point", "coordinates": [ 76.2251, 10.1406 ] } },
{ "type": "Feature", "properties": { "decimalLatitude": 20.7544, "decimalLongitude": 73.4999, "month": 8, "species_sci": "Corvus macrorhynchos", "species_com": "Large-billed Crow / Hashibutogarasu" }, "geometry": { "type": "Point", "coordinates": [ 73.4999, 20.7544 ] } },
{ "type": "Feature", "properties": { "decimalLatitude": 33.6031, "decimalLongitude": 75.3963, "month": 8, "species_sci": "Corvus macrorhynchos", "species_com": "Large-billed Crow / Hashibutogarasu" }, "geometry": { "type": "Point", "coordinates": [ 75.3963, 33.6031 ] } },
{ "type": "Feature", "properties": { "decimalLatitude": 35.5446, "decimalLongitude": 139.4461, "month": 8, "species_sci": "Corvus macrorhynchos", "species_com": "Large-billed Crow / Hashibutogarasu" }, "geometry": { "type": "Point", "coordinates": [ 139.4461, 35.5446 ] } },
{ "type": "Feature", "properties": { "decimalLatitude": 38.2364, "decimalLongitude": 140.9699, "month": 8, "species_sci": "Corvus macrorhynchos", "species_com": "Large-billed Crow / Hashibutogarasu" }, "geometry": { "type": "Point", "coordinates": [ 140.9699, 38.2364 ] } },
{ "type": "Feature", "properties": { "decimalLatitude": 7.288, "decimalLongitude": 80.6458, "month": 8, "species_sci": "Corvus macrorhynchos", "species_com": "Large-billed Crow / Hashibutogarasu" }, "geometry": { "type": "Point", "coordinates": [ 80.6458, 7.288 ] } },
{ "type": "Feature", "properties": { "decimalLatitude": 20.525, "decimalLongitude": 75.7486, "month": 9, "species_sci": "Corvus macrorhynchos", "species_com": "Large-billed Crow / Hashibutogarasu" }, "geometry": { "type": "Point", "coordinates": [ 75.7486, 20.525 ] } },
{ "type": "Feature", "properties": { "decimalLatitude": 13.0522, "decimalLongitude": 80.2761, "month": 9, "species_sci": "Corvus macrorhynchos", "species_com": "Large-billed Crow / Hashibutogarasu" }, "geometry": { "type": "Point", "coordinates": [ 80.2761, 13.0522 ] } },
{ "type": "Feature", "properties": { "decimalLatitude": 37.4358, "decimalLongitude": 127.1837, "month": 9, "species_sci": "Corvus macrorhynchos", "species_com": "Large-billed Crow / Hashibutogarasu" }, "geometry": { "type": "Point", "coordinates": [ 127.1837, 37.4358 ] } },
{ "type": "Feature", "properties": { "decimalLatitude": 24.9677, "decimalLongitude": 121.5965, "month": 9, "species_sci": "Corvus macrorhynchos", "species_com": "Large-billed Crow / Hashibutogarasu" }, "geometry": { "type": "Point", "coordinates": [ 121.5965, 24.9677 ] } },
{ "type": "Feature", "properties": { "decimalLatitude": 22.1986, "decimalLongitude": 114.0215, "month": 9, "species_sci": "Corvus macrorhynchos", "species_com": "Large-billed Crow / Hashibutogarasu" }, "geometry": { "type": "Point", "coordinates": [ 114.0215, 22.1986 ] } },
{ "type": "Feature", "properties": { "decimalLatitude": 28.4907, "decimalLongitude": 83.0668, "month": 9, "species_sci": "Corvus macrorhynchos", "species_com": "Large-billed Crow / Hashibutogarasu" }, "geometry": { "type": "Point", "coordinates": [ 83.0668, 28.4907 ] } },
{ "type": "Feature", "properties": { "decimalLatitude": 14.6031, "decimalLongitude": 102.0546, "month": 9, "species_sci": "Corvus macrorhynchos", "species_com": "Large-billed Crow / Hashibutogarasu" }, "geometry": { "type": "Point", "coordinates": [ 102.0546, 14.6031 ] } },
{ "type": "Feature", "properties": { "decimalLatitude": 13.7279, "decimalLongitude": 100.5421, "month": 9, "species_sci": "Corvus macrorhynchos", "species_com": "Large-billed Crow / Hashibutogarasu" }, "geometry": { "type": "Point", "coordinates": [ 100.5421, 13.7279 ] } },
{ "type": "Feature", "properties": { "decimalLatitude": 20.525, "decimalLongitude": 75.7486, "month": 9, "species_sci": "Corvus macrorhynchos", "species_com": "Large-billed Crow / Hashibutogarasu" }, "geometry": { "type": "Point", "coordinates": [ 75.7486, 20.525 ] } },
{ "type": "Feature", "properties": { "decimalLatitude": 35.6553, "decimalLongitude": 139.7486, "month": 9, "species_sci": "Corvus macrorhynchos", "species_com": "Large-billed Crow / Hashibutogarasu" }, "geometry": { "type": "Point", "coordinates": [ 139.7486, 35.6553 ] } },
{ "type": "Feature", "properties": { "decimalLatitude": 8.1179, "decimalLongitude": 98.6213, "month": 9, "species_sci": "Corvus macrorhynchos", "species_com": "Large-billed Crow / Hashibutogarasu" }, "geometry": { "type": "Point", "coordinates": [ 98.6213, 8.1179 ] } },
{ "type": "Feature", "properties": { "decimalLatitude": 24.9125, "decimalLongitude": 121.5472, "month": 9, "species_sci": "Corvus macrorhynchos", "species_com": "Large-billed Crow / Hashibutogarasu" }, "geometry": { "type": "Point", "coordinates": [ 121.5472, 24.9125 ] } },
{ "type": "Feature", "properties": { "decimalLatitude": 22.4906, "decimalLongitude": 114.0436, "month": 9, "species_sci": "Corvus macrorhynchos", "species_com": "Large-billed Crow / Hashibutogarasu" }, "geometry": { "type": "Point", "coordinates": [ 114.0436, 22.4906 ] } },
{ "type": "Feature", "properties": { "decimalLatitude": 13.8079, "decimalLongitude": 100.5499, "month": 9, "species_sci": "Corvus macrorhynchos", "species_com": "Large-billed Crow / Hashibutogarasu" }, "geometry": { "type": "Point", "coordinates": [ 100.5499, 13.8079 ] } },
{ "type": "Feature", "properties": { "decimalLatitude": 11.0681, "decimalLongitude": 76.9164, "month": 9, "species_sci": "Corvus macrorhynchos", "species_com": "Large-billed Crow / Hashibutogarasu" }, "geometry": { "type": "Point", "coordinates": [ 76.9164, 11.0681 ] } },
{ "type": "Feature", "properties": { "decimalLatitude": 11.3336, "decimalLongitude": 76.8111, "month": 9, "species_sci": "Corvus macrorhynchos", "species_com": "Large-billed Crow / Hashibutogarasu" }, "geometry": { "type": "Point", "coordinates": [ 76.8111, 11.3336 ] } },
{ "type": "Feature", "properties": { "decimalLatitude": 37.5636, "decimalLongitude": 126.97, "month": 9, "species_sci": "Corvus macrorhynchos", "species_com": "Large-billed Crow / Hashibutogarasu" }, "geometry": { "type": "Point", "coordinates": [ 126.97, 37.5636 ] } },
{ "type": "Feature", "properties": { "decimalLatitude": -8.6549, "decimalLongitude": 119.7114, "month": 9, "species_sci": "Corvus macrorhynchos", "species_com": "Large-billed Crow / Hashibutogarasu" }, "geometry": { "type": "Point", "coordinates": [ 119.7114, -8.6549 ] } },
{ "type": "Feature", "properties": { "decimalLatitude": 35.6087, "decimalLongitude": 139.3959, "month": 9, "species_sci": "Corvus macrorhynchos", "species_com": "Large-billed Crow / Hashibutogarasu" }, "geometry": { "type": "Point", "coordinates": [ 139.3959, 35.6087 ] } },
{ "type": "Feature", "properties": { "decimalLatitude": 29.6811, "decimalLongitude": 102.9964, "month": 9, "species_sci": "Corvus macrorhynchos", "species_com": "Large-billed Crow / Hashibutogarasu" }, "geometry": { "type": "Point", "coordinates": [ 102.9964, 29.6811 ] } },
{ "type": "Feature", "properties": { "decimalLatitude": 35.0504, "decimalLongitude": 135.7582, "month": 9, "species_sci": "Corvus macrorhynchos", "species_com": "Large-billed Crow / Hashibutogarasu" }, "geometry": { "type": "Point", "coordinates": [ 135.7582, 35.0504 ] } },
{ "type": "Feature", "properties": { "decimalLatitude": 6.4551, "decimalLongitude": 81.61, "month": 9, "species_sci": "Corvus macrorhynchos", "species_com": "Large-billed Crow / Hashibutogarasu" }, "geometry": { "type": "Point", "coordinates": [ 81.61, 6.4551 ] } },
{ "type": "Feature", "properties": { "decimalLatitude": 21.768, "decimalLongitude": 79.7982, "month": 9, "species_sci": "Corvus macrorhynchos", "species_com": "Large-billed Crow / Hashibutogarasu" }, "geometry": { "type": "Point", "coordinates": [ 79.7982, 21.768 ] } },
{ "type": "Feature", "properties": { "decimalLatitude": 34.7374, "decimalLongitude": 135.7078, "month": 9, "species_sci": "Corvus macrorhynchos", "species_com": "Large-billed Crow / Hashibutogarasu" }, "geometry": { "type": "Point", "coordinates": [ 135.7078, 34.7374 ] } },
{ "type": "Feature", "properties": { "decimalLatitude": 35.6383, "decimalLongitude": 139.4372, "month": 9, "species_sci": "Corvus macrorhynchos", "species_com": "Large-billed Crow / Hashibutogarasu" }, "geometry": { "type": "Point", "coordinates": [ 139.4372, 35.6383 ] } },
{ "type": "Feature", "properties": { "decimalLatitude": 35.2025, "decimalLongitude": 139.649, "month": 9, "species_sci": "Corvus macrorhynchos", "species_com": "Large-billed Crow / Hashibutogarasu" }, "geometry": { "type": "Point", "coordinates": [ 139.649, 35.2025 ] } },
{ "type": "Feature", "properties": { "decimalLatitude": 13.7359, "decimalLongitude": 100.5276, "month": 9, "species_sci": "Corvus macrorhynchos", "species_com": "Large-billed Crow / Hashibutogarasu" }, "geometry": { "type": "Point", "coordinates": [ 100.5276, 13.7359 ] } },
{ "type": "Feature", "properties": { "decimalLatitude": 12.9184, "decimalLongitude": 77.6804, "month": 9, "species_sci": "Corvus macrorhynchos", "species_com": "Large-billed Crow / Hashibutogarasu" }, "geometry": { "type": "Point", "coordinates": [ 77.6804, 12.9184 ] } },
{ "type": "Feature", "properties": { "decimalLatitude": 35.3057, "decimalLongitude": 139.3158, "month": 9, "species_sci": "Corvus macrorhynchos", "species_com": "Large-billed Crow / Hashibutogarasu" }, "geometry": { "type": "Point", "coordinates": [ 139.3158, 35.3057 ] } },
{ "type": "Feature", "properties": { "decimalLatitude": 37.9769, "decimalLongitude": 127.2766, "month": 9, "species_sci": "Corvus macrorhynchos", "species_com": "Large-billed Crow / Hashibutogarasu" }, "geometry": { "type": "Point", "coordinates": [ 127.2766, 37.9769 ] } },
{ "type": "Feature", "properties": { "decimalLatitude": 12.9087, "decimalLongitude": 77.6059, "month": 9, "species_sci": "Corvus macrorhynchos", "species_com": "Large-billed Crow / Hashibutogarasu" }, "geometry": { "type": "Point", "coordinates": [ 77.6059, 12.9087 ] } },
{ "type": "Feature", "properties": { "decimalLatitude": 13.7817, "decimalLongitude": 100.3161, "month": 9, "species_sci": "Corvus macrorhynchos", "species_com": "Large-billed Crow / Hashibutogarasu" }, "geometry": { "type": "Point", "coordinates": [ 100.3161, 13.7817 ] } },
{ "type": "Feature", "properties": { "decimalLatitude": 37.6315, "decimalLongitude": 126.9742, "month": 9, "species_sci": "Corvus macrorhynchos", "species_com": "Large-billed Crow / Hashibutogarasu" }, "geometry": { "type": "Point", "coordinates": [ 126.9742, 37.6315 ] } },
{ "type": "Feature", "properties": { "decimalLatitude": 24.9142, "decimalLongitude": 121.5477, "month": 9, "species_sci": "Corvus macrorhynchos", "species_com": "Large-billed Crow / Hashibutogarasu" }, "geometry": { "type": "Point", "coordinates": [ 121.5477, 24.9142 ] } },
{ "type": "Feature", "properties": { "decimalLatitude": 10.3413, "decimalLongitude": 76.1655, "month": 9, "species_sci": "Corvus macrorhynchos", "species_com": "Large-billed Crow / Hashibutogarasu" }, "geometry": { "type": "Point", "coordinates": [ 76.1655, 10.3413 ] } },
{ "type": "Feature", "properties": { "decimalLatitude": 12.9001, "decimalLongitude": 77.5731, "month": 9, "species_sci": "Corvus macrorhynchos", "species_com": "Large-billed Crow / Hashibutogarasu" }, "geometry": { "type": "Point", "coordinates": [ 77.5731, 12.9001 ] } },
{ "type": "Feature", "properties": { "decimalLatitude": 20.525, "decimalLongitude": 75.7486, "month": 9, "species_sci": "Corvus macrorhynchos", "species_com": "Large-billed Crow / Hashibutogarasu" }, "geometry": { "type": "Point", "coordinates": [ 75.7486, 20.525 ] } },
{ "type": "Feature", "properties": { "decimalLatitude": 13.171, "decimalLongitude": 77.4644, "month": 9, "species_sci": "Corvus macrorhynchos", "species_com": "Large-billed Crow / Hashibutogarasu" }, "geometry": { "type": "Point", "coordinates": [ 77.4644, 13.171 ] } },
{ "type": "Feature", "properties": { "decimalLatitude": 37.847, "decimalLongitude": 128.6967, "month": 9, "species_sci": "Corvus macrorhynchos", "species_com": "Large-billed Crow / Hashibutogarasu" }, "geometry": { "type": "Point", "coordinates": [ 128.6967, 37.847 ] } },
{ "type": "Feature", "properties": { "decimalLatitude": 35.672, "decimalLongitude": 139.7018, "month": 9, "species_sci": "Corvus macrorhynchos", "species_com": "Large-billed Crow / Hashibutogarasu" }, "geometry": { "type": "Point", "coordinates": [ 139.7018, 35.672 ] } },
{ "type": "Feature", "properties": { "decimalLatitude": 23.9518, "decimalLongitude": 121.1824, "month": 9, "species_sci": "Corvus macrorhynchos", "species_com": "Large-billed Crow / Hashibutogarasu" }, "geometry": { "type": "Point", "coordinates": [ 121.1824, 23.9518 ] } },
{ "type": "Feature", "properties": { "decimalLatitude": 37.4671, "decimalLongitude": 127.1659, "month": 9, "species_sci": "Corvus macrorhynchos", "species_com": "Large-billed Crow / Hashibutogarasu" }, "geometry": { "type": "Point", "coordinates": [ 127.1659, 37.4671 ] } },
{ "type": "Feature", "properties": { "decimalLatitude": 41.7634, "decimalLongitude": 140.7123, "month": 9, "species_sci": "Corvus macrorhynchos", "species_com": "Large-billed Crow / Hashibutogarasu" }, "geometry": { "type": "Point", "coordinates": [ 140.7123, 41.7634 ] } },
{ "type": "Feature", "properties": { "decimalLatitude": 12.046, "decimalLongitude": 76.668, "month": 9, "species_sci": "Corvus macrorhynchos", "species_com": "Large-billed Crow / Hashibutogarasu" }, "geometry": { "type": "Point", "coordinates": [ 76.668, 12.046 ] } },
{ "type": "Feature", "properties": { "decimalLatitude": 21.0515, "decimalLongitude": 71.0248, "month": 9, "species_sci": "Corvus macrorhynchos", "species_com": "Large-billed Crow / Hashibutogarasu" }, "geometry": { "type": "Point", "coordinates": [ 71.0248, 21.0515 ] } },
{ "type": "Feature", "properties": { "decimalLatitude": 22.529, "decimalLongitude": 114.2259, "month": 9, "species_sci": "Corvus macrorhynchos", "species_com": "Large-billed Crow / Hashibutogarasu" }, "geometry": { "type": "Point", "coordinates": [ 114.2259, 22.529 ] } },
{ "type": "Feature", "properties": { "decimalLatitude": 13.8038, "decimalLongitude": 100.552, "month": 9, "species_sci": "Corvus macrorhynchos", "species_com": "Large-billed Crow / Hashibutogarasu" }, "geometry": { "type": "Point", "coordinates": [ 100.552, 13.8038 ] } },
{ "type": "Feature", "properties": { "decimalLatitude": 35.611, "decimalLongitude": 139.6168, "month": 9, "species_sci": "Corvus macrorhynchos", "species_com": "Large-billed Crow / Hashibutogarasu" }, "geometry": { "type": "Point", "coordinates": [ 139.6168, 35.611 ] } },
{ "type": "Feature", "properties": { "decimalLatitude": 14.8448, "decimalLongitude": 103.4907, "month": 9, "species_sci": "Corvus macrorhynchos", "species_com": "Large-billed Crow / Hashibutogarasu" }, "geometry": { "type": "Point", "coordinates": [ 103.4907, 14.8448 ] } },
{ "type": "Feature", "properties": { "decimalLatitude": 10.7272, "decimalLongitude": 76.6946, "month": 9, "species_sci": "Corvus macrorhynchos", "species_com": "Large-billed Crow / Hashibutogarasu" }, "geometry": { "type": "Point", "coordinates": [ 76.6946, 10.7272 ] } },
{ "type": "Feature", "properties": { "decimalLatitude": 34.7923, "decimalLongitude": 126.4114, "month": 9, "species_sci": "Corvus macrorhynchos", "species_com": "Large-billed Crow / Hashibutogarasu" }, "geometry": { "type": "Point", "coordinates": [ 126.4114, 34.7923 ] } },
{ "type": "Feature", "properties": { "decimalLatitude": 35.6109, "decimalLongitude": 139.6205, "month": 9, "species_sci": "Corvus macrorhynchos", "species_com": "Large-billed Crow / Hashibutogarasu" }, "geometry": { "type": "Point", "coordinates": [ 139.6205, 35.6109 ] } },
{ "type": "Feature", "properties": { "decimalLatitude": 3.114, "decimalLongitude": 101.6429, "month": 9, "species_sci": "Corvus macrorhynchos", "species_com": "Large-billed Crow / Hashibutogarasu" }, "geometry": { "type": "Point", "coordinates": [ 101.6429, 3.114 ] } },
{ "type": "Feature", "properties": { "decimalLatitude": 37.5554, "decimalLongitude": 127.3076, "month": 9, "species_sci": "Corvus macrorhynchos", "species_com": "Large-billed Crow / Hashibutogarasu" }, "geometry": { "type": "Point", "coordinates": [ 127.3076, 37.5554 ] } },
{ "type": "Feature", "properties": { "decimalLatitude": 7.8945, "decimalLongitude": 80.7, "month": 9, "species_sci": "Corvus macrorhynchos", "species_com": "Large-billed Crow / Hashibutogarasu" }, "geometry": { "type": "Point", "coordinates": [ 80.7, 7.8945 ] } },
{ "type": "Feature", "properties": { "decimalLatitude": 34.6865, "decimalLongitude": 135.5246, "month": 9, "species_sci": "Corvus macrorhynchos", "species_com": "Large-billed Crow / Hashibutogarasu" }, "geometry": { "type": "Point", "coordinates": [ 135.5246, 34.6865 ] } },
{ "type": "Feature", "properties": { "decimalLatitude": 34.6656, "decimalLongitude": 135.5059, "month": 9, "species_sci": "Corvus macrorhynchos", "species_com": "Large-billed Crow / Hashibutogarasu" }, "geometry": { "type": "Point", "coordinates": [ 135.5059, 34.6656 ] } },
{ "type": "Feature", "properties": { "decimalLatitude": 37.5849, "decimalLongitude": 126.9593, "month": 9, "species_sci": "Corvus macrorhynchos", "species_com": "Large-billed Crow / Hashibutogarasu" }, "geometry": { "type": "Point", "coordinates": [ 126.9593, 37.5849 ] } },
{ "type": "Feature", "properties": { "decimalLatitude": 13.8094, "decimalLongitude": 100.5502, "month": 9, "species_sci": "Corvus macrorhynchos", "species_com": "Large-billed Crow / Hashibutogarasu" }, "geometry": { "type": "Point", "coordinates": [ 100.5502, 13.8094 ] } },
{ "type": "Feature", "properties": { "decimalLatitude": 35.6996, "decimalLongitude": 139.5764, "month": 9, "species_sci": "Corvus macrorhynchos", "species_com": "Large-billed Crow / Hashibutogarasu" }, "geometry": { "type": "Point", "coordinates": [ 139.5764, 35.6996 ] } },
{ "type": "Feature", "properties": { "decimalLatitude": 35.6259, "decimalLongitude": 139.7244, "month": 9, "species_sci": "Corvus macrorhynchos", "species_com": "Large-billed Crow / Hashibutogarasu" }, "geometry": { "type": "Point", "coordinates": [ 139.7244, 35.6259 ] } },
{ "type": "Feature", "properties": { "decimalLatitude": 35.6345, "decimalLongitude": 139.4595, "month": 9, "species_sci": "Corvus macrorhynchos", "species_com": "Large-billed Crow / Hashibutogarasu" }, "geometry": { "type": "Point", "coordinates": [ 139.4595, 35.6345 ] } },
{ "type": "Feature", "properties": { "decimalLatitude": 12.7945, "decimalLongitude": 77.6345, "month": 9, "species_sci": "Corvus macrorhynchos", "species_com": "Large-billed Crow / Hashibutogarasu" }, "geometry": { "type": "Point", "coordinates": [ 77.6345, 12.7945 ] } },
{ "type": "Feature", "properties": { "decimalLatitude": 37.9479, "decimalLongitude": 128.6647, "month": 9, "species_sci": "Corvus macrorhynchos", "species_com": "Large-billed Crow / Hashibutogarasu" }, "geometry": { "type": "Point", "coordinates": [ 128.6647, 37.9479 ] } },
{ "type": "Feature", "properties": { "decimalLatitude": 33.1196, "decimalLongitude": 126.2668, "month": 9, "species_sci": "Corvus macrorhynchos", "species_com": "Large-billed Crow / Hashibutogarasu" }, "geometry": { "type": "Point", "coordinates": [ 126.2668, 33.1196 ] } },
{ "type": "Feature", "properties": { "decimalLatitude": 13.7287, "decimalLongitude": 100.5564, "month": 9, "species_sci": "Corvus macrorhynchos", "species_com": "Large-billed Crow / Hashibutogarasu" }, "geometry": { "type": "Point", "coordinates": [ 100.5564, 13.7287 ] } },
{ "type": "Feature", "properties": { "decimalLatitude": 37.5185, "decimalLongitude": 126.9204, "month": 9, "species_sci": "Corvus macrorhynchos", "species_com": "Large-billed Crow / Hashibutogarasu" }, "geometry": { "type": "Point", "coordinates": [ 126.9204, 37.5185 ] } },
{ "type": "Feature", "properties": { "decimalLatitude": 12.676, "decimalLongitude": 77.7674, "month": 9, "species_sci": "Corvus macrorhynchos", "species_com": "Large-billed Crow / Hashibutogarasu" }, "geometry": { "type": "Point", "coordinates": [ 77.7674, 12.676 ] } },
{ "type": "Feature", "properties": { "decimalLatitude": 35.0171, "decimalLongitude": 135.6747, "month": 9, "species_sci": "Corvus macrorhynchos", "species_com": "Large-billed Crow / Hashibutogarasu" }, "geometry": { "type": "Point", "coordinates": [ 135.6747, 35.0171 ] } },
{ "type": "Feature", "properties": { "decimalLatitude": 27.7107, "decimalLongitude": 85.2881, "month": 9, "species_sci": "Corvus macrorhynchos", "species_com": "Large-billed Crow / Hashibutogarasu" }, "geometry": { "type": "Point", "coordinates": [ 85.2881, 27.7107 ] } },
{ "type": "Feature", "properties": { "decimalLatitude": 1.4036, "decimalLongitude": 103.9688, "month": 9, "species_sci": "Corvus macrorhynchos", "species_com": "Large-billed Crow / Hashibutogarasu" }, "geometry": { "type": "Point", "coordinates": [ 103.9688, 1.4036 ] } },
{ "type": "Feature", "properties": { "decimalLatitude": 13.0694, "decimalLongitude": 77.6059, "month": 9, "species_sci": "Corvus macrorhynchos", "species_com": "Large-billed Crow / Hashibutogarasu" }, "geometry": { "type": "Point", "coordinates": [ 77.6059, 13.0694 ] } },
{ "type": "Feature", "properties": { "decimalLatitude": 13.0802, "decimalLongitude": 77.5751, "month": 9, "species_sci": "Corvus macrorhynchos", "species_com": "Large-billed Crow / Hashibutogarasu" }, "geometry": { "type": "Point", "coordinates": [ 77.5751, 13.0802 ] } },
{ "type": "Feature", "properties": { "decimalLatitude": 35.6885, "decimalLongitude": 139.7078, "month": 9, "species_sci": "Corvus macrorhynchos", "species_com": "Large-billed Crow / Hashibutogarasu" }, "geometry": { "type": "Point", "coordinates": [ 139.7078, 35.6885 ] } },
{ "type": "Feature", "properties": { "decimalLatitude": 37.5749, "decimalLongitude": 126.9458, "month": 9, "species_sci": "Corvus macrorhynchos", "species_com": "Large-billed Crow / Hashibutogarasu" }, "geometry": { "type": "Point", "coordinates": [ 126.9458, 37.5749 ] } },
{ "type": "Feature", "properties": { "decimalLatitude": 11.6887, "decimalLongitude": 77.9771, "month": 9, "species_sci": "Corvus macrorhynchos", "species_com": "Large-billed Crow / Hashibutogarasu" }, "geometry": { "type": "Point", "coordinates": [ 77.9771, 11.6887 ] } },
{ "type": "Feature", "properties": { "decimalLatitude": 35.7168, "decimalLongitude": 139.7758, "month": 9, "species_sci": "Corvus macrorhynchos", "species_com": "Large-billed Crow / Hashibutogarasu" }, "geometry": { "type": "Point", "coordinates": [ 139.7758, 35.7168 ] } },
{ "type": "Feature", "properties": { "decimalLatitude": 35.6733, "decimalLongitude": 140.0066, "month": 9, "species_sci": "Corvus macrorhynchos", "species_com": "Large-billed Crow / Hashibutogarasu" }, "geometry": { "type": "Point", "coordinates": [ 140.0066, 35.6733 ] } },
{ "type": "Feature", "properties": { "decimalLatitude": 35.6749, "decimalLongitude": 139.7019, "month": 9, "species_sci": "Corvus macrorhynchos", "species_com": "Large-billed Crow / Hashibutogarasu" }, "geometry": { "type": "Point", "coordinates": [ 139.7019, 35.6749 ] } },
{ "type": "Feature", "properties": { "decimalLatitude": 11.2385, "decimalLongitude": 78.1566, "month": 9, "species_sci": "Corvus macrorhynchos", "species_com": "Large-billed Crow / Hashibutogarasu" }, "geometry": { "type": "Point", "coordinates": [ 78.1566, 11.2385 ] } },
{ "type": "Feature", "properties": { "decimalLatitude": 37.9769, "decimalLongitude": 127.2767, "month": 9, "species_sci": "Corvus macrorhynchos", "species_com": "Large-billed Crow / Hashibutogarasu" }, "geometry": { "type": "Point", "coordinates": [ 127.2767, 37.9769 ] } },
{ "type": "Feature", "properties": { "decimalLatitude": 13.7392, "decimalLongitude": 100.5304, "month": 9, "species_sci": "Corvus macrorhynchos", "species_com": "Large-billed Crow / Hashibutogarasu" }, "geometry": { "type": "Point", "coordinates": [ 100.5304, 13.7392 ] } },
{ "type": "Feature", "properties": { "decimalLatitude": 24.9319, "decimalLongitude": 121.698, "month": 9, "species_sci": "Corvus macrorhynchos", "species_com": "Large-billed Crow / Hashibutogarasu" }, "geometry": { "type": "Point", "coordinates": [ 121.698, 24.9319 ] } },
{ "type": "Feature", "properties": { "decimalLatitude": 23.0372, "decimalLongitude": 72.5536, "month": 9, "species_sci": "Corvus macrorhynchos", "species_com": "Large-billed Crow / Hashibutogarasu" }, "geometry": { "type": "Point", "coordinates": [ 72.5536, 23.0372 ] } },
{ "type": "Feature", "properties": { "decimalLatitude": 12.8945, "decimalLongitude": 77.6008, "month": 9, "species_sci": "Corvus macrorhynchos", "species_com": "Large-billed Crow / Hashibutogarasu" }, "geometry": { "type": "Point", "coordinates": [ 77.6008, 12.8945 ] } },
{ "type": "Feature", "properties": { "decimalLatitude": 22.2554, "decimalLongitude": 113.9051, "month": 9, "species_sci": "Corvus macrorhynchos", "species_com": "Large-billed Crow / Hashibutogarasu" }, "geometry": { "type": "Point", "coordinates": [ 113.9051, 22.2554 ] } },
{ "type": "Feature", "properties": { "decimalLatitude": 34.992, "decimalLongitude": 135.769, "month": 9, "species_sci": "Corvus macrorhynchos", "species_com": "Large-billed Crow / Hashibutogarasu" }, "geometry": { "type": "Point", "coordinates": [ 135.769, 34.992 ] } },
{ "type": "Feature", "properties": { "decimalLatitude": 14.866, "decimalLongitude": 103.5029, "month": 9, "species_sci": "Corvus macrorhynchos", "species_com": "Large-billed Crow / Hashibutogarasu" }, "geometry": { "type": "Point", "coordinates": [ 103.5029, 14.866 ] } },
{ "type": "Feature", "properties": { "decimalLatitude": 13.8169, "decimalLongitude": 100.7581, "month": 9, "species_sci": "Corvus macrorhynchos", "species_com": "Large-billed Crow / Hashibutogarasu" }, "geometry": { "type": "Point", "coordinates": [ 100.7581, 13.8169 ] } },
{ "type": "Feature", "properties": { "decimalLatitude": 13.0694, "decimalLongitude": 77.6059, "month": 9, "species_sci": "Corvus macrorhynchos", "species_com": "Large-billed Crow / Hashibutogarasu" }, "geometry": { "type": "Point", "coordinates": [ 77.6059, 13.0694 ] } },
{ "type": "Feature", "properties": { "decimalLatitude": 34.6854, "decimalLongitude": 135.5268, "month": 9, "species_sci": "Corvus macrorhynchos", "species_com": "Large-billed Crow / Hashibutogarasu" }, "geometry": { "type": "Point", "coordinates": [ 135.5268, 34.6854 ] } },
{ "type": "Feature", "properties": { "decimalLatitude": 34.9859, "decimalLongitude": 135.7486, "month": 9, "species_sci": "Corvus macrorhynchos", "species_com": "Large-billed Crow / Hashibutogarasu" }, "geometry": { "type": "Point", "coordinates": [ 135.7486, 34.9859 ] } },
{ "type": "Feature", "properties": { "decimalLatitude": 23.8587, "decimalLongitude": 91.2566, "month": 9, "species_sci": "Corvus macrorhynchos", "species_com": "Large-billed Crow / Hashibutogarasu" }, "geometry": { "type": "Point", "coordinates": [ 91.2566, 23.8587 ] } },
{ "type": "Feature", "properties": { "decimalLatitude": 13.0522, "decimalLongitude": 80.2761, "month": 9, "species_sci": "Corvus macrorhynchos", "species_com": "Large-billed Crow / Hashibutogarasu" }, "geometry": { "type": "Point", "coordinates": [ 80.2761, 13.0522 ] } },
{ "type": "Feature", "properties": { "decimalLatitude": 10.9858, "decimalLongitude": 76.7376, "month": 9, "species_sci": "Corvus macrorhynchos", "species_com": "Large-billed Crow / Hashibutogarasu" }, "geometry": { "type": "Point", "coordinates": [ 76.7376, 10.9858 ] } },
{ "type": "Feature", "properties": { "decimalLatitude": 28.5931, "decimalLongitude": 77.2197, "month": 9, "species_sci": "Corvus macrorhynchos", "species_com": "Large-billed Crow / Hashibutogarasu" }, "geometry": { "type": "Point", "coordinates": [ 77.2197, 28.5931 ] } },
{ "type": "Feature", "properties": { "decimalLatitude": 35.6777, "decimalLongitude": 139.7586, "month": 9, "species_sci": "Corvus macrorhynchos", "species_com": "Large-billed Crow / Hashibutogarasu" }, "geometry": { "type": "Point", "coordinates": [ 139.7586, 35.6777 ] } },
{ "type": "Feature", "properties": { "decimalLatitude": 35.6691, "decimalLongitude": 139.6951, "month": 9, "species_sci": "Corvus macrorhynchos", "species_com": "Large-billed Crow / Hashibutogarasu" }, "geometry": { "type": "Point", "coordinates": [ 139.6951, 35.6691 ] } },
{ "type": "Feature", "properties": { "decimalLatitude": 38.1033, "decimalLongitude": 127.0189, "month": 9, "species_sci": "Corvus macrorhynchos", "species_com": "Large-billed Crow / Hashibutogarasu" }, "geometry": { "type": "Point", "coordinates": [ 127.0189, 38.1033 ] } },
{ "type": "Feature", "properties": { "decimalLatitude": 10.7927, "decimalLongitude": 76.181, "month": 9, "species_sci": "Corvus macrorhynchos", "species_com": "Large-billed Crow / Hashibutogarasu" }, "geometry": { "type": "Point", "coordinates": [ 76.181, 10.7927 ] } },
{ "type": "Feature", "properties": { "decimalLatitude": 35.039, "decimalLongitude": 135.7304, "month": 9, "species_sci": "Corvus macrorhynchos", "species_com": "Large-billed Crow / Hashibutogarasu" }, "geometry": { "type": "Point", "coordinates": [ 135.7304, 35.039 ] } },
{ "type": "Feature", "properties": { "decimalLatitude": 22.4417, "decimalLongitude": 88.4636, "month": 9, "species_sci": "Corvus macrorhynchos", "species_com": "Large-billed Crow / Hashibutogarasu" }, "geometry": { "type": "Point", "coordinates": [ 88.4636, 22.4417 ] } },
{ "type": "Feature", "properties": { "decimalLatitude": 35.0166, "decimalLongitude": 135.6699, "month": 9, "species_sci": "Corvus macrorhynchos", "species_com": "Large-billed Crow / Hashibutogarasu" }, "geometry": { "type": "Point", "coordinates": [ 135.6699, 35.0166 ] } },
{ "type": "Feature", "properties": { "decimalLatitude": 34.685, "decimalLongitude": 135.843, "month": 9, "species_sci": "Corvus macrorhynchos", "species_com": "Large-billed Crow / Hashibutogarasu" }, "geometry": { "type": "Point", "coordinates": [ 135.843, 34.685 ] } },
{ "type": "Feature", "properties": { "decimalLatitude": 18.265, "decimalLongitude": 74.8028, "month": 9, "species_sci": "Corvus macrorhynchos", "species_com": "Large-billed Crow / Hashibutogarasu" }, "geometry": { "type": "Point", "coordinates": [ 74.8028, 18.265 ] } },
{ "type": "Feature", "properties": { "decimalLatitude": 35.6576, "decimalLongitude": 139.7461, "month": 9, "species_sci": "Corvus macrorhynchos", "species_com": "Large-billed Crow / Hashibutogarasu" }, "geometry": { "type": "Point", "coordinates": [ 139.7461, 35.6576 ] } },
{ "type": "Feature", "properties": { "decimalLatitude": 13.0674, "decimalLongitude": 77.5723, "month": 9, "species_sci": "Corvus macrorhynchos", "species_com": "Large-billed Crow / Hashibutogarasu" }, "geometry": { "type": "Point", "coordinates": [ 77.5723, 13.0674 ] } },
{ "type": "Feature", "properties": { "decimalLatitude": 35.1525, "decimalLongitude": 129.118, "month": 9, "species_sci": "Corvus macrorhynchos", "species_com": "Large-billed Crow / Hashibutogarasu" }, "geometry": { "type": "Point", "coordinates": [ 129.118, 35.1525 ] } },
{ "type": "Feature", "properties": { "decimalLatitude": 43.7478, "decimalLongitude": 142.3693, "month": 9, "species_sci": "Corvus macrorhynchos", "species_com": "Large-billed Crow / Hashibutogarasu" }, "geometry": { "type": "Point", "coordinates": [ 142.3693, 43.7478 ] } },
{ "type": "Feature", "properties": { "decimalLatitude": 13.7328, "decimalLongitude": 100.5592, "month": 9, "species_sci": "Corvus macrorhynchos", "species_com": "Large-billed Crow / Hashibutogarasu" }, "geometry": { "type": "Point", "coordinates": [ 100.5592, 13.7328 ] } },
{ "type": "Feature", "properties": { "decimalLatitude": 39.9938, "decimalLongitude": 116.3104, "month": 9, "species_sci": "Corvus macrorhynchos", "species_com": "Large-billed Crow / Hashibutogarasu" }, "geometry": { "type": "Point", "coordinates": [ 116.3104, 39.9938 ] } },
{ "type": "Feature", "properties": { "decimalLatitude": 40.8143, "decimalLongitude": 141.3818, "month": 9, "species_sci": "Corvus macrorhynchos", "species_com": "Large-billed Crow / Hashibutogarasu" }, "geometry": { "type": "Point", "coordinates": [ 141.3818, 40.8143 ] } },
{ "type": "Feature", "properties": { "decimalLatitude": 22.4162, "decimalLongitude": 114.1027, "month": 9, "species_sci": "Corvus macrorhynchos", "species_com": "Large-billed Crow / Hashibutogarasu" }, "geometry": { "type": "Point", "coordinates": [ 114.1027, 22.4162 ] } },
{ "type": "Feature", "properties": { "decimalLatitude": 34.968, "decimalLongitude": 135.7785, "month": 9, "species_sci": "Corvus macrorhynchos", "species_com": "Large-billed Crow / Hashibutogarasu" }, "geometry": { "type": "Point", "coordinates": [ 135.7785, 34.968 ] } },
{ "type": "Feature", "properties": { "decimalLatitude": 13.8078, "decimalLongitude": 100.5521, "month": 9, "species_sci": "Corvus macrorhynchos", "species_com": "Large-billed Crow / Hashibutogarasu" }, "geometry": { "type": "Point", "coordinates": [ 100.5521, 13.8078 ] } },
{ "type": "Feature", "properties": { "decimalLatitude": 15.1048, "decimalLongitude": 103.6021, "month": 9, "species_sci": "Corvus macrorhynchos", "species_com": "Large-billed Crow / Hashibutogarasu" }, "geometry": { "type": "Point", "coordinates": [ 103.6021, 15.1048 ] } },
{ "type": "Feature", "properties": { "decimalLatitude": 30.4947, "decimalLongitude": 79.7198, "month": 9, "species_sci": "Corvus macrorhynchos", "species_com": "Large-billed Crow / Hashibutogarasu" }, "geometry": { "type": "Point", "coordinates": [ 79.7198, 30.4947 ] } },
{ "type": "Feature", "properties": { "decimalLatitude": 22.5471, "decimalLongitude": 75.7531, "month": 9, "species_sci": "Corvus macrorhynchos", "species_com": "Large-billed Crow / Hashibutogarasu" }, "geometry": { "type": "Point", "coordinates": [ 75.7531, 22.5471 ] } },
{ "type": "Feature", "properties": { "decimalLatitude": 1.2816, "decimalLongitude": 103.8769, "month": 9, "species_sci": "Corvus macrorhynchos", "species_com": "Large-billed Crow / Hashibutogarasu" }, "geometry": { "type": "Point", "coordinates": [ 103.8769, 1.2816 ] } },
{ "type": "Feature", "properties": { "decimalLatitude": 12.9309, "decimalLongitude": 77.6262, "month": 9, "species_sci": "Corvus macrorhynchos", "species_com": "Large-billed Crow / Hashibutogarasu" }, "geometry": { "type": "Point", "coordinates": [ 77.6262, 12.9309 ] } },
{ "type": "Feature", "properties": { "decimalLatitude": 26.7412, "decimalLongitude": 128.296, "month": 9, "species_sci": "Corvus macrorhynchos", "species_com": "Large-billed Crow / Hashibutogarasu" }, "geometry": { "type": "Point", "coordinates": [ 128.296, 26.7412 ] } },
{ "type": "Feature", "properties": { "decimalLatitude": 33.1221, "decimalLongitude": 139.8158, "month": 9, "species_sci": "Corvus macrorhynchos", "species_com": "Large-billed Crow / Hashibutogarasu" }, "geometry": { "type": "Point", "coordinates": [ 139.8158, 33.1221 ] } },
{ "type": "Feature", "properties": { "decimalLatitude": 35.7146, "decimalLongitude": 139.7955, "month": 9, "species_sci": "Corvus macrorhynchos", "species_com": "Large-billed Crow / Hashibutogarasu" }, "geometry": { "type": "Point", "coordinates": [ 139.7955, 35.7146 ] } },
{ "type": "Feature", "properties": { "decimalLatitude": 43.1212, "decimalLongitude": 131.8967, "month": 9, "species_sci": "Corvus macrorhynchos", "species_com": "Large-billed Crow / Hashibutogarasu" }, "geometry": { "type": "Point", "coordinates": [ 131.8967, 43.1212 ] } },
{ "type": "Feature", "properties": { "decimalLatitude": 11.5537, "decimalLongitude": 78.0202, "month": 9, "species_sci": "Corvus macrorhynchos", "species_com": "Large-billed Crow / Hashibutogarasu" }, "geometry": { "type": "Point", "coordinates": [ 78.0202, 11.5537 ] } },
{ "type": "Feature", "properties": { "decimalLatitude": 13.7395, "decimalLongitude": 100.5244, "month": 9, "species_sci": "Corvus macrorhynchos", "species_com": "Large-billed Crow / Hashibutogarasu" }, "geometry": { "type": "Point", "coordinates": [ 100.5244, 13.7395 ] } },
{ "type": "Feature", "properties": { "decimalLatitude": 35.6938, "decimalLongitude": 139.7034, "month": 9, "species_sci": "Corvus macrorhynchos", "species_com": "Large-billed Crow / Hashibutogarasu" }, "geometry": { "type": "Point", "coordinates": [ 139.7034, 35.6938 ] } },
{ "type": "Feature", "properties": { "decimalLatitude": 13.0694, "decimalLongitude": 77.6059, "month": 9, "species_sci": "Corvus macrorhynchos", "species_com": "Large-billed Crow / Hashibutogarasu" }, "geometry": { "type": "Point", "coordinates": [ 77.6059, 13.0694 ] } },
{ "type": "Feature", "properties": { "decimalLatitude": 22.4035, "decimalLongitude": 113.9611, "month": 9, "species_sci": "Corvus macrorhynchos", "species_com": "Large-billed Crow / Hashibutogarasu" }, "geometry": { "type": "Point", "coordinates": [ 113.9611, 22.4035 ] } },
{ "type": "Feature", "properties": { "decimalLatitude": 34.968, "decimalLongitude": 135.7784, "month": 9, "species_sci": "Corvus macrorhynchos", "species_com": "Large-billed Crow / Hashibutogarasu" }, "geometry": { "type": "Point", "coordinates": [ 135.7784, 34.968 ] } },
{ "type": "Feature", "properties": { "decimalLatitude": 12.9648, "decimalLongitude": 77.5965, "month": 9, "species_sci": "Corvus macrorhynchos", "species_com": "Large-billed Crow / Hashibutogarasu" }, "geometry": { "type": "Point", "coordinates": [ 77.5965, 12.9648 ] } },
{ "type": "Feature", "properties": { "decimalLatitude": 24.1808, "decimalLongitude": 121.3103, "month": 9, "species_sci": "Corvus macrorhynchos", "species_com": "Large-billed Crow / Hashibutogarasu" }, "geometry": { "type": "Point", "coordinates": [ 121.3103, 24.1808 ] } },
{ "type": "Feature", "properties": { "decimalLatitude": 34.81, "decimalLongitude": 135.4983, "month": 9, "species_sci": "Corvus macrorhynchos", "species_com": "Large-billed Crow / Hashibutogarasu" }, "geometry": { "type": "Point", "coordinates": [ 135.4983, 34.81 ] } },
{ "type": "Feature", "properties": { "decimalLatitude": 7.9882, "decimalLongitude": 98.5714, "month": 9, "species_sci": "Corvus macrorhynchos", "species_com": "Large-billed Crow / Hashibutogarasu" }, "geometry": { "type": "Point", "coordinates": [ 98.5714, 7.9882 ] } },
{ "type": "Feature", "properties": { "decimalLatitude": 11.942, "decimalLongitude": 75.297, "month": 9, "species_sci": "Corvus macrorhynchos", "species_com": "Large-billed Crow / Hashibutogarasu" }, "geometry": { "type": "Point", "coordinates": [ 75.297, 11.942 ] } },
{ "type": "Feature", "properties": { "decimalLatitude": 8.3114, "decimalLongitude": 80.4037, "month": 9, "species_sci": "Corvus macrorhynchos", "species_com": "Large-billed Crow / Hashibutogarasu" }, "geometry": { "type": "Point", "coordinates": [ 80.4037, 8.3114 ] } },
{ "type": "Feature", "properties": { "decimalLatitude": 11.1385, "decimalLongitude": 77.3088, "month": 9, "species_sci": "Corvus macrorhynchos", "species_com": "Large-billed Crow / Hashibutogarasu" }, "geometry": { "type": "Point", "coordinates": [ 77.3088, 11.1385 ] } },
{ "type": "Feature", "properties": { "decimalLatitude": 10.5214, "decimalLongitude": 76.035, "month": 9, "species_sci": "Corvus macrorhynchos", "species_com": "Large-billed Crow / Hashibutogarasu" }, "geometry": { "type": "Point", "coordinates": [ 76.035, 10.5214 ] } },
{ "type": "Feature", "properties": { "decimalLatitude": 14.8447, "decimalLongitude": 103.4914, "month": 9, "species_sci": "Corvus macrorhynchos", "species_com": "Large-billed Crow / Hashibutogarasu" }, "geometry": { "type": "Point", "coordinates": [ 103.4914, 14.8447 ] } },
{ "type": "Feature", "properties": { "decimalLatitude": 37.3782, "decimalLongitude": 127.0471, "month": 9, "species_sci": "Corvus macrorhynchos", "species_com": "Large-billed Crow / Hashibutogarasu" }, "geometry": { "type": "Point", "coordinates": [ 127.0471, 37.3782 ] } },
{ "type": "Feature", "properties": { "decimalLatitude": 6.9607, "decimalLongitude": 80.7693, "month": 9, "species_sci": "Corvus macrorhynchos", "species_com": "Large-billed Crow / Hashibutogarasu" }, "geometry": { "type": "Point", "coordinates": [ 80.7693, 6.9607 ] } },
{ "type": "Feature", "properties": { "decimalLatitude": 33.5228, "decimalLongitude": 126.5302, "month": 9, "species_sci": "Corvus macrorhynchos", "species_com": "Large-billed Crow / Hashibutogarasu" }, "geometry": { "type": "Point", "coordinates": [ 126.5302, 33.5228 ] } },
{ "type": "Feature", "properties": { "decimalLatitude": 19.8629, "decimalLongitude": 73.7793, "month": 9, "species_sci": "Corvus macrorhynchos", "species_com": "Large-billed Crow / Hashibutogarasu" }, "geometry": { "type": "Point", "coordinates": [ 73.7793, 19.8629 ] } },
{ "type": "Feature", "properties": { "decimalLatitude": 35.7132, "decimalLongitude": 139.7731, "month": 9, "species_sci": "Corvus macrorhynchos", "species_com": "Large-billed Crow / Hashibutogarasu" }, "geometry": { "type": "Point", "coordinates": [ 139.7731, 35.7132 ] } },
{ "type": "Feature", "properties": { "decimalLatitude": 27.5538, "decimalLongitude": 84.5531, "month": 9, "species_sci": "Corvus macrorhynchos", "species_com": "Large-billed Crow / Hashibutogarasu" }, "geometry": { "type": "Point", "coordinates": [ 84.5531, 27.5538 ] } },
{ "type": "Feature", "properties": { "decimalLatitude": 22.4417, "decimalLongitude": 88.4636, "month": 9, "species_sci": "Corvus macrorhynchos", "species_com": "Large-billed Crow / Hashibutogarasu" }, "geometry": { "type": "Point", "coordinates": [ 88.4636, 22.4417 ] } },
{ "type": "Feature", "properties": { "decimalLatitude": 21.3388, "decimalLongitude": 79.7919, "month": 9, "species_sci": "Corvus macrorhynchos", "species_com": "Large-billed Crow / Hashibutogarasu" }, "geometry": { "type": "Point", "coordinates": [ 79.7919, 21.3388 ] } },
{ "type": "Feature", "properties": { "decimalLatitude": 13.6968, "decimalLongitude": 100.5649, "month": 9, "species_sci": "Corvus macrorhynchos", "species_com": "Large-billed Crow / Hashibutogarasu" }, "geometry": { "type": "Point", "coordinates": [ 100.5649, 13.6968 ] } },
{ "type": "Feature", "properties": { "decimalLatitude": 35.0148, "decimalLongitude": 135.6715, "month": 9, "species_sci": "Corvus macrorhynchos", "species_com": "Large-billed Crow / Hashibutogarasu" }, "geometry": { "type": "Point", "coordinates": [ 135.6715, 35.0148 ] } },
{ "type": "Feature", "properties": { "decimalLatitude": 12.7986, "decimalLongitude": 77.5678, "month": 9, "species_sci": "Corvus macrorhynchos", "species_com": "Large-billed Crow / Hashibutogarasu" }, "geometry": { "type": "Point", "coordinates": [ 77.5678, 12.7986 ] } },
{ "type": "Feature", "properties": { "decimalLatitude": 39.8839, "decimalLongitude": 116.4021, "month": 10, "species_sci": "Corvus macrorhynchos", "species_com": "Large-billed Crow / Hashibutogarasu" }, "geometry": { "type": "Point", "coordinates": [ 116.4021, 39.8839 ] } },
{ "type": "Feature", "properties": { "decimalLatitude": 11.7577, "decimalLongitude": 75.5032, "month": 10, "species_sci": "Corvus macrorhynchos", "species_com": "Large-billed Crow / Hashibutogarasu" }, "geometry": { "type": "Point", "coordinates": [ 75.5032, 11.7577 ] } },
{ "type": "Feature", "properties": { "decimalLatitude": 37.5608, "decimalLongitude": 126.9867, "month": 10, "species_sci": "Corvus macrorhynchos", "species_com": "Large-billed Crow / Hashibutogarasu" }, "geometry": { "type": "Point", "coordinates": [ 126.9867, 37.5608 ] } },
{ "type": "Feature", "properties": { "decimalLatitude": 28.0052, "decimalLongitude": 85.564, "month": 10, "species_sci": "Corvus macrorhynchos", "species_com": "Large-billed Crow / Hashibutogarasu" }, "geometry": { "type": "Point", "coordinates": [ 85.564, 28.0052 ] } },
{ "type": "Feature", "properties": { "decimalLatitude": 28.4634, "decimalLongitude": 76.8915, "month": 10, "species_sci": "Corvus macrorhynchos", "species_com": "Large-billed Crow / Hashibutogarasu" }, "geometry": { "type": "Point", "coordinates": [ 76.8915, 28.4634 ] } },
{ "type": "Feature", "properties": { "decimalLatitude": 24.2793, "decimalLongitude": 121.0259, "month": 10, "species_sci": "Corvus macrorhynchos", "species_com": "Large-billed Crow / Hashibutogarasu" }, "geometry": { "type": "Point", "coordinates": [ 121.0259, 24.2793 ] } },
{ "type": "Feature", "properties": { "decimalLatitude": 33.3513, "decimalLongitude": 126.6408, "month": 10, "species_sci": "Corvus macrorhynchos", "species_com": "Large-billed Crow / Hashibutogarasu" }, "geometry": { "type": "Point", "coordinates": [ 126.6408, 33.3513 ] } },
{ "type": "Feature", "properties": { "decimalLatitude": 35.6402, "decimalLongitude": 139.4625, "month": 10, "species_sci": "Corvus macrorhynchos", "species_com": "Large-billed Crow / Hashibutogarasu" }, "geometry": { "type": "Point", "coordinates": [ 139.4625, 35.6402 ] } },
{ "type": "Feature", "properties": { "decimalLatitude": 35.715, "decimalLongitude": 139.7725, "month": 10, "species_sci": "Corvus macrorhynchos", "species_com": "Large-billed Crow / Hashibutogarasu" }, "geometry": { "type": "Point", "coordinates": [ 139.7725, 35.715 ] } },
{ "type": "Feature", "properties": { "decimalLatitude": 33.4258, "decimalLongitude": 126.6036, "month": 10, "species_sci": "Corvus macrorhynchos", "species_com": "Large-billed Crow / Hashibutogarasu" }, "geometry": { "type": "Point", "coordinates": [ 126.6036, 33.4258 ] } },
{ "type": "Feature", "properties": { "decimalLatitude": 24.6729, "decimalLongitude": 121.2642, "month": 10, "species_sci": "Corvus macrorhynchos", "species_com": "Large-billed Crow / Hashibutogarasu" }, "geometry": { "type": "Point", "coordinates": [ 121.2642, 24.6729 ] } },
{ "type": "Feature", "properties": { "decimalLatitude": 35.7146, "decimalLongitude": 139.7974, "month": 10, "species_sci": "Corvus macrorhynchos", "species_com": "Large-billed Crow / Hashibutogarasu" }, "geometry": { "type": "Point", "coordinates": [ 139.7974, 35.7146 ] } },
{ "type": "Feature", "properties": { "decimalLatitude": 18.5168, "decimalLongitude": 73.8106, "month": 10, "species_sci": "Corvus macrorhynchos", "species_com": "Large-billed Crow / Hashibutogarasu" }, "geometry": { "type": "Point", "coordinates": [ 73.8106, 18.5168 ] } },
{ "type": "Feature", "properties": { "decimalLatitude": -8.5696, "decimalLongitude": 119.4992, "month": 10, "species_sci": "Corvus macrorhynchos", "species_com": "Large-billed Crow / Hashibutogarasu" }, "geometry": { "type": "Point", "coordinates": [ 119.4992, -8.5696 ] } },
{ "type": "Feature", "properties": { "decimalLatitude": 37.3925, "decimalLongitude": 127.0911, "month": 10, "species_sci": "Corvus macrorhynchos", "species_com": "Large-billed Crow / Hashibutogarasu" }, "geometry": { "type": "Point", "coordinates": [ 127.0911, 37.3925 ] } },
{ "type": "Feature", "properties": { "decimalLatitude": 27.8043, "decimalLongitude": 86.7117, "month": 10, "species_sci": "Corvus macrorhynchos", "species_com": "Large-billed Crow / Hashibutogarasu" }, "geometry": { "type": "Point", "coordinates": [ 86.7117, 27.8043 ] } },
{ "type": "Feature", "properties": { "decimalLatitude": 14.5432, "decimalLongitude": 74.314, "month": 10, "species_sci": "Corvus macrorhynchos", "species_com": "Large-billed Crow / Hashibutogarasu" }, "geometry": { "type": "Point", "coordinates": [ 74.314, 14.5432 ] } },
{ "type": "Feature", "properties": { "decimalLatitude": 28.2008, "decimalLongitude": 85.4613, "month": 10, "species_sci": "Corvus macrorhynchos", "species_com": "Large-billed Crow / Hashibutogarasu" }, "geometry": { "type": "Point", "coordinates": [ 85.4613, 28.2008 ] } },
{ "type": "Feature", "properties": { "decimalLatitude": 13.7283, "decimalLongitude": 100.5575, "month": 10, "species_sci": "Corvus macrorhynchos", "species_com": "Large-billed Crow / Hashibutogarasu" }, "geometry": { "type": "Point", "coordinates": [ 100.5575, 13.7283 ] } },
{ "type": "Feature", "properties": { "decimalLatitude": 20.2012, "decimalLongitude": 85.7994, "month": 10, "species_sci": "Corvus macrorhynchos", "species_com": "Large-billed Crow / Hashibutogarasu" }, "geometry": { "type": "Point", "coordinates": [ 85.7994, 20.2012 ] } },
{ "type": "Feature", "properties": { "decimalLatitude": 43.2367, "decimalLongitude": 141.0153, "month": 10, "species_sci": "Corvus macrorhynchos", "species_com": "Large-billed Crow / Hashibutogarasu" }, "geometry": { "type": "Point", "coordinates": [ 141.0153, 43.2367 ] } },
{ "type": "Feature", "properties": { "decimalLatitude": 29.6064, "decimalLongitude": 79.2629, "month": 10, "species_sci": "Corvus macrorhynchos", "species_com": "Large-billed Crow / Hashibutogarasu" }, "geometry": { "type": "Point", "coordinates": [ 79.2629, 29.6064 ] } },
{ "type": "Feature", "properties": { "decimalLatitude": 35.6291, "decimalLongitude": 139.879, "month": 10, "species_sci": "Corvus macrorhynchos", "species_com": "Large-billed Crow / Hashibutogarasu" }, "geometry": { "type": "Point", "coordinates": [ 139.879, 35.6291 ] } },
{ "type": "Feature", "properties": { "decimalLatitude": 37.7402, "decimalLongitude": 127.0598, "month": 10, "species_sci": "Corvus macrorhynchos", "species_com": "Large-billed Crow / Hashibutogarasu" }, "geometry": { "type": "Point", "coordinates": [ 127.0598, 37.7402 ] } },
{ "type": "Feature", "properties": { "decimalLatitude": 22.4765, "decimalLongitude": 114.0366, "month": 10, "species_sci": "Corvus macrorhynchos", "species_com": "Large-billed Crow / Hashibutogarasu" }, "geometry": { "type": "Point", "coordinates": [ 114.0366, 22.4765 ] } },
{ "type": "Feature", "properties": { "decimalLatitude": 37.977, "decimalLongitude": 127.2767, "month": 10, "species_sci": "Corvus macrorhynchos", "species_com": "Large-billed Crow / Hashibutogarasu" }, "geometry": { "type": "Point", "coordinates": [ 127.2767, 37.977 ] } },
{ "type": "Feature", "properties": { "decimalLatitude": 13.7966, "decimalLongitude": 100.5464, "month": 10, "species_sci": "Corvus macrorhynchos", "species_com": "Large-billed Crow / Hashibutogarasu" }, "geometry": { "type": "Point", "coordinates": [ 100.5464, 13.7966 ] } },
{ "type": "Feature", "properties": { "decimalLatitude": 36.7265, "decimalLongitude": 137.0114, "month": 10, "species_sci": "Corvus macrorhynchos", "species_com": "Large-billed Crow / Hashibutogarasu" }, "geometry": { "type": "Point", "coordinates": [ 137.0114, 36.7265 ] } },
{ "type": "Feature", "properties": { "decimalLatitude": 35.0611, "decimalLongitude": 129.0201, "month": 10, "species_sci": "Corvus macrorhynchos", "species_com": "Large-billed Crow / Hashibutogarasu" }, "geometry": { "type": "Point", "coordinates": [ 129.0201, 35.0611 ] } },
{ "type": "Feature", "properties": { "decimalLatitude": 34.4012, "decimalLongitude": 132.4555, "month": 10, "species_sci": "Corvus macrorhynchos", "species_com": "Large-billed Crow / Hashibutogarasu" }, "geometry": { "type": "Point", "coordinates": [ 132.4555, 34.4012 ] } },
{ "type": "Feature", "properties": { "decimalLatitude": 6.9695, "decimalLongitude": 80.7679, "month": 10, "species_sci": "Corvus macrorhynchos", "species_com": "Large-billed Crow / Hashibutogarasu" }, "geometry": { "type": "Point", "coordinates": [ 80.7679, 6.9695 ] } },
{ "type": "Feature", "properties": { "decimalLatitude": 12.6847, "decimalLongitude": 80.1455, "month": 10, "species_sci": "Corvus macrorhynchos", "species_com": "Large-billed Crow / Hashibutogarasu" }, "geometry": { "type": "Point", "coordinates": [ 80.1455, 12.6847 ] } },
{ "type": "Feature", "properties": { "decimalLatitude": 33.9874, "decimalLongitude": 130.9122, "month": 10, "species_sci": "Corvus macrorhynchos", "species_com": "Large-billed Crow / Hashibutogarasu" }, "geometry": { "type": "Point", "coordinates": [ 130.9122, 33.9874 ] } },
{ "type": "Feature", "properties": { "decimalLatitude": 22.1252, "decimalLongitude": 113.5703, "month": 10, "species_sci": "Corvus macrorhynchos", "species_com": "Large-billed Crow / Hashibutogarasu" }, "geometry": { "type": "Point", "coordinates": [ 113.5703, 22.1252 ] } },
{ "type": "Feature", "properties": { "decimalLatitude": 37.4227, "decimalLongitude": 126.4199, "month": 10, "species_sci": "Corvus macrorhynchos", "species_com": "Large-billed Crow / Hashibutogarasu" }, "geometry": { "type": "Point", "coordinates": [ 126.4199, 37.4227 ] } },
{ "type": "Feature", "properties": { "decimalLatitude": 35.7115, "decimalLongitude": 139.7725, "month": 10, "species_sci": "Corvus macrorhynchos", "species_com": "Large-billed Crow / Hashibutogarasu" }, "geometry": { "type": "Point", "coordinates": [ 139.7725, 35.7115 ] } },
{ "type": "Feature", "properties": { "decimalLatitude": 13.7838, "decimalLongitude": 100.5436, "month": 10, "species_sci": "Corvus macrorhynchos", "species_com": "Large-billed Crow / Hashibutogarasu" }, "geometry": { "type": "Point", "coordinates": [ 100.5436, 13.7838 ] } },
{ "type": "Feature", "properties": { "decimalLatitude": 38.268, "decimalLongitude": 140.8513, "month": 10, "species_sci": "Corvus macrorhynchos", "species_com": "Large-billed Crow / Hashibutogarasu" }, "geometry": { "type": "Point", "coordinates": [ 140.8513, 38.268 ] } },
{ "type": "Feature", "properties": { "decimalLatitude": 13.7132, "decimalLongitude": 100.5368, "month": 10, "species_sci": "Corvus macrorhynchos", "species_com": "Large-billed Crow / Hashibutogarasu" }, "geometry": { "type": "Point", "coordinates": [ 100.5368, 13.7132 ] } },
{ "type": "Feature", "properties": { "decimalLatitude": 22.5086, "decimalLongitude": 114.114, "month": 10, "species_sci": "Corvus macrorhynchos", "species_com": "Large-billed Crow / Hashibutogarasu" }, "geometry": { "type": "Point", "coordinates": [ 114.114, 22.5086 ] } },
{ "type": "Feature", "properties": { "decimalLatitude": 1.3396, "decimalLongitude": 103.7305, "month": 10, "species_sci": "Corvus macrorhynchos", "species_com": "Large-billed Crow / Hashibutogarasu" }, "geometry": { "type": "Point", "coordinates": [ 103.7305, 1.3396 ] } },
{ "type": "Feature", "properties": { "decimalLatitude": 10.5393, "decimalLongitude": 99.2062, "month": 10, "species_sci": "Corvus macrorhynchos", "species_com": "Large-billed Crow / Hashibutogarasu" }, "geometry": { "type": "Point", "coordinates": [ 99.2062, 10.5393 ] } },
{ "type": "Feature", "properties": { "decimalLatitude": 13.7562, "decimalLongitude": 100.4907, "month": 10, "species_sci": "Corvus macrorhynchos", "species_com": "Large-billed Crow / Hashibutogarasu" }, "geometry": { "type": "Point", "coordinates": [ 100.4907, 13.7562 ] } },
{ "type": "Feature", "properties": { "decimalLatitude": 18.6266, "decimalLongitude": 73.7989, "month": 10, "species_sci": "Corvus macrorhynchos", "species_com": "Large-billed Crow / Hashibutogarasu" }, "geometry": { "type": "Point", "coordinates": [ 73.7989, 18.6266 ] } },
{ "type": "Feature", "properties": { "decimalLatitude": 34.6839, "decimalLongitude": 135.5298, "month": 10, "species_sci": "Corvus macrorhynchos", "species_com": "Large-billed Crow / Hashibutogarasu" }, "geometry": { "type": "Point", "coordinates": [ 135.5298, 34.6839 ] } },
{ "type": "Feature", "properties": { "decimalLatitude": 27.5689, "decimalLongitude": 84.3602, "month": 10, "species_sci": "Corvus macrorhynchos", "species_com": "Large-billed Crow / Hashibutogarasu" }, "geometry": { "type": "Point", "coordinates": [ 84.3602, 27.5689 ] } },
{ "type": "Feature", "properties": { "decimalLatitude": 39.9066, "decimalLongitude": 116.3984, "month": 10, "species_sci": "Corvus macrorhynchos", "species_com": "Large-billed Crow / Hashibutogarasu" }, "geometry": { "type": "Point", "coordinates": [ 116.3984, 39.9066 ] } },
{ "type": "Feature", "properties": { "decimalLatitude": 13.781, "decimalLongitude": 100.3204, "month": 10, "species_sci": "Corvus macrorhynchos", "species_com": "Large-billed Crow / Hashibutogarasu" }, "geometry": { "type": "Point", "coordinates": [ 100.3204, 13.781 ] } },
{ "type": "Feature", "properties": { "decimalLatitude": 37.471, "decimalLongitude": 126.9601, "month": 10, "species_sci": "Corvus macrorhynchos", "species_com": "Large-billed Crow / Hashibutogarasu" }, "geometry": { "type": "Point", "coordinates": [ 126.9601, 37.471 ] } },
{ "type": "Feature", "properties": { "decimalLatitude": 22.3548, "decimalLongitude": 114.246, "month": 10, "species_sci": "Corvus macrorhynchos", "species_com": "Large-billed Crow / Hashibutogarasu" }, "geometry": { "type": "Point", "coordinates": [ 114.246, 22.3548 ] } },
{ "type": "Feature", "properties": { "decimalLatitude": 13.7693, "decimalLongitude": 100.5091, "month": 10, "species_sci": "Corvus macrorhynchos", "species_com": "Large-billed Crow / Hashibutogarasu" }, "geometry": { "type": "Point", "coordinates": [ 100.5091, 13.7693 ] } },
{ "type": "Feature", "properties": { "decimalLatitude": 35.9842, "decimalLongitude": 127.2294, "month": 10, "species_sci": "Corvus macrorhynchos", "species_com": "Large-billed Crow / Hashibutogarasu" }, "geometry": { "type": "Point", "coordinates": [ 127.2294, 35.9842 ] } },
{ "type": "Feature", "properties": { "decimalLatitude": 35.6698, "decimalLongitude": 139.6975, "month": 10, "species_sci": "Corvus macrorhynchos", "species_com": "Large-billed Crow / Hashibutogarasu" }, "geometry": { "type": "Point", "coordinates": [ 139.6975, 35.6698 ] } },
{ "type": "Feature", "properties": { "decimalLatitude": 35.7138, "decimalLongitude": 139.7724, "month": 10, "species_sci": "Corvus macrorhynchos", "species_com": "Large-billed Crow / Hashibutogarasu" }, "geometry": { "type": "Point", "coordinates": [ 139.7724, 35.7138 ] } },
{ "type": "Feature", "properties": { "decimalLatitude": 35.694, "decimalLongitude": 139.7016, "month": 10, "species_sci": "Corvus macrorhynchos", "species_com": "Large-billed Crow / Hashibutogarasu" }, "geometry": { "type": "Point", "coordinates": [ 139.7016, 35.694 ] } },
{ "type": "Feature", "properties": { "decimalLatitude": 34.6869, "decimalLongitude": 135.5259, "month": 10, "species_sci": "Corvus macrorhynchos", "species_com": "Large-billed Crow / Hashibutogarasu" }, "geometry": { "type": "Point", "coordinates": [ 135.5259, 34.6869 ] } },
{ "type": "Feature", "properties": { "decimalLatitude": 1.41, "decimalLongitude": 103.9744, "month": 10, "species_sci": "Corvus macrorhynchos", "species_com": "Large-billed Crow / Hashibutogarasu" }, "geometry": { "type": "Point", "coordinates": [ 103.9744, 1.41 ] } },
{ "type": "Feature", "properties": { "decimalLatitude": 7.7476, "decimalLongitude": 98.7855, "month": 10, "species_sci": "Corvus macrorhynchos", "species_com": "Large-billed Crow / Hashibutogarasu" }, "geometry": { "type": "Point", "coordinates": [ 98.7855, 7.7476 ] } },
{ "type": "Feature", "properties": { "decimalLatitude": 7.8728, "decimalLongitude": 98.3749, "month": 10, "species_sci": "Corvus macrorhynchos", "species_com": "Large-billed Crow / Hashibutogarasu" }, "geometry": { "type": "Point", "coordinates": [ 98.3749, 7.8728 ] } },
{ "type": "Feature", "properties": { "decimalLatitude": 35.6972, "decimalLongitude": 139.7034, "month": 10, "species_sci": "Corvus macrorhynchos", "species_com": "Large-billed Crow / Hashibutogarasu" }, "geometry": { "type": "Point", "coordinates": [ 139.7034, 35.6972 ] } },
{ "type": "Feature", "properties": { "decimalLatitude": 11.9838, "decimalLongitude": 75.5425, "month": 10, "species_sci": "Corvus macrorhynchos", "species_com": "Large-billed Crow / Hashibutogarasu" }, "geometry": { "type": "Point", "coordinates": [ 75.5425, 11.9838 ] } },
{ "type": "Feature", "properties": { "decimalLatitude": 37.5195, "decimalLongitude": 127.1224, "month": 10, "species_sci": "Corvus macrorhynchos", "species_com": "Large-billed Crow / Hashibutogarasu" }, "geometry": { "type": "Point", "coordinates": [ 127.1224, 37.5195 ] } },
{ "type": "Feature", "properties": { "decimalLatitude": 11.1335, "decimalLongitude": 77.3872, "month": 10, "species_sci": "Corvus macrorhynchos", "species_com": "Large-billed Crow / Hashibutogarasu" }, "geometry": { "type": "Point", "coordinates": [ 77.3872, 11.1335 ] } },
{ "type": "Feature", "properties": { "decimalLatitude": 35.842, "decimalLongitude": 139.6005, "month": 10, "species_sci": "Corvus macrorhynchos", "species_com": "Large-billed Crow / Hashibutogarasu" }, "geometry": { "type": "Point", "coordinates": [ 139.6005, 35.842 ] } },
{ "type": "Feature", "properties": { "decimalLatitude": 13.7309, "decimalLongitude": 100.542, "month": 10, "species_sci": "Corvus macrorhynchos", "species_com": "Large-billed Crow / Hashibutogarasu" }, "geometry": { "type": "Point", "coordinates": [ 100.542, 13.7309 ] } },
{ "type": "Feature", "properties": { "decimalLatitude": 40.6065, "decimalLongitude": 140.4667, "month": 10, "species_sci": "Corvus macrorhynchos", "species_com": "Large-billed Crow / Hashibutogarasu" }, "geometry": { "type": "Point", "coordinates": [ 140.4667, 40.6065 ] } },
{ "type": "Feature", "properties": { "decimalLatitude": 35.7107, "decimalLongitude": 139.7726, "month": 10, "species_sci": "Corvus macrorhynchos", "species_com": "Large-billed Crow / Hashibutogarasu" }, "geometry": { "type": "Point", "coordinates": [ 139.7726, 35.7107 ] } },
{ "type": "Feature", "properties": { "decimalLatitude": 35.7147, "decimalLongitude": 139.7959, "month": 10, "species_sci": "Corvus macrorhynchos", "species_com": "Large-billed Crow / Hashibutogarasu" }, "geometry": { "type": "Point", "coordinates": [ 139.7959, 35.7147 ] } },
{ "type": "Feature", "properties": { "decimalLatitude": 27.0099, "decimalLongitude": 76.8554, "month": 10, "species_sci": "Corvus macrorhynchos", "species_com": "Large-billed Crow / Hashibutogarasu" }, "geometry": { "type": "Point", "coordinates": [ 76.8554, 27.0099 ] } },
{ "type": "Feature", "properties": { "decimalLatitude": 24.3418, "decimalLongitude": 124.1538, "month": 10, "species_sci": "Corvus macrorhynchos", "species_com": "Large-billed Crow / Hashibutogarasu" }, "geometry": { "type": "Point", "coordinates": [ 124.1538, 24.3418 ] } },
{ "type": "Feature", "properties": { "decimalLatitude": 27.5974, "decimalLongitude": 85.3823, "month": 10, "species_sci": "Corvus macrorhynchos", "species_com": "Large-billed Crow / Hashibutogarasu" }, "geometry": { "type": "Point", "coordinates": [ 85.3823, 27.5974 ] } },
{ "type": "Feature", "properties": { "decimalLatitude": 22.3569, "decimalLongitude": 113.8103, "month": 10, "species_sci": "Corvus macrorhynchos", "species_com": "Large-billed Crow / Hashibutogarasu" }, "geometry": { "type": "Point", "coordinates": [ 113.8103, 22.3569 ] } },
{ "type": "Feature", "properties": { "decimalLatitude": 19.2919, "decimalLongitude": 72.9196, "month": 10, "species_sci": "Corvus macrorhynchos", "species_com": "Large-billed Crow / Hashibutogarasu" }, "geometry": { "type": "Point", "coordinates": [ 72.9196, 19.2919 ] } },
{ "type": "Feature", "properties": { "decimalLatitude": 37.2877, "decimalLongitude": 127.0216, "month": 10, "species_sci": "Corvus macrorhynchos", "species_com": "Large-billed Crow / Hashibutogarasu" }, "geometry": { "type": "Point", "coordinates": [ 127.0216, 37.2877 ] } },
{ "type": "Feature", "properties": { "decimalLatitude": 39.9264, "decimalLongitude": 116.4022, "month": 10, "species_sci": "Corvus macrorhynchos", "species_com": "Large-billed Crow / Hashibutogarasu" }, "geometry": { "type": "Point", "coordinates": [ 116.4022, 39.9264 ] } },
{ "type": "Feature", "properties": { "decimalLatitude": 35.1938, "decimalLongitude": 136.9076, "month": 10, "species_sci": "Corvus macrorhynchos", "species_com": "Large-billed Crow / Hashibutogarasu" }, "geometry": { "type": "Point", "coordinates": [ 136.9076, 35.1938 ] } },
{ "type": "Feature", "properties": { "decimalLatitude": 36.1175, "decimalLongitude": 128.5754, "month": 10, "species_sci": "Corvus macrorhynchos", "species_com": "Large-billed Crow / Hashibutogarasu" }, "geometry": { "type": "Point", "coordinates": [ 128.5754, 36.1175 ] } },
{ "type": "Feature", "properties": { "decimalLatitude": 30.2567, "decimalLongitude": 120.1225, "month": 10, "species_sci": "Corvus macrorhynchos", "species_com": "Large-billed Crow / Hashibutogarasu" }, "geometry": { "type": "Point", "coordinates": [ 120.1225, 30.2567 ] } },
{ "type": "Feature", "properties": { "decimalLatitude": 11.9841, "decimalLongitude": 75.5418, "month": 10, "species_sci": "Corvus macrorhynchos", "species_com": "Large-billed Crow / Hashibutogarasu" }, "geometry": { "type": "Point", "coordinates": [ 75.5418, 11.9841 ] } },
{ "type": "Feature", "properties": { "decimalLatitude": 9.784, "decimalLongitude": 76.3098, "month": 10, "species_sci": "Corvus macrorhynchos", "species_com": "Large-billed Crow / Hashibutogarasu" }, "geometry": { "type": "Point", "coordinates": [ 76.3098, 9.784 ] } },
{ "type": "Feature", "properties": { "decimalLatitude": 35.6291, "decimalLongitude": 139.4405, "month": 10, "species_sci": "Corvus macrorhynchos", "species_com": "Large-billed Crow / Hashibutogarasu" }, "geometry": { "type": "Point", "coordinates": [ 139.4405, 35.6291 ] } },
{ "type": "Feature", "properties": { "decimalLatitude": 37.2886, "decimalLongitude": 127.0128, "month": 10, "species_sci": "Corvus macrorhynchos", "species_com": "Large-billed Crow / Hashibutogarasu" }, "geometry": { "type": "Point", "coordinates": [ 127.0128, 37.2886 ] } },
{ "type": "Feature", "properties": { "decimalLatitude": 39.9829, "decimalLongitude": 116.3583, "month": 10, "species_sci": "Corvus macrorhynchos", "species_com": "Large-billed Crow / Hashibutogarasu" }, "geometry": { "type": "Point", "coordinates": [ 116.3583, 39.9829 ] } },
{ "type": "Feature", "properties": { "decimalLatitude": 37.9769, "decimalLongitude": 127.2748, "month": 10, "species_sci": "Corvus macrorhynchos", "species_com": "Large-billed Crow / Hashibutogarasu" }, "geometry": { "type": "Point", "coordinates": [ 127.2748, 37.9769 ] } },
{ "type": "Feature", "properties": { "decimalLatitude": 14.8742, "decimalLongitude": 74.1338, "month": 10, "species_sci": "Corvus macrorhynchos", "species_com": "Large-billed Crow / Hashibutogarasu" }, "geometry": { "type": "Point", "coordinates": [ 74.1338, 14.8742 ] } },
{ "type": "Feature", "properties": { "decimalLatitude": 12.8198, "decimalLongitude": 77.7267, "month": 10, "species_sci": "Corvus macrorhynchos", "species_com": "Large-billed Crow / Hashibutogarasu" }, "geometry": { "type": "Point", "coordinates": [ 77.7267, 12.8198 ] } },
{ "type": "Feature", "properties": { "decimalLatitude": 34.3956, "decimalLongitude": 132.4533, "month": 10, "species_sci": "Corvus macrorhynchos", "species_com": "Large-billed Crow / Hashibutogarasu" }, "geometry": { "type": "Point", "coordinates": [ 132.4533, 34.3956 ] } },
{ "type": "Feature", "properties": { "decimalLatitude": 35.6425, "decimalLongitude": 139.4604, "month": 10, "species_sci": "Corvus macrorhynchos", "species_com": "Large-billed Crow / Hashibutogarasu" }, "geometry": { "type": "Point", "coordinates": [ 139.4604, 35.6425 ] } },
{ "type": "Feature", "properties": { "decimalLatitude": 35.6609, "decimalLongitude": 139.7658, "month": 10, "species_sci": "Corvus macrorhynchos", "species_com": "Large-billed Crow / Hashibutogarasu" }, "geometry": { "type": "Point", "coordinates": [ 139.7658, 35.6609 ] } },
{ "type": "Feature", "properties": { "decimalLatitude": 39.938, "decimalLongitude": 116.3351, "month": 10, "species_sci": "Corvus macrorhynchos", "species_com": "Large-billed Crow / Hashibutogarasu" }, "geometry": { "type": "Point", "coordinates": [ 116.3351, 39.938 ] } },
{ "type": "Feature", "properties": { "decimalLatitude": 23.7177, "decimalLongitude": 81.0225, "month": 10, "species_sci": "Corvus macrorhynchos", "species_com": "Large-billed Crow / Hashibutogarasu" }, "geometry": { "type": "Point", "coordinates": [ 81.0225, 23.7177 ] } },
{ "type": "Feature", "properties": { "decimalLatitude": 13.7487, "decimalLongitude": 100.4947, "month": 10, "species_sci": "Corvus macrorhynchos", "species_com": "Large-billed Crow / Hashibutogarasu" }, "geometry": { "type": "Point", "coordinates": [ 100.4947, 13.7487 ] } },
{ "type": "Feature", "properties": { "decimalLatitude": 1.4462, "decimalLongitude": 103.7286, "month": 10, "species_sci": "Corvus macrorhynchos", "species_com": "Large-billed Crow / Hashibutogarasu" }, "geometry": { "type": "Point", "coordinates": [ 103.7286, 1.4462 ] } },
{ "type": "Feature", "properties": { "decimalLatitude": 21.8515, "decimalLongitude": 79.2582, "month": 10, "species_sci": "Corvus macrorhynchos", "species_com": "Large-billed Crow / Hashibutogarasu" }, "geometry": { "type": "Point", "coordinates": [ 79.2582, 21.8515 ] } },
{ "type": "Feature", "properties": { "decimalLatitude": 9.9085, "decimalLongitude": 76.7026, "month": 10, "species_sci": "Corvus macrorhynchos", "species_com": "Large-billed Crow / Hashibutogarasu" }, "geometry": { "type": "Point", "coordinates": [ 76.7026, 9.9085 ] } },
{ "type": "Feature", "properties": { "decimalLatitude": 40.0543, "decimalLongitude": 115.6737, "month": 10, "species_sci": "Corvus macrorhynchos", "species_com": "Large-billed Crow / Hashibutogarasu" }, "geometry": { "type": "Point", "coordinates": [ 115.6737, 40.0543 ] } },
{ "type": "Feature", "properties": { "decimalLatitude": 13.8064, "decimalLongitude": 100.5528, "month": 10, "species_sci": "Corvus macrorhynchos", "species_com": "Large-billed Crow / Hashibutogarasu" }, "geometry": { "type": "Point", "coordinates": [ 100.5528, 13.8064 ] } },
{ "type": "Feature", "properties": { "decimalLatitude": 13.7309, "decimalLongitude": 100.5551, "month": 10, "species_sci": "Corvus macrorhynchos", "species_com": "Large-billed Crow / Hashibutogarasu" }, "geometry": { "type": "Point", "coordinates": [ 100.5551, 13.7309 ] } },
{ "type": "Feature", "properties": { "decimalLatitude": 37.9789, "decimalLongitude": 127.817, "month": 10, "species_sci": "Corvus macrorhynchos", "species_com": "Large-billed Crow / Hashibutogarasu" }, "geometry": { "type": "Point", "coordinates": [ 127.817, 37.9789 ] } },
{ "type": "Feature", "properties": { "decimalLatitude": 36.4904, "decimalLongitude": 140.0009, "month": 10, "species_sci": "Corvus macrorhynchos", "species_com": "Large-billed Crow / Hashibutogarasu" }, "geometry": { "type": "Point", "coordinates": [ 140.0009, 36.4904 ] } },
{ "type": "Feature", "properties": { "decimalLatitude": 27.9989, "decimalLongitude": 85.5583, "month": 10, "species_sci": "Corvus macrorhynchos", "species_com": "Large-billed Crow / Hashibutogarasu" }, "geometry": { "type": "Point", "coordinates": [ 85.5583, 27.9989 ] } },
{ "type": "Feature", "properties": { "decimalLatitude": 35.0139, "decimalLongitude": 135.6818, "month": 10, "species_sci": "Corvus macrorhynchos", "species_com": "Large-billed Crow / Hashibutogarasu" }, "geometry": { "type": "Point", "coordinates": [ 135.6818, 35.0139 ] } },
{ "type": "Feature", "properties": { "decimalLatitude": 35.0232, "decimalLongitude": 135.7617, "month": 10, "species_sci": "Corvus macrorhynchos", "species_com": "Large-billed Crow / Hashibutogarasu" }, "geometry": { "type": "Point", "coordinates": [ 135.7617, 35.0232 ] } },
{ "type": "Feature", "properties": { "decimalLatitude": 43.7709, "decimalLongitude": 142.365, "month": 10, "species_sci": "Corvus macrorhynchos", "species_com": "Large-billed Crow / Hashibutogarasu" }, "geometry": { "type": "Point", "coordinates": [ 142.365, 43.7709 ] } },
{ "type": "Feature", "properties": { "decimalLatitude": 37.6819, "decimalLongitude": 126.8868, "month": 10, "species_sci": "Corvus macrorhynchos", "species_com": "Large-billed Crow / Hashibutogarasu" }, "geometry": { "type": "Point", "coordinates": [ 126.8868, 37.6819 ] } },
{ "type": "Feature", "properties": { "decimalLatitude": 35.8975, "decimalLongitude": 139.9404, "month": 10, "species_sci": "Corvus macrorhynchos", "species_com": "Large-billed Crow / Hashibutogarasu" }, "geometry": { "type": "Point", "coordinates": [ 139.9404, 35.8975 ] } },
{ "type": "Feature", "properties": { "decimalLatitude": 29.5246, "decimalLongitude": 99.9097, "month": 10, "species_sci": "Corvus macrorhynchos", "species_com": "Large-billed Crow / Hashibutogarasu" }, "geometry": { "type": "Point", "coordinates": [ 99.9097, 29.5246 ] } },
{ "type": "Feature", "properties": { "decimalLatitude": 22.3148, "decimalLongitude": 114.1787, "month": 10, "species_sci": "Corvus macrorhynchos", "species_com": "Large-billed Crow / Hashibutogarasu" }, "geometry": { "type": "Point", "coordinates": [ 114.1787, 22.3148 ] } },
{ "type": "Feature", "properties": { "decimalLatitude": 35.4611, "decimalLongitude": 139.6369, "month": 10, "species_sci": "Corvus macrorhynchos", "species_com": "Large-billed Crow / Hashibutogarasu" }, "geometry": { "type": "Point", "coordinates": [ 139.6369, 35.4611 ] } },
{ "type": "Feature", "properties": { "decimalLatitude": 35.6997, "decimalLongitude": 139.7143, "month": 10, "species_sci": "Corvus macrorhynchos", "species_com": "Large-billed Crow / Hashibutogarasu" }, "geometry": { "type": "Point", "coordinates": [ 139.7143, 35.6997 ] } },
{ "type": "Feature", "properties": { "decimalLatitude": 18.6355, "decimalLongitude": 74.2551, "month": 10, "species_sci": "Corvus macrorhynchos", "species_com": "Large-billed Crow / Hashibutogarasu" }, "geometry": { "type": "Point", "coordinates": [ 74.2551, 18.6355 ] } },
{ "type": "Feature", "properties": { "decimalLatitude": 13.7617, "decimalLongitude": 100.5408, "month": 10, "species_sci": "Corvus macrorhynchos", "species_com": "Large-billed Crow / Hashibutogarasu" }, "geometry": { "type": "Point", "coordinates": [ 100.5408, 13.7617 ] } },
{ "type": "Feature", "properties": { "decimalLatitude": 22.2199, "decimalLongitude": 113.9181, "month": 10, "species_sci": "Corvus macrorhynchos", "species_com": "Large-billed Crow / Hashibutogarasu" }, "geometry": { "type": "Point", "coordinates": [ 113.9181, 22.2199 ] } },
{ "type": "Feature", "properties": { "decimalLatitude": 14.6459, "decimalLongitude": 103.4011, "month": 10, "species_sci": "Corvus macrorhynchos", "species_com": "Large-billed Crow / Hashibutogarasu" }, "geometry": { "type": "Point", "coordinates": [ 103.4011, 14.6459 ] } },
{ "type": "Feature", "properties": { "decimalLatitude": 6.8994, "decimalLongitude": 80.9012, "month": 10, "species_sci": "Corvus macrorhynchos", "species_com": "Large-billed Crow / Hashibutogarasu" }, "geometry": { "type": "Point", "coordinates": [ 80.9012, 6.8994 ] } },
{ "type": "Feature", "properties": { "decimalLatitude": 22.272, "decimalLongitude": 113.9969, "month": 10, "species_sci": "Corvus macrorhynchos", "species_com": "Large-billed Crow / Hashibutogarasu" }, "geometry": { "type": "Point", "coordinates": [ 113.9969, 22.272 ] } },
{ "type": "Feature", "properties": { "decimalLatitude": 12.0224, "decimalLongitude": 79.8465, "month": 10, "species_sci": "Corvus macrorhynchos", "species_com": "Large-billed Crow / Hashibutogarasu" }, "geometry": { "type": "Point", "coordinates": [ 79.8465, 12.0224 ] } },
{ "type": "Feature", "properties": { "decimalLatitude": 18.4913, "decimalLongitude": 73.7863, "month": 10, "species_sci": "Corvus macrorhynchos", "species_com": "Large-billed Crow / Hashibutogarasu" }, "geometry": { "type": "Point", "coordinates": [ 73.7863, 18.4913 ] } },
{ "type": "Feature", "properties": { "decimalLatitude": 37.9768, "decimalLongitude": 127.2768, "month": 10, "species_sci": "Corvus macrorhynchos", "species_com": "Large-billed Crow / Hashibutogarasu" }, "geometry": { "type": "Point", "coordinates": [ 127.2768, 37.9768 ] } },
{ "type": "Feature", "properties": { "decimalLatitude": 9.7905, "decimalLongitude": 76.3046, "month": 10, "species_sci": "Corvus macrorhynchos", "species_com": "Large-billed Crow / Hashibutogarasu" }, "geometry": { "type": "Point", "coordinates": [ 76.3046, 9.7905 ] } },
{ "type": "Feature", "properties": { "decimalLatitude": 42.9778, "decimalLongitude": 144.3729, "month": 10, "species_sci": "Corvus macrorhynchos", "species_com": "Large-billed Crow / Hashibutogarasu" }, "geometry": { "type": "Point", "coordinates": [ 144.3729, 42.9778 ] } },
{ "type": "Feature", "properties": { "decimalLatitude": 37.5679, "decimalLongitude": 126.9883, "month": 10, "species_sci": "Corvus macrorhynchos", "species_com": "Large-billed Crow / Hashibutogarasu" }, "geometry": { "type": "Point", "coordinates": [ 126.9883, 37.5679 ] } },
{ "type": "Feature", "properties": { "decimalLatitude": 13.1514, "decimalLongitude": 100.0627, "month": 10, "species_sci": "Corvus macrorhynchos", "species_com": "Large-billed Crow / Hashibutogarasu" }, "geometry": { "type": "Point", "coordinates": [ 100.0627, 13.1514 ] } },
{ "type": "Feature", "properties": { "decimalLatitude": 25.0135, "decimalLongitude": 121.9205, "month": 10, "species_sci": "Corvus macrorhynchos", "species_com": "Large-billed Crow / Hashibutogarasu" }, "geometry": { "type": "Point", "coordinates": [ 121.9205, 25.0135 ] } },
{ "type": "Feature", "properties": { "decimalLatitude": 12.7839, "decimalLongitude": 80.2359, "month": 10, "species_sci": "Corvus macrorhynchos", "species_com": "Large-billed Crow / Hashibutogarasu" }, "geometry": { "type": "Point", "coordinates": [ 80.2359, 12.7839 ] } },
{ "type": "Feature", "properties": { "decimalLatitude": 37.3653, "decimalLongitude": 127.8205, "month": 10, "species_sci": "Corvus macrorhynchos", "species_com": "Large-billed Crow / Hashibutogarasu" }, "geometry": { "type": "Point", "coordinates": [ 127.8205, 37.3653 ] } },
{ "type": "Feature", "properties": { "decimalLatitude": 26.8954, "decimalLongitude": 88.0683, "month": 10, "species_sci": "Corvus macrorhynchos", "species_com": "Large-billed Crow / Hashibutogarasu" }, "geometry": { "type": "Point", "coordinates": [ 88.0683, 26.8954 ] } },
{ "type": "Feature", "properties": { "decimalLatitude": 19.2243, "decimalLongitude": 73.1025, "month": 10, "species_sci": "Corvus macrorhynchos", "species_com": "Large-billed Crow / Hashibutogarasu" }, "geometry": { "type": "Point", "coordinates": [ 73.1025, 19.2243 ] } },
{ "type": "Feature", "properties": { "decimalLatitude": 34.9913, "decimalLongitude": 135.7619, "month": 10, "species_sci": "Corvus macrorhynchos", "species_com": "Large-billed Crow / Hashibutogarasu" }, "geometry": { "type": "Point", "coordinates": [ 135.7619, 34.9913 ] } },
{ "type": "Feature", "properties": { "decimalLatitude": 23.1544, "decimalLongitude": 121.2855, "month": 10, "species_sci": "Corvus macrorhynchos", "species_com": "Large-billed Crow / Hashibutogarasu" }, "geometry": { "type": "Point", "coordinates": [ 121.2855, 23.1544 ] } },
{ "type": "Feature", "properties": { "decimalLatitude": 35.0095, "decimalLongitude": 135.6762, "month": 10, "species_sci": "Corvus macrorhynchos", "species_com": "Large-billed Crow / Hashibutogarasu" }, "geometry": { "type": "Point", "coordinates": [ 135.6762, 35.0095 ] } },
{ "type": "Feature", "properties": { "decimalLatitude": 13.1525, "decimalLongitude": 75.3031, "month": 10, "species_sci": "Corvus macrorhynchos", "species_com": "Large-billed Crow / Hashibutogarasu" }, "geometry": { "type": "Point", "coordinates": [ 75.3031, 13.1525 ] } },
{ "type": "Feature", "properties": { "decimalLatitude": 13.7609, "decimalLongitude": 100.4936, "month": 10, "species_sci": "Corvus macrorhynchos", "species_com": "Large-billed Crow / Hashibutogarasu" }, "geometry": { "type": "Point", "coordinates": [ 100.4936, 13.7609 ] } },
{ "type": "Feature", "properties": { "decimalLatitude": 8.491, "decimalLongitude": 76.9725, "month": 10, "species_sci": "Corvus macrorhynchos", "species_com": "Large-billed Crow / Hashibutogarasu" }, "geometry": { "type": "Point", "coordinates": [ 76.9725, 8.491 ] } },
{ "type": "Feature", "properties": { "decimalLatitude": 9.1318, "decimalLongitude": 76.4643, "month": 10, "species_sci": "Corvus macrorhynchos", "species_com": "Large-billed Crow / Hashibutogarasu" }, "geometry": { "type": "Point", "coordinates": [ 76.4643, 9.1318 ] } },
{ "type": "Feature", "properties": { "decimalLatitude": 10.7642, "decimalLongitude": 106.725, "month": 10, "species_sci": "Corvus macrorhynchos", "species_com": "Large-billed Crow / Hashibutogarasu" }, "geometry": { "type": "Point", "coordinates": [ 106.725, 10.7642 ] } },
{ "type": "Feature", "properties": { "decimalLatitude": 27.4703, "decimalLongitude": 90.1829, "month": 10, "species_sci": "Corvus macrorhynchos", "species_com": "Large-billed Crow / Hashibutogarasu" }, "geometry": { "type": "Point", "coordinates": [ 90.1829, 27.4703 ] } },
{ "type": "Feature", "properties": { "decimalLatitude": 35.1173, "decimalLongitude": 129.1271, "month": 10, "species_sci": "Corvus macrorhynchos", "species_com": "Large-billed Crow / Hashibutogarasu" }, "geometry": { "type": "Point", "coordinates": [ 129.1271, 35.1173 ] } },
{ "type": "Feature", "properties": { "decimalLatitude": 34.2999, "decimalLongitude": 136.8614, "month": 10, "species_sci": "Corvus macrorhynchos", "species_com": "Large-billed Crow / Hashibutogarasu" }, "geometry": { "type": "Point", "coordinates": [ 136.8614, 34.2999 ] } },
{ "type": "Feature", "properties": { "decimalLatitude": 37.5231, "decimalLongitude": 126.933, "month": 10, "species_sci": "Corvus macrorhynchos", "species_com": "Large-billed Crow / Hashibutogarasu" }, "geometry": { "type": "Point", "coordinates": [ 126.933, 37.5231 ] } },
{ "type": "Feature", "properties": { "decimalLatitude": 35.6733, "decimalLongitude": 139.7021, "month": 10, "species_sci": "Corvus macrorhynchos", "species_com": "Large-billed Crow / Hashibutogarasu" }, "geometry": { "type": "Point", "coordinates": [ 139.7021, 35.6733 ] } },
{ "type": "Feature", "properties": { "decimalLatitude": 36.0021, "decimalLongitude": 128.4727, "month": 10, "species_sci": "Corvus macrorhynchos", "species_com": "Large-billed Crow / Hashibutogarasu" }, "geometry": { "type": "Point", "coordinates": [ 128.4727, 36.0021 ] } },
{ "type": "Feature", "properties": { "decimalLatitude": 39.9254, "decimalLongitude": 116.3893, "month": 10, "species_sci": "Corvus macrorhynchos", "species_com": "Large-billed Crow / Hashibutogarasu" }, "geometry": { "type": "Point", "coordinates": [ 116.3893, 39.9254 ] } },
{ "type": "Feature", "properties": { "decimalLatitude": 7.8508, "decimalLongitude": 98.2938, "month": 10, "species_sci": "Corvus macrorhynchos", "species_com": "Large-billed Crow / Hashibutogarasu" }, "geometry": { "type": "Point", "coordinates": [ 98.2938, 7.8508 ] } },
{ "type": "Feature", "properties": { "decimalLatitude": 37.3774, "decimalLongitude": 127.0404, "month": 10, "species_sci": "Corvus macrorhynchos", "species_com": "Large-billed Crow / Hashibutogarasu" }, "geometry": { "type": "Point", "coordinates": [ 127.0404, 37.3774 ] } },
{ "type": "Feature", "properties": { "decimalLatitude": 35.7133, "decimalLongitude": 139.7942, "month": 10, "species_sci": "Corvus macrorhynchos", "species_com": "Large-billed Crow / Hashibutogarasu" }, "geometry": { "type": "Point", "coordinates": [ 139.7942, 35.7133 ] } },
{ "type": "Feature", "properties": { "decimalLatitude": -8.6554, "decimalLongitude": 114.3664, "month": 10, "species_sci": "Corvus macrorhynchos", "species_com": "Large-billed Crow / Hashibutogarasu" }, "geometry": { "type": "Point", "coordinates": [ 114.3664, -8.6554 ] } },
{ "type": "Feature", "properties": { "decimalLatitude": 35.017, "decimalLongitude": 135.6688, "month": 10, "species_sci": "Corvus macrorhynchos", "species_com": "Large-billed Crow / Hashibutogarasu" }, "geometry": { "type": "Point", "coordinates": [ 135.6688, 35.017 ] } },
{ "type": "Feature", "properties": { "decimalLatitude": 35.6906, "decimalLongitude": 139.7582, "month": 10, "species_sci": "Corvus macrorhynchos", "species_com": "Large-billed Crow / Hashibutogarasu" }, "geometry": { "type": "Point", "coordinates": [ 139.7582, 35.6906 ] } },
{ "type": "Feature", "properties": { "decimalLatitude": 20.1687, "decimalLongitude": 85.5426, "month": 10, "species_sci": "Corvus macrorhynchos", "species_com": "Large-billed Crow / Hashibutogarasu" }, "geometry": { "type": "Point", "coordinates": [ 85.5426, 20.1687 ] } },
{ "type": "Feature", "properties": { "decimalLatitude": 35.6338, "decimalLongitude": 139.4459, "month": 11, "species_sci": "Corvus macrorhynchos", "species_com": "Large-billed Crow / Hashibutogarasu" }, "geometry": { "type": "Point", "coordinates": [ 139.4459, 35.6338 ] } },
{ "type": "Feature", "properties": { "decimalLatitude": 31.8388, "decimalLongitude": 75.9137, "month": 11, "species_sci": "Corvus macrorhynchos", "species_com": "Large-billed Crow / Hashibutogarasu" }, "geometry": { "type": "Point", "coordinates": [ 75.9137, 31.8388 ] } },
{ "type": "Feature", "properties": { "decimalLatitude": 39.9244, "decimalLongitude": 116.3963, "month": 11, "species_sci": "Corvus macrorhynchos", "species_com": "Large-billed Crow / Hashibutogarasu" }, "geometry": { "type": "Point", "coordinates": [ 116.3963, 39.9244 ] } },
{ "type": "Feature", "properties": { "decimalLatitude": 13.8066, "decimalLongitude": 100.5524, "month": 11, "species_sci": "Corvus macrorhynchos", "species_com": "Large-billed Crow / Hashibutogarasu" }, "geometry": { "type": "Point", "coordinates": [ 100.5524, 13.8066 ] } },
{ "type": "Feature", "properties": { "decimalLatitude": 35.7278, "decimalLongitude": 139.7925, "month": 11, "species_sci": "Corvus macrorhynchos", "species_com": "Large-billed Crow / Hashibutogarasu" }, "geometry": { "type": "Point", "coordinates": [ 139.7925, 35.7278 ] } },
{ "type": "Feature", "properties": { "decimalLatitude": 6.8676, "decimalLongitude": 80.5643, "month": 11, "species_sci": "Corvus macrorhynchos", "species_com": "Large-billed Crow / Hashibutogarasu" }, "geometry": { "type": "Point", "coordinates": [ 80.5643, 6.8676 ] } },
{ "type": "Feature", "properties": { "decimalLatitude": 6.1828, "decimalLongitude": 81.2052, "month": 11, "species_sci": "Corvus macrorhynchos", "species_com": "Large-billed Crow / Hashibutogarasu" }, "geometry": { "type": "Point", "coordinates": [ 81.2052, 6.1828 ] } },
{ "type": "Feature", "properties": { "decimalLatitude": 28.7305, "decimalLongitude": 77.11, "month": 11, "species_sci": "Corvus macrorhynchos", "species_com": "Large-billed Crow / Hashibutogarasu" }, "geometry": { "type": "Point", "coordinates": [ 77.11, 28.7305 ] } },
{ "type": "Feature", "properties": { "decimalLatitude": 13.0134, "decimalLongitude": 80.2774, "month": 11, "species_sci": "Corvus macrorhynchos", "species_com": "Large-billed Crow / Hashibutogarasu" }, "geometry": { "type": "Point", "coordinates": [ 80.2774, 13.0134 ] } },
{ "type": "Feature", "properties": { "decimalLatitude": 37.2978, "decimalLongitude": 127.0679, "month": 11, "species_sci": "Corvus macrorhynchos", "species_com": "Large-billed Crow / Hashibutogarasu" }, "geometry": { "type": "Point", "coordinates": [ 127.0679, 37.2978 ] } },
{ "type": "Feature", "properties": { "decimalLatitude": 35.6893, "decimalLongitude": 139.7535, "month": 11, "species_sci": "Corvus macrorhynchos", "species_com": "Large-billed Crow / Hashibutogarasu" }, "geometry": { "type": "Point", "coordinates": [ 139.7535, 35.6893 ] } },
{ "type": "Feature", "properties": { "decimalLatitude": 13.7301, "decimalLongitude": 100.5574, "month": 11, "species_sci": "Corvus macrorhynchos", "species_com": "Large-billed Crow / Hashibutogarasu" }, "geometry": { "type": "Point", "coordinates": [ 100.5574, 13.7301 ] } },
{ "type": "Feature", "properties": { "decimalLatitude": 28.3762, "decimalLongitude": 83.81, "month": 11, "species_sci": "Corvus macrorhynchos", "species_com": "Large-billed Crow / Hashibutogarasu" }, "geometry": { "type": "Point", "coordinates": [ 83.81, 28.3762 ] } },
{ "type": "Feature", "properties": { "decimalLatitude": 35.6608, "decimalLongitude": 139.6976, "month": 11, "species_sci": "Corvus macrorhynchos", "species_com": "Large-billed Crow / Hashibutogarasu" }, "geometry": { "type": "Point", "coordinates": [ 139.6976, 35.6608 ] } },
{ "type": "Feature", "properties": { "decimalLatitude": 9.89, "decimalLongitude": 76.3115, "month": 11, "species_sci": "Corvus macrorhynchos", "species_com": "Large-billed Crow / Hashibutogarasu" }, "geometry": { "type": "Point", "coordinates": [ 76.3115, 9.89 ] } },
{ "type": "Feature", "properties": { "decimalLatitude": 27.3904, "decimalLongitude": 90.9824, "month": 11, "species_sci": "Corvus macrorhynchos", "species_com": "Large-billed Crow / Hashibutogarasu" }, "geometry": { "type": "Point", "coordinates": [ 90.9824, 27.3904 ] } },
{ "type": "Feature", "properties": { "decimalLatitude": 12.8158, "decimalLongitude": 77.5516, "month": 11, "species_sci": "Corvus macrorhynchos", "species_com": "Large-billed Crow / Hashibutogarasu" }, "geometry": { "type": "Point", "coordinates": [ 77.5516, 12.8158 ] } },
{ "type": "Feature", "properties": { "decimalLatitude": 24.2623, "decimalLongitude": 120.9947, "month": 11, "species_sci": "Corvus macrorhynchos", "species_com": "Large-billed Crow / Hashibutogarasu" }, "geometry": { "type": "Point", "coordinates": [ 120.9947, 24.2623 ] } },
{ "type": "Feature", "properties": { "decimalLatitude": 13.7574, "decimalLongitude": 100.4956, "month": 11, "species_sci": "Corvus macrorhynchos", "species_com": "Large-billed Crow / Hashibutogarasu" }, "geometry": { "type": "Point", "coordinates": [ 100.4956, 13.7574 ] } },
{ "type": "Feature", "properties": { "decimalLatitude": 3.2249, "decimalLongitude": 101.6234, "month": 11, "species_sci": "Corvus macrorhynchos", "species_com": "Large-billed Crow / Hashibutogarasu" }, "geometry": { "type": "Point", "coordinates": [ 101.6234, 3.2249 ] } },
{ "type": "Feature", "properties": { "decimalLatitude": 35.7014, "decimalLongitude": 139.8359, "month": 11, "species_sci": "Corvus macrorhynchos", "species_com": "Large-billed Crow / Hashibutogarasu" }, "geometry": { "type": "Point", "coordinates": [ 139.8359, 35.7014 ] } },
{ "type": "Feature", "properties": { "decimalLatitude": 37.4447, "decimalLongitude": 127.097, "month": 11, "species_sci": "Corvus macrorhynchos", "species_com": "Large-billed Crow / Hashibutogarasu" }, "geometry": { "type": "Point", "coordinates": [ 127.097, 37.4447 ] } },
{ "type": "Feature", "properties": { "decimalLatitude": 35.0454, "decimalLongitude": 128.9668, "month": 11, "species_sci": "Corvus macrorhynchos", "species_com": "Large-billed Crow / Hashibutogarasu" }, "geometry": { "type": "Point", "coordinates": [ 128.9668, 35.0454 ] } },
{ "type": "Feature", "properties": { "decimalLatitude": 37.4638, "decimalLongitude": 127.1634, "month": 11, "species_sci": "Corvus macrorhynchos", "species_com": "Large-billed Crow / Hashibutogarasu" }, "geometry": { "type": "Point", "coordinates": [ 127.1634, 37.4638 ] } },
{ "type": "Feature", "properties": { "decimalLatitude": 35.6269, "decimalLongitude": 140.1026, "month": 11, "species_sci": "Corvus macrorhynchos", "species_com": "Large-billed Crow / Hashibutogarasu" }, "geometry": { "type": "Point", "coordinates": [ 140.1026, 35.6269 ] } },
{ "type": "Feature", "properties": { "decimalLatitude": 13.499, "decimalLongitude": 100.4242, "month": 11, "species_sci": "Corvus macrorhynchos", "species_com": "Large-billed Crow / Hashibutogarasu" }, "geometry": { "type": "Point", "coordinates": [ 100.4242, 13.499 ] } },
{ "type": "Feature", "properties": { "decimalLatitude": 13.8054, "decimalLongitude": 100.5529, "month": 11, "species_sci": "Corvus macrorhynchos", "species_com": "Large-billed Crow / Hashibutogarasu" }, "geometry": { "type": "Point", "coordinates": [ 100.5529, 13.8054 ] } },
{ "type": "Feature", "properties": { "decimalLatitude": 40.038, "decimalLongitude": 115.4963, "month": 11, "species_sci": "Corvus macrorhynchos", "species_com": "Large-billed Crow / Hashibutogarasu" }, "geometry": { "type": "Point", "coordinates": [ 115.4963, 40.038 ] } },
{ "type": "Feature", "properties": { "decimalLatitude": 35.8542, "decimalLongitude": 127.7466, "month": 11, "species_sci": "Corvus macrorhynchos", "species_com": "Large-billed Crow / Hashibutogarasu" }, "geometry": { "type": "Point", "coordinates": [ 127.7466, 35.8542 ] } },
{ "type": "Feature", "properties": { "decimalLatitude": 13.7294, "decimalLongitude": 100.5401, "month": 11, "species_sci": "Corvus macrorhynchos", "species_com": "Large-billed Crow / Hashibutogarasu" }, "geometry": { "type": "Point", "coordinates": [ 100.5401, 13.7294 ] } },
{ "type": "Feature", "properties": { "decimalLatitude": 37.8364, "decimalLongitude": 127.1558, "month": 11, "species_sci": "Corvus macrorhynchos", "species_com": "Large-billed Crow / Hashibutogarasu" }, "geometry": { "type": "Point", "coordinates": [ 127.1558, 37.8364 ] } },
{ "type": "Feature", "properties": { "decimalLatitude": 39.7771, "decimalLongitude": 116.4606, "month": 11, "species_sci": "Corvus macrorhynchos", "species_com": "Large-billed Crow / Hashibutogarasu" }, "geometry": { "type": "Point", "coordinates": [ 116.4606, 39.7771 ] } },
{ "type": "Feature", "properties": { "decimalLatitude": 37.9784, "decimalLongitude": 127.2763, "month": 11, "species_sci": "Corvus macrorhynchos", "species_com": "Large-billed Crow / Hashibutogarasu" }, "geometry": { "type": "Point", "coordinates": [ 127.2763, 37.9784 ] } },
{ "type": "Feature", "properties": { "decimalLatitude": 35.6745, "decimalLongitude": 139.7021, "month": 11, "species_sci": "Corvus macrorhynchos", "species_com": "Large-billed Crow / Hashibutogarasu" }, "geometry": { "type": "Point", "coordinates": [ 139.7021, 35.6745 ] } },
{ "type": "Feature", "properties": { "decimalLatitude": 35.6862, "decimalLongitude": 139.76, "month": 11, "species_sci": "Corvus macrorhynchos", "species_com": "Large-billed Crow / Hashibutogarasu" }, "geometry": { "type": "Point", "coordinates": [ 139.76, 35.6862 ] } },
{ "type": "Feature", "properties": { "decimalLatitude": 27.5676, "decimalLongitude": 84.1953, "month": 11, "species_sci": "Corvus macrorhynchos", "species_com": "Large-billed Crow / Hashibutogarasu" }, "geometry": { "type": "Point", "coordinates": [ 84.1953, 27.5676 ] } },
{ "type": "Feature", "properties": { "decimalLatitude": 34.3913, "decimalLongitude": 132.4689, "month": 11, "species_sci": "Corvus macrorhynchos", "species_com": "Large-billed Crow / Hashibutogarasu" }, "geometry": { "type": "Point", "coordinates": [ 132.4689, 34.3913 ] } },
{ "type": "Feature", "properties": { "decimalLatitude": 18.0453, "decimalLongitude": 83.4314, "month": 11, "species_sci": "Corvus macrorhynchos", "species_com": "Large-billed Crow / Hashibutogarasu" }, "geometry": { "type": "Point", "coordinates": [ 83.4314, 18.0453 ] } },
{ "type": "Feature", "properties": { "decimalLatitude": 7.1027, "decimalLongitude": 99.7618, "month": 11, "species_sci": "Corvus macrorhynchos", "species_com": "Large-billed Crow / Hashibutogarasu" }, "geometry": { "type": "Point", "coordinates": [ 99.7618, 7.1027 ] } },
{ "type": "Feature", "properties": { "decimalLatitude": 37.9785, "decimalLongitude": 127.2764, "month": 11, "species_sci": "Corvus macrorhynchos", "species_com": "Large-billed Crow / Hashibutogarasu" }, "geometry": { "type": "Point", "coordinates": [ 127.2764, 37.9785 ] } },
{ "type": "Feature", "properties": { "decimalLatitude": 35.6825, "decimalLongitude": 139.7565, "month": 11, "species_sci": "Corvus macrorhynchos", "species_com": "Large-billed Crow / Hashibutogarasu" }, "geometry": { "type": "Point", "coordinates": [ 139.7565, 35.6825 ] } },
{ "type": "Feature", "properties": { "decimalLatitude": 27.0594, "decimalLongitude": 88.0247, "month": 11, "species_sci": "Corvus macrorhynchos", "species_com": "Large-billed Crow / Hashibutogarasu" }, "geometry": { "type": "Point", "coordinates": [ 88.0247, 27.0594 ] } },
{ "type": "Feature", "properties": { "decimalLatitude": 27.1775, "decimalLongitude": 77.5077, "month": 11, "species_sci": "Corvus macrorhynchos", "species_com": "Large-billed Crow / Hashibutogarasu" }, "geometry": { "type": "Point", "coordinates": [ 77.5077, 27.1775 ] } },
{ "type": "Feature", "properties": { "decimalLatitude": 27.4548, "decimalLongitude": 90.1717, "month": 11, "species_sci": "Corvus macrorhynchos", "species_com": "Large-billed Crow / Hashibutogarasu" }, "geometry": { "type": "Point", "coordinates": [ 90.1717, 27.4548 ] } },
{ "type": "Feature", "properties": { "decimalLatitude": 27.6146, "decimalLongitude": 84.1538, "month": 11, "species_sci": "Corvus macrorhynchos", "species_com": "Large-billed Crow / Hashibutogarasu" }, "geometry": { "type": "Point", "coordinates": [ 84.1538, 27.6146 ] } },
{ "type": "Feature", "properties": { "decimalLatitude": 8.3698, "decimalLongitude": 80.0759, "month": 11, "species_sci": "Corvus macrorhynchos", "species_com": "Large-billed Crow / Hashibutogarasu" }, "geometry": { "type": "Point", "coordinates": [ 80.0759, 8.3698 ] } },
{ "type": "Feature", "properties": { "decimalLatitude": 37.9774, "decimalLongitude": 127.2761, "month": 11, "species_sci": "Corvus macrorhynchos", "species_com": "Large-billed Crow / Hashibutogarasu" }, "geometry": { "type": "Point", "coordinates": [ 127.2761, 37.9774 ] } },
{ "type": "Feature", "properties": { "decimalLatitude": -8.6879, "decimalLongitude": 115.188, "month": 11, "species_sci": "Corvus macrorhynchos", "species_com": "Large-billed Crow / Hashibutogarasu" }, "geometry": { "type": "Point", "coordinates": [ 115.188, -8.6879 ] } },
{ "type": "Feature", "properties": { "decimalLatitude": 37.5489, "decimalLongitude": 126.9967, "month": 11, "species_sci": "Corvus macrorhynchos", "species_com": "Large-billed Crow / Hashibutogarasu" }, "geometry": { "type": "Point", "coordinates": [ 126.9967, 37.5489 ] } },
{ "type": "Feature", "properties": { "decimalLatitude": 35.6398, "decimalLongitude": 139.8656, "month": 11, "species_sci": "Corvus macrorhynchos", "species_com": "Large-billed Crow / Hashibutogarasu" }, "geometry": { "type": "Point", "coordinates": [ 139.8656, 35.6398 ] } },
{ "type": "Feature", "properties": { "decimalLatitude": 37.7882, "decimalLongitude": 126.2477, "month": 11, "species_sci": "Corvus macrorhynchos", "species_com": "Large-billed Crow / Hashibutogarasu" }, "geometry": { "type": "Point", "coordinates": [ 126.2477, 37.7882 ] } },
{ "type": "Feature", "properties": { "decimalLatitude": 27.5719, "decimalLongitude": 84.1898, "month": 11, "species_sci": "Corvus macrorhynchos", "species_com": "Large-billed Crow / Hashibutogarasu" }, "geometry": { "type": "Point", "coordinates": [ 84.1898, 27.5719 ] } },
{ "type": "Feature", "properties": { "decimalLatitude": 13.7282, "decimalLongitude": 100.5407, "month": 11, "species_sci": "Corvus macrorhynchos", "species_com": "Large-billed Crow / Hashibutogarasu" }, "geometry": { "type": "Point", "coordinates": [ 100.5407, 13.7282 ] } },
{ "type": "Feature", "properties": { "decimalLatitude": 35.0281, "decimalLongitude": 135.7822, "month": 11, "species_sci": "Corvus macrorhynchos", "species_com": "Large-billed Crow / Hashibutogarasu" }, "geometry": { "type": "Point", "coordinates": [ 135.7822, 35.0281 ] } },
{ "type": "Feature", "properties": { "decimalLatitude": 20.7455, "decimalLongitude": 73.5599, "month": 11, "species_sci": "Corvus macrorhynchos", "species_com": "Large-billed Crow / Hashibutogarasu" }, "geometry": { "type": "Point", "coordinates": [ 73.5599, 20.7455 ] } },
{ "type": "Feature", "properties": { "decimalLatitude": 35.0057, "decimalLongitude": 135.7745, "month": 11, "species_sci": "Corvus macrorhynchos", "species_com": "Large-billed Crow / Hashibutogarasu" }, "geometry": { "type": "Point", "coordinates": [ 135.7745, 35.0057 ] } },
{ "type": "Feature", "properties": { "decimalLatitude": 13.7556, "decimalLongitude": 100.4987, "month": 11, "species_sci": "Corvus macrorhynchos", "species_com": "Large-billed Crow / Hashibutogarasu" }, "geometry": { "type": "Point", "coordinates": [ 100.4987, 13.7556 ] } },
{ "type": "Feature", "properties": { "decimalLatitude": 37.9774, "decimalLongitude": 127.276, "month": 11, "species_sci": "Corvus macrorhynchos", "species_com": "Large-billed Crow / Hashibutogarasu" }, "geometry": { "type": "Point", "coordinates": [ 127.276, 37.9774 ] } },
{ "type": "Feature", "properties": { "decimalLatitude": 37.0426, "decimalLongitude": 137.8444, "month": 11, "species_sci": "Corvus macrorhynchos", "species_com": "Large-billed Crow / Hashibutogarasu" }, "geometry": { "type": "Point", "coordinates": [ 137.8444, 37.0426 ] } },
{ "type": "Feature", "properties": { "decimalLatitude": 24.7678, "decimalLongitude": 121.221, "month": 11, "species_sci": "Corvus macrorhynchos", "species_com": "Large-billed Crow / Hashibutogarasu" }, "geometry": { "type": "Point", "coordinates": [ 121.221, 24.7678 ] } },
{ "type": "Feature", "properties": { "decimalLatitude": 23.0302, "decimalLongitude": 72.5759, "month": 11, "species_sci": "Corvus macrorhynchos", "species_com": "Large-billed Crow / Hashibutogarasu" }, "geometry": { "type": "Point", "coordinates": [ 72.5759, 23.0302 ] } },
{ "type": "Feature", "properties": { "decimalLatitude": 14.4539, "decimalLongitude": 101.3597, "month": 11, "species_sci": "Corvus macrorhynchos", "species_com": "Large-billed Crow / Hashibutogarasu" }, "geometry": { "type": "Point", "coordinates": [ 101.3597, 14.4539 ] } },
{ "type": "Feature", "properties": { "decimalLatitude": 37.3927, "decimalLongitude": 127.0922, "month": 11, "species_sci": "Corvus macrorhynchos", "species_com": "Large-billed Crow / Hashibutogarasu" }, "geometry": { "type": "Point", "coordinates": [ 127.0922, 37.3927 ] } },
{ "type": "Feature", "properties": { "decimalLatitude": 39.931, "decimalLongitude": 116.4791, "month": 11, "species_sci": "Corvus macrorhynchos", "species_com": "Large-billed Crow / Hashibutogarasu" }, "geometry": { "type": "Point", "coordinates": [ 116.4791, 39.931 ] } },
{ "type": "Feature", "properties": { "decimalLatitude": 37.4598, "decimalLongitude": 127.304, "month": 11, "species_sci": "Corvus macrorhynchos", "species_com": "Large-billed Crow / Hashibutogarasu" }, "geometry": { "type": "Point", "coordinates": [ 127.304, 37.4598 ] } },
{ "type": "Feature", "properties": { "decimalLatitude": 35.7653, "decimalLongitude": 127.7417, "month": 11, "species_sci": "Corvus macrorhynchos", "species_com": "Large-billed Crow / Hashibutogarasu" }, "geometry": { "type": "Point", "coordinates": [ 127.7417, 35.7653 ] } },
{ "type": "Feature", "properties": { "decimalLatitude": 37.9769, "decimalLongitude": 127.2767, "month": 11, "species_sci": "Corvus macrorhynchos", "species_com": "Large-billed Crow / Hashibutogarasu" }, "geometry": { "type": "Point", "coordinates": [ 127.2767, 37.9769 ] } },
{ "type": "Feature", "properties": { "decimalLatitude": 35.0277, "decimalLongitude": 135.7639, "month": 11, "species_sci": "Corvus macrorhynchos", "species_com": "Large-billed Crow / Hashibutogarasu" }, "geometry": { "type": "Point", "coordinates": [ 135.7639, 35.0277 ] } },
{ "type": "Feature", "properties": { "decimalLatitude": 37.3586, "decimalLongitude": 127.1279, "month": 11, "species_sci": "Corvus macrorhynchos", "species_com": "Large-billed Crow / Hashibutogarasu" }, "geometry": { "type": "Point", "coordinates": [ 127.1279, 37.3586 ] } },
{ "type": "Feature", "properties": { "decimalLatitude": 27.0591, "decimalLongitude": 88.0249, "month": 11, "species_sci": "Corvus macrorhynchos", "species_com": "Large-billed Crow / Hashibutogarasu" }, "geometry": { "type": "Point", "coordinates": [ 88.0249, 27.0591 ] } },
{ "type": "Feature", "properties": { "decimalLatitude": 23.9021, "decimalLongitude": 121.5473, "month": 11, "species_sci": "Corvus macrorhynchos", "species_com": "Large-billed Crow / Hashibutogarasu" }, "geometry": { "type": "Point", "coordinates": [ 121.5473, 23.9021 ] } },
{ "type": "Feature", "properties": { "decimalLatitude": 35.1778, "decimalLongitude": 128.581, "month": 11, "species_sci": "Corvus macrorhynchos", "species_com": "Large-billed Crow / Hashibutogarasu" }, "geometry": { "type": "Point", "coordinates": [ 128.581, 35.1778 ] } },
{ "type": "Feature", "properties": { "decimalLatitude": 30.0485, "decimalLongitude": 80.2274, "month": 11, "species_sci": "Corvus macrorhynchos", "species_com": "Large-billed Crow / Hashibutogarasu" }, "geometry": { "type": "Point", "coordinates": [ 80.2274, 30.0485 ] } },
{ "type": "Feature", "properties": { "decimalLatitude": 35.6398, "decimalLongitude": 139.8657, "month": 11, "species_sci": "Corvus macrorhynchos", "species_com": "Large-billed Crow / Hashibutogarasu" }, "geometry": { "type": "Point", "coordinates": [ 139.8657, 35.6398 ] } },
{ "type": "Feature", "properties": { "decimalLatitude": 35.6852, "decimalLongitude": 139.7559, "month": 11, "species_sci": "Corvus macrorhynchos", "species_com": "Large-billed Crow / Hashibutogarasu" }, "geometry": { "type": "Point", "coordinates": [ 139.7559, 35.6852 ] } },
{ "type": "Feature", "properties": { "decimalLatitude": 23.6718, "decimalLongitude": 120.7967, "month": 11, "species_sci": "Corvus macrorhynchos", "species_com": "Large-billed Crow / Hashibutogarasu" }, "geometry": { "type": "Point", "coordinates": [ 120.7967, 23.6718 ] } },
{ "type": "Feature", "properties": { "decimalLatitude": 35.687, "decimalLongitude": 139.7071, "month": 11, "species_sci": "Corvus macrorhynchos", "species_com": "Large-billed Crow / Hashibutogarasu" }, "geometry": { "type": "Point", "coordinates": [ 139.7071, 35.687 ] } },
{ "type": "Feature", "properties": { "decimalLatitude": 34.9699, "decimalLongitude": 135.7764, "month": 11, "species_sci": "Corvus macrorhynchos", "species_com": "Large-billed Crow / Hashibutogarasu" }, "geometry": { "type": "Point", "coordinates": [ 135.7764, 34.9699 ] } },
{ "type": "Feature", "properties": { "decimalLatitude": 13.1463, "decimalLongitude": 77.5663, "month": 11, "species_sci": "Corvus macrorhynchos", "species_com": "Large-billed Crow / Hashibutogarasu" }, "geometry": { "type": "Point", "coordinates": [ 77.5663, 13.1463 ] } },
{ "type": "Feature", "properties": { "decimalLatitude": 37.9769, "decimalLongitude": 127.2767, "month": 11, "species_sci": "Corvus macrorhynchos", "species_com": "Large-billed Crow / Hashibutogarasu" }, "geometry": { "type": "Point", "coordinates": [ 127.2767, 37.9769 ] } },
{ "type": "Feature", "properties": { "decimalLatitude": 13.7475, "decimalLongitude": 100.4958, "month": 11, "species_sci": "Corvus macrorhynchos", "species_com": "Large-billed Crow / Hashibutogarasu" }, "geometry": { "type": "Point", "coordinates": [ 100.4958, 13.7475 ] } },
{ "type": "Feature", "properties": { "decimalLatitude": 37.7861, "decimalLongitude": 128.5644, "month": 11, "species_sci": "Corvus macrorhynchos", "species_com": "Large-billed Crow / Hashibutogarasu" }, "geometry": { "type": "Point", "coordinates": [ 128.5644, 37.7861 ] } },
{ "type": "Feature", "properties": { "decimalLatitude": 39.917, "decimalLongitude": 116.3213, "month": 11, "species_sci": "Corvus macrorhynchos", "species_com": "Large-billed Crow / Hashibutogarasu" }, "geometry": { "type": "Point", "coordinates": [ 116.3213, 39.917 ] } },
{ "type": "Feature", "properties": { "decimalLatitude": 13.729, "decimalLongitude": 100.5557, "month": 11, "species_sci": "Corvus macrorhynchos", "species_com": "Large-billed Crow / Hashibutogarasu" }, "geometry": { "type": "Point", "coordinates": [ 100.5557, 13.729 ] } },
{ "type": "Feature", "properties": { "decimalLatitude": 18.5228, "decimalLongitude": 73.84, "month": 11, "species_sci": "Corvus macrorhynchos", "species_com": "Large-billed Crow / Hashibutogarasu" }, "geometry": { "type": "Point", "coordinates": [ 73.84, 18.5228 ] } },
{ "type": "Feature", "properties": { "decimalLatitude": 12.8177, "decimalLongitude": 77.5501, "month": 11, "species_sci": "Corvus macrorhynchos", "species_com": "Large-billed Crow / Hashibutogarasu" }, "geometry": { "type": "Point", "coordinates": [ 77.5501, 12.8177 ] } },
{ "type": "Feature", "properties": { "decimalLatitude": 13.8071, "decimalLongitude": 100.5499, "month": 11, "species_sci": "Corvus macrorhynchos", "species_com": "Large-billed Crow / Hashibutogarasu" }, "geometry": { "type": "Point", "coordinates": [ 100.5499, 13.8071 ] } },
{ "type": "Feature", "properties": { "decimalLatitude": 8.085, "decimalLongitude": 98.295, "month": 11, "species_sci": "Corvus macrorhynchos", "species_com": "Large-billed Crow / Hashibutogarasu" }, "geometry": { "type": "Point", "coordinates": [ 98.295, 8.085 ] } },
{ "type": "Feature", "properties": { "decimalLatitude": 7.1243, "decimalLongitude": 80.0492, "month": 11, "species_sci": "Corvus macrorhynchos", "species_com": "Large-billed Crow / Hashibutogarasu" }, "geometry": { "type": "Point", "coordinates": [ 80.0492, 7.1243 ] } },
{ "type": "Feature", "properties": { "decimalLatitude": 35.6275, "decimalLongitude": 139.4348, "month": 11, "species_sci": "Corvus macrorhynchos", "species_com": "Large-billed Crow / Hashibutogarasu" }, "geometry": { "type": "Point", "coordinates": [ 139.4348, 35.6275 ] } },
{ "type": "Feature", "properties": { "decimalLatitude": 35.6885, "decimalLongitude": 139.7567, "month": 11, "species_sci": "Corvus macrorhynchos", "species_com": "Large-billed Crow / Hashibutogarasu" }, "geometry": { "type": "Point", "coordinates": [ 139.7567, 35.6885 ] } },
{ "type": "Feature", "properties": { "decimalLatitude": 36.5637, "decimalLongitude": 136.6617, "month": 11, "species_sci": "Corvus macrorhynchos", "species_com": "Large-billed Crow / Hashibutogarasu" }, "geometry": { "type": "Point", "coordinates": [ 136.6617, 36.5637 ] } },
{ "type": "Feature", "properties": { "decimalLatitude": 30.3463, "decimalLongitude": 78.014, "month": 11, "species_sci": "Corvus macrorhynchos", "species_com": "Large-billed Crow / Hashibutogarasu" }, "geometry": { "type": "Point", "coordinates": [ 78.014, 30.3463 ] } },
{ "type": "Feature", "properties": { "decimalLatitude": 7.9215, "decimalLongitude": 99.2735, "month": 11, "species_sci": "Corvus macrorhynchos", "species_com": "Large-billed Crow / Hashibutogarasu" }, "geometry": { "type": "Point", "coordinates": [ 99.2735, 7.9215 ] } },
{ "type": "Feature", "properties": { "decimalLatitude": 8.8745, "decimalLongitude": 76.5914, "month": 11, "species_sci": "Corvus macrorhynchos", "species_com": "Large-billed Crow / Hashibutogarasu" }, "geometry": { "type": "Point", "coordinates": [ 76.5914, 8.8745 ] } },
{ "type": "Feature", "properties": { "decimalLatitude": 37.9801, "decimalLongitude": 127.2776, "month": 11, "species_sci": "Corvus macrorhynchos", "species_com": "Large-billed Crow / Hashibutogarasu" }, "geometry": { "type": "Point", "coordinates": [ 127.2776, 37.9801 ] } },
{ "type": "Feature", "properties": { "decimalLatitude": 30.4187, "decimalLongitude": 130.5674, "month": 11, "species_sci": "Corvus macrorhynchos", "species_com": "Large-billed Crow / Hashibutogarasu" }, "geometry": { "type": "Point", "coordinates": [ 130.5674, 30.4187 ] } },
{ "type": "Feature", "properties": { "decimalLatitude": 32.2458, "decimalLongitude": 76.336, "month": 11, "species_sci": "Corvus macrorhynchos", "species_com": "Large-billed Crow / Hashibutogarasu" }, "geometry": { "type": "Point", "coordinates": [ 76.336, 32.2458 ] } },
{ "type": "Feature", "properties": { "decimalLatitude": 13.7314, "decimalLongitude": 100.5417, "month": 11, "species_sci": "Corvus macrorhynchos", "species_com": "Large-billed Crow / Hashibutogarasu" }, "geometry": { "type": "Point", "coordinates": [ 100.5417, 13.7314 ] } },
{ "type": "Feature", "properties": { "decimalLatitude": 27.5324, "decimalLongitude": 90.6888, "month": 11, "species_sci": "Corvus macrorhynchos", "species_com": "Large-billed Crow / Hashibutogarasu" }, "geometry": { "type": "Point", "coordinates": [ 90.6888, 27.5324 ] } },
{ "type": "Feature", "properties": { "decimalLatitude": 35.6158, "decimalLongitude": 139.434, "month": 11, "species_sci": "Corvus macrorhynchos", "species_com": "Large-billed Crow / Hashibutogarasu" }, "geometry": { "type": "Point", "coordinates": [ 139.434, 35.6158 ] } },
{ "type": "Feature", "properties": { "decimalLatitude": 22.5492, "decimalLongitude": 72.6241, "month": 11, "species_sci": "Corvus macrorhynchos", "species_com": "Large-billed Crow / Hashibutogarasu" }, "geometry": { "type": "Point", "coordinates": [ 72.6241, 22.5492 ] } },
{ "type": "Feature", "properties": { "decimalLatitude": 13.729, "decimalLongitude": 100.5428, "month": 11, "species_sci": "Corvus macrorhynchos", "species_com": "Large-billed Crow / Hashibutogarasu" }, "geometry": { "type": "Point", "coordinates": [ 100.5428, 13.729 ] } },
{ "type": "Feature", "properties": { "decimalLatitude": 37.8346, "decimalLongitude": 127.1556, "month": 11, "species_sci": "Corvus macrorhynchos", "species_com": "Large-billed Crow / Hashibutogarasu" }, "geometry": { "type": "Point", "coordinates": [ 127.1556, 37.8346 ] } },
{ "type": "Feature", "properties": { "decimalLatitude": 27.0126, "decimalLongitude": 87.9283, "month": 11, "species_sci": "Corvus macrorhynchos", "species_com": "Large-billed Crow / Hashibutogarasu" }, "geometry": { "type": "Point", "coordinates": [ 87.9283, 27.0126 ] } },
{ "type": "Feature", "properties": { "decimalLatitude": 35.6904, "decimalLongitude": 127.9297, "month": 11, "species_sci": "Corvus macrorhynchos", "species_com": "Large-billed Crow / Hashibutogarasu" }, "geometry": { "type": "Point", "coordinates": [ 127.9297, 35.6904 ] } },
{ "type": "Feature", "properties": { "decimalLatitude": 37.9769, "decimalLongitude": 127.2767, "month": 11, "species_sci": "Corvus macrorhynchos", "species_com": "Large-billed Crow / Hashibutogarasu" }, "geometry": { "type": "Point", "coordinates": [ 127.2767, 37.9769 ] } },
{ "type": "Feature", "properties": { "decimalLatitude": 35.7016, "decimalLongitude": 139.836, "month": 11, "species_sci": "Corvus macrorhynchos", "species_com": "Large-billed Crow / Hashibutogarasu" }, "geometry": { "type": "Point", "coordinates": [ 139.836, 35.7016 ] } },
{ "type": "Feature", "properties": { "decimalLatitude": 18.275, "decimalLongitude": 74.5903, "month": 11, "species_sci": "Corvus macrorhynchos", "species_com": "Large-billed Crow / Hashibutogarasu" }, "geometry": { "type": "Point", "coordinates": [ 74.5903, 18.275 ] } },
{ "type": "Feature", "properties": { "decimalLatitude": 35.4396, "decimalLongitude": 139.3998, "month": 11, "species_sci": "Corvus macrorhynchos", "species_com": "Large-billed Crow / Hashibutogarasu" }, "geometry": { "type": "Point", "coordinates": [ 139.3998, 35.4396 ] } },
{ "type": "Feature", "properties": { "decimalLatitude": 12.7725, "decimalLongitude": 77.6771, "month": 11, "species_sci": "Corvus macrorhynchos", "species_com": "Large-billed Crow / Hashibutogarasu" }, "geometry": { "type": "Point", "coordinates": [ 77.6771, 12.7725 ] } },
{ "type": "Feature", "properties": { "decimalLatitude": 13.8013, "decimalLongitude": 100.4913, "month": 11, "species_sci": "Corvus macrorhynchos", "species_com": "Large-billed Crow / Hashibutogarasu" }, "geometry": { "type": "Point", "coordinates": [ 100.4913, 13.8013 ] } },
{ "type": "Feature", "properties": { "decimalLatitude": 35.738, "decimalLongitude": 139.5948, "month": 11, "species_sci": "Corvus macrorhynchos", "species_com": "Large-billed Crow / Hashibutogarasu" }, "geometry": { "type": "Point", "coordinates": [ 139.5948, 35.738 ] } },
{ "type": "Feature", "properties": { "decimalLatitude": 7.2895, "decimalLongitude": 80.6459, "month": 11, "species_sci": "Corvus macrorhynchos", "species_com": "Large-billed Crow / Hashibutogarasu" }, "geometry": { "type": "Point", "coordinates": [ 80.6459, 7.2895 ] } },
{ "type": "Feature", "properties": { "decimalLatitude": 9.2932, "decimalLongitude": 76.5381, "month": 11, "species_sci": "Corvus macrorhynchos", "species_com": "Large-billed Crow / Hashibutogarasu" }, "geometry": { "type": "Point", "coordinates": [ 76.5381, 9.2932 ] } },
{ "type": "Feature", "properties": { "decimalLatitude": 37.5787, "decimalLongitude": 126.9759, "month": 11, "species_sci": "Corvus macrorhynchos", "species_com": "Large-billed Crow / Hashibutogarasu" }, "geometry": { "type": "Point", "coordinates": [ 126.9759, 37.5787 ] } },
{ "type": "Feature", "properties": { "decimalLatitude": 33.4636, "decimalLongitude": 126.5298, "month": 11, "species_sci": "Corvus macrorhynchos", "species_com": "Large-billed Crow / Hashibutogarasu" }, "geometry": { "type": "Point", "coordinates": [ 126.5298, 33.4636 ] } },
{ "type": "Feature", "properties": { "decimalLatitude": 13.0857, "decimalLongitude": 77.5713, "month": 11, "species_sci": "Corvus macrorhynchos", "species_com": "Large-billed Crow / Hashibutogarasu" }, "geometry": { "type": "Point", "coordinates": [ 77.5713, 13.0857 ] } },
{ "type": "Feature", "properties": { "decimalLatitude": 35.6928, "decimalLongitude": 139.7115, "month": 11, "species_sci": "Corvus macrorhynchos", "species_com": "Large-billed Crow / Hashibutogarasu" }, "geometry": { "type": "Point", "coordinates": [ 139.7115, 35.6928 ] } },
{ "type": "Feature", "properties": { "decimalLatitude": 39.9197, "decimalLongitude": 116.4237, "month": 11, "species_sci": "Corvus macrorhynchos", "species_com": "Large-billed Crow / Hashibutogarasu" }, "geometry": { "type": "Point", "coordinates": [ 116.4237, 39.9197 ] } },
{ "type": "Feature", "properties": { "decimalLatitude": 37.4009, "decimalLongitude": 127.1408, "month": 11, "species_sci": "Corvus macrorhynchos", "species_com": "Large-billed Crow / Hashibutogarasu" }, "geometry": { "type": "Point", "coordinates": [ 127.1408, 37.4009 ] } },
{ "type": "Feature", "properties": { "decimalLatitude": 36.7584, "decimalLongitude": 139.5839, "month": 11, "species_sci": "Corvus macrorhynchos", "species_com": "Large-billed Crow / Hashibutogarasu" }, "geometry": { "type": "Point", "coordinates": [ 139.5839, 36.7584 ] } },
{ "type": "Feature", "properties": { "decimalLatitude": 25.0379, "decimalLongitude": 121.3856, "month": 11, "species_sci": "Corvus macrorhynchos", "species_com": "Large-billed Crow / Hashibutogarasu" }, "geometry": { "type": "Point", "coordinates": [ 121.3856, 25.0379 ] } },
{ "type": "Feature", "properties": { "decimalLatitude": 22.4417, "decimalLongitude": 88.4636, "month": 11, "species_sci": "Corvus macrorhynchos", "species_com": "Large-billed Crow / Hashibutogarasu" }, "geometry": { "type": "Point", "coordinates": [ 88.4636, 22.4417 ] } },
{ "type": "Feature", "properties": { "decimalLatitude": 18.1406, "decimalLongitude": 74.8673, "month": 11, "species_sci": "Corvus macrorhynchos", "species_com": "Large-billed Crow / Hashibutogarasu" }, "geometry": { "type": "Point", "coordinates": [ 74.8673, 18.1406 ] } },
{ "type": "Feature", "properties": { "decimalLatitude": 6.8898, "decimalLongitude": 79.9442, "month": 11, "species_sci": "Corvus macrorhynchos", "species_com": "Large-billed Crow / Hashibutogarasu" }, "geometry": { "type": "Point", "coordinates": [ 79.9442, 6.8898 ] } },
{ "type": "Feature", "properties": { "decimalLatitude": 35.7015, "decimalLongitude": 139.8358, "month": 11, "species_sci": "Corvus macrorhynchos", "species_com": "Large-billed Crow / Hashibutogarasu" }, "geometry": { "type": "Point", "coordinates": [ 139.8358, 35.7015 ] } },
{ "type": "Feature", "properties": { "decimalLatitude": 26.6108, "decimalLongitude": 93.303, "month": 11, "species_sci": "Corvus macrorhynchos", "species_com": "Large-billed Crow / Hashibutogarasu" }, "geometry": { "type": "Point", "coordinates": [ 93.303, 26.6108 ] } },
{ "type": "Feature", "properties": { "decimalLatitude": 27.5692, "decimalLongitude": 84.4847, "month": 11, "species_sci": "Corvus macrorhynchos", "species_com": "Large-billed Crow / Hashibutogarasu" }, "geometry": { "type": "Point", "coordinates": [ 84.4847, 27.5692 ] } },
{ "type": "Feature", "properties": { "decimalLatitude": 13.7307, "decimalLongitude": 100.5388, "month": 11, "species_sci": "Corvus macrorhynchos", "species_com": "Large-billed Crow / Hashibutogarasu" }, "geometry": { "type": "Point", "coordinates": [ 100.5388, 13.7307 ] } },
{ "type": "Feature", "properties": { "decimalLatitude": 35.6611, "decimalLongitude": 127.9413, "month": 11, "species_sci": "Corvus macrorhynchos", "species_com": "Large-billed Crow / Hashibutogarasu" }, "geometry": { "type": "Point", "coordinates": [ 127.9413, 35.6611 ] } },
{ "type": "Feature", "properties": { "decimalLatitude": 13.7308, "decimalLongitude": 100.5556, "month": 11, "species_sci": "Corvus macrorhynchos", "species_com": "Large-billed Crow / Hashibutogarasu" }, "geometry": { "type": "Point", "coordinates": [ 100.5556, 13.7308 ] } },
{ "type": "Feature", "properties": { "decimalLatitude": 34.6864, "decimalLongitude": 135.5308, "month": 11, "species_sci": "Corvus macrorhynchos", "species_com": "Large-billed Crow / Hashibutogarasu" }, "geometry": { "type": "Point", "coordinates": [ 135.5308, 34.6864 ] } },
{ "type": "Feature", "properties": { "decimalLatitude": 35.6158, "decimalLongitude": 139.4346, "month": 11, "species_sci": "Corvus macrorhynchos", "species_com": "Large-billed Crow / Hashibutogarasu" }, "geometry": { "type": "Point", "coordinates": [ 139.4346, 35.6158 ] } },
{ "type": "Feature", "properties": { "decimalLatitude": 27.4697, "decimalLongitude": 90.1712, "month": 11, "species_sci": "Corvus macrorhynchos", "species_com": "Large-billed Crow / Hashibutogarasu" }, "geometry": { "type": "Point", "coordinates": [ 90.1712, 27.4697 ] } },
{ "type": "Feature", "properties": { "decimalLatitude": 27.5705, "decimalLongitude": 84.3596, "month": 11, "species_sci": "Corvus macrorhynchos", "species_com": "Large-billed Crow / Hashibutogarasu" }, "geometry": { "type": "Point", "coordinates": [ 84.3596, 27.5705 ] } },
{ "type": "Feature", "properties": { "decimalLatitude": 27.4651, "decimalLongitude": 90.1697, "month": 11, "species_sci": "Corvus macrorhynchos", "species_com": "Large-billed Crow / Hashibutogarasu" }, "geometry": { "type": "Point", "coordinates": [ 90.1697, 27.4651 ] } },
{ "type": "Feature", "properties": { "decimalLatitude": 27.694, "decimalLongitude": 85.5203, "month": 11, "species_sci": "Corvus macrorhynchos", "species_com": "Large-billed Crow / Hashibutogarasu" }, "geometry": { "type": "Point", "coordinates": [ 85.5203, 27.694 ] } },
{ "type": "Feature", "properties": { "decimalLatitude": 35.642, "decimalLongitude": 139.8603, "month": 11, "species_sci": "Corvus macrorhynchos", "species_com": "Large-billed Crow / Hashibutogarasu" }, "geometry": { "type": "Point", "coordinates": [ 139.8603, 35.642 ] } },
{ "type": "Feature", "properties": { "decimalLatitude": 35.673, "decimalLongitude": 139.8791, "month": 11, "species_sci": "Corvus macrorhynchos", "species_com": "Large-billed Crow / Hashibutogarasu" }, "geometry": { "type": "Point", "coordinates": [ 139.8791, 35.673 ] } },
{ "type": "Feature", "properties": { "decimalLatitude": 25.381, "decimalLongitude": 83.0267, "month": 11, "species_sci": "Corvus macrorhynchos", "species_com": "Large-billed Crow / Hashibutogarasu" }, "geometry": { "type": "Point", "coordinates": [ 83.0267, 25.381 ] } },
{ "type": "Feature", "properties": { "decimalLatitude": 34.9908, "decimalLongitude": 135.7861, "month": 11, "species_sci": "Corvus macrorhynchos", "species_com": "Large-billed Crow / Hashibutogarasu" }, "geometry": { "type": "Point", "coordinates": [ 135.7861, 34.9908 ] } },
{ "type": "Feature", "properties": { "decimalLatitude": 6.8511, "decimalLongitude": 80.2641, "month": 11, "species_sci": "Corvus macrorhynchos", "species_com": "Large-billed Crow / Hashibutogarasu" }, "geometry": { "type": "Point", "coordinates": [ 80.2641, 6.8511 ] } },
{ "type": "Feature", "properties": { "decimalLatitude": 13.7468, "decimalLongitude": 100.494, "month": 11, "species_sci": "Corvus macrorhynchos", "species_com": "Large-billed Crow / Hashibutogarasu" }, "geometry": { "type": "Point", "coordinates": [ 100.494, 13.7468 ] } },
{ "type": "Feature", "properties": { "decimalLatitude": 9.6864, "decimalLongitude": 76.42, "month": 11, "species_sci": "Corvus macrorhynchos", "species_com": "Large-billed Crow / Hashibutogarasu" }, "geometry": { "type": "Point", "coordinates": [ 76.42, 9.6864 ] } },
{ "type": "Feature", "properties": { "decimalLatitude": 33.3727, "decimalLongitude": 130.2083, "month": 11, "species_sci": "Corvus macrorhynchos", "species_com": "Large-billed Crow / Hashibutogarasu" }, "geometry": { "type": "Point", "coordinates": [ 130.2083, 33.3727 ] } },
{ "type": "Feature", "properties": { "decimalLatitude": 28.6379, "decimalLongitude": 81.2739, "month": 11, "species_sci": "Corvus macrorhynchos", "species_com": "Large-billed Crow / Hashibutogarasu" }, "geometry": { "type": "Point", "coordinates": [ 81.2739, 28.6379 ] } },
{ "type": "Feature", "properties": { "decimalLatitude": 35.653, "decimalLongitude": 139.6001, "month": 11, "species_sci": "Corvus macrorhynchos", "species_com": "Large-billed Crow / Hashibutogarasu" }, "geometry": { "type": "Point", "coordinates": [ 139.6001, 35.653 ] } },
{ "type": "Feature", "properties": { "decimalLatitude": 18.4887, "decimalLongitude": 73.8976, "month": 11, "species_sci": "Corvus macrorhynchos", "species_com": "Large-billed Crow / Hashibutogarasu" }, "geometry": { "type": "Point", "coordinates": [ 73.8976, 18.4887 ] } },
{ "type": "Feature", "properties": { "decimalLatitude": 13.7311, "decimalLongitude": 100.5597, "month": 11, "species_sci": "Corvus macrorhynchos", "species_com": "Large-billed Crow / Hashibutogarasu" }, "geometry": { "type": "Point", "coordinates": [ 100.5597, 13.7311 ] } },
{ "type": "Feature", "properties": { "decimalLatitude": 6.1069, "decimalLongitude": 80.1921, "month": 12, "species_sci": "Corvus macrorhynchos", "species_com": "Large-billed Crow / Hashibutogarasu" }, "geometry": { "type": "Point", "coordinates": [ 80.1921, 6.1069 ] } },
{ "type": "Feature", "properties": { "decimalLatitude": 37.9769, "decimalLongitude": 127.2767, "month": 12, "species_sci": "Corvus macrorhynchos", "species_com": "Large-billed Crow / Hashibutogarasu" }, "geometry": { "type": "Point", "coordinates": [ 127.2767, 37.9769 ] } },
{ "type": "Feature", "properties": { "decimalLatitude": 6.2851, "decimalLongitude": 99.7439, "month": 12, "species_sci": "Corvus macrorhynchos", "species_com": "Large-billed Crow / Hashibutogarasu" }, "geometry": { "type": "Point", "coordinates": [ 99.7439, 6.2851 ] } },
{ "type": "Feature", "properties": { "decimalLatitude": 37.5475, "decimalLongitude": 127.0797, "month": 12, "species_sci": "Corvus macrorhynchos", "species_com": "Large-billed Crow / Hashibutogarasu" }, "geometry": { "type": "Point", "coordinates": [ 127.0797, 37.5475 ] } },
{ "type": "Feature", "properties": { "decimalLatitude": 40.0092, "decimalLongitude": 116.2037, "month": 12, "species_sci": "Corvus macrorhynchos", "species_com": "Large-billed Crow / Hashibutogarasu" }, "geometry": { "type": "Point", "coordinates": [ 116.2037, 40.0092 ] } },
{ "type": "Feature", "properties": { "decimalLatitude": 37.5098, "decimalLongitude": 127.0775, "month": 12, "species_sci": "Corvus macrorhynchos", "species_com": "Large-billed Crow / Hashibutogarasu" }, "geometry": { "type": "Point", "coordinates": [ 127.0775, 37.5098 ] } },
{ "type": "Feature", "properties": { "decimalLatitude": 37.9774, "decimalLongitude": 127.2762, "month": 12, "species_sci": "Corvus macrorhynchos", "species_com": "Large-billed Crow / Hashibutogarasu" }, "geometry": { "type": "Point", "coordinates": [ 127.2762, 37.9774 ] } },
{ "type": "Feature", "properties": { "decimalLatitude": 37.9763, "decimalLongitude": 127.2743, "month": 12, "species_sci": "Corvus macrorhynchos", "species_com": "Large-billed Crow / Hashibutogarasu" }, "geometry": { "type": "Point", "coordinates": [ 127.2743, 37.9763 ] } },
{ "type": "Feature", "properties": { "decimalLatitude": 40.4136, "decimalLongitude": 116.6691, "month": 12, "species_sci": "Corvus macrorhynchos", "species_com": "Large-billed Crow / Hashibutogarasu" }, "geometry": { "type": "Point", "coordinates": [ 116.6691, 40.4136 ] } },
{ "type": "Feature", "properties": { "decimalLatitude": 37.9779, "decimalLongitude": 127.2756, "month": 12, "species_sci": "Corvus macrorhynchos", "species_com": "Large-billed Crow / Hashibutogarasu" }, "geometry": { "type": "Point", "coordinates": [ 127.2756, 37.9779 ] } },
{ "type": "Feature", "properties": { "decimalLatitude": 35.7867, "decimalLongitude": 140.3213, "month": 12, "species_sci": "Corvus macrorhynchos", "species_com": "Large-billed Crow / Hashibutogarasu" }, "geometry": { "type": "Point", "coordinates": [ 140.3213, 35.7867 ] } },
{ "type": "Feature", "properties": { "decimalLatitude": 22.4417, "decimalLongitude": 88.4636, "month": 12, "species_sci": "Corvus macrorhynchos", "species_com": "Large-billed Crow / Hashibutogarasu" }, "geometry": { "type": "Point", "coordinates": [ 88.4636, 22.4417 ] } },
{ "type": "Feature", "properties": { "decimalLatitude": 8.0929, "decimalLongitude": 98.2988, "month": 12, "species_sci": "Corvus macrorhynchos", "species_com": "Large-billed Crow / Hashibutogarasu" }, "geometry": { "type": "Point", "coordinates": [ 98.2988, 8.0929 ] } },
{ "type": "Feature", "properties": { "decimalLatitude": 22.3024, "decimalLongitude": 114.2675, "month": 12, "species_sci": "Corvus macrorhynchos", "species_com": "Large-billed Crow / Hashibutogarasu" }, "geometry": { "type": "Point", "coordinates": [ 114.2675, 22.3024 ] } },
{ "type": "Feature", "properties": { "decimalLatitude": 7.8676, "decimalLongitude": 98.3987, "month": 12, "species_sci": "Corvus macrorhynchos", "species_com": "Large-billed Crow / Hashibutogarasu" }, "geometry": { "type": "Point", "coordinates": [ 98.3987, 7.8676 ] } },
{ "type": "Feature", "properties": { "decimalLatitude": 35.5814, "decimalLongitude": 139.7645, "month": 12, "species_sci": "Corvus macrorhynchos", "species_com": "Large-billed Crow / Hashibutogarasu" }, "geometry": { "type": "Point", "coordinates": [ 139.7645, 35.5814 ] } },
{ "type": "Feature", "properties": { "decimalLatitude": 37.9752, "decimalLongitude": 127.2744, "month": 12, "species_sci": "Corvus macrorhynchos", "species_com": "Large-billed Crow / Hashibutogarasu" }, "geometry": { "type": "Point", "coordinates": [ 127.2744, 37.9752 ] } },
{ "type": "Feature", "properties": { "decimalLatitude": 37.5525, "decimalLongitude": 126.9869, "month": 12, "species_sci": "Corvus macrorhynchos", "species_com": "Large-billed Crow / Hashibutogarasu" }, "geometry": { "type": "Point", "coordinates": [ 126.9869, 37.5525 ] } },
{ "type": "Feature", "properties": { "decimalLatitude": 37.9768, "decimalLongitude": 127.2767, "month": 12, "species_sci": "Corvus macrorhynchos", "species_com": "Large-billed Crow / Hashibutogarasu" }, "geometry": { "type": "Point", "coordinates": [ 127.2767, 37.9768 ] } },
{ "type": "Feature", "properties": { "decimalLatitude": 37.5522, "decimalLongitude": 126.924, "month": 12, "species_sci": "Corvus macrorhynchos", "species_com": "Large-billed Crow / Hashibutogarasu" }, "geometry": { "type": "Point", "coordinates": [ 126.924, 37.5522 ] } },
{ "type": "Feature", "properties": { "decimalLatitude": 6.9644, "decimalLongitude": 80.7727, "month": 12, "species_sci": "Corvus macrorhynchos", "species_com": "Large-billed Crow / Hashibutogarasu" }, "geometry": { "type": "Point", "coordinates": [ 80.7727, 6.9644 ] } },
{ "type": "Feature", "properties": { "decimalLatitude": 8.7225, "decimalLongitude": 98.2349, "month": 12, "species_sci": "Corvus macrorhynchos", "species_com": "Large-billed Crow / Hashibutogarasu" }, "geometry": { "type": "Point", "coordinates": [ 98.2349, 8.7225 ] } },
{ "type": "Feature", "properties": { "decimalLatitude": 35.498, "decimalLongitude": 127.8142, "month": 12, "species_sci": "Corvus macrorhynchos", "species_com": "Large-billed Crow / Hashibutogarasu" }, "geometry": { "type": "Point", "coordinates": [ 127.8142, 35.498 ] } },
{ "type": "Feature", "properties": { "decimalLatitude": 37.9765, "decimalLongitude": 127.2763, "month": 12, "species_sci": "Corvus macrorhynchos", "species_com": "Large-billed Crow / Hashibutogarasu" }, "geometry": { "type": "Point", "coordinates": [ 127.2763, 37.9765 ] } },
{ "type": "Feature", "properties": { "decimalLatitude": 6.4419, "decimalLongitude": 80.8633, "month": 12, "species_sci": "Corvus macrorhynchos", "species_com": "Large-billed Crow / Hashibutogarasu" }, "geometry": { "type": "Point", "coordinates": [ 80.8633, 6.4419 ] } },
{ "type": "Feature", "properties": { "decimalLatitude": 9.7984, "decimalLongitude": 76.2934, "month": 12, "species_sci": "Corvus macrorhynchos", "species_com": "Large-billed Crow / Hashibutogarasu" }, "geometry": { "type": "Point", "coordinates": [ 76.2934, 9.7984 ] } },
{ "type": "Feature", "properties": { "decimalLatitude": 28.5662, "decimalLongitude": 77.3115, "month": 12, "species_sci": "Corvus macrorhynchos", "species_com": "Large-billed Crow / Hashibutogarasu" }, "geometry": { "type": "Point", "coordinates": [ 77.3115, 28.5662 ] } },
{ "type": "Feature", "properties": { "decimalLatitude": 37.9769, "decimalLongitude": 127.2767, "month": 12, "species_sci": "Corvus macrorhynchos", "species_com": "Large-billed Crow / Hashibutogarasu" }, "geometry": { "type": "Point", "coordinates": [ 127.2767, 37.9769 ] } },
{ "type": "Feature", "properties": { "decimalLatitude": 35.6724, "decimalLongitude": 139.6962, "month": 12, "species_sci": "Corvus macrorhynchos", "species_com": "Large-billed Crow / Hashibutogarasu" }, "geometry": { "type": "Point", "coordinates": [ 139.6962, 35.6724 ] } },
{ "type": "Feature", "properties": { "decimalLatitude": 13.7397, "decimalLongitude": 100.5241, "month": 12, "species_sci": "Corvus macrorhynchos", "species_com": "Large-billed Crow / Hashibutogarasu" }, "geometry": { "type": "Point", "coordinates": [ 100.5241, 13.7397 ] } },
{ "type": "Feature", "properties": { "decimalLatitude": 7.6744, "decimalLongitude": 98.7663, "month": 12, "species_sci": "Corvus macrorhynchos", "species_com": "Large-billed Crow / Hashibutogarasu" }, "geometry": { "type": "Point", "coordinates": [ 98.7663, 7.6744 ] } },
{ "type": "Feature", "properties": { "decimalLatitude": 20.8644, "decimalLongitude": 106.9849, "month": 12, "species_sci": "Corvus macrorhynchos", "species_com": "Large-billed Crow / Hashibutogarasu" }, "geometry": { "type": "Point", "coordinates": [ 106.9849, 20.8644 ] } },
{ "type": "Feature", "properties": { "decimalLatitude": 37.966, "decimalLongitude": 127.256, "month": 12, "species_sci": "Corvus macrorhynchos", "species_com": "Large-billed Crow / Hashibutogarasu" }, "geometry": { "type": "Point", "coordinates": [ 127.256, 37.966 ] } },
{ "type": "Feature", "properties": { "decimalLatitude": 13.8098, "decimalLongitude": 100.5507, "month": 12, "species_sci": "Corvus macrorhynchos", "species_com": "Large-billed Crow / Hashibutogarasu" }, "geometry": { "type": "Point", "coordinates": [ 100.5507, 13.8098 ] } },
{ "type": "Feature", "properties": { "decimalLatitude": 42.9931, "decimalLongitude": 144.3645, "month": 12, "species_sci": "Corvus macrorhynchos", "species_com": "Large-billed Crow / Hashibutogarasu" }, "geometry": { "type": "Point", "coordinates": [ 144.3645, 42.9931 ] } },
{ "type": "Feature", "properties": { "decimalLatitude": 24.4801, "decimalLongitude": 124.1209, "month": 12, "species_sci": "Corvus macrorhynchos", "species_com": "Large-billed Crow / Hashibutogarasu" }, "geometry": { "type": "Point", "coordinates": [ 124.1209, 24.4801 ] } },
{ "type": "Feature", "properties": { "decimalLatitude": 13.1262, "decimalLongitude": 74.9936, "month": 12, "species_sci": "Corvus macrorhynchos", "species_com": "Large-billed Crow / Hashibutogarasu" }, "geometry": { "type": "Point", "coordinates": [ 74.9936, 13.1262 ] } },
{ "type": "Feature", "properties": { "decimalLatitude": 42.9948, "decimalLongitude": 144.3671, "month": 12, "species_sci": "Corvus macrorhynchos", "species_com": "Large-billed Crow / Hashibutogarasu" }, "geometry": { "type": "Point", "coordinates": [ 144.3671, 42.9948 ] } },
{ "type": "Feature", "properties": { "decimalLatitude": 39.9466, "decimalLongitude": 116.3101, "month": 12, "species_sci": "Corvus macrorhynchos", "species_com": "Large-billed Crow / Hashibutogarasu" }, "geometry": { "type": "Point", "coordinates": [ 116.3101, 39.9466 ] } },
{ "type": "Feature", "properties": { "decimalLatitude": 13.7517, "decimalLongitude": 100.493, "month": 12, "species_sci": "Corvus macrorhynchos", "species_com": "Large-billed Crow / Hashibutogarasu" }, "geometry": { "type": "Point", "coordinates": [ 100.493, 13.7517 ] } },
{ "type": "Feature", "properties": { "decimalLatitude": 35.6381, "decimalLongitude": 139.437, "month": 12, "species_sci": "Corvus macrorhynchos", "species_com": "Large-billed Crow / Hashibutogarasu" }, "geometry": { "type": "Point", "coordinates": [ 139.437, 35.6381 ] } },
{ "type": "Feature", "properties": { "decimalLatitude": 35.6416, "decimalLongitude": 139.8664, "month": 12, "species_sci": "Corvus macrorhynchos", "species_com": "Large-billed Crow / Hashibutogarasu" }, "geometry": { "type": "Point", "coordinates": [ 139.8664, 35.6416 ] } },
{ "type": "Feature", "properties": { "decimalLatitude": 37.9752, "decimalLongitude": 127.2737, "month": 12, "species_sci": "Corvus macrorhynchos", "species_com": "Large-billed Crow / Hashibutogarasu" }, "geometry": { "type": "Point", "coordinates": [ 127.2737, 37.9752 ] } },
{ "type": "Feature", "properties": { "decimalLatitude": 8.7225, "decimalLongitude": 98.2349, "month": 12, "species_sci": "Corvus macrorhynchos", "species_com": "Large-billed Crow / Hashibutogarasu" }, "geometry": { "type": "Point", "coordinates": [ 98.2349, 8.7225 ] } },
{ "type": "Feature", "properties": { "decimalLatitude": 35.7152, "decimalLongitude": 139.7966, "month": 12, "species_sci": "Corvus macrorhynchos", "species_com": "Large-billed Crow / Hashibutogarasu" }, "geometry": { "type": "Point", "coordinates": [ 139.7966, 35.7152 ] } },
{ "type": "Feature", "properties": { "decimalLatitude": 13.7898, "decimalLongitude": 100.5484, "month": 12, "species_sci": "Corvus macrorhynchos", "species_com": "Large-billed Crow / Hashibutogarasu" }, "geometry": { "type": "Point", "coordinates": [ 100.5484, 13.7898 ] } },
{ "type": "Feature", "properties": { "decimalLatitude": 13.7322, "decimalLongitude": 100.5416, "month": 12, "species_sci": "Corvus macrorhynchos", "species_com": "Large-billed Crow / Hashibutogarasu" }, "geometry": { "type": "Point", "coordinates": [ 100.5416, 13.7322 ] } },
{ "type": "Feature", "properties": { "decimalLatitude": 13.161, "decimalLongitude": 99.8896, "month": 12, "species_sci": "Corvus macrorhynchos", "species_com": "Large-billed Crow / Hashibutogarasu" }, "geometry": { "type": "Point", "coordinates": [ 99.8896, 13.161 ] } },
{ "type": "Feature", "properties": { "decimalLatitude": 37.9836, "decimalLongitude": 127.2815, "month": 12, "species_sci": "Corvus macrorhynchos", "species_com": "Large-billed Crow / Hashibutogarasu" }, "geometry": { "type": "Point", "coordinates": [ 127.2815, 37.9836 ] } },
{ "type": "Feature", "properties": { "decimalLatitude": 37.9769, "decimalLongitude": 127.2767, "month": 12, "species_sci": "Corvus macrorhynchos", "species_com": "Large-billed Crow / Hashibutogarasu" }, "geometry": { "type": "Point", "coordinates": [ 127.2767, 37.9769 ] } },
{ "type": "Feature", "properties": { "decimalLatitude": 37.9762, "decimalLongitude": 127.2739, "month": 12, "species_sci": "Corvus macrorhynchos", "species_com": "Large-billed Crow / Hashibutogarasu" }, "geometry": { "type": "Point", "coordinates": [ 127.2739, 37.9762 ] } },
{ "type": "Feature", "properties": { "decimalLatitude": 37.9774, "decimalLongitude": 127.2762, "month": 12, "species_sci": "Corvus macrorhynchos", "species_com": "Large-billed Crow / Hashibutogarasu" }, "geometry": { "type": "Point", "coordinates": [ 127.2762, 37.9774 ] } },
{ "type": "Feature", "properties": { "decimalLatitude": 6.9694, "decimalLongitude": 80.7677, "month": 12, "species_sci": "Corvus macrorhynchos", "species_com": "Large-billed Crow / Hashibutogarasu" }, "geometry": { "type": "Point", "coordinates": [ 80.7677, 6.9694 ] } },
{ "type": "Feature", "properties": { "decimalLatitude": 37.9768, "decimalLongitude": 127.2768, "month": 12, "species_sci": "Corvus macrorhynchos", "species_com": "Large-billed Crow / Hashibutogarasu" }, "geometry": { "type": "Point", "coordinates": [ 127.2768, 37.9768 ] } },
{ "type": "Feature", "properties": { "decimalLatitude": 8.0403, "decimalLongitude": 98.8142, "month": 12, "species_sci": "Corvus macrorhynchos", "species_com": "Large-billed Crow / Hashibutogarasu" }, "geometry": { "type": "Point", "coordinates": [ 98.8142, 8.0403 ] } },
{ "type": "Feature", "properties": { "decimalLatitude": 22.2428, "decimalLongitude": 114.1578, "month": 12, "species_sci": "Corvus macrorhynchos", "species_com": "Large-billed Crow / Hashibutogarasu" }, "geometry": { "type": "Point", "coordinates": [ 114.1578, 22.2428 ] } },
{ "type": "Feature", "properties": { "decimalLatitude": 37.9772, "decimalLongitude": 127.2762, "month": 12, "species_sci": "Corvus macrorhynchos", "species_com": "Large-billed Crow / Hashibutogarasu" }, "geometry": { "type": "Point", "coordinates": [ 127.2762, 37.9772 ] } },
{ "type": "Feature", "properties": { "decimalLatitude": 37.9775, "decimalLongitude": 127.2763, "month": 12, "species_sci": "Corvus macrorhynchos", "species_com": "Large-billed Crow / Hashibutogarasu" }, "geometry": { "type": "Point", "coordinates": [ 127.2763, 37.9775 ] } },
{ "type": "Feature", "properties": { "decimalLatitude": 37.9768, "decimalLongitude": 127.2769, "month": 12, "species_sci": "Corvus macrorhynchos", "species_com": "Large-billed Crow / Hashibutogarasu" }, "geometry": { "type": "Point", "coordinates": [ 127.2769, 37.9768 ] } },
{ "type": "Feature", "properties": { "decimalLatitude": 6.8018, "decimalLongitude": 80.8074, "month": 12, "species_sci": "Corvus macrorhynchos", "species_com": "Large-billed Crow / Hashibutogarasu" }, "geometry": { "type": "Point", "coordinates": [ 80.8074, 6.8018 ] } },
{ "type": "Feature", "properties": { "decimalLatitude": 35.7638, "decimalLongitude": 127.7391, "month": 12, "species_sci": "Corvus macrorhynchos", "species_com": "Large-billed Crow / Hashibutogarasu" }, "geometry": { "type": "Point", "coordinates": [ 127.7391, 35.7638 ] } },
{ "type": "Feature", "properties": { "decimalLatitude": 37.9767, "decimalLongitude": 127.2757, "month": 12, "species_sci": "Corvus macrorhynchos", "species_com": "Large-billed Crow / Hashibutogarasu" }, "geometry": { "type": "Point", "coordinates": [ 127.2757, 37.9767 ] } },
{ "type": "Feature", "properties": { "decimalLatitude": 8.7225, "decimalLongitude": 98.2349, "month": 12, "species_sci": "Corvus macrorhynchos", "species_com": "Large-billed Crow / Hashibutogarasu" }, "geometry": { "type": "Point", "coordinates": [ 98.2349, 8.7225 ] } },
{ "type": "Feature", "properties": { "decimalLatitude": 35.3474, "decimalLongitude": 139.7606, "month": 12, "species_sci": "Corvus macrorhynchos", "species_com": "Large-billed Crow / Hashibutogarasu" }, "geometry": { "type": "Point", "coordinates": [ 139.7606, 35.3474 ] } },
{ "type": "Feature", "properties": { "decimalLatitude": 34.6907, "decimalLongitude": 135.512, "month": 12, "species_sci": "Corvus macrorhynchos", "species_com": "Large-billed Crow / Hashibutogarasu" }, "geometry": { "type": "Point", "coordinates": [ 135.512, 34.6907 ] } },
{ "type": "Feature", "properties": { "decimalLatitude": 37.9773, "decimalLongitude": 127.2763, "month": 12, "species_sci": "Corvus macrorhynchos", "species_com": "Large-billed Crow / Hashibutogarasu" }, "geometry": { "type": "Point", "coordinates": [ 127.2763, 37.9773 ] } },
{ "type": "Feature", "properties": { "decimalLatitude": 13.3435, "decimalLongitude": 100.9423, "month": 12, "species_sci": "Corvus macrorhynchos", "species_com": "Large-billed Crow / Hashibutogarasu" }, "geometry": { "type": "Point", "coordinates": [ 100.9423, 13.3435 ] } },
{ "type": "Feature", "properties": { "decimalLatitude": 22.4635, "decimalLongitude": 89.4675, "month": 12, "species_sci": "Corvus macrorhynchos", "species_com": "Large-billed Crow / Hashibutogarasu" }, "geometry": { "type": "Point", "coordinates": [ 89.4675, 22.4635 ] } },
{ "type": "Feature", "properties": { "decimalLatitude": 37.976, "decimalLongitude": 127.2751, "month": 12, "species_sci": "Corvus macrorhynchos", "species_com": "Large-billed Crow / Hashibutogarasu" }, "geometry": { "type": "Point", "coordinates": [ 127.2751, 37.976 ] } },
{ "type": "Feature", "properties": { "decimalLatitude": 37.9775, "decimalLongitude": 127.2764, "month": 12, "species_sci": "Corvus macrorhynchos", "species_com": "Large-billed Crow / Hashibutogarasu" }, "geometry": { "type": "Point", "coordinates": [ 127.2764, 37.9775 ] } },
{ "type": "Feature", "properties": { "decimalLatitude": 7.8214, "decimalLongitude": 98.2964, "month": 12, "species_sci": "Corvus macrorhynchos", "species_com": "Large-billed Crow / Hashibutogarasu" }, "geometry": { "type": "Point", "coordinates": [ 98.2964, 7.8214 ] } },
{ "type": "Feature", "properties": { "decimalLatitude": 22.4572, "decimalLongitude": 114.2998, "month": 12, "species_sci": "Corvus macrorhynchos", "species_com": "Large-billed Crow / Hashibutogarasu" }, "geometry": { "type": "Point", "coordinates": [ 114.2998, 22.4572 ] } },
{ "type": "Feature", "properties": { "decimalLatitude": 37.9769, "decimalLongitude": 127.2767, "month": 12, "species_sci": "Corvus macrorhynchos", "species_com": "Large-billed Crow / Hashibutogarasu" }, "geometry": { "type": "Point", "coordinates": [ 127.2767, 37.9769 ] } },
{ "type": "Feature", "properties": { "decimalLatitude": 8.6655, "decimalLongitude": 97.6487, "month": 12, "species_sci": "Corvus macrorhynchos", "species_com": "Large-billed Crow / Hashibutogarasu" }, "geometry": { "type": "Point", "coordinates": [ 97.6487, 8.6655 ] } },
{ "type": "Feature", "properties": { "decimalLatitude": 35.7049, "decimalLongitude": 139.7135, "month": 12, "species_sci": "Corvus macrorhynchos", "species_com": "Large-billed Crow / Hashibutogarasu" }, "geometry": { "type": "Point", "coordinates": [ 139.7135, 35.7049 ] } },
{ "type": "Feature", "properties": { "decimalLatitude": 37.9769, "decimalLongitude": 127.2767, "month": 12, "species_sci": "Corvus macrorhynchos", "species_com": "Large-billed Crow / Hashibutogarasu" }, "geometry": { "type": "Point", "coordinates": [ 127.2767, 37.9769 ] } },
{ "type": "Feature", "properties": { "decimalLatitude": 37.9773, "decimalLongitude": 127.2762, "month": 12, "species_sci": "Corvus macrorhynchos", "species_com": "Large-billed Crow / Hashibutogarasu" }, "geometry": { "type": "Point", "coordinates": [ 127.2762, 37.9773 ] } },
{ "type": "Feature", "properties": { "decimalLatitude": 37.9862, "decimalLongitude": 127.2842, "month": 12, "species_sci": "Corvus macrorhynchos", "species_com": "Large-billed Crow / Hashibutogarasu" }, "geometry": { "type": "Point", "coordinates": [ 127.2842, 37.9862 ] } },
{ "type": "Feature", "properties": { "decimalLatitude": 35.7073, "decimalLongitude": 139.8506, "month": 12, "species_sci": "Corvus macrorhynchos", "species_com": "Large-billed Crow / Hashibutogarasu" }, "geometry": { "type": "Point", "coordinates": [ 139.8506, 35.7073 ] } },
{ "type": "Feature", "properties": { "decimalLatitude": 10.3292, "decimalLongitude": 98.7734, "month": 12, "species_sci": "Corvus macrorhynchos", "species_com": "Large-billed Crow / Hashibutogarasu" }, "geometry": { "type": "Point", "coordinates": [ 98.7734, 10.3292 ] } },
{ "type": "Feature", "properties": { "decimalLatitude": 35.0269, "decimalLongitude": 135.7979, "month": 12, "species_sci": "Corvus macrorhynchos", "species_com": "Large-billed Crow / Hashibutogarasu" }, "geometry": { "type": "Point", "coordinates": [ 135.7979, 35.0269 ] } },
{ "type": "Feature", "properties": { "decimalLatitude": 23.0375, "decimalLongitude": 72.5667, "month": 12, "species_sci": "Corvus macrorhynchos", "species_com": "Large-billed Crow / Hashibutogarasu" }, "geometry": { "type": "Point", "coordinates": [ 72.5667, 23.0375 ] } },
{ "type": "Feature", "properties": { "decimalLatitude": 12.0738, "decimalLongitude": 75.2872, "month": 12, "species_sci": "Corvus macrorhynchos", "species_com": "Large-billed Crow / Hashibutogarasu" }, "geometry": { "type": "Point", "coordinates": [ 75.2872, 12.0738 ] } },
{ "type": "Feature", "properties": { "decimalLatitude": 13.9313, "decimalLongitude": 100.5759, "month": 12, "species_sci": "Corvus macrorhynchos", "species_com": "Large-billed Crow / Hashibutogarasu" }, "geometry": { "type": "Point", "coordinates": [ 100.5759, 13.9313 ] } },
{ "type": "Feature", "properties": { "decimalLatitude": 37.9769, "decimalLongitude": 127.2767, "month": 12, "species_sci": "Corvus macrorhynchos", "species_com": "Large-billed Crow / Hashibutogarasu" }, "geometry": { "type": "Point", "coordinates": [ 127.2767, 37.9769 ] } },
{ "type": "Feature", "properties": { "decimalLatitude": 37.9769, "decimalLongitude": 127.2767, "month": 12, "species_sci": "Corvus macrorhynchos", "species_com": "Large-billed Crow / Hashibutogarasu" }, "geometry": { "type": "Point", "coordinates": [ 127.2767, 37.9769 ] } },
{ "type": "Feature", "properties": { "decimalLatitude": 35.5832, "decimalLongitude": 139.7574, "month": 12, "species_sci": "Corvus macrorhynchos", "species_com": "Large-billed Crow / Hashibutogarasu" }, "geometry": { "type": "Point", "coordinates": [ 139.7574, 35.5832 ] } },
{ "type": "Feature", "properties": { "decimalLatitude": 37.9764, "decimalLongitude": 127.273, "month": 12, "species_sci": "Corvus macrorhynchos", "species_com": "Large-billed Crow / Hashibutogarasu" }, "geometry": { "type": "Point", "coordinates": [ 127.273, 37.9764 ] } },
{ "type": "Feature", "properties": { "decimalLatitude": 35.6384, "decimalLongitude": 139.7184, "month": 12, "species_sci": "Corvus macrorhynchos", "species_com": "Large-billed Crow / Hashibutogarasu" }, "geometry": { "type": "Point", "coordinates": [ 139.7184, 35.6384 ] } },
{ "type": "Feature", "properties": { "decimalLatitude": 30.2093, "decimalLongitude": 120.1383, "month": 12, "species_sci": "Corvus macrorhynchos", "species_com": "Large-billed Crow / Hashibutogarasu" }, "geometry": { "type": "Point", "coordinates": [ 120.1383, 30.2093 ] } },
{ "type": "Feature", "properties": { "decimalLatitude": 37.977, "decimalLongitude": 127.2767, "month": 12, "species_sci": "Corvus macrorhynchos", "species_com": "Large-billed Crow / Hashibutogarasu" }, "geometry": { "type": "Point", "coordinates": [ 127.2767, 37.977 ] } },
{ "type": "Feature", "properties": { "decimalLatitude": 6.9678, "decimalLongitude": 80.7689, "month": 12, "species_sci": "Corvus macrorhynchos", "species_com": "Large-billed Crow / Hashibutogarasu" }, "geometry": { "type": "Point", "coordinates": [ 80.7689, 6.9678 ] } },
{ "type": "Feature", "properties": { "decimalLatitude": 37.9769, "decimalLongitude": 127.2767, "month": 12, "species_sci": "Corvus macrorhynchos", "species_com": "Large-billed Crow / Hashibutogarasu" }, "geometry": { "type": "Point", "coordinates": [ 127.2767, 37.9769 ] } },
{ "type": "Feature", "properties": { "decimalLatitude": 37.9769, "decimalLongitude": 127.2767, "month": 12, "species_sci": "Corvus macrorhynchos", "species_com": "Large-billed Crow / Hashibutogarasu" }, "geometry": { "type": "Point", "coordinates": [ 127.2767, 37.9769 ] } },
{ "type": "Feature", "properties": { "decimalLatitude": 37.9769, "decimalLongitude": 127.2767, "month": 12, "species_sci": "Corvus macrorhynchos", "species_com": "Large-billed Crow / Hashibutogarasu" }, "geometry": { "type": "Point", "coordinates": [ 127.2767, 37.9769 ] } },
{ "type": "Feature", "properties": { "decimalLatitude": 37.9757, "decimalLongitude": 127.2751, "month": 12, "species_sci": "Corvus macrorhynchos", "species_com": "Large-billed Crow / Hashibutogarasu" }, "geometry": { "type": "Point", "coordinates": [ 127.2751, 37.9757 ] } },
{ "type": "Feature", "properties": { "decimalLatitude": 40.4109, "decimalLongitude": 116.6713, "month": 12, "species_sci": "Corvus macrorhynchos", "species_com": "Large-billed Crow / Hashibutogarasu" }, "geometry": { "type": "Point", "coordinates": [ 116.6713, 40.4109 ] } },
{ "type": "Feature", "properties": { "decimalLatitude": 22.2735, "decimalLongitude": 114.1635, "month": 12, "species_sci": "Corvus macrorhynchos", "species_com": "Large-billed Crow / Hashibutogarasu" }, "geometry": { "type": "Point", "coordinates": [ 114.1635, 22.2735 ] } },
{ "type": "Feature", "properties": { "decimalLatitude": 36.688, "decimalLongitude": 127.0284, "month": 12, "species_sci": "Corvus macrorhynchos", "species_com": "Large-billed Crow / Hashibutogarasu" }, "geometry": { "type": "Point", "coordinates": [ 127.0284, 36.688 ] } },
{ "type": "Feature", "properties": { "decimalLatitude": 8.7225, "decimalLongitude": 98.2349, "month": 12, "species_sci": "Corvus macrorhynchos", "species_com": "Large-billed Crow / Hashibutogarasu" }, "geometry": { "type": "Point", "coordinates": [ 98.2349, 8.7225 ] } },
{ "type": "Feature", "properties": { "decimalLatitude": 35.0143, "decimalLongitude": 135.7465, "month": 12, "species_sci": "Corvus macrorhynchos", "species_com": "Large-billed Crow / Hashibutogarasu" }, "geometry": { "type": "Point", "coordinates": [ 135.7465, 35.0143 ] } },
{ "type": "Feature", "properties": { "decimalLatitude": 23.6896, "decimalLongitude": 80.9474, "month": 12, "species_sci": "Corvus macrorhynchos", "species_com": "Large-billed Crow / Hashibutogarasu" }, "geometry": { "type": "Point", "coordinates": [ 80.9474, 23.6896 ] } },
{ "type": "Feature", "properties": { "decimalLatitude": 18.5366, "decimalLongitude": 98.6442, "month": 12, "species_sci": "Corvus macrorhynchos", "species_com": "Large-billed Crow / Hashibutogarasu" }, "geometry": { "type": "Point", "coordinates": [ 98.6442, 18.5366 ] } },
{ "type": "Feature", "properties": { "decimalLatitude": 37.8981, "decimalLongitude": 127.2053, "month": 12, "species_sci": "Corvus macrorhynchos", "species_com": "Large-billed Crow / Hashibutogarasu" }, "geometry": { "type": "Point", "coordinates": [ 127.2053, 37.8981 ] } },
{ "type": "Feature", "properties": { "decimalLatitude": 37.5341, "decimalLongitude": 126.8992, "month": 12, "species_sci": "Corvus macrorhynchos", "species_com": "Large-billed Crow / Hashibutogarasu" }, "geometry": { "type": "Point", "coordinates": [ 126.8992, 37.5341 ] } },
{ "type": "Feature", "properties": { "decimalLatitude": 22.7777, "decimalLongitude": 113.9627, "month": 12, "species_sci": "Corvus macrorhynchos", "species_com": "Large-billed Crow / Hashibutogarasu" }, "geometry": { "type": "Point", "coordinates": [ 113.9627, 22.7777 ] } },
{ "type": "Feature", "properties": { "decimalLatitude": 36.4727, "decimalLongitude": 138.8605, "month": 12, "species_sci": "Corvus macrorhynchos", "species_com": "Large-billed Crow / Hashibutogarasu" }, "geometry": { "type": "Point", "coordinates": [ 138.8605, 36.4727 ] } },
{ "type": "Feature", "properties": { "decimalLatitude": 6.0052, "decimalLongitude": 80.7774, "month": 12, "species_sci": "Corvus macrorhynchos", "species_com": "Large-billed Crow / Hashibutogarasu" }, "geometry": { "type": "Point", "coordinates": [ 80.7774, 6.0052 ] } },
{ "type": "Feature", "properties": { "decimalLatitude": 8.7225, "decimalLongitude": 98.2349, "month": 12, "species_sci": "Corvus macrorhynchos", "species_com": "Large-billed Crow / Hashibutogarasu" }, "geometry": { "type": "Point", "coordinates": [ 98.2349, 8.7225 ] } },
{ "type": "Feature", "properties": { "decimalLatitude": 22.2551, "decimalLongitude": 114.1604, "month": 12, "species_sci": "Corvus macrorhynchos", "species_com": "Large-billed Crow / Hashibutogarasu" }, "geometry": { "type": "Point", "coordinates": [ 114.1604, 22.2551 ] } },
{ "type": "Feature", "properties": { "decimalLatitude": 37.9769, "decimalLongitude": 127.2767, "month": 12, "species_sci": "Corvus macrorhynchos", "species_com": "Large-billed Crow / Hashibutogarasu" }, "geometry": { "type": "Point", "coordinates": [ 127.2767, 37.9769 ] } },
{ "type": "Feature", "properties": { "decimalLatitude": 35.3755, "decimalLongitude": 136.2602, "month": 12, "species_sci": "Corvus macrorhynchos", "species_com": "Large-billed Crow / Hashibutogarasu" }, "geometry": { "type": "Point", "coordinates": [ 136.2602, 35.3755 ] } },
{ "type": "Feature", "properties": { "decimalLatitude": 6.8018, "decimalLongitude": 80.8074, "month": 12, "species_sci": "Corvus macrorhynchos", "species_com": "Large-billed Crow / Hashibutogarasu" }, "geometry": { "type": "Point", "coordinates": [ 80.8074, 6.8018 ] } },
{ "type": "Feature", "properties": { "decimalLatitude": 37.9793, "decimalLongitude": 127.2766, "month": 12, "species_sci": "Corvus macrorhynchos", "species_com": "Large-billed Crow / Hashibutogarasu" }, "geometry": { "type": "Point", "coordinates": [ 127.2766, 37.9793 ] } },
{ "type": "Feature", "properties": { "decimalLatitude": 37.9769, "decimalLongitude": 127.2767, "month": 12, "species_sci": "Corvus macrorhynchos", "species_com": "Large-billed Crow / Hashibutogarasu" }, "geometry": { "type": "Point", "coordinates": [ 127.2767, 37.9769 ] } },
{ "type": "Feature", "properties": { "decimalLatitude": 26.0554, "decimalLongitude": 76.4978, "month": 12, "species_sci": "Corvus macrorhynchos", "species_com": "Large-billed Crow / Hashibutogarasu" }, "geometry": { "type": "Point", "coordinates": [ 76.4978, 26.0554 ] } },
{ "type": "Feature", "properties": { "decimalLatitude": 37.9769, "decimalLongitude": 127.2767, "month": 12, "species_sci": "Corvus macrorhynchos", "species_com": "Large-billed Crow / Hashibutogarasu" }, "geometry": { "type": "Point", "coordinates": [ 127.2767, 37.9769 ] } },
{ "type": "Feature", "properties": { "decimalLatitude": 6.7914, "decimalLongitude": 80.7894, "month": 12, "species_sci": "Corvus macrorhynchos", "species_com": "Large-billed Crow / Hashibutogarasu" }, "geometry": { "type": "Point", "coordinates": [ 80.7894, 6.7914 ] } },
{ "type": "Feature", "properties": { "decimalLatitude": 37.9769, "decimalLongitude": 127.2748, "month": 12, "species_sci": "Corvus macrorhynchos", "species_com": "Large-billed Crow / Hashibutogarasu" }, "geometry": { "type": "Point", "coordinates": [ 127.2748, 37.9769 ] } },
{ "type": "Feature", "properties": { "decimalLatitude": 6.8707, "decimalLongitude": 81.0494, "month": 12, "species_sci": "Corvus macrorhynchos", "species_com": "Large-billed Crow / Hashibutogarasu" }, "geometry": { "type": "Point", "coordinates": [ 81.0494, 6.8707 ] } },
{ "type": "Feature", "properties": { "decimalLatitude": 37.976, "decimalLongitude": 127.2741, "month": 12, "species_sci": "Corvus macrorhynchos", "species_com": "Large-billed Crow / Hashibutogarasu" }, "geometry": { "type": "Point", "coordinates": [ 127.2741, 37.976 ] } },
{ "type": "Feature", "properties": { "decimalLatitude": 37.979, "decimalLongitude": 127.2768, "month": 12, "species_sci": "Corvus macrorhynchos", "species_com": "Large-billed Crow / Hashibutogarasu" }, "geometry": { "type": "Point", "coordinates": [ 127.2768, 37.979 ] } },
{ "type": "Feature", "properties": { "decimalLatitude": 36.369, "decimalLongitude": 127.3926, "month": 12, "species_sci": "Corvus macrorhynchos", "species_com": "Large-billed Crow / Hashibutogarasu" }, "geometry": { "type": "Point", "coordinates": [ 127.3926, 36.369 ] } },
{ "type": "Feature", "properties": { "decimalLatitude": 37.9765, "decimalLongitude": 127.2768, "month": 12, "species_sci": "Corvus macrorhynchos", "species_com": "Large-billed Crow / Hashibutogarasu" }, "geometry": { "type": "Point", "coordinates": [ 127.2768, 37.9765 ] } },
{ "type": "Feature", "properties": { "decimalLatitude": 37.9769, "decimalLongitude": 127.2767, "month": 12, "species_sci": "Corvus macrorhynchos", "species_com": "Large-billed Crow / Hashibutogarasu" }, "geometry": { "type": "Point", "coordinates": [ 127.2767, 37.9769 ] } },
{ "type": "Feature", "properties": { "decimalLatitude": 13.7316, "decimalLongitude": 100.5572, "month": 12, "species_sci": "Corvus macrorhynchos", "species_com": "Large-billed Crow / Hashibutogarasu" }, "geometry": { "type": "Point", "coordinates": [ 100.5572, 13.7316 ] } },
{ "type": "Feature", "properties": { "decimalLatitude": 37.9766, "decimalLongitude": 127.2762, "month": 12, "species_sci": "Corvus macrorhynchos", "species_com": "Large-billed Crow / Hashibutogarasu" }, "geometry": { "type": "Point", "coordinates": [ 127.2762, 37.9766 ] } },
{ "type": "Feature", "properties": { "decimalLatitude": 37.9769, "decimalLongitude": 127.2767, "month": 12, "species_sci": "Corvus macrorhynchos", "species_com": "Large-billed Crow / Hashibutogarasu" }, "geometry": { "type": "Point", "coordinates": [ 127.2767, 37.9769 ] } },
{ "type": "Feature", "properties": { "decimalLatitude": 37.977, "decimalLongitude": 127.2758, "month": 12, "species_sci": "Corvus macrorhynchos", "species_com": "Large-billed Crow / Hashibutogarasu" }, "geometry": { "type": "Point", "coordinates": [ 127.2758, 37.977 ] } },
{ "type": "Feature", "properties": { "decimalLatitude": 36.4954, "decimalLongitude": 127.2849, "month": 12, "species_sci": "Corvus macrorhynchos", "species_com": "Large-billed Crow / Hashibutogarasu" }, "geometry": { "type": "Point", "coordinates": [ 127.2849, 36.4954 ] } },
{ "type": "Feature", "properties": { "decimalLatitude": 35.6818, "decimalLongitude": 139.5106, "month": 12, "species_sci": "Corvus macrorhynchos", "species_com": "Large-billed Crow / Hashibutogarasu" }, "geometry": { "type": "Point", "coordinates": [ 139.5106, 35.6818 ] } },
{ "type": "Feature", "properties": { "decimalLatitude": 8.7225, "decimalLongitude": 98.2349, "month": 12, "species_sci": "Corvus macrorhynchos", "species_com": "Large-billed Crow / Hashibutogarasu" }, "geometry": { "type": "Point", "coordinates": [ 98.2349, 8.7225 ] } },
{ "type": "Feature", "properties": { "decimalLatitude": 37.8812, "decimalLongitude": 127.1952, "month": 12, "species_sci": "Corvus macrorhynchos", "species_com": "Large-billed Crow / Hashibutogarasu" }, "geometry": { "type": "Point", "coordinates": [ 127.1952, 37.8812 ] } },
{ "type": "Feature", "properties": { "decimalLatitude": 26.4392, "decimalLongitude": 127.8313, "month": 12, "species_sci": "Corvus macrorhynchos", "species_com": "Large-billed Crow / Hashibutogarasu" }, "geometry": { "type": "Point", "coordinates": [ 127.8313, 26.4392 ] } },
{ "type": "Feature", "properties": { "decimalLatitude": 8.9732, "decimalLongitude": 98.814, "month": 12, "species_sci": "Corvus macrorhynchos", "species_com": "Large-billed Crow / Hashibutogarasu" }, "geometry": { "type": "Point", "coordinates": [ 98.814, 8.9732 ] } },
{ "type": "Feature", "properties": { "decimalLatitude": 8.0461, "decimalLongitude": 98.8031, "month": 12, "species_sci": "Corvus macrorhynchos", "species_com": "Large-billed Crow / Hashibutogarasu" }, "geometry": { "type": "Point", "coordinates": [ 98.8031, 8.0461 ] } },
{ "type": "Feature", "properties": { "decimalLatitude": 35.6621, "decimalLongitude": 139.7353, "month": 12, "species_sci": "Corvus macrorhynchos", "species_com": "Large-billed Crow / Hashibutogarasu" }, "geometry": { "type": "Point", "coordinates": [ 139.7353, 35.6621 ] } },
{ "type": "Feature", "properties": { "decimalLatitude": 37.9769, "decimalLongitude": 127.2767, "month": 12, "species_sci": "Corvus macrorhynchos", "species_com": "Large-billed Crow / Hashibutogarasu" }, "geometry": { "type": "Point", "coordinates": [ 127.2767, 37.9769 ] } },
{ "type": "Feature", "properties": { "decimalLatitude": 37.4669, "decimalLongitude": 127.0952, "month": 12, "species_sci": "Corvus macrorhynchos", "species_com": "Large-billed Crow / Hashibutogarasu" }, "geometry": { "type": "Point", "coordinates": [ 127.0952, 37.4669 ] } },
{ "type": "Feature", "properties": { "decimalLatitude": 8.0478, "decimalLongitude": 98.8, "month": 12, "species_sci": "Corvus macrorhynchos", "species_com": "Large-billed Crow / Hashibutogarasu" }, "geometry": { "type": "Point", "coordinates": [ 98.8, 8.0478 ] } },
{ "type": "Feature", "properties": { "decimalLatitude": 7.6747, "decimalLongitude": 98.7659, "month": 12, "species_sci": "Corvus macrorhynchos", "species_com": "Large-billed Crow / Hashibutogarasu" }, "geometry": { "type": "Point", "coordinates": [ 98.7659, 7.6747 ] } },
{ "type": "Feature", "properties": { "decimalLatitude": 13.8088, "decimalLongitude": 100.5568, "month": 12, "species_sci": "Corvus macrorhynchos", "species_com": "Large-billed Crow / Hashibutogarasu" }, "geometry": { "type": "Point", "coordinates": [ 100.5568, 13.8088 ] } },
{ "type": "Feature", "properties": { "decimalLatitude": 35.6495, "decimalLongitude": 139.4626, "month": 12, "species_sci": "Corvus macrorhynchos", "species_com": "Large-billed Crow / Hashibutogarasu" }, "geometry": { "type": "Point", "coordinates": [ 139.4626, 35.6495 ] } },
{ "type": "Feature", "properties": { "decimalLatitude": 37.9743, "decimalLongitude": 127.2724, "month": 12, "species_sci": "Corvus macrorhynchos", "species_com": "Large-billed Crow / Hashibutogarasu" }, "geometry": { "type": "Point", "coordinates": [ 127.2724, 37.9743 ] } },
{ "type": "Feature", "properties": { "decimalLatitude": 24.5259, "decimalLongitude": 120.9608, "month": 12, "species_sci": "Corvus macrorhynchos", "species_com": "Large-billed Crow / Hashibutogarasu" }, "geometry": { "type": "Point", "coordinates": [ 120.9608, 24.5259 ] } },
{ "type": "Feature", "properties": { "decimalLatitude": 6.8062, "decimalLongitude": 80.8052, "month": 12, "species_sci": "Corvus macrorhynchos", "species_com": "Large-billed Crow / Hashibutogarasu" }, "geometry": { "type": "Point", "coordinates": [ 80.8052, 6.8062 ] } },
{ "type": "Feature", "properties": { "decimalLatitude": 11.3823, "decimalLongitude": 76.7183, "month": 12, "species_sci": "Corvus macrorhynchos", "species_com": "Large-billed Crow / Hashibutogarasu" }, "geometry": { "type": "Point", "coordinates": [ 76.7183, 11.3823 ] } },
{ "type": "Feature", "properties": { "decimalLatitude": 37.9774, "decimalLongitude": 127.2761, "month": 12, "species_sci": "Corvus macrorhynchos", "species_com": "Large-billed Crow / Hashibutogarasu" }, "geometry": { "type": "Point", "coordinates": [ 127.2761, 37.9774 ] } },
{ "type": "Feature", "properties": { "decimalLatitude": 6.38, "decimalLongitude": 99.81, "month": 12, "species_sci": "Corvus macrorhynchos", "species_com": "Large-billed Crow / Hashibutogarasu" }, "geometry": { "type": "Point", "coordinates": [ 99.81, 6.38 ] } },
{ "type": "Feature", "properties": { "decimalLatitude": 37.4616, "decimalLongitude": 128.1424, "month": 12, "species_sci": "Corvus macrorhynchos", "species_com": "Large-billed Crow / Hashibutogarasu" }, "geometry": { "type": "Point", "coordinates": [ 128.1424, 37.4616 ] } }
]
}
