{
"type": "FeatureCollection",
"name": "Cyanoptila_cyanomelana_habitats",
"crs": { "type": "name", "properties": { "name": "urn:ogc:def:crs:OGC:1.3:CRS84" } },
"features": [
{ "type": "Feature", "properties": { "month": 1, "species_sci": "Cyanoptila cyanomelana", "species_com": "Blue-and-white Flycatcher / Ōruri" }, "geometry": { "type": "MultiPolygon", "coordinates": [ [ [ [ 102.136063636363644, 1.030346666666667 ], [ 102.373087777777783, 1.030346666666667 ], [ 102.373087777777783, 1.338504444444445 ], [ 102.610111919191922, 1.338504444444445 ], [ 102.610111919191922, 1.646662222222222 ], [ 102.847136060606061, 1.646662222222222 ], [ 102.847136060606061, 1.95482 ], [ 103.0841602020202, 1.95482 ], [ 103.321184343434339, 1.95482 ], [ 103.321184343434339, 1.646662222222222 ], [ 103.321184343434339, 1.338504444444445 ], [ 103.321184343434339, 1.030346666666667 ], [ 103.321184343434339, 0.722188888888889 ], [ 103.321184343434339, 0.414031111111111 ], [ 103.321184343434339, 0.105873333333334 ], [ 103.321184343434339, -0.202284444444444 ], [ 103.0841602020202, -0.202284444444444 ], [ 102.847136060606061, -0.202284444444444 ], [ 102.610111919191922, -0.202284444444444 ], [ 102.373087777777783, -0.202284444444444 ], [ 102.136063636363644, -0.202284444444444 ], [ 101.899039494949506, -0.202284444444444 ], [ 101.899039494949506, 0.105873333333334 ], [ 101.899039494949506, 0.414031111111111 ], [ 101.899039494949506, 0.722188888888889 ], [ 102.136063636363644, 0.722188888888889 ], [ 102.136063636363644, 1.030346666666667 ] ] ], [ [ [ 77.086604545454549, 9.091086868686869 ], [ 77.086604545454549, 9.184453131313131 ], [ 77.104169191919198, 9.184453131313131 ], [ 77.104169191919198, 9.091086868686869 ], [ 77.086604545454549, 9.091086868686869 ] ] ], [ [ [ 77.139298484848482, 9.651284444444446 ], [ 77.139298484848482, 9.744650707070708 ], [ 77.139298484848482, 9.838016969696969 ], [ 77.156863131313131, 9.838016969696969 ], [ 77.156863131313131, 9.744650707070708 ], [ 77.156863131313131, 9.651284444444443 ], [ 77.139298484848482, 9.651284444444443 ], [ 77.139298484848482, 9.557918181818181 ], [ 77.139298484848482, 9.464551919191919 ], [ 77.121733838383847, 9.464551919191919 ], [ 77.121733838383847, 9.371185656565657 ], [ 77.121733838383847, 9.277819393939392 ], [ 77.104169191919198, 9.277819393939392 ], [ 77.104169191919198, 9.371185656565657 ], [ 77.104169191919198, 9.464551919191919 ], [ 77.121733838383832, 9.464551919191919 ], [ 77.121733838383832, 9.557918181818181 ], [ 77.121733838383832, 9.651284444444446 ], [ 77.139298484848482, 9.651284444444446 ] ] ], [ [ [ 77.191992424242429, 10.118115757575758 ], [ 77.191992424242429, 10.024749494949493 ], [ 77.17442777777778, 10.024749494949493 ], [ 77.17442777777778, 9.931383232323231 ], [ 77.17442777777778, 9.838016969696969 ], [ 77.156863131313131, 9.838016969696969 ], [ 77.156863131313131, 9.931383232323231 ], [ 77.156863131313131, 10.024749494949496 ], [ 77.17442777777778, 10.024749494949496 ], [ 77.17442777777778, 10.118115757575758 ], [ 77.17442777777778, 10.21148202020202 ], [ 77.191992424242429, 10.21148202020202 ], [ 77.191992424242429, 10.118115757575758 ] ] ], [ [ [ 77.191992424242429, 10.304848282828281 ], [ 77.209557070707078, 10.304848282828281 ], [ 77.209557070707078, 10.21148202020202 ], [ 77.191992424242429, 10.21148202020202 ], [ 77.191992424242429, 10.304848282828281 ] ] ], [ [ [ 77.227121717171727, 10.398214545454543 ], [ 77.209557070707078, 10.398214545454543 ], [ 77.209557070707078, 10.491580808080808 ], [ 77.227121717171727, 10.491580808080808 ], [ 77.227121717171727, 10.398214545454543 ] ] ], [ [ [ 77.227121717171713, 10.58494707070707 ], [ 77.227121717171713, 10.678313333333332 ], [ 77.244686363636362, 10.678313333333332 ], [ 77.244686363636362, 10.58494707070707 ], [ 77.227121717171713, 10.58494707070707 ] ] ], [ [ [ 77.244686363636362, 10.771679595959593 ], [ 77.244686363636362, 10.865045858585859 ], [ 77.262251010101011, 10.865045858585859 ], [ 77.262251010101011, 10.771679595959593 ], [ 77.244686363636362, 10.771679595959593 ] ] ], [ [ [ 77.27981565656566, 10.95841212121212 ], [ 77.262251010101011, 10.95841212121212 ], [ 77.262251010101011, 11.051778383838382 ], [ 77.27981565656566, 11.051778383838382 ], [ 77.27981565656566, 10.95841212121212 ] ] ], [ [ [ 77.297380303030309, 11.145144646464647 ], [ 77.27981565656566, 11.145144646464647 ], [ 77.27981565656566, 11.238510909090909 ], [ 77.297380303030309, 11.238510909090909 ], [ 77.297380303030309, 11.145144646464647 ] ] ], [ [ [ 77.314944949494958, 11.331877171717171 ], [ 77.297380303030309, 11.331877171717171 ], [ 77.297380303030309, 11.425243434343432 ], [ 77.314944949494958, 11.425243434343432 ], [ 77.314944949494958, 11.331877171717171 ] ] ], [ [ [ 77.314944949494944, 11.518609696969698 ], [ 77.314944949494944, 11.611975959595959 ], [ 77.332509595959593, 11.611975959595959 ], [ 77.332509595959593, 11.518609696969698 ], [ 77.314944949494944, 11.518609696969698 ] ] ], [ [ [ 77.736496464646464, 16.000190303030301 ], [ 77.736496464646464, 16.093556565656563 ], [ 77.754061111111113, 16.093556565656563 ], [ 77.754061111111113, 16.000190303030301 ], [ 77.736496464646464, 16.000190303030301 ] ] ], [ [ [ 77.771625757575762, 16.186922828282828 ], [ 77.754061111111113, 16.186922828282828 ], [ 77.754061111111113, 16.28028909090909 ], [ 77.771625757575762, 16.28028909090909 ], [ 77.771625757575762, 16.186922828282828 ] ] ], [ [ [ 77.841884343434344, 16.373655353535355 ], [ 77.841884343434344, 16.467021616161617 ], [ 77.859448989898993, 16.467021616161617 ], [ 77.859448989898993, 16.373655353535355 ], [ 77.841884343434344, 16.373655353535355 ] ] ], [ [ [ 77.771625757575762, 16.373655353535355 ], [ 77.771625757575762, 16.467021616161617 ], [ 77.789190404040411, 16.467021616161617 ], [ 77.789190404040411, 16.373655353535355 ], [ 77.771625757575762, 16.373655353535355 ] ] ], [ [ [ 77.877013636363642, 16.560387878787878 ], [ 77.859448989898993, 16.560387878787878 ], [ 77.859448989898993, 16.65375414141414 ], [ 77.877013636363642, 16.65375414141414 ], [ 77.877013636363642, 16.560387878787878 ] ] ], [ [ [ 77.789190404040411, 16.560387878787878 ], [ 77.789190404040411, 16.65375414141414 ], [ 77.80675505050506, 16.65375414141414 ], [ 77.80675505050506, 16.560387878787878 ], [ 77.789190404040411, 16.560387878787878 ] ] ], [ [ [ 77.806755050505046, 16.747120404040402 ], [ 77.806755050505046, 16.840486666666663 ], [ 77.824319696969695, 16.840486666666663 ], [ 77.824319696969695, 16.747120404040402 ], [ 77.806755050505046, 16.747120404040402 ] ] ], [ [ [ 77.894578282828292, 16.747120404040402 ], [ 77.877013636363642, 16.747120404040402 ], [ 77.877013636363642, 16.840486666666663 ], [ 77.894578282828292, 16.840486666666663 ], [ 77.894578282828292, 16.747120404040402 ] ] ], [ [ [ 77.912142929292926, 16.933852929292929 ], [ 77.894578282828277, 16.933852929292929 ], [ 77.894578282828277, 17.02721919191919 ], [ 77.912142929292926, 17.02721919191919 ], [ 77.912142929292926, 16.933852929292929 ] ] ], [ [ [ 77.841884343434344, 16.933852929292929 ], [ 77.824319696969695, 16.933852929292929 ], [ 77.824319696969695, 17.02721919191919 ], [ 77.841884343434344, 17.02721919191919 ], [ 77.841884343434344, 16.933852929292929 ] ] ], [ [ [ 77.912142929292926, 17.120585454545456 ], [ 77.912142929292926, 17.213951717171717 ], [ 77.929707575757575, 17.213951717171717 ], [ 77.929707575757575, 17.120585454545456 ], [ 77.912142929292926, 17.120585454545456 ] ] ], [ [ [ 77.841884343434344, 17.120585454545456 ], [ 77.841884343434344, 17.213951717171717 ], [ 77.859448989898993, 17.213951717171717 ], [ 77.859448989898993, 17.120585454545456 ], [ 77.841884343434344, 17.120585454545456 ] ] ], [ [ [ 77.947272222222225, 17.307317979797979 ], [ 77.929707575757575, 17.307317979797979 ], [ 77.929707575757575, 17.400684242424241 ], [ 77.947272222222225, 17.400684242424241 ], [ 77.947272222222225, 17.307317979797979 ] ] ], [ [ [ 77.859448989898993, 17.307317979797979 ], [ 77.859448989898993, 17.400684242424241 ], [ 77.877013636363642, 17.400684242424241 ], [ 77.877013636363642, 17.307317979797979 ], [ 77.859448989898993, 17.307317979797979 ] ] ], [ [ [ 77.877013636363642, 17.494050505050502 ], [ 77.877013636363642, 17.587416767676764 ], [ 77.894578282828292, 17.587416767676764 ], [ 77.894578282828292, 17.494050505050502 ], [ 77.877013636363642, 17.494050505050502 ] ] ], [ [ [ 77.964836868686874, 17.494050505050502 ], [ 77.947272222222225, 17.494050505050502 ], [ 77.947272222222225, 17.587416767676764 ], [ 77.964836868686874, 17.587416767676764 ], [ 77.964836868686874, 17.494050505050502 ] ] ], [ [ [ 77.894578282828277, 17.680783030303029 ], [ 77.894578282828277, 17.774149292929291 ], [ 77.912142929292926, 17.774149292929291 ], [ 77.912142929292926, 17.680783030303029 ], [ 77.894578282828277, 17.680783030303029 ] ] ], [ [ [ 77.964836868686874, 17.680783030303029 ], [ 77.964836868686874, 17.774149292929291 ], [ 77.982401515151523, 17.774149292929291 ], [ 77.982401515151523, 17.680783030303029 ], [ 77.964836868686874, 17.680783030303029 ] ] ], [ [ [ 77.929707575757575, 17.867515555555556 ], [ 77.912142929292926, 17.867515555555556 ], [ 77.912142929292926, 17.960881818181818 ], [ 77.929707575757575, 17.960881818181818 ], [ 77.929707575757575, 17.867515555555556 ] ] ], [ [ [ 77.999966161616172, 17.867515555555556 ], [ 77.982401515151523, 17.867515555555556 ], [ 77.982401515151523, 17.960881818181818 ], [ 77.999966161616172, 17.960881818181818 ], [ 77.999966161616172, 17.867515555555556 ] ] ], [ [ [ 77.947272222222225, 18.05424808080808 ], [ 77.929707575757575, 18.05424808080808 ], [ 77.929707575757575, 18.147614343434341 ], [ 77.947272222222225, 18.147614343434341 ], [ 77.947272222222225, 18.05424808080808 ] ] ], [ [ [ 77.999966161616157, 18.05424808080808 ], [ 77.999966161616157, 18.147614343434341 ], [ 78.017530808080807, 18.147614343434341 ], [ 78.017530808080807, 18.05424808080808 ], [ 77.999966161616157, 18.05424808080808 ] ] ], [ [ [ 77.947272222222225, 18.240980606060603 ], [ 77.947272222222225, 18.334346868686865 ], [ 77.964836868686874, 18.334346868686865 ], [ 77.964836868686874, 18.240980606060603 ], [ 77.947272222222225, 18.240980606060603 ] ] ], [ [ [ 103.321184343434354, 0.722188888888889 ], [ 103.321184343434354, 1.030346666666667 ], [ 103.321184343434354, 1.338504444444445 ], [ 103.321184343434354, 1.646662222222222 ], [ 103.321184343434354, 1.95482 ], [ 103.321184343434354, 2.262977777777778 ], [ 103.558208484848493, 2.262977777777778 ], [ 103.795232626262631, 2.262977777777778 ], [ 103.795232626262631, 2.571135555555556 ], [ 104.03225676767677, 2.571135555555556 ], [ 104.269280909090909, 2.571135555555556 ], [ 104.506305050505048, 2.571135555555556 ], [ 104.506305050505048, 2.879293333333333 ], [ 104.743329191919187, 2.879293333333333 ], [ 104.743329191919187, 2.571135555555556 ], [ 104.743329191919187, 2.262977777777778 ], [ 104.743329191919187, 1.95482 ], [ 104.743329191919187, 1.646662222222222 ], [ 104.743329191919187, 1.338504444444445 ], [ 104.743329191919187, 1.030346666666667 ], [ 104.743329191919187, 0.722188888888889 ], [ 104.506305050505048, 0.722188888888889 ], [ 104.269280909090909, 0.722188888888889 ], [ 104.269280909090909, 0.414031111111111 ], [ 104.03225676767677, 0.414031111111111 ], [ 103.795232626262631, 0.414031111111111 ], [ 103.795232626262631, 0.105873333333334 ], [ 103.558208484848493, 0.105873333333334 ], [ 103.321184343434354, 0.105873333333334 ], [ 103.321184343434354, 0.414031111111111 ], [ 103.321184343434354, 0.722188888888889 ] ] ], [ [ [ 104.743329191919202, 2.571135555555556 ], [ 104.743329191919202, 2.879293333333333 ], [ 104.980353333333341, 2.879293333333333 ], [ 105.217377474747479, 2.879293333333333 ], [ 105.454401616161618, 2.879293333333333 ], [ 105.691425757575757, 2.879293333333333 ], [ 105.691425757575757, 2.571135555555556 ], [ 105.691425757575757, 2.262977777777778 ], [ 105.691425757575757, 1.95482 ], [ 105.454401616161618, 1.95482 ], [ 105.454401616161618, 1.646662222222222 ], [ 105.454401616161618, 1.338504444444445 ], [ 105.217377474747479, 1.338504444444445 ], [ 104.980353333333341, 1.338504444444445 ], [ 104.980353333333341, 1.030346666666667 ], [ 104.743329191919202, 1.030346666666667 ], [ 104.743329191919202, 1.338504444444445 ], [ 104.743329191919202, 1.646662222222222 ], [ 104.743329191919202, 1.95482 ], [ 104.743329191919202, 2.262977777777778 ], [ 104.743329191919202, 2.571135555555556 ] ] ], [ [ [ 114.224294848484845, 4.111924444444444 ], [ 114.461318989898984, 4.111924444444444 ], [ 114.698343131313123, 4.111924444444444 ], [ 114.935367272727262, 4.111924444444444 ], [ 114.935367272727262, 3.803766666666667 ], [ 114.935367272727262, 3.495608888888889 ], [ 114.698343131313123, 3.495608888888889 ], [ 114.698343131313123, 3.803766666666667 ], [ 114.461318989898984, 3.803766666666667 ], [ 114.224294848484845, 3.803766666666667 ], [ 114.224294848484845, 4.111924444444444 ] ] ], [ [ [ 115.172391414141416, 4.111924444444444 ], [ 115.409415555555555, 4.111924444444444 ], [ 115.646439696969694, 4.111924444444444 ], [ 115.883463838383832, 4.111924444444444 ], [ 116.120487979797971, 4.111924444444444 ], [ 116.120487979797971, 3.803766666666667 ], [ 115.883463838383832, 3.803766666666667 ], [ 115.646439696969694, 3.803766666666667 ], [ 115.646439696969694, 3.495608888888889 ], [ 115.409415555555555, 3.495608888888889 ], [ 115.172391414141416, 3.495608888888889 ], [ 114.935367272727277, 3.495608888888889 ], [ 114.935367272727277, 3.803766666666667 ], [ 114.935367272727277, 4.111924444444444 ], [ 115.172391414141416, 4.111924444444444 ] ] ], [ [ [ 113.987270707070707, 4.420082222222223 ], [ 113.987270707070707, 4.72824 ], [ 114.224294848484845, 4.72824 ], [ 114.224294848484845, 5.036397777777778 ], [ 114.224294848484845, 5.344555555555556 ], [ 114.461318989898984, 5.344555555555556 ], [ 114.461318989898984, 5.652713333333334 ], [ 114.698343131313123, 5.652713333333334 ], [ 114.698343131313123, 5.960871111111111 ], [ 114.935367272727262, 5.960871111111111 ], [ 114.935367272727262, 5.652713333333334 ], [ 114.935367272727262, 5.344555555555556 ], [ 114.935367272727262, 5.036397777777778 ], [ 114.935367272727262, 4.72824 ], [ 114.935367272727262, 4.420082222222223 ], [ 114.935367272727262, 4.111924444444445 ], [ 114.698343131313123, 4.111924444444445 ], [ 114.461318989898984, 4.111924444444445 ], [ 114.224294848484845, 4.111924444444445 ], [ 114.224294848484845, 4.420082222222223 ], [ 113.987270707070707, 4.420082222222223 ] ] ], [ [ [ 114.935367272727277, 4.111924444444445 ], [ 114.935367272727277, 4.420082222222223 ], [ 114.935367272727277, 4.72824 ], [ 114.935367272727277, 5.036397777777778 ], [ 114.935367272727277, 5.344555555555556 ], [ 114.935367272727277, 5.652713333333334 ], [ 114.935367272727277, 5.960871111111111 ], [ 114.935367272727277, 6.269028888888889 ], [ 115.172391414141416, 6.269028888888889 ], [ 115.409415555555555, 6.269028888888889 ], [ 115.409415555555555, 6.577186666666667 ], [ 115.646439696969694, 6.577186666666667 ], [ 115.883463838383832, 6.577186666666667 ], [ 115.883463838383832, 6.885344444444445 ], [ 116.120487979797971, 6.885344444444445 ], [ 116.120487979797971, 7.193502222222222 ], [ 116.35751212121211, 7.193502222222222 ], [ 116.594536262626249, 7.193502222222222 ], [ 116.594536262626249, 6.885344444444445 ], [ 116.594536262626249, 6.577186666666667 ], [ 116.594536262626249, 6.269028888888889 ], [ 116.594536262626249, 5.960871111111111 ], [ 116.594536262626249, 5.652713333333334 ], [ 116.594536262626249, 5.344555555555556 ], [ 116.594536262626249, 5.036397777777778 ], [ 116.594536262626249, 4.72824 ], [ 116.594536262626249, 4.420082222222223 ], [ 116.35751212121211, 4.420082222222223 ], [ 116.35751212121211, 4.111924444444445 ], [ 116.120487979797971, 4.111924444444445 ], [ 115.883463838383832, 4.111924444444445 ], [ 115.646439696969694, 4.111924444444445 ], [ 115.409415555555555, 4.111924444444445 ], [ 115.172391414141416, 4.111924444444445 ], [ 114.935367272727277, 4.111924444444445 ] ] ], [ [ [ 116.594536262626264, 6.269028888888889 ], [ 116.594536262626264, 6.577186666666667 ], [ 116.594536262626264, 6.885344444444445 ], [ 116.594536262626264, 7.193502222222222 ], [ 116.831560404040403, 7.193502222222222 ], [ 116.831560404040403, 7.50166 ], [ 117.068584545454542, 7.50166 ], [ 117.30560868686868, 7.50166 ], [ 117.542632828282819, 7.50166 ], [ 117.542632828282819, 7.809817777777778 ], [ 117.779656969696958, 7.809817777777778 ], [ 117.779656969696958, 7.50166 ], [ 117.779656969696958, 7.193502222222222 ], [ 117.779656969696958, 6.885344444444445 ], [ 117.779656969696958, 6.577186666666667 ], [ 117.779656969696958, 6.269028888888889 ], [ 117.779656969696958, 5.960871111111111 ], [ 117.779656969696958, 5.652713333333334 ], [ 117.779656969696958, 5.344555555555556 ], [ 117.542632828282819, 5.344555555555556 ], [ 117.542632828282819, 5.036397777777778 ], [ 117.30560868686868, 5.036397777777778 ], [ 117.068584545454542, 5.036397777777778 ], [ 117.068584545454542, 4.72824 ], [ 116.831560404040403, 4.72824 ], [ 116.831560404040403, 4.420082222222223 ], [ 116.594536262626264, 4.420082222222223 ], [ 116.594536262626264, 4.72824 ], [ 116.594536262626264, 5.036397777777778 ], [ 116.594536262626264, 5.344555555555556 ], [ 116.594536262626264, 5.652713333333334 ], [ 116.594536262626264, 5.960871111111111 ], [ 116.594536262626264, 6.269028888888889 ] ] ], [ [ [ 117.779656969696973, 6.885344444444445 ], [ 117.779656969696973, 7.193502222222222 ], [ 117.779656969696973, 7.50166 ], [ 117.779656969696973, 7.809817777777778 ], [ 118.016681111111112, 7.809817777777778 ], [ 118.253705252525251, 7.809817777777778 ], [ 118.49072939393939, 7.809817777777778 ], [ 118.727753535353528, 7.809817777777778 ], [ 118.727753535353528, 7.50166 ], [ 118.727753535353528, 7.193502222222222 ], [ 118.727753535353528, 6.885344444444445 ], [ 118.727753535353528, 6.577186666666667 ], [ 118.49072939393939, 6.577186666666667 ], [ 118.49072939393939, 6.269028888888889 ], [ 118.253705252525251, 6.269028888888889 ], [ 118.253705252525251, 5.960871111111111 ], [ 118.016681111111112, 5.960871111111111 ], [ 118.016681111111112, 5.652713333333334 ], [ 117.779656969696973, 5.652713333333334 ], [ 117.779656969696973, 5.960871111111111 ], [ 117.779656969696973, 6.269028888888889 ], [ 117.779656969696973, 6.577186666666667 ], [ 117.779656969696973, 6.885344444444445 ] ] ], [ [ [ 118.016681111111112, 9.966922222222223 ], [ 118.016681111111112, 10.27508 ], [ 118.253705252525251, 10.27508 ], [ 118.49072939393939, 10.27508 ], [ 118.49072939393939, 10.583237777777779 ], [ 118.727753535353528, 10.583237777777779 ], [ 118.964777676767667, 10.583237777777779 ], [ 118.964777676767667, 10.891395555555555 ], [ 119.201801818181806, 10.891395555555555 ], [ 119.438825959595945, 10.891395555555555 ], [ 119.438825959595945, 10.583237777777779 ], [ 119.438825959595945, 10.27508 ], [ 119.438825959595945, 9.966922222222223 ], [ 119.438825959595945, 9.658764444444444 ], [ 119.201801818181806, 9.658764444444444 ], [ 118.964777676767667, 9.658764444444444 ], [ 118.964777676767667, 9.350606666666668 ], [ 118.727753535353528, 9.350606666666668 ], [ 118.49072939393939, 9.350606666666668 ], [ 118.253705252525251, 9.350606666666668 ], [ 118.253705252525251, 9.042448888888888 ], [ 118.016681111111112, 9.042448888888888 ], [ 117.779656969696973, 9.042448888888888 ], [ 117.779656969696973, 9.350606666666668 ], [ 117.779656969696973, 9.658764444444444 ], [ 117.779656969696973, 9.966922222222223 ], [ 118.016681111111112, 9.966922222222223 ] ] ], [ [ [ 119.43882595959596, 10.27508 ], [ 119.43882595959596, 10.583237777777779 ], [ 119.43882595959596, 10.891395555555555 ], [ 119.675850101010099, 10.891395555555555 ], [ 119.912874242424238, 10.891395555555555 ], [ 119.912874242424238, 10.583237777777779 ], [ 119.912874242424238, 10.27508 ], [ 119.675850101010099, 10.27508 ], [ 119.675850101010099, 9.966922222222223 ], [ 119.43882595959596, 9.966922222222223 ], [ 119.43882595959596, 10.27508 ] ] ], [ [ [ 121.097994949494947, 14.589288888888888 ], [ 121.097994949494947, 14.897446666666664 ], [ 121.335019090909086, 14.897446666666664 ], [ 121.572043232323225, 14.897446666666664 ], [ 121.809067373737363, 14.897446666666664 ], [ 122.046091515151502, 14.897446666666664 ], [ 122.283115656565641, 14.897446666666664 ], [ 122.283115656565641, 14.589288888888888 ], [ 122.046091515151502, 14.589288888888888 ], [ 122.046091515151502, 14.281131111111112 ], [ 121.809067373737363, 14.281131111111112 ], [ 121.572043232323225, 14.281131111111112 ], [ 121.572043232323225, 13.972973333333336 ], [ 121.335019090909086, 13.972973333333336 ], [ 121.097994949494947, 13.972973333333336 ], [ 120.860970808080808, 13.972973333333336 ], [ 120.623946666666669, 13.972973333333336 ], [ 120.623946666666669, 14.281131111111112 ], [ 120.623946666666669, 14.589288888888888 ], [ 120.860970808080808, 14.589288888888888 ], [ 121.097994949494947, 14.589288888888888 ] ] ], [ [ [ 122.52013979797978, 14.897446666666667 ], [ 122.283115656565641, 14.897446666666667 ], [ 122.046091515151502, 14.897446666666667 ], [ 121.809067373737363, 14.897446666666667 ], [ 121.572043232323225, 14.897446666666667 ], [ 121.335019090909086, 14.897446666666667 ], [ 121.335019090909086, 15.205604444444443 ], [ 121.572043232323225, 15.205604444444443 ], [ 121.809067373737363, 15.205604444444443 ], [ 122.046091515151502, 15.205604444444443 ], [ 122.283115656565641, 15.205604444444443 ], [ 122.52013979797978, 15.205604444444443 ], [ 122.52013979797978, 14.897446666666667 ] ] ], [ [ [ 121.097994949494947, 24.758495555555552 ], [ 121.335019090909086, 24.758495555555552 ], [ 121.335019090909086, 25.066653333333331 ], [ 121.572043232323225, 25.066653333333331 ], [ 121.809067373737363, 25.066653333333331 ], [ 122.046091515151502, 25.066653333333331 ], [ 122.283115656565641, 25.066653333333331 ], [ 122.283115656565641, 24.758495555555552 ], [ 122.046091515151502, 24.758495555555552 ], [ 122.046091515151502, 24.450337777777772 ], [ 121.809067373737363, 24.450337777777772 ], [ 121.809067373737363, 24.14218 ], [ 121.572043232323225, 24.14218 ], [ 121.335019090909086, 24.14218 ], [ 121.335019090909086, 23.83402222222222 ], [ 121.097994949494947, 23.83402222222222 ], [ 120.860970808080808, 23.83402222222222 ], [ 120.860970808080808, 24.14218 ], [ 120.860970808080808, 24.14218 ], [ 120.860970808080808, 24.450337777777772 ], [ 120.860970808080808, 24.450337777777776 ], [ 120.860970808080808, 24.758495555555552 ], [ 121.097994949494947, 24.758495555555552 ] ] ] ] } },
{ "type": "Feature", "properties": { "month": 2, "species_sci": "Cyanoptila cyanomelana", "species_com": "Blue-and-white Flycatcher / Ōruri" }, "geometry": { "type": "MultiPolygon", "coordinates": [ [ [ [ 73.245400909090904, 18.545632121212119 ], [ 73.245400909090904, 18.668746060606058 ], [ 73.18904, 18.668746060606058 ], [ 73.18904, 18.79186 ], [ 73.245400909090904, 18.79186 ], [ 73.301761818181802, 18.79186 ], [ 73.301761818181831, 18.79186 ], [ 73.358122727272729, 18.79186 ], [ 73.414483636363627, 18.79186 ], [ 73.470844545454554, 18.79186 ], [ 73.470844545454554, 18.668746060606058 ], [ 73.527205454545452, 18.668746060606058 ], [ 73.527205454545452, 18.545632121212119 ], [ 73.583566363636351, 18.545632121212119 ], [ 73.583566363636351, 18.42251818181818 ], [ 73.639927272727277, 18.42251818181818 ], [ 73.639927272727277, 18.299404242424242 ], [ 73.696288181818176, 18.299404242424242 ], [ 73.696288181818176, 18.176290303030303 ], [ 73.752649090909102, 18.176290303030303 ], [ 73.752649090909102, 18.053176363636364 ], [ 73.752649090909102, 17.930062424242426 ], [ 73.696288181818176, 17.930062424242426 ], [ 73.639927272727277, 17.930062424242426 ], [ 73.583566363636351, 17.930062424242426 ], [ 73.527205454545452, 17.930062424242426 ], [ 73.527205454545452, 18.053176363636364 ], [ 73.470844545454554, 18.053176363636364 ], [ 73.470844545454554, 18.176290303030303 ], [ 73.414483636363627, 18.176290303030303 ], [ 73.414483636363627, 18.299404242424242 ], [ 73.358122727272729, 18.299404242424242 ], [ 73.358122727272729, 18.42251818181818 ], [ 73.301761818181802, 18.42251818181818 ], [ 73.301761818181802, 18.545632121212119 ], [ 73.245400909090904, 18.545632121212119 ] ] ], [ [ [ 73.18904, 18.79186 ], [ 73.132679090909079, 18.79186 ], [ 73.132679090909079, 18.914973939393938 ], [ 73.076318181818181, 18.914973939393938 ], [ 73.076318181818181, 19.038087878787877 ], [ 73.132679090909079, 19.038087878787877 ], [ 73.18904, 19.038087878787877 ], [ 73.245400909090904, 19.038087878787877 ], [ 73.301761818181802, 19.038087878787877 ], [ 73.301761818181831, 19.038087878787877 ], [ 73.358122727272729, 19.038087878787877 ], [ 73.358122727272729, 18.914973939393938 ], [ 73.414483636363627, 18.914973939393938 ], [ 73.414483636363627, 18.79186 ], [ 73.358122727272729, 18.79186 ], [ 73.301761818181831, 18.79186 ], [ 73.301761818181802, 18.79186 ], [ 73.245400909090904, 18.79186 ], [ 73.18904, 18.79186 ] ] ], [ [ [ 73.076318181818181, 19.038087878787881 ], [ 73.019957272727282, 19.038087878787881 ], [ 73.019957272727282, 19.161201818181819 ], [ 72.963596363636356, 19.161201818181819 ], [ 72.963596363636356, 19.284315757575758 ], [ 72.907235454545457, 19.284315757575758 ], [ 72.907235454545457, 19.407429696969697 ], [ 72.850874545454531, 19.407429696969697 ], [ 72.850874545454531, 19.530543636363635 ], [ 72.794513636363632, 19.530543636363635 ], [ 72.794513636363632, 19.653657575757574 ], [ 72.850874545454531, 19.653657575757574 ], [ 72.850874545454559, 19.653657575757574 ], [ 72.907235454545457, 19.653657575757574 ], [ 72.907235454545457, 19.530543636363635 ], [ 72.963596363636356, 19.530543636363635 ], [ 72.963596363636356, 19.407429696969697 ], [ 73.019957272727282, 19.407429696969697 ], [ 73.019957272727282, 19.284315757575758 ], [ 73.076318181818181, 19.284315757575758 ], [ 73.076318181818181, 19.161201818181819 ], [ 73.132679090909079, 19.161201818181819 ], [ 73.132679090909079, 19.284315757575758 ], [ 73.18904, 19.284315757575758 ], [ 73.18904, 19.161201818181819 ], [ 73.245400909090904, 19.161201818181819 ], [ 73.301761818181831, 19.161201818181819 ], [ 73.301761818181831, 19.038087878787881 ], [ 73.245400909090904, 19.038087878787881 ], [ 73.18904, 19.038087878787881 ], [ 73.132679090909079, 19.038087878787881 ], [ 73.076318181818181, 19.038087878787881 ] ] ], [ [ [ 72.738152727272734, 19.776771515151513 ], [ 72.794513636363632, 19.776771515151513 ], [ 72.794513636363632, 19.653657575757574 ], [ 72.738152727272734, 19.653657575757574 ], [ 72.738152727272734, 19.776771515151513 ] ] ], [ [ [ 72.738152727272734, 19.899885454545451 ], [ 72.738152727272734, 19.776771515151513 ], [ 72.681791818181807, 19.776771515151513 ], [ 72.681791818181807, 19.899885454545451 ], [ 72.738152727272734, 19.899885454545451 ] ] ], [ [ [ 72.625430909090909, 19.899885454545451 ], [ 72.625430909090909, 20.02299939393939 ], [ 72.681791818181807, 20.02299939393939 ], [ 72.681791818181807, 19.899885454545451 ], [ 72.625430909090909, 19.899885454545451 ] ] ], [ [ [ 72.56907, 20.146113333333332 ], [ 72.625430909090909, 20.146113333333332 ], [ 72.625430909090909, 20.022999393939394 ], [ 72.56907, 20.022999393939394 ], [ 72.56907, 20.146113333333332 ] ] ], [ [ [ 72.56907, 20.146113333333332 ], [ 72.512709090909084, 20.146113333333332 ], [ 72.512709090909084, 20.269227272727271 ], [ 72.56907, 20.269227272727271 ], [ 72.56907, 20.146113333333332 ] ] ], [ [ [ 72.456348181818186, 20.392341212121213 ], [ 72.512709090909084, 20.392341212121213 ], [ 72.512709090909084, 20.269227272727274 ], [ 72.456348181818186, 20.269227272727274 ], [ 72.456348181818186, 20.392341212121213 ] ] ], [ [ [ 72.456348181818186, 20.515455151515152 ], [ 72.456348181818186, 20.392341212121213 ], [ 72.399987272727259, 20.392341212121213 ], [ 72.399987272727259, 20.515455151515152 ], [ 72.343626363636361, 20.515455151515152 ], [ 72.343626363636361, 20.63856909090909 ], [ 72.399987272727287, 20.63856909090909 ], [ 72.399987272727287, 20.515455151515152 ], [ 72.456348181818186, 20.515455151515152 ] ] ], [ [ [ 72.287265454545462, 20.761683030303029 ], [ 72.343626363636361, 20.761683030303029 ], [ 72.343626363636361, 20.63856909090909 ], [ 72.287265454545462, 20.63856909090909 ], [ 72.287265454545462, 20.761683030303029 ] ] ], [ [ [ 72.230904545454536, 20.761683030303029 ], [ 72.230904545454536, 20.884796969696968 ], [ 72.287265454545462, 20.884796969696968 ], [ 72.287265454545462, 20.761683030303029 ], [ 72.230904545454536, 20.761683030303029 ] ] ], [ [ [ 76.683416363636354, 10.29699818181818 ], [ 76.739777272727281, 10.29699818181818 ], [ 76.796138181818179, 10.29699818181818 ], [ 76.796138181818179, 10.173884242424242 ], [ 76.852499090909077, 10.173884242424242 ], [ 76.852499090909077, 10.050770303030303 ], [ 76.796138181818179, 10.050770303030303 ], [ 76.739777272727281, 10.050770303030303 ], [ 76.739777272727281, 10.173884242424242 ], [ 76.683416363636354, 10.173884242424242 ], [ 76.683416363636354, 10.29699818181818 ] ] ], [ [ [ 76.514333636363631, 10.543226060606059 ], [ 76.514333636363631, 10.66634 ], [ 76.570694545454529, 10.66634 ], [ 76.570694545454558, 10.66634 ], [ 76.627055454545456, 10.66634 ], [ 76.627055454545456, 10.543226060606059 ], [ 76.683416363636354, 10.543226060606059 ], [ 76.683416363636354, 10.420112121212121 ], [ 76.739777272727281, 10.420112121212121 ], [ 76.739777272727281, 10.296998181818182 ], [ 76.683416363636354, 10.296998181818182 ], [ 76.627055454545456, 10.296998181818182 ], [ 76.627055454545456, 10.420112121212121 ], [ 76.570694545454529, 10.420112121212121 ], [ 76.570694545454529, 10.543226060606059 ], [ 76.514333636363631, 10.543226060606059 ] ] ], [ [ [ 76.457972727272733, 10.912567878787877 ], [ 76.514333636363631, 10.912567878787877 ], [ 76.514333636363631, 10.789453939393939 ], [ 76.570694545454558, 10.789453939393939 ], [ 76.570694545454558, 10.66634 ], [ 76.514333636363631, 10.66634 ], [ 76.457972727272733, 10.66634 ], [ 76.457972727272733, 10.789453939393939 ], [ 76.401611818181806, 10.789453939393939 ], [ 76.401611818181806, 10.912567878787877 ], [ 76.457972727272733, 10.912567878787877 ] ] ], [ [ [ 76.345250909090907, 11.281909696969695 ], [ 76.345250909090907, 11.158795757575756 ], [ 76.401611818181806, 11.158795757575756 ], [ 76.401611818181806, 11.035681818181818 ], [ 76.457972727272733, 11.035681818181818 ], [ 76.457972727272733, 10.912567878787879 ], [ 76.401611818181806, 10.912567878787879 ], [ 76.345250909090907, 10.912567878787879 ], [ 76.345250909090907, 11.035681818181818 ], [ 76.28889, 11.035681818181818 ], [ 76.28889, 11.158795757575756 ], [ 76.28889, 11.281909696969695 ], [ 76.345250909090907, 11.281909696969695 ] ] ], [ [ [ 76.796138181818179, 11.158795757575756 ], [ 76.852499090909077, 11.158795757575756 ], [ 76.852499090909077, 11.035681818181818 ], [ 76.90886, 11.035681818181818 ], [ 76.90886, 10.912567878787879 ], [ 76.852499090909077, 10.912567878787879 ], [ 76.796138181818179, 10.912567878787879 ], [ 76.796138181818179, 11.035681818181818 ], [ 76.739777272727281, 11.035681818181818 ], [ 76.739777272727281, 11.158795757575756 ], [ 76.683416363636354, 11.158795757575756 ], [ 76.683416363636354, 11.281909696969695 ], [ 76.739777272727281, 11.281909696969695 ], [ 76.796138181818179, 11.281909696969695 ], [ 76.796138181818179, 11.158795757575756 ] ] ], [ [ [ 76.570694545454529, 11.405023636363635 ], [ 76.570694545454529, 11.528137575757574 ], [ 76.627055454545456, 11.528137575757574 ], [ 76.683416363636354, 11.528137575757574 ], [ 76.683416363636354, 11.405023636363635 ], [ 76.739777272727281, 11.405023636363635 ], [ 76.739777272727281, 11.281909696969697 ], [ 76.683416363636354, 11.281909696969697 ], [ 76.627055454545456, 11.281909696969697 ], [ 76.627055454545456, 11.405023636363635 ], [ 76.570694545454529, 11.405023636363635 ] ] ], [ [ [ 76.232529090909082, 11.281909696969697 ], [ 76.232529090909082, 11.405023636363635 ], [ 76.28889, 11.405023636363635 ], [ 76.28889, 11.281909696969697 ], [ 76.232529090909082, 11.281909696969697 ] ] ], [ [ [ 76.176168181818184, 11.405023636363635 ], [ 76.176168181818184, 11.528137575757574 ], [ 76.232529090909082, 11.528137575757574 ], [ 76.232529090909082, 11.405023636363635 ], [ 76.176168181818184, 11.405023636363635 ] ] ], [ [ [ 76.457972727272733, 11.774365454545453 ], [ 76.514333636363631, 11.774365454545453 ], [ 76.570694545454558, 11.774365454545453 ], [ 76.570694545454558, 11.651251515151515 ], [ 76.627055454545456, 11.651251515151515 ], [ 76.627055454545456, 11.528137575757576 ], [ 76.570694545454558, 11.528137575757576 ], [ 76.570694545454529, 11.528137575757576 ], [ 76.514333636363631, 11.528137575757576 ], [ 76.514333636363631, 11.651251515151515 ], [ 76.457972727272733, 11.651251515151515 ], [ 76.457972727272733, 11.774365454545453 ] ] ], [ [ [ 73.80901, 17.437606666666664 ], [ 73.80901, 17.560720606060602 ], [ 73.865370909090899, 17.560720606060602 ], [ 73.865370909090899, 17.437606666666664 ], [ 73.80901, 17.437606666666664 ] ] ], [ [ [ 73.921731818181826, 17.437606666666664 ], [ 73.921731818181826, 17.560720606060602 ], [ 73.978092727272724, 17.560720606060602 ], [ 73.978092727272724, 17.437606666666664 ], [ 73.921731818181826, 17.437606666666664 ] ] ], [ [ [ 73.865370909090899, 17.683834545454545 ], [ 73.921731818181826, 17.683834545454545 ], [ 73.921731818181826, 17.560720606060606 ], [ 73.865370909090899, 17.560720606060606 ], [ 73.865370909090899, 17.683834545454545 ] ] ], [ [ [ 73.696288181818176, 17.806948484848483 ], [ 73.752649090909074, 17.806948484848483 ], [ 73.752649090909074, 17.930062424242422 ], [ 73.80901, 17.930062424242422 ], [ 73.80901, 17.806948484848483 ], [ 73.752649090909102, 17.806948484848483 ], [ 73.752649090909102, 17.683834545454545 ], [ 73.80901, 17.683834545454545 ], [ 73.80901, 17.560720606060606 ], [ 73.752649090909074, 17.560720606060606 ], [ 73.752649090909074, 17.683834545454545 ], [ 73.696288181818176, 17.683834545454545 ], [ 73.696288181818176, 17.806948484848483 ] ] ], [ [ [ 73.80901, 17.806948484848483 ], [ 73.865370909090899, 17.806948484848483 ], [ 73.865370909090899, 17.683834545454545 ], [ 73.80901, 17.683834545454545 ], [ 73.80901, 17.806948484848483 ] ] ], [ [ [ 73.639927272727277, 17.806948484848483 ], [ 73.639927272727277, 17.930062424242422 ], [ 73.696288181818176, 17.930062424242422 ], [ 73.696288181818176, 17.806948484848483 ], [ 73.639927272727277, 17.806948484848483 ] ] ], [ [ [ 77.303386363636349, 8.942744848484848 ], [ 77.247025454545451, 8.942744848484848 ], [ 77.247025454545451, 9.065858787878787 ], [ 77.303386363636349, 9.065858787878787 ], [ 77.303386363636349, 8.942744848484848 ] ] ], [ [ [ 77.697912727272723, 8.942744848484848 ], [ 77.697912727272723, 9.065858787878787 ], [ 77.754273636363621, 9.065858787878787 ], [ 77.754273636363649, 9.065858787878787 ], [ 77.810634545454548, 9.065858787878787 ], [ 77.810634545454548, 8.942744848484848 ], [ 77.810634545454548, 8.819630909090909 ], [ 77.754273636363621, 8.819630909090909 ], [ 77.754273636363621, 8.942744848484848 ], [ 77.697912727272723, 8.942744848484848 ] ] ], [ [ [ 77.52883, 9.435200606060604 ], [ 77.585190909090898, 9.435200606060604 ], [ 77.641551818181824, 9.435200606060604 ], [ 77.641551818181824, 9.312086666666666 ], [ 77.697912727272723, 9.312086666666666 ], [ 77.697912727272723, 9.188972727272727 ], [ 77.754273636363649, 9.188972727272727 ], [ 77.754273636363649, 9.065858787878788 ], [ 77.697912727272723, 9.065858787878788 ], [ 77.641551818181824, 9.065858787878788 ], [ 77.641551818181824, 9.188972727272727 ], [ 77.585190909090898, 9.188972727272727 ], [ 77.585190909090898, 9.312086666666666 ], [ 77.52883, 9.312086666666666 ], [ 77.52883, 9.435200606060604 ] ] ], [ [ [ 77.190664545454553, 9.188972727272727 ], [ 77.247025454545451, 9.188972727272727 ], [ 77.247025454545451, 9.065858787878788 ], [ 77.190664545454553, 9.065858787878788 ], [ 77.190664545454553, 9.188972727272727 ] ] ], [ [ [ 77.134303636363626, 9.188972727272727 ], [ 77.134303636363626, 9.312086666666666 ], [ 77.190664545454553, 9.312086666666666 ], [ 77.190664545454553, 9.188972727272727 ], [ 77.134303636363626, 9.188972727272727 ] ] ], [ [ [ 77.077942727272728, 9.312086666666666 ], [ 77.077942727272728, 9.435200606060604 ], [ 77.134303636363626, 9.435200606060604 ], [ 77.134303636363626, 9.312086666666666 ], [ 77.077942727272728, 9.312086666666666 ] ] ], [ [ [ 76.965220909090903, 9.558314545454545 ], [ 76.965220909090903, 9.681428484848484 ], [ 77.021581818181801, 9.681428484848484 ], [ 77.021581818181829, 9.681428484848484 ], [ 77.077942727272728, 9.681428484848484 ], [ 77.077942727272728, 9.558314545454545 ], [ 77.134303636363626, 9.558314545454545 ], [ 77.134303636363626, 9.435200606060606 ], [ 77.077942727272728, 9.435200606060606 ], [ 77.021581818181801, 9.435200606060606 ], [ 77.021581818181801, 9.558314545454545 ], [ 76.965220909090903, 9.558314545454545 ] ] ], [ [ [ 77.416108181818174, 9.681428484848484 ], [ 77.472469090909073, 9.681428484848484 ], [ 77.472469090909101, 9.681428484848484 ], [ 77.52883, 9.681428484848484 ], [ 77.52883, 9.558314545454545 ], [ 77.585190909090898, 9.558314545454545 ], [ 77.585190909090898, 9.435200606060606 ], [ 77.52883, 9.435200606060606 ], [ 77.472469090909073, 9.435200606060606 ], [ 77.472469090909073, 9.558314545454545 ], [ 77.416108181818174, 9.558314545454545 ], [ 77.416108181818174, 9.681428484848484 ] ] ], [ [ [ 77.247025454545451, 9.927656363636363 ], [ 77.247025454545451, 10.050770303030301 ], [ 77.303386363636349, 10.050770303030301 ], [ 77.359747272727276, 10.050770303030301 ], [ 77.359747272727276, 9.927656363636363 ], [ 77.416108181818174, 9.927656363636363 ], [ 77.416108181818174, 9.804542424242424 ], [ 77.472469090909101, 9.804542424242424 ], [ 77.472469090909101, 9.681428484848485 ], [ 77.416108181818174, 9.681428484848485 ], [ 77.359747272727276, 9.681428484848485 ], [ 77.359747272727276, 9.804542424242424 ], [ 77.303386363636349, 9.804542424242424 ], [ 77.303386363636349, 9.927656363636363 ], [ 77.247025454545451, 9.927656363636363 ] ] ], [ [ [ 76.796138181818179, 9.927656363636363 ], [ 76.796138181818179, 10.050770303030301 ], [ 76.852499090909077, 10.050770303030301 ], [ 76.90886, 10.050770303030301 ], [ 76.90886, 9.927656363636363 ], [ 76.965220909090903, 9.927656363636363 ], [ 76.965220909090903, 9.804542424242424 ], [ 77.021581818181829, 9.804542424242424 ], [ 77.021581818181829, 9.681428484848485 ], [ 76.965220909090903, 9.681428484848485 ], [ 76.90886, 9.681428484848485 ], [ 76.90886, 9.804542424242424 ], [ 76.852499090909077, 9.804542424242424 ], [ 76.852499090909077, 9.927656363636363 ], [ 76.796138181818179, 9.927656363636363 ] ] ], [ [ [ 77.303386363636349, 10.173884242424242 ], [ 77.303386363636349, 10.050770303030303 ], [ 77.247025454545451, 10.050770303030303 ], [ 77.190664545454553, 10.050770303030303 ], [ 77.190664545454553, 10.173884242424242 ], [ 77.134303636363626, 10.173884242424242 ], [ 77.134303636363626, 10.29699818181818 ], [ 77.190664545454553, 10.29699818181818 ], [ 77.247025454545451, 10.29699818181818 ], [ 77.247025454545451, 10.173884242424242 ], [ 77.303386363636349, 10.173884242424242 ] ] ], [ [ [ 76.965220909090903, 10.66634 ], [ 77.021581818181801, 10.66634 ], [ 77.021581818181829, 10.66634 ], [ 77.077942727272728, 10.66634 ], [ 77.077942727272728, 10.543226060606059 ], [ 77.134303636363626, 10.543226060606059 ], [ 77.134303636363626, 10.420112121212121 ], [ 77.190664545454553, 10.420112121212121 ], [ 77.190664545454553, 10.296998181818182 ], [ 77.134303636363626, 10.296998181818182 ], [ 77.077942727272728, 10.296998181818182 ], [ 77.077942727272728, 10.420112121212121 ], [ 77.021581818181801, 10.420112121212121 ], [ 77.021581818181801, 10.543226060606059 ], [ 76.965220909090903, 10.543226060606059 ], [ 76.965220909090903, 10.66634 ] ] ], [ [ [ 76.965220909090903, 10.912567878787877 ], [ 76.965220909090903, 10.789453939393939 ], [ 77.021581818181829, 10.789453939393939 ], [ 77.021581818181829, 10.66634 ], [ 76.965220909090903, 10.66634 ], [ 76.90886, 10.66634 ], [ 76.90886, 10.789453939393939 ], [ 76.852499090909077, 10.789453939393939 ], [ 76.852499090909077, 10.912567878787877 ], [ 76.90886, 10.912567878787877 ], [ 76.965220909090903, 10.912567878787877 ] ] ], [ [ [ 103.479610707070705, 0.031794343434345 ], [ 103.139407272727269, 0.031794343434345 ], [ 103.139407272727269, 0.472997272727274 ], [ 102.799203838383832, 0.472997272727274 ], [ 102.799203838383832, 0.914200202020203 ], [ 102.459000404040395, 0.914200202020203 ], [ 102.459000404040395, 1.355403131313133 ], [ 102.459000404040395, 1.796606060606062 ], [ 102.799203838383832, 1.796606060606062 ], [ 102.799203838383832, 2.237808989898991 ], [ 103.139407272727269, 2.237808989898991 ], [ 103.139407272727269, 2.679011919191921 ], [ 103.479610707070705, 2.679011919191921 ], [ 103.819814141414128, 2.679011919191921 ], [ 103.819814141414142, 2.679011919191921 ], [ 104.160017575757564, 2.679011919191921 ], [ 104.500221010101001, 2.679011919191921 ], [ 104.500221010101001, 2.237808989898991 ], [ 104.840424444444437, 2.237808989898991 ], [ 104.840424444444437, 1.796606060606062 ], [ 105.180627878787874, 1.796606060606062 ], [ 105.180627878787874, 1.355403131313133 ], [ 104.840424444444437, 1.355403131313133 ], [ 104.840424444444437, 0.914200202020203 ], [ 104.840424444444437, 0.472997272727274 ], [ 104.500221010101001, 0.472997272727274 ], [ 104.160017575757564, 0.472997272727274 ], [ 104.160017575757564, 0.031794343434345 ], [ 103.819814141414142, 0.031794343434345 ], [ 103.819814141414128, 0.031794343434345 ], [ 103.479610707070705, 0.031794343434345 ] ] ], [ [ [ 77.866995454545446, 8.696516969696969 ], [ 77.810634545454548, 8.696516969696969 ], [ 77.810634545454548, 8.819630909090908 ], [ 77.866995454545446, 8.819630909090908 ], [ 77.866995454545446, 8.696516969696969 ] ] ], [ [ [ 106.541441616161606, 11.503070505050506 ], [ 106.54144161616162, 11.503070505050506 ], [ 106.881645050505043, 11.503070505050506 ], [ 107.221848484848479, 11.503070505050506 ], [ 107.562051919191916, 11.503070505050506 ], [ 107.902255353535352, 11.503070505050506 ], [ 107.902255353535352, 11.061867575757578 ], [ 107.562051919191916, 11.061867575757578 ], [ 107.562051919191916, 10.62066464646465 ], [ 107.221848484848479, 10.62066464646465 ], [ 106.881645050505043, 10.62066464646465 ], [ 106.881645050505043, 11.061867575757578 ], [ 106.54144161616162, 11.061867575757578 ], [ 106.541441616161606, 11.061867575757578 ], [ 106.201238181818184, 11.061867575757578 ], [ 106.201238181818184, 11.503070505050506 ], [ 106.541441616161606, 11.503070505050506 ] ] ], [ [ [ 106.541441616161606, 12.385476363636364 ], [ 106.54144161616162, 12.385476363636364 ], [ 106.881645050505043, 12.385476363636364 ], [ 107.221848484848479, 12.385476363636364 ], [ 107.562051919191916, 12.385476363636364 ], [ 107.902255353535352, 12.385476363636364 ], [ 107.902255353535352, 11.944273434343437 ], [ 108.242458787878789, 11.944273434343437 ], [ 108.242458787878789, 11.503070505050509 ], [ 107.902255353535352, 11.503070505050509 ], [ 107.562051919191916, 11.503070505050509 ], [ 107.221848484848479, 11.503070505050509 ], [ 106.881645050505043, 11.503070505050509 ], [ 106.54144161616162, 11.503070505050509 ], [ 106.541441616161606, 11.503070505050509 ], [ 106.201238181818184, 11.503070505050509 ], [ 106.201238181818184, 11.944273434343437 ], [ 106.201238181818184, 12.385476363636364 ], [ 106.541441616161606, 12.385476363636364 ] ] ], [ [ [ 106.541441616161606, 12.826679292929295 ], [ 106.881645050505043, 12.826679292929295 ], [ 107.221848484848479, 12.826679292929295 ], [ 107.562051919191916, 12.826679292929295 ], [ 107.562051919191916, 12.385476363636368 ], [ 107.221848484848479, 12.385476363636368 ], [ 106.881645050505043, 12.385476363636368 ], [ 106.541441616161606, 12.385476363636368 ], [ 106.541441616161606, 12.826679292929295 ] ] ], [ [ [ 101.098186666666663, 14.150288080808085 ], [ 101.098186666666663, 14.591491010101013 ], [ 101.4383901010101, 14.591491010101013 ], [ 101.4383901010101, 14.150288080808085 ], [ 101.098186666666663, 14.150288080808085 ] ] ], [ [ [ 115.046527474747478, -8.792264242424242 ], [ 114.706324040404041, -8.792264242424242 ], [ 114.706324040404041, -8.351061313131314 ], [ 115.046527474747478, -8.351061313131314 ], [ 115.386730909090915, -8.351061313131314 ], [ 115.386730909090915, -8.792264242424242 ], [ 115.046527474747478, -8.792264242424242 ] ] ], [ [ [ 115.046527474747478, -7.909858383838382 ], [ 115.386730909090915, -7.909858383838382 ], [ 115.386730909090915, -8.351061313131311 ], [ 115.046527474747478, -8.351061313131311 ], [ 114.706324040404041, -8.351061313131311 ], [ 114.706324040404041, -7.909858383838382 ], [ 115.046527474747478, -7.909858383838382 ] ] ], [ [ [ 115.046527474747478, 4.002620707070707 ], [ 114.706324040404041, 4.002620707070707 ], [ 114.706324040404041, 4.443823636363637 ], [ 115.046527474747478, 4.443823636363637 ], [ 115.386730909090915, 4.443823636363637 ], [ 115.726934343434351, 4.443823636363637 ], [ 116.067137777777788, 4.443823636363637 ], [ 116.40734121212121, 4.443823636363637 ], [ 116.407341212121224, 4.443823636363637 ], [ 116.747544646464647, 4.443823636363637 ], [ 117.087748080808083, 4.443823636363637 ], [ 117.42795151515152, 4.443823636363637 ], [ 117.768154949494956, 4.443823636363637 ], [ 117.768154949494956, 4.002620707070707 ], [ 117.42795151515152, 4.002620707070707 ], [ 117.087748080808083, 4.002620707070707 ], [ 117.087748080808083, 3.56141777777778 ], [ 116.747544646464647, 3.56141777777778 ], [ 116.407341212121224, 3.56141777777778 ], [ 116.40734121212121, 3.56141777777778 ], [ 116.067137777777788, 3.56141777777778 ], [ 115.726934343434351, 3.56141777777778 ], [ 115.386730909090915, 3.56141777777778 ], [ 115.386730909090915, 4.002620707070707 ], [ 115.046527474747478, 4.002620707070707 ] ] ], [ [ [ 114.706324040404041, 4.443823636363638 ], [ 114.706324040404041, 4.885026565656566 ], [ 114.366120606060605, 4.885026565656566 ], [ 114.366120606060605, 5.326229494949495 ], [ 114.706324040404041, 5.326229494949495 ], [ 115.046527474747478, 5.326229494949495 ], [ 115.386730909090915, 5.326229494949495 ], [ 115.726934343434351, 5.326229494949495 ], [ 116.067137777777788, 5.326229494949495 ], [ 116.40734121212121, 5.326229494949495 ], [ 116.407341212121224, 5.326229494949495 ], [ 116.747544646464647, 5.326229494949495 ], [ 117.087748080808083, 5.326229494949495 ], [ 117.42795151515152, 5.326229494949495 ], [ 117.768154949494956, 5.326229494949495 ], [ 118.108358383838379, 5.326229494949495 ], [ 118.108358383838393, 5.326229494949495 ], [ 118.448561818181815, 5.326229494949495 ], [ 118.448561818181815, 4.885026565656568 ], [ 118.448561818181815, 4.885026565656566 ], [ 118.448561818181815, 4.443823636363638 ], [ 118.108358383838393, 4.443823636363638 ], [ 118.108358383838379, 4.443823636363638 ], [ 117.768154949494956, 4.443823636363638 ], [ 117.42795151515152, 4.443823636363638 ], [ 117.087748080808083, 4.443823636363638 ], [ 116.747544646464647, 4.443823636363638 ], [ 116.407341212121224, 4.443823636363638 ], [ 116.40734121212121, 4.443823636363638 ], [ 116.067137777777788, 4.443823636363638 ], [ 115.726934343434351, 4.443823636363638 ], [ 115.386730909090915, 4.443823636363638 ], [ 115.046527474747478, 4.443823636363638 ], [ 114.706324040404041, 4.443823636363638 ] ] ], [ [ [ 114.366120606060605, 5.767432424242426 ], [ 114.366120606060605, 6.208635353535354 ], [ 114.706324040404041, 6.208635353535354 ], [ 115.046527474747478, 6.208635353535354 ], [ 115.386730909090915, 6.208635353535354 ], [ 115.726934343434351, 6.208635353535354 ], [ 116.067137777777788, 6.208635353535354 ], [ 116.40734121212121, 6.208635353535354 ], [ 116.407341212121224, 6.208635353535354 ], [ 116.747544646464647, 6.208635353535354 ], [ 117.087748080808083, 6.208635353535354 ], [ 117.42795151515152, 6.208635353535354 ], [ 117.768154949494956, 6.208635353535354 ], [ 118.108358383838379, 6.208635353535354 ], [ 118.108358383838393, 6.208635353535354 ], [ 118.448561818181815, 6.208635353535354 ], [ 118.788765252525252, 6.208635353535354 ], [ 118.788765252525252, 5.767432424242426 ], [ 118.788765252525252, 5.767432424242425 ], [ 118.788765252525252, 5.326229494949497 ], [ 118.448561818181815, 5.326229494949497 ], [ 118.108358383838393, 5.326229494949497 ], [ 118.108358383838379, 5.326229494949497 ], [ 117.768154949494956, 5.326229494949497 ], [ 117.42795151515152, 5.326229494949497 ], [ 117.087748080808083, 5.326229494949497 ], [ 116.747544646464647, 5.326229494949497 ], [ 116.407341212121224, 5.326229494949497 ], [ 116.40734121212121, 5.326229494949497 ], [ 116.067137777777788, 5.326229494949497 ], [ 115.726934343434351, 5.326229494949497 ], [ 115.386730909090915, 5.326229494949497 ], [ 115.046527474747478, 5.326229494949497 ], [ 114.706324040404041, 5.326229494949497 ], [ 114.366120606060605, 5.326229494949497 ], [ 114.366120606060605, 5.767432424242425 ], [ 114.366120606060605, 5.767432424242426 ] ] ], [ [ [ 114.366120606060605, 6.649838282828285 ], [ 114.706324040404041, 6.649838282828285 ], [ 114.706324040404041, 7.091041212121213 ], [ 115.046527474747478, 7.091041212121213 ], [ 115.386730909090915, 7.091041212121213 ], [ 115.726934343434351, 7.091041212121213 ], [ 116.067137777777788, 7.091041212121213 ], [ 116.40734121212121, 7.091041212121213 ], [ 116.407341212121224, 7.091041212121213 ], [ 116.747544646464647, 7.091041212121213 ], [ 117.087748080808083, 7.091041212121213 ], [ 117.42795151515152, 7.091041212121213 ], [ 117.768154949494956, 7.091041212121213 ], [ 118.108358383838379, 7.091041212121213 ], [ 118.108358383838393, 7.091041212121213 ], [ 118.448561818181815, 7.091041212121213 ], [ 118.448561818181815, 6.649838282828285 ], [ 118.788765252525252, 6.649838282828285 ], [ 118.788765252525252, 6.208635353535356 ], [ 118.448561818181815, 6.208635353535356 ], [ 118.108358383838393, 6.208635353535356 ], [ 118.108358383838379, 6.208635353535356 ], [ 117.768154949494956, 6.208635353535356 ], [ 117.42795151515152, 6.208635353535356 ], [ 117.087748080808083, 6.208635353535356 ], [ 116.747544646464647, 6.208635353535356 ], [ 116.407341212121224, 6.208635353535356 ], [ 116.40734121212121, 6.208635353535356 ], [ 116.067137777777788, 6.208635353535356 ], [ 115.726934343434351, 6.208635353535356 ], [ 115.386730909090915, 6.208635353535356 ], [ 115.046527474747478, 6.208635353535356 ], [ 114.706324040404041, 6.208635353535356 ], [ 114.366120606060605, 6.208635353535356 ], [ 114.366120606060605, 6.649838282828285 ] ] ], [ [ [ 115.726934343434351, 7.973447070707071 ], [ 116.067137777777788, 7.973447070707071 ], [ 116.40734121212121, 7.973447070707071 ], [ 116.407341212121224, 7.973447070707071 ], [ 116.747544646464647, 7.973447070707071 ], [ 117.087748080808083, 7.973447070707071 ], [ 117.42795151515152, 7.973447070707071 ], [ 117.768154949494956, 7.973447070707071 ], [ 117.768154949494956, 7.532244141414144 ], [ 118.108358383838379, 7.532244141414144 ], [ 118.108358383838393, 7.532244141414144 ], [ 118.448561818181815, 7.532244141414144 ], [ 118.448561818181815, 7.091041212121215 ], [ 118.108358383838393, 7.091041212121215 ], [ 118.108358383838379, 7.091041212121215 ], [ 117.768154949494956, 7.091041212121215 ], [ 117.42795151515152, 7.091041212121215 ], [ 117.087748080808083, 7.091041212121215 ], [ 116.747544646464647, 7.091041212121215 ], [ 116.407341212121224, 7.091041212121215 ], [ 116.40734121212121, 7.091041212121215 ], [ 116.067137777777788, 7.091041212121215 ], [ 115.726934343434351, 7.091041212121215 ], [ 115.386730909090915, 7.091041212121215 ], [ 115.046527474747478, 7.091041212121215 ], [ 115.046527474747478, 7.532244141414144 ], [ 115.386730909090915, 7.532244141414144 ], [ 115.726934343434351, 7.532244141414144 ], [ 115.726934343434351, 7.973447070707071 ] ] ], [ [ [ 124.912427070707082, 7.973447070707071 ], [ 125.252630505050519, 7.973447070707071 ], [ 125.592833939393955, 7.973447070707071 ], [ 125.592833939393955, 7.532244141414142 ], [ 125.252630505050519, 7.532244141414142 ], [ 125.252630505050519, 7.091041212121215 ], [ 124.912427070707082, 7.091041212121215 ], [ 124.572223636363645, 7.091041212121215 ], [ 124.572223636363645, 7.532244141414142 ], [ 124.232020202020209, 7.532244141414142 ], [ 124.232020202020209, 7.973447070707071 ], [ 124.572223636363645, 7.973447070707071 ], [ 124.912427070707082, 7.973447070707071 ] ] ], [ [ [ 124.232020202020209, 7.973447070707073 ], [ 124.232020202020209, 8.41465 ], [ 124.572223636363645, 8.41465 ], [ 124.572223636363645, 8.855852929292929 ], [ 124.912427070707082, 8.855852929292929 ], [ 125.252630505050519, 8.855852929292929 ], [ 125.592833939393955, 8.855852929292929 ], [ 125.592833939393955, 8.41465 ], [ 125.933037373737392, 8.41465 ], [ 125.933037373737392, 7.973447070707073 ], [ 125.592833939393955, 7.973447070707073 ], [ 125.252630505050519, 7.973447070707073 ], [ 124.912427070707082, 7.973447070707073 ], [ 124.572223636363645, 7.973447070707073 ], [ 124.232020202020209, 7.973447070707073 ] ] ], [ [ [ 118.788765252525252, 9.29705585858586 ], [ 118.448561818181815, 9.29705585858586 ], [ 118.108358383838379, 9.29705585858586 ], [ 118.108358383838379, 9.738258787878788 ], [ 118.448561818181815, 9.738258787878788 ], [ 118.788765252525252, 9.738258787878788 ], [ 119.128968686868689, 9.738258787878788 ], [ 119.469172121212125, 9.738258787878788 ], [ 119.469172121212125, 9.29705585858586 ], [ 119.128968686868689, 9.29705585858586 ], [ 118.788765252525252, 9.29705585858586 ] ] ], [ [ [ 118.788765252525252, 10.620664646464647 ], [ 119.128968686868689, 10.620664646464647 ], [ 119.469172121212125, 10.620664646464647 ], [ 119.469172121212125, 10.179461717171719 ], [ 119.469172121212125, 9.738258787878792 ], [ 119.128968686868689, 9.738258787878792 ], [ 118.788765252525252, 9.738258787878792 ], [ 118.448561818181815, 9.738258787878792 ], [ 118.108358383838379, 9.738258787878792 ], [ 118.108358383838379, 10.179461717171719 ], [ 118.108358383838379, 10.620664646464647 ], [ 118.448561818181815, 10.620664646464647 ], [ 118.788765252525252, 10.620664646464647 ] ] ], [ [ [ 120.489782424242435, 22.533143737373742 ], [ 120.489782424242435, 22.974346666666669 ], [ 120.489782424242435, 23.415549595959597 ], [ 120.489782424242435, 23.856752525252524 ], [ 120.829985858585871, 23.856752525252524 ], [ 121.170189292929294, 23.856752525252524 ], [ 121.170189292929308, 23.856752525252524 ], [ 121.51039272727273, 23.856752525252524 ], [ 121.850596161616167, 23.856752525252524 ], [ 121.850596161616167, 23.415549595959597 ], [ 121.51039272727273, 23.415549595959597 ], [ 121.51039272727273, 22.974346666666669 ], [ 121.170189292929308, 22.974346666666669 ], [ 121.170189292929308, 22.533143737373742 ], [ 120.829985858585871, 22.533143737373742 ], [ 120.489782424242435, 22.533143737373742 ] ] ], [ [ [ 120.829985858585871, 24.739158383838387 ], [ 121.170189292929294, 24.739158383838387 ], [ 121.170189292929308, 24.739158383838387 ], [ 121.51039272727273, 24.739158383838387 ], [ 121.850596161616167, 24.739158383838387 ], [ 121.850596161616167, 24.297955454545459 ], [ 121.850596161616167, 23.856752525252531 ], [ 121.51039272727273, 23.856752525252531 ], [ 121.170189292929308, 23.856752525252531 ], [ 121.170189292929294, 23.856752525252531 ], [ 120.829985858585871, 23.856752525252531 ], [ 120.489782424242435, 23.856752525252531 ], [ 120.489782424242435, 24.297955454545459 ], [ 120.829985858585871, 24.297955454545459 ], [ 120.829985858585871, 24.739158383838387 ] ] ] ] } },
{ "type": "Feature", "properties": { "month": 3, "species_sci": "Cyanoptila cyanomelana", "species_com": "Blue-and-white Flycatcher / Ōruri" }, "geometry": { "type": "MultiPolygon", "coordinates": [ [ [ [ 98.488722222222222, 8.919193939393937 ], [ 98.488722222222222, 8.919193939393939 ], [ 98.488722222222222, 9.209277777777775 ], [ 98.488722222222222, 9.209277777777777 ], [ 98.488722222222222, 9.499361616161615 ], [ 98.488722222222222, 9.789445454545453 ], [ 98.488722222222222, 9.789445454545454 ], [ 98.488722222222222, 10.079529292929291 ], [ 98.488722222222222, 10.079529292929292 ], [ 98.488722222222222, 10.36961313131313 ], [ 98.765434444444438, 10.36961313131313 ], [ 99.042146666666653, 10.36961313131313 ], [ 99.042146666666653, 10.079529292929292 ], [ 99.042146666666653, 10.079529292929291 ], [ 99.042146666666653, 9.789445454545454 ], [ 99.042146666666653, 9.789445454545453 ], [ 99.042146666666653, 9.499361616161615 ], [ 99.042146666666653, 9.209277777777777 ], [ 99.042146666666653, 9.209277777777775 ], [ 99.042146666666653, 8.919193939393939 ], [ 99.042146666666653, 8.919193939393937 ], [ 99.042146666666653, 8.629110101010101 ], [ 99.042146666666653, 8.629110101010099 ], [ 99.042146666666653, 8.339026262626263 ], [ 99.042146666666653, 8.339026262626261 ], [ 99.042146666666653, 8.048942424242423 ], [ 99.042146666666653, 7.758858585858584 ], [ 99.042146666666653, 7.468774747474746 ], [ 99.042146666666653, 7.178690909090908 ], [ 99.042146666666653, 6.88860707070707 ], [ 98.765434444444438, 6.88860707070707 ], [ 98.488722222222222, 6.88860707070707 ], [ 98.488722222222222, 7.178690909090908 ], [ 98.488722222222222, 7.468774747474746 ], [ 98.488722222222222, 7.758858585858584 ], [ 98.488722222222222, 8.048942424242423 ], [ 98.488722222222222, 8.339026262626261 ], [ 98.488722222222222, 8.339026262626263 ], [ 98.488722222222222, 8.629110101010099 ], [ 98.488722222222222, 8.629110101010101 ], [ 98.488722222222222, 8.919193939393937 ] ] ], [ [ [ 97.658585555555561, 8.339026262626263 ], [ 97.658585555555561, 8.629110101010099 ], [ 97.658585555555561, 8.629110101010101 ], [ 97.658585555555561, 8.919193939393937 ], [ 97.658585555555561, 8.919193939393939 ], [ 97.658585555555561, 9.209277777777775 ], [ 97.658585555555561, 9.209277777777777 ], [ 97.658585555555561, 9.499361616161615 ], [ 97.658585555555561, 9.789445454545453 ], [ 97.658585555555561, 9.789445454545454 ], [ 97.658585555555561, 10.079529292929291 ], [ 97.658585555555561, 10.079529292929292 ], [ 97.658585555555561, 10.36961313131313 ], [ 97.935297777777777, 10.36961313131313 ], [ 98.21201, 10.36961313131313 ], [ 98.488722222222208, 10.36961313131313 ], [ 98.488722222222208, 10.079529292929292 ], [ 98.488722222222208, 10.079529292929291 ], [ 98.488722222222208, 9.789445454545454 ], [ 98.488722222222208, 9.789445454545453 ], [ 98.488722222222208, 9.499361616161615 ], [ 98.488722222222208, 9.209277777777777 ], [ 98.488722222222208, 9.209277777777775 ], [ 98.488722222222208, 8.919193939393939 ], [ 98.488722222222208, 8.919193939393937 ], [ 98.488722222222208, 8.629110101010101 ], [ 98.488722222222208, 8.629110101010099 ], [ 98.488722222222208, 8.339026262626263 ], [ 98.488722222222208, 8.339026262626261 ], [ 98.488722222222208, 8.048942424242423 ], [ 98.488722222222208, 7.758858585858584 ], [ 98.488722222222208, 7.468774747474746 ], [ 98.488722222222208, 7.178690909090908 ], [ 98.21201, 7.178690909090908 ], [ 97.935297777777777, 7.178690909090908 ], [ 97.935297777777777, 7.468774747474746 ], [ 97.658585555555561, 7.468774747474746 ], [ 97.658585555555561, 7.758858585858584 ], [ 97.658585555555561, 8.048942424242423 ], [ 97.658585555555561, 8.339026262626261 ], [ 97.658585555555561, 8.339026262626263 ] ] ], [ [ [ 97.105161111111116, 8.629110101010101 ], [ 97.105161111111116, 8.919193939393937 ], [ 97.105161111111116, 8.919193939393939 ], [ 97.105161111111116, 9.209277777777775 ], [ 97.105161111111116, 9.209277777777777 ], [ 97.105161111111116, 9.499361616161615 ], [ 97.105161111111116, 9.789445454545454 ], [ 97.381873333333331, 9.789445454545454 ], [ 97.381873333333331, 10.079529292929292 ], [ 97.658585555555547, 10.079529292929292 ], [ 97.658585555555547, 9.789445454545454 ], [ 97.658585555555547, 9.789445454545453 ], [ 97.658585555555547, 9.499361616161615 ], [ 97.658585555555547, 9.209277777777777 ], [ 97.658585555555547, 9.209277777777775 ], [ 97.658585555555547, 8.919193939393939 ], [ 97.658585555555547, 8.919193939393937 ], [ 97.658585555555547, 8.629110101010101 ], [ 97.658585555555547, 8.629110101010099 ], [ 97.658585555555547, 8.339026262626263 ], [ 97.658585555555547, 8.339026262626261 ], [ 97.658585555555547, 8.048942424242423 ], [ 97.658585555555547, 7.758858585858584 ], [ 97.381873333333331, 7.758858585858584 ], [ 97.381873333333331, 8.048942424242423 ], [ 97.105161111111116, 8.048942424242423 ], [ 97.105161111111116, 8.339026262626261 ], [ 97.105161111111116, 8.339026262626263 ], [ 97.105161111111116, 8.629110101010099 ], [ 97.105161111111116, 8.629110101010101 ] ] ], [ [ [ 99.042146666666667, 8.629110101010101 ], [ 99.042146666666667, 8.919193939393937 ], [ 99.042146666666667, 8.919193939393939 ], [ 99.042146666666667, 9.209277777777775 ], [ 99.042146666666667, 9.209277777777777 ], [ 99.042146666666667, 9.499361616161615 ], [ 99.042146666666667, 9.789445454545453 ], [ 99.042146666666667, 9.789445454545454 ], [ 99.042146666666667, 10.079529292929291 ], [ 99.042146666666667, 10.079529292929292 ], [ 99.042146666666667, 10.36961313131313 ], [ 99.318858888888883, 10.36961313131313 ], [ 99.595571111111099, 10.36961313131313 ], [ 99.595571111111099, 10.079529292929292 ], [ 99.595571111111099, 10.079529292929291 ], [ 99.595571111111099, 9.789445454545454 ], [ 99.595571111111099, 9.789445454545453 ], [ 99.595571111111099, 9.499361616161615 ], [ 99.595571111111099, 9.209277777777777 ], [ 99.595571111111099, 9.209277777777775 ], [ 99.595571111111099, 8.919193939393939 ], [ 99.595571111111099, 8.919193939393937 ], [ 99.595571111111099, 8.629110101010101 ], [ 99.595571111111099, 8.629110101010099 ], [ 99.595571111111099, 8.339026262626263 ], [ 99.595571111111099, 8.339026262626261 ], [ 99.595571111111099, 8.048942424242423 ], [ 99.595571111111099, 7.758858585858584 ], [ 99.595571111111099, 7.468774747474746 ], [ 99.595571111111099, 7.178690909090908 ], [ 99.595571111111099, 6.88860707070707 ], [ 99.595571111111099, 6.598523232323232 ], [ 99.318858888888883, 6.598523232323232 ], [ 99.318858888888883, 6.88860707070707 ], [ 99.042146666666667, 6.88860707070707 ], [ 99.042146666666667, 7.178690909090908 ], [ 99.042146666666667, 7.468774747474746 ], [ 99.042146666666667, 7.758858585858584 ], [ 99.042146666666667, 8.048942424242423 ], [ 99.042146666666667, 8.339026262626261 ], [ 99.042146666666667, 8.339026262626263 ], [ 99.042146666666667, 8.629110101010099 ], [ 99.042146666666667, 8.629110101010101 ] ] ], [ [ [ 96.828448888888886, 9.209277777777775 ], [ 96.828448888888886, 9.209277777777777 ], [ 96.828448888888886, 9.499361616161615 ], [ 97.105161111111101, 9.499361616161615 ], [ 97.105161111111101, 9.209277777777777 ], [ 97.105161111111101, 9.209277777777775 ], [ 97.105161111111101, 8.919193939393939 ], [ 97.105161111111101, 8.919193939393937 ], [ 97.105161111111101, 8.629110101010101 ], [ 97.105161111111101, 8.629110101010099 ], [ 97.105161111111101, 8.339026262626261 ], [ 96.828448888888886, 8.339026262626261 ], [ 96.828448888888886, 8.629110101010099 ], [ 96.828448888888886, 8.629110101010101 ], [ 96.828448888888886, 8.919193939393937 ], [ 96.828448888888886, 8.919193939393939 ], [ 96.828448888888886, 9.209277777777775 ] ] ], [ [ [ 98.488722222222222, 11.820032323232322 ], [ 98.488722222222222, 12.110116161616158 ], [ 98.488722222222222, 12.11011616161616 ], [ 98.488722222222222, 12.4002 ], [ 98.488722222222222, 12.4002 ], [ 98.488722222222222, 12.690283838383836 ], [ 98.488722222222222, 12.980367676767674 ], [ 98.488722222222222, 12.980367676767676 ], [ 98.488722222222222, 13.270451515151512 ], [ 98.488722222222222, 13.270451515151514 ], [ 98.488722222222222, 13.56053535353535 ], [ 98.488722222222222, 13.560535353535352 ], [ 98.488722222222222, 13.850619191919188 ], [ 98.488722222222222, 13.85061919191919 ], [ 98.488722222222222, 14.140703030303026 ], [ 98.488722222222222, 14.140703030303028 ], [ 98.488722222222222, 14.430786868686866 ], [ 98.488722222222222, 14.720870707070706 ], [ 98.765434444444438, 14.720870707070706 ], [ 98.765434444444438, 15.010954545454542 ], [ 99.042146666666653, 15.010954545454542 ], [ 99.042146666666653, 14.720870707070706 ], [ 99.042146666666653, 14.720870707070702 ], [ 99.042146666666653, 14.430786868686866 ], [ 99.042146666666653, 14.140703030303028 ], [ 99.042146666666653, 14.140703030303026 ], [ 99.042146666666653, 13.85061919191919 ], [ 99.042146666666653, 13.850619191919188 ], [ 99.042146666666653, 13.560535353535352 ], [ 99.042146666666653, 13.56053535353535 ], [ 99.042146666666653, 13.270451515151514 ], [ 99.042146666666653, 13.270451515151512 ], [ 99.042146666666653, 12.980367676767676 ], [ 99.042146666666653, 12.980367676767674 ], [ 99.042146666666653, 12.690283838383836 ], [ 99.042146666666653, 12.4002 ], [ 99.042146666666653, 12.4002 ], [ 99.042146666666653, 12.11011616161616 ], [ 99.042146666666653, 12.110116161616158 ], [ 99.042146666666653, 11.820032323232322 ], [ 99.042146666666653, 11.82003232323232 ], [ 99.042146666666653, 11.529948484848482 ], [ 98.765434444444438, 11.529948484848482 ], [ 98.488722222222222, 11.529948484848482 ], [ 98.488722222222222, 11.82003232323232 ], [ 98.488722222222222, 11.820032323232322 ] ] ], [ [ [ 97.935297777777777, 12.980367676767674 ], [ 97.935297777777777, 12.980367676767676 ], [ 97.935297777777777, 13.270451515151512 ], [ 97.935297777777777, 13.270451515151514 ], [ 97.935297777777777, 13.560535353535352 ], [ 98.21201, 13.560535353535352 ], [ 98.21201, 13.850619191919188 ], [ 98.21201, 13.85061919191919 ], [ 98.21201, 14.140703030303028 ], [ 98.488722222222208, 14.140703030303028 ], [ 98.488722222222208, 13.85061919191919 ], [ 98.488722222222208, 13.850619191919188 ], [ 98.488722222222208, 13.560535353535352 ], [ 98.488722222222208, 13.56053535353535 ], [ 98.488722222222208, 13.270451515151514 ], [ 98.488722222222208, 13.270451515151512 ], [ 98.488722222222208, 12.980367676767676 ], [ 98.488722222222208, 12.980367676767674 ], [ 98.488722222222208, 12.690283838383836 ], [ 98.488722222222208, 12.4002 ], [ 98.488722222222208, 12.4002 ], [ 98.488722222222208, 12.11011616161616 ], [ 98.488722222222208, 12.110116161616158 ], [ 98.488722222222208, 11.82003232323232 ], [ 98.21201, 11.82003232323232 ], [ 98.21201, 12.110116161616158 ], [ 97.935297777777777, 12.110116161616158 ], [ 97.935297777777777, 12.4002 ], [ 97.935297777777777, 12.4002 ], [ 97.935297777777777, 12.690283838383836 ], [ 97.935297777777777, 12.980367676767674 ] ] ], [ [ [ 99.042146666666667, 14.720870707070702 ], [ 99.042146666666667, 14.720870707070706 ], [ 99.042146666666667, 15.010954545454542 ], [ 99.042146666666667, 15.301038383838382 ], [ 99.318858888888883, 15.301038383838382 ], [ 99.318858888888883, 15.591122222222221 ], [ 99.595571111111099, 15.591122222222221 ], [ 99.595571111111099, 15.301038383838382 ], [ 99.595571111111099, 15.010954545454542 ], [ 99.595571111111099, 14.720870707070706 ], [ 99.595571111111099, 14.720870707070702 ], [ 99.595571111111099, 14.430786868686866 ], [ 99.595571111111099, 14.140703030303028 ], [ 99.595571111111099, 14.140703030303026 ], [ 99.595571111111099, 13.85061919191919 ], [ 99.595571111111099, 13.850619191919188 ], [ 99.595571111111099, 13.560535353535352 ], [ 99.595571111111099, 13.56053535353535 ], [ 99.595571111111099, 13.270451515151514 ], [ 99.595571111111099, 13.270451515151512 ], [ 99.595571111111099, 12.980367676767676 ], [ 99.595571111111099, 12.980367676767674 ], [ 99.595571111111099, 12.690283838383836 ], [ 99.595571111111099, 12.4002 ], [ 99.595571111111099, 12.4002 ], [ 99.595571111111099, 12.11011616161616 ], [ 99.595571111111099, 12.110116161616158 ], [ 99.595571111111099, 11.820032323232322 ], [ 99.595571111111099, 11.82003232323232 ], [ 99.595571111111099, 11.529948484848484 ], [ 99.595571111111099, 11.529948484848482 ], [ 99.595571111111099, 11.239864646464644 ], [ 99.318858888888883, 11.239864646464644 ], [ 99.042146666666667, 11.239864646464644 ], [ 99.042146666666667, 11.529948484848482 ], [ 99.042146666666667, 11.529948484848484 ], [ 99.042146666666667, 11.82003232323232 ], [ 99.042146666666667, 11.820032323232322 ], [ 99.042146666666667, 12.110116161616158 ], [ 99.042146666666667, 12.11011616161616 ], [ 99.042146666666667, 12.4002 ], [ 99.042146666666667, 12.4002 ], [ 99.042146666666667, 12.690283838383836 ], [ 99.042146666666667, 12.980367676767674 ], [ 99.042146666666667, 12.980367676767676 ], [ 99.042146666666667, 13.270451515151512 ], [ 99.042146666666667, 13.270451515151514 ], [ 99.042146666666667, 13.56053535353535 ], [ 99.042146666666667, 13.560535353535352 ], [ 99.042146666666667, 13.850619191919188 ], [ 99.042146666666667, 13.85061919191919 ], [ 99.042146666666667, 14.140703030303026 ], [ 99.042146666666667, 14.140703030303028 ], [ 99.042146666666667, 14.430786868686866 ], [ 99.042146666666667, 14.720870707070702 ] ] ], [ [ [ 73.272933333333327, 18.962064141414139 ], [ 73.272933333333327, 18.978065151515153 ], [ 73.284711111111108, 18.978065151515153 ], [ 73.296488888888888, 18.978065151515153 ], [ 73.296488888888888, 18.962064141414139 ], [ 73.284711111111108, 18.962064141414139 ], [ 73.272933333333327, 18.962064141414139 ] ] ], [ [ [ 73.272933333333327, 18.994066161616161 ], [ 73.261155555555547, 18.994066161616161 ], [ 73.261155555555547, 19.010067171717175 ], [ 73.261155555555547, 19.026068181818182 ], [ 73.272933333333327, 19.026068181818182 ], [ 73.284711111111108, 19.026068181818182 ], [ 73.284711111111108, 19.010067171717175 ], [ 73.272933333333327, 19.010067171717175 ], [ 73.272933333333327, 18.994066161616161 ] ] ], [ [ [ 99.595571111111113, 8.629110101010099 ], [ 99.595571111111113, 8.629110101010101 ], [ 99.595571111111113, 8.919193939393937 ], [ 99.595571111111113, 8.919193939393939 ], [ 99.595571111111113, 9.209277777777775 ], [ 99.595571111111113, 9.209277777777777 ], [ 99.595571111111113, 9.499361616161615 ], [ 99.595571111111113, 9.789445454545453 ], [ 99.595571111111113, 9.789445454545454 ], [ 99.595571111111113, 10.079529292929292 ], [ 99.872283333333328, 10.079529292929292 ], [ 100.148995555555544, 10.079529292929292 ], [ 100.148995555555544, 9.789445454545454 ], [ 100.148995555555544, 9.789445454545453 ], [ 100.148995555555544, 9.499361616161615 ], [ 100.148995555555544, 9.209277777777777 ], [ 100.148995555555544, 9.209277777777775 ], [ 100.148995555555544, 8.919193939393939 ], [ 100.148995555555544, 8.919193939393937 ], [ 100.148995555555544, 8.629110101010101 ], [ 100.148995555555544, 8.629110101010099 ], [ 100.148995555555544, 8.339026262626263 ], [ 100.148995555555544, 8.339026262626261 ], [ 100.148995555555544, 8.048942424242423 ], [ 100.148995555555544, 7.758858585858584 ], [ 100.148995555555544, 7.468774747474746 ], [ 100.148995555555544, 7.178690909090908 ], [ 100.148995555555544, 6.88860707070707 ], [ 99.872283333333328, 6.88860707070707 ], [ 99.872283333333328, 6.598523232323232 ], [ 99.595571111111113, 6.598523232323232 ], [ 99.595571111111113, 6.88860707070707 ], [ 99.595571111111113, 7.178690909090908 ], [ 99.595571111111113, 7.468774747474746 ], [ 99.595571111111113, 7.758858585858584 ], [ 99.595571111111113, 8.048942424242423 ], [ 99.595571111111113, 8.339026262626261 ], [ 99.595571111111113, 8.339026262626263 ], [ 99.595571111111113, 8.629110101010099 ] ] ], [ [ [ 100.148995555555558, 8.048942424242423 ], [ 100.148995555555558, 8.339026262626261 ], [ 100.148995555555558, 8.339026262626263 ], [ 100.148995555555558, 8.629110101010099 ], [ 100.148995555555558, 8.629110101010101 ], [ 100.148995555555558, 8.919193939393937 ], [ 100.148995555555558, 8.919193939393939 ], [ 100.148995555555558, 9.209277777777775 ], [ 100.148995555555558, 9.209277777777777 ], [ 100.148995555555558, 9.499361616161615 ], [ 100.148995555555558, 9.789445454545454 ], [ 100.425707777777774, 9.789445454545454 ], [ 100.425707777777774, 9.499361616161615 ], [ 100.70242, 9.499361616161615 ], [ 100.70242, 9.209277777777777 ], [ 100.70242, 9.209277777777775 ], [ 100.70242, 8.919193939393939 ], [ 100.70242, 8.919193939393937 ], [ 100.70242, 8.629110101010101 ], [ 100.70242, 8.629110101010099 ], [ 100.70242, 8.339026262626263 ], [ 100.70242, 8.339026262626261 ], [ 100.70242, 8.048942424242423 ], [ 100.70242, 7.758858585858584 ], [ 100.70242, 7.468774747474746 ], [ 100.70242, 7.178690909090908 ], [ 100.70242, 6.88860707070707 ], [ 100.425707777777774, 6.88860707070707 ], [ 100.148995555555558, 6.88860707070707 ], [ 100.148995555555558, 7.178690909090908 ], [ 100.148995555555558, 7.468774747474746 ], [ 100.148995555555558, 7.758858585858584 ], [ 100.148995555555558, 8.048942424242423 ] ] ], [ [ [ 99.595571111111113, 12.11011616161616 ], [ 99.595571111111113, 12.4002 ], [ 99.595571111111113, 12.4002 ], [ 99.595571111111113, 12.690283838383836 ], [ 99.595571111111113, 12.980367676767674 ], [ 99.595571111111113, 12.980367676767676 ], [ 99.595571111111113, 13.270451515151512 ], [ 99.595571111111113, 13.270451515151514 ], [ 99.595571111111113, 13.56053535353535 ], [ 99.595571111111113, 13.560535353535352 ], [ 99.595571111111113, 13.850619191919188 ], [ 99.595571111111113, 13.85061919191919 ], [ 99.595571111111113, 14.140703030303026 ], [ 99.595571111111113, 14.140703030303028 ], [ 99.595571111111113, 14.430786868686866 ], [ 99.595571111111113, 14.720870707070702 ], [ 99.595571111111113, 14.720870707070706 ], [ 99.595571111111113, 15.010954545454542 ], [ 99.595571111111113, 15.301038383838382 ], [ 99.595571111111113, 15.591122222222221 ], [ 99.872283333333328, 15.591122222222221 ], [ 99.872283333333328, 15.881206060606058 ], [ 100.148995555555544, 15.881206060606058 ], [ 100.148995555555544, 15.591122222222221 ], [ 100.148995555555544, 15.591122222222218 ], [ 100.148995555555544, 15.301038383838382 ], [ 100.148995555555544, 15.010954545454542 ], [ 100.148995555555544, 14.720870707070706 ], [ 100.148995555555544, 14.720870707070702 ], [ 100.148995555555544, 14.430786868686866 ], [ 100.148995555555544, 14.140703030303028 ], [ 100.148995555555544, 14.140703030303026 ], [ 100.148995555555544, 13.85061919191919 ], [ 100.148995555555544, 13.850619191919188 ], [ 100.148995555555544, 13.560535353535352 ], [ 100.148995555555544, 13.56053535353535 ], [ 100.148995555555544, 13.270451515151514 ], [ 100.148995555555544, 13.270451515151512 ], [ 100.148995555555544, 12.980367676767676 ], [ 100.148995555555544, 12.980367676767674 ], [ 100.148995555555544, 12.690283838383836 ], [ 100.148995555555544, 12.4002 ], [ 100.148995555555544, 12.4002 ], [ 100.148995555555544, 12.11011616161616 ], [ 100.148995555555544, 12.110116161616158 ], [ 100.148995555555544, 11.820032323232322 ], [ 100.148995555555544, 11.82003232323232 ], [ 100.148995555555544, 11.529948484848484 ], [ 100.148995555555544, 11.529948484848482 ], [ 100.148995555555544, 11.239864646464644 ], [ 100.148995555555544, 10.949780808080805 ], [ 99.872283333333328, 10.949780808080805 ], [ 99.595571111111113, 10.949780808080805 ], [ 99.595571111111113, 11.239864646464644 ], [ 99.595571111111113, 11.529948484848482 ], [ 99.595571111111113, 11.529948484848484 ], [ 99.595571111111113, 11.82003232323232 ], [ 99.595571111111113, 11.820032323232322 ], [ 99.595571111111113, 12.110116161616158 ], [ 99.595571111111113, 12.11011616161616 ] ] ], [ [ [ 100.148995555555558, 11.82003232323232 ], [ 100.148995555555558, 11.820032323232322 ], [ 100.148995555555558, 12.110116161616158 ], [ 100.148995555555558, 12.11011616161616 ], [ 100.148995555555558, 12.4002 ], [ 100.148995555555558, 12.4002 ], [ 100.148995555555558, 12.690283838383836 ], [ 100.148995555555558, 12.980367676767674 ], [ 100.148995555555558, 12.980367676767676 ], [ 100.148995555555558, 13.270451515151512 ], [ 100.148995555555558, 13.270451515151514 ], [ 100.148995555555558, 13.56053535353535 ], [ 100.148995555555558, 13.560535353535352 ], [ 100.148995555555558, 13.850619191919188 ], [ 100.148995555555558, 13.85061919191919 ], [ 100.148995555555558, 14.140703030303026 ], [ 100.148995555555558, 14.140703030303028 ], [ 100.148995555555558, 14.430786868686866 ], [ 100.148995555555558, 14.720870707070702 ], [ 100.148995555555558, 14.720870707070706 ], [ 100.148995555555558, 15.010954545454542 ], [ 100.148995555555558, 15.301038383838382 ], [ 100.148995555555558, 15.591122222222218 ], [ 100.148995555555558, 15.591122222222221 ], [ 100.148995555555558, 15.881206060606058 ], [ 100.425707777777774, 15.881206060606058 ], [ 100.70242, 15.881206060606058 ], [ 100.70242, 15.591122222222221 ], [ 100.70242, 15.591122222222218 ], [ 100.70242, 15.301038383838382 ], [ 100.70242, 15.010954545454542 ], [ 100.70242, 14.720870707070706 ], [ 100.70242, 14.720870707070702 ], [ 100.70242, 14.430786868686866 ], [ 100.70242, 14.140703030303028 ], [ 100.70242, 14.140703030303026 ], [ 100.70242, 13.85061919191919 ], [ 100.70242, 13.850619191919188 ], [ 100.70242, 13.560535353535352 ], [ 100.70242, 13.56053535353535 ], [ 100.70242, 13.270451515151514 ], [ 100.70242, 13.270451515151512 ], [ 100.70242, 12.980367676767676 ], [ 100.70242, 12.980367676767674 ], [ 100.70242, 12.690283838383836 ], [ 100.70242, 12.4002 ], [ 100.70242, 12.4002 ], [ 100.70242, 12.11011616161616 ], [ 100.70242, 12.110116161616158 ], [ 100.70242, 11.820032323232322 ], [ 100.70242, 11.82003232323232 ], [ 100.70242, 11.529948484848484 ], [ 100.70242, 11.529948484848482 ], [ 100.70242, 11.239864646464644 ], [ 100.70242, 10.949780808080806 ], [ 100.70242, 10.949780808080805 ], [ 100.70242, 10.659696969696967 ], [ 100.425707777777774, 10.659696969696967 ], [ 100.425707777777774, 10.949780808080805 ], [ 100.148995555555558, 10.949780808080805 ], [ 100.148995555555558, 11.239864646464644 ], [ 100.148995555555558, 11.529948484848482 ], [ 100.148995555555558, 11.529948484848484 ], [ 100.148995555555558, 11.82003232323232 ] ] ], [ [ [ 100.70242, 8.919193939393939 ], [ 100.979132222222219, 8.919193939393939 ], [ 100.979132222222219, 8.629110101010101 ], [ 100.979132222222219, 8.629110101010099 ], [ 100.979132222222219, 8.339026262626263 ], [ 100.979132222222219, 8.339026262626261 ], [ 100.979132222222219, 8.048942424242423 ], [ 100.979132222222219, 7.758858585858584 ], [ 100.979132222222219, 7.468774747474746 ], [ 100.70242, 7.468774747474746 ], [ 100.70242, 7.758858585858584 ], [ 100.70242, 8.048942424242423 ], [ 100.70242, 8.339026262626261 ], [ 100.70242, 8.339026262626263 ], [ 100.70242, 8.629110101010099 ], [ 100.70242, 8.629110101010101 ], [ 100.70242, 8.919193939393939 ] ] ], [ [ [ 100.70242, 11.529948484848482 ], [ 100.70242, 11.529948484848484 ], [ 100.70242, 11.82003232323232 ], [ 100.70242, 11.820032323232322 ], [ 100.70242, 12.110116161616158 ], [ 100.70242, 12.11011616161616 ], [ 100.70242, 12.4002 ], [ 100.70242, 12.4002 ], [ 100.70242, 12.690283838383836 ], [ 100.70242, 12.980367676767674 ], [ 100.70242, 12.980367676767676 ], [ 100.70242, 13.270451515151512 ], [ 100.70242, 13.270451515151514 ], [ 100.70242, 13.56053535353535 ], [ 100.70242, 13.560535353535352 ], [ 100.70242, 13.850619191919188 ], [ 100.70242, 13.85061919191919 ], [ 100.70242, 14.140703030303026 ], [ 100.70242, 14.140703030303028 ], [ 100.70242, 14.430786868686866 ], [ 100.70242, 14.720870707070702 ], [ 100.70242, 14.720870707070706 ], [ 100.70242, 15.010954545454542 ], [ 100.70242, 15.301038383838382 ], [ 100.70242, 15.591122222222218 ], [ 100.70242, 15.591122222222221 ], [ 100.70242, 15.881206060606058 ], [ 100.979132222222219, 15.881206060606058 ], [ 101.255844444444435, 15.881206060606058 ], [ 101.255844444444435, 15.591122222222221 ], [ 101.255844444444435, 15.591122222222218 ], [ 101.255844444444435, 15.301038383838382 ], [ 101.255844444444435, 15.010954545454542 ], [ 101.255844444444435, 14.720870707070706 ], [ 101.255844444444435, 14.720870707070702 ], [ 101.255844444444435, 14.430786868686866 ], [ 101.255844444444435, 14.140703030303028 ], [ 101.255844444444435, 14.140703030303026 ], [ 101.255844444444435, 13.85061919191919 ], [ 101.255844444444435, 13.850619191919188 ], [ 101.255844444444435, 13.560535353535352 ], [ 101.255844444444435, 13.56053535353535 ], [ 101.255844444444435, 13.270451515151514 ], [ 101.255844444444435, 13.270451515151512 ], [ 101.255844444444435, 12.980367676767676 ], [ 101.255844444444435, 12.980367676767674 ], [ 101.255844444444435, 12.690283838383836 ], [ 101.255844444444435, 12.4002 ], [ 101.255844444444435, 12.4002 ], [ 101.255844444444435, 12.11011616161616 ], [ 101.255844444444435, 12.110116161616158 ], [ 101.255844444444435, 11.820032323232322 ], [ 101.255844444444435, 11.82003232323232 ], [ 101.255844444444435, 11.529948484848484 ], [ 101.255844444444435, 11.529948484848482 ], [ 101.255844444444435, 11.239864646464644 ], [ 101.255844444444435, 10.949780808080806 ], [ 101.255844444444435, 10.949780808080805 ], [ 101.255844444444435, 10.659696969696967 ], [ 100.979132222222219, 10.659696969696967 ], [ 100.70242, 10.659696969696967 ], [ 100.70242, 10.949780808080805 ], [ 100.70242, 10.949780808080806 ], [ 100.70242, 11.239864646464644 ], [ 100.70242, 11.529948484848482 ] ] ], [ [ [ 101.255844444444449, 11.82003232323232 ], [ 101.255844444444449, 11.820032323232322 ], [ 101.255844444444449, 12.110116161616158 ], [ 101.255844444444449, 12.11011616161616 ], [ 101.255844444444449, 12.4002 ], [ 101.255844444444449, 12.4002 ], [ 101.255844444444449, 12.690283838383836 ], [ 101.255844444444449, 12.980367676767674 ], [ 101.255844444444449, 12.980367676767676 ], [ 101.255844444444449, 13.270451515151512 ], [ 101.255844444444449, 13.270451515151514 ], [ 101.255844444444449, 13.56053535353535 ], [ 101.255844444444449, 13.560535353535352 ], [ 101.255844444444449, 13.850619191919188 ], [ 101.255844444444449, 13.85061919191919 ], [ 101.255844444444449, 14.140703030303026 ], [ 101.255844444444449, 14.140703030303028 ], [ 101.255844444444449, 14.430786868686866 ], [ 101.255844444444449, 14.720870707070702 ], [ 101.255844444444449, 14.720870707070706 ], [ 101.255844444444449, 15.010954545454542 ], [ 101.255844444444449, 15.301038383838382 ], [ 101.255844444444449, 15.591122222222218 ], [ 101.255844444444449, 15.591122222222221 ], [ 101.255844444444449, 15.881206060606058 ], [ 101.532556666666665, 15.881206060606058 ], [ 101.80926888888888, 15.881206060606058 ], [ 101.80926888888888, 15.591122222222221 ], [ 101.80926888888888, 15.591122222222218 ], [ 101.80926888888888, 15.301038383838382 ], [ 101.80926888888888, 15.010954545454542 ], [ 101.80926888888888, 14.720870707070706 ], [ 101.80926888888888, 14.720870707070702 ], [ 101.80926888888888, 14.430786868686866 ], [ 101.80926888888888, 14.140703030303028 ], [ 101.80926888888888, 14.140703030303026 ], [ 101.80926888888888, 13.85061919191919 ], [ 101.80926888888888, 13.850619191919188 ], [ 101.80926888888888, 13.560535353535352 ], [ 101.80926888888888, 13.56053535353535 ], [ 101.80926888888888, 13.270451515151514 ], [ 101.80926888888888, 13.270451515151512 ], [ 101.80926888888888, 12.980367676767676 ], [ 101.80926888888888, 12.980367676767674 ], [ 101.80926888888888, 12.690283838383836 ], [ 101.80926888888888, 12.4002 ], [ 101.80926888888888, 12.4002 ], [ 101.80926888888888, 12.11011616161616 ], [ 101.80926888888888, 12.110116161616158 ], [ 101.80926888888888, 11.820032323232322 ], [ 101.80926888888888, 11.82003232323232 ], [ 101.80926888888888, 11.529948484848484 ], [ 101.80926888888888, 11.529948484848482 ], [ 101.80926888888888, 11.239864646464644 ], [ 101.80926888888888, 10.949780808080806 ], [ 101.80926888888888, 10.949780808080805 ], [ 101.80926888888888, 10.659696969696967 ], [ 101.532556666666665, 10.659696969696967 ], [ 101.255844444444449, 10.659696969696967 ], [ 101.255844444444449, 10.949780808080805 ], [ 101.255844444444449, 10.949780808080806 ], [ 101.255844444444449, 11.239864646464644 ], [ 101.255844444444449, 11.529948484848482 ], [ 101.255844444444449, 11.529948484848484 ], [ 101.255844444444449, 11.82003232323232 ] ] ], [ [ [ 101.80926888888888, 16.171289898989897 ], [ 101.80926888888888, 15.881206060606059 ], [ 101.532556666666665, 15.881206060606059 ], [ 101.255844444444449, 15.881206060606059 ], [ 101.255844444444449, 16.171289898989897 ], [ 101.255844444444449, 16.461373737373734 ], [ 101.532556666666665, 16.461373737373734 ], [ 101.80926888888888, 16.461373737373734 ], [ 101.80926888888888, 16.171289898989897 ] ] ], [ [ [ 100.425707777777774, 16.171289898989897 ], [ 100.70242, 16.171289898989897 ], [ 100.70242, 15.881206060606059 ], [ 100.425707777777774, 15.881206060606059 ], [ 100.425707777777774, 16.171289898989897 ] ] ], [ [ [ 101.255844444444435, 16.171289898989897 ], [ 101.255844444444435, 15.881206060606059 ], [ 100.979132222222219, 15.881206060606059 ], [ 100.70242, 15.881206060606059 ], [ 100.70242, 16.171289898989897 ], [ 100.70242, 16.461373737373734 ], [ 100.979132222222219, 16.461373737373734 ], [ 101.255844444444435, 16.461373737373734 ], [ 101.255844444444435, 16.171289898989897 ] ] ], [ [ [ 101.255844444444435, 16.751457575757573 ], [ 101.255844444444435, 16.461373737373737 ], [ 100.979132222222219, 16.461373737373737 ], [ 100.979132222222219, 16.751457575757573 ], [ 101.255844444444435, 16.751457575757573 ] ] ], [ [ [ 101.80926888888888, 16.751457575757573 ], [ 101.80926888888888, 16.461373737373737 ], [ 101.532556666666665, 16.461373737373737 ], [ 101.255844444444449, 16.461373737373737 ], [ 101.255844444444449, 16.751457575757573 ], [ 101.532556666666665, 16.751457575757573 ], [ 101.80926888888888, 16.751457575757573 ] ] ], [ [ [ 102.916117777777771, 0.506762626262626 ], [ 103.19283, 0.506762626262626 ], [ 103.19283, 0.216678787878788 ], [ 102.916117777777771, 0.216678787878788 ], [ 102.639405555555555, 0.216678787878788 ], [ 102.639405555555555, 0.506762626262626 ], [ 102.916117777777771, 0.506762626262626 ] ] ], [ [ [ 102.916117777777771, 0.796846464646465 ], [ 103.19283, 0.796846464646465 ], [ 103.19283, 0.506762626262626 ], [ 102.916117777777771, 0.506762626262626 ], [ 102.639405555555555, 0.506762626262626 ], [ 102.36269333333334, 0.506762626262626 ], [ 102.36269333333334, 0.796846464646465 ], [ 102.639405555555555, 0.796846464646465 ], [ 102.916117777777771, 0.796846464646465 ] ] ], [ [ [ 102.36269333333334, 1.957181818181818 ], [ 102.36269333333334, 2.247265656565656 ], [ 102.639405555555555, 2.247265656565656 ], [ 102.916117777777771, 2.247265656565656 ], [ 103.19283, 2.247265656565656 ], [ 103.19283, 1.957181818181818 ], [ 103.19283, 1.957181818181818 ], [ 103.19283, 1.66709797979798 ], [ 103.19283, 1.377014141414141 ], [ 103.19283, 1.086930303030303 ], [ 103.19283, 1.086930303030303 ], [ 103.19283, 0.796846464646465 ], [ 102.916117777777771, 0.796846464646465 ], [ 102.639405555555555, 0.796846464646465 ], [ 102.36269333333334, 0.796846464646465 ], [ 102.36269333333334, 1.086930303030303 ], [ 102.36269333333334, 1.086930303030303 ], [ 102.36269333333334, 1.377014141414141 ], [ 102.36269333333334, 1.66709797979798 ], [ 102.36269333333334, 1.957181818181818 ], [ 102.36269333333334, 1.957181818181818 ] ] ], [ [ [ 102.08598111111111, 1.086930303030303 ], [ 102.08598111111111, 1.377014141414141 ], [ 102.08598111111111, 1.66709797979798 ], [ 102.362693333333326, 1.66709797979798 ], [ 102.362693333333326, 1.377014141414141 ], [ 102.362693333333326, 1.086930303030303 ], [ 102.08598111111111, 1.086930303030303 ] ] ], [ [ [ 102.916117777777771, 2.827433333333333 ], [ 103.19283, 2.827433333333333 ], [ 103.19283, 2.537349494949495 ], [ 103.19283, 2.247265656565657 ], [ 102.916117777777771, 2.247265656565657 ], [ 102.639405555555555, 2.247265656565657 ], [ 102.639405555555555, 2.537349494949495 ], [ 102.916117777777771, 2.537349494949495 ], [ 102.916117777777771, 2.827433333333333 ] ] ], [ [ [ 101.809268888888894, 11.529948484848482 ], [ 101.809268888888894, 11.529948484848484 ], [ 101.809268888888894, 11.82003232323232 ], [ 101.809268888888894, 11.820032323232322 ], [ 101.809268888888894, 12.110116161616158 ], [ 101.809268888888894, 12.11011616161616 ], [ 101.809268888888894, 12.4002 ], [ 101.809268888888894, 12.4002 ], [ 101.809268888888894, 12.690283838383836 ], [ 101.809268888888894, 12.980367676767674 ], [ 101.809268888888894, 12.980367676767676 ], [ 101.809268888888894, 13.270451515151512 ], [ 101.809268888888894, 13.270451515151514 ], [ 101.809268888888894, 13.56053535353535 ], [ 101.809268888888894, 13.560535353535352 ], [ 101.809268888888894, 13.850619191919188 ], [ 101.809268888888894, 13.85061919191919 ], [ 101.809268888888894, 14.140703030303026 ], [ 101.809268888888894, 14.140703030303028 ], [ 101.809268888888894, 14.430786868686866 ], [ 101.809268888888894, 14.720870707070702 ], [ 101.809268888888894, 14.720870707070706 ], [ 101.809268888888894, 15.010954545454542 ], [ 101.809268888888894, 15.301038383838382 ], [ 101.809268888888894, 15.591122222222218 ], [ 101.809268888888894, 15.591122222222221 ], [ 101.809268888888894, 15.881206060606058 ], [ 102.08598111111111, 15.881206060606058 ], [ 102.362693333333326, 15.881206060606058 ], [ 102.362693333333326, 15.591122222222221 ], [ 102.362693333333326, 15.591122222222218 ], [ 102.362693333333326, 15.301038383838382 ], [ 102.362693333333326, 15.010954545454542 ], [ 102.362693333333326, 14.720870707070706 ], [ 102.362693333333326, 14.720870707070702 ], [ 102.362693333333326, 14.430786868686866 ], [ 102.362693333333326, 14.140703030303028 ], [ 102.362693333333326, 14.140703030303026 ], [ 102.362693333333326, 13.85061919191919 ], [ 102.362693333333326, 13.850619191919188 ], [ 102.362693333333326, 13.560535353535352 ], [ 102.362693333333326, 13.56053535353535 ], [ 102.362693333333326, 13.270451515151514 ], [ 102.362693333333326, 13.270451515151512 ], [ 102.362693333333326, 12.980367676767676 ], [ 102.362693333333326, 12.980367676767674 ], [ 102.362693333333326, 12.690283838383836 ], [ 102.362693333333326, 12.4002 ], [ 102.362693333333326, 12.4002 ], [ 102.362693333333326, 12.11011616161616 ], [ 102.362693333333326, 12.110116161616158 ], [ 102.362693333333326, 11.820032323232322 ], [ 102.362693333333326, 11.82003232323232 ], [ 102.362693333333326, 11.529948484848484 ], [ 102.362693333333326, 11.529948484848482 ], [ 102.362693333333326, 11.239864646464644 ], [ 102.362693333333326, 10.949780808080806 ], [ 102.362693333333326, 10.949780808080805 ], [ 102.362693333333326, 10.659696969696967 ], [ 102.08598111111111, 10.659696969696967 ], [ 101.809268888888894, 10.659696969696967 ], [ 101.809268888888894, 10.949780808080805 ], [ 101.809268888888894, 10.949780808080806 ], [ 101.809268888888894, 11.239864646464644 ], [ 101.809268888888894, 11.529948484848482 ] ] ], [ [ [ 103.19283, 10.949780808080805 ], [ 103.19283, 10.659696969696967 ], [ 102.916117777777771, 10.659696969696967 ], [ 102.639405555555555, 10.659696969696967 ], [ 102.36269333333334, 10.659696969696967 ], [ 102.36269333333334, 10.949780808080805 ], [ 102.36269333333334, 10.949780808080806 ], [ 102.36269333333334, 11.239864646464644 ], [ 102.36269333333334, 11.529948484848482 ], [ 102.36269333333334, 11.529948484848484 ], [ 102.36269333333334, 11.82003232323232 ], [ 102.36269333333334, 11.820032323232322 ], [ 102.36269333333334, 12.110116161616158 ], [ 102.36269333333334, 12.11011616161616 ], [ 102.36269333333334, 12.4002 ], [ 102.36269333333334, 12.4002 ], [ 102.36269333333334, 12.690283838383836 ], [ 102.36269333333334, 12.980367676767674 ], [ 102.36269333333334, 12.980367676767676 ], [ 102.36269333333334, 13.270451515151512 ], [ 102.36269333333334, 13.270451515151514 ], [ 102.36269333333334, 13.56053535353535 ], [ 102.36269333333334, 13.560535353535352 ], [ 102.36269333333334, 13.850619191919188 ], [ 102.36269333333334, 13.85061919191919 ], [ 102.36269333333334, 14.140703030303026 ], [ 102.36269333333334, 14.140703030303028 ], [ 102.36269333333334, 14.430786868686866 ], [ 102.36269333333334, 14.720870707070702 ], [ 102.36269333333334, 14.720870707070706 ], [ 102.36269333333334, 15.010954545454542 ], [ 102.36269333333334, 15.301038383838382 ], [ 102.36269333333334, 15.591122222222218 ], [ 102.36269333333334, 15.591122222222221 ], [ 102.36269333333334, 15.881206060606058 ], [ 102.639405555555555, 15.881206060606058 ], [ 102.916117777777771, 15.881206060606058 ], [ 102.916117777777771, 15.591122222222221 ], [ 102.916117777777771, 15.591122222222218 ], [ 102.916117777777771, 15.301038383838382 ], [ 102.916117777777771, 15.010954545454542 ], [ 102.916117777777771, 14.720870707070706 ], [ 103.19283, 14.720870707070706 ], [ 103.19283, 14.430786868686866 ], [ 103.19283, 14.140703030303028 ], [ 103.19283, 14.140703030303026 ], [ 103.19283, 13.85061919191919 ], [ 103.19283, 13.850619191919188 ], [ 103.19283, 13.560535353535352 ], [ 103.19283, 13.56053535353535 ], [ 103.19283, 13.270451515151514 ], [ 103.19283, 13.270451515151512 ], [ 103.19283, 12.980367676767676 ], [ 103.19283, 12.980367676767674 ], [ 103.19283, 12.690283838383836 ], [ 103.19283, 12.4002 ], [ 103.19283, 12.4002 ], [ 103.19283, 12.11011616161616 ], [ 103.19283, 12.110116161616158 ], [ 103.19283, 11.820032323232322 ], [ 103.19283, 11.82003232323232 ], [ 103.19283, 11.529948484848484 ], [ 103.19283, 11.529948484848482 ], [ 103.19283, 11.239864646464644 ], [ 103.19283, 10.949780808080806 ], [ 103.19283, 10.949780808080805 ] ] ], [ [ [ 102.36269333333334, 16.171289898989897 ], [ 102.36269333333334, 16.461373737373734 ], [ 102.639405555555555, 16.461373737373734 ], [ 102.916117777777771, 16.461373737373734 ], [ 103.19283, 16.461373737373734 ], [ 103.19283, 16.171289898989897 ], [ 103.19283, 15.881206060606059 ], [ 102.916117777777771, 15.881206060606059 ], [ 102.639405555555555, 15.881206060606059 ], [ 102.36269333333334, 15.881206060606059 ], [ 102.36269333333334, 16.171289898989897 ] ] ], [ [ [ 102.08598111111111, 15.881206060606059 ], [ 101.809268888888894, 15.881206060606059 ], [ 101.809268888888894, 16.171289898989897 ], [ 101.809268888888894, 16.461373737373734 ], [ 102.08598111111111, 16.461373737373734 ], [ 102.362693333333326, 16.461373737373734 ], [ 102.362693333333326, 16.171289898989897 ], [ 102.362693333333326, 15.881206060606059 ], [ 102.08598111111111, 15.881206060606059 ] ] ], [ [ [ 101.809268888888894, 16.461373737373737 ], [ 101.809268888888894, 16.751457575757573 ], [ 102.08598111111111, 16.751457575757573 ], [ 102.362693333333326, 16.751457575757573 ], [ 102.362693333333326, 16.461373737373737 ], [ 102.08598111111111, 16.461373737373737 ], [ 101.809268888888894, 16.461373737373737 ] ] ], [ [ [ 102.36269333333334, 16.751457575757573 ], [ 102.639405555555555, 16.751457575757573 ], [ 102.916117777777771, 16.751457575757573 ], [ 103.19283, 16.751457575757573 ], [ 103.19283, 16.461373737373737 ], [ 102.916117777777771, 16.461373737373737 ], [ 102.639405555555555, 16.461373737373737 ], [ 102.36269333333334, 16.461373737373737 ], [ 102.36269333333334, 16.751457575757573 ] ] ], [ [ [ 102.362693333333326, 17.041541414141413 ], [ 102.362693333333326, 16.751457575757577 ], [ 102.08598111111111, 16.751457575757577 ], [ 101.809268888888894, 16.751457575757577 ], [ 101.809268888888894, 17.041541414141413 ], [ 102.08598111111111, 17.041541414141413 ], [ 102.362693333333326, 17.041541414141413 ] ] ], [ [ [ 103.19283, 16.751457575757577 ], [ 102.916117777777771, 16.751457575757577 ], [ 102.639405555555555, 16.751457575757577 ], [ 102.36269333333334, 16.751457575757577 ], [ 102.36269333333334, 17.041541414141413 ], [ 102.639405555555555, 17.041541414141413 ], [ 102.916117777777771, 17.041541414141413 ], [ 103.19283, 17.041541414141413 ], [ 103.19283, 16.751457575757577 ] ] ], [ [ [ 103.746254444444432, -0.07340505050505 ], [ 103.469542222222216, -0.07340505050505 ], [ 103.19283, -0.07340505050505 ], [ 103.19283, 0.216678787878788 ], [ 103.469542222222216, 0.216678787878788 ], [ 103.746254444444432, 0.216678787878788 ], [ 103.746254444444432, -0.07340505050505 ] ] ], [ [ [ 104.022966666666662, -0.07340505050505 ], [ 103.746254444444446, -0.07340505050505 ], [ 103.746254444444446, 0.216678787878788 ], [ 104.022966666666662, 0.216678787878788 ], [ 104.299678888888877, 0.216678787878788 ], [ 104.299678888888877, -0.07340505050505 ], [ 104.022966666666662, -0.07340505050505 ] ] ], [ [ [ 104.576391111111107, 0.216678787878788 ], [ 104.576391111111107, -0.07340505050505 ], [ 104.299678888888891, -0.07340505050505 ], [ 104.299678888888891, 0.216678787878788 ], [ 104.576391111111107, 0.216678787878788 ] ] ], [ [ [ 103.19283, 0.506762626262626 ], [ 103.469542222222216, 0.506762626262626 ], [ 103.746254444444432, 0.506762626262626 ], [ 103.746254444444432, 0.216678787878788 ], [ 103.469542222222216, 0.216678787878788 ], [ 103.19283, 0.216678787878788 ], [ 103.19283, 0.506762626262626 ] ] ], [ [ [ 103.746254444444446, 0.506762626262626 ], [ 104.022966666666662, 0.506762626262626 ], [ 104.299678888888877, 0.506762626262626 ], [ 104.299678888888877, 0.216678787878788 ], [ 104.022966666666662, 0.216678787878788 ], [ 103.746254444444446, 0.216678787878788 ], [ 103.746254444444446, 0.506762626262626 ] ] ], [ [ [ 104.576391111111107, 0.796846464646465 ], [ 104.853103333333323, 0.796846464646465 ], [ 104.853103333333323, 0.506762626262626 ], [ 104.576391111111107, 0.506762626262626 ], [ 104.299678888888891, 0.506762626262626 ], [ 104.299678888888891, 0.796846464646465 ], [ 104.576391111111107, 0.796846464646465 ] ] ], [ [ [ 104.299678888888877, 0.796846464646465 ], [ 104.299678888888877, 0.506762626262626 ], [ 104.022966666666662, 0.506762626262626 ], [ 103.746254444444446, 0.506762626262626 ], [ 103.746254444444446, 0.796846464646465 ], [ 104.022966666666662, 0.796846464646465 ], [ 104.299678888888877, 0.796846464646465 ] ] ], [ [ [ 103.746254444444432, 0.506762626262626 ], [ 103.469542222222216, 0.506762626262626 ], [ 103.19283, 0.506762626262626 ], [ 103.19283, 0.796846464646465 ], [ 103.469542222222216, 0.796846464646465 ], [ 103.746254444444432, 0.796846464646465 ], [ 103.746254444444432, 0.506762626262626 ] ] ], [ [ [ 103.19283, 1.957181818181818 ], [ 103.19283, 1.957181818181818 ], [ 103.19283, 2.247265656565656 ], [ 103.469542222222216, 2.247265656565656 ], [ 103.746254444444432, 2.247265656565656 ], [ 103.746254444444432, 1.957181818181818 ], [ 103.746254444444432, 1.957181818181818 ], [ 103.746254444444432, 1.66709797979798 ], [ 103.746254444444432, 1.377014141414141 ], [ 103.746254444444432, 1.086930303030303 ], [ 103.746254444444432, 1.086930303030303 ], [ 103.746254444444432, 0.796846464646465 ], [ 103.469542222222216, 0.796846464646465 ], [ 103.19283, 0.796846464646465 ], [ 103.19283, 1.086930303030303 ], [ 103.19283, 1.086930303030303 ], [ 103.19283, 1.377014141414141 ], [ 103.19283, 1.66709797979798 ], [ 103.19283, 1.957181818181818 ] ] ], [ [ [ 103.746254444444446, 1.66709797979798 ], [ 103.746254444444446, 1.957181818181818 ], [ 103.746254444444446, 1.957181818181818 ], [ 103.746254444444446, 2.247265656565656 ], [ 104.022966666666662, 2.247265656565656 ], [ 104.299678888888877, 2.247265656565656 ], [ 104.299678888888877, 1.957181818181818 ], [ 104.299678888888877, 1.957181818181818 ], [ 104.299678888888877, 1.66709797979798 ], [ 104.299678888888877, 1.377014141414141 ], [ 104.299678888888877, 1.086930303030303 ], [ 104.299678888888877, 1.086930303030303 ], [ 104.299678888888877, 0.796846464646465 ], [ 104.022966666666662, 0.796846464646465 ], [ 103.746254444444446, 0.796846464646465 ], [ 103.746254444444446, 1.086930303030303 ], [ 103.746254444444446, 1.086930303030303 ], [ 103.746254444444446, 1.377014141414141 ], [ 103.746254444444446, 1.66709797979798 ] ] ], [ [ [ 104.299678888888891, 2.247265656565656 ], [ 104.576391111111107, 2.247265656565656 ], [ 104.853103333333323, 2.247265656565656 ], [ 104.853103333333323, 1.957181818181818 ], [ 104.853103333333323, 1.957181818181818 ], [ 104.853103333333323, 1.66709797979798 ], [ 104.853103333333323, 1.377014141414141 ], [ 104.853103333333323, 1.086930303030303 ], [ 104.853103333333323, 1.086930303030303 ], [ 104.853103333333323, 0.796846464646465 ], [ 104.576391111111107, 0.796846464646465 ], [ 104.299678888888891, 0.796846464646465 ], [ 104.299678888888891, 1.086930303030303 ], [ 104.299678888888891, 1.086930303030303 ], [ 104.299678888888891, 1.377014141414141 ], [ 104.299678888888891, 1.66709797979798 ], [ 104.299678888888891, 1.957181818181818 ], [ 104.299678888888891, 1.957181818181818 ], [ 104.299678888888891, 2.247265656565656 ] ] ], [ [ [ 104.299678888888877, 2.537349494949495 ], [ 104.299678888888877, 2.247265656565657 ], [ 104.022966666666662, 2.247265656565657 ], [ 103.746254444444446, 2.247265656565657 ], [ 103.746254444444446, 2.537349494949495 ], [ 103.746254444444446, 2.827433333333333 ], [ 104.022966666666662, 2.827433333333333 ], [ 104.299678888888877, 2.827433333333333 ], [ 104.299678888888877, 2.537349494949495 ] ] ], [ [ [ 103.746254444444432, 2.537349494949495 ], [ 103.746254444444432, 2.247265656565657 ], [ 103.469542222222216, 2.247265656565657 ], [ 103.19283, 2.247265656565657 ], [ 103.19283, 2.537349494949495 ], [ 103.19283, 2.827433333333333 ], [ 103.469542222222216, 2.827433333333333 ], [ 103.746254444444432, 2.827433333333333 ], [ 103.746254444444432, 2.537349494949495 ] ] ], [ [ [ 104.299678888888891, 2.827433333333333 ], [ 104.576391111111107, 2.827433333333333 ], [ 104.576391111111107, 2.537349494949495 ], [ 104.853103333333323, 2.537349494949495 ], [ 104.853103333333323, 2.247265656565657 ], [ 104.576391111111107, 2.247265656565657 ], [ 104.299678888888891, 2.247265656565657 ], [ 104.299678888888891, 2.537349494949495 ], [ 104.299678888888891, 2.827433333333333 ] ] ], [ [ [ 104.022966666666662, 10.079529292929291 ], [ 104.022966666666662, 10.369613131313129 ], [ 103.746254444444446, 10.369613131313129 ], [ 103.746254444444446, 10.659696969696967 ], [ 103.746254444444446, 10.659696969696968 ], [ 103.746254444444446, 10.949780808080805 ], [ 103.746254444444446, 10.949780808080806 ], [ 103.746254444444446, 11.239864646464644 ], [ 103.746254444444446, 11.529948484848482 ], [ 103.746254444444446, 11.529948484848484 ], [ 103.746254444444446, 11.82003232323232 ], [ 103.746254444444446, 11.820032323232322 ], [ 103.746254444444446, 12.110116161616158 ], [ 103.746254444444446, 12.11011616161616 ], [ 103.746254444444446, 12.4002 ], [ 103.746254444444446, 12.4002 ], [ 103.746254444444446, 12.690283838383836 ], [ 103.746254444444446, 12.980367676767674 ], [ 103.746254444444446, 12.980367676767676 ], [ 103.746254444444446, 13.270451515151512 ], [ 103.746254444444446, 13.270451515151514 ], [ 103.746254444444446, 13.56053535353535 ], [ 103.746254444444446, 13.560535353535352 ], [ 103.746254444444446, 13.850619191919188 ], [ 103.746254444444446, 13.85061919191919 ], [ 103.746254444444446, 14.140703030303026 ], [ 103.746254444444446, 14.140703030303028 ], [ 103.746254444444446, 14.430786868686866 ], [ 103.746254444444446, 14.720870707070706 ], [ 104.022966666666662, 14.720870707070706 ], [ 104.299678888888877, 14.720870707070706 ], [ 104.299678888888877, 14.430786868686866 ], [ 104.299678888888877, 14.140703030303028 ], [ 104.299678888888877, 14.140703030303026 ], [ 104.299678888888877, 13.85061919191919 ], [ 104.299678888888877, 13.850619191919188 ], [ 104.299678888888877, 13.560535353535352 ], [ 104.299678888888877, 13.56053535353535 ], [ 104.299678888888877, 13.270451515151514 ], [ 104.299678888888877, 13.270451515151512 ], [ 104.299678888888877, 12.980367676767676 ], [ 104.299678888888877, 12.980367676767674 ], [ 104.299678888888877, 12.690283838383836 ], [ 104.299678888888877, 12.4002 ], [ 104.299678888888877, 12.4002 ], [ 104.299678888888877, 12.11011616161616 ], [ 104.299678888888877, 12.110116161616158 ], [ 104.299678888888877, 11.820032323232322 ], [ 104.299678888888877, 11.82003232323232 ], [ 104.299678888888877, 11.529948484848484 ], [ 104.299678888888877, 11.529948484848482 ], [ 104.299678888888877, 11.239864646464644 ], [ 104.299678888888877, 10.949780808080806 ], [ 104.299678888888877, 10.949780808080805 ], [ 104.299678888888877, 10.659696969696968 ], [ 104.299678888888877, 10.659696969696967 ], [ 104.299678888888877, 10.36961313131313 ], [ 104.299678888888877, 10.369613131313129 ], [ 104.299678888888877, 10.079529292929291 ], [ 104.022966666666662, 10.079529292929291 ] ] ], [ [ [ 103.19283, 10.659696969696967 ], [ 103.19283, 10.949780808080805 ], [ 103.19283, 10.949780808080806 ], [ 103.19283, 11.239864646464644 ], [ 103.19283, 11.529948484848482 ], [ 103.19283, 11.529948484848484 ], [ 103.19283, 11.82003232323232 ], [ 103.19283, 11.820032323232322 ], [ 103.19283, 12.110116161616158 ], [ 103.19283, 12.11011616161616 ], [ 103.19283, 12.4002 ], [ 103.19283, 12.4002 ], [ 103.19283, 12.690283838383836 ], [ 103.19283, 12.980367676767674 ], [ 103.19283, 12.980367676767676 ], [ 103.19283, 13.270451515151512 ], [ 103.19283, 13.270451515151514 ], [ 103.19283, 13.56053535353535 ], [ 103.19283, 13.560535353535352 ], [ 103.19283, 13.850619191919188 ], [ 103.19283, 13.85061919191919 ], [ 103.19283, 14.140703030303026 ], [ 103.19283, 14.140703030303028 ], [ 103.19283, 14.430786868686866 ], [ 103.469542222222216, 14.430786868686866 ], [ 103.746254444444432, 14.430786868686866 ], [ 103.746254444444432, 14.140703030303028 ], [ 103.746254444444432, 14.140703030303026 ], [ 103.746254444444432, 13.85061919191919 ], [ 103.746254444444432, 13.850619191919188 ], [ 103.746254444444432, 13.560535353535352 ], [ 103.746254444444432, 13.56053535353535 ], [ 103.746254444444432, 13.270451515151514 ], [ 103.746254444444432, 13.270451515151512 ], [ 103.746254444444432, 12.980367676767676 ], [ 103.746254444444432, 12.980367676767674 ], [ 103.746254444444432, 12.690283838383836 ], [ 103.746254444444432, 12.4002 ], [ 103.746254444444432, 12.4002 ], [ 103.746254444444432, 12.11011616161616 ], [ 103.746254444444432, 12.110116161616158 ], [ 103.746254444444432, 11.820032323232322 ], [ 103.746254444444432, 11.82003232323232 ], [ 103.746254444444432, 11.529948484848484 ], [ 103.746254444444432, 11.529948484848482 ], [ 103.746254444444432, 11.239864646464644 ], [ 103.746254444444432, 10.949780808080806 ], [ 103.746254444444432, 10.949780808080805 ], [ 103.746254444444432, 10.659696969696968 ], [ 103.746254444444432, 10.659696969696967 ], [ 103.746254444444432, 10.369613131313129 ], [ 103.469542222222216, 10.369613131313129 ], [ 103.469542222222216, 10.659696969696967 ], [ 103.19283, 10.659696969696967 ] ] ], [ [ [ 104.299678888888891, 12.980367676767674 ], [ 104.299678888888891, 12.980367676767676 ], [ 104.299678888888891, 13.270451515151512 ], [ 104.299678888888891, 13.270451515151514 ], [ 104.299678888888891, 13.56053535353535 ], [ 104.299678888888891, 13.560535353535352 ], [ 104.299678888888891, 13.850619191919188 ], [ 104.299678888888891, 13.85061919191919 ], [ 104.299678888888891, 14.140703030303026 ], [ 104.299678888888891, 14.140703030303028 ], [ 104.299678888888891, 14.430786868686866 ], [ 104.299678888888891, 14.720870707070702 ], [ 104.299678888888891, 14.720870707070706 ], [ 104.299678888888891, 15.010954545454542 ], [ 104.576391111111107, 15.010954545454542 ], [ 104.853103333333323, 15.010954545454542 ], [ 104.853103333333323, 14.720870707070706 ], [ 104.853103333333323, 14.720870707070702 ], [ 104.853103333333323, 14.430786868686866 ], [ 104.853103333333323, 14.140703030303028 ], [ 104.853103333333323, 14.140703030303026 ], [ 104.853103333333323, 13.85061919191919 ], [ 104.853103333333323, 13.850619191919188 ], [ 104.853103333333323, 13.560535353535352 ], [ 104.853103333333323, 13.56053535353535 ], [ 104.853103333333323, 13.270451515151514 ], [ 104.853103333333323, 13.270451515151512 ], [ 104.853103333333323, 12.980367676767676 ], [ 104.853103333333323, 12.980367676767674 ], [ 104.853103333333323, 12.690283838383836 ], [ 104.853103333333323, 12.4002 ], [ 104.853103333333323, 12.4002 ], [ 104.853103333333323, 12.11011616161616 ], [ 104.853103333333323, 12.110116161616158 ], [ 104.853103333333323, 11.820032323232322 ], [ 104.853103333333323, 11.82003232323232 ], [ 104.853103333333323, 11.529948484848484 ], [ 104.853103333333323, 11.529948484848482 ], [ 104.853103333333323, 11.239864646464644 ], [ 104.853103333333323, 10.949780808080806 ], [ 104.853103333333323, 10.949780808080805 ], [ 104.853103333333323, 10.659696969696968 ], [ 104.853103333333323, 10.659696969696967 ], [ 104.853103333333323, 10.36961313131313 ], [ 104.853103333333323, 10.369613131313129 ], [ 104.853103333333323, 10.079529292929291 ], [ 104.576391111111107, 10.079529292929291 ], [ 104.299678888888891, 10.079529292929291 ], [ 104.299678888888891, 10.369613131313129 ], [ 104.299678888888891, 10.36961313131313 ], [ 104.299678888888891, 10.659696969696967 ], [ 104.299678888888891, 10.659696969696968 ], [ 104.299678888888891, 10.949780808080805 ], [ 104.299678888888891, 10.949780808080806 ], [ 104.299678888888891, 11.239864646464644 ], [ 104.299678888888891, 11.529948484848482 ], [ 104.299678888888891, 11.529948484848484 ], [ 104.299678888888891, 11.82003232323232 ], [ 104.299678888888891, 11.820032323232322 ], [ 104.299678888888891, 12.110116161616158 ], [ 104.299678888888891, 12.11011616161616 ], [ 104.299678888888891, 12.4002 ], [ 104.299678888888891, 12.4002 ], [ 104.299678888888891, 12.690283838383836 ], [ 104.299678888888891, 12.980367676767674 ] ] ], [ [ [ 103.19283, 15.881206060606059 ], [ 103.19283, 16.171289898989897 ], [ 103.19283, 16.461373737373734 ], [ 103.469542222222216, 16.461373737373734 ], [ 103.469542222222216, 16.171289898989897 ], [ 103.469542222222216, 15.881206060606059 ], [ 103.19283, 15.881206060606059 ] ] ], [ [ [ 103.19283, 16.751457575757573 ], [ 103.469542222222216, 16.751457575757573 ], [ 103.469542222222216, 16.461373737373737 ], [ 103.19283, 16.461373737373737 ], [ 103.19283, 16.751457575757573 ] ] ], [ [ [ 104.299678888888891, 0.506762626262626 ], [ 104.576391111111107, 0.506762626262626 ], [ 104.853103333333323, 0.506762626262626 ], [ 104.853103333333323, 0.216678787878788 ], [ 104.576391111111107, 0.216678787878788 ], [ 104.299678888888891, 0.216678787878788 ], [ 104.299678888888891, 0.506762626262626 ] ] ], [ [ [ 105.129815555555552, 0.796846464646465 ], [ 105.129815555555552, 0.506762626262626 ], [ 104.853103333333337, 0.506762626262626 ], [ 104.853103333333337, 0.796846464646465 ], [ 105.129815555555552, 0.796846464646465 ] ] ], [ [ [ 104.853103333333337, 1.086930303030303 ], [ 104.853103333333337, 1.377014141414141 ], [ 104.853103333333337, 1.66709797979798 ], [ 104.853103333333337, 1.957181818181818 ], [ 104.853103333333337, 1.957181818181818 ], [ 104.853103333333337, 2.247265656565656 ], [ 105.129815555555552, 2.247265656565656 ], [ 105.129815555555552, 1.957181818181818 ], [ 105.406527777777768, 1.957181818181818 ], [ 105.406527777777768, 1.66709797979798 ], [ 105.406527777777768, 1.377014141414141 ], [ 105.406527777777768, 1.086930303030303 ], [ 105.406527777777768, 1.086930303030303 ], [ 105.406527777777768, 0.796846464646465 ], [ 105.129815555555552, 0.796846464646465 ], [ 104.853103333333337, 0.796846464646465 ], [ 104.853103333333337, 1.086930303030303 ], [ 104.853103333333337, 1.086930303030303 ] ] ], [ [ [ 104.853103333333337, 11.239864646464644 ], [ 104.853103333333337, 11.529948484848482 ], [ 104.853103333333337, 11.529948484848484 ], [ 104.853103333333337, 11.82003232323232 ], [ 104.853103333333337, 11.820032323232322 ], [ 104.853103333333337, 12.110116161616158 ], [ 104.853103333333337, 12.11011616161616 ], [ 104.853103333333337, 12.4002 ], [ 104.853103333333337, 12.4002 ], [ 104.853103333333337, 12.690283838383836 ], [ 104.853103333333337, 12.980367676767674 ], [ 104.853103333333337, 12.980367676767676 ], [ 104.853103333333337, 13.270451515151512 ], [ 104.853103333333337, 13.270451515151514 ], [ 104.853103333333337, 13.56053535353535 ], [ 104.853103333333337, 13.560535353535352 ], [ 104.853103333333337, 13.850619191919188 ], [ 104.853103333333337, 13.85061919191919 ], [ 104.853103333333337, 14.140703030303026 ], [ 104.853103333333337, 14.140703030303028 ], [ 104.853103333333337, 14.430786868686866 ], [ 104.853103333333337, 14.720870707070706 ], [ 105.129815555555552, 14.720870707070706 ], [ 105.129815555555552, 14.430786868686866 ], [ 105.406527777777768, 14.430786868686866 ], [ 105.406527777777768, 14.140703030303028 ], [ 105.406527777777768, 14.140703030303026 ], [ 105.406527777777768, 13.85061919191919 ], [ 105.406527777777768, 13.850619191919188 ], [ 105.406527777777768, 13.560535353535352 ], [ 105.406527777777768, 13.56053535353535 ], [ 105.406527777777768, 13.270451515151514 ], [ 105.406527777777768, 13.270451515151512 ], [ 105.406527777777768, 12.980367676767676 ], [ 105.406527777777768, 12.980367676767674 ], [ 105.406527777777768, 12.690283838383836 ], [ 105.406527777777768, 12.4002 ], [ 105.406527777777768, 12.4002 ], [ 105.406527777777768, 12.11011616161616 ], [ 105.406527777777768, 12.110116161616158 ], [ 105.406527777777768, 11.820032323232322 ], [ 105.406527777777768, 11.82003232323232 ], [ 105.406527777777768, 11.529948484848484 ], [ 105.406527777777768, 11.529948484848482 ], [ 105.406527777777768, 11.239864646464644 ], [ 105.406527777777768, 10.949780808080806 ], [ 105.406527777777768, 10.949780808080805 ], [ 105.406527777777768, 10.659696969696968 ], [ 105.406527777777768, 10.659696969696967 ], [ 105.406527777777768, 10.36961313131313 ], [ 105.406527777777768, 10.369613131313129 ], [ 105.406527777777768, 10.079529292929291 ], [ 105.129815555555552, 10.079529292929291 ], [ 104.853103333333337, 10.079529292929291 ], [ 104.853103333333337, 10.369613131313129 ], [ 104.853103333333337, 10.36961313131313 ], [ 104.853103333333337, 10.659696969696967 ], [ 104.853103333333337, 10.659696969696968 ], [ 104.853103333333337, 10.949780808080805 ], [ 104.853103333333337, 10.949780808080806 ], [ 104.853103333333337, 11.239864646464644 ] ] ], [ [ [ 105.406527777777782, 10.659696969696967 ], [ 105.406527777777782, 10.659696969696968 ], [ 105.406527777777782, 10.949780808080805 ], [ 105.406527777777782, 10.949780808080806 ], [ 105.406527777777782, 11.239864646464644 ], [ 105.406527777777782, 11.529948484848482 ], [ 105.406527777777782, 11.529948484848484 ], [ 105.406527777777782, 11.82003232323232 ], [ 105.406527777777782, 11.820032323232322 ], [ 105.406527777777782, 12.110116161616158 ], [ 105.406527777777782, 12.11011616161616 ], [ 105.406527777777782, 12.4002 ], [ 105.406527777777782, 12.4002 ], [ 105.406527777777782, 12.690283838383836 ], [ 105.406527777777782, 12.980367676767674 ], [ 105.406527777777782, 12.980367676767676 ], [ 105.406527777777782, 13.270451515151512 ], [ 105.406527777777782, 13.270451515151514 ], [ 105.406527777777782, 13.56053535353535 ], [ 105.406527777777782, 13.560535353535352 ], [ 105.406527777777782, 13.85061919191919 ], [ 105.68324, 13.85061919191919 ], [ 105.68324, 13.560535353535352 ], [ 105.959952222222213, 13.560535353535352 ], [ 105.959952222222213, 13.270451515151514 ], [ 105.959952222222213, 13.270451515151512 ], [ 105.959952222222213, 12.980367676767676 ], [ 105.959952222222213, 12.980367676767674 ], [ 105.959952222222213, 12.690283838383836 ], [ 105.959952222222213, 12.4002 ], [ 105.959952222222213, 12.4002 ], [ 105.959952222222213, 12.11011616161616 ], [ 105.959952222222213, 12.110116161616158 ], [ 105.959952222222213, 11.820032323232322 ], [ 105.959952222222213, 11.82003232323232 ], [ 105.959952222222213, 11.529948484848484 ], [ 105.959952222222213, 11.529948484848482 ], [ 105.959952222222213, 11.239864646464644 ], [ 105.959952222222213, 10.949780808080806 ], [ 105.959952222222213, 10.949780808080805 ], [ 105.959952222222213, 10.659696969696968 ], [ 105.959952222222213, 10.659696969696967 ], [ 105.959952222222213, 10.36961313131313 ], [ 105.959952222222213, 10.369613131313129 ], [ 105.959952222222213, 10.079529292929291 ], [ 105.68324, 10.079529292929291 ], [ 105.406527777777782, 10.079529292929291 ], [ 105.406527777777782, 10.369613131313129 ], [ 105.406527777777782, 10.36961313131313 ], [ 105.406527777777782, 10.659696969696967 ] ] ], [ [ [ 105.406527777777768, 16.461373737373734 ], [ 105.406527777777768, 16.171289898989897 ], [ 105.129815555555552, 16.171289898989897 ], [ 105.129815555555552, 16.461373737373734 ], [ 105.406527777777768, 16.461373737373734 ] ] ], [ [ [ 105.68324, 16.461373737373734 ], [ 105.959952222222213, 16.461373737373734 ], [ 105.959952222222213, 16.171289898989897 ], [ 105.68324, 16.171289898989897 ], [ 105.406527777777782, 16.171289898989897 ], [ 105.406527777777782, 16.461373737373734 ], [ 105.68324, 16.461373737373734 ] ] ], [ [ [ 105.406527777777768, 16.461373737373737 ], [ 105.129815555555552, 16.461373737373737 ], [ 104.853103333333337, 16.461373737373737 ], [ 104.853103333333337, 16.751457575757573 ], [ 105.129815555555552, 16.751457575757573 ], [ 105.406527777777768, 16.751457575757573 ], [ 105.406527777777768, 16.461373737373737 ] ] ], [ [ [ 104.853103333333323, 16.751457575757573 ], [ 104.853103333333323, 16.461373737373737 ], [ 104.576391111111107, 16.461373737373737 ], [ 104.576391111111107, 16.751457575757573 ], [ 104.853103333333323, 16.751457575757573 ] ] ], [ [ [ 105.68324, 16.751457575757573 ], [ 105.959952222222213, 16.751457575757573 ], [ 105.959952222222213, 16.461373737373737 ], [ 105.68324, 16.461373737373737 ], [ 105.406527777777782, 16.461373737373737 ], [ 105.406527777777782, 16.751457575757573 ], [ 105.68324, 16.751457575757573 ] ] ], [ [ [ 105.406527777777768, 17.041541414141413 ], [ 105.406527777777768, 16.751457575757577 ], [ 105.129815555555552, 16.751457575757577 ], [ 104.853103333333337, 16.751457575757577 ], [ 104.853103333333337, 17.041541414141413 ], [ 104.853103333333337, 17.331625252525249 ], [ 105.129815555555552, 17.331625252525249 ], [ 105.406527777777768, 17.331625252525249 ], [ 105.406527777777768, 17.041541414141413 ] ] ], [ [ [ 104.576391111111107, 17.041541414141413 ], [ 104.576391111111107, 17.331625252525249 ], [ 104.853103333333323, 17.331625252525249 ], [ 104.853103333333323, 17.041541414141413 ], [ 104.853103333333323, 16.751457575757577 ], [ 104.576391111111107, 16.751457575757577 ], [ 104.576391111111107, 17.041541414141413 ] ] ], [ [ [ 105.406527777777782, 16.751457575757577 ], [ 105.406527777777782, 17.041541414141413 ], [ 105.406527777777782, 17.331625252525249 ], [ 105.68324, 17.331625252525249 ], [ 105.959952222222213, 17.331625252525249 ], [ 105.959952222222213, 17.041541414141413 ], [ 105.959952222222213, 16.751457575757577 ], [ 105.68324, 16.751457575757577 ], [ 105.406527777777782, 16.751457575757577 ] ] ], [ [ [ 105.406527777777768, 17.331625252525253 ], [ 105.129815555555552, 17.331625252525253 ], [ 104.853103333333337, 17.331625252525253 ], [ 104.853103333333337, 17.621709090909089 ], [ 104.853103333333337, 17.911792929292925 ], [ 105.129815555555552, 17.911792929292925 ], [ 105.406527777777768, 17.911792929292925 ], [ 105.406527777777768, 17.621709090909089 ], [ 105.406527777777768, 17.331625252525253 ] ] ], [ [ [ 104.576391111111107, 17.331625252525253 ], [ 104.576391111111107, 17.621709090909089 ], [ 104.576391111111107, 17.911792929292925 ], [ 104.853103333333323, 17.911792929292925 ], [ 104.853103333333323, 17.621709090909089 ], [ 104.853103333333323, 17.331625252525253 ], [ 104.576391111111107, 17.331625252525253 ] ] ], [ [ [ 105.406527777777782, 17.621709090909089 ], [ 105.406527777777782, 17.911792929292925 ], [ 105.68324, 17.911792929292925 ], [ 105.959952222222213, 17.911792929292925 ], [ 105.959952222222213, 17.621709090909089 ], [ 105.959952222222213, 17.331625252525253 ], [ 105.68324, 17.331625252525253 ], [ 105.406527777777782, 17.331625252525253 ], [ 105.406527777777782, 17.621709090909089 ] ] ], [ [ [ 104.853103333333337, 18.201876767676765 ], [ 105.129815555555552, 18.201876767676765 ], [ 105.406527777777768, 18.201876767676765 ], [ 105.406527777777768, 17.911792929292929 ], [ 105.129815555555552, 17.911792929292929 ], [ 104.853103333333337, 17.911792929292929 ], [ 104.853103333333337, 18.201876767676765 ] ] ], [ [ [ 105.406527777777782, 18.201876767676765 ], [ 105.68324, 18.201876767676765 ], [ 105.959952222222213, 18.201876767676765 ], [ 105.959952222222213, 17.911792929292929 ], [ 105.68324, 17.911792929292929 ], [ 105.406527777777782, 17.911792929292929 ], [ 105.406527777777782, 18.201876767676765 ] ] ], [ [ [ 104.853103333333337, 18.491960606060605 ], [ 105.129815555555552, 18.491960606060605 ], [ 105.406527777777768, 18.491960606060605 ], [ 105.406527777777768, 18.201876767676769 ], [ 105.129815555555552, 18.201876767676769 ], [ 104.853103333333337, 18.201876767676769 ], [ 104.853103333333337, 18.491960606060605 ] ] ], [ [ [ 105.406527777777782, 18.491960606060605 ], [ 105.406527777777782, 18.782044444444441 ], [ 105.68324, 18.782044444444441 ], [ 105.959952222222213, 18.782044444444441 ], [ 105.959952222222213, 18.491960606060605 ], [ 105.959952222222213, 18.201876767676769 ], [ 105.68324, 18.201876767676769 ], [ 105.406527777777782, 18.201876767676769 ], [ 105.406527777777782, 18.491960606060605 ] ] ], [ [ [ 106.513376666666659, 10.079529292929291 ], [ 106.236664444444443, 10.079529292929291 ], [ 105.959952222222228, 10.079529292929291 ], [ 105.959952222222228, 10.369613131313129 ], [ 105.959952222222228, 10.36961313131313 ], [ 105.959952222222228, 10.659696969696967 ], [ 105.959952222222228, 10.659696969696968 ], [ 105.959952222222228, 10.949780808080805 ], [ 105.959952222222228, 10.949780808080806 ], [ 105.959952222222228, 11.239864646464644 ], [ 105.959952222222228, 11.529948484848482 ], [ 105.959952222222228, 11.529948484848484 ], [ 105.959952222222228, 11.82003232323232 ], [ 105.959952222222228, 11.820032323232322 ], [ 105.959952222222228, 12.110116161616158 ], [ 105.959952222222228, 12.11011616161616 ], [ 105.959952222222228, 12.4002 ], [ 105.959952222222228, 12.4002 ], [ 105.959952222222228, 12.690283838383836 ], [ 105.959952222222228, 12.980367676767674 ], [ 105.959952222222228, 12.980367676767676 ], [ 105.959952222222228, 13.270451515151512 ], [ 105.959952222222228, 13.270451515151514 ], [ 105.959952222222228, 13.560535353535352 ], [ 106.236664444444443, 13.560535353535352 ], [ 106.236664444444443, 13.85061919191919 ], [ 106.513376666666659, 13.85061919191919 ], [ 106.513376666666659, 14.140703030303026 ], [ 106.513376666666659, 14.140703030303028 ], [ 106.513376666666659, 14.430786868686866 ], [ 106.513376666666659, 14.720870707070702 ], [ 106.513376666666659, 14.720870707070706 ], [ 106.513376666666659, 15.010954545454542 ], [ 106.513376666666659, 15.301038383838382 ], [ 106.790088888888874, 15.301038383838382 ], [ 106.790088888888874, 15.010954545454542 ], [ 106.790088888888874, 14.720870707070706 ], [ 106.790088888888874, 14.720870707070702 ], [ 106.790088888888874, 14.430786868686866 ], [ 106.790088888888874, 14.140703030303028 ], [ 106.790088888888874, 14.140703030303026 ], [ 106.790088888888874, 13.85061919191919 ], [ 106.790088888888874, 13.850619191919188 ], [ 106.790088888888874, 13.560535353535352 ], [ 106.790088888888874, 13.56053535353535 ], [ 106.790088888888874, 13.270451515151514 ], [ 106.790088888888874, 13.270451515151512 ], [ 106.790088888888874, 12.980367676767676 ], [ 106.790088888888874, 12.980367676767674 ], [ 106.790088888888874, 12.690283838383836 ], [ 106.790088888888874, 12.4002 ], [ 106.790088888888874, 12.4002 ], [ 106.790088888888874, 12.11011616161616 ], [ 106.790088888888874, 12.110116161616158 ], [ 106.790088888888874, 11.820032323232322 ], [ 106.790088888888874, 11.82003232323232 ], [ 106.790088888888874, 11.529948484848484 ], [ 106.790088888888874, 11.529948484848482 ], [ 106.790088888888874, 11.239864646464644 ], [ 106.790088888888874, 10.949780808080806 ], [ 106.790088888888874, 10.949780808080805 ], [ 106.790088888888874, 10.659696969696968 ], [ 106.790088888888874, 10.659696969696967 ], [ 106.790088888888874, 10.36961313131313 ], [ 106.790088888888874, 10.369613131313129 ], [ 106.790088888888874, 10.079529292929291 ], [ 106.513376666666659, 10.079529292929291 ] ] ], [ [ [ 106.790088888888889, 10.079529292929291 ], [ 106.790088888888889, 10.369613131313129 ], [ 106.790088888888889, 10.36961313131313 ], [ 106.790088888888889, 10.659696969696967 ], [ 106.790088888888889, 10.659696969696968 ], [ 106.790088888888889, 10.949780808080805 ], [ 106.790088888888889, 10.949780808080806 ], [ 106.790088888888889, 11.239864646464644 ], [ 106.790088888888889, 11.529948484848482 ], [ 106.790088888888889, 11.529948484848484 ], [ 106.790088888888889, 11.82003232323232 ], [ 106.790088888888889, 11.820032323232322 ], [ 106.790088888888889, 12.110116161616158 ], [ 106.790088888888889, 12.11011616161616 ], [ 106.790088888888889, 12.4002 ], [ 106.790088888888889, 12.4002 ], [ 106.790088888888889, 12.690283838383836 ], [ 106.790088888888889, 12.980367676767674 ], [ 106.790088888888889, 12.980367676767676 ], [ 106.790088888888889, 13.270451515151512 ], [ 106.790088888888889, 13.270451515151514 ], [ 106.790088888888889, 13.56053535353535 ], [ 106.790088888888889, 13.560535353535352 ], [ 106.790088888888889, 13.850619191919188 ], [ 106.790088888888889, 13.85061919191919 ], [ 106.790088888888889, 14.140703030303026 ], [ 106.790088888888889, 14.140703030303028 ], [ 106.790088888888889, 14.430786868686866 ], [ 106.790088888888889, 14.720870707070702 ], [ 106.790088888888889, 14.720870707070706 ], [ 106.790088888888889, 15.010954545454542 ], [ 106.790088888888889, 15.301038383838382 ], [ 106.790088888888889, 15.591122222222218 ], [ 106.790088888888889, 15.591122222222221 ], [ 106.790088888888889, 15.881206060606058 ], [ 107.066801111111104, 15.881206060606058 ], [ 107.34351333333332, 15.881206060606058 ], [ 107.34351333333332, 15.591122222222221 ], [ 107.34351333333332, 15.591122222222218 ], [ 107.34351333333332, 15.301038383838382 ], [ 107.34351333333332, 15.010954545454542 ], [ 107.34351333333332, 14.720870707070706 ], [ 107.34351333333332, 14.720870707070702 ], [ 107.34351333333332, 14.430786868686866 ], [ 107.34351333333332, 14.140703030303028 ], [ 107.34351333333332, 14.140703030303026 ], [ 107.34351333333332, 13.85061919191919 ], [ 107.34351333333332, 13.850619191919188 ], [ 107.34351333333332, 13.560535353535352 ], [ 107.34351333333332, 13.56053535353535 ], [ 107.34351333333332, 13.270451515151514 ], [ 107.34351333333332, 13.270451515151512 ], [ 107.34351333333332, 12.980367676767676 ], [ 107.34351333333332, 12.980367676767674 ], [ 107.34351333333332, 12.690283838383836 ], [ 107.34351333333332, 12.4002 ], [ 107.34351333333332, 12.4002 ], [ 107.34351333333332, 12.11011616161616 ], [ 107.34351333333332, 12.110116161616158 ], [ 107.34351333333332, 11.820032323232322 ], [ 107.34351333333332, 11.82003232323232 ], [ 107.34351333333332, 11.529948484848484 ], [ 107.34351333333332, 11.529948484848482 ], [ 107.34351333333332, 11.239864646464644 ], [ 107.34351333333332, 10.949780808080806 ], [ 107.34351333333332, 10.949780808080805 ], [ 107.34351333333332, 10.659696969696968 ], [ 107.34351333333332, 10.659696969696967 ], [ 107.34351333333332, 10.36961313131313 ], [ 107.34351333333332, 10.369613131313129 ], [ 107.34351333333332, 10.079529292929292 ], [ 107.34351333333332, 10.079529292929291 ], [ 107.34351333333332, 9.789445454545453 ], [ 107.066801111111104, 9.789445454545453 ], [ 107.066801111111104, 10.079529292929291 ], [ 106.790088888888889, 10.079529292929291 ] ] ], [ [ [ 107.066801111111104, 16.461373737373734 ], [ 107.34351333333332, 16.461373737373734 ], [ 107.34351333333332, 16.171289898989897 ], [ 107.34351333333332, 15.881206060606059 ], [ 107.066801111111104, 15.881206060606059 ], [ 106.790088888888889, 15.881206060606059 ], [ 106.790088888888889, 16.171289898989897 ], [ 106.790088888888889, 16.461373737373734 ], [ 107.066801111111104, 16.461373737373734 ] ] ], [ [ [ 106.513376666666659, 16.461373737373734 ], [ 106.790088888888874, 16.461373737373734 ], [ 106.790088888888874, 16.171289898989897 ], [ 106.790088888888874, 15.881206060606059 ], [ 106.513376666666659, 15.881206060606059 ], [ 106.236664444444443, 15.881206060606059 ], [ 105.959952222222228, 15.881206060606059 ], [ 105.959952222222228, 16.171289898989897 ], [ 105.959952222222228, 16.461373737373734 ], [ 106.236664444444443, 16.461373737373734 ], [ 106.513376666666659, 16.461373737373734 ] ] ], [ [ [ 105.959952222222228, 16.751457575757573 ], [ 106.236664444444443, 16.751457575757573 ], [ 106.513376666666659, 16.751457575757573 ], [ 106.790088888888874, 16.751457575757573 ], [ 106.790088888888874, 16.461373737373737 ], [ 106.513376666666659, 16.461373737373737 ], [ 106.236664444444443, 16.461373737373737 ], [ 105.959952222222228, 16.461373737373737 ], [ 105.959952222222228, 16.751457575757573 ] ] ], [ [ [ 107.34351333333332, 16.751457575757573 ], [ 107.34351333333332, 16.461373737373737 ], [ 107.066801111111104, 16.461373737373737 ], [ 106.790088888888889, 16.461373737373737 ], [ 106.790088888888889, 16.751457575757573 ], [ 107.066801111111104, 16.751457575757573 ], [ 107.34351333333332, 16.751457575757573 ] ] ], [ [ [ 106.513376666666659, 17.331625252525249 ], [ 106.790088888888874, 17.331625252525249 ], [ 106.790088888888874, 17.041541414141413 ], [ 106.790088888888874, 16.751457575757577 ], [ 106.513376666666659, 16.751457575757577 ], [ 106.236664444444443, 16.751457575757577 ], [ 105.959952222222228, 16.751457575757577 ], [ 105.959952222222228, 17.041541414141413 ], [ 105.959952222222228, 17.331625252525249 ], [ 106.236664444444443, 17.331625252525249 ], [ 106.513376666666659, 17.331625252525249 ] ] ], [ [ [ 107.066801111111104, 17.331625252525249 ], [ 107.34351333333332, 17.331625252525249 ], [ 107.34351333333332, 17.041541414141413 ], [ 107.34351333333332, 16.751457575757577 ], [ 107.066801111111104, 16.751457575757577 ], [ 106.790088888888889, 16.751457575757577 ], [ 106.790088888888889, 17.041541414141413 ], [ 106.790088888888889, 17.331625252525249 ], [ 107.066801111111104, 17.331625252525249 ] ] ], [ [ [ 106.513376666666659, 17.911792929292925 ], [ 106.790088888888874, 17.911792929292925 ], [ 106.790088888888874, 17.621709090909089 ], [ 106.790088888888874, 17.331625252525253 ], [ 106.513376666666659, 17.331625252525253 ], [ 106.236664444444443, 17.331625252525253 ], [ 105.959952222222228, 17.331625252525253 ], [ 105.959952222222228, 17.621709090909089 ], [ 105.959952222222228, 17.911792929292925 ], [ 106.236664444444443, 17.911792929292925 ], [ 106.513376666666659, 17.911792929292925 ] ] ], [ [ [ 107.066801111111104, 17.911792929292925 ], [ 107.34351333333332, 17.911792929292925 ], [ 107.34351333333332, 17.621709090909089 ], [ 107.34351333333332, 17.331625252525253 ], [ 107.066801111111104, 17.331625252525253 ], [ 106.790088888888889, 17.331625252525253 ], [ 106.790088888888889, 17.621709090909089 ], [ 106.790088888888889, 17.911792929292925 ], [ 107.066801111111104, 17.911792929292925 ] ] ], [ [ [ 105.959952222222228, 17.911792929292929 ], [ 105.959952222222228, 18.201876767676765 ], [ 106.236664444444443, 18.201876767676765 ], [ 106.513376666666659, 18.201876767676765 ], [ 106.790088888888874, 18.201876767676765 ], [ 106.790088888888874, 17.911792929292929 ], [ 106.513376666666659, 17.911792929292929 ], [ 106.236664444444443, 17.911792929292929 ], [ 105.959952222222228, 17.911792929292929 ] ] ], [ [ [ 106.513376666666659, 18.782044444444441 ], [ 106.790088888888874, 18.782044444444441 ], [ 106.790088888888874, 18.491960606060605 ], [ 106.790088888888874, 18.201876767676769 ], [ 106.513376666666659, 18.201876767676769 ], [ 106.236664444444443, 18.201876767676769 ], [ 105.959952222222228, 18.201876767676769 ], [ 105.959952222222228, 18.491960606060605 ], [ 105.959952222222228, 18.782044444444441 ], [ 106.236664444444443, 18.782044444444441 ], [ 106.513376666666659, 18.782044444444441 ] ] ], [ [ [ 107.066801111111104, 18.782044444444441 ], [ 107.34351333333332, 18.782044444444441 ], [ 107.34351333333332, 18.491960606060605 ], [ 107.34351333333332, 18.201876767676769 ], [ 107.066801111111104, 18.201876767676769 ], [ 106.790088888888889, 18.201876767676769 ], [ 106.790088888888889, 18.491960606060605 ], [ 106.790088888888889, 18.782044444444441 ], [ 107.066801111111104, 18.782044444444441 ] ] ], [ [ [ 106.513376666666659, 19.072128282828281 ], [ 106.513376666666659, 18.782044444444445 ], [ 106.236664444444443, 18.782044444444445 ], [ 105.959952222222228, 18.782044444444445 ], [ 105.959952222222228, 19.072128282828281 ], [ 106.236664444444443, 19.072128282828281 ], [ 106.513376666666659, 19.072128282828281 ] ] ], [ [ [ 107.343513333333334, 10.36961313131313 ], [ 107.343513333333334, 10.659696969696967 ], [ 107.343513333333334, 10.659696969696968 ], [ 107.343513333333334, 10.949780808080805 ], [ 107.343513333333334, 10.949780808080806 ], [ 107.343513333333334, 11.239864646464644 ], [ 107.343513333333334, 11.529948484848482 ], [ 107.343513333333334, 11.529948484848484 ], [ 107.343513333333334, 11.82003232323232 ], [ 107.343513333333334, 11.820032323232322 ], [ 107.343513333333334, 12.110116161616158 ], [ 107.343513333333334, 12.11011616161616 ], [ 107.343513333333334, 12.4002 ], [ 107.343513333333334, 12.4002 ], [ 107.343513333333334, 12.690283838383836 ], [ 107.343513333333334, 12.980367676767674 ], [ 107.343513333333334, 12.980367676767676 ], [ 107.343513333333334, 13.270451515151512 ], [ 107.343513333333334, 13.270451515151514 ], [ 107.343513333333334, 13.56053535353535 ], [ 107.343513333333334, 13.560535353535352 ], [ 107.343513333333334, 13.850619191919188 ], [ 107.343513333333334, 13.85061919191919 ], [ 107.343513333333334, 14.140703030303026 ], [ 107.343513333333334, 14.140703030303028 ], [ 107.343513333333334, 14.430786868686866 ], [ 107.343513333333334, 14.720870707070702 ], [ 107.343513333333334, 14.720870707070706 ], [ 107.343513333333334, 15.010954545454542 ], [ 107.343513333333334, 15.301038383838382 ], [ 107.343513333333334, 15.591122222222218 ], [ 107.343513333333334, 15.591122222222221 ], [ 107.343513333333334, 15.881206060606058 ], [ 107.62022555555555, 15.881206060606058 ], [ 107.896937777777765, 15.881206060606058 ], [ 107.896937777777765, 15.591122222222221 ], [ 107.896937777777765, 15.591122222222218 ], [ 107.896937777777765, 15.301038383838382 ], [ 107.896937777777765, 15.010954545454542 ], [ 107.896937777777765, 14.720870707070706 ], [ 107.896937777777765, 14.720870707070702 ], [ 107.896937777777765, 14.430786868686866 ], [ 107.896937777777765, 14.140703030303028 ], [ 107.896937777777765, 14.140703030303026 ], [ 107.896937777777765, 13.85061919191919 ], [ 107.896937777777765, 13.850619191919188 ], [ 107.896937777777765, 13.560535353535352 ], [ 107.896937777777765, 13.56053535353535 ], [ 107.896937777777765, 13.270451515151514 ], [ 107.896937777777765, 13.270451515151512 ], [ 107.896937777777765, 12.980367676767676 ], [ 107.896937777777765, 12.980367676767674 ], [ 107.896937777777765, 12.690283838383836 ], [ 107.896937777777765, 12.4002 ], [ 107.896937777777765, 12.4002 ], [ 107.896937777777765, 12.11011616161616 ], [ 107.896937777777765, 12.110116161616158 ], [ 107.896937777777765, 11.820032323232322 ], [ 107.896937777777765, 11.82003232323232 ], [ 107.896937777777765, 11.529948484848484 ], [ 107.896937777777765, 11.529948484848482 ], [ 107.896937777777765, 11.239864646464644 ], [ 107.896937777777765, 10.949780808080806 ], [ 107.896937777777765, 10.949780808080805 ], [ 107.896937777777765, 10.659696969696968 ], [ 107.896937777777765, 10.659696969696967 ], [ 107.896937777777765, 10.36961313131313 ], [ 107.896937777777765, 10.369613131313129 ], [ 107.896937777777765, 10.079529292929292 ], [ 107.896937777777765, 10.079529292929291 ], [ 107.896937777777765, 9.789445454545453 ], [ 107.62022555555555, 9.789445454545453 ], [ 107.343513333333334, 9.789445454545453 ], [ 107.343513333333334, 10.079529292929291 ], [ 107.343513333333334, 10.079529292929292 ], [ 107.343513333333334, 10.369613131313129 ], [ 107.343513333333334, 10.36961313131313 ] ] ], [ [ [ 107.896937777777779, 10.659696969696967 ], [ 107.896937777777779, 10.659696969696968 ], [ 107.896937777777779, 10.949780808080805 ], [ 107.896937777777779, 10.949780808080806 ], [ 107.896937777777779, 11.239864646464644 ], [ 107.896937777777779, 11.529948484848482 ], [ 107.896937777777779, 11.529948484848484 ], [ 107.896937777777779, 11.82003232323232 ], [ 107.896937777777779, 11.820032323232322 ], [ 107.896937777777779, 12.110116161616158 ], [ 107.896937777777779, 12.11011616161616 ], [ 107.896937777777779, 12.4002 ], [ 107.896937777777779, 12.4002 ], [ 107.896937777777779, 12.690283838383836 ], [ 107.896937777777779, 12.980367676767674 ], [ 107.896937777777779, 12.980367676767676 ], [ 107.896937777777779, 13.270451515151512 ], [ 107.896937777777779, 13.270451515151514 ], [ 107.896937777777779, 13.56053535353535 ], [ 107.896937777777779, 13.560535353535352 ], [ 107.896937777777779, 13.850619191919188 ], [ 107.896937777777779, 13.85061919191919 ], [ 107.896937777777779, 14.140703030303026 ], [ 107.896937777777779, 14.140703030303028 ], [ 107.896937777777779, 14.430786868686866 ], [ 107.896937777777779, 14.720870707070702 ], [ 107.896937777777779, 14.720870707070706 ], [ 107.896937777777779, 15.010954545454542 ], [ 107.896937777777779, 15.301038383838382 ], [ 107.896937777777779, 15.591122222222218 ], [ 107.896937777777779, 15.591122222222221 ], [ 107.896937777777779, 15.881206060606058 ], [ 108.17365, 15.881206060606058 ], [ 108.450362222222211, 15.881206060606058 ], [ 108.450362222222211, 15.591122222222221 ], [ 108.450362222222211, 15.591122222222218 ], [ 108.450362222222211, 15.301038383838382 ], [ 108.450362222222211, 15.010954545454542 ], [ 108.450362222222211, 14.720870707070706 ], [ 108.450362222222211, 14.720870707070702 ], [ 108.450362222222211, 14.430786868686866 ], [ 108.450362222222211, 14.140703030303028 ], [ 108.450362222222211, 14.140703030303026 ], [ 108.450362222222211, 13.85061919191919 ], [ 108.450362222222211, 13.850619191919188 ], [ 108.450362222222211, 13.560535353535352 ], [ 108.450362222222211, 13.56053535353535 ], [ 108.450362222222211, 13.270451515151514 ], [ 108.450362222222211, 13.270451515151512 ], [ 108.450362222222211, 12.980367676767676 ], [ 108.450362222222211, 12.980367676767674 ], [ 108.450362222222211, 12.690283838383836 ], [ 108.450362222222211, 12.4002 ], [ 108.450362222222211, 12.4002 ], [ 108.450362222222211, 12.11011616161616 ], [ 108.450362222222211, 12.110116161616158 ], [ 108.450362222222211, 11.820032323232322 ], [ 108.450362222222211, 11.82003232323232 ], [ 108.450362222222211, 11.529948484848484 ], [ 108.450362222222211, 11.529948484848482 ], [ 108.450362222222211, 11.239864646464644 ], [ 108.450362222222211, 10.949780808080806 ], [ 108.450362222222211, 10.949780808080805 ], [ 108.450362222222211, 10.659696969696968 ], [ 108.450362222222211, 10.659696969696967 ], [ 108.450362222222211, 10.36961313131313 ], [ 108.450362222222211, 10.369613131313129 ], [ 108.450362222222211, 10.079529292929292 ], [ 108.450362222222211, 10.079529292929291 ], [ 108.450362222222211, 9.789445454545453 ], [ 108.17365, 9.789445454545453 ], [ 107.896937777777779, 9.789445454545453 ], [ 107.896937777777779, 10.079529292929291 ], [ 107.896937777777779, 10.079529292929292 ], [ 107.896937777777779, 10.369613131313129 ], [ 107.896937777777779, 10.36961313131313 ], [ 107.896937777777779, 10.659696969696967 ] ] ], [ [ [ 107.896937777777765, 16.461373737373734 ], [ 107.896937777777765, 16.171289898989897 ], [ 107.896937777777765, 15.881206060606059 ], [ 107.62022555555555, 15.881206060606059 ], [ 107.343513333333334, 15.881206060606059 ], [ 107.343513333333334, 16.171289898989897 ], [ 107.343513333333334, 16.461373737373734 ], [ 107.62022555555555, 16.461373737373734 ], [ 107.896937777777765, 16.461373737373734 ] ] ], [ [ [ 107.896937777777779, 16.461373737373734 ], [ 108.17365, 16.461373737373734 ], [ 108.17365, 16.171289898989897 ], [ 108.450362222222211, 16.171289898989897 ], [ 108.450362222222211, 15.881206060606059 ], [ 108.17365, 15.881206060606059 ], [ 107.896937777777779, 15.881206060606059 ], [ 107.896937777777779, 16.171289898989897 ], [ 107.896937777777779, 16.461373737373734 ] ] ], [ [ [ 107.62022555555555, 16.461373737373737 ], [ 107.343513333333334, 16.461373737373737 ], [ 107.343513333333334, 16.751457575757573 ], [ 107.62022555555555, 16.751457575757573 ], [ 107.896937777777765, 16.751457575757573 ], [ 107.896937777777765, 16.461373737373737 ], [ 107.62022555555555, 16.461373737373737 ] ] ], [ [ [ 107.896937777777765, 17.331625252525249 ], [ 107.896937777777765, 17.041541414141413 ], [ 107.896937777777765, 16.751457575757577 ], [ 107.62022555555555, 16.751457575757577 ], [ 107.343513333333334, 16.751457575757577 ], [ 107.343513333333334, 17.041541414141413 ], [ 107.343513333333334, 17.331625252525249 ], [ 107.62022555555555, 17.331625252525249 ], [ 107.896937777777765, 17.331625252525249 ] ] ], [ [ [ 107.62022555555555, 17.331625252525253 ], [ 107.343513333333334, 17.331625252525253 ], [ 107.343513333333334, 17.621709090909089 ], [ 107.343513333333334, 17.911792929292925 ], [ 107.62022555555555, 17.911792929292925 ], [ 107.896937777777765, 17.911792929292925 ], [ 107.896937777777765, 17.621709090909089 ], [ 107.896937777777765, 17.331625252525253 ], [ 107.62022555555555, 17.331625252525253 ] ] ], [ [ [ 108.450362222222211, 17.911792929292925 ], [ 108.450362222222211, 17.621709090909089 ], [ 108.17365, 17.621709090909089 ], [ 108.17365, 17.331625252525253 ], [ 107.896937777777779, 17.331625252525253 ], [ 107.896937777777779, 17.621709090909089 ], [ 107.896937777777779, 17.911792929292925 ], [ 108.17365, 17.911792929292925 ], [ 108.450362222222211, 17.911792929292925 ] ] ], [ [ [ 107.343513333333334, 17.911792929292929 ], [ 107.343513333333334, 18.201876767676765 ], [ 107.62022555555555, 18.201876767676765 ], [ 107.896937777777765, 18.201876767676765 ], [ 107.896937777777765, 17.911792929292929 ], [ 107.62022555555555, 17.911792929292929 ], [ 107.343513333333334, 17.911792929292929 ] ] ], [ [ [ 107.34351333333332, 17.911792929292929 ], [ 107.066801111111104, 17.911792929292929 ], [ 106.790088888888889, 17.911792929292929 ], [ 106.790088888888889, 18.201876767676765 ], [ 107.066801111111104, 18.201876767676765 ], [ 107.34351333333332, 18.201876767676765 ], [ 107.34351333333332, 17.911792929292929 ] ] ], [ [ [ 108.17365, 18.201876767676765 ], [ 108.450362222222211, 18.201876767676765 ], [ 108.450362222222211, 17.911792929292929 ], [ 108.17365, 17.911792929292929 ], [ 107.896937777777779, 17.911792929292929 ], [ 107.896937777777779, 18.201876767676765 ], [ 108.17365, 18.201876767676765 ] ] ], [ [ [ 107.343513333333334, 18.491960606060605 ], [ 107.343513333333334, 18.782044444444441 ], [ 107.62022555555555, 18.782044444444441 ], [ 107.896937777777765, 18.782044444444441 ], [ 107.896937777777765, 18.491960606060605 ], [ 107.896937777777765, 18.201876767676769 ], [ 107.62022555555555, 18.201876767676769 ], [ 107.343513333333334, 18.201876767676769 ], [ 107.343513333333334, 18.491960606060605 ] ] ], [ [ [ 107.62022555555555, 19.072128282828281 ], [ 107.896937777777765, 19.072128282828281 ], [ 107.896937777777765, 18.782044444444445 ], [ 107.62022555555555, 18.782044444444445 ], [ 107.62022555555555, 19.072128282828281 ] ] ], [ [ [ 108.450362222222225, 10.369613131313129 ], [ 108.450362222222225, 10.36961313131313 ], [ 108.450362222222225, 10.659696969696967 ], [ 108.450362222222225, 10.659696969696968 ], [ 108.450362222222225, 10.949780808080805 ], [ 108.450362222222225, 10.949780808080806 ], [ 108.450362222222225, 11.239864646464644 ], [ 108.450362222222225, 11.529948484848482 ], [ 108.450362222222225, 11.529948484848484 ], [ 108.450362222222225, 11.82003232323232 ], [ 108.450362222222225, 11.820032323232322 ], [ 108.450362222222225, 12.110116161616158 ], [ 108.450362222222225, 12.11011616161616 ], [ 108.450362222222225, 12.4002 ], [ 108.450362222222225, 12.4002 ], [ 108.450362222222225, 12.690283838383836 ], [ 108.450362222222225, 12.980367676767674 ], [ 108.450362222222225, 12.980367676767676 ], [ 108.450362222222225, 13.270451515151512 ], [ 108.450362222222225, 13.270451515151514 ], [ 108.450362222222225, 13.56053535353535 ], [ 108.450362222222225, 13.560535353535352 ], [ 108.450362222222225, 13.850619191919188 ], [ 108.450362222222225, 13.85061919191919 ], [ 108.450362222222225, 14.140703030303026 ], [ 108.450362222222225, 14.140703030303028 ], [ 108.450362222222225, 14.430786868686866 ], [ 108.450362222222225, 14.720870707070702 ], [ 108.450362222222225, 14.720870707070706 ], [ 108.450362222222225, 15.010954545454542 ], [ 108.450362222222225, 15.301038383838382 ], [ 108.450362222222225, 15.591122222222218 ], [ 108.450362222222225, 15.591122222222221 ], [ 108.450362222222225, 15.881206060606058 ], [ 108.72707444444444, 15.881206060606058 ], [ 109.003786666666656, 15.881206060606058 ], [ 109.003786666666656, 15.591122222222221 ], [ 109.003786666666656, 15.591122222222218 ], [ 109.003786666666656, 15.301038383838382 ], [ 109.003786666666656, 15.010954545454542 ], [ 109.003786666666656, 14.720870707070706 ], [ 109.003786666666656, 14.720870707070702 ], [ 109.003786666666656, 14.430786868686866 ], [ 109.003786666666656, 14.140703030303028 ], [ 109.003786666666656, 14.140703030303026 ], [ 109.003786666666656, 13.85061919191919 ], [ 109.003786666666656, 13.850619191919188 ], [ 109.003786666666656, 13.560535353535352 ], [ 109.003786666666656, 13.56053535353535 ], [ 109.003786666666656, 13.270451515151514 ], [ 109.003786666666656, 13.270451515151512 ], [ 109.003786666666656, 12.980367676767676 ], [ 109.003786666666656, 12.980367676767674 ], [ 109.003786666666656, 12.690283838383836 ], [ 109.003786666666656, 12.4002 ], [ 109.003786666666656, 12.4002 ], [ 109.003786666666656, 12.11011616161616 ], [ 109.003786666666656, 12.110116161616158 ], [ 109.003786666666656, 11.820032323232322 ], [ 109.003786666666656, 11.82003232323232 ], [ 109.003786666666656, 11.529948484848484 ], [ 109.003786666666656, 11.529948484848482 ], [ 109.003786666666656, 11.239864646464644 ], [ 109.003786666666656, 10.949780808080806 ], [ 109.003786666666656, 10.949780808080805 ], [ 109.003786666666656, 10.659696969696968 ], [ 109.003786666666656, 10.659696969696967 ], [ 109.003786666666656, 10.36961313131313 ], [ 109.003786666666656, 10.369613131313129 ], [ 109.003786666666656, 10.079529292929291 ], [ 108.72707444444444, 10.079529292929291 ], [ 108.72707444444444, 9.789445454545453 ], [ 108.450362222222225, 9.789445454545453 ], [ 108.450362222222225, 10.079529292929291 ], [ 108.450362222222225, 10.079529292929292 ], [ 108.450362222222225, 10.369613131313129 ] ] ], [ [ [ 109.00378666666667, 10.369613131313129 ], [ 109.00378666666667, 10.36961313131313 ], [ 109.00378666666667, 10.659696969696967 ], [ 109.00378666666667, 10.659696969696968 ], [ 109.00378666666667, 10.949780808080805 ], [ 109.00378666666667, 10.949780808080806 ], [ 109.00378666666667, 11.239864646464644 ], [ 109.00378666666667, 11.529948484848482 ], [ 109.00378666666667, 11.529948484848484 ], [ 109.00378666666667, 11.82003232323232 ], [ 109.00378666666667, 11.820032323232322 ], [ 109.00378666666667, 12.110116161616158 ], [ 109.00378666666667, 12.11011616161616 ], [ 109.00378666666667, 12.4002 ], [ 109.00378666666667, 12.4002 ], [ 109.00378666666667, 12.690283838383836 ], [ 109.00378666666667, 12.980367676767674 ], [ 109.00378666666667, 12.980367676767676 ], [ 109.00378666666667, 13.270451515151512 ], [ 109.00378666666667, 13.270451515151514 ], [ 109.00378666666667, 13.56053535353535 ], [ 109.00378666666667, 13.560535353535352 ], [ 109.00378666666667, 13.850619191919188 ], [ 109.00378666666667, 13.85061919191919 ], [ 109.00378666666667, 14.140703030303026 ], [ 109.00378666666667, 14.140703030303028 ], [ 109.00378666666667, 14.430786868686866 ], [ 109.00378666666667, 14.720870707070702 ], [ 109.00378666666667, 14.720870707070706 ], [ 109.00378666666667, 15.010954545454542 ], [ 109.00378666666667, 15.301038383838382 ], [ 109.00378666666667, 15.591122222222218 ], [ 109.00378666666667, 15.591122222222221 ], [ 109.00378666666667, 15.881206060606058 ], [ 109.280498888888886, 15.881206060606058 ], [ 109.280498888888886, 15.591122222222221 ], [ 109.557211111111101, 15.591122222222221 ], [ 109.557211111111101, 15.301038383838382 ], [ 109.557211111111101, 15.010954545454542 ], [ 109.557211111111101, 14.720870707070706 ], [ 109.557211111111101, 14.720870707070702 ], [ 109.557211111111101, 14.430786868686866 ], [ 109.557211111111101, 14.140703030303028 ], [ 109.557211111111101, 14.140703030303026 ], [ 109.557211111111101, 13.85061919191919 ], [ 109.557211111111101, 13.850619191919188 ], [ 109.557211111111101, 13.56053535353535 ], [ 109.280498888888886, 13.56053535353535 ], [ 109.280498888888886, 13.270451515151514 ], [ 109.280498888888886, 13.270451515151512 ], [ 109.280498888888886, 12.980367676767676 ], [ 109.557211111111101, 12.980367676767676 ], [ 109.557211111111101, 12.690283838383836 ], [ 109.557211111111101, 12.4002 ], [ 109.557211111111101, 12.4002 ], [ 109.557211111111101, 12.11011616161616 ], [ 109.557211111111101, 12.110116161616158 ], [ 109.557211111111101, 11.820032323232322 ], [ 109.557211111111101, 11.82003232323232 ], [ 109.557211111111101, 11.529948484848484 ], [ 109.557211111111101, 11.529948484848482 ], [ 109.557211111111101, 11.239864646464644 ], [ 109.557211111111101, 10.949780808080806 ], [ 109.557211111111101, 10.949780808080805 ], [ 109.557211111111101, 10.659696969696968 ], [ 109.557211111111101, 10.659696969696967 ], [ 109.557211111111101, 10.369613131313129 ], [ 109.280498888888886, 10.369613131313129 ], [ 109.280498888888886, 10.079529292929291 ], [ 109.00378666666667, 10.079529292929291 ], [ 109.00378666666667, 10.369613131313129 ] ] ], [ [ [ 108.72707444444444, 16.171289898989897 ], [ 108.72707444444444, 15.881206060606059 ], [ 108.450362222222225, 15.881206060606059 ], [ 108.450362222222225, 16.171289898989897 ], [ 108.72707444444444, 16.171289898989897 ] ] ], [ [ [ 109.003786666666656, 18.201876767676765 ], [ 109.003786666666656, 17.911792929292929 ], [ 108.72707444444444, 17.911792929292929 ], [ 108.450362222222225, 17.911792929292929 ], [ 108.450362222222225, 18.201876767676765 ], [ 108.72707444444444, 18.201876767676765 ], [ 109.003786666666656, 18.201876767676765 ] ] ], [ [ [ 109.557211111111101, 18.201876767676765 ], [ 109.557211111111101, 17.911792929292929 ], [ 109.280498888888886, 17.911792929292929 ], [ 109.00378666666667, 17.911792929292929 ], [ 109.00378666666667, 18.201876767676765 ], [ 109.280498888888886, 18.201876767676765 ], [ 109.557211111111101, 18.201876767676765 ] ] ], [ [ [ 108.450362222222211, 18.491960606060605 ], [ 108.450362222222211, 18.201876767676769 ], [ 108.17365, 18.201876767676769 ], [ 107.896937777777779, 18.201876767676769 ], [ 107.896937777777779, 18.491960606060605 ], [ 107.896937777777779, 18.782044444444441 ], [ 108.17365, 18.782044444444441 ], [ 108.450362222222211, 18.782044444444441 ], [ 108.450362222222211, 18.491960606060605 ] ] ], [ [ [ 109.557211111111101, 18.201876767676769 ], [ 109.280498888888886, 18.201876767676769 ], [ 109.00378666666667, 18.201876767676769 ], [ 109.00378666666667, 18.491960606060605 ], [ 109.00378666666667, 18.782044444444441 ], [ 109.280498888888886, 18.782044444444441 ], [ 109.557211111111101, 18.782044444444441 ], [ 109.557211111111101, 18.491960606060605 ], [ 109.557211111111101, 18.201876767676769 ] ] ], [ [ [ 109.003786666666656, 18.491960606060605 ], [ 109.003786666666656, 18.201876767676769 ], [ 108.72707444444444, 18.201876767676769 ], [ 108.450362222222225, 18.201876767676769 ], [ 108.450362222222225, 18.491960606060605 ], [ 108.450362222222225, 18.782044444444441 ], [ 108.72707444444444, 18.782044444444441 ], [ 109.003786666666656, 18.782044444444441 ], [ 109.003786666666656, 18.491960606060605 ] ] ], [ [ [ 107.896937777777779, 19.072128282828281 ], [ 107.896937777777779, 19.362212121212117 ], [ 108.17365, 19.362212121212117 ], [ 108.450362222222211, 19.362212121212117 ], [ 108.450362222222211, 19.072128282828281 ], [ 108.450362222222211, 18.782044444444445 ], [ 108.17365, 18.782044444444445 ], [ 107.896937777777779, 18.782044444444445 ], [ 107.896937777777779, 19.072128282828281 ] ] ], [ [ [ 109.280498888888886, 19.362212121212117 ], [ 109.557211111111101, 19.362212121212117 ], [ 109.557211111111101, 19.072128282828281 ], [ 109.557211111111101, 18.782044444444445 ], [ 109.280498888888886, 18.782044444444445 ], [ 109.00378666666667, 18.782044444444445 ], [ 109.00378666666667, 19.072128282828281 ], [ 109.00378666666667, 19.362212121212117 ], [ 109.280498888888886, 19.362212121212117 ] ] ], [ [ [ 108.450362222222225, 19.072128282828281 ], [ 108.450362222222225, 19.362212121212117 ], [ 108.72707444444444, 19.362212121212117 ], [ 109.003786666666656, 19.362212121212117 ], [ 109.003786666666656, 19.072128282828281 ], [ 109.003786666666656, 18.782044444444445 ], [ 108.72707444444444, 18.782044444444445 ], [ 108.450362222222225, 18.782044444444445 ], [ 108.450362222222225, 19.072128282828281 ] ] ], [ [ [ 109.00378666666667, 19.362212121212121 ], [ 109.00378666666667, 19.652295959595957 ], [ 109.280498888888886, 19.652295959595957 ], [ 109.557211111111101, 19.652295959595957 ], [ 109.557211111111101, 19.362212121212121 ], [ 109.280498888888886, 19.362212121212121 ], [ 109.00378666666667, 19.362212121212121 ] ] ], [ [ [ 109.003786666666656, 19.652295959595957 ], [ 109.003786666666656, 19.362212121212121 ], [ 108.72707444444444, 19.362212121212121 ], [ 108.450362222222225, 19.362212121212121 ], [ 108.450362222222225, 19.652295959595957 ], [ 108.72707444444444, 19.652295959595957 ], [ 109.003786666666656, 19.652295959595957 ] ] ], [ [ [ 109.557211111111116, 11.82003232323232 ], [ 109.557211111111116, 11.820032323232322 ], [ 109.557211111111116, 12.110116161616158 ], [ 109.557211111111116, 12.11011616161616 ], [ 109.557211111111116, 12.4002 ], [ 109.833923333333331, 12.4002 ], [ 109.833923333333331, 12.11011616161616 ], [ 109.833923333333331, 12.110116161616158 ], [ 109.833923333333331, 11.820032323232322 ], [ 109.833923333333331, 11.82003232323232 ], [ 109.833923333333331, 11.529948484848484 ], [ 109.833923333333331, 11.529948484848482 ], [ 109.833923333333331, 11.239864646464644 ], [ 109.833923333333331, 10.949780808080806 ], [ 109.833923333333331, 10.949780808080805 ], [ 109.833923333333331, 10.659696969696967 ], [ 109.557211111111116, 10.659696969696967 ], [ 109.557211111111116, 10.949780808080805 ], [ 109.557211111111116, 10.949780808080806 ], [ 109.557211111111116, 11.239864646464644 ], [ 109.557211111111116, 11.529948484848482 ], [ 109.557211111111116, 11.529948484848484 ], [ 109.557211111111116, 11.82003232323232 ] ] ], [ [ [ 109.833923333333331, 15.010954545454542 ], [ 109.833923333333331, 14.720870707070706 ], [ 109.833923333333331, 14.720870707070702 ], [ 109.833923333333331, 14.430786868686866 ], [ 109.833923333333331, 14.140703030303028 ], [ 109.833923333333331, 14.140703030303026 ], [ 109.833923333333331, 13.850619191919188 ], [ 109.557211111111116, 13.850619191919188 ], [ 109.557211111111116, 14.140703030303026 ], [ 109.557211111111116, 14.140703030303028 ], [ 109.557211111111116, 14.430786868686866 ], [ 109.557211111111116, 14.720870707070702 ], [ 109.557211111111116, 14.720870707070706 ], [ 109.557211111111116, 15.010954545454542 ], [ 109.557211111111116, 15.301038383838382 ], [ 109.833923333333331, 15.301038383838382 ], [ 109.833923333333331, 15.010954545454542 ] ] ], [ [ [ 109.833923333333331, 18.201876767676769 ], [ 109.557211111111116, 18.201876767676769 ], [ 109.557211111111116, 18.491960606060605 ], [ 109.557211111111116, 18.782044444444441 ], [ 109.833923333333331, 18.782044444444441 ], [ 110.110635555555547, 18.782044444444441 ], [ 110.110635555555547, 18.491960606060605 ], [ 109.833923333333331, 18.491960606060605 ], [ 109.833923333333331, 18.201876767676769 ] ] ], [ [ [ 109.557211111111116, 19.072128282828281 ], [ 109.557211111111116, 19.362212121212117 ], [ 109.833923333333331, 19.362212121212117 ], [ 110.110635555555547, 19.362212121212117 ], [ 110.110635555555547, 19.072128282828281 ], [ 110.110635555555547, 18.782044444444445 ], [ 109.833923333333331, 18.782044444444445 ], [ 109.557211111111116, 18.782044444444445 ], [ 109.557211111111116, 19.072128282828281 ] ] ], [ [ [ 109.557211111111116, 19.652295959595957 ], [ 109.833923333333331, 19.652295959595957 ], [ 109.833923333333331, 19.362212121212121 ], [ 109.557211111111116, 19.362212121212121 ], [ 109.557211111111116, 19.652295959595957 ] ] ], [ [ [ 113.15447, 20.522547474747473 ], [ 113.15447, 20.812631313131309 ], [ 113.431182222222219, 20.812631313131309 ], [ 113.707894444444435, 20.812631313131309 ], [ 113.98460666666665, 20.812631313131309 ], [ 113.98460666666665, 20.522547474747473 ], [ 113.98460666666665, 20.232463636363637 ], [ 113.707894444444435, 20.232463636363637 ], [ 113.431182222222219, 20.232463636363637 ], [ 113.15447, 20.232463636363637 ], [ 113.15447, 20.522547474747473 ] ] ], [ [ [ 113.15447, 20.522547474747473 ], [ 112.877757777777774, 20.522547474747473 ], [ 112.601045555555558, 20.522547474747473 ], [ 112.601045555555558, 20.812631313131309 ], [ 112.877757777777774, 20.812631313131309 ], [ 113.15447, 20.812631313131309 ], [ 113.15447, 20.522547474747473 ] ] ], [ [ [ 112.601045555555558, 20.812631313131313 ], [ 112.601045555555558, 21.102715151515149 ], [ 112.877757777777774, 21.102715151515149 ], [ 113.15447, 21.102715151515149 ], [ 113.15447, 20.812631313131313 ], [ 112.877757777777774, 20.812631313131313 ], [ 112.601045555555558, 20.812631313131313 ] ] ], [ [ [ 112.601045555555544, 21.102715151515149 ], [ 112.601045555555544, 20.812631313131313 ], [ 112.324333333333328, 20.812631313131313 ], [ 112.324333333333328, 21.102715151515149 ], [ 112.601045555555544, 21.102715151515149 ] ] ], [ [ [ 113.431182222222219, 21.102715151515149 ], [ 113.707894444444435, 21.102715151515149 ], [ 113.98460666666665, 21.102715151515149 ], [ 113.98460666666665, 20.812631313131313 ], [ 113.707894444444435, 20.812631313131313 ], [ 113.431182222222219, 20.812631313131313 ], [ 113.15447, 20.812631313131313 ], [ 113.15447, 21.102715151515149 ], [ 113.431182222222219, 21.102715151515149 ] ] ], [ [ [ 112.324333333333328, 21.102715151515152 ], [ 112.047621111111113, 21.102715151515152 ], [ 112.047621111111113, 21.392798989898989 ], [ 112.047621111111113, 21.682882828282825 ], [ 112.324333333333328, 21.682882828282825 ], [ 112.601045555555544, 21.682882828282825 ], [ 112.601045555555544, 21.392798989898989 ], [ 112.601045555555544, 21.102715151515152 ], [ 112.324333333333328, 21.102715151515152 ] ] ], [ [ [ 113.15447, 21.682882828282825 ], [ 113.15447, 21.392798989898989 ], [ 113.15447, 21.102715151515152 ], [ 112.877757777777774, 21.102715151515152 ], [ 112.601045555555558, 21.102715151515152 ], [ 112.601045555555558, 21.392798989898989 ], [ 112.601045555555558, 21.682882828282825 ], [ 112.877757777777774, 21.682882828282825 ], [ 113.15447, 21.682882828282825 ] ] ], [ [ [ 113.15447, 21.392798989898989 ], [ 113.15447, 21.682882828282825 ], [ 113.431182222222219, 21.682882828282825 ], [ 113.707894444444435, 21.682882828282825 ], [ 113.98460666666665, 21.682882828282825 ], [ 113.98460666666665, 21.392798989898989 ], [ 113.98460666666665, 21.102715151515152 ], [ 113.707894444444435, 21.102715151515152 ], [ 113.431182222222219, 21.102715151515152 ], [ 113.15447, 21.102715151515152 ], [ 113.15447, 21.392798989898989 ] ] ], [ [ [ 112.047621111111098, 21.682882828282825 ], [ 112.047621111111098, 21.392798989898989 ], [ 111.770908888888883, 21.392798989898989 ], [ 111.770908888888883, 21.682882828282825 ], [ 112.047621111111098, 21.682882828282825 ] ] ], [ [ [ 113.15447, 21.972966666666665 ], [ 113.15447, 21.682882828282828 ], [ 112.877757777777774, 21.682882828282828 ], [ 112.601045555555558, 21.682882828282828 ], [ 112.601045555555558, 21.972966666666665 ], [ 112.601045555555558, 22.263050505050501 ], [ 112.877757777777774, 22.263050505050501 ], [ 113.15447, 22.263050505050501 ], [ 113.15447, 21.972966666666665 ] ] ], [ [ [ 112.324333333333328, 21.682882828282828 ], [ 112.047621111111113, 21.682882828282828 ], [ 112.047621111111113, 21.972966666666665 ], [ 112.047621111111113, 22.263050505050501 ], [ 112.324333333333328, 22.263050505050501 ], [ 112.601045555555544, 22.263050505050501 ], [ 112.601045555555544, 21.972966666666665 ], [ 112.601045555555544, 21.682882828282828 ], [ 112.324333333333328, 21.682882828282828 ] ] ], [ [ [ 112.047621111111098, 21.972966666666665 ], [ 112.047621111111098, 21.682882828282828 ], [ 111.770908888888883, 21.682882828282828 ], [ 111.770908888888883, 21.972966666666665 ], [ 111.494196666666667, 21.972966666666665 ], [ 111.494196666666667, 22.263050505050501 ], [ 111.770908888888883, 22.263050505050501 ], [ 112.047621111111098, 22.263050505050501 ], [ 112.047621111111098, 21.972966666666665 ] ] ], [ [ [ 113.431182222222219, 22.263050505050501 ], [ 113.707894444444435, 22.263050505050501 ], [ 113.98460666666665, 22.263050505050501 ], [ 113.98460666666665, 21.972966666666665 ], [ 113.98460666666665, 21.682882828282828 ], [ 113.707894444444435, 21.682882828282828 ], [ 113.431182222222219, 21.682882828282828 ], [ 113.15447, 21.682882828282828 ], [ 113.15447, 21.972966666666665 ], [ 113.15447, 22.263050505050501 ], [ 113.431182222222219, 22.263050505050501 ] ] ], [ [ [ 112.324333333333328, 22.263050505050504 ], [ 112.047621111111113, 22.263050505050504 ], [ 112.047621111111113, 22.553134343434341 ], [ 112.047621111111113, 22.843218181818177 ], [ 112.324333333333328, 22.843218181818177 ], [ 112.601045555555544, 22.843218181818177 ], [ 112.601045555555544, 22.553134343434341 ], [ 112.601045555555544, 22.263050505050504 ], [ 112.324333333333328, 22.263050505050504 ] ] ], [ [ [ 111.770908888888883, 22.263050505050504 ], [ 111.494196666666667, 22.263050505050504 ], [ 111.494196666666667, 22.553134343434341 ], [ 111.494196666666667, 22.843218181818177 ], [ 111.770908888888883, 22.843218181818177 ], [ 112.047621111111098, 22.843218181818177 ], [ 112.047621111111098, 22.553134343434341 ], [ 112.047621111111098, 22.263050505050504 ], [ 111.770908888888883, 22.263050505050504 ] ] ], [ [ [ 112.877757777777774, 22.263050505050504 ], [ 112.601045555555558, 22.263050505050504 ], [ 112.601045555555558, 22.553134343434341 ], [ 112.601045555555558, 22.843218181818177 ], [ 112.877757777777774, 22.843218181818177 ], [ 113.15447, 22.843218181818177 ], [ 113.15447, 22.553134343434341 ], [ 113.15447, 22.263050505050504 ], [ 112.877757777777774, 22.263050505050504 ] ] ], [ [ [ 113.15447, 22.843218181818177 ], [ 113.431182222222219, 22.843218181818177 ], [ 113.707894444444435, 22.843218181818177 ], [ 113.98460666666665, 22.843218181818177 ], [ 113.98460666666665, 22.553134343434341 ], [ 113.98460666666665, 22.263050505050504 ], [ 113.707894444444435, 22.263050505050504 ], [ 113.431182222222219, 22.263050505050504 ], [ 113.15447, 22.263050505050504 ], [ 113.15447, 22.553134343434341 ], [ 113.15447, 22.843218181818177 ] ] ], [ [ [ 113.15447, 23.133302020202017 ], [ 113.15447, 22.84321818181818 ], [ 112.877757777777774, 22.84321818181818 ], [ 112.601045555555558, 22.84321818181818 ], [ 112.601045555555558, 23.133302020202017 ], [ 112.877757777777774, 23.133302020202017 ], [ 113.15447, 23.133302020202017 ] ] ], [ [ [ 112.324333333333328, 22.84321818181818 ], [ 112.047621111111113, 22.84321818181818 ], [ 112.047621111111113, 23.133302020202017 ], [ 112.324333333333328, 23.133302020202017 ], [ 112.601045555555544, 23.133302020202017 ], [ 112.601045555555544, 22.84321818181818 ], [ 112.324333333333328, 22.84321818181818 ] ] ], [ [ [ 111.494196666666667, 23.133302020202017 ], [ 111.770908888888883, 23.133302020202017 ], [ 112.047621111111098, 23.133302020202017 ], [ 112.047621111111098, 22.84321818181818 ], [ 111.770908888888883, 22.84321818181818 ], [ 111.494196666666667, 22.84321818181818 ], [ 111.494196666666667, 23.133302020202017 ] ] ], [ [ [ 113.707894444444435, 23.133302020202017 ], [ 113.98460666666665, 23.133302020202017 ], [ 113.98460666666665, 22.84321818181818 ], [ 113.707894444444435, 22.84321818181818 ], [ 113.431182222222219, 22.84321818181818 ], [ 113.15447, 22.84321818181818 ], [ 113.15447, 23.133302020202017 ], [ 113.431182222222219, 23.133302020202017 ], [ 113.707894444444435, 23.133302020202017 ] ] ], [ [ [ 111.770908888888883, 23.13330202020202 ], [ 111.770908888888883, 23.423385858585856 ], [ 111.770908888888883, 23.713469696969693 ], [ 112.047621111111098, 23.713469696969693 ], [ 112.047621111111098, 23.423385858585856 ], [ 112.047621111111098, 23.13330202020202 ], [ 111.770908888888883, 23.13330202020202 ] ] ], [ [ [ 113.15447, 23.13330202020202 ], [ 112.877757777777774, 23.13330202020202 ], [ 112.601045555555558, 23.13330202020202 ], [ 112.601045555555558, 23.423385858585856 ], [ 112.601045555555558, 23.713469696969693 ], [ 112.877757777777774, 23.713469696969693 ], [ 113.15447, 23.713469696969693 ], [ 113.15447, 23.423385858585856 ], [ 113.15447, 23.13330202020202 ] ] ], [ [ [ 112.047621111111113, 23.423385858585856 ], [ 112.047621111111113, 23.713469696969693 ], [ 112.324333333333328, 23.713469696969693 ], [ 112.601045555555544, 23.713469696969693 ], [ 112.601045555555544, 23.423385858585856 ], [ 112.601045555555544, 23.13330202020202 ], [ 112.324333333333328, 23.13330202020202 ], [ 112.047621111111113, 23.13330202020202 ], [ 112.047621111111113, 23.423385858585856 ] ] ], [ [ [ 113.98460666666665, 23.423385858585856 ], [ 113.98460666666665, 23.13330202020202 ], [ 113.707894444444435, 23.13330202020202 ], [ 113.431182222222219, 23.13330202020202 ], [ 113.15447, 23.13330202020202 ], [ 113.15447, 23.423385858585856 ], [ 113.15447, 23.713469696969693 ], [ 113.431182222222219, 23.713469696969693 ], [ 113.707894444444435, 23.713469696969693 ], [ 113.98460666666665, 23.713469696969693 ], [ 113.98460666666665, 23.423385858585856 ] ] ], [ [ [ 112.877757777777774, 24.293637373737369 ], [ 113.15447, 24.293637373737369 ], [ 113.15447, 24.003553535353532 ], [ 113.15447, 23.713469696969696 ], [ 112.877757777777774, 23.713469696969696 ], [ 112.601045555555558, 23.713469696969696 ], [ 112.601045555555558, 24.003553535353532 ], [ 112.601045555555558, 24.293637373737369 ], [ 112.877757777777774, 24.293637373737369 ] ] ], [ [ [ 112.601045555555544, 23.713469696969696 ], [ 112.324333333333328, 23.713469696969696 ], [ 112.047621111111113, 23.713469696969696 ], [ 112.047621111111113, 24.003553535353532 ], [ 112.324333333333328, 24.003553535353532 ], [ 112.324333333333328, 24.293637373737369 ], [ 112.601045555555544, 24.293637373737369 ], [ 112.601045555555544, 24.003553535353532 ], [ 112.601045555555544, 23.713469696969696 ] ] ], [ [ [ 113.431182222222219, 24.293637373737369 ], [ 113.707894444444435, 24.293637373737369 ], [ 113.98460666666665, 24.293637373737369 ], [ 113.98460666666665, 24.003553535353532 ], [ 113.98460666666665, 23.713469696969696 ], [ 113.707894444444435, 23.713469696969696 ], [ 113.431182222222219, 23.713469696969696 ], [ 113.15447, 23.713469696969696 ], [ 113.15447, 24.003553535353532 ], [ 113.15447, 24.293637373737369 ], [ 113.431182222222219, 24.293637373737369 ] ] ], [ [ [ 113.707894444444435, 24.583721212121208 ], [ 113.98460666666665, 24.583721212121208 ], [ 113.98460666666665, 24.293637373737372 ], [ 113.707894444444435, 24.293637373737372 ], [ 113.431182222222219, 24.293637373737372 ], [ 113.15447, 24.293637373737372 ], [ 113.15447, 24.583721212121208 ], [ 113.431182222222219, 24.583721212121208 ], [ 113.707894444444435, 24.583721212121208 ] ] ], [ [ [ 113.15447, 24.293637373737372 ], [ 112.877757777777774, 24.293637373737372 ], [ 112.601045555555558, 24.293637373737372 ], [ 112.601045555555558, 24.583721212121208 ], [ 112.877757777777774, 24.583721212121208 ], [ 113.15447, 24.583721212121208 ], [ 113.15447, 24.293637373737372 ] ] ], [ [ [ 115.091455555555541, 3.407601010101009 ], [ 114.814743333333325, 3.407601010101009 ], [ 114.53803111111111, 3.407601010101009 ], [ 114.53803111111111, 3.697684848484847 ], [ 114.814743333333325, 3.697684848484847 ], [ 115.091455555555541, 3.697684848484847 ], [ 115.091455555555541, 3.407601010101009 ] ] ], [ [ [ 115.091455555555541, 4.567936363636362 ], [ 115.091455555555541, 4.277852525252524 ], [ 115.091455555555541, 3.987768686868686 ], [ 115.091455555555541, 3.697684848484848 ], [ 114.814743333333325, 3.697684848484848 ], [ 114.53803111111111, 3.697684848484848 ], [ 114.53803111111111, 3.987768686868686 ], [ 114.53803111111111, 4.277852525252524 ], [ 114.261318888888894, 4.277852525252524 ], [ 114.261318888888894, 4.567936363636362 ], [ 114.53803111111111, 4.567936363636362 ], [ 114.814743333333325, 4.567936363636362 ], [ 115.091455555555541, 4.567936363636362 ] ] ], [ [ [ 114.814743333333325, 5.438187878787877 ], [ 115.091455555555541, 5.438187878787877 ], [ 115.091455555555541, 5.148104040404039 ], [ 115.091455555555541, 4.858020202020201 ], [ 115.091455555555541, 4.567936363636363 ], [ 114.814743333333325, 4.567936363636363 ], [ 114.53803111111111, 4.567936363636363 ], [ 114.261318888888894, 4.567936363636363 ], [ 114.261318888888894, 4.858020202020201 ], [ 114.261318888888894, 5.148104040404039 ], [ 114.261318888888894, 5.438187878787877 ], [ 114.53803111111111, 5.438187878787877 ], [ 114.814743333333325, 5.438187878787877 ] ] ], [ [ [ 114.261318888888894, 6.59852323232323 ], [ 114.53803111111111, 6.59852323232323 ], [ 114.814743333333325, 6.59852323232323 ], [ 115.091455555555541, 6.59852323232323 ], [ 115.091455555555541, 6.308439393939392 ], [ 115.091455555555541, 6.018355555555554 ], [ 115.091455555555541, 5.728271717171716 ], [ 115.091455555555541, 5.438187878787878 ], [ 114.814743333333325, 5.438187878787878 ], [ 114.53803111111111, 5.438187878787878 ], [ 114.261318888888894, 5.438187878787878 ], [ 114.261318888888894, 5.728271717171716 ], [ 114.261318888888894, 6.018355555555554 ], [ 114.261318888888894, 6.308439393939392 ], [ 114.261318888888894, 6.59852323232323 ] ] ], [ [ [ 115.091455555555541, 6.598523232323232 ], [ 114.814743333333325, 6.598523232323232 ], [ 114.53803111111111, 6.598523232323232 ], [ 114.53803111111111, 6.88860707070707 ], [ 114.53803111111111, 7.178690909090908 ], [ 114.814743333333325, 7.178690909090908 ], [ 114.814743333333325, 7.468774747474746 ], [ 115.091455555555541, 7.468774747474746 ], [ 115.091455555555541, 7.178690909090908 ], [ 115.091455555555541, 6.88860707070707 ], [ 115.091455555555541, 6.598523232323232 ] ] ], [ [ [ 115.091455555555541, 20.812631313131309 ], [ 115.091455555555541, 20.522547474747473 ], [ 114.814743333333325, 20.522547474747473 ], [ 114.814743333333325, 20.232463636363637 ], [ 114.53803111111111, 20.232463636363637 ], [ 114.261318888888894, 20.232463636363637 ], [ 114.261318888888894, 20.522547474747473 ], [ 114.261318888888894, 20.812631313131309 ], [ 114.53803111111111, 20.812631313131309 ], [ 114.814743333333325, 20.812631313131309 ], [ 115.091455555555541, 20.812631313131309 ] ] ], [ [ [ 113.984606666666664, 20.232463636363637 ], [ 113.984606666666664, 20.522547474747473 ], [ 113.984606666666664, 20.812631313131309 ], [ 114.26131888888888, 20.812631313131309 ], [ 114.26131888888888, 20.522547474747473 ], [ 114.26131888888888, 20.232463636363637 ], [ 113.984606666666664, 20.232463636363637 ] ] ], [ [ [ 114.814743333333325, 20.812631313131313 ], [ 114.53803111111111, 20.812631313131313 ], [ 114.261318888888894, 20.812631313131313 ], [ 114.261318888888894, 21.102715151515149 ], [ 114.53803111111111, 21.102715151515149 ], [ 114.814743333333325, 21.102715151515149 ], [ 115.091455555555541, 21.102715151515149 ], [ 115.091455555555541, 20.812631313131313 ], [ 114.814743333333325, 20.812631313131313 ] ] ], [ [ [ 114.26131888888888, 21.102715151515149 ], [ 114.26131888888888, 20.812631313131313 ], [ 113.984606666666664, 20.812631313131313 ], [ 113.984606666666664, 21.102715151515149 ], [ 114.26131888888888, 21.102715151515149 ] ] ], [ [ [ 115.091455555555541, 21.102715151515152 ], [ 114.814743333333325, 21.102715151515152 ], [ 114.53803111111111, 21.102715151515152 ], [ 114.261318888888894, 21.102715151515152 ], [ 114.261318888888894, 21.392798989898989 ], [ 114.261318888888894, 21.682882828282825 ], [ 114.53803111111111, 21.682882828282825 ], [ 114.814743333333325, 21.682882828282825 ], [ 115.091455555555541, 21.682882828282825 ], [ 115.091455555555541, 21.392798989898989 ], [ 115.091455555555541, 21.102715151515152 ] ] ], [ [ [ 113.984606666666664, 21.102715151515152 ], [ 113.984606666666664, 21.392798989898989 ], [ 113.984606666666664, 21.682882828282825 ], [ 114.26131888888888, 21.682882828282825 ], [ 114.26131888888888, 21.392798989898989 ], [ 114.26131888888888, 21.102715151515152 ], [ 113.984606666666664, 21.102715151515152 ] ] ], [ [ [ 113.984606666666664, 22.263050505050501 ], [ 114.26131888888888, 22.263050505050501 ], [ 114.26131888888888, 21.972966666666665 ], [ 114.26131888888888, 21.682882828282828 ], [ 113.984606666666664, 21.682882828282828 ], [ 113.984606666666664, 21.972966666666665 ], [ 113.984606666666664, 22.263050505050501 ] ] ], [ [ [ 114.261318888888894, 22.263050505050501 ], [ 114.53803111111111, 22.263050505050501 ], [ 114.814743333333325, 22.263050505050501 ], [ 115.091455555555541, 22.263050505050501 ], [ 115.091455555555541, 21.972966666666665 ], [ 115.091455555555541, 21.682882828282828 ], [ 114.814743333333325, 21.682882828282828 ], [ 114.53803111111111, 21.682882828282828 ], [ 114.261318888888894, 21.682882828282828 ], [ 114.261318888888894, 21.972966666666665 ], [ 114.261318888888894, 22.263050505050501 ] ] ], [ [ [ 113.984606666666664, 22.263050505050504 ], [ 113.984606666666664, 22.553134343434341 ], [ 113.984606666666664, 22.843218181818177 ], [ 114.26131888888888, 22.843218181818177 ], [ 114.26131888888888, 22.553134343434341 ], [ 114.26131888888888, 22.263050505050504 ], [ 113.984606666666664, 22.263050505050504 ] ] ], [ [ [ 114.814743333333325, 22.843218181818177 ], [ 115.091455555555541, 22.843218181818177 ], [ 115.091455555555541, 22.553134343434341 ], [ 115.091455555555541, 22.263050505050504 ], [ 114.814743333333325, 22.263050505050504 ], [ 114.53803111111111, 22.263050505050504 ], [ 114.261318888888894, 22.263050505050504 ], [ 114.261318888888894, 22.553134343434341 ], [ 114.261318888888894, 22.843218181818177 ], [ 114.53803111111111, 22.843218181818177 ], [ 114.814743333333325, 22.843218181818177 ] ] ], [ [ [ 114.814743333333325, 23.133302020202017 ], [ 115.091455555555541, 23.133302020202017 ], [ 115.091455555555541, 22.84321818181818 ], [ 114.814743333333325, 22.84321818181818 ], [ 114.53803111111111, 22.84321818181818 ], [ 114.261318888888894, 22.84321818181818 ], [ 114.261318888888894, 23.133302020202017 ], [ 114.53803111111111, 23.133302020202017 ], [ 114.814743333333325, 23.133302020202017 ] ] ], [ [ [ 114.26131888888888, 23.133302020202017 ], [ 114.26131888888888, 22.84321818181818 ], [ 113.984606666666664, 22.84321818181818 ], [ 113.984606666666664, 23.133302020202017 ], [ 114.26131888888888, 23.133302020202017 ] ] ], [ [ [ 115.091455555555541, 23.713469696969693 ], [ 115.091455555555541, 23.423385858585856 ], [ 115.091455555555541, 23.13330202020202 ], [ 114.814743333333325, 23.13330202020202 ], [ 114.53803111111111, 23.13330202020202 ], [ 114.261318888888894, 23.13330202020202 ], [ 114.261318888888894, 23.423385858585856 ], [ 114.261318888888894, 23.713469696969693 ], [ 114.53803111111111, 23.713469696969693 ], [ 114.814743333333325, 23.713469696969693 ], [ 115.091455555555541, 23.713469696969693 ] ] ], [ [ [ 113.984606666666664, 23.13330202020202 ], [ 113.984606666666664, 23.423385858585856 ], [ 113.984606666666664, 23.713469696969693 ], [ 114.26131888888888, 23.713469696969693 ], [ 114.26131888888888, 23.423385858585856 ], [ 114.26131888888888, 23.13330202020202 ], [ 113.984606666666664, 23.13330202020202 ] ] ], [ [ [ 114.261318888888894, 24.293637373737369 ], [ 114.53803111111111, 24.293637373737369 ], [ 114.814743333333325, 24.293637373737369 ], [ 115.091455555555541, 24.293637373737369 ], [ 115.091455555555541, 24.003553535353532 ], [ 115.091455555555541, 23.713469696969696 ], [ 114.814743333333325, 23.713469696969696 ], [ 114.53803111111111, 23.713469696969696 ], [ 114.261318888888894, 23.713469696969696 ], [ 114.261318888888894, 24.003553535353532 ], [ 114.261318888888894, 24.293637373737369 ] ] ], [ [ [ 114.26131888888888, 24.293637373737369 ], [ 114.26131888888888, 24.003553535353532 ], [ 114.26131888888888, 23.713469696969696 ], [ 113.984606666666664, 23.713469696969696 ], [ 113.984606666666664, 24.003553535353532 ], [ 113.984606666666664, 24.293637373737369 ], [ 114.26131888888888, 24.293637373737369 ] ] ], [ [ [ 114.53803111111111, 24.583721212121208 ], [ 114.53803111111111, 24.293637373737372 ], [ 114.261318888888894, 24.293637373737372 ], [ 114.261318888888894, 24.583721212121208 ], [ 114.53803111111111, 24.583721212121208 ] ] ], [ [ [ 113.984606666666664, 24.583721212121208 ], [ 114.26131888888888, 24.583721212121208 ], [ 114.26131888888888, 24.293637373737372 ], [ 113.984606666666664, 24.293637373737372 ], [ 113.984606666666664, 24.583721212121208 ] ] ], [ [ [ 116.198304444444446, 3.407601010101009 ], [ 116.198304444444446, 3.697684848484847 ], [ 116.475016666666662, 3.697684848484847 ], [ 116.751728888888877, 3.697684848484847 ], [ 116.751728888888877, 3.407601010101009 ], [ 116.475016666666662, 3.407601010101009 ], [ 116.475016666666662, 3.117517171717171 ], [ 116.198304444444446, 3.117517171717171 ], [ 116.198304444444446, 3.407601010101009 ] ] ], [ [ [ 116.198304444444432, 3.697684848484847 ], [ 116.198304444444432, 3.407601010101009 ], [ 116.198304444444432, 3.117517171717171 ], [ 115.921592222222216, 3.117517171717171 ], [ 115.64488, 3.117517171717171 ], [ 115.64488, 3.407601010101009 ], [ 115.64488, 3.697684848484847 ], [ 115.921592222222216, 3.697684848484847 ], [ 116.198304444444432, 3.697684848484847 ] ] ], [ [ [ 115.64488, 3.407601010101009 ], [ 115.64488, 3.117517171717171 ], [ 115.368167777777771, 3.117517171717171 ], [ 115.091455555555555, 3.117517171717171 ], [ 115.091455555555555, 3.407601010101009 ], [ 115.091455555555555, 3.697684848484847 ], [ 115.368167777777771, 3.697684848484847 ], [ 115.64488, 3.697684848484847 ], [ 115.64488, 3.407601010101009 ] ] ], [ [ [ 116.198304444444432, 4.277852525252524 ], [ 116.198304444444432, 3.987768686868686 ], [ 116.198304444444432, 3.697684848484848 ], [ 115.921592222222216, 3.697684848484848 ], [ 115.64488, 3.697684848484848 ], [ 115.64488, 3.987768686868686 ], [ 115.64488, 4.277852525252524 ], [ 115.64488, 4.567936363636362 ], [ 115.921592222222216, 4.567936363636362 ], [ 116.198304444444432, 4.567936363636362 ], [ 116.198304444444432, 4.277852525252524 ] ] ], [ [ [ 115.64488, 4.567936363636362 ], [ 115.64488, 4.277852525252524 ], [ 115.64488, 3.987768686868686 ], [ 115.64488, 3.697684848484848 ], [ 115.368167777777771, 3.697684848484848 ], [ 115.091455555555555, 3.697684848484848 ], [ 115.091455555555555, 3.987768686868686 ], [ 115.091455555555555, 4.277852525252524 ], [ 115.091455555555555, 4.567936363636362 ], [ 115.368167777777771, 4.567936363636362 ], [ 115.64488, 4.567936363636362 ] ] ], [ [ [ 116.751728888888877, 4.277852525252524 ], [ 116.751728888888877, 3.987768686868686 ], [ 116.751728888888877, 3.697684848484848 ], [ 116.475016666666662, 3.697684848484848 ], [ 116.198304444444446, 3.697684848484848 ], [ 116.198304444444446, 3.987768686868686 ], [ 116.198304444444446, 4.277852525252524 ], [ 116.198304444444446, 4.567936363636362 ], [ 116.475016666666662, 4.567936363636362 ], [ 116.751728888888877, 4.567936363636362 ], [ 116.751728888888877, 4.277852525252524 ] ] ], [ [ [ 115.64488, 5.148104040404039 ], [ 115.64488, 4.858020202020201 ], [ 115.64488, 4.567936363636363 ], [ 115.368167777777771, 4.567936363636363 ], [ 115.091455555555555, 4.567936363636363 ], [ 115.091455555555555, 4.858020202020201 ], [ 115.091455555555555, 5.148104040404039 ], [ 115.091455555555555, 5.438187878787877 ], [ 115.368167777777771, 5.438187878787877 ], [ 115.64488, 5.438187878787877 ], [ 115.64488, 5.148104040404039 ] ] ], [ [ [ 115.921592222222216, 5.438187878787877 ], [ 116.198304444444432, 5.438187878787877 ], [ 116.198304444444432, 5.148104040404039 ], [ 116.198304444444432, 4.858020202020201 ], [ 116.198304444444432, 4.567936363636363 ], [ 115.921592222222216, 4.567936363636363 ], [ 115.64488, 4.567936363636363 ], [ 115.64488, 4.858020202020201 ], [ 115.64488, 5.148104040404039 ], [ 115.64488, 5.438187878787877 ], [ 115.921592222222216, 5.438187878787877 ] ] ], [ [ [ 116.475016666666662, 5.438187878787877 ], [ 116.751728888888877, 5.438187878787877 ], [ 116.751728888888877, 5.148104040404039 ], [ 116.751728888888877, 4.858020202020201 ], [ 116.751728888888877, 4.567936363636363 ], [ 116.475016666666662, 4.567936363636363 ], [ 116.198304444444446, 4.567936363636363 ], [ 116.198304444444446, 4.858020202020201 ], [ 116.198304444444446, 5.148104040404039 ], [ 116.198304444444446, 5.438187878787877 ], [ 116.475016666666662, 5.438187878787877 ] ] ], [ [ [ 115.091455555555555, 5.438187878787878 ], [ 115.091455555555555, 5.728271717171716 ], [ 115.091455555555555, 6.018355555555554 ], [ 115.091455555555555, 6.308439393939392 ], [ 115.091455555555555, 6.59852323232323 ], [ 115.368167777777771, 6.59852323232323 ], [ 115.64488, 6.59852323232323 ], [ 115.64488, 6.308439393939392 ], [ 115.64488, 6.018355555555554 ], [ 115.64488, 5.728271717171716 ], [ 115.64488, 5.438187878787878 ], [ 115.368167777777771, 5.438187878787878 ], [ 115.091455555555555, 5.438187878787878 ] ] ], [ [ [ 115.64488, 5.728271717171716 ], [ 115.64488, 6.018355555555554 ], [ 115.64488, 6.308439393939392 ], [ 115.64488, 6.59852323232323 ], [ 115.921592222222216, 6.59852323232323 ], [ 116.198304444444432, 6.59852323232323 ], [ 116.198304444444432, 6.308439393939392 ], [ 116.198304444444432, 6.018355555555554 ], [ 116.198304444444432, 5.728271717171716 ], [ 116.198304444444432, 5.438187878787878 ], [ 115.921592222222216, 5.438187878787878 ], [ 115.64488, 5.438187878787878 ], [ 115.64488, 5.728271717171716 ] ] ], [ [ [ 116.751728888888877, 6.308439393939392 ], [ 116.751728888888877, 6.018355555555554 ], [ 116.751728888888877, 5.728271717171716 ], [ 116.751728888888877, 5.438187878787878 ], [ 116.475016666666662, 5.438187878787878 ], [ 116.198304444444446, 5.438187878787878 ], [ 116.198304444444446, 5.728271717171716 ], [ 116.198304444444446, 6.018355555555554 ], [ 116.198304444444446, 6.308439393939392 ], [ 116.198304444444446, 6.59852323232323 ], [ 116.475016666666662, 6.59852323232323 ], [ 116.751728888888877, 6.59852323232323 ], [ 116.751728888888877, 6.308439393939392 ] ] ], [ [ [ 115.921592222222216, 7.758858585858584 ], [ 115.921592222222216, 8.048942424242423 ], [ 116.198304444444432, 8.048942424242423 ], [ 116.198304444444432, 7.758858585858584 ], [ 116.198304444444432, 7.468774747474746 ], [ 116.198304444444432, 7.178690909090908 ], [ 116.198304444444432, 6.88860707070707 ], [ 116.198304444444432, 6.598523232323232 ], [ 115.921592222222216, 6.598523232323232 ], [ 115.64488, 6.598523232323232 ], [ 115.64488, 6.88860707070707 ], [ 115.64488, 7.178690909090908 ], [ 115.64488, 7.468774747474746 ], [ 115.64488, 7.758858585858584 ], [ 115.921592222222216, 7.758858585858584 ] ] ], [ [ [ 115.091455555555555, 7.178690909090908 ], [ 115.091455555555555, 7.468774747474746 ], [ 115.091455555555555, 7.758858585858584 ], [ 115.368167777777771, 7.758858585858584 ], [ 115.64488, 7.758858585858584 ], [ 115.64488, 7.468774747474746 ], [ 115.64488, 7.178690909090908 ], [ 115.64488, 6.88860707070707 ], [ 115.64488, 6.598523232323232 ], [ 115.368167777777771, 6.598523232323232 ], [ 115.091455555555555, 6.598523232323232 ], [ 115.091455555555555, 6.88860707070707 ], [ 115.091455555555555, 7.178690909090908 ] ] ], [ [ [ 116.475016666666662, 8.048942424242423 ], [ 116.751728888888877, 8.048942424242423 ], [ 116.751728888888877, 7.758858585858584 ], [ 116.751728888888877, 7.468774747474746 ], [ 116.751728888888877, 7.178690909090908 ], [ 116.751728888888877, 6.88860707070707 ], [ 116.751728888888877, 6.598523232323232 ], [ 116.475016666666662, 6.598523232323232 ], [ 116.198304444444446, 6.598523232323232 ], [ 116.198304444444446, 6.88860707070707 ], [ 116.198304444444446, 7.178690909090908 ], [ 116.198304444444446, 7.468774747474746 ], [ 116.198304444444446, 7.758858585858584 ], [ 116.198304444444446, 8.048942424242423 ], [ 116.475016666666662, 8.048942424242423 ] ] ], [ [ [ 115.368167777777771, 20.812631313131309 ], [ 115.368167777777771, 20.522547474747473 ], [ 115.091455555555555, 20.522547474747473 ], [ 115.091455555555555, 20.812631313131309 ], [ 115.368167777777771, 20.812631313131309 ] ] ], [ [ [ 115.921592222222216, 21.102715151515149 ], [ 115.921592222222216, 20.812631313131313 ], [ 115.64488, 20.812631313131313 ], [ 115.64488, 21.102715151515149 ], [ 115.921592222222216, 21.102715151515149 ] ] ], [ [ [ 115.091455555555555, 20.812631313131313 ], [ 115.091455555555555, 21.102715151515149 ], [ 115.368167777777771, 21.102715151515149 ], [ 115.64488, 21.102715151515149 ], [ 115.64488, 20.812631313131313 ], [ 115.368167777777771, 20.812631313131313 ], [ 115.091455555555555, 20.812631313131313 ] ] ], [ [ [ 115.091455555555555, 21.682882828282825 ], [ 115.368167777777771, 21.682882828282825 ], [ 115.64488, 21.682882828282825 ], [ 115.64488, 21.392798989898989 ], [ 115.64488, 21.102715151515152 ], [ 115.368167777777771, 21.102715151515152 ], [ 115.091455555555555, 21.102715151515152 ], [ 115.091455555555555, 21.392798989898989 ], [ 115.091455555555555, 21.682882828282825 ] ] ], [ [ [ 115.921592222222216, 21.682882828282825 ], [ 116.198304444444432, 21.682882828282825 ], [ 116.198304444444432, 21.392798989898989 ], [ 115.921592222222216, 21.392798989898989 ], [ 115.921592222222216, 21.102715151515152 ], [ 115.64488, 21.102715151515152 ], [ 115.64488, 21.392798989898989 ], [ 115.64488, 21.682882828282825 ], [ 115.921592222222216, 21.682882828282825 ] ] ], [ [ [ 115.64488, 21.972966666666665 ], [ 115.64488, 21.682882828282828 ], [ 115.368167777777771, 21.682882828282828 ], [ 115.091455555555555, 21.682882828282828 ], [ 115.091455555555555, 21.972966666666665 ], [ 115.091455555555555, 22.263050505050501 ], [ 115.368167777777771, 22.263050505050501 ], [ 115.64488, 22.263050505050501 ], [ 115.64488, 21.972966666666665 ] ] ], [ [ [ 116.198304444444432, 21.972966666666665 ], [ 116.198304444444432, 21.682882828282828 ], [ 115.921592222222216, 21.682882828282828 ], [ 115.64488, 21.682882828282828 ], [ 115.64488, 21.972966666666665 ], [ 115.64488, 22.263050505050501 ], [ 115.921592222222216, 22.263050505050501 ], [ 116.198304444444432, 22.263050505050501 ], [ 116.198304444444432, 21.972966666666665 ] ] ], [ [ [ 115.368167777777771, 22.263050505050504 ], [ 115.091455555555555, 22.263050505050504 ], [ 115.091455555555555, 22.553134343434341 ], [ 115.091455555555555, 22.843218181818177 ], [ 115.368167777777771, 22.843218181818177 ], [ 115.64488, 22.843218181818177 ], [ 115.64488, 22.553134343434341 ], [ 115.64488, 22.263050505050504 ], [ 115.368167777777771, 22.263050505050504 ] ] ], [ [ [ 115.64488, 22.553134343434341 ], [ 115.64488, 22.843218181818177 ], [ 115.921592222222216, 22.843218181818177 ], [ 116.198304444444432, 22.843218181818177 ], [ 116.198304444444432, 22.553134343434341 ], [ 116.198304444444432, 22.263050505050504 ], [ 115.921592222222216, 22.263050505050504 ], [ 115.64488, 22.263050505050504 ], [ 115.64488, 22.553134343434341 ] ] ], [ [ [ 116.198304444444432, 23.133302020202017 ], [ 116.198304444444432, 22.84321818181818 ], [ 115.921592222222216, 22.84321818181818 ], [ 115.64488, 22.84321818181818 ], [ 115.64488, 23.133302020202017 ], [ 115.921592222222216, 23.133302020202017 ], [ 116.198304444444432, 23.133302020202017 ] ] ], [ [ [ 115.64488, 22.84321818181818 ], [ 115.368167777777771, 22.84321818181818 ], [ 115.091455555555555, 22.84321818181818 ], [ 115.091455555555555, 23.133302020202017 ], [ 115.368167777777771, 23.133302020202017 ], [ 115.64488, 23.133302020202017 ], [ 115.64488, 22.84321818181818 ] ] ], [ [ [ 115.64488, 23.713469696969693 ], [ 115.64488, 23.423385858585856 ], [ 115.64488, 23.13330202020202 ], [ 115.368167777777771, 23.13330202020202 ], [ 115.091455555555555, 23.13330202020202 ], [ 115.091455555555555, 23.423385858585856 ], [ 115.091455555555555, 23.713469696969693 ], [ 115.368167777777771, 23.713469696969693 ], [ 115.64488, 23.713469696969693 ] ] ], [ [ [ 115.921592222222216, 23.713469696969693 ], [ 115.921592222222216, 23.423385858585856 ], [ 115.921592222222216, 23.13330202020202 ], [ 115.64488, 23.13330202020202 ], [ 115.64488, 23.423385858585856 ], [ 115.64488, 23.713469696969693 ], [ 115.921592222222216, 23.713469696969693 ] ] ], [ [ [ 115.091455555555555, 24.003553535353532 ], [ 115.368167777777771, 24.003553535353532 ], [ 115.64488, 24.003553535353532 ], [ 115.64488, 23.713469696969696 ], [ 115.368167777777771, 23.713469696969696 ], [ 115.091455555555555, 23.713469696969696 ], [ 115.091455555555555, 24.003553535353532 ] ] ], [ [ [ 117.028441111111107, 3.697684848484847 ], [ 117.028441111111107, 3.407601010101009 ], [ 116.751728888888891, 3.407601010101009 ], [ 116.751728888888891, 3.697684848484847 ], [ 117.028441111111107, 3.697684848484847 ] ] ], [ [ [ 117.028441111111107, 4.567936363636362 ], [ 117.305153333333323, 4.567936363636362 ], [ 117.581865555555538, 4.567936363636362 ], [ 117.581865555555538, 4.277852525252524 ], [ 117.581865555555538, 3.987768686868686 ], [ 117.581865555555538, 3.697684848484848 ], [ 117.305153333333323, 3.697684848484848 ], [ 117.028441111111107, 3.697684848484848 ], [ 116.751728888888891, 3.697684848484848 ], [ 116.751728888888891, 3.987768686868686 ], [ 116.751728888888891, 4.277852525252524 ], [ 116.751728888888891, 4.567936363636362 ], [ 117.028441111111107, 4.567936363636362 ] ] ], [ [ [ 117.581865555555552, 3.987768686868686 ], [ 117.581865555555552, 4.277852525252524 ], [ 117.581865555555552, 4.567936363636362 ], [ 117.858577777777768, 4.567936363636362 ], [ 117.858577777777768, 4.277852525252524 ], [ 117.858577777777768, 3.987768686868686 ], [ 117.581865555555552, 3.987768686868686 ] ] ], [ [ [ 117.858577777777782, 4.277852525252524 ], [ 117.858577777777782, 4.567936363636362 ], [ 118.13529, 4.567936363636362 ], [ 118.412002222222213, 4.567936363636362 ], [ 118.688714444444429, 4.567936363636362 ], [ 118.688714444444429, 4.277852525252524 ], [ 118.412002222222213, 4.277852525252524 ], [ 118.13529, 4.277852525252524 ], [ 118.13529, 3.987768686868686 ], [ 117.858577777777782, 3.987768686868686 ], [ 117.858577777777782, 4.277852525252524 ] ] ], [ [ [ 117.858577777777782, 5.438187878787877 ], [ 118.13529, 5.438187878787877 ], [ 118.412002222222213, 5.438187878787877 ], [ 118.688714444444429, 5.438187878787877 ], [ 118.688714444444429, 5.148104040404039 ], [ 118.688714444444429, 4.858020202020201 ], [ 118.688714444444429, 4.567936363636363 ], [ 118.412002222222213, 4.567936363636363 ], [ 118.13529, 4.567936363636363 ], [ 117.858577777777782, 4.567936363636363 ], [ 117.858577777777782, 4.858020202020201 ], [ 117.858577777777782, 5.148104040404039 ], [ 117.858577777777782, 5.438187878787877 ] ] ], [ [ [ 116.751728888888891, 5.438187878787877 ], [ 117.028441111111107, 5.438187878787877 ], [ 117.305153333333323, 5.438187878787877 ], [ 117.581865555555538, 5.438187878787877 ], [ 117.581865555555538, 5.148104040404039 ], [ 117.581865555555538, 4.858020202020201 ], [ 117.581865555555538, 4.567936363636363 ], [ 117.305153333333323, 4.567936363636363 ], [ 117.028441111111107, 4.567936363636363 ], [ 116.751728888888891, 4.567936363636363 ], [ 116.751728888888891, 4.858020202020201 ], [ 116.751728888888891, 5.148104040404039 ], [ 116.751728888888891, 5.438187878787877 ] ] ], [ [ [ 119.242138888888874, 5.148104040404039 ], [ 118.965426666666659, 5.148104040404039 ], [ 118.965426666666659, 4.858020202020201 ], [ 118.965426666666659, 4.567936363636363 ], [ 118.688714444444443, 4.567936363636363 ], [ 118.688714444444443, 4.858020202020201 ], [ 118.688714444444443, 5.148104040404039 ], [ 118.688714444444443, 5.438187878787877 ], [ 118.965426666666659, 5.438187878787877 ], [ 119.242138888888874, 5.438187878787877 ], [ 119.242138888888874, 5.148104040404039 ] ] ], [ [ [ 117.858577777777768, 4.858020202020201 ], [ 117.858577777777768, 4.567936363636363 ], [ 117.581865555555552, 4.567936363636363 ], [ 117.581865555555552, 4.858020202020201 ], [ 117.581865555555552, 5.148104040404039 ], [ 117.581865555555552, 5.438187878787877 ], [ 117.858577777777768, 5.438187878787877 ], [ 117.858577777777768, 5.148104040404039 ], [ 117.858577777777768, 4.858020202020201 ] ] ], [ [ [ 117.028441111111107, 6.59852323232323 ], [ 117.305153333333323, 6.59852323232323 ], [ 117.581865555555538, 6.59852323232323 ], [ 117.581865555555538, 6.308439393939392 ], [ 117.581865555555538, 6.018355555555554 ], [ 117.581865555555538, 5.728271717171716 ], [ 117.581865555555538, 5.438187878787878 ], [ 117.305153333333323, 5.438187878787878 ], [ 117.028441111111107, 5.438187878787878 ], [ 116.751728888888891, 5.438187878787878 ], [ 116.751728888888891, 5.728271717171716 ], [ 116.751728888888891, 6.018355555555554 ], [ 116.751728888888891, 6.308439393939392 ], [ 116.751728888888891, 6.59852323232323 ], [ 117.028441111111107, 6.59852323232323 ] ] ], [ [ [ 117.858577777777782, 5.438187878787878 ], [ 117.858577777777782, 5.728271717171716 ], [ 117.858577777777782, 6.018355555555554 ], [ 117.858577777777782, 6.308439393939392 ], [ 117.858577777777782, 6.59852323232323 ], [ 118.13529, 6.59852323232323 ], [ 118.412002222222213, 6.59852323232323 ], [ 118.688714444444429, 6.59852323232323 ], [ 118.688714444444429, 6.308439393939392 ], [ 118.688714444444429, 6.018355555555554 ], [ 118.688714444444429, 5.728271717171716 ], [ 118.688714444444429, 5.438187878787878 ], [ 118.412002222222213, 5.438187878787878 ], [ 118.13529, 5.438187878787878 ], [ 117.858577777777782, 5.438187878787878 ] ] ], [ [ [ 118.965426666666659, 6.59852323232323 ], [ 118.965426666666659, 6.308439393939392 ], [ 118.965426666666659, 6.018355555555554 ], [ 119.242138888888874, 6.018355555555554 ], [ 119.242138888888874, 5.728271717171716 ], [ 119.242138888888874, 5.438187878787878 ], [ 118.965426666666659, 5.438187878787878 ], [ 118.688714444444443, 5.438187878787878 ], [ 118.688714444444443, 5.728271717171716 ], [ 118.688714444444443, 6.018355555555554 ], [ 118.688714444444443, 6.308439393939392 ], [ 118.688714444444443, 6.59852323232323 ], [ 118.965426666666659, 6.59852323232323 ] ] ], [ [ [ 117.581865555555552, 6.308439393939392 ], [ 117.581865555555552, 6.59852323232323 ], [ 117.858577777777768, 6.59852323232323 ], [ 117.858577777777768, 6.308439393939392 ], [ 117.858577777777768, 6.018355555555554 ], [ 117.858577777777768, 5.728271717171716 ], [ 117.858577777777768, 5.438187878787878 ], [ 117.581865555555552, 5.438187878787878 ], [ 117.581865555555552, 5.728271717171716 ], [ 117.581865555555552, 6.018355555555554 ], [ 117.581865555555552, 6.308439393939392 ] ] ], [ [ [ 116.751728888888891, 7.178690909090908 ], [ 116.751728888888891, 7.468774747474746 ], [ 116.751728888888891, 7.758858585858584 ], [ 116.751728888888891, 8.048942424242423 ], [ 117.028441111111107, 8.048942424242423 ], [ 117.305153333333323, 8.048942424242423 ], [ 117.305153333333323, 7.758858585858584 ], [ 117.581865555555538, 7.758858585858584 ], [ 117.581865555555538, 7.468774747474746 ], [ 117.581865555555538, 7.178690909090908 ], [ 117.581865555555538, 6.88860707070707 ], [ 117.581865555555538, 6.598523232323232 ], [ 117.305153333333323, 6.598523232323232 ], [ 117.028441111111107, 6.598523232323232 ], [ 116.751728888888891, 6.598523232323232 ], [ 116.751728888888891, 6.88860707070707 ], [ 116.751728888888891, 7.178690909090908 ] ] ], [ [ [ 118.13529, 7.468774747474746 ], [ 118.13529, 7.178690909090908 ], [ 118.412002222222213, 7.178690909090908 ], [ 118.412002222222213, 6.88860707070707 ], [ 118.688714444444429, 6.88860707070707 ], [ 118.688714444444429, 6.598523232323232 ], [ 118.412002222222213, 6.598523232323232 ], [ 118.13529, 6.598523232323232 ], [ 117.858577777777782, 6.598523232323232 ], [ 117.858577777777782, 6.88860707070707 ], [ 117.858577777777782, 7.178690909090908 ], [ 117.858577777777782, 7.468774747474746 ], [ 118.13529, 7.468774747474746 ] ] ], [ [ [ 117.858577777777768, 7.468774747474746 ], [ 117.858577777777768, 7.178690909090908 ], [ 117.858577777777768, 6.88860707070707 ], [ 117.858577777777768, 6.598523232323232 ], [ 117.581865555555552, 6.598523232323232 ], [ 117.581865555555552, 6.88860707070707 ], [ 117.581865555555552, 7.178690909090908 ], [ 117.581865555555552, 7.468774747474746 ], [ 117.581865555555552, 7.758858585858584 ], [ 117.858577777777768, 7.758858585858584 ], [ 117.858577777777768, 7.468774747474746 ] ] ] ] } },
{ "type": "Feature", "properties": { "month": 4, "species_sci": "Cyanoptila cyanomelana", "species_com": "Blue-and-white Flycatcher / Ōruri" }, "geometry": { "type": "MultiPolygon", "coordinates": [ [ [ [ 100.632460404040415, 12.607894646464644 ], [ 100.92622363636363, 12.607894646464644 ], [ 100.92622363636363, 12.297264242424241 ], [ 100.632460404040415, 12.297264242424241 ], [ 100.632460404040415, 12.607894646464644 ] ] ], [ [ [ 101.219986868686874, 12.607894646464644 ], [ 101.219986868686874, 12.297264242424241 ], [ 100.926223636363659, 12.297264242424241 ], [ 100.926223636363659, 12.607894646464644 ], [ 101.219986868686874, 12.607894646464644 ] ] ], [ [ [ 101.219986868686874, 12.91852505050505 ], [ 101.219986868686874, 12.607894646464647 ], [ 100.926223636363659, 12.607894646464647 ], [ 100.926223636363659, 12.91852505050505 ], [ 101.219986868686874, 12.91852505050505 ] ] ], [ [ [ 101.219986868686874, 13.229155454545452 ], [ 101.513750101010118, 13.229155454545452 ], [ 101.513750101010118, 12.91852505050505 ], [ 101.219986868686874, 12.91852505050505 ], [ 101.219986868686874, 13.229155454545452 ] ] ], [ [ [ 113.264279393939375, 21.305545959595957 ], [ 113.264279393939375, 20.994915555555554 ], [ 112.97051616161616, 20.994915555555554 ], [ 112.676752929292917, 20.994915555555554 ], [ 112.676752929292917, 21.305545959595957 ], [ 112.676752929292917, 21.61617636363636 ], [ 112.97051616161616, 21.61617636363636 ], [ 113.264279393939375, 21.61617636363636 ], [ 113.264279393939375, 21.305545959595957 ] ] ], [ [ [ 113.851805858585863, 21.305545959595957 ], [ 113.558042626262619, 21.305545959595957 ], [ 113.264279393939404, 21.305545959595957 ], [ 113.264279393939404, 21.61617636363636 ], [ 113.558042626262619, 21.61617636363636 ], [ 113.851805858585863, 21.61617636363636 ], [ 113.851805858585863, 21.305545959595957 ] ] ], [ [ [ 112.676752929292917, 21.616176363636363 ], [ 112.676752929292917, 21.926806767676766 ], [ 112.97051616161616, 21.926806767676766 ], [ 113.264279393939375, 21.926806767676766 ], [ 113.264279393939375, 21.616176363636363 ], [ 112.97051616161616, 21.616176363636363 ], [ 112.676752929292917, 21.616176363636363 ] ] ], [ [ [ 113.851805858585863, 21.616176363636363 ], [ 113.558042626262619, 21.616176363636363 ], [ 113.264279393939404, 21.616176363636363 ], [ 113.264279393939404, 21.926806767676766 ], [ 113.558042626262619, 21.926806767676766 ], [ 113.851805858585863, 21.926806767676766 ], [ 114.145569090909078, 21.926806767676766 ], [ 114.145569090909078, 21.616176363636363 ], [ 113.851805858585863, 21.616176363636363 ] ] ], [ [ [ 113.851805858585863, 23.16932838383838 ], [ 114.145569090909078, 23.16932838383838 ], [ 114.439332323232321, 23.16932838383838 ], [ 114.733095555555536, 23.16932838383838 ], [ 114.733095555555536, 22.858697979797977 ], [ 114.733095555555536, 22.548067575757575 ], [ 114.733095555555536, 22.237437171717172 ], [ 114.439332323232321, 22.237437171717172 ], [ 114.439332323232321, 21.926806767676769 ], [ 114.145569090909078, 21.926806767676769 ], [ 113.851805858585863, 21.926806767676769 ], [ 113.558042626262619, 21.926806767676769 ], [ 113.264279393939404, 21.926806767676769 ], [ 113.264279393939404, 22.237437171717172 ], [ 113.264279393939404, 22.548067575757575 ], [ 113.264279393939404, 22.858697979797977 ], [ 113.264279393939404, 23.16932838383838 ], [ 113.558042626262619, 23.16932838383838 ], [ 113.851805858585863, 23.16932838383838 ] ] ], [ [ [ 112.676752929292917, 22.858697979797977 ], [ 112.676752929292917, 23.16932838383838 ], [ 112.97051616161616, 23.16932838383838 ], [ 113.264279393939375, 23.16932838383838 ], [ 113.264279393939375, 22.858697979797977 ], [ 113.264279393939375, 22.548067575757575 ], [ 113.264279393939375, 22.237437171717172 ], [ 113.264279393939375, 21.926806767676769 ], [ 112.97051616161616, 21.926806767676769 ], [ 112.97051616161616, 22.237437171717172 ], [ 112.676752929292917, 22.237437171717172 ], [ 112.382989696969702, 22.237437171717172 ], [ 112.382989696969702, 22.548067575757575 ], [ 112.382989696969702, 22.858697979797977 ], [ 112.676752929292917, 22.858697979797977 ] ] ], [ [ [ 115.320622020202023, 22.858697979797977 ], [ 115.02685878787878, 22.858697979797977 ], [ 115.02685878787878, 22.548067575757575 ], [ 114.733095555555565, 22.548067575757575 ], [ 114.733095555555565, 22.858697979797977 ], [ 114.733095555555565, 23.16932838383838 ], [ 115.02685878787878, 23.16932838383838 ], [ 115.320622020202023, 23.16932838383838 ], [ 115.320622020202023, 22.858697979797977 ] ] ], [ [ [ 115.320622020202023, 23.169328383838383 ], [ 115.02685878787878, 23.169328383838383 ], [ 114.733095555555565, 23.169328383838383 ], [ 114.733095555555565, 23.479958787878786 ], [ 115.02685878787878, 23.479958787878786 ], [ 115.320622020202023, 23.479958787878786 ], [ 115.320622020202023, 23.169328383838383 ] ] ], [ [ [ 114.439332323232321, 23.169328383838383 ], [ 114.145569090909078, 23.169328383838383 ], [ 113.851805858585863, 23.169328383838383 ], [ 113.558042626262619, 23.169328383838383 ], [ 113.264279393939404, 23.169328383838383 ], [ 113.264279393939404, 23.479958787878786 ], [ 113.558042626262619, 23.479958787878786 ], [ 113.851805858585863, 23.479958787878786 ], [ 114.145569090909078, 23.479958787878786 ], [ 114.439332323232321, 23.479958787878786 ], [ 114.733095555555536, 23.479958787878786 ], [ 114.733095555555536, 23.169328383838383 ], [ 114.439332323232321, 23.169328383838383 ] ] ], [ [ [ 112.97051616161616, 23.479958787878786 ], [ 113.264279393939375, 23.479958787878786 ], [ 113.264279393939375, 23.169328383838383 ], [ 112.97051616161616, 23.169328383838383 ], [ 112.97051616161616, 23.479958787878786 ] ] ], [ [ [ 114.145569090909078, 23.47995878787879 ], [ 113.851805858585863, 23.47995878787879 ], [ 113.558042626262619, 23.47995878787879 ], [ 113.264279393939404, 23.47995878787879 ], [ 113.264279393939404, 23.790589191919192 ], [ 113.558042626262619, 23.790589191919192 ], [ 113.558042626262619, 24.101219595959595 ], [ 113.851805858585863, 24.101219595959595 ], [ 114.145569090909078, 24.101219595959595 ], [ 114.439332323232321, 24.101219595959595 ], [ 114.439332323232321, 23.790589191919192 ], [ 114.439332323232321, 23.47995878787879 ], [ 114.145569090909078, 23.47995878787879 ] ] ], [ [ [ 117.670727878787858, 23.790589191919192 ], [ 117.670727878787858, 23.47995878787879 ], [ 117.376964646464643, 23.47995878787879 ], [ 117.376964646464643, 23.790589191919192 ], [ 117.376964646464643, 24.101219595959595 ], [ 117.376964646464643, 24.41185 ], [ 117.670727878787858, 24.41185 ], [ 117.670727878787858, 24.101219595959595 ], [ 117.670727878787858, 23.790589191919192 ] ] ], [ [ [ 115.02685878787878, 23.790589191919192 ], [ 115.02685878787878, 23.47995878787879 ], [ 114.733095555555565, 23.47995878787879 ], [ 114.733095555555565, 23.790589191919192 ], [ 115.02685878787878, 23.790589191919192 ] ] ], [ [ [ 118.55201757575756, 24.7224804040404 ], [ 118.845780808080804, 24.7224804040404 ], [ 118.845780808080804, 24.41185 ], [ 118.55201757575756, 24.41185 ], [ 118.55201757575756, 24.101219595959595 ], [ 118.258254343434345, 24.101219595959595 ], [ 118.258254343434345, 23.790589191919192 ], [ 117.964491111111101, 23.790589191919192 ], [ 117.670727878787886, 23.790589191919192 ], [ 117.670727878787886, 24.101219595959595 ], [ 117.670727878787886, 24.41185 ], [ 117.670727878787886, 24.7224804040404 ], [ 117.964491111111101, 24.7224804040404 ], [ 118.258254343434345, 24.7224804040404 ], [ 118.55201757575756, 24.7224804040404 ] ] ], [ [ [ 118.55201757575756, 25.343741212121209 ], [ 118.845780808080804, 25.343741212121209 ], [ 119.139544040404019, 25.343741212121209 ], [ 119.139544040404019, 25.033110808080806 ], [ 119.139544040404019, 24.722480404040404 ], [ 118.845780808080804, 24.722480404040404 ], [ 118.55201757575756, 24.722480404040404 ], [ 118.258254343434345, 24.722480404040404 ], [ 117.964491111111101, 24.722480404040404 ], [ 117.964491111111101, 25.033110808080806 ], [ 118.258254343434345, 25.033110808080806 ], [ 118.258254343434345, 25.343741212121209 ], [ 118.55201757575756, 25.343741212121209 ] ] ], [ [ [ 120.020833737373721, 25.033110808080806 ], [ 119.727070505050506, 25.033110808080806 ], [ 119.433307272727262, 25.033110808080806 ], [ 119.433307272727262, 24.722480404040404 ], [ 119.139544040404047, 24.722480404040404 ], [ 119.139544040404047, 25.033110808080806 ], [ 119.139544040404047, 25.343741212121209 ], [ 119.433307272727262, 25.343741212121209 ], [ 119.727070505050506, 25.343741212121209 ], [ 120.020833737373721, 25.343741212121209 ], [ 120.020833737373721, 25.033110808080806 ] ] ], [ [ [ 119.139544040404019, 25.654371616161615 ], [ 119.139544040404019, 25.343741212121213 ], [ 118.845780808080804, 25.343741212121213 ], [ 118.845780808080804, 25.654371616161615 ], [ 119.139544040404019, 25.654371616161615 ] ] ], [ [ [ 119.139544040404047, 26.275632424242421 ], [ 119.433307272727262, 26.275632424242421 ], [ 119.727070505050506, 26.275632424242421 ], [ 120.020833737373721, 26.275632424242421 ], [ 120.314596969696964, 26.275632424242421 ], [ 120.608360202020179, 26.275632424242421 ], [ 120.608360202020179, 25.965002020202018 ], [ 120.608360202020179, 25.654371616161615 ], [ 120.608360202020179, 25.343741212121213 ], [ 120.314596969696964, 25.343741212121213 ], [ 120.020833737373721, 25.343741212121213 ], [ 119.727070505050506, 25.343741212121213 ], [ 119.433307272727262, 25.343741212121213 ], [ 119.139544040404047, 25.343741212121213 ], [ 119.139544040404047, 25.654371616161615 ], [ 119.139544040404047, 25.965002020202018 ], [ 119.139544040404047, 26.275632424242421 ] ] ], [ [ [ 120.020833737373721, 26.896893232323229 ], [ 120.314596969696964, 26.896893232323229 ], [ 120.608360202020179, 26.896893232323229 ], [ 120.608360202020179, 26.586262828282827 ], [ 120.608360202020179, 26.275632424242424 ], [ 120.314596969696964, 26.275632424242424 ], [ 120.020833737373721, 26.275632424242424 ], [ 119.727070505050506, 26.275632424242424 ], [ 119.433307272727262, 26.275632424242424 ], [ 119.433307272727262, 26.586262828282827 ], [ 119.727070505050506, 26.586262828282827 ], [ 119.727070505050506, 26.896893232323229 ], [ 120.020833737373721, 26.896893232323229 ] ] ], [ [ [ 120.608360202020179, 27.518154040404038 ], [ 120.608360202020179, 27.207523636363636 ], [ 120.608360202020179, 26.896893232323233 ], [ 120.314596969696964, 26.896893232323233 ], [ 120.020833737373721, 26.896893232323233 ], [ 120.020833737373721, 27.207523636363636 ], [ 120.314596969696964, 27.207523636363636 ], [ 120.314596969696964, 27.518154040404038 ], [ 120.608360202020179, 27.518154040404038 ] ] ], [ [ [ 120.608360202020179, 29.692566868686868 ], [ 120.608360202020179, 29.381936464646465 ], [ 120.314596969696964, 29.381936464646465 ], [ 120.020833737373721, 29.381936464646465 ], [ 119.727070505050506, 29.381936464646465 ], [ 119.433307272727262, 29.381936464646465 ], [ 119.433307272727262, 29.692566868686868 ], [ 119.433307272727262, 30.00319727272727 ], [ 119.727070505050506, 30.00319727272727 ], [ 120.020833737373721, 30.00319727272727 ], [ 120.314596969696964, 30.00319727272727 ], [ 120.608360202020179, 30.00319727272727 ], [ 120.608360202020179, 29.692566868686868 ] ] ], [ [ [ 120.020833737373721, 30.935088484848482 ], [ 120.314596969696964, 30.935088484848482 ], [ 120.608360202020179, 30.935088484848482 ], [ 120.608360202020179, 30.624458080808079 ], [ 120.608360202020179, 30.313827676767676 ], [ 120.608360202020179, 30.003197272727274 ], [ 120.314596969696964, 30.003197272727274 ], [ 120.020833737373721, 30.003197272727274 ], [ 119.727070505050506, 30.003197272727274 ], [ 119.433307272727262, 30.003197272727274 ], [ 119.433307272727262, 30.313827676767676 ], [ 119.727070505050506, 30.313827676767676 ], [ 119.727070505050506, 30.624458080808079 ], [ 120.020833737373721, 30.624458080808079 ], [ 120.020833737373721, 30.935088484848482 ] ] ], [ [ [ 120.314596969696964, 32.798870909090908 ], [ 120.608360202020179, 32.798870909090908 ], [ 120.608360202020179, 32.488240505050506 ], [ 120.608360202020179, 32.488240505050499 ], [ 120.608360202020179, 32.177610101010096 ], [ 120.314596969696964, 32.177610101010096 ], [ 120.020833737373721, 32.177610101010096 ], [ 120.020833737373721, 32.488240505050506 ], [ 120.314596969696964, 32.488240505050506 ], [ 120.314596969696964, 32.798870909090908 ] ] ], [ [ [ 120.608360202020179, 36.215805353535345 ], [ 120.608360202020179, 35.905174949494949 ], [ 120.314596969696964, 35.905174949494949 ], [ 120.314596969696964, 35.594544545454539 ], [ 120.020833737373721, 35.594544545454539 ], [ 120.020833737373721, 35.905174949494949 ], [ 120.020833737373721, 36.215805353535359 ], [ 120.314596969696964, 36.215805353535359 ], [ 120.314596969696964, 36.526435757575754 ], [ 120.608360202020179, 36.526435757575754 ], [ 120.608360202020179, 36.215805353535359 ], [ 120.608360202020179, 36.215805353535345 ] ] ], [ [ [ 121.489649898989882, 24.41185 ], [ 121.195886666666667, 24.41185 ], [ 120.902123434343423, 24.41185 ], [ 120.902123434343423, 24.101219595959595 ], [ 120.608360202020208, 24.101219595959595 ], [ 120.608360202020208, 24.41185 ], [ 120.608360202020208, 24.7224804040404 ], [ 120.902123434343423, 24.7224804040404 ], [ 121.195886666666667, 24.7224804040404 ], [ 121.489649898989882, 24.7224804040404 ], [ 121.489649898989882, 24.41185 ] ] ], [ [ [ 121.783413131313125, 24.722480404040404 ], [ 121.489649898989882, 24.722480404040404 ], [ 121.195886666666667, 24.722480404040404 ], [ 120.902123434343423, 24.722480404040404 ], [ 120.902123434343423, 25.033110808080806 ], [ 121.195886666666667, 25.033110808080806 ], [ 121.195886666666667, 25.343741212121209 ], [ 121.489649898989882, 25.343741212121209 ], [ 121.783413131313125, 25.343741212121209 ], [ 122.07717636363634, 25.343741212121209 ], [ 122.07717636363634, 25.033110808080806 ], [ 121.783413131313125, 25.033110808080806 ], [ 121.783413131313125, 24.722480404040404 ] ] ], [ [ [ 121.489649898989882, 25.654371616161615 ], [ 121.783413131313125, 25.654371616161615 ], [ 122.07717636363634, 25.654371616161615 ], [ 122.07717636363634, 25.343741212121213 ], [ 121.783413131313125, 25.343741212121213 ], [ 121.489649898989882, 25.343741212121213 ], [ 121.489649898989882, 25.654371616161615 ] ] ], [ [ [ 122.077176363636369, 25.343741212121213 ], [ 122.077176363636369, 25.654371616161615 ], [ 122.077176363636369, 25.965002020202018 ], [ 122.370939595959584, 25.965002020202018 ], [ 122.370939595959584, 25.654371616161615 ], [ 122.370939595959584, 25.343741212121213 ], [ 122.077176363636369, 25.343741212121213 ] ] ], [ [ [ 120.608360202020208, 25.965002020202018 ], [ 120.608360202020208, 26.275632424242421 ], [ 120.902123434343423, 26.275632424242421 ], [ 121.195886666666667, 26.275632424242421 ], [ 121.195886666666667, 25.965002020202018 ], [ 120.902123434343423, 25.965002020202018 ], [ 120.902123434343423, 25.654371616161615 ], [ 120.608360202020208, 25.654371616161615 ], [ 120.608360202020208, 25.965002020202018 ] ] ], [ [ [ 121.783413131313125, 26.896893232323229 ], [ 121.783413131313125, 26.586262828282827 ], [ 121.489649898989882, 26.586262828282827 ], [ 121.489649898989882, 26.275632424242424 ], [ 121.195886666666667, 26.275632424242424 ], [ 120.902123434343423, 26.275632424242424 ], [ 120.608360202020208, 26.275632424242424 ], [ 120.608360202020208, 26.586262828282827 ], [ 120.608360202020208, 26.896893232323229 ], [ 120.902123434343423, 26.896893232323229 ], [ 121.195886666666667, 26.896893232323229 ], [ 121.489649898989882, 26.896893232323229 ], [ 121.783413131313125, 26.896893232323229 ] ] ], [ [ [ 121.489649898989882, 27.828784444444441 ], [ 121.783413131313125, 27.828784444444441 ], [ 122.07717636363634, 27.828784444444441 ], [ 122.07717636363634, 27.518154040404038 ], [ 122.07717636363634, 27.207523636363636 ], [ 121.783413131313125, 27.207523636363636 ], [ 121.783413131313125, 26.896893232323233 ], [ 121.489649898989882, 26.896893232323233 ], [ 121.195886666666667, 26.896893232323233 ], [ 120.902123434343423, 26.896893232323233 ], [ 120.608360202020208, 26.896893232323233 ], [ 120.608360202020208, 27.207523636363636 ], [ 120.608360202020208, 27.518154040404038 ], [ 120.608360202020208, 27.828784444444441 ], [ 120.902123434343423, 27.828784444444441 ], [ 121.195886666666667, 27.828784444444441 ], [ 121.489649898989882, 27.828784444444441 ] ] ], [ [ [ 121.783413131313125, 28.45004525252525 ], [ 122.07717636363634, 28.45004525252525 ], [ 122.07717636363634, 28.139414848484847 ], [ 122.07717636363634, 27.828784444444445 ], [ 121.783413131313125, 27.828784444444445 ], [ 121.489649898989882, 27.828784444444445 ], [ 121.195886666666667, 27.828784444444445 ], [ 120.902123434343423, 27.828784444444445 ], [ 120.902123434343423, 28.139414848484847 ], [ 121.195886666666667, 28.139414848484847 ], [ 121.195886666666667, 28.45004525252525 ], [ 121.489649898989882, 28.45004525252525 ], [ 121.783413131313125, 28.45004525252525 ] ] ], [ [ [ 121.195886666666667, 30.00319727272727 ], [ 121.489649898989882, 30.00319727272727 ], [ 121.783413131313125, 30.00319727272727 ], [ 121.783413131313125, 29.692566868686868 ], [ 121.489649898989882, 29.692566868686868 ], [ 121.195886666666667, 29.692566868686868 ], [ 121.195886666666667, 29.381936464646465 ], [ 120.902123434343423, 29.381936464646465 ], [ 120.608360202020208, 29.381936464646465 ], [ 120.608360202020208, 29.692566868686868 ], [ 120.608360202020208, 30.00319727272727 ], [ 120.902123434343423, 30.00319727272727 ], [ 121.195886666666667, 30.00319727272727 ] ] ], [ [ [ 120.608360202020208, 30.624458080808079 ], [ 120.608360202020208, 30.935088484848482 ], [ 120.902123434343423, 30.935088484848482 ], [ 121.195886666666667, 30.935088484848482 ], [ 121.489649898989882, 30.935088484848482 ], [ 121.783413131313125, 30.935088484848482 ], [ 122.07717636363634, 30.935088484848482 ], [ 122.07717636363634, 30.624458080808079 ], [ 122.07717636363634, 30.313827676767676 ], [ 122.07717636363634, 30.003197272727274 ], [ 121.783413131313125, 30.003197272727274 ], [ 121.489649898989882, 30.003197272727274 ], [ 121.195886666666667, 30.003197272727274 ], [ 120.902123434343423, 30.003197272727274 ], [ 120.608360202020208, 30.003197272727274 ], [ 120.608360202020208, 30.313827676767676 ], [ 120.608360202020208, 30.624458080808079 ] ] ], [ [ [ 122.370939595959584, 30.624458080808079 ], [ 122.370939595959584, 30.313827676767676 ], [ 122.077176363636369, 30.313827676767676 ], [ 122.077176363636369, 30.624458080808079 ], [ 122.077176363636369, 30.935088484848482 ], [ 122.370939595959584, 30.935088484848482 ], [ 122.664702828282827, 30.935088484848482 ], [ 122.664702828282827, 30.624458080808079 ], [ 122.370939595959584, 30.624458080808079 ] ] ], [ [ [ 121.195886666666667, 30.935088484848485 ], [ 120.902123434343423, 30.935088484848485 ], [ 120.608360202020208, 30.935088484848485 ], [ 120.608360202020208, 31.245718888888888 ], [ 120.608360202020208, 31.556349292929291 ], [ 120.902123434343423, 31.556349292929291 ], [ 121.195886666666667, 31.556349292929291 ], [ 121.489649898989882, 31.556349292929291 ], [ 121.783413131313125, 31.556349292929291 ], [ 122.07717636363634, 31.556349292929291 ], [ 122.07717636363634, 31.245718888888888 ], [ 122.07717636363634, 30.935088484848485 ], [ 121.783413131313125, 30.935088484848485 ], [ 121.489649898989882, 30.935088484848485 ], [ 121.195886666666667, 30.935088484848485 ] ] ], [ [ [ 122.664702828282827, 31.556349292929291 ], [ 122.958466060606042, 31.556349292929291 ], [ 123.252229292929286, 31.556349292929291 ], [ 123.252229292929286, 31.245718888888888 ], [ 122.958466060606042, 31.245718888888888 ], [ 122.958466060606042, 30.935088484848485 ], [ 122.664702828282827, 30.935088484848485 ], [ 122.370939595959584, 30.935088484848485 ], [ 122.077176363636369, 30.935088484848485 ], [ 122.077176363636369, 31.245718888888888 ], [ 122.077176363636369, 31.556349292929291 ], [ 122.370939595959584, 31.556349292929291 ], [ 122.664702828282827, 31.556349292929291 ] ] ], [ [ [ 120.608360202020179, 31.245718888888888 ], [ 120.608360202020179, 30.935088484848485 ], [ 120.314596969696964, 30.935088484848485 ], [ 120.314596969696964, 31.245718888888888 ], [ 120.608360202020179, 31.245718888888888 ] ] ], [ [ [ 122.07717636363634, 31.866979696969697 ], [ 122.07717636363634, 31.556349292929294 ], [ 121.783413131313125, 31.556349292929294 ], [ 121.489649898989882, 31.556349292929294 ], [ 121.195886666666667, 31.556349292929294 ], [ 120.902123434343423, 31.556349292929294 ], [ 120.902123434343423, 31.866979696969697 ], [ 121.195886666666667, 31.866979696969697 ], [ 121.195886666666667, 32.177610101010103 ], [ 121.489649898989882, 32.177610101010103 ], [ 121.783413131313125, 32.177610101010103 ], [ 122.07717636363634, 32.177610101010103 ], [ 122.07717636363634, 31.866979696969697 ] ] ], [ [ [ 122.077176363636369, 31.866979696969697 ], [ 122.077176363636369, 32.177610101010103 ], [ 122.370939595959584, 32.177610101010103 ], [ 122.664702828282827, 32.177610101010103 ], [ 122.664702828282827, 32.488240505050506 ], [ 122.958466060606042, 32.488240505050506 ], [ 123.252229292929286, 32.488240505050506 ], [ 123.545992525252501, 32.488240505050506 ], [ 123.545992525252501, 32.177610101010103 ], [ 123.545992525252501, 32.177610101010096 ], [ 123.545992525252501, 31.866979696969697 ], [ 123.252229292929286, 31.866979696969697 ], [ 123.252229292929286, 31.556349292929294 ], [ 122.958466060606042, 31.556349292929294 ], [ 122.664702828282827, 31.556349292929294 ], [ 122.370939595959584, 31.556349292929294 ], [ 122.077176363636369, 31.556349292929294 ], [ 122.077176363636369, 31.866979696969697 ] ] ], [ [ [ 121.195886666666667, 33.730762121212123 ], [ 121.489649898989882, 33.730762121212123 ], [ 121.489649898989882, 33.420131717171714 ], [ 121.489649898989882, 33.109501313131304 ], [ 121.195886666666667, 33.109501313131304 ], [ 121.195886666666667, 32.798870909090908 ], [ 120.902123434343423, 32.798870909090908 ], [ 120.902123434343423, 32.488240505050499 ], [ 120.608360202020208, 32.488240505050499 ], [ 120.608360202020208, 32.798870909090908 ], [ 120.608360202020208, 33.109501313131318 ], [ 120.902123434343423, 33.109501313131318 ], [ 120.902123434343423, 33.420131717171714 ], [ 121.195886666666667, 33.420131717171714 ], [ 121.195886666666667, 33.730762121212123 ] ] ], [ [ [ 124.217810101010102, 34.481195151515159 ], [ 123.98537535353536, 34.481195151515159 ], [ 123.98537535353536, 34.640269191919195 ], [ 123.98537535353536, 34.799343232323231 ], [ 124.217810101010102, 34.799343232323231 ], [ 124.450244848484843, 34.799343232323231 ], [ 124.450244848484843, 34.640269191919195 ], [ 124.450244848484843, 34.481195151515159 ], [ 124.217810101010102, 34.481195151515159 ] ] ], [ [ [ 120.608360202020208, 35.905174949494949 ], [ 120.608360202020208, 36.215805353535345 ], [ 120.608360202020208, 36.215805353535359 ], [ 120.608360202020208, 36.526435757575754 ], [ 120.902123434343423, 36.526435757575754 ], [ 120.902123434343423, 36.215805353535359 ], [ 120.902123434343423, 36.215805353535345 ], [ 120.902123434343423, 35.905174949494949 ], [ 120.608360202020208, 35.905174949494949 ] ] ], [ [ [ 124.217810101010102, 36.390083636363634 ], [ 124.450244848484843, 36.390083636363634 ], [ 124.450244848484843, 36.231009595959598 ], [ 124.450244848484843, 36.071935555555562 ], [ 124.217810101010102, 36.071935555555562 ], [ 123.98537535353536, 36.071935555555562 ], [ 123.98537535353536, 36.231009595959598 ], [ 123.98537535353536, 36.390083636363634 ], [ 124.217810101010102, 36.390083636363634 ] ] ], [ [ [ 121.195886666666667, 36.837066161616164 ], [ 121.195886666666667, 36.526435757575754 ], [ 120.902123434343423, 36.526435757575754 ], [ 120.902123434343423, 36.837066161616164 ], [ 121.195886666666667, 36.837066161616164 ] ] ], [ [ [ 125.379983838383836, 32.731380707070706 ], [ 125.379983838383836, 32.57230666666667 ], [ 125.147549090909095, 32.57230666666667 ], [ 125.147549090909095, 32.731380707070706 ], [ 125.379983838383836, 32.731380707070706 ] ] ], [ [ [ 124.915114343434354, 32.890454747474749 ], [ 125.147549090909095, 32.890454747474749 ], [ 125.379983838383836, 32.890454747474749 ], [ 125.379983838383836, 32.731380707070713 ], [ 125.147549090909095, 32.731380707070713 ], [ 124.915114343434354, 32.731380707070713 ], [ 124.915114343434354, 32.890454747474749 ] ] ], [ [ [ 125.612418585858592, 33.208602828282828 ], [ 125.844853333333333, 33.208602828282828 ], [ 125.844853333333333, 33.049528787878792 ], [ 125.844853333333333, 32.890454747474756 ], [ 125.612418585858592, 32.890454747474756 ], [ 125.379983838383851, 32.890454747474756 ], [ 125.379983838383851, 33.049528787878792 ], [ 125.379983838383851, 33.208602828282828 ], [ 125.612418585858592, 33.208602828282828 ] ] ], [ [ [ 124.682679595959598, 33.049528787878792 ], [ 124.682679595959598, 33.208602828282828 ], [ 124.91511434343434, 33.208602828282828 ], [ 124.91511434343434, 33.049528787878792 ], [ 124.91511434343434, 32.890454747474756 ], [ 124.682679595959598, 32.890454747474756 ], [ 124.682679595959598, 33.049528787878792 ] ] ], [ [ [ 124.915114343434354, 32.890454747474756 ], [ 124.915114343434354, 33.049528787878792 ], [ 124.915114343434354, 33.208602828282828 ], [ 125.147549090909095, 33.208602828282828 ], [ 125.379983838383836, 33.208602828282828 ], [ 125.379983838383836, 33.049528787878792 ], [ 125.379983838383836, 32.890454747474756 ], [ 125.147549090909095, 32.890454747474756 ], [ 124.915114343434354, 32.890454747474756 ] ] ], [ [ [ 125.147549090909095, 33.208602828282835 ], [ 124.915114343434354, 33.208602828282835 ], [ 124.915114343434354, 33.367676868686871 ], [ 124.915114343434354, 33.526750909090907 ], [ 125.147549090909095, 33.526750909090907 ], [ 125.379983838383836, 33.526750909090907 ], [ 125.379983838383836, 33.367676868686871 ], [ 125.379983838383836, 33.208602828282835 ], [ 125.147549090909095, 33.208602828282835 ] ] ], [ [ [ 125.612418585858592, 33.526750909090907 ], [ 125.844853333333333, 33.526750909090907 ], [ 125.844853333333333, 33.367676868686871 ], [ 125.844853333333333, 33.208602828282835 ], [ 125.612418585858592, 33.208602828282835 ], [ 125.379983838383851, 33.208602828282835 ], [ 125.379983838383851, 33.367676868686871 ], [ 125.379983838383851, 33.526750909090907 ], [ 125.612418585858592, 33.526750909090907 ] ] ], [ [ [ 124.91511434343434, 33.367676868686871 ], [ 124.91511434343434, 33.208602828282835 ], [ 124.682679595959598, 33.208602828282835 ], [ 124.682679595959598, 33.367676868686871 ], [ 124.91511434343434, 33.367676868686871 ] ] ], [ [ [ 125.379983838383836, 33.68582494949495 ], [ 125.379983838383836, 33.526750909090914 ], [ 125.147549090909095, 33.526750909090914 ], [ 125.147549090909095, 33.68582494949495 ], [ 125.379983838383836, 33.68582494949495 ] ] ], [ [ [ 125.612418585858592, 33.844898989898986 ], [ 125.844853333333333, 33.844898989898986 ], [ 125.844853333333333, 33.68582494949495 ], [ 125.844853333333333, 33.526750909090914 ], [ 125.612418585858592, 33.526750909090914 ], [ 125.379983838383851, 33.526750909090914 ], [ 125.379983838383851, 33.68582494949495 ], [ 125.379983838383851, 33.844898989898986 ], [ 125.612418585858592, 33.844898989898986 ] ] ], [ [ [ 125.379983838383836, 34.163047070707073 ], [ 125.147549090909095, 34.163047070707073 ], [ 124.915114343434354, 34.163047070707073 ], [ 124.915114343434354, 34.322121111111109 ], [ 125.147549090909095, 34.322121111111109 ], [ 125.379983838383836, 34.322121111111109 ], [ 125.379983838383836, 34.163047070707073 ] ] ], [ [ [ 124.91511434343434, 34.163047070707073 ], [ 124.682679595959598, 34.163047070707073 ], [ 124.450244848484857, 34.163047070707073 ], [ 124.450244848484857, 34.322121111111109 ], [ 124.682679595959598, 34.322121111111109 ], [ 124.91511434343434, 34.322121111111109 ], [ 124.91511434343434, 34.163047070707073 ] ] ], [ [ [ 125.147549090909095, 34.322121111111116 ], [ 124.915114343434354, 34.322121111111116 ], [ 124.915114343434354, 34.481195151515152 ], [ 125.147549090909095, 34.481195151515152 ], [ 125.379983838383836, 34.481195151515152 ], [ 125.379983838383836, 34.322121111111116 ], [ 125.147549090909095, 34.322121111111116 ] ] ], [ [ [ 124.682679595959598, 34.322121111111116 ], [ 124.450244848484857, 34.322121111111116 ], [ 124.450244848484857, 34.481195151515152 ], [ 124.682679595959598, 34.481195151515152 ], [ 124.91511434343434, 34.481195151515152 ], [ 124.91511434343434, 34.322121111111116 ], [ 124.682679595959598, 34.322121111111116 ] ] ], [ [ [ 123.98537535353536, 34.322121111111116 ], [ 123.98537535353536, 34.481195151515152 ], [ 124.217810101010102, 34.481195151515152 ], [ 124.450244848484843, 34.481195151515152 ], [ 124.450244848484843, 34.322121111111116 ], [ 124.217810101010102, 34.322121111111116 ], [ 123.98537535353536, 34.322121111111116 ] ] ], [ [ [ 125.379983838383836, 34.640269191919195 ], [ 125.379983838383836, 34.481195151515159 ], [ 125.147549090909095, 34.481195151515159 ], [ 124.915114343434354, 34.481195151515159 ], [ 124.915114343434354, 34.640269191919195 ], [ 124.915114343434354, 34.799343232323231 ], [ 125.147549090909095, 34.799343232323231 ], [ 125.379983838383836, 34.799343232323231 ], [ 125.379983838383836, 34.640269191919195 ] ] ], [ [ [ 124.91511434343434, 34.640269191919195 ], [ 124.91511434343434, 34.481195151515159 ], [ 124.682679595959598, 34.481195151515159 ], [ 124.450244848484857, 34.481195151515159 ], [ 124.450244848484857, 34.640269191919195 ], [ 124.450244848484857, 34.799343232323231 ], [ 124.682679595959598, 34.799343232323231 ], [ 124.91511434343434, 34.799343232323231 ], [ 124.91511434343434, 34.640269191919195 ] ] ], [ [ [ 125.379983838383851, 34.640269191919195 ], [ 125.379983838383851, 34.799343232323231 ], [ 125.612418585858592, 34.799343232323231 ], [ 125.844853333333333, 34.799343232323231 ], [ 125.844853333333333, 34.640269191919195 ], [ 125.844853333333333, 34.481195151515159 ], [ 125.612418585858592, 34.481195151515159 ], [ 125.379983838383851, 34.481195151515159 ], [ 125.379983838383851, 34.640269191919195 ] ] ], [ [ [ 125.379983838383851, 35.11749131313131 ], [ 125.612418585858592, 35.11749131313131 ], [ 125.844853333333333, 35.11749131313131 ], [ 125.844853333333333, 34.958417272727274 ], [ 125.844853333333333, 34.799343232323238 ], [ 125.612418585858592, 34.799343232323238 ], [ 125.379983838383851, 34.799343232323238 ], [ 125.379983838383851, 34.958417272727274 ], [ 125.379983838383851, 35.11749131313131 ] ] ], [ [ [ 124.91511434343434, 34.958417272727274 ], [ 124.91511434343434, 34.799343232323238 ], [ 124.682679595959598, 34.799343232323238 ], [ 124.450244848484857, 34.799343232323238 ], [ 124.450244848484857, 34.958417272727274 ], [ 124.450244848484857, 35.11749131313131 ], [ 124.682679595959598, 35.11749131313131 ], [ 124.91511434343434, 35.11749131313131 ], [ 124.91511434343434, 34.958417272727274 ] ] ], [ [ [ 124.217810101010102, 34.799343232323238 ], [ 123.98537535353536, 34.799343232323238 ], [ 123.98537535353536, 34.958417272727274 ], [ 124.217810101010102, 34.958417272727274 ], [ 124.450244848484843, 34.958417272727274 ], [ 124.450244848484843, 34.799343232323238 ], [ 124.217810101010102, 34.799343232323238 ] ] ], [ [ [ 125.379983838383836, 34.958417272727274 ], [ 125.379983838383836, 34.799343232323238 ], [ 125.147549090909095, 34.799343232323238 ], [ 124.915114343434354, 34.799343232323238 ], [ 124.915114343434354, 34.958417272727274 ], [ 124.915114343434354, 35.11749131313131 ], [ 125.147549090909095, 35.11749131313131 ], [ 125.379983838383836, 35.11749131313131 ], [ 125.379983838383836, 34.958417272727274 ] ] ], [ [ [ 125.379983838383836, 35.276565353535354 ], [ 125.379983838383836, 35.117491313131318 ], [ 125.147549090909095, 35.117491313131318 ], [ 125.147549090909095, 35.276565353535354 ], [ 125.379983838383836, 35.276565353535354 ] ] ], [ [ [ 124.915114343434354, 35.594713434343433 ], [ 125.147549090909095, 35.594713434343433 ], [ 125.379983838383836, 35.594713434343433 ], [ 125.379983838383836, 35.435639393939397 ], [ 125.147549090909095, 35.435639393939397 ], [ 124.915114343434354, 35.435639393939397 ], [ 124.915114343434354, 35.594713434343433 ] ] ], [ [ [ 124.91511434343434, 35.59471343434344 ], [ 124.682679595959598, 35.59471343434344 ], [ 124.450244848484857, 35.59471343434344 ], [ 124.450244848484857, 35.753787474747476 ], [ 124.450244848484857, 35.912861515151512 ], [ 124.682679595959598, 35.912861515151512 ], [ 124.91511434343434, 35.912861515151512 ], [ 124.91511434343434, 35.753787474747476 ], [ 124.91511434343434, 35.59471343434344 ] ] ], [ [ [ 125.379983838383836, 35.753787474747476 ], [ 125.379983838383836, 35.59471343434344 ], [ 125.147549090909095, 35.59471343434344 ], [ 124.915114343434354, 35.59471343434344 ], [ 124.915114343434354, 35.753787474747476 ], [ 124.915114343434354, 35.912861515151512 ], [ 125.147549090909095, 35.912861515151512 ], [ 125.379983838383836, 35.912861515151512 ], [ 125.379983838383836, 35.753787474747476 ] ] ], [ [ [ 124.217810101010102, 35.912861515151512 ], [ 124.450244848484843, 35.912861515151512 ], [ 124.450244848484843, 35.753787474747476 ], [ 124.217810101010102, 35.753787474747476 ], [ 124.217810101010102, 35.912861515151512 ] ] ], [ [ [ 124.91511434343434, 35.912861515151519 ], [ 124.682679595959598, 35.912861515151519 ], [ 124.450244848484857, 35.912861515151519 ], [ 124.450244848484857, 36.071935555555555 ], [ 124.682679595959598, 36.071935555555555 ], [ 124.91511434343434, 36.071935555555555 ], [ 124.91511434343434, 35.912861515151519 ] ] ], [ [ [ 124.915114343434354, 35.912861515151519 ], [ 124.915114343434354, 36.071935555555555 ], [ 125.147549090909095, 36.071935555555555 ], [ 125.379983838383836, 36.071935555555555 ], [ 125.379983838383836, 35.912861515151519 ], [ 125.147549090909095, 35.912861515151519 ], [ 124.915114343434354, 35.912861515151519 ] ] ], [ [ [ 124.217810101010102, 35.912861515151519 ], [ 123.98537535353536, 35.912861515151519 ], [ 123.98537535353536, 36.071935555555555 ], [ 124.217810101010102, 36.071935555555555 ], [ 124.450244848484843, 36.071935555555555 ], [ 124.450244848484843, 35.912861515151519 ], [ 124.217810101010102, 35.912861515151519 ] ] ], [ [ [ 125.147549090909095, 36.071935555555562 ], [ 124.915114343434354, 36.071935555555562 ], [ 124.915114343434354, 36.231009595959598 ], [ 124.915114343434354, 36.390083636363634 ], [ 125.147549090909095, 36.390083636363634 ], [ 125.379983838383836, 36.390083636363634 ], [ 125.379983838383836, 36.231009595959598 ], [ 125.379983838383836, 36.071935555555562 ], [ 125.147549090909095, 36.071935555555562 ] ] ], [ [ [ 124.682679595959598, 36.071935555555562 ], [ 124.450244848484857, 36.071935555555562 ], [ 124.450244848484857, 36.231009595959598 ], [ 124.450244848484857, 36.390083636363634 ], [ 124.682679595959598, 36.390083636363634 ], [ 124.91511434343434, 36.390083636363634 ], [ 124.91511434343434, 36.231009595959598 ], [ 124.91511434343434, 36.071935555555562 ], [ 124.682679595959598, 36.071935555555562 ] ] ], [ [ [ 125.379983838383851, 36.390083636363634 ], [ 125.612418585858592, 36.390083636363634 ], [ 125.844853333333333, 36.390083636363634 ], [ 125.844853333333333, 36.231009595959598 ], [ 125.844853333333333, 36.071935555555562 ], [ 125.612418585858592, 36.071935555555562 ], [ 125.379983838383851, 36.071935555555562 ], [ 125.379983838383851, 36.231009595959598 ], [ 125.379983838383851, 36.390083636363634 ] ] ], [ [ [ 125.147549090909095, 36.390083636363642 ], [ 124.915114343434354, 36.390083636363642 ], [ 124.915114343434354, 36.549157676767678 ], [ 124.915114343434354, 36.708231717171714 ], [ 125.147549090909095, 36.708231717171714 ], [ 125.379983838383836, 36.708231717171714 ], [ 125.379983838383836, 36.549157676767678 ], [ 125.379983838383836, 36.390083636363642 ], [ 125.147549090909095, 36.390083636363642 ] ] ], [ [ [ 124.91511434343434, 36.390083636363642 ], [ 124.682679595959598, 36.390083636363642 ], [ 124.450244848484857, 36.390083636363642 ], [ 124.450244848484857, 36.549157676767678 ], [ 124.450244848484857, 36.708231717171714 ], [ 124.682679595959598, 36.708231717171714 ], [ 124.91511434343434, 36.708231717171714 ], [ 124.91511434343434, 36.549157676767678 ], [ 124.91511434343434, 36.390083636363642 ] ] ], [ [ [ 124.450244848484843, 36.549157676767678 ], [ 124.450244848484843, 36.390083636363642 ], [ 124.217810101010102, 36.390083636363642 ], [ 124.217810101010102, 36.549157676767678 ], [ 124.450244848484843, 36.549157676767678 ] ] ], [ [ [ 124.91511434343434, 36.867305757575757 ], [ 124.91511434343434, 36.708231717171721 ], [ 124.682679595959598, 36.708231717171721 ], [ 124.682679595959598, 36.867305757575757 ], [ 124.91511434343434, 36.867305757575757 ] ] ], [ [ [ 125.147549090909095, 36.708231717171721 ], [ 124.915114343434354, 36.708231717171721 ], [ 124.915114343434354, 36.867305757575757 ], [ 125.147549090909095, 36.867305757575757 ], [ 125.379983838383836, 36.867305757575757 ], [ 125.379983838383836, 36.708231717171721 ], [ 125.147549090909095, 36.708231717171721 ] ] ], [ [ [ 125.147549090909095, 37.185453838383836 ], [ 125.379983838383836, 37.185453838383836 ], [ 125.379983838383836, 37.0263797979798 ], [ 125.379983838383836, 36.867305757575764 ], [ 125.147549090909095, 36.867305757575764 ], [ 124.915114343434354, 36.867305757575764 ], [ 124.915114343434354, 37.0263797979798 ], [ 124.915114343434354, 37.185453838383836 ], [ 125.147549090909095, 37.185453838383836 ] ] ], [ [ [ 125.379983838383851, 37.0263797979798 ], [ 125.379983838383851, 37.185453838383836 ], [ 125.612418585858592, 37.185453838383836 ], [ 125.844853333333333, 37.185453838383836 ], [ 125.844853333333333, 37.0263797979798 ], [ 125.844853333333333, 36.867305757575764 ], [ 125.612418585858592, 36.867305757575764 ], [ 125.379983838383851, 36.867305757575764 ], [ 125.379983838383851, 37.0263797979798 ] ] ], [ [ [ 125.147549090909095, 37.185453838383843 ], [ 124.915114343434354, 37.185453838383843 ], [ 124.915114343434354, 37.344527878787879 ], [ 124.915114343434354, 37.503601919191915 ], [ 125.147549090909095, 37.503601919191915 ], [ 125.379983838383836, 37.503601919191915 ], [ 125.379983838383836, 37.344527878787879 ], [ 125.379983838383836, 37.185453838383843 ], [ 125.147549090909095, 37.185453838383843 ] ] ], [ [ [ 124.91511434343434, 37.503601919191915 ], [ 124.91511434343434, 37.344527878787879 ], [ 124.682679595959598, 37.344527878787879 ], [ 124.682679595959598, 37.503601919191915 ], [ 124.91511434343434, 37.503601919191915 ] ] ], [ [ [ 124.915114343434354, 37.503601919191922 ], [ 124.915114343434354, 37.662675959595958 ], [ 125.147549090909095, 37.662675959595958 ], [ 125.379983838383836, 37.662675959595958 ], [ 125.379983838383836, 37.503601919191922 ], [ 125.147549090909095, 37.503601919191922 ], [ 124.915114343434354, 37.503601919191922 ] ] ], [ [ [ 124.91511434343434, 37.503601919191922 ], [ 124.682679595959598, 37.503601919191922 ], [ 124.450244848484857, 37.503601919191922 ], [ 124.450244848484857, 37.662675959595958 ], [ 124.682679595959598, 37.662675959595958 ], [ 124.91511434343434, 37.662675959595958 ], [ 124.91511434343434, 37.503601919191922 ] ] ], [ [ [ 124.450244848484843, 37.662675959595958 ], [ 124.450244848484843, 37.503601919191922 ], [ 124.217810101010102, 37.503601919191922 ], [ 124.217810101010102, 37.662675959595958 ], [ 124.450244848484843, 37.662675959595958 ] ] ], [ [ [ 125.147549090909095, 37.662675959595965 ], [ 124.915114343434354, 37.662675959595965 ], [ 124.915114343434354, 37.82175 ], [ 124.915114343434354, 37.980824040404038 ], [ 125.147549090909095, 37.980824040404038 ], [ 125.379983838383836, 37.980824040404038 ], [ 125.379983838383836, 37.82175 ], [ 125.379983838383836, 37.662675959595965 ], [ 125.147549090909095, 37.662675959595965 ] ] ], [ [ [ 124.217810101010102, 37.662675959595965 ], [ 123.98537535353536, 37.662675959595965 ], [ 123.98537535353536, 37.82175 ], [ 123.98537535353536, 37.980824040404038 ], [ 124.217810101010102, 37.980824040404038 ], [ 124.450244848484843, 37.980824040404038 ], [ 124.450244848484843, 37.82175 ], [ 124.450244848484843, 37.662675959595965 ], [ 124.217810101010102, 37.662675959595965 ] ] ], [ [ [ 124.91511434343434, 37.662675959595965 ], [ 124.682679595959598, 37.662675959595965 ], [ 124.450244848484857, 37.662675959595965 ], [ 124.450244848484857, 37.82175 ], [ 124.450244848484857, 37.980824040404038 ], [ 124.682679595959598, 37.980824040404038 ], [ 124.91511434343434, 37.980824040404038 ], [ 124.91511434343434, 37.82175 ], [ 124.91511434343434, 37.662675959595965 ] ] ], [ [ [ 124.217810101010102, 38.139898080808081 ], [ 124.450244848484843, 38.139898080808081 ], [ 124.450244848484843, 37.980824040404045 ], [ 124.217810101010102, 37.980824040404045 ], [ 124.217810101010102, 38.139898080808081 ] ] ], [ [ [ 125.147549090909095, 37.980824040404045 ], [ 124.915114343434354, 37.980824040404045 ], [ 124.915114343434354, 38.139898080808081 ], [ 125.147549090909095, 38.139898080808081 ], [ 125.379983838383836, 38.139898080808081 ], [ 125.379983838383836, 37.980824040404045 ], [ 125.147549090909095, 37.980824040404045 ] ] ], [ [ [ 124.682679595959598, 37.980824040404045 ], [ 124.450244848484857, 37.980824040404045 ], [ 124.450244848484857, 38.139898080808081 ], [ 124.682679595959598, 38.139898080808081 ], [ 124.91511434343434, 38.139898080808081 ], [ 124.91511434343434, 37.980824040404045 ], [ 124.682679595959598, 37.980824040404045 ] ] ], [ [ [ 125.612418585858592, 32.57230666666667 ], [ 125.379983838383851, 32.57230666666667 ], [ 125.379983838383851, 32.731380707070706 ], [ 125.612418585858592, 32.731380707070706 ], [ 125.844853333333333, 32.731380707070706 ], [ 125.844853333333333, 32.57230666666667 ], [ 125.612418585858592, 32.57230666666667 ] ] ], [ [ [ 125.844853333333347, 32.731380707070706 ], [ 126.077288080808088, 32.731380707070706 ], [ 126.30972282828283, 32.731380707070706 ], [ 126.542157575757571, 32.731380707070706 ], [ 126.542157575757571, 32.57230666666667 ], [ 126.30972282828283, 32.57230666666667 ], [ 126.077288080808088, 32.57230666666667 ], [ 125.844853333333347, 32.57230666666667 ], [ 125.844853333333347, 32.731380707070706 ] ] ], [ [ [ 126.077288080808088, 32.890454747474749 ], [ 126.30972282828283, 32.890454747474749 ], [ 126.542157575757571, 32.890454747474749 ], [ 126.542157575757571, 32.731380707070713 ], [ 126.30972282828283, 32.731380707070713 ], [ 126.077288080808088, 32.731380707070713 ], [ 125.844853333333347, 32.731380707070713 ], [ 125.844853333333347, 32.890454747474749 ], [ 126.077288080808088, 32.890454747474749 ] ] ], [ [ [ 125.379983838383851, 32.731380707070713 ], [ 125.379983838383851, 32.890454747474749 ], [ 125.612418585858592, 32.890454747474749 ], [ 125.844853333333333, 32.890454747474749 ], [ 125.844853333333333, 32.731380707070713 ], [ 125.612418585858592, 32.731380707070713 ], [ 125.379983838383851, 32.731380707070713 ] ] ], [ [ [ 125.844853333333347, 32.890454747474756 ], [ 125.844853333333347, 33.049528787878792 ], [ 125.844853333333347, 33.208602828282828 ], [ 126.077288080808088, 33.208602828282828 ], [ 126.30972282828283, 33.208602828282828 ], [ 126.542157575757571, 33.208602828282828 ], [ 126.542157575757571, 33.049528787878792 ], [ 126.542157575757571, 32.890454747474756 ], [ 126.30972282828283, 32.890454747474756 ], [ 126.077288080808088, 32.890454747474756 ], [ 125.844853333333347, 32.890454747474756 ] ] ], [ [ [ 126.542157575757571, 33.367676868686871 ], [ 126.542157575757571, 33.208602828282835 ], [ 126.30972282828283, 33.208602828282835 ], [ 126.077288080808088, 33.208602828282835 ], [ 125.844853333333347, 33.208602828282835 ], [ 125.844853333333347, 33.367676868686871 ], [ 125.844853333333347, 33.526750909090907 ], [ 126.077288080808088, 33.526750909090907 ], [ 126.30972282828283, 33.526750909090907 ], [ 126.542157575757571, 33.526750909090907 ], [ 126.542157575757571, 33.367676868686871 ] ] ], [ [ [ 125.844853333333347, 33.526750909090914 ], [ 125.844853333333347, 33.68582494949495 ], [ 125.844853333333347, 33.844898989898986 ], [ 126.077288080808088, 33.844898989898986 ], [ 126.30972282828283, 33.844898989898986 ], [ 126.542157575757571, 33.844898989898986 ], [ 126.542157575757571, 33.68582494949495 ], [ 126.542157575757571, 33.526750909090914 ], [ 126.30972282828283, 33.526750909090914 ], [ 126.077288080808088, 33.526750909090914 ], [ 125.844853333333347, 33.526750909090914 ] ] ], [ [ [ 126.542157575757571, 34.00397303030303 ], [ 126.542157575757571, 33.844898989898994 ], [ 126.30972282828283, 33.844898989898994 ], [ 126.077288080808088, 33.844898989898994 ], [ 125.844853333333347, 33.844898989898994 ], [ 125.844853333333347, 34.00397303030303 ], [ 126.077288080808088, 34.00397303030303 ], [ 126.30972282828283, 34.00397303030303 ], [ 126.542157575757571, 34.00397303030303 ] ] ], [ [ [ 125.844853333333333, 34.163047070707073 ], [ 125.612418585858592, 34.163047070707073 ], [ 125.379983838383851, 34.163047070707073 ], [ 125.379983838383851, 34.322121111111109 ], [ 125.612418585858592, 34.322121111111109 ], [ 125.844853333333333, 34.322121111111109 ], [ 125.844853333333333, 34.163047070707073 ] ] ], [ [ [ 126.30972282828283, 34.163047070707073 ], [ 126.077288080808088, 34.163047070707073 ], [ 125.844853333333347, 34.163047070707073 ], [ 125.844853333333347, 34.322121111111109 ], [ 126.077288080808088, 34.322121111111109 ], [ 126.30972282828283, 34.322121111111109 ], [ 126.30972282828283, 34.163047070707073 ] ] ], [ [ [ 126.30972282828283, 34.322121111111116 ], [ 126.077288080808088, 34.322121111111116 ], [ 125.844853333333347, 34.322121111111116 ], [ 125.844853333333347, 34.481195151515152 ], [ 126.077288080808088, 34.481195151515152 ], [ 126.30972282828283, 34.481195151515152 ], [ 126.542157575757571, 34.481195151515152 ], [ 126.542157575757571, 34.322121111111116 ], [ 126.30972282828283, 34.322121111111116 ] ] ], [ [ [ 125.844853333333333, 34.481195151515152 ], [ 125.844853333333333, 34.322121111111116 ], [ 125.612418585858592, 34.322121111111116 ], [ 125.379983838383851, 34.322121111111116 ], [ 125.379983838383851, 34.481195151515152 ], [ 125.612418585858592, 34.481195151515152 ], [ 125.844853333333333, 34.481195151515152 ] ] ], [ [ [ 126.542157575757571, 34.481195151515159 ], [ 126.30972282828283, 34.481195151515159 ], [ 126.077288080808088, 34.481195151515159 ], [ 125.844853333333347, 34.481195151515159 ], [ 125.844853333333347, 34.640269191919195 ], [ 125.844853333333347, 34.799343232323231 ], [ 126.077288080808088, 34.799343232323231 ], [ 126.30972282828283, 34.799343232323231 ], [ 126.542157575757571, 34.799343232323231 ], [ 126.542157575757571, 34.640269191919195 ], [ 126.542157575757571, 34.481195151515159 ] ] ], [ [ [ 126.542157575757571, 34.799343232323238 ], [ 126.30972282828283, 34.799343232323238 ], [ 126.077288080808088, 34.799343232323238 ], [ 125.844853333333347, 34.799343232323238 ], [ 125.844853333333347, 34.958417272727274 ], [ 125.844853333333347, 35.11749131313131 ], [ 126.077288080808088, 35.11749131313131 ], [ 126.30972282828283, 35.11749131313131 ], [ 126.542157575757571, 35.11749131313131 ], [ 126.542157575757571, 34.958417272727274 ], [ 126.542157575757571, 34.799343232323238 ] ] ], [ [ [ 125.844853333333333, 35.276565353535354 ], [ 125.844853333333333, 35.117491313131318 ], [ 125.612418585858592, 35.117491313131318 ], [ 125.379983838383851, 35.117491313131318 ], [ 125.379983838383851, 35.276565353535354 ], [ 125.612418585858592, 35.276565353535354 ], [ 125.844853333333333, 35.276565353535354 ] ] ], [ [ [ 126.077288080808088, 35.276565353535354 ], [ 126.077288080808088, 35.117491313131318 ], [ 125.844853333333347, 35.117491313131318 ], [ 125.844853333333347, 35.276565353535354 ], [ 126.077288080808088, 35.276565353535354 ] ] ], [ [ [ 125.379983838383851, 35.435639393939397 ], [ 125.379983838383851, 35.594713434343433 ], [ 125.612418585858592, 35.594713434343433 ], [ 125.844853333333333, 35.594713434343433 ], [ 125.844853333333333, 35.435639393939397 ], [ 125.612418585858592, 35.435639393939397 ], [ 125.379983838383851, 35.435639393939397 ] ] ], [ [ [ 126.542157575757571, 35.435639393939397 ], [ 126.30972282828283, 35.435639393939397 ], [ 126.077288080808088, 35.435639393939397 ], [ 125.844853333333347, 35.435639393939397 ], [ 125.844853333333347, 35.594713434343433 ], [ 126.077288080808088, 35.594713434343433 ], [ 126.30972282828283, 35.594713434343433 ], [ 126.542157575757571, 35.594713434343433 ], [ 126.542157575757571, 35.435639393939397 ] ] ], [ [ [ 126.077288080808088, 35.912861515151512 ], [ 126.30972282828283, 35.912861515151512 ], [ 126.542157575757571, 35.912861515151512 ], [ 126.542157575757571, 35.753787474747476 ], [ 126.542157575757571, 35.59471343434344 ], [ 126.30972282828283, 35.59471343434344 ], [ 126.077288080808088, 35.59471343434344 ], [ 125.844853333333347, 35.59471343434344 ], [ 125.844853333333347, 35.753787474747476 ], [ 125.844853333333347, 35.912861515151512 ], [ 126.077288080808088, 35.912861515151512 ] ] ], [ [ [ 125.844853333333333, 35.912861515151512 ], [ 125.844853333333333, 35.753787474747476 ], [ 125.844853333333333, 35.59471343434344 ], [ 125.612418585858592, 35.59471343434344 ], [ 125.379983838383851, 35.59471343434344 ], [ 125.379983838383851, 35.753787474747476 ], [ 125.379983838383851, 35.912861515151512 ], [ 125.612418585858592, 35.912861515151512 ], [ 125.844853333333333, 35.912861515151512 ] ] ], [ [ [ 125.844853333333333, 35.912861515151519 ], [ 125.612418585858592, 35.912861515151519 ], [ 125.379983838383851, 35.912861515151519 ], [ 125.379983838383851, 36.071935555555555 ], [ 125.612418585858592, 36.071935555555555 ], [ 125.844853333333333, 36.071935555555555 ], [ 125.844853333333333, 35.912861515151519 ] ] ], [ [ [ 126.077288080808088, 36.071935555555555 ], [ 126.30972282828283, 36.071935555555555 ], [ 126.542157575757571, 36.071935555555555 ], [ 126.542157575757571, 35.912861515151519 ], [ 126.30972282828283, 35.912861515151519 ], [ 126.077288080808088, 35.912861515151519 ], [ 125.844853333333347, 35.912861515151519 ], [ 125.844853333333347, 36.071935555555555 ], [ 126.077288080808088, 36.071935555555555 ] ] ], [ [ [ 126.542157575757571, 36.390083636363634 ], [ 126.542157575757571, 36.231009595959598 ], [ 126.542157575757571, 36.071935555555562 ], [ 126.30972282828283, 36.071935555555562 ], [ 126.077288080808088, 36.071935555555562 ], [ 125.844853333333347, 36.071935555555562 ], [ 125.844853333333347, 36.231009595959598 ], [ 125.844853333333347, 36.390083636363634 ], [ 126.077288080808088, 36.390083636363634 ], [ 126.30972282828283, 36.390083636363634 ], [ 126.542157575757571, 36.390083636363634 ] ] ], [ [ [ 125.844853333333333, 36.549157676767678 ], [ 125.844853333333333, 36.390083636363642 ], [ 125.612418585858592, 36.390083636363642 ], [ 125.379983838383851, 36.390083636363642 ], [ 125.379983838383851, 36.549157676767678 ], [ 125.379983838383851, 36.708231717171714 ], [ 125.612418585858592, 36.708231717171714 ], [ 125.844853333333333, 36.708231717171714 ], [ 125.844853333333333, 36.549157676767678 ] ] ], [ [ [ 126.542157575757571, 36.708231717171714 ], [ 126.542157575757571, 36.549157676767678 ], [ 126.542157575757571, 36.390083636363642 ], [ 126.30972282828283, 36.390083636363642 ], [ 126.077288080808088, 36.390083636363642 ], [ 125.844853333333347, 36.390083636363642 ], [ 125.844853333333347, 36.549157676767678 ], [ 125.844853333333347, 36.708231717171714 ], [ 126.077288080808088, 36.708231717171714 ], [ 126.30972282828283, 36.708231717171714 ], [ 126.542157575757571, 36.708231717171714 ] ] ], [ [ [ 125.379983838383851, 36.708231717171721 ], [ 125.379983838383851, 36.867305757575757 ], [ 125.612418585858592, 36.867305757575757 ], [ 125.844853333333333, 36.867305757575757 ], [ 125.844853333333333, 36.708231717171721 ], [ 125.612418585858592, 36.708231717171721 ], [ 125.379983838383851, 36.708231717171721 ] ] ], [ [ [ 126.30972282828283, 36.708231717171721 ], [ 126.077288080808088, 36.708231717171721 ], [ 125.844853333333347, 36.708231717171721 ], [ 125.844853333333347, 36.867305757575757 ], [ 126.077288080808088, 36.867305757575757 ], [ 126.30972282828283, 36.867305757575757 ], [ 126.542157575757571, 36.867305757575757 ], [ 126.542157575757571, 36.708231717171721 ], [ 126.30972282828283, 36.708231717171721 ] ] ], [ [ [ 126.542157575757571, 37.0263797979798 ], [ 126.542157575757571, 36.867305757575764 ], [ 126.30972282828283, 36.867305757575764 ], [ 126.077288080808088, 36.867305757575764 ], [ 125.844853333333347, 36.867305757575764 ], [ 125.844853333333347, 37.0263797979798 ], [ 125.844853333333347, 37.185453838383836 ], [ 126.077288080808088, 37.185453838383836 ], [ 126.30972282828283, 37.185453838383836 ], [ 126.542157575757571, 37.185453838383836 ], [ 126.542157575757571, 37.0263797979798 ] ] ], [ [ [ 125.844853333333333, 37.344527878787879 ], [ 125.844853333333333, 37.185453838383843 ], [ 125.612418585858592, 37.185453838383843 ], [ 125.379983838383851, 37.185453838383843 ], [ 125.379983838383851, 37.344527878787879 ], [ 125.379983838383851, 37.503601919191915 ], [ 125.612418585858592, 37.503601919191915 ], [ 125.844853333333333, 37.503601919191915 ], [ 125.844853333333333, 37.344527878787879 ] ] ], [ [ [ 126.542157575757571, 37.344527878787879 ], [ 126.542157575757571, 37.185453838383843 ], [ 126.30972282828283, 37.185453838383843 ], [ 126.077288080808088, 37.185453838383843 ], [ 125.844853333333347, 37.185453838383843 ], [ 125.844853333333347, 37.344527878787879 ], [ 125.844853333333347, 37.503601919191915 ], [ 126.077288080808088, 37.503601919191915 ], [ 126.30972282828283, 37.503601919191915 ], [ 126.542157575757571, 37.503601919191915 ], [ 126.542157575757571, 37.344527878787879 ] ] ], [ [ [ 125.844853333333333, 37.503601919191922 ], [ 125.612418585858592, 37.503601919191922 ], [ 125.379983838383851, 37.503601919191922 ], [ 125.379983838383851, 37.662675959595958 ], [ 125.612418585858592, 37.662675959595958 ], [ 125.844853333333333, 37.662675959595958 ], [ 125.844853333333333, 37.503601919191922 ] ] ], [ [ [ 126.542157575757571, 37.662675959595958 ], [ 126.542157575757571, 37.503601919191922 ], [ 126.30972282828283, 37.503601919191922 ], [ 126.077288080808088, 37.503601919191922 ], [ 125.844853333333347, 37.503601919191922 ], [ 125.844853333333347, 37.662675959595958 ], [ 126.077288080808088, 37.662675959595958 ], [ 126.30972282828283, 37.662675959595958 ], [ 126.542157575757571, 37.662675959595958 ] ] ], [ [ [ 126.542157575757571, 37.82175 ], [ 126.542157575757571, 37.662675959595965 ], [ 126.30972282828283, 37.662675959595965 ], [ 126.077288080808088, 37.662675959595965 ], [ 125.844853333333347, 37.662675959595965 ], [ 125.844853333333347, 37.82175 ], [ 125.844853333333347, 37.980824040404038 ], [ 126.077288080808088, 37.980824040404038 ], [ 126.30972282828283, 37.980824040404038 ], [ 126.542157575757571, 37.980824040404038 ], [ 126.542157575757571, 37.82175 ] ] ], [ [ [ 125.612418585858592, 37.662675959595965 ], [ 125.379983838383851, 37.662675959595965 ], [ 125.379983838383851, 37.82175 ], [ 125.379983838383851, 37.980824040404038 ], [ 125.612418585858592, 37.980824040404038 ], [ 125.844853333333333, 37.980824040404038 ], [ 125.844853333333333, 37.82175 ], [ 125.844853333333333, 37.662675959595965 ], [ 125.612418585858592, 37.662675959595965 ] ] ], [ [ [ 125.844853333333347, 38.139898080808081 ], [ 126.077288080808088, 38.139898080808081 ], [ 126.30972282828283, 38.139898080808081 ], [ 126.542157575757571, 38.139898080808081 ], [ 126.542157575757571, 37.980824040404045 ], [ 126.30972282828283, 37.980824040404045 ], [ 126.077288080808088, 37.980824040404045 ], [ 125.844853333333347, 37.980824040404045 ], [ 125.844853333333347, 38.139898080808081 ] ] ], [ [ [ 125.844853333333333, 38.139898080808081 ], [ 125.844853333333333, 37.980824040404045 ], [ 125.612418585858592, 37.980824040404045 ], [ 125.379983838383851, 37.980824040404045 ], [ 125.379983838383851, 38.139898080808081 ], [ 125.612418585858592, 38.139898080808081 ], [ 125.844853333333333, 38.139898080808081 ] ] ], [ [ [ 126.30972282828283, 38.298972121212124 ], [ 126.542157575757571, 38.298972121212124 ], [ 126.542157575757571, 38.139898080808088 ], [ 126.30972282828283, 38.139898080808088 ], [ 126.077288080808088, 38.139898080808088 ], [ 126.077288080808088, 38.298972121212124 ], [ 126.30972282828283, 38.298972121212124 ] ] ], [ [ [ 126.542157575757585, 32.731380707070706 ], [ 126.774592323232326, 32.731380707070706 ], [ 127.007027070707068, 32.731380707070706 ], [ 127.007027070707068, 32.57230666666667 ], [ 126.774592323232326, 32.57230666666667 ], [ 126.542157575757585, 32.57230666666667 ], [ 126.542157575757585, 32.731380707070706 ] ] ], [ [ [ 126.542157575757585, 32.731380707070713 ], [ 126.542157575757585, 32.890454747474749 ], [ 126.774592323232326, 32.890454747474749 ], [ 127.007027070707068, 32.890454747474749 ], [ 127.007027070707068, 32.731380707070713 ], [ 126.774592323232326, 32.731380707070713 ], [ 126.542157575757585, 32.731380707070713 ] ] ], [ [ [ 127.239461818181823, 32.890454747474749 ], [ 127.471896565656564, 32.890454747474749 ], [ 127.471896565656564, 32.731380707070713 ], [ 127.239461818181823, 32.731380707070713 ], [ 127.007027070707082, 32.731380707070713 ], [ 127.007027070707082, 32.890454747474749 ], [ 127.239461818181823, 32.890454747474749 ] ] ], [ [ [ 127.471896565656564, 32.890454747474756 ], [ 127.239461818181823, 32.890454747474756 ], [ 127.007027070707082, 32.890454747474756 ], [ 127.007027070707082, 33.049528787878792 ], [ 127.007027070707082, 33.208602828282828 ], [ 127.239461818181823, 33.208602828282828 ], [ 127.471896565656564, 33.208602828282828 ], [ 127.471896565656564, 33.049528787878792 ], [ 127.471896565656564, 32.890454747474756 ] ] ], [ [ [ 126.774592323232326, 33.208602828282828 ], [ 127.007027070707068, 33.208602828282828 ], [ 127.007027070707068, 33.049528787878792 ], [ 127.007027070707068, 32.890454747474756 ], [ 126.774592323232326, 32.890454747474756 ], [ 126.542157575757585, 32.890454747474756 ], [ 126.542157575757585, 33.049528787878792 ], [ 126.542157575757585, 33.208602828282828 ], [ 126.774592323232326, 33.208602828282828 ] ] ], [ [ [ 127.007027070707068, 33.208602828282835 ], [ 126.774592323232326, 33.208602828282835 ], [ 126.542157575757585, 33.208602828282835 ], [ 126.542157575757585, 33.367676868686871 ], [ 126.542157575757585, 33.526750909090907 ], [ 126.774592323232326, 33.526750909090907 ], [ 127.007027070707068, 33.526750909090907 ], [ 127.007027070707068, 33.367676868686871 ], [ 127.007027070707068, 33.208602828282835 ] ] ], [ [ [ 127.007027070707082, 33.208602828282835 ], [ 127.007027070707082, 33.367676868686871 ], [ 127.007027070707082, 33.526750909090907 ], [ 127.239461818181823, 33.526750909090907 ], [ 127.471896565656564, 33.526750909090907 ], [ 127.471896565656564, 33.367676868686871 ], [ 127.471896565656564, 33.208602828282835 ], [ 127.239461818181823, 33.208602828282835 ], [ 127.007027070707082, 33.208602828282835 ] ] ], [ [ [ 127.007027070707068, 33.526750909090914 ], [ 126.774592323232326, 33.526750909090914 ], [ 126.542157575757585, 33.526750909090914 ], [ 126.542157575757585, 33.68582494949495 ], [ 126.542157575757585, 33.844898989898986 ], [ 126.774592323232326, 33.844898989898986 ], [ 127.007027070707068, 33.844898989898986 ], [ 127.007027070707068, 33.68582494949495 ], [ 127.007027070707068, 33.526750909090914 ] ] ], [ [ [ 127.007027070707082, 33.844898989898986 ], [ 127.239461818181823, 33.844898989898986 ], [ 127.471896565656564, 33.844898989898986 ], [ 127.471896565656564, 33.68582494949495 ], [ 127.471896565656564, 33.526750909090914 ], [ 127.239461818181823, 33.526750909090914 ], [ 127.007027070707082, 33.526750909090914 ], [ 127.007027070707082, 33.68582494949495 ], [ 127.007027070707082, 33.844898989898986 ] ] ], [ [ [ 126.542157575757585, 34.00397303030303 ], [ 126.774592323232326, 34.00397303030303 ], [ 127.007027070707068, 34.00397303030303 ], [ 127.007027070707068, 33.844898989898994 ], [ 126.774592323232326, 33.844898989898994 ], [ 126.542157575757585, 33.844898989898994 ], [ 126.542157575757585, 34.00397303030303 ] ] ], [ [ [ 127.007027070707082, 34.00397303030303 ], [ 127.239461818181823, 34.00397303030303 ], [ 127.239461818181823, 33.844898989898994 ], [ 127.007027070707082, 33.844898989898994 ], [ 127.007027070707082, 34.00397303030303 ] ] ], [ [ [ 126.774592323232326, 34.481195151515152 ], [ 126.774592323232326, 34.322121111111116 ], [ 126.542157575757585, 34.322121111111116 ], [ 126.542157575757585, 34.481195151515152 ], [ 126.774592323232326, 34.481195151515152 ] ] ], [ [ [ 127.007027070707068, 34.640269191919195 ], [ 127.007027070707068, 34.481195151515159 ], [ 126.774592323232326, 34.481195151515159 ], [ 126.542157575757585, 34.481195151515159 ], [ 126.542157575757585, 34.640269191919195 ], [ 126.542157575757585, 34.799343232323231 ], [ 126.774592323232326, 34.799343232323231 ], [ 127.007027070707068, 34.799343232323231 ], [ 127.007027070707068, 34.640269191919195 ] ] ], [ [ [ 126.774592323232326, 34.799343232323238 ], [ 126.542157575757585, 34.799343232323238 ], [ 126.542157575757585, 34.958417272727274 ], [ 126.542157575757585, 35.11749131313131 ], [ 126.774592323232326, 35.11749131313131 ], [ 126.774592323232326, 34.958417272727274 ], [ 127.007027070707068, 34.958417272727274 ], [ 127.007027070707068, 34.799343232323238 ], [ 126.774592323232326, 34.799343232323238 ] ] ], [ [ [ 127.007027070707068, 35.435639393939397 ], [ 126.774592323232326, 35.435639393939397 ], [ 126.542157575757585, 35.435639393939397 ], [ 126.542157575757585, 35.594713434343433 ], [ 126.774592323232326, 35.594713434343433 ], [ 127.007027070707068, 35.594713434343433 ], [ 127.007027070707068, 35.435639393939397 ] ] ], [ [ [ 127.239461818181823, 35.594713434343433 ], [ 127.239461818181823, 35.435639393939397 ], [ 127.007027070707082, 35.435639393939397 ], [ 127.007027070707082, 35.594713434343433 ], [ 127.239461818181823, 35.594713434343433 ] ] ], [ [ [ 126.542157575757585, 35.753787474747476 ], [ 126.542157575757585, 35.912861515151512 ], [ 126.774592323232326, 35.912861515151512 ], [ 127.007027070707068, 35.912861515151512 ], [ 127.007027070707068, 35.753787474747476 ], [ 127.007027070707068, 35.59471343434344 ], [ 126.774592323232326, 35.59471343434344 ], [ 126.542157575757585, 35.59471343434344 ], [ 126.542157575757585, 35.753787474747476 ] ] ], [ [ [ 127.007027070707082, 35.912861515151512 ], [ 127.239461818181823, 35.912861515151512 ], [ 127.471896565656564, 35.912861515151512 ], [ 127.471896565656564, 35.753787474747476 ], [ 127.471896565656564, 35.59471343434344 ], [ 127.239461818181823, 35.59471343434344 ], [ 127.007027070707082, 35.59471343434344 ], [ 127.007027070707082, 35.753787474747476 ], [ 127.007027070707082, 35.912861515151512 ] ] ], [ [ [ 127.471896565656564, 35.912861515151519 ], [ 127.239461818181823, 35.912861515151519 ], [ 127.007027070707082, 35.912861515151519 ], [ 127.007027070707082, 36.071935555555555 ], [ 127.239461818181823, 36.071935555555555 ], [ 127.471896565656564, 36.071935555555555 ], [ 127.471896565656564, 35.912861515151519 ] ] ], [ [ [ 127.007027070707068, 35.912861515151519 ], [ 126.774592323232326, 35.912861515151519 ], [ 126.542157575757585, 35.912861515151519 ], [ 126.542157575757585, 36.071935555555555 ], [ 126.774592323232326, 36.071935555555555 ], [ 127.007027070707068, 36.071935555555555 ], [ 127.007027070707068, 35.912861515151519 ] ] ], [ [ [ 126.774592323232326, 36.071935555555562 ], [ 126.542157575757585, 36.071935555555562 ], [ 126.542157575757585, 36.231009595959598 ], [ 126.542157575757585, 36.390083636363634 ], [ 126.774592323232326, 36.390083636363634 ], [ 127.007027070707068, 36.390083636363634 ], [ 127.007027070707068, 36.231009595959598 ], [ 127.007027070707068, 36.071935555555562 ], [ 126.774592323232326, 36.071935555555562 ] ] ], [ [ [ 127.239461818181823, 36.390083636363634 ], [ 127.471896565656564, 36.390083636363634 ], [ 127.471896565656564, 36.231009595959598 ], [ 127.471896565656564, 36.071935555555562 ], [ 127.239461818181823, 36.071935555555562 ], [ 127.007027070707082, 36.071935555555562 ], [ 127.007027070707082, 36.231009595959598 ], [ 127.007027070707082, 36.390083636363634 ], [ 127.239461818181823, 36.390083636363634 ] ] ], [ [ [ 127.007027070707068, 36.549157676767678 ], [ 127.007027070707068, 36.390083636363642 ], [ 126.774592323232326, 36.390083636363642 ], [ 126.542157575757585, 36.390083636363642 ], [ 126.542157575757585, 36.549157676767678 ], [ 126.542157575757585, 36.708231717171714 ], [ 126.774592323232326, 36.708231717171714 ], [ 127.007027070707068, 36.708231717171714 ], [ 127.007027070707068, 36.549157676767678 ] ] ], [ [ [ 127.471896565656564, 36.708231717171714 ], [ 127.471896565656564, 36.549157676767678 ], [ 127.471896565656564, 36.390083636363642 ], [ 127.239461818181823, 36.390083636363642 ], [ 127.007027070707082, 36.390083636363642 ], [ 127.007027070707082, 36.549157676767678 ], [ 127.007027070707082, 36.708231717171714 ], [ 127.239461818181823, 36.708231717171714 ], [ 127.471896565656564, 36.708231717171714 ] ] ], [ [ [ 126.542157575757585, 36.708231717171721 ], [ 126.542157575757585, 36.867305757575757 ], [ 126.774592323232326, 36.867305757575757 ], [ 127.007027070707068, 36.867305757575757 ], [ 127.007027070707068, 36.708231717171721 ], [ 126.774592323232326, 36.708231717171721 ], [ 126.542157575757585, 36.708231717171721 ] ] ], [ [ [ 127.239461818181823, 36.867305757575757 ], [ 127.471896565656564, 36.867305757575757 ], [ 127.471896565656564, 36.708231717171721 ], [ 127.239461818181823, 36.708231717171721 ], [ 127.007027070707082, 36.708231717171721 ], [ 127.007027070707082, 36.867305757575757 ], [ 127.239461818181823, 36.867305757575757 ] ] ], [ [ [ 127.007027070707068, 37.0263797979798 ], [ 127.007027070707068, 36.867305757575764 ], [ 126.774592323232326, 36.867305757575764 ], [ 126.542157575757585, 36.867305757575764 ], [ 126.542157575757585, 37.0263797979798 ], [ 126.542157575757585, 37.185453838383836 ], [ 126.774592323232326, 37.185453838383836 ], [ 127.007027070707068, 37.185453838383836 ], [ 127.007027070707068, 37.0263797979798 ] ] ], [ [ [ 127.471896565656564, 36.867305757575764 ], [ 127.239461818181823, 36.867305757575764 ], [ 127.007027070707082, 36.867305757575764 ], [ 127.007027070707082, 37.0263797979798 ], [ 127.007027070707082, 37.185453838383836 ], [ 127.239461818181823, 37.185453838383836 ], [ 127.471896565656564, 37.185453838383836 ], [ 127.471896565656564, 37.0263797979798 ], [ 127.471896565656564, 36.867305757575764 ] ] ], [ [ [ 127.007027070707068, 37.344527878787879 ], [ 127.007027070707068, 37.185453838383843 ], [ 126.774592323232326, 37.185453838383843 ], [ 126.542157575757585, 37.185453838383843 ], [ 126.542157575757585, 37.344527878787879 ], [ 126.542157575757585, 37.503601919191915 ], [ 126.774592323232326, 37.503601919191915 ], [ 127.007027070707068, 37.503601919191915 ], [ 127.007027070707068, 37.344527878787879 ] ] ], [ [ [ 127.239461818181823, 37.503601919191915 ], [ 127.471896565656564, 37.503601919191915 ], [ 127.471896565656564, 37.344527878787879 ], [ 127.471896565656564, 37.185453838383843 ], [ 127.239461818181823, 37.185453838383843 ], [ 127.007027070707082, 37.185453838383843 ], [ 127.007027070707082, 37.344527878787879 ], [ 127.007027070707082, 37.503601919191915 ], [ 127.239461818181823, 37.503601919191915 ] ] ], [ [ [ 127.007027070707068, 37.503601919191922 ], [ 126.774592323232326, 37.503601919191922 ], [ 126.542157575757585, 37.503601919191922 ], [ 126.542157575757585, 37.662675959595958 ], [ 126.774592323232326, 37.662675959595958 ], [ 127.007027070707068, 37.662675959595958 ], [ 127.007027070707068, 37.503601919191922 ] ] ], [ [ [ 127.471896565656564, 37.503601919191922 ], [ 127.239461818181823, 37.503601919191922 ], [ 127.007027070707082, 37.503601919191922 ], [ 127.007027070707082, 37.662675959595958 ], [ 127.239461818181823, 37.662675959595958 ], [ 127.471896565656564, 37.662675959595958 ], [ 127.471896565656564, 37.503601919191922 ] ] ], [ [ [ 126.542157575757585, 37.980824040404038 ], [ 126.774592323232326, 37.980824040404038 ], [ 127.007027070707068, 37.980824040404038 ], [ 127.007027070707068, 37.82175 ], [ 127.007027070707068, 37.662675959595965 ], [ 126.774592323232326, 37.662675959595965 ], [ 126.542157575757585, 37.662675959595965 ], [ 126.542157575757585, 37.82175 ], [ 126.542157575757585, 37.980824040404038 ] ] ], [ [ [ 127.239461818181823, 37.980824040404038 ], [ 127.471896565656564, 37.980824040404038 ], [ 127.471896565656564, 37.82175 ], [ 127.471896565656564, 37.662675959595965 ], [ 127.239461818181823, 37.662675959595965 ], [ 127.007027070707082, 37.662675959595965 ], [ 127.007027070707082, 37.82175 ], [ 127.007027070707082, 37.980824040404038 ], [ 127.239461818181823, 37.980824040404038 ] ] ], [ [ [ 127.007027070707068, 37.980824040404045 ], [ 126.774592323232326, 37.980824040404045 ], [ 126.542157575757585, 37.980824040404045 ], [ 126.542157575757585, 38.139898080808081 ], [ 126.774592323232326, 38.139898080808081 ], [ 127.007027070707068, 38.139898080808081 ], [ 127.007027070707068, 37.980824040404045 ] ] ], [ [ [ 127.471896565656564, 38.139898080808081 ], [ 127.471896565656564, 37.980824040404045 ], [ 127.239461818181823, 37.980824040404045 ], [ 127.007027070707082, 37.980824040404045 ], [ 127.007027070707082, 38.139898080808081 ], [ 127.239461818181823, 38.139898080808081 ], [ 127.471896565656564, 38.139898080808081 ] ] ], [ [ [ 126.774592323232326, 38.139898080808088 ], [ 126.542157575757585, 38.139898080808088 ], [ 126.542157575757585, 38.298972121212124 ], [ 126.774592323232326, 38.298972121212124 ], [ 127.007027070707068, 38.298972121212124 ], [ 127.007027070707068, 38.139898080808088 ], [ 126.774592323232326, 38.139898080808088 ] ] ], [ [ [ 127.239461818181823, 38.45804616161616 ], [ 127.471896565656564, 38.45804616161616 ], [ 127.471896565656564, 38.298972121212124 ], [ 127.471896565656564, 38.139898080808088 ], [ 127.239461818181823, 38.139898080808088 ], [ 127.007027070707082, 38.139898080808088 ], [ 127.007027070707082, 38.298972121212124 ], [ 127.239461818181823, 38.298972121212124 ], [ 127.239461818181823, 38.45804616161616 ] ] ], [ [ [ 127.70433131313132, 32.890454747474749 ], [ 127.70433131313132, 32.731380707070713 ], [ 127.471896565656579, 32.731380707070713 ], [ 127.471896565656579, 32.890454747474749 ], [ 127.70433131313132, 32.890454747474749 ] ] ], [ [ [ 127.471896565656579, 33.049528787878792 ], [ 127.471896565656579, 33.208602828282828 ], [ 127.70433131313132, 33.208602828282828 ], [ 127.936766060606061, 33.208602828282828 ], [ 127.936766060606061, 33.049528787878792 ], [ 127.936766060606061, 32.890454747474756 ], [ 127.70433131313132, 32.890454747474756 ], [ 127.471896565656579, 32.890454747474756 ], [ 127.471896565656579, 33.049528787878792 ] ] ], [ [ [ 128.169200808080802, 33.367676868686871 ], [ 128.169200808080802, 33.208602828282835 ], [ 127.936766060606075, 33.208602828282835 ], [ 127.936766060606075, 33.367676868686871 ], [ 128.169200808080802, 33.367676868686871 ] ] ], [ [ [ 127.936766060606061, 33.208602828282835 ], [ 127.70433131313132, 33.208602828282835 ], [ 127.471896565656579, 33.208602828282835 ], [ 127.471896565656579, 33.367676868686871 ], [ 127.471896565656579, 33.526750909090907 ], [ 127.70433131313132, 33.526750909090907 ], [ 127.936766060606061, 33.526750909090907 ], [ 127.936766060606061, 33.367676868686871 ], [ 127.936766060606061, 33.208602828282835 ] ] ], [ [ [ 127.70433131313132, 33.526750909090914 ], [ 127.471896565656579, 33.526750909090914 ], [ 127.471896565656579, 33.68582494949495 ], [ 127.471896565656579, 33.844898989898986 ], [ 127.70433131313132, 33.844898989898986 ], [ 127.70433131313132, 33.68582494949495 ], [ 127.936766060606061, 33.68582494949495 ], [ 127.936766060606061, 33.526750909090914 ], [ 127.70433131313132, 33.526750909090914 ] ] ], [ [ [ 128.401635555555572, 35.11749131313131 ], [ 128.634070303030285, 35.11749131313131 ], [ 128.866505050505054, 35.11749131313131 ], [ 129.098939797979824, 35.11749131313131 ], [ 129.331374545454537, 35.11749131313131 ], [ 129.563809292929307, 35.11749131313131 ], [ 129.796244040404019, 35.11749131313131 ], [ 129.796244040404019, 34.958417272727274 ], [ 129.796244040404019, 34.799343232323238 ], [ 129.563809292929307, 34.799343232323238 ], [ 129.331374545454537, 34.799343232323238 ], [ 129.098939797979824, 34.799343232323238 ], [ 128.866505050505054, 34.799343232323238 ], [ 128.634070303030285, 34.799343232323238 ], [ 128.401635555555572, 34.799343232323238 ], [ 128.169200808080802, 34.799343232323238 ], [ 127.936766060606075, 34.799343232323238 ], [ 127.936766060606075, 34.958417272727274 ], [ 127.936766060606075, 35.11749131313131 ], [ 128.169200808080802, 35.11749131313131 ], [ 128.401635555555572, 35.11749131313131 ] ] ], [ [ [ 127.936766060606061, 35.11749131313131 ], [ 127.936766060606061, 34.958417272727274 ], [ 127.70433131313132, 34.958417272727274 ], [ 127.70433131313132, 35.11749131313131 ], [ 127.936766060606061, 35.11749131313131 ] ] ], [ [ [ 127.70433131313132, 35.276565353535354 ], [ 127.936766060606061, 35.276565353535354 ], [ 127.936766060606061, 35.117491313131318 ], [ 127.70433131313132, 35.117491313131318 ], [ 127.70433131313132, 35.276565353535354 ] ] ], [ [ [ 128.634070303030285, 35.276565353535354 ], [ 128.866505050505054, 35.276565353535354 ], [ 129.098939797979824, 35.276565353535354 ], [ 129.331374545454537, 35.276565353535354 ], [ 129.563809292929307, 35.276565353535354 ], [ 129.796244040404019, 35.276565353535354 ], [ 129.796244040404019, 35.117491313131318 ], [ 129.563809292929307, 35.117491313131318 ], [ 129.331374545454537, 35.117491313131318 ], [ 129.098939797979824, 35.117491313131318 ], [ 128.866505050505054, 35.117491313131318 ], [ 128.634070303030285, 35.117491313131318 ], [ 128.401635555555572, 35.117491313131318 ], [ 128.169200808080802, 35.117491313131318 ], [ 127.936766060606075, 35.117491313131318 ], [ 127.936766060606075, 35.276565353535354 ], [ 128.169200808080802, 35.276565353535354 ], [ 128.401635555555572, 35.276565353535354 ], [ 128.634070303030285, 35.276565353535354 ] ] ], [ [ [ 128.169200808080802, 35.435639393939397 ], [ 128.401635555555572, 35.435639393939397 ], [ 128.634070303030285, 35.435639393939397 ], [ 128.866505050505054, 35.435639393939397 ], [ 129.098939797979824, 35.435639393939397 ], [ 129.331374545454537, 35.435639393939397 ], [ 129.563809292929307, 35.435639393939397 ], [ 129.796244040404019, 35.435639393939397 ], [ 129.796244040404019, 35.276565353535361 ], [ 129.563809292929307, 35.276565353535361 ], [ 129.331374545454537, 35.276565353535361 ], [ 129.098939797979824, 35.276565353535361 ], [ 128.866505050505054, 35.276565353535361 ], [ 128.634070303030285, 35.276565353535361 ], [ 128.401635555555572, 35.276565353535361 ], [ 128.169200808080802, 35.276565353535361 ], [ 127.936766060606075, 35.276565353535361 ], [ 127.936766060606075, 35.435639393939397 ], [ 128.169200808080802, 35.435639393939397 ] ] ], [ [ [ 127.471896565656579, 35.912861515151512 ], [ 127.70433131313132, 35.912861515151512 ], [ 127.936766060606061, 35.912861515151512 ], [ 127.936766060606061, 35.753787474747476 ], [ 127.936766060606061, 35.59471343434344 ], [ 127.70433131313132, 35.59471343434344 ], [ 127.471896565656579, 35.59471343434344 ], [ 127.471896565656579, 35.753787474747476 ], [ 127.471896565656579, 35.912861515151512 ] ] ], [ [ [ 127.936766060606075, 35.912861515151512 ], [ 128.169200808080802, 35.912861515151512 ], [ 128.169200808080802, 35.753787474747476 ], [ 127.936766060606075, 35.753787474747476 ], [ 127.936766060606075, 35.912861515151512 ] ] ], [ [ [ 127.70433131313132, 35.912861515151519 ], [ 127.471896565656579, 35.912861515151519 ], [ 127.471896565656579, 36.071935555555555 ], [ 127.70433131313132, 36.071935555555555 ], [ 127.936766060606061, 36.071935555555555 ], [ 127.936766060606061, 35.912861515151519 ], [ 127.70433131313132, 35.912861515151519 ] ] ], [ [ [ 128.169200808080802, 35.912861515151519 ], [ 127.936766060606075, 35.912861515151519 ], [ 127.936766060606075, 36.071935555555555 ], [ 128.169200808080802, 36.071935555555555 ], [ 128.401635555555572, 36.071935555555555 ], [ 128.634070303030285, 36.071935555555555 ], [ 128.634070303030285, 35.912861515151519 ], [ 128.401635555555572, 35.912861515151519 ], [ 128.169200808080802, 35.912861515151519 ] ] ], [ [ [ 127.936766060606061, 36.231009595959598 ], [ 127.936766060606061, 36.071935555555562 ], [ 127.70433131313132, 36.071935555555562 ], [ 127.471896565656579, 36.071935555555562 ], [ 127.471896565656579, 36.231009595959598 ], [ 127.471896565656579, 36.390083636363634 ], [ 127.70433131313132, 36.390083636363634 ], [ 127.936766060606061, 36.390083636363634 ], [ 127.936766060606061, 36.231009595959598 ] ] ], [ [ [ 128.634070303030285, 36.231009595959598 ], [ 128.634070303030285, 36.071935555555562 ], [ 128.401635555555572, 36.071935555555562 ], [ 128.169200808080802, 36.071935555555562 ], [ 127.936766060606075, 36.071935555555562 ], [ 127.936766060606075, 36.231009595959598 ], [ 127.936766060606075, 36.390083636363634 ], [ 128.169200808080802, 36.390083636363634 ], [ 128.401635555555572, 36.390083636363634 ], [ 128.634070303030285, 36.390083636363634 ], [ 128.634070303030285, 36.231009595959598 ] ] ], [ [ [ 127.936766060606061, 36.708231717171714 ], [ 127.936766060606061, 36.549157676767678 ], [ 127.936766060606061, 36.390083636363642 ], [ 127.70433131313132, 36.390083636363642 ], [ 127.471896565656579, 36.390083636363642 ], [ 127.471896565656579, 36.549157676767678 ], [ 127.471896565656579, 36.708231717171714 ], [ 127.70433131313132, 36.708231717171714 ], [ 127.936766060606061, 36.708231717171714 ] ] ], [ [ [ 128.401635555555572, 36.390083636363642 ], [ 128.169200808080802, 36.390083636363642 ], [ 127.936766060606075, 36.390083636363642 ], [ 127.936766060606075, 36.549157676767678 ], [ 127.936766060606075, 36.708231717171714 ], [ 128.169200808080802, 36.708231717171714 ], [ 128.401635555555572, 36.708231717171714 ], [ 128.401635555555572, 36.549157676767678 ], [ 128.401635555555572, 36.390083636363642 ] ] ], [ [ [ 127.471896565656579, 36.867305757575757 ], [ 127.70433131313132, 36.867305757575757 ], [ 127.936766060606061, 36.867305757575757 ], [ 127.936766060606061, 36.708231717171721 ], [ 127.70433131313132, 36.708231717171721 ], [ 127.471896565656579, 36.708231717171721 ], [ 127.471896565656579, 36.867305757575757 ] ] ], [ [ [ 127.936766060606075, 36.867305757575757 ], [ 128.169200808080802, 36.867305757575757 ], [ 128.169200808080802, 36.708231717171721 ], [ 127.936766060606075, 36.708231717171721 ], [ 127.936766060606075, 36.867305757575757 ] ] ], [ [ [ 127.936766060606061, 36.867305757575764 ], [ 127.70433131313132, 36.867305757575764 ], [ 127.471896565656579, 36.867305757575764 ], [ 127.471896565656579, 37.0263797979798 ], [ 127.471896565656579, 37.185453838383836 ], [ 127.70433131313132, 37.185453838383836 ], [ 127.936766060606061, 37.185453838383836 ], [ 127.936766060606061, 37.0263797979798 ], [ 127.936766060606061, 36.867305757575764 ] ] ], [ [ [ 128.401635555555572, 37.185453838383836 ], [ 128.634070303030285, 37.185453838383836 ], [ 128.866505050505054, 37.185453838383836 ], [ 128.866505050505054, 37.0263797979798 ], [ 128.634070303030285, 37.0263797979798 ], [ 128.401635555555572, 37.0263797979798 ], [ 128.401635555555572, 36.867305757575764 ], [ 128.169200808080802, 36.867305757575764 ], [ 127.936766060606075, 36.867305757575764 ], [ 127.936766060606075, 37.0263797979798 ], [ 127.936766060606075, 37.185453838383836 ], [ 128.169200808080802, 37.185453838383836 ], [ 128.401635555555572, 37.185453838383836 ] ] ], [ [ [ 128.634070303030285, 37.503601919191915 ], [ 128.866505050505054, 37.503601919191915 ], [ 129.098939797979824, 37.503601919191915 ], [ 129.098939797979824, 37.344527878787879 ], [ 129.098939797979824, 37.185453838383843 ], [ 128.866505050505054, 37.185453838383843 ], [ 128.634070303030285, 37.185453838383843 ], [ 128.401635555555572, 37.185453838383843 ], [ 128.169200808080802, 37.185453838383843 ], [ 127.936766060606075, 37.185453838383843 ], [ 127.936766060606075, 37.344527878787879 ], [ 127.936766060606075, 37.503601919191915 ], [ 128.169200808080802, 37.503601919191915 ], [ 128.401635555555572, 37.503601919191915 ], [ 128.634070303030285, 37.503601919191915 ] ] ], [ [ [ 127.70433131313132, 37.185453838383843 ], [ 127.471896565656579, 37.185453838383843 ], [ 127.471896565656579, 37.344527878787879 ], [ 127.471896565656579, 37.503601919191915 ], [ 127.70433131313132, 37.503601919191915 ], [ 127.936766060606061, 37.503601919191915 ], [ 127.936766060606061, 37.344527878787879 ], [ 127.936766060606061, 37.185453838383843 ], [ 127.70433131313132, 37.185453838383843 ] ] ], [ [ [ 128.169200808080802, 37.662675959595958 ], [ 128.401635555555572, 37.662675959595958 ], [ 128.634070303030285, 37.662675959595958 ], [ 128.866505050505054, 37.662675959595958 ], [ 129.098939797979824, 37.662675959595958 ], [ 129.098939797979824, 37.503601919191922 ], [ 128.866505050505054, 37.503601919191922 ], [ 128.634070303030285, 37.503601919191922 ], [ 128.401635555555572, 37.503601919191922 ], [ 128.169200808080802, 37.503601919191922 ], [ 127.936766060606075, 37.503601919191922 ], [ 127.936766060606075, 37.662675959595958 ], [ 128.169200808080802, 37.662675959595958 ] ] ], [ [ [ 127.936766060606061, 37.503601919191922 ], [ 127.70433131313132, 37.503601919191922 ], [ 127.471896565656579, 37.503601919191922 ], [ 127.471896565656579, 37.662675959595958 ], [ 127.70433131313132, 37.662675959595958 ], [ 127.936766060606061, 37.662675959595958 ], [ 127.936766060606061, 37.503601919191922 ] ] ], [ [ [ 128.169200808080802, 37.980824040404038 ], [ 128.401635555555572, 37.980824040404038 ], [ 128.634070303030285, 37.980824040404038 ], [ 128.866505050505054, 37.980824040404038 ], [ 128.866505050505054, 37.82175 ], [ 128.866505050505054, 37.662675959595965 ], [ 128.634070303030285, 37.662675959595965 ], [ 128.401635555555572, 37.662675959595965 ], [ 128.169200808080802, 37.662675959595965 ], [ 127.936766060606075, 37.662675959595965 ], [ 127.936766060606075, 37.82175 ], [ 127.936766060606075, 37.980824040404038 ], [ 128.169200808080802, 37.980824040404038 ] ] ], [ [ [ 127.936766060606061, 37.662675959595965 ], [ 127.70433131313132, 37.662675959595965 ], [ 127.471896565656579, 37.662675959595965 ], [ 127.471896565656579, 37.82175 ], [ 127.471896565656579, 37.980824040404038 ], [ 127.70433131313132, 37.980824040404038 ], [ 127.936766060606061, 37.980824040404038 ], [ 127.936766060606061, 37.82175 ], [ 127.936766060606061, 37.662675959595965 ] ] ], [ [ [ 127.936766060606061, 37.980824040404045 ], [ 127.70433131313132, 37.980824040404045 ], [ 127.471896565656579, 37.980824040404045 ], [ 127.471896565656579, 38.139898080808081 ], [ 127.70433131313132, 38.139898080808081 ], [ 127.936766060606061, 38.139898080808081 ], [ 127.936766060606061, 37.980824040404045 ] ] ], [ [ [ 128.169200808080802, 38.139898080808081 ], [ 128.401635555555572, 38.139898080808081 ], [ 128.634070303030285, 38.139898080808081 ], [ 128.866505050505054, 38.139898080808081 ], [ 128.866505050505054, 37.980824040404045 ], [ 128.634070303030285, 37.980824040404045 ], [ 128.401635555555572, 37.980824040404045 ], [ 128.169200808080802, 37.980824040404045 ], [ 127.936766060606075, 37.980824040404045 ], [ 127.936766060606075, 38.139898080808081 ], [ 128.169200808080802, 38.139898080808081 ] ] ], [ [ [ 128.401635555555572, 38.45804616161616 ], [ 128.634070303030285, 38.45804616161616 ], [ 128.866505050505054, 38.45804616161616 ], [ 129.098939797979824, 38.45804616161616 ], [ 129.331374545454537, 38.45804616161616 ], [ 129.331374545454537, 38.298972121212124 ], [ 129.098939797979824, 38.298972121212124 ], [ 129.098939797979824, 38.139898080808088 ], [ 128.866505050505054, 38.139898080808088 ], [ 128.634070303030285, 38.139898080808088 ], [ 128.401635555555572, 38.139898080808088 ], [ 128.169200808080802, 38.139898080808088 ], [ 127.936766060606075, 38.139898080808088 ], [ 127.936766060606075, 38.298972121212124 ], [ 127.936766060606075, 38.45804616161616 ], [ 128.169200808080802, 38.45804616161616 ], [ 128.401635555555572, 38.45804616161616 ] ] ], [ [ [ 127.936766060606061, 38.298972121212124 ], [ 127.936766060606061, 38.139898080808088 ], [ 127.70433131313132, 38.139898080808088 ], [ 127.471896565656579, 38.139898080808088 ], [ 127.471896565656579, 38.298972121212124 ], [ 127.471896565656579, 38.45804616161616 ], [ 127.70433131313132, 38.45804616161616 ], [ 127.936766060606061, 38.45804616161616 ], [ 127.936766060606061, 38.298972121212124 ] ] ], [ [ [ 128.169200808080802, 38.458046161616167 ], [ 127.936766060606075, 38.458046161616167 ], [ 127.936766060606075, 38.617120202020203 ], [ 128.169200808080802, 38.617120202020203 ], [ 128.169200808080802, 38.776194242424239 ], [ 128.401635555555572, 38.776194242424239 ], [ 128.634070303030285, 38.776194242424239 ], [ 128.866505050505054, 38.776194242424239 ], [ 128.866505050505054, 38.617120202020203 ], [ 129.098939797979824, 38.617120202020203 ], [ 129.331374545454537, 38.617120202020203 ], [ 129.331374545454537, 38.458046161616167 ], [ 129.098939797979824, 38.458046161616167 ], [ 128.866505050505054, 38.458046161616167 ], [ 128.634070303030285, 38.458046161616167 ], [ 128.401635555555572, 38.458046161616167 ], [ 128.169200808080802, 38.458046161616167 ] ] ], [ [ [ 127.936766060606061, 38.617120202020203 ], [ 127.936766060606061, 38.458046161616167 ], [ 127.70433131313132, 38.458046161616167 ], [ 127.70433131313132, 38.617120202020203 ], [ 127.936766060606061, 38.617120202020203 ] ] ], [ [ [ 130.493548282828272, 32.413232626262634 ], [ 130.261113535353559, 32.413232626262634 ], [ 130.028678787878789, 32.413232626262634 ], [ 129.796244040404076, 32.413232626262634 ], [ 129.796244040404076, 32.57230666666667 ], [ 129.796244040404076, 32.731380707070706 ], [ 130.028678787878789, 32.731380707070706 ], [ 130.261113535353559, 32.731380707070706 ], [ 130.493548282828272, 32.731380707070706 ], [ 130.725983030303041, 32.731380707070706 ], [ 130.958417777777754, 32.731380707070706 ], [ 130.958417777777754, 32.57230666666667 ], [ 130.958417777777754, 32.413232626262634 ], [ 130.725983030303041, 32.413232626262634 ], [ 130.493548282828272, 32.413232626262634 ] ] ], [ [ [ 129.563809292929307, 32.57230666666667 ], [ 129.331374545454537, 32.57230666666667 ], [ 129.331374545454537, 32.731380707070706 ], [ 129.563809292929307, 32.731380707070706 ], [ 129.796244040404019, 32.731380707070706 ], [ 129.796244040404019, 32.57230666666667 ], [ 129.796244040404019, 32.413232626262634 ], [ 129.563809292929307, 32.413232626262634 ], [ 129.563809292929307, 32.57230666666667 ] ] ], [ [ [ 130.028678787878789, 32.890454747474749 ], [ 130.261113535353559, 32.890454747474749 ], [ 130.493548282828272, 32.890454747474749 ], [ 130.725983030303041, 32.890454747474749 ], [ 130.958417777777754, 32.890454747474749 ], [ 130.958417777777754, 32.731380707070713 ], [ 130.725983030303041, 32.731380707070713 ], [ 130.493548282828272, 32.731380707070713 ], [ 130.261113535353559, 32.731380707070713 ], [ 130.028678787878789, 32.731380707070713 ], [ 129.796244040404076, 32.731380707070713 ], [ 129.796244040404076, 32.890454747474749 ], [ 130.028678787878789, 32.890454747474749 ] ] ], [ [ [ 129.331374545454537, 32.731380707070713 ], [ 129.331374545454537, 32.890454747474749 ], [ 129.563809292929307, 32.890454747474749 ], [ 129.796244040404019, 32.890454747474749 ], [ 129.796244040404019, 32.731380707070713 ], [ 129.563809292929307, 32.731380707070713 ], [ 129.331374545454537, 32.731380707070713 ] ] ], [ [ [ 130.493548282828272, 33.208602828282828 ], [ 130.725983030303041, 33.208602828282828 ], [ 130.958417777777754, 33.208602828282828 ], [ 130.958417777777754, 33.049528787878792 ], [ 130.958417777777754, 32.890454747474756 ], [ 130.725983030303041, 32.890454747474756 ], [ 130.493548282828272, 32.890454747474756 ], [ 130.261113535353559, 32.890454747474756 ], [ 130.028678787878789, 32.890454747474756 ], [ 129.796244040404076, 32.890454747474756 ], [ 129.796244040404076, 33.049528787878792 ], [ 129.796244040404076, 33.208602828282828 ], [ 130.028678787878789, 33.208602828282828 ], [ 130.261113535353559, 33.208602828282828 ], [ 130.493548282828272, 33.208602828282828 ] ] ], [ [ [ 129.796244040404019, 32.890454747474756 ], [ 129.563809292929307, 32.890454747474756 ], [ 129.331374545454537, 32.890454747474756 ], [ 129.331374545454537, 33.049528787878792 ], [ 129.331374545454537, 33.208602828282828 ], [ 129.563809292929307, 33.208602828282828 ], [ 129.796244040404019, 33.208602828282828 ], [ 129.796244040404019, 33.049528787878792 ], [ 129.796244040404019, 32.890454747474756 ] ] ], [ [ [ 129.796244040404019, 33.367676868686871 ], [ 129.796244040404019, 33.208602828282835 ], [ 129.563809292929307, 33.208602828282835 ], [ 129.331374545454537, 33.208602828282835 ], [ 129.098939797979824, 33.208602828282835 ], [ 129.098939797979824, 33.367676868686871 ], [ 129.098939797979824, 33.526750909090907 ], [ 129.331374545454537, 33.526750909090907 ], [ 129.563809292929307, 33.526750909090907 ], [ 129.796244040404019, 33.526750909090907 ], [ 129.796244040404019, 33.367676868686871 ] ] ], [ [ [ 130.725983030303041, 33.526750909090907 ], [ 130.958417777777754, 33.526750909090907 ], [ 130.958417777777754, 33.367676868686871 ], [ 130.958417777777754, 33.208602828282835 ], [ 130.725983030303041, 33.208602828282835 ], [ 130.493548282828272, 33.208602828282835 ], [ 130.261113535353559, 33.208602828282835 ], [ 130.028678787878789, 33.208602828282835 ], [ 129.796244040404076, 33.208602828282835 ], [ 129.796244040404076, 33.367676868686871 ], [ 129.796244040404076, 33.526750909090907 ], [ 130.028678787878789, 33.526750909090907 ], [ 130.261113535353559, 33.526750909090907 ], [ 130.493548282828272, 33.526750909090907 ], [ 130.725983030303041, 33.526750909090907 ] ] ], [ [ [ 129.331374545454537, 33.526750909090914 ], [ 129.098939797979824, 33.526750909090914 ], [ 129.098939797979824, 33.68582494949495 ], [ 129.331374545454537, 33.68582494949495 ], [ 129.331374545454537, 33.844898989898986 ], [ 129.563809292929307, 33.844898989898986 ], [ 129.796244040404019, 33.844898989898986 ], [ 129.796244040404019, 33.68582494949495 ], [ 129.796244040404019, 33.526750909090914 ], [ 129.563809292929307, 33.526750909090914 ], [ 129.331374545454537, 33.526750909090914 ] ] ], [ [ [ 130.261113535353559, 33.844898989898986 ], [ 130.493548282828272, 33.844898989898986 ], [ 130.725983030303041, 33.844898989898986 ], [ 130.958417777777754, 33.844898989898986 ], [ 130.958417777777754, 33.68582494949495 ], [ 130.958417777777754, 33.526750909090914 ], [ 130.725983030303041, 33.526750909090914 ], [ 130.493548282828272, 33.526750909090914 ], [ 130.261113535353559, 33.526750909090914 ], [ 130.028678787878789, 33.526750909090914 ], [ 129.796244040404076, 33.526750909090914 ], [ 129.796244040404076, 33.68582494949495 ], [ 129.796244040404076, 33.844898989898986 ], [ 130.028678787878789, 33.844898989898986 ], [ 130.261113535353559, 33.844898989898986 ] ] ], [ [ [ 130.261113535353559, 33.844898989898994 ], [ 130.028678787878789, 33.844898989898994 ], [ 129.796244040404076, 33.844898989898994 ], [ 129.796244040404076, 34.00397303030303 ], [ 130.028678787878789, 34.00397303030303 ], [ 130.261113535353559, 34.00397303030303 ], [ 130.493548282828272, 34.00397303030303 ], [ 130.725983030303041, 34.00397303030303 ], [ 130.958417777777754, 34.00397303030303 ], [ 130.958417777777754, 33.844898989898994 ], [ 130.725983030303041, 33.844898989898994 ], [ 130.493548282828272, 33.844898989898994 ], [ 130.261113535353559, 33.844898989898994 ] ] ], [ [ [ 130.958417777777754, 34.322121111111109 ], [ 130.958417777777754, 34.163047070707073 ], [ 130.958417777777754, 34.003973030303037 ], [ 130.725983030303041, 34.003973030303037 ], [ 130.493548282828272, 34.003973030303037 ], [ 130.261113535353559, 34.003973030303037 ], [ 130.261113535353559, 34.163047070707073 ], [ 130.261113535353559, 34.322121111111109 ], [ 130.493548282828272, 34.322121111111109 ], [ 130.725983030303041, 34.322121111111109 ], [ 130.958417777777754, 34.322121111111109 ] ] ], [ [ [ 130.493548282828272, 34.481195151515152 ], [ 130.725983030303041, 34.481195151515152 ], [ 130.958417777777754, 34.481195151515152 ], [ 130.958417777777754, 34.322121111111116 ], [ 130.725983030303041, 34.322121111111116 ], [ 130.493548282828272, 34.322121111111116 ], [ 130.493548282828272, 34.481195151515152 ] ] ], [ [ [ 130.493548282828272, 34.640269191919195 ], [ 130.725983030303041, 34.640269191919195 ], [ 130.725983030303041, 34.799343232323231 ], [ 130.958417777777754, 34.799343232323231 ], [ 130.958417777777754, 34.640269191919195 ], [ 130.958417777777754, 34.481195151515159 ], [ 130.725983030303041, 34.481195151515159 ], [ 130.493548282828272, 34.481195151515159 ], [ 130.493548282828272, 34.640269191919195 ] ] ], [ [ [ 129.098939797979824, 34.799343232323231 ], [ 129.098939797979824, 34.640269191919195 ], [ 128.866505050505054, 34.640269191919195 ], [ 128.866505050505054, 34.799343232323231 ], [ 129.098939797979824, 34.799343232323231 ] ] ], [ [ [ 129.796244040404076, 34.799343232323238 ], [ 129.796244040404076, 34.958417272727274 ], [ 129.796244040404076, 35.11749131313131 ], [ 130.028678787878789, 35.11749131313131 ], [ 130.028678787878789, 34.958417272727274 ], [ 130.028678787878789, 34.799343232323238 ], [ 129.796244040404076, 34.799343232323238 ] ] ], [ [ [ 130.028678787878789, 35.276565353535354 ], [ 130.028678787878789, 35.117491313131318 ], [ 129.796244040404076, 35.117491313131318 ], [ 129.796244040404076, 35.276565353535354 ], [ 130.028678787878789, 35.276565353535354 ] ] ], [ [ [ 131.655722020202006, 32.413232626262634 ], [ 131.423287272727293, 32.413232626262634 ], [ 131.190852525252524, 32.413232626262634 ], [ 130.958417777777811, 32.413232626262634 ], [ 130.958417777777811, 32.57230666666667 ], [ 130.958417777777811, 32.731380707070706 ], [ 131.190852525252524, 32.731380707070706 ], [ 131.423287272727293, 32.731380707070706 ], [ 131.655722020202006, 32.731380707070706 ], [ 131.888156767676776, 32.731380707070706 ], [ 131.888156767676776, 32.57230666666667 ], [ 131.655722020202006, 32.57230666666667 ], [ 131.655722020202006, 32.413232626262634 ] ] ], [ [ [ 131.190852525252524, 32.731380707070713 ], [ 130.958417777777811, 32.731380707070713 ], [ 130.958417777777811, 32.890454747474749 ], [ 131.190852525252524, 32.890454747474749 ], [ 131.423287272727293, 32.890454747474749 ], [ 131.655722020202006, 32.890454747474749 ], [ 131.888156767676776, 32.890454747474749 ], [ 132.120591515151546, 32.890454747474749 ], [ 132.120591515151546, 32.731380707070713 ], [ 131.888156767676776, 32.731380707070713 ], [ 131.655722020202006, 32.731380707070713 ], [ 131.423287272727293, 32.731380707070713 ], [ 131.190852525252524, 32.731380707070713 ] ] ], [ [ [ 131.423287272727293, 32.890454747474756 ], [ 131.190852525252524, 32.890454747474756 ], [ 130.958417777777811, 32.890454747474756 ], [ 130.958417777777811, 33.049528787878792 ], [ 130.958417777777811, 33.208602828282828 ], [ 131.190852525252524, 33.208602828282828 ], [ 131.423287272727293, 33.208602828282828 ], [ 131.655722020202006, 33.208602828282828 ], [ 131.888156767676776, 33.208602828282828 ], [ 132.120591515151546, 33.208602828282828 ], [ 132.353026262626258, 33.208602828282828 ], [ 132.585461010101028, 33.208602828282828 ], [ 132.817895757575741, 33.208602828282828 ], [ 133.050330505050511, 33.208602828282828 ], [ 133.28276525252528, 33.208602828282828 ], [ 133.5152, 33.208602828282828 ], [ 133.5152, 33.049528787878792 ], [ 133.28276525252528, 33.049528787878792 ], [ 133.050330505050511, 33.049528787878792 ], [ 132.817895757575741, 33.049528787878792 ], [ 132.585461010101028, 33.049528787878792 ], [ 132.585461010101028, 32.890454747474756 ], [ 132.353026262626258, 32.890454747474756 ], [ 132.120591515151546, 32.890454747474756 ], [ 131.888156767676776, 32.890454747474756 ], [ 131.655722020202006, 32.890454747474756 ], [ 131.423287272727293, 32.890454747474756 ] ] ], [ [ [ 131.655722020202006, 33.526750909090907 ], [ 131.888156767676776, 33.526750909090907 ], [ 132.120591515151546, 33.526750909090907 ], [ 132.353026262626258, 33.526750909090907 ], [ 132.585461010101028, 33.526750909090907 ], [ 132.817895757575741, 33.526750909090907 ], [ 133.050330505050511, 33.526750909090907 ], [ 133.28276525252528, 33.526750909090907 ], [ 133.5152, 33.526750909090907 ], [ 133.747634747474763, 33.526750909090907 ], [ 133.980069494949475, 33.526750909090907 ], [ 133.980069494949475, 33.367676868686871 ], [ 133.980069494949475, 33.208602828282835 ], [ 133.747634747474763, 33.208602828282835 ], [ 133.5152, 33.208602828282835 ], [ 133.28276525252528, 33.208602828282835 ], [ 133.050330505050511, 33.208602828282835 ], [ 132.817895757575741, 33.208602828282835 ], [ 132.585461010101028, 33.208602828282835 ], [ 132.353026262626258, 33.208602828282835 ], [ 132.120591515151546, 33.208602828282835 ], [ 131.888156767676776, 33.208602828282835 ], [ 131.655722020202006, 33.208602828282835 ], [ 131.423287272727293, 33.208602828282835 ], [ 131.190852525252524, 33.208602828282835 ], [ 130.958417777777811, 33.208602828282835 ], [ 130.958417777777811, 33.367676868686871 ], [ 130.958417777777811, 33.526750909090907 ], [ 131.190852525252524, 33.526750909090907 ], [ 131.423287272727293, 33.526750909090907 ], [ 131.655722020202006, 33.526750909090907 ] ] ], [ [ [ 131.888156767676776, 33.844898989898986 ], [ 132.120591515151546, 33.844898989898986 ], [ 132.353026262626258, 33.844898989898986 ], [ 132.585461010101028, 33.844898989898986 ], [ 132.817895757575741, 33.844898989898986 ], [ 133.050330505050511, 33.844898989898986 ], [ 133.28276525252528, 33.844898989898986 ], [ 133.5152, 33.844898989898986 ], [ 133.747634747474763, 33.844898989898986 ], [ 133.980069494949475, 33.844898989898986 ], [ 133.980069494949475, 33.68582494949495 ], [ 133.980069494949475, 33.526750909090914 ], [ 133.747634747474763, 33.526750909090914 ], [ 133.5152, 33.526750909090914 ], [ 133.28276525252528, 33.526750909090914 ], [ 133.050330505050511, 33.526750909090914 ], [ 132.817895757575741, 33.526750909090914 ], [ 132.585461010101028, 33.526750909090914 ], [ 132.353026262626258, 33.526750909090914 ], [ 132.120591515151546, 33.526750909090914 ], [ 131.888156767676776, 33.526750909090914 ], [ 131.655722020202006, 33.526750909090914 ], [ 131.423287272727293, 33.526750909090914 ], [ 131.190852525252524, 33.526750909090914 ], [ 130.958417777777811, 33.526750909090914 ], [ 130.958417777777811, 33.68582494949495 ], [ 130.958417777777811, 33.844898989898986 ], [ 131.190852525252524, 33.844898989898986 ], [ 131.423287272727293, 33.844898989898986 ], [ 131.655722020202006, 33.844898989898986 ], [ 131.888156767676776, 33.844898989898986 ] ] ], [ [ [ 133.5152, 34.00397303030303 ], [ 133.747634747474763, 34.00397303030303 ], [ 133.980069494949475, 34.00397303030303 ], [ 133.980069494949475, 33.844898989898994 ], [ 133.747634747474763, 33.844898989898994 ], [ 133.5152, 33.844898989898994 ], [ 133.28276525252528, 33.844898989898994 ], [ 133.050330505050511, 33.844898989898994 ], [ 132.817895757575741, 33.844898989898994 ], [ 132.585461010101028, 33.844898989898994 ], [ 132.353026262626258, 33.844898989898994 ], [ 132.120591515151546, 33.844898989898994 ], [ 131.888156767676776, 33.844898989898994 ], [ 131.655722020202006, 33.844898989898994 ], [ 131.423287272727293, 33.844898989898994 ], [ 131.190852525252524, 33.844898989898994 ], [ 130.958417777777811, 33.844898989898994 ], [ 130.958417777777811, 34.00397303030303 ], [ 131.190852525252524, 34.00397303030303 ], [ 131.423287272727293, 34.00397303030303 ], [ 131.655722020202006, 34.00397303030303 ], [ 131.888156767676776, 34.00397303030303 ], [ 132.120591515151546, 34.00397303030303 ], [ 132.353026262626258, 34.00397303030303 ], [ 132.585461010101028, 34.00397303030303 ], [ 132.817895757575741, 34.00397303030303 ], [ 133.050330505050511, 34.00397303030303 ], [ 133.28276525252528, 34.00397303030303 ], [ 133.5152, 34.00397303030303 ] ] ], [ [ [ 130.958417777777811, 34.322121111111109 ], [ 131.190852525252524, 34.322121111111109 ], [ 131.423287272727293, 34.322121111111109 ], [ 131.655722020202006, 34.322121111111109 ], [ 131.888156767676776, 34.322121111111109 ], [ 132.120591515151546, 34.322121111111109 ], [ 132.353026262626258, 34.322121111111109 ], [ 132.585461010101028, 34.322121111111109 ], [ 132.817895757575741, 34.322121111111109 ], [ 133.050330505050511, 34.322121111111109 ], [ 133.28276525252528, 34.322121111111109 ], [ 133.5152, 34.322121111111109 ], [ 133.747634747474763, 34.322121111111109 ], [ 133.980069494949475, 34.322121111111109 ], [ 133.980069494949475, 34.163047070707073 ], [ 133.980069494949475, 34.003973030303037 ], [ 133.747634747474763, 34.003973030303037 ], [ 133.5152, 34.003973030303037 ], [ 133.28276525252528, 34.003973030303037 ], [ 133.050330505050511, 34.003973030303037 ], [ 132.817895757575741, 34.003973030303037 ], [ 132.585461010101028, 34.003973030303037 ], [ 132.353026262626258, 34.003973030303037 ], [ 132.120591515151546, 34.003973030303037 ], [ 131.888156767676776, 34.003973030303037 ], [ 131.655722020202006, 34.003973030303037 ], [ 131.423287272727293, 34.003973030303037 ], [ 131.190852525252524, 34.003973030303037 ], [ 130.958417777777811, 34.003973030303037 ], [ 130.958417777777811, 34.163047070707073 ], [ 130.958417777777811, 34.322121111111109 ] ] ], [ [ [ 131.888156767676776, 34.481195151515152 ], [ 132.120591515151546, 34.481195151515152 ], [ 132.353026262626258, 34.481195151515152 ], [ 132.585461010101028, 34.481195151515152 ], [ 132.817895757575741, 34.481195151515152 ], [ 133.050330505050511, 34.481195151515152 ], [ 133.28276525252528, 34.481195151515152 ], [ 133.5152, 34.481195151515152 ], [ 133.747634747474763, 34.481195151515152 ], [ 133.980069494949475, 34.481195151515152 ], [ 133.980069494949475, 34.322121111111116 ], [ 133.747634747474763, 34.322121111111116 ], [ 133.5152, 34.322121111111116 ], [ 133.28276525252528, 34.322121111111116 ], [ 133.050330505050511, 34.322121111111116 ], [ 132.817895757575741, 34.322121111111116 ], [ 132.585461010101028, 34.322121111111116 ], [ 132.353026262626258, 34.322121111111116 ], [ 132.120591515151546, 34.322121111111116 ], [ 131.888156767676776, 34.322121111111116 ], [ 131.655722020202006, 34.322121111111116 ], [ 131.423287272727293, 34.322121111111116 ], [ 131.190852525252524, 34.322121111111116 ], [ 130.958417777777811, 34.322121111111116 ], [ 130.958417777777811, 34.481195151515152 ], [ 131.190852525252524, 34.481195151515152 ], [ 131.423287272727293, 34.481195151515152 ], [ 131.655722020202006, 34.481195151515152 ], [ 131.888156767676776, 34.481195151515152 ] ] ], [ [ [ 132.353026262626258, 34.481195151515159 ], [ 132.120591515151546, 34.481195151515159 ], [ 131.888156767676776, 34.481195151515159 ], [ 131.655722020202006, 34.481195151515159 ], [ 131.423287272727293, 34.481195151515159 ], [ 131.190852525252524, 34.481195151515159 ], [ 130.958417777777811, 34.481195151515159 ], [ 130.958417777777811, 34.640269191919195 ], [ 130.958417777777811, 34.799343232323231 ], [ 131.190852525252524, 34.799343232323231 ], [ 131.423287272727293, 34.799343232323231 ], [ 131.655722020202006, 34.799343232323231 ], [ 131.888156767676776, 34.799343232323231 ], [ 132.120591515151546, 34.799343232323231 ], [ 132.353026262626258, 34.799343232323231 ], [ 132.353026262626258, 34.640269191919195 ], [ 132.585461010101028, 34.640269191919195 ], [ 132.817895757575741, 34.640269191919195 ], [ 132.817895757575741, 34.799343232323231 ], [ 133.050330505050511, 34.799343232323231 ], [ 133.28276525252528, 34.799343232323231 ], [ 133.5152, 34.799343232323231 ], [ 133.747634747474763, 34.799343232323231 ], [ 133.980069494949475, 34.799343232323231 ], [ 133.980069494949475, 34.640269191919195 ], [ 133.980069494949475, 34.481195151515159 ], [ 133.747634747474763, 34.481195151515159 ], [ 133.5152, 34.481195151515159 ], [ 133.28276525252528, 34.481195151515159 ], [ 133.050330505050511, 34.481195151515159 ], [ 132.817895757575741, 34.481195151515159 ], [ 132.585461010101028, 34.481195151515159 ], [ 132.353026262626258, 34.481195151515159 ] ] ], [ [ [ 132.817895757575741, 43.866563535353535 ], [ 132.817895757575741, 43.707489494949499 ], [ 132.585461010101028, 43.707489494949499 ], [ 132.353026262626258, 43.707489494949499 ], [ 132.120591515151546, 43.707489494949499 ], [ 132.120591515151546, 43.866563535353535 ], [ 132.120591515151546, 44.025637575757571 ], [ 132.353026262626258, 44.025637575757571 ], [ 132.585461010101028, 44.025637575757571 ], [ 132.817895757575741, 44.025637575757571 ], [ 132.817895757575741, 43.866563535353535 ] ] ], [ [ [ 134.212504242424245, 33.367676868686871 ], [ 133.980069494949532, 33.367676868686871 ], [ 133.980069494949532, 33.526750909090907 ], [ 134.212504242424245, 33.526750909090907 ], [ 134.444938989899015, 33.526750909090907 ], [ 134.444938989899015, 33.367676868686871 ], [ 134.212504242424245, 33.367676868686871 ] ] ], [ [ [ 134.212504242424245, 33.844898989898986 ], [ 134.444938989899015, 33.844898989898986 ], [ 134.677373737373728, 33.844898989898986 ], [ 134.909808484848497, 33.844898989898986 ], [ 135.14224323232321, 33.844898989898986 ], [ 135.14224323232321, 33.68582494949495 ], [ 134.909808484848497, 33.68582494949495 ], [ 134.909808484848497, 33.526750909090914 ], [ 134.677373737373728, 33.526750909090914 ], [ 134.444938989899015, 33.526750909090914 ], [ 134.212504242424245, 33.526750909090914 ], [ 133.980069494949532, 33.526750909090914 ], [ 133.980069494949532, 33.68582494949495 ], [ 133.980069494949532, 33.844898989898986 ], [ 134.212504242424245, 33.844898989898986 ] ] ], [ [ [ 134.909808484848497, 34.00397303030303 ], [ 135.14224323232321, 34.00397303030303 ], [ 135.14224323232321, 33.844898989898994 ], [ 134.909808484848497, 33.844898989898994 ], [ 134.677373737373728, 33.844898989898994 ], [ 134.444938989899015, 33.844898989898994 ], [ 134.212504242424245, 33.844898989898994 ], [ 133.980069494949532, 33.844898989898994 ], [ 133.980069494949532, 34.00397303030303 ], [ 134.212504242424245, 34.00397303030303 ], [ 134.444938989899015, 34.00397303030303 ], [ 134.677373737373728, 34.00397303030303 ], [ 134.909808484848497, 34.00397303030303 ] ] ], [ [ [ 133.980069494949532, 34.003973030303037 ], [ 133.980069494949532, 34.163047070707073 ], [ 133.980069494949532, 34.322121111111109 ], [ 134.212504242424245, 34.322121111111109 ], [ 134.444938989899015, 34.322121111111109 ], [ 134.677373737373728, 34.322121111111109 ], [ 134.909808484848497, 34.322121111111109 ], [ 135.14224323232321, 34.322121111111109 ], [ 135.14224323232321, 34.163047070707073 ], [ 135.14224323232321, 34.003973030303037 ], [ 134.909808484848497, 34.003973030303037 ], [ 134.677373737373728, 34.003973030303037 ], [ 134.444938989899015, 34.003973030303037 ], [ 134.212504242424245, 34.003973030303037 ], [ 133.980069494949532, 34.003973030303037 ] ] ], [ [ [ 134.212504242424245, 34.481195151515152 ], [ 134.444938989899015, 34.481195151515152 ], [ 134.677373737373728, 34.481195151515152 ], [ 134.909808484848497, 34.481195151515152 ], [ 135.14224323232321, 34.481195151515152 ], [ 135.14224323232321, 34.322121111111116 ], [ 134.909808484848497, 34.322121111111116 ], [ 134.677373737373728, 34.322121111111116 ], [ 134.444938989899015, 34.322121111111116 ], [ 134.212504242424245, 34.322121111111116 ], [ 133.980069494949532, 34.322121111111116 ], [ 133.980069494949532, 34.481195151515152 ], [ 134.212504242424245, 34.481195151515152 ] ] ], [ [ [ 134.444938989899015, 34.799343232323231 ], [ 134.677373737373728, 34.799343232323231 ], [ 134.909808484848497, 34.799343232323231 ], [ 135.14224323232321, 34.799343232323231 ], [ 135.14224323232321, 34.640269191919195 ], [ 135.14224323232321, 34.481195151515159 ], [ 134.909808484848497, 34.481195151515159 ], [ 134.677373737373728, 34.481195151515159 ], [ 134.444938989899015, 34.481195151515159 ], [ 134.212504242424245, 34.481195151515159 ], [ 133.980069494949532, 34.481195151515159 ], [ 133.980069494949532, 34.640269191919195 ], [ 133.980069494949532, 34.799343232323231 ], [ 134.212504242424245, 34.799343232323231 ], [ 134.444938989899015, 34.799343232323231 ] ] ], [ [ [ 133.747634747474763, 34.799343232323238 ], [ 133.5152, 34.799343232323238 ], [ 133.5152, 34.958417272727274 ], [ 133.747634747474763, 34.958417272727274 ], [ 133.747634747474763, 35.11749131313131 ], [ 133.980069494949475, 35.11749131313131 ], [ 133.980069494949475, 34.958417272727274 ], [ 133.980069494949475, 34.799343232323238 ], [ 133.747634747474763, 34.799343232323238 ] ] ], [ [ [ 134.212504242424245, 35.11749131313131 ], [ 134.444938989899015, 35.11749131313131 ], [ 134.677373737373728, 35.11749131313131 ], [ 134.909808484848497, 35.11749131313131 ], [ 135.14224323232321, 35.11749131313131 ], [ 135.14224323232321, 34.958417272727274 ], [ 135.14224323232321, 34.799343232323238 ], [ 134.909808484848497, 34.799343232323238 ], [ 134.677373737373728, 34.799343232323238 ], [ 134.444938989899015, 34.799343232323238 ], [ 134.212504242424245, 34.799343232323238 ], [ 133.980069494949532, 34.799343232323238 ], [ 133.980069494949532, 34.958417272727274 ], [ 133.980069494949532, 35.11749131313131 ], [ 134.212504242424245, 35.11749131313131 ] ] ], [ [ [ 133.980069494949532, 35.276565353535354 ], [ 134.212504242424245, 35.276565353535354 ], [ 134.444938989899015, 35.276565353535354 ], [ 134.677373737373728, 35.276565353535354 ], [ 134.909808484848497, 35.276565353535354 ], [ 135.14224323232321, 35.276565353535354 ], [ 135.14224323232321, 35.117491313131318 ], [ 134.909808484848497, 35.117491313131318 ], [ 134.677373737373728, 35.117491313131318 ], [ 134.444938989899015, 35.117491313131318 ], [ 134.212504242424245, 35.117491313131318 ], [ 133.980069494949532, 35.117491313131318 ], [ 133.980069494949532, 35.276565353535354 ] ] ], [ [ [ 135.14224323232321, 35.435639393939397 ], [ 135.14224323232321, 35.276565353535361 ], [ 134.909808484848497, 35.276565353535361 ], [ 134.677373737373728, 35.276565353535361 ], [ 134.444938989899015, 35.276565353535361 ], [ 134.444938989899015, 35.435639393939397 ], [ 134.677373737373728, 35.435639393939397 ], [ 134.909808484848497, 35.435639393939397 ], [ 134.909808484848497, 35.594713434343433 ], [ 135.14224323232321, 35.594713434343433 ], [ 135.14224323232321, 35.435639393939397 ] ] ], [ [ [ 133.980069494949475, 43.389341414141413 ], [ 133.980069494949475, 43.230267373737377 ], [ 133.747634747474763, 43.230267373737377 ], [ 133.747634747474763, 43.389341414141413 ], [ 133.980069494949475, 43.389341414141413 ] ] ], [ [ [ 134.677373737373728, 43.389341414141413 ], [ 134.909808484848497, 43.389341414141413 ], [ 134.909808484848497, 43.230267373737377 ], [ 134.677373737373728, 43.230267373737377 ], [ 134.444938989899015, 43.230267373737377 ], [ 134.212504242424245, 43.230267373737377 ], [ 133.980069494949532, 43.230267373737377 ], [ 133.980069494949532, 43.389341414141413 ], [ 134.212504242424245, 43.389341414141413 ], [ 134.444938989899015, 43.389341414141413 ], [ 134.677373737373728, 43.389341414141413 ] ] ], [ [ [ 133.980069494949475, 43.548415454545456 ], [ 133.980069494949475, 43.38934141414142 ], [ 133.747634747474763, 43.38934141414142 ], [ 133.5152, 43.38934141414142 ], [ 133.5152, 43.548415454545456 ], [ 133.747634747474763, 43.548415454545456 ], [ 133.747634747474763, 43.707489494949492 ], [ 133.980069494949475, 43.707489494949492 ], [ 133.980069494949475, 43.548415454545456 ] ] ], [ [ [ 134.677373737373728, 43.707489494949492 ], [ 134.909808484848497, 43.707489494949492 ], [ 135.14224323232321, 43.707489494949492 ], [ 135.14224323232321, 43.548415454545456 ], [ 135.14224323232321, 43.38934141414142 ], [ 134.909808484848497, 43.38934141414142 ], [ 134.677373737373728, 43.38934141414142 ], [ 134.444938989899015, 43.38934141414142 ], [ 134.212504242424245, 43.38934141414142 ], [ 133.980069494949532, 43.38934141414142 ], [ 133.980069494949532, 43.548415454545456 ], [ 133.980069494949532, 43.707489494949492 ], [ 134.212504242424245, 43.707489494949492 ], [ 134.444938989899015, 43.707489494949492 ], [ 134.677373737373728, 43.707489494949492 ] ] ], [ [ [ 135.14224323232321, 44.025637575757571 ], [ 135.14224323232321, 43.866563535353535 ], [ 135.14224323232321, 43.707489494949499 ], [ 134.909808484848497, 43.707489494949499 ], [ 134.677373737373728, 43.707489494949499 ], [ 134.444938989899015, 43.707489494949499 ], [ 134.212504242424245, 43.707489494949499 ], [ 133.980069494949532, 43.707489494949499 ], [ 133.980069494949532, 43.866563535353535 ], [ 134.212504242424245, 43.866563535353535 ], [ 134.444938989899015, 43.866563535353535 ], [ 134.444938989899015, 44.025637575757571 ], [ 134.677373737373728, 44.025637575757571 ], [ 134.909808484848497, 44.025637575757571 ], [ 135.14224323232321, 44.025637575757571 ] ] ], [ [ [ 135.607112727272749, 33.844898989898986 ], [ 135.607112727272749, 33.68582494949495 ], [ 135.37467797979798, 33.68582494949495 ], [ 135.142243232323267, 33.68582494949495 ], [ 135.142243232323267, 33.844898989898986 ], [ 135.37467797979798, 33.844898989898986 ], [ 135.607112727272749, 33.844898989898986 ] ] ], [ [ [ 136.071982222222232, 34.00397303030303 ], [ 136.071982222222232, 33.844898989898994 ], [ 135.839547474747462, 33.844898989898994 ], [ 135.607112727272749, 33.844898989898994 ], [ 135.37467797979798, 33.844898989898994 ], [ 135.142243232323267, 33.844898989898994 ], [ 135.142243232323267, 34.00397303030303 ], [ 135.37467797979798, 34.00397303030303 ], [ 135.607112727272749, 34.00397303030303 ], [ 135.839547474747462, 34.00397303030303 ], [ 136.071982222222232, 34.00397303030303 ] ] ], [ [ [ 136.304416969697002, 34.322121111111109 ], [ 136.536851717171714, 34.322121111111109 ], [ 136.769286464646484, 34.322121111111109 ], [ 137.001721212121197, 34.322121111111109 ], [ 137.001721212121197, 34.163047070707073 ], [ 136.769286464646484, 34.163047070707073 ], [ 136.769286464646484, 34.003973030303037 ], [ 136.536851717171714, 34.003973030303037 ], [ 136.304416969697002, 34.003973030303037 ], [ 136.071982222222232, 34.003973030303037 ], [ 135.839547474747462, 34.003973030303037 ], [ 135.607112727272749, 34.003973030303037 ], [ 135.37467797979798, 34.003973030303037 ], [ 135.142243232323267, 34.003973030303037 ], [ 135.142243232323267, 34.163047070707073 ], [ 135.142243232323267, 34.322121111111109 ], [ 135.37467797979798, 34.322121111111109 ], [ 135.607112727272749, 34.322121111111109 ], [ 135.839547474747462, 34.322121111111109 ], [ 136.071982222222232, 34.322121111111109 ], [ 136.304416969697002, 34.322121111111109 ] ] ], [ [ [ 135.839547474747462, 34.322121111111116 ], [ 135.607112727272749, 34.322121111111116 ], [ 135.37467797979798, 34.322121111111116 ], [ 135.142243232323267, 34.322121111111116 ], [ 135.142243232323267, 34.481195151515152 ], [ 135.37467797979798, 34.481195151515152 ], [ 135.607112727272749, 34.481195151515152 ], [ 135.839547474747462, 34.481195151515152 ], [ 136.071982222222232, 34.481195151515152 ], [ 136.304416969697002, 34.481195151515152 ], [ 136.536851717171714, 34.481195151515152 ], [ 136.769286464646484, 34.481195151515152 ], [ 137.001721212121197, 34.481195151515152 ], [ 137.001721212121197, 34.322121111111116 ], [ 136.769286464646484, 34.322121111111116 ], [ 136.536851717171714, 34.322121111111116 ], [ 136.304416969697002, 34.322121111111116 ], [ 136.071982222222232, 34.322121111111116 ], [ 135.839547474747462, 34.322121111111116 ] ] ], [ [ [ 136.071982222222232, 34.799343232323231 ], [ 136.304416969697002, 34.799343232323231 ], [ 136.536851717171714, 34.799343232323231 ], [ 136.769286464646484, 34.799343232323231 ], [ 137.001721212121197, 34.799343232323231 ], [ 137.001721212121197, 34.640269191919195 ], [ 137.001721212121197, 34.481195151515159 ], [ 136.769286464646484, 34.481195151515159 ], [ 136.536851717171714, 34.481195151515159 ], [ 136.304416969697002, 34.481195151515159 ], [ 136.071982222222232, 34.481195151515159 ], [ 135.839547474747462, 34.481195151515159 ], [ 135.607112727272749, 34.481195151515159 ], [ 135.37467797979798, 34.481195151515159 ], [ 135.142243232323267, 34.481195151515159 ], [ 135.142243232323267, 34.640269191919195 ], [ 135.142243232323267, 34.799343232323231 ], [ 135.37467797979798, 34.799343232323231 ], [ 135.607112727272749, 34.799343232323231 ], [ 135.839547474747462, 34.799343232323231 ], [ 136.071982222222232, 34.799343232323231 ] ] ], [ [ [ 136.071982222222232, 34.799343232323238 ], [ 135.839547474747462, 34.799343232323238 ], [ 135.607112727272749, 34.799343232323238 ], [ 135.37467797979798, 34.799343232323238 ], [ 135.142243232323267, 34.799343232323238 ], [ 135.142243232323267, 34.958417272727274 ], [ 135.142243232323267, 35.11749131313131 ], [ 135.37467797979798, 35.11749131313131 ], [ 135.607112727272749, 35.11749131313131 ], [ 135.839547474747462, 35.11749131313131 ], [ 136.071982222222232, 35.11749131313131 ], [ 136.304416969697002, 35.11749131313131 ], [ 136.536851717171714, 35.11749131313131 ], [ 136.769286464646484, 35.11749131313131 ], [ 137.001721212121197, 35.11749131313131 ], [ 137.001721212121197, 34.958417272727274 ], [ 137.001721212121197, 34.799343232323238 ], [ 136.769286464646484, 34.799343232323238 ], [ 136.536851717171714, 34.799343232323238 ], [ 136.304416969697002, 34.799343232323238 ], [ 136.071982222222232, 34.799343232323238 ] ] ], [ [ [ 136.071982222222232, 35.117491313131318 ], [ 135.839547474747462, 35.117491313131318 ], [ 135.607112727272749, 35.117491313131318 ], [ 135.37467797979798, 35.117491313131318 ], [ 135.142243232323267, 35.117491313131318 ], [ 135.142243232323267, 35.276565353535354 ], [ 135.37467797979798, 35.276565353535354 ], [ 135.607112727272749, 35.276565353535354 ], [ 135.839547474747462, 35.276565353535354 ], [ 136.071982222222232, 35.276565353535354 ], [ 136.304416969697002, 35.276565353535354 ], [ 136.536851717171714, 35.276565353535354 ], [ 136.769286464646484, 35.276565353535354 ], [ 137.001721212121197, 35.276565353535354 ], [ 137.001721212121197, 35.117491313131318 ], [ 136.769286464646484, 35.117491313131318 ], [ 136.536851717171714, 35.117491313131318 ], [ 136.304416969697002, 35.117491313131318 ], [ 136.071982222222232, 35.117491313131318 ] ] ], [ [ [ 135.839547474747462, 35.594713434343433 ], [ 136.071982222222232, 35.594713434343433 ], [ 136.304416969697002, 35.594713434343433 ], [ 136.536851717171714, 35.594713434343433 ], [ 136.769286464646484, 35.594713434343433 ], [ 137.001721212121197, 35.594713434343433 ], [ 137.001721212121197, 35.435639393939397 ], [ 137.001721212121197, 35.276565353535361 ], [ 136.769286464646484, 35.276565353535361 ], [ 136.536851717171714, 35.276565353535361 ], [ 136.304416969697002, 35.276565353535361 ], [ 136.071982222222232, 35.276565353535361 ], [ 135.839547474747462, 35.276565353535361 ], [ 135.607112727272749, 35.276565353535361 ], [ 135.37467797979798, 35.276565353535361 ], [ 135.142243232323267, 35.276565353535361 ], [ 135.142243232323267, 35.435639393939397 ], [ 135.142243232323267, 35.594713434343433 ], [ 135.37467797979798, 35.594713434343433 ], [ 135.607112727272749, 35.594713434343433 ], [ 135.839547474747462, 35.594713434343433 ] ] ], [ [ [ 135.607112727272749, 35.753787474747476 ], [ 135.607112727272749, 35.912861515151512 ], [ 135.839547474747462, 35.912861515151512 ], [ 136.071982222222232, 35.912861515151512 ], [ 136.304416969697002, 35.912861515151512 ], [ 136.536851717171714, 35.912861515151512 ], [ 136.769286464646484, 35.912861515151512 ], [ 137.001721212121197, 35.912861515151512 ], [ 137.001721212121197, 35.753787474747476 ], [ 137.001721212121197, 35.59471343434344 ], [ 136.769286464646484, 35.59471343434344 ], [ 136.536851717171714, 35.59471343434344 ], [ 136.304416969697002, 35.59471343434344 ], [ 136.071982222222232, 35.59471343434344 ], [ 135.839547474747462, 35.59471343434344 ], [ 135.607112727272749, 35.59471343434344 ], [ 135.37467797979798, 35.59471343434344 ], [ 135.37467797979798, 35.753787474747476 ], [ 135.607112727272749, 35.753787474747476 ] ] ], [ [ [ 136.536851717171714, 36.071935555555555 ], [ 136.769286464646484, 36.071935555555555 ], [ 137.001721212121197, 36.071935555555555 ], [ 137.001721212121197, 35.912861515151519 ], [ 136.769286464646484, 35.912861515151519 ], [ 136.536851717171714, 35.912861515151519 ], [ 136.304416969697002, 35.912861515151519 ], [ 136.071982222222232, 35.912861515151519 ], [ 135.839547474747462, 35.912861515151519 ], [ 135.607112727272749, 35.912861515151519 ], [ 135.607112727272749, 36.071935555555555 ], [ 135.839547474747462, 36.071935555555555 ], [ 136.071982222222232, 36.071935555555555 ], [ 136.304416969697002, 36.071935555555555 ], [ 136.536851717171714, 36.071935555555555 ] ] ], [ [ [ 136.304416969697002, 36.390083636363634 ], [ 136.536851717171714, 36.390083636363634 ], [ 136.769286464646484, 36.390083636363634 ], [ 137.001721212121197, 36.390083636363634 ], [ 137.001721212121197, 36.231009595959598 ], [ 137.001721212121197, 36.071935555555562 ], [ 136.769286464646484, 36.071935555555562 ], [ 136.536851717171714, 36.071935555555562 ], [ 136.304416969697002, 36.071935555555562 ], [ 136.071982222222232, 36.071935555555562 ], [ 135.839547474747462, 36.071935555555562 ], [ 135.607112727272749, 36.071935555555562 ], [ 135.37467797979798, 36.071935555555562 ], [ 135.37467797979798, 36.231009595959598 ], [ 135.37467797979798, 36.390083636363634 ], [ 135.607112727272749, 36.390083636363634 ], [ 135.839547474747462, 36.390083636363634 ], [ 136.071982222222232, 36.390083636363634 ], [ 136.304416969697002, 36.390083636363634 ] ] ], [ [ [ 135.37467797979798, 36.549157676767678 ], [ 135.37467797979798, 36.708231717171714 ], [ 135.607112727272749, 36.708231717171714 ], [ 135.839547474747462, 36.708231717171714 ], [ 136.071982222222232, 36.708231717171714 ], [ 136.304416969697002, 36.708231717171714 ], [ 136.536851717171714, 36.708231717171714 ], [ 136.769286464646484, 36.708231717171714 ], [ 137.001721212121197, 36.708231717171714 ], [ 137.001721212121197, 36.549157676767678 ], [ 137.001721212121197, 36.390083636363642 ], [ 136.769286464646484, 36.390083636363642 ], [ 136.536851717171714, 36.390083636363642 ], [ 136.304416969697002, 36.390083636363642 ], [ 136.071982222222232, 36.390083636363642 ], [ 135.839547474747462, 36.390083636363642 ], [ 135.607112727272749, 36.390083636363642 ], [ 135.37467797979798, 36.390083636363642 ], [ 135.142243232323267, 36.390083636363642 ], [ 135.142243232323267, 36.549157676767678 ], [ 135.37467797979798, 36.549157676767678 ] ] ], [ [ [ 136.304416969697002, 36.867305757575757 ], [ 136.536851717171714, 36.867305757575757 ], [ 136.769286464646484, 36.867305757575757 ], [ 137.001721212121197, 36.867305757575757 ], [ 137.001721212121197, 36.708231717171721 ], [ 136.769286464646484, 36.708231717171721 ], [ 136.536851717171714, 36.708231717171721 ], [ 136.304416969697002, 36.708231717171721 ], [ 136.071982222222232, 36.708231717171721 ], [ 135.839547474747462, 36.708231717171721 ], [ 135.607112727272749, 36.708231717171721 ], [ 135.37467797979798, 36.708231717171721 ], [ 135.37467797979798, 36.867305757575757 ], [ 135.607112727272749, 36.867305757575757 ], [ 135.839547474747462, 36.867305757575757 ], [ 136.071982222222232, 36.867305757575757 ], [ 136.304416969697002, 36.867305757575757 ] ] ], [ [ [ 137.001721212121197, 36.867305757575764 ], [ 136.769286464646484, 36.867305757575764 ], [ 136.536851717171714, 36.867305757575764 ], [ 136.304416969697002, 36.867305757575764 ], [ 136.071982222222232, 36.867305757575764 ], [ 135.839547474747462, 36.867305757575764 ], [ 135.839547474747462, 37.0263797979798 ], [ 136.071982222222232, 37.0263797979798 ], [ 136.304416969697002, 37.0263797979798 ], [ 136.536851717171714, 37.0263797979798 ], [ 136.769286464646484, 37.0263797979798 ], [ 137.001721212121197, 37.0263797979798 ], [ 137.001721212121197, 36.867305757575764 ] ] ], [ [ [ 135.839547474747462, 43.548415454545456 ], [ 135.607112727272749, 43.548415454545456 ], [ 135.607112727272749, 43.38934141414142 ], [ 135.37467797979798, 43.38934141414142 ], [ 135.142243232323267, 43.38934141414142 ], [ 135.142243232323267, 43.548415454545456 ], [ 135.142243232323267, 43.707489494949492 ], [ 135.37467797979798, 43.707489494949492 ], [ 135.607112727272749, 43.707489494949492 ], [ 135.839547474747462, 43.707489494949492 ], [ 135.839547474747462, 43.548415454545456 ] ] ], [ [ [ 135.607112727272749, 44.025637575757571 ], [ 135.839547474747462, 44.025637575757571 ], [ 135.839547474747462, 43.866563535353535 ], [ 136.071982222222232, 43.866563535353535 ], [ 136.071982222222232, 43.707489494949499 ], [ 135.839547474747462, 43.707489494949499 ], [ 135.607112727272749, 43.707489494949499 ], [ 135.37467797979798, 43.707489494949499 ], [ 135.142243232323267, 43.707489494949499 ], [ 135.142243232323267, 43.866563535353535 ], [ 135.142243232323267, 44.025637575757571 ], [ 135.37467797979798, 44.025637575757571 ], [ 135.607112727272749, 44.025637575757571 ] ] ], [ [ [ 137.234155959595967, 34.322121111111109 ], [ 137.234155959595967, 34.163047070707073 ], [ 137.001721212121254, 34.163047070707073 ], [ 137.001721212121254, 34.322121111111109 ], [ 137.234155959595967, 34.322121111111109 ] ] ], [ [ [ 137.001721212121254, 34.322121111111116 ], [ 137.001721212121254, 34.481195151515152 ], [ 137.234155959595967, 34.481195151515152 ], [ 137.466590707070736, 34.481195151515152 ], [ 137.466590707070736, 34.322121111111116 ], [ 137.234155959595967, 34.322121111111116 ], [ 137.001721212121254, 34.322121111111116 ] ] ], [ [ [ 137.234155959595967, 34.799343232323231 ], [ 137.466590707070736, 34.799343232323231 ], [ 137.699025454545449, 34.799343232323231 ], [ 137.931460202020219, 34.799343232323231 ], [ 138.163894949494932, 34.799343232323231 ], [ 138.163894949494932, 34.640269191919195 ], [ 137.931460202020219, 34.640269191919195 ], [ 137.931460202020219, 34.481195151515159 ], [ 137.699025454545449, 34.481195151515159 ], [ 137.466590707070736, 34.481195151515159 ], [ 137.234155959595967, 34.481195151515159 ], [ 137.001721212121254, 34.481195151515159 ], [ 137.001721212121254, 34.640269191919195 ], [ 137.001721212121254, 34.799343232323231 ], [ 137.234155959595967, 34.799343232323231 ] ] ], [ [ [ 137.001721212121254, 35.11749131313131 ], [ 137.234155959595967, 35.11749131313131 ], [ 137.466590707070736, 35.11749131313131 ], [ 137.699025454545449, 35.11749131313131 ], [ 137.931460202020219, 35.11749131313131 ], [ 138.163894949494932, 35.11749131313131 ], [ 138.163894949494932, 34.958417272727274 ], [ 138.163894949494932, 34.799343232323238 ], [ 137.931460202020219, 34.799343232323238 ], [ 137.699025454545449, 34.799343232323238 ], [ 137.466590707070736, 34.799343232323238 ], [ 137.234155959595967, 34.799343232323238 ], [ 137.001721212121254, 34.799343232323238 ], [ 137.001721212121254, 34.958417272727274 ], [ 137.001721212121254, 35.11749131313131 ] ] ], [ [ [ 137.466590707070736, 35.117491313131318 ], [ 137.234155959595967, 35.117491313131318 ], [ 137.001721212121254, 35.117491313131318 ], [ 137.001721212121254, 35.276565353535354 ], [ 137.234155959595967, 35.276565353535354 ], [ 137.466590707070736, 35.276565353535354 ], [ 137.699025454545449, 35.276565353535354 ], [ 137.931460202020219, 35.276565353535354 ], [ 138.163894949494932, 35.276565353535354 ], [ 138.163894949494932, 35.117491313131318 ], [ 137.931460202020219, 35.117491313131318 ], [ 137.699025454545449, 35.117491313131318 ], [ 137.466590707070736, 35.117491313131318 ] ] ], [ [ [ 139.093633939393953, 35.276565353535354 ], [ 139.326068686868666, 35.276565353535354 ], [ 139.326068686868666, 35.117491313131318 ], [ 139.093633939393953, 35.117491313131318 ], [ 138.861199191919184, 35.117491313131318 ], [ 138.628764444444471, 35.117491313131318 ], [ 138.396329696969701, 35.117491313131318 ], [ 138.163894949494988, 35.117491313131318 ], [ 138.163894949494988, 35.276565353535354 ], [ 138.396329696969701, 35.276565353535354 ], [ 138.628764444444471, 35.276565353535354 ], [ 138.861199191919184, 35.276565353535354 ], [ 139.093633939393953, 35.276565353535354 ] ] ], [ [ [ 137.001721212121254, 35.276565353535361 ], [ 137.001721212121254, 35.435639393939397 ], [ 137.001721212121254, 35.594713434343433 ], [ 137.234155959595967, 35.594713434343433 ], [ 137.466590707070736, 35.594713434343433 ], [ 137.699025454545449, 35.594713434343433 ], [ 137.931460202020219, 35.594713434343433 ], [ 138.163894949494932, 35.594713434343433 ], [ 138.163894949494932, 35.435639393939397 ], [ 138.163894949494932, 35.276565353535361 ], [ 137.931460202020219, 35.276565353535361 ], [ 137.699025454545449, 35.276565353535361 ], [ 137.466590707070736, 35.276565353535361 ], [ 137.234155959595967, 35.276565353535361 ], [ 137.001721212121254, 35.276565353535361 ] ] ], [ [ [ 138.861199191919184, 35.594713434343433 ], [ 139.093633939393953, 35.594713434343433 ], [ 139.326068686868666, 35.594713434343433 ], [ 139.326068686868666, 35.435639393939397 ], [ 139.326068686868666, 35.276565353535361 ], [ 139.093633939393953, 35.276565353535361 ], [ 138.861199191919184, 35.276565353535361 ], [ 138.628764444444471, 35.276565353535361 ], [ 138.396329696969701, 35.276565353535361 ], [ 138.163894949494988, 35.276565353535361 ], [ 138.163894949494988, 35.435639393939397 ], [ 138.163894949494988, 35.594713434343433 ], [ 138.396329696969701, 35.594713434343433 ], [ 138.628764444444471, 35.594713434343433 ], [ 138.861199191919184, 35.594713434343433 ] ] ], [ [ [ 138.163894949494932, 35.753787474747476 ], [ 138.163894949494932, 35.59471343434344 ], [ 137.931460202020219, 35.59471343434344 ], [ 137.699025454545449, 35.59471343434344 ], [ 137.466590707070736, 35.59471343434344 ], [ 137.234155959595967, 35.59471343434344 ], [ 137.001721212121254, 35.59471343434344 ], [ 137.001721212121254, 35.753787474747476 ], [ 137.001721212121254, 35.912861515151512 ], [ 137.234155959595967, 35.912861515151512 ], [ 137.466590707070736, 35.912861515151512 ], [ 137.699025454545449, 35.912861515151512 ], [ 137.931460202020219, 35.912861515151512 ], [ 138.163894949494932, 35.912861515151512 ], [ 138.163894949494932, 35.753787474747476 ] ] ], [ [ [ 138.861199191919184, 35.59471343434344 ], [ 138.628764444444471, 35.59471343434344 ], [ 138.396329696969701, 35.59471343434344 ], [ 138.163894949494988, 35.59471343434344 ], [ 138.163894949494988, 35.753787474747476 ], [ 138.163894949494988, 35.912861515151512 ], [ 138.396329696969701, 35.912861515151512 ], [ 138.628764444444471, 35.912861515151512 ], [ 138.861199191919184, 35.912861515151512 ], [ 139.093633939393953, 35.912861515151512 ], [ 139.326068686868666, 35.912861515151512 ], [ 139.326068686868666, 35.753787474747476 ], [ 139.326068686868666, 35.59471343434344 ], [ 139.093633939393953, 35.59471343434344 ], [ 138.861199191919184, 35.59471343434344 ] ] ], [ [ [ 137.931460202020219, 36.071935555555555 ], [ 138.163894949494932, 36.071935555555555 ], [ 138.163894949494932, 35.912861515151519 ], [ 137.931460202020219, 35.912861515151519 ], [ 137.699025454545449, 35.912861515151519 ], [ 137.466590707070736, 35.912861515151519 ], [ 137.234155959595967, 35.912861515151519 ], [ 137.001721212121254, 35.912861515151519 ], [ 137.001721212121254, 36.071935555555555 ], [ 137.234155959595967, 36.071935555555555 ], [ 137.466590707070736, 36.071935555555555 ], [ 137.699025454545449, 36.071935555555555 ], [ 137.931460202020219, 36.071935555555555 ] ] ], [ [ [ 138.396329696969701, 36.071935555555555 ], [ 138.628764444444471, 36.071935555555555 ], [ 138.861199191919184, 36.071935555555555 ], [ 139.093633939393953, 36.071935555555555 ], [ 139.326068686868666, 36.071935555555555 ], [ 139.326068686868666, 35.912861515151519 ], [ 139.093633939393953, 35.912861515151519 ], [ 138.861199191919184, 35.912861515151519 ], [ 138.628764444444471, 35.912861515151519 ], [ 138.396329696969701, 35.912861515151519 ], [ 138.163894949494988, 35.912861515151519 ], [ 138.163894949494988, 36.071935555555555 ], [ 138.396329696969701, 36.071935555555555 ] ] ], [ [ [ 137.001721212121254, 36.231009595959598 ], [ 137.001721212121254, 36.390083636363634 ], [ 137.234155959595967, 36.390083636363634 ], [ 137.466590707070736, 36.390083636363634 ], [ 137.699025454545449, 36.390083636363634 ], [ 137.931460202020219, 36.390083636363634 ], [ 138.163894949494932, 36.390083636363634 ], [ 138.163894949494932, 36.231009595959598 ], [ 138.163894949494932, 36.071935555555562 ], [ 137.931460202020219, 36.071935555555562 ], [ 137.699025454545449, 36.071935555555562 ], [ 137.466590707070736, 36.071935555555562 ], [ 137.234155959595967, 36.071935555555562 ], [ 137.001721212121254, 36.071935555555562 ], [ 137.001721212121254, 36.231009595959598 ] ] ], [ [ [ 138.163894949494988, 36.390083636363634 ], [ 138.396329696969701, 36.390083636363634 ], [ 138.628764444444471, 36.390083636363634 ], [ 138.861199191919184, 36.390083636363634 ], [ 139.093633939393953, 36.390083636363634 ], [ 139.326068686868666, 36.390083636363634 ], [ 139.326068686868666, 36.231009595959598 ], [ 139.326068686868666, 36.071935555555562 ], [ 139.093633939393953, 36.071935555555562 ], [ 138.861199191919184, 36.071935555555562 ], [ 138.628764444444471, 36.071935555555562 ], [ 138.396329696969701, 36.071935555555562 ], [ 138.163894949494988, 36.071935555555562 ], [ 138.163894949494988, 36.231009595959598 ], [ 138.163894949494988, 36.390083636363634 ] ] ], [ [ [ 137.931460202020219, 36.708231717171714 ], [ 138.163894949494932, 36.708231717171714 ], [ 138.163894949494932, 36.549157676767678 ], [ 138.163894949494932, 36.390083636363642 ], [ 137.931460202020219, 36.390083636363642 ], [ 137.699025454545449, 36.390083636363642 ], [ 137.466590707070736, 36.390083636363642 ], [ 137.234155959595967, 36.390083636363642 ], [ 137.001721212121254, 36.390083636363642 ], [ 137.001721212121254, 36.549157676767678 ], [ 137.001721212121254, 36.708231717171714 ], [ 137.234155959595967, 36.708231717171714 ], [ 137.466590707070736, 36.708231717171714 ], [ 137.699025454545449, 36.708231717171714 ], [ 137.931460202020219, 36.708231717171714 ] ] ], [ [ [ 138.163894949494988, 36.708231717171714 ], [ 138.396329696969701, 36.708231717171714 ], [ 138.628764444444471, 36.708231717171714 ], [ 138.861199191919184, 36.708231717171714 ], [ 139.093633939393953, 36.708231717171714 ], [ 139.326068686868666, 36.708231717171714 ], [ 139.326068686868666, 36.549157676767678 ], [ 139.326068686868666, 36.390083636363642 ], [ 139.093633939393953, 36.390083636363642 ], [ 138.861199191919184, 36.390083636363642 ], [ 138.628764444444471, 36.390083636363642 ], [ 138.396329696969701, 36.390083636363642 ], [ 138.163894949494988, 36.390083636363642 ], [ 138.163894949494988, 36.549157676767678 ], [ 138.163894949494988, 36.708231717171714 ] ] ], [ [ [ 137.234155959595967, 36.708231717171721 ], [ 137.001721212121254, 36.708231717171721 ], [ 137.001721212121254, 36.867305757575757 ], [ 137.234155959595967, 36.867305757575757 ], [ 137.466590707070736, 36.867305757575757 ], [ 137.699025454545449, 36.867305757575757 ], [ 137.931460202020219, 36.867305757575757 ], [ 138.163894949494932, 36.867305757575757 ], [ 138.163894949494932, 36.708231717171721 ], [ 137.931460202020219, 36.708231717171721 ], [ 137.699025454545449, 36.708231717171721 ], [ 137.466590707070736, 36.708231717171721 ], [ 137.234155959595967, 36.708231717171721 ] ] ], [ [ [ 138.396329696969701, 36.867305757575757 ], [ 138.628764444444471, 36.867305757575757 ], [ 138.861199191919184, 36.867305757575757 ], [ 139.093633939393953, 36.867305757575757 ], [ 139.326068686868666, 36.867305757575757 ], [ 139.326068686868666, 36.708231717171721 ], [ 139.093633939393953, 36.708231717171721 ], [ 138.861199191919184, 36.708231717171721 ], [ 138.628764444444471, 36.708231717171721 ], [ 138.396329696969701, 36.708231717171721 ], [ 138.163894949494988, 36.708231717171721 ], [ 138.163894949494988, 36.867305757575757 ], [ 138.396329696969701, 36.867305757575757 ] ] ], [ [ [ 137.466590707070736, 37.0263797979798 ], [ 137.699025454545449, 37.0263797979798 ], [ 137.931460202020219, 37.0263797979798 ], [ 137.931460202020219, 37.185453838383836 ], [ 138.163894949494932, 37.185453838383836 ], [ 138.163894949494932, 37.0263797979798 ], [ 138.163894949494932, 36.867305757575764 ], [ 137.931460202020219, 36.867305757575764 ], [ 137.699025454545449, 36.867305757575764 ], [ 137.466590707070736, 36.867305757575764 ], [ 137.234155959595967, 36.867305757575764 ], [ 137.001721212121254, 36.867305757575764 ], [ 137.001721212121254, 37.0263797979798 ], [ 137.234155959595967, 37.0263797979798 ], [ 137.466590707070736, 37.0263797979798 ] ] ], [ [ [ 138.396329696969701, 37.185453838383836 ], [ 138.628764444444471, 37.185453838383836 ], [ 138.861199191919184, 37.185453838383836 ], [ 139.093633939393953, 37.185453838383836 ], [ 139.326068686868666, 37.185453838383836 ], [ 139.326068686868666, 37.0263797979798 ], [ 139.326068686868666, 36.867305757575764 ], [ 139.093633939393953, 36.867305757575764 ], [ 138.861199191919184, 36.867305757575764 ], [ 138.628764444444471, 36.867305757575764 ], [ 138.396329696969701, 36.867305757575764 ], [ 138.163894949494988, 36.867305757575764 ], [ 138.163894949494988, 37.0263797979798 ], [ 138.163894949494988, 37.185453838383836 ], [ 138.396329696969701, 37.185453838383836 ] ] ], [ [ [ 138.396329696969701, 34.799343232323231 ], [ 138.396329696969701, 34.640269191919195 ], [ 138.163894949494988, 34.640269191919195 ], [ 138.163894949494988, 34.799343232323231 ], [ 138.396329696969701, 34.799343232323231 ] ] ], [ [ [ 138.861199191919184, 35.11749131313131 ], [ 139.093633939393953, 35.11749131313131 ], [ 139.326068686868666, 35.11749131313131 ], [ 139.326068686868666, 34.958417272727274 ], [ 139.326068686868666, 34.799343232323238 ], [ 139.093633939393953, 34.799343232323238 ], [ 138.861199191919184, 34.799343232323238 ], [ 138.628764444444471, 34.799343232323238 ], [ 138.396329696969701, 34.799343232323238 ], [ 138.163894949494988, 34.799343232323238 ], [ 138.163894949494988, 34.958417272727274 ], [ 138.163894949494988, 35.11749131313131 ], [ 138.396329696969701, 35.11749131313131 ], [ 138.628764444444471, 35.11749131313131 ], [ 138.861199191919184, 35.11749131313131 ] ] ], [ [ [ 139.558503434343436, 35.11749131313131 ], [ 139.790938181818206, 35.11749131313131 ], [ 140.023372929292918, 35.11749131313131 ], [ 140.255807676767688, 35.11749131313131 ], [ 140.488242424242458, 35.11749131313131 ], [ 140.72067717171717, 35.11749131313131 ], [ 140.72067717171717, 34.958417272727274 ], [ 140.488242424242458, 34.958417272727274 ], [ 140.255807676767688, 34.958417272727274 ], [ 140.255807676767688, 34.799343232323238 ], [ 140.023372929292918, 34.799343232323238 ], [ 139.790938181818206, 34.799343232323238 ], [ 139.558503434343436, 34.799343232323238 ], [ 139.326068686868723, 34.799343232323238 ], [ 139.326068686868723, 34.958417272727274 ], [ 139.326068686868723, 35.11749131313131 ], [ 139.558503434343436, 35.11749131313131 ] ] ], [ [ [ 140.488242424242458, 35.276565353535354 ], [ 140.72067717171717, 35.276565353535354 ], [ 140.95311191919194, 35.276565353535354 ], [ 141.185546666666653, 35.276565353535354 ], [ 141.185546666666653, 35.117491313131318 ], [ 140.95311191919194, 35.117491313131318 ], [ 140.72067717171717, 35.117491313131318 ], [ 140.488242424242458, 35.117491313131318 ], [ 140.255807676767688, 35.117491313131318 ], [ 140.023372929292918, 35.117491313131318 ], [ 139.790938181818206, 35.117491313131318 ], [ 139.558503434343436, 35.117491313131318 ], [ 139.326068686868723, 35.117491313131318 ], [ 139.326068686868723, 35.276565353535354 ], [ 139.558503434343436, 35.276565353535354 ], [ 139.790938181818206, 35.276565353535354 ], [ 140.023372929292918, 35.276565353535354 ], [ 140.255807676767688, 35.276565353535354 ], [ 140.488242424242458, 35.276565353535354 ] ] ], [ [ [ 140.255807676767688, 35.594713434343433 ], [ 140.488242424242458, 35.594713434343433 ], [ 140.72067717171717, 35.594713434343433 ], [ 140.95311191919194, 35.594713434343433 ], [ 141.185546666666653, 35.594713434343433 ], [ 141.185546666666653, 35.435639393939397 ], [ 141.185546666666653, 35.276565353535361 ], [ 140.95311191919194, 35.276565353535361 ], [ 140.72067717171717, 35.276565353535361 ], [ 140.488242424242458, 35.276565353535361 ], [ 140.255807676767688, 35.276565353535361 ], [ 140.023372929292918, 35.276565353535361 ], [ 139.790938181818206, 35.276565353535361 ], [ 139.558503434343436, 35.276565353535361 ], [ 139.326068686868723, 35.276565353535361 ], [ 139.326068686868723, 35.435639393939397 ], [ 139.326068686868723, 35.594713434343433 ], [ 139.558503434343436, 35.594713434343433 ], [ 139.790938181818206, 35.594713434343433 ], [ 140.023372929292918, 35.594713434343433 ], [ 140.255807676767688, 35.594713434343433 ] ] ], [ [ [ 139.326068686868723, 35.59471343434344 ], [ 139.326068686868723, 35.753787474747476 ], [ 139.326068686868723, 35.912861515151512 ], [ 139.558503434343436, 35.912861515151512 ], [ 139.790938181818206, 35.912861515151512 ], [ 140.023372929292918, 35.912861515151512 ], [ 140.255807676767688, 35.912861515151512 ], [ 140.488242424242458, 35.912861515151512 ], [ 140.72067717171717, 35.912861515151512 ], [ 140.95311191919194, 35.912861515151512 ], [ 141.185546666666653, 35.912861515151512 ], [ 141.185546666666653, 35.753787474747476 ], [ 141.185546666666653, 35.59471343434344 ], [ 140.95311191919194, 35.59471343434344 ], [ 140.72067717171717, 35.59471343434344 ], [ 140.488242424242458, 35.59471343434344 ], [ 140.255807676767688, 35.59471343434344 ], [ 140.023372929292918, 35.59471343434344 ], [ 139.790938181818206, 35.59471343434344 ], [ 139.558503434343436, 35.59471343434344 ], [ 139.326068686868723, 35.59471343434344 ] ] ], [ [ [ 140.255807676767688, 36.071935555555555 ], [ 140.488242424242458, 36.071935555555555 ], [ 140.72067717171717, 36.071935555555555 ], [ 140.95311191919194, 36.071935555555555 ], [ 140.95311191919194, 35.912861515151519 ], [ 140.72067717171717, 35.912861515151519 ], [ 140.488242424242458, 35.912861515151519 ], [ 140.255807676767688, 35.912861515151519 ], [ 140.023372929292918, 35.912861515151519 ], [ 139.790938181818206, 35.912861515151519 ], [ 139.558503434343436, 35.912861515151519 ], [ 139.326068686868723, 35.912861515151519 ], [ 139.326068686868723, 36.071935555555555 ], [ 139.558503434343436, 36.071935555555555 ], [ 139.790938181818206, 36.071935555555555 ], [ 140.023372929292918, 36.071935555555555 ], [ 140.255807676767688, 36.071935555555555 ] ] ], [ [ [ 139.558503434343436, 36.390083636363634 ], [ 139.790938181818206, 36.390083636363634 ], [ 140.023372929292918, 36.390083636363634 ], [ 140.255807676767688, 36.390083636363634 ], [ 140.488242424242458, 36.390083636363634 ], [ 140.72067717171717, 36.390083636363634 ], [ 140.72067717171717, 36.231009595959598 ], [ 140.72067717171717, 36.071935555555562 ], [ 140.488242424242458, 36.071935555555562 ], [ 140.255807676767688, 36.071935555555562 ], [ 140.023372929292918, 36.071935555555562 ], [ 139.790938181818206, 36.071935555555562 ], [ 139.558503434343436, 36.071935555555562 ], [ 139.326068686868723, 36.071935555555562 ], [ 139.326068686868723, 36.231009595959598 ], [ 139.326068686868723, 36.390083636363634 ], [ 139.558503434343436, 36.390083636363634 ] ] ], [ [ [ 139.326068686868723, 36.549157676767678 ], [ 139.326068686868723, 36.708231717171714 ], [ 139.558503434343436, 36.708231717171714 ], [ 139.790938181818206, 36.708231717171714 ], [ 140.023372929292918, 36.708231717171714 ], [ 140.255807676767688, 36.708231717171714 ], [ 140.488242424242458, 36.708231717171714 ], [ 140.72067717171717, 36.708231717171714 ], [ 140.95311191919194, 36.708231717171714 ], [ 140.95311191919194, 36.549157676767678 ], [ 140.72067717171717, 36.549157676767678 ], [ 140.72067717171717, 36.390083636363642 ], [ 140.488242424242458, 36.390083636363642 ], [ 140.255807676767688, 36.390083636363642 ], [ 140.023372929292918, 36.390083636363642 ], [ 139.790938181818206, 36.390083636363642 ], [ 139.558503434343436, 36.390083636363642 ], [ 139.326068686868723, 36.390083636363642 ], [ 139.326068686868723, 36.549157676767678 ] ] ], [ [ [ 139.790938181818206, 36.867305757575757 ], [ 140.023372929292918, 36.867305757575757 ], [ 140.255807676767688, 36.867305757575757 ], [ 140.488242424242458, 36.867305757575757 ], [ 140.72067717171717, 36.867305757575757 ], [ 140.95311191919194, 36.867305757575757 ], [ 141.185546666666653, 36.867305757575757 ], [ 141.185546666666653, 36.708231717171721 ], [ 140.95311191919194, 36.708231717171721 ], [ 140.72067717171717, 36.708231717171721 ], [ 140.488242424242458, 36.708231717171721 ], [ 140.255807676767688, 36.708231717171721 ], [ 140.023372929292918, 36.708231717171721 ], [ 139.790938181818206, 36.708231717171721 ], [ 139.558503434343436, 36.708231717171721 ], [ 139.326068686868723, 36.708231717171721 ], [ 139.326068686868723, 36.867305757575757 ], [ 139.558503434343436, 36.867305757575757 ], [ 139.790938181818206, 36.867305757575757 ] ] ], [ [ [ 140.023372929292918, 37.185453838383836 ], [ 140.255807676767688, 37.185453838383836 ], [ 140.488242424242458, 37.185453838383836 ], [ 140.72067717171717, 37.185453838383836 ], [ 140.95311191919194, 37.185453838383836 ], [ 141.185546666666653, 37.185453838383836 ], [ 141.185546666666653, 37.0263797979798 ], [ 141.185546666666653, 36.867305757575764 ], [ 140.95311191919194, 36.867305757575764 ], [ 140.72067717171717, 36.867305757575764 ], [ 140.488242424242458, 36.867305757575764 ], [ 140.255807676767688, 36.867305757575764 ], [ 140.023372929292918, 36.867305757575764 ], [ 139.790938181818206, 36.867305757575764 ], [ 139.558503434343436, 36.867305757575764 ], [ 139.326068686868723, 36.867305757575764 ], [ 139.326068686868723, 37.0263797979798 ], [ 139.326068686868723, 37.185453838383836 ], [ 139.558503434343436, 37.185453838383836 ], [ 139.790938181818206, 37.185453838383836 ], [ 140.023372929292918, 37.185453838383836 ] ] ], [ [ [ 139.326068686868666, 37.344527878787879 ], [ 139.326068686868666, 37.185453838383843 ], [ 139.093633939393953, 37.185453838383843 ], [ 138.861199191919184, 37.185453838383843 ], [ 138.628764444444471, 37.185453838383843 ], [ 138.628764444444471, 37.344527878787879 ], [ 138.861199191919184, 37.344527878787879 ], [ 138.861199191919184, 37.503601919191915 ], [ 139.093633939393953, 37.503601919191915 ], [ 139.326068686868666, 37.503601919191915 ], [ 139.326068686868666, 37.344527878787879 ] ] ], [ [ [ 139.790938181818206, 37.503601919191915 ], [ 140.023372929292918, 37.503601919191915 ], [ 140.255807676767688, 37.503601919191915 ], [ 140.488242424242458, 37.503601919191915 ], [ 140.488242424242458, 37.344527878787879 ], [ 140.72067717171717, 37.344527878787879 ], [ 140.95311191919194, 37.344527878787879 ], [ 140.95311191919194, 37.185453838383843 ], [ 140.72067717171717, 37.185453838383843 ], [ 140.488242424242458, 37.185453838383843 ], [ 140.255807676767688, 37.185453838383843 ], [ 140.023372929292918, 37.185453838383843 ], [ 139.790938181818206, 37.185453838383843 ], [ 139.558503434343436, 37.185453838383843 ], [ 139.326068686868723, 37.185453838383843 ], [ 139.326068686868723, 37.344527878787879 ], [ 139.326068686868723, 37.503601919191915 ], [ 139.558503434343436, 37.503601919191915 ], [ 139.790938181818206, 37.503601919191915 ] ] ], [ [ [ 140.255807676767688, 37.980824040404038 ], [ 140.488242424242458, 37.980824040404038 ], [ 140.72067717171717, 37.980824040404038 ], [ 140.95311191919194, 37.980824040404038 ], [ 141.185546666666653, 37.980824040404038 ], [ 141.185546666666653, 37.82175 ], [ 140.95311191919194, 37.82175 ], [ 140.72067717171717, 37.82175 ], [ 140.72067717171717, 37.662675959595965 ], [ 140.488242424242458, 37.662675959595965 ], [ 140.488242424242458, 37.82175 ], [ 140.255807676767688, 37.82175 ], [ 140.023372929292918, 37.82175 ], [ 139.790938181818206, 37.82175 ], [ 139.790938181818206, 37.980824040404038 ], [ 140.023372929292918, 37.980824040404038 ], [ 140.255807676767688, 37.980824040404038 ] ] ], [ [ [ 139.790938181818206, 38.139898080808081 ], [ 140.023372929292918, 38.139898080808081 ], [ 140.255807676767688, 38.139898080808081 ], [ 140.488242424242458, 38.139898080808081 ], [ 140.72067717171717, 38.139898080808081 ], [ 140.95311191919194, 38.139898080808081 ], [ 141.185546666666653, 38.139898080808081 ], [ 141.185546666666653, 37.980824040404045 ], [ 140.95311191919194, 37.980824040404045 ], [ 140.72067717171717, 37.980824040404045 ], [ 140.488242424242458, 37.980824040404045 ], [ 140.255807676767688, 37.980824040404045 ], [ 140.023372929292918, 37.980824040404045 ], [ 139.790938181818206, 37.980824040404045 ], [ 139.558503434343436, 37.980824040404045 ], [ 139.558503434343436, 38.139898080808081 ], [ 139.790938181818206, 38.139898080808081 ] ] ], [ [ [ 139.790938181818206, 38.298972121212124 ], [ 139.790938181818206, 38.45804616161616 ], [ 140.023372929292918, 38.45804616161616 ], [ 140.255807676767688, 38.45804616161616 ], [ 140.488242424242458, 38.45804616161616 ], [ 140.72067717171717, 38.45804616161616 ], [ 140.95311191919194, 38.45804616161616 ], [ 141.185546666666653, 38.45804616161616 ], [ 141.185546666666653, 38.298972121212124 ], [ 141.185546666666653, 38.139898080808088 ], [ 140.95311191919194, 38.139898080808088 ], [ 140.72067717171717, 38.139898080808088 ], [ 140.488242424242458, 38.139898080808088 ], [ 140.255807676767688, 38.139898080808088 ], [ 140.023372929292918, 38.139898080808088 ], [ 139.790938181818206, 38.139898080808088 ], [ 139.558503434343436, 38.139898080808088 ], [ 139.558503434343436, 38.298972121212124 ], [ 139.790938181818206, 38.298972121212124 ] ] ], [ [ [ 141.417981414141423, 35.594713434343433 ], [ 141.417981414141423, 35.435639393939397 ], [ 141.18554666666671, 35.435639393939397 ], [ 141.18554666666671, 35.594713434343433 ], [ 141.417981414141423, 35.594713434343433 ] ] ], [ [ [ 141.417981414141423, 35.753787474747476 ], [ 141.417981414141423, 35.59471343434344 ], [ 141.18554666666671, 35.59471343434344 ], [ 141.18554666666671, 35.753787474747476 ], [ 141.417981414141423, 35.753787474747476 ] ] ], [ [ [ 141.18554666666671, 37.980824040404038 ], [ 141.417981414141423, 37.980824040404038 ], [ 141.650416161616192, 37.980824040404038 ], [ 141.650416161616192, 37.82175 ], [ 141.417981414141423, 37.82175 ], [ 141.18554666666671, 37.82175 ], [ 141.18554666666671, 37.980824040404038 ] ] ], [ [ [ 141.417981414141423, 37.980824040404045 ], [ 141.18554666666671, 37.980824040404045 ], [ 141.18554666666671, 38.139898080808081 ], [ 141.417981414141423, 38.139898080808081 ], [ 141.650416161616192, 38.139898080808081 ], [ 141.882850909090905, 38.139898080808081 ], [ 141.882850909090905, 37.980824040404045 ], [ 141.650416161616192, 37.980824040404045 ], [ 141.417981414141423, 37.980824040404045 ] ] ], [ [ [ 141.417981414141423, 38.45804616161616 ], [ 141.650416161616192, 38.45804616161616 ], [ 141.882850909090905, 38.45804616161616 ], [ 142.115285656565675, 38.45804616161616 ], [ 142.115285656565675, 38.298972121212124 ], [ 142.115285656565675, 38.139898080808088 ], [ 141.882850909090905, 38.139898080808088 ], [ 141.650416161616192, 38.139898080808088 ], [ 141.417981414141423, 38.139898080808088 ], [ 141.18554666666671, 38.139898080808088 ], [ 141.18554666666671, 38.298972121212124 ], [ 141.18554666666671, 38.45804616161616 ], [ 141.417981414141423, 38.45804616161616 ] ] ], [ [ [ 141.185546666666653, 38.617120202020203 ], [ 141.185546666666653, 38.458046161616167 ], [ 140.95311191919194, 38.458046161616167 ], [ 140.72067717171717, 38.458046161616167 ], [ 140.488242424242458, 38.458046161616167 ], [ 140.255807676767688, 38.458046161616167 ], [ 140.023372929292918, 38.458046161616167 ], [ 140.023372929292918, 38.617120202020203 ], [ 140.255807676767688, 38.617120202020203 ], [ 140.488242424242458, 38.617120202020203 ], [ 140.72067717171717, 38.617120202020203 ], [ 140.95311191919194, 38.617120202020203 ], [ 141.185546666666653, 38.617120202020203 ] ] ], [ [ [ 141.417981414141423, 38.458046161616167 ], [ 141.18554666666671, 38.458046161616167 ], [ 141.18554666666671, 38.617120202020203 ], [ 141.417981414141423, 38.617120202020203 ], [ 141.650416161616192, 38.617120202020203 ], [ 141.882850909090905, 38.617120202020203 ], [ 141.882850909090905, 38.458046161616167 ], [ 141.650416161616192, 38.458046161616167 ], [ 141.417981414141423, 38.458046161616167 ] ] ], [ [ [ 140.255807676767688, 39.253416363636369 ], [ 140.255807676767688, 39.412490404040405 ], [ 140.488242424242458, 39.412490404040405 ], [ 140.72067717171717, 39.412490404040405 ], [ 140.72067717171717, 39.253416363636369 ], [ 140.488242424242458, 39.253416363636369 ], [ 140.255807676767688, 39.253416363636369 ] ] ], [ [ [ 141.650416161616192, 43.230267373737369 ], [ 141.882850909090905, 43.230267373737369 ], [ 142.115285656565675, 43.230267373737369 ], [ 142.115285656565675, 43.071193333333333 ], [ 141.882850909090905, 43.071193333333333 ], [ 141.882850909090905, 42.912119292929297 ], [ 141.650416161616192, 42.912119292929297 ], [ 141.417981414141423, 42.912119292929297 ], [ 141.18554666666671, 42.912119292929297 ], [ 141.18554666666671, 43.071193333333333 ], [ 141.18554666666671, 43.230267373737369 ], [ 141.417981414141423, 43.230267373737369 ], [ 141.650416161616192, 43.230267373737369 ] ] ], [ [ [ 141.185546666666653, 43.071193333333333 ], [ 141.185546666666653, 42.912119292929297 ], [ 140.95311191919194, 42.912119292929297 ], [ 140.72067717171717, 42.912119292929297 ], [ 140.72067717171717, 43.071193333333333 ], [ 140.72067717171717, 43.230267373737369 ], [ 140.95311191919194, 43.230267373737369 ], [ 141.185546666666653, 43.230267373737369 ], [ 141.185546666666653, 43.071193333333333 ] ] ], [ [ [ 141.650416161616192, 43.389341414141413 ], [ 141.650416161616192, 43.230267373737377 ], [ 141.417981414141423, 43.230267373737377 ], [ 141.417981414141423, 43.389341414141413 ], [ 141.650416161616192, 43.389341414141413 ] ] ] ] } },
{ "type": "Feature", "properties": { "month": 5, "species_sci": "Cyanoptila cyanomelana", "species_com": "Blue-and-white Flycatcher / Ōruri" }, "geometry": { "type": "MultiPolygon", "coordinates": [ [ [ [ 120.824881818181808, 30.842657575757578 ], [ 121.1669, 30.842657575757578 ], [ 121.1669, 31.049278787878787 ], [ 121.1669, 31.2559 ], [ 120.824881818181808, 31.2559 ], [ 120.824881818181808, 31.46252121212121 ], [ 120.482863636363646, 31.46252121212121 ], [ 120.482863636363646, 31.669142424242423 ], [ 120.140845454545456, 31.669142424242423 ], [ 120.140845454545456, 31.875763636363637 ], [ 120.140845454545456, 32.08238484848485 ], [ 120.140845454545456, 32.289006060606056 ], [ 119.798827272727266, 32.289006060606056 ], [ 119.798827272727266, 32.495627272727276 ], [ 120.140845454545456, 32.495627272727276 ], [ 120.140845454545456, 32.702248484848482 ], [ 120.140845454545456, 32.908869696969703 ], [ 120.140845454545456, 33.115490909090909 ], [ 120.482863636363646, 33.115490909090909 ], [ 120.824881818181808, 33.115490909090909 ], [ 120.824881818181808, 33.322112121212115 ], [ 121.1669, 33.322112121212115 ], [ 121.508918181818188, 33.322112121212115 ], [ 121.508918181818188, 33.115490909090909 ], [ 121.85093636363635, 33.115490909090909 ], [ 121.85093636363635, 32.908869696969703 ], [ 121.85093636363635, 32.702248484848482 ], [ 121.85093636363635, 32.495627272727276 ], [ 121.85093636363635, 32.289006060606056 ], [ 121.85093636363635, 32.08238484848485 ], [ 121.85093636363635, 31.875763636363637 ], [ 121.85093636363635, 31.669142424242423 ], [ 121.85093636363635, 31.462521212121214 ], [ 121.85093636363635, 31.46252121212121 ], [ 121.85093636363635, 31.2559 ], [ 121.85093636363635, 31.049278787878787 ], [ 121.85093636363635, 30.842657575757578 ], [ 121.85093636363635, 30.842657575757574 ], [ 121.85093636363635, 30.636036363636364 ], [ 121.508918181818188, 30.636036363636364 ], [ 121.508918181818188, 30.429415151515151 ], [ 121.1669, 30.429415151515151 ], [ 120.824881818181808, 30.429415151515151 ], [ 120.824881818181808, 30.222793939393938 ], [ 120.482863636363646, 30.222793939393938 ], [ 120.482863636363646, 30.016172727272728 ], [ 120.140845454545456, 30.016172727272728 ], [ 120.140845454545456, 30.222793939393938 ], [ 119.798827272727266, 30.222793939393938 ], [ 119.798827272727266, 30.429415151515151 ], [ 120.140845454545456, 30.429415151515151 ], [ 120.140845454545456, 30.636036363636364 ], [ 120.482863636363646, 30.636036363636364 ], [ 120.824881818181808, 30.636036363636364 ], [ 120.824881818181808, 30.842657575757578 ] ] ], [ [ [ 122.19295454545454, 31.049278787878787 ], [ 122.19295454545454, 30.842657575757578 ], [ 122.19295454545454, 30.842657575757574 ], [ 122.19295454545454, 30.636036363636364 ], [ 121.850936363636379, 30.636036363636364 ], [ 121.850936363636379, 30.842657575757574 ], [ 121.850936363636379, 30.842657575757578 ], [ 121.850936363636379, 31.049278787878787 ], [ 121.850936363636379, 31.2559 ], [ 122.19295454545454, 31.2559 ], [ 122.19295454545454, 31.049278787878787 ] ] ], [ [ [ 121.850936363636379, 32.702248484848482 ], [ 121.850936363636379, 32.908869696969703 ], [ 122.19295454545454, 32.908869696969703 ], [ 122.19295454545454, 32.702248484848482 ], [ 122.19295454545454, 32.495627272727276 ], [ 122.19295454545454, 32.289006060606056 ], [ 122.19295454545454, 32.08238484848485 ], [ 121.850936363636379, 32.08238484848485 ], [ 121.850936363636379, 32.289006060606056 ], [ 121.850936363636379, 32.495627272727276 ], [ 121.850936363636379, 32.702248484848482 ] ] ], [ [ [ 124.587081818181815, 35.801566666666659 ], [ 124.9291, 35.801566666666659 ], [ 125.271118181818167, 35.801566666666659 ], [ 125.271118181818167, 35.594945454545453 ], [ 125.271118181818167, 35.388324242424247 ], [ 125.271118181818167, 35.181703030303026 ], [ 125.271118181818167, 34.97508181818182 ], [ 124.9291, 34.97508181818182 ], [ 124.9291, 35.181703030303026 ], [ 124.587081818181815, 35.181703030303026 ], [ 124.587081818181815, 35.388324242424247 ], [ 124.245063636363653, 35.388324242424247 ], [ 124.245063636363653, 35.594945454545453 ], [ 124.245063636363653, 35.801566666666659 ], [ 124.587081818181815, 35.801566666666659 ] ] ], [ [ [ 124.587081818181815, 35.801566666666673 ], [ 124.245063636363653, 35.801566666666673 ], [ 124.245063636363653, 36.008187878787879 ], [ 124.245063636363653, 36.214809090909085 ], [ 124.245063636363653, 36.421430303030306 ], [ 124.245063636363653, 36.628051515151512 ], [ 124.587081818181815, 36.628051515151512 ], [ 124.587081818181815, 36.834672727272732 ], [ 124.587081818181815, 37.041293939393938 ], [ 124.587081818181815, 37.247915151515144 ], [ 124.587081818181815, 37.454536363636365 ], [ 124.587081818181815, 37.661157575757571 ], [ 124.587081818181815, 37.867778787878791 ], [ 124.587081818181815, 38.0744 ], [ 124.9291, 38.0744 ], [ 125.271118181818167, 38.0744 ], [ 125.271118181818167, 37.867778787878791 ], [ 125.271118181818167, 37.661157575757571 ], [ 125.271118181818167, 37.454536363636365 ], [ 125.271118181818167, 37.247915151515144 ], [ 125.271118181818167, 37.041293939393938 ], [ 125.271118181818167, 36.834672727272732 ], [ 125.271118181818167, 36.628051515151512 ], [ 125.271118181818167, 36.421430303030306 ], [ 125.271118181818167, 36.214809090909085 ], [ 125.271118181818167, 36.008187878787879 ], [ 125.271118181818167, 35.801566666666673 ], [ 124.9291, 35.801566666666673 ], [ 124.587081818181815, 35.801566666666673 ] ] ], [ [ [ 119.456809090909076, 39.727369696969689 ], [ 119.456809090909076, 39.520748484848482 ], [ 119.114790909090914, 39.520748484848482 ], [ 119.114790909090914, 39.727369696969689 ], [ 119.456809090909076, 39.727369696969689 ] ] ], [ [ [ 119.114790909090914, 40.347233333333335 ], [ 119.456809090909076, 40.347233333333335 ], [ 119.456809090909076, 40.140612121212115 ], [ 119.456809090909076, 39.933990909090909 ], [ 119.456809090909076, 39.727369696969703 ], [ 119.114790909090914, 39.727369696969703 ], [ 118.772772727272724, 39.727369696969703 ], [ 118.772772727272724, 39.933990909090909 ], [ 118.772772727272724, 40.140612121212115 ], [ 119.114790909090914, 40.140612121212115 ], [ 119.114790909090914, 40.347233333333335 ] ] ], [ [ [ 119.456809090909104, 40.347233333333335 ], [ 119.798827272727266, 40.347233333333335 ], [ 120.140845454545456, 40.347233333333335 ], [ 120.140845454545456, 40.140612121212115 ], [ 120.140845454545456, 39.933990909090909 ], [ 120.140845454545456, 39.727369696969703 ], [ 119.798827272727266, 39.727369696969703 ], [ 119.456809090909104, 39.727369696969703 ], [ 119.456809090909104, 39.933990909090909 ], [ 119.456809090909104, 40.140612121212115 ], [ 119.456809090909104, 40.347233333333335 ] ] ], [ [ [ 125.955154545454548, 32.908869696969703 ], [ 125.955154545454548, 33.115490909090909 ], [ 125.955154545454548, 33.322112121212115 ], [ 126.297172727272709, 33.322112121212115 ], [ 126.297172727272709, 33.115490909090909 ], [ 126.297172727272709, 32.908869696969703 ], [ 125.955154545454548, 32.908869696969703 ] ] ], [ [ [ 126.6391909090909, 33.115490909090909 ], [ 126.6391909090909, 32.908869696969703 ], [ 126.297172727272738, 32.908869696969703 ], [ 126.297172727272738, 33.115490909090909 ], [ 126.297172727272738, 33.322112121212115 ], [ 126.297172727272738, 33.528733333333335 ], [ 126.6391909090909, 33.528733333333335 ], [ 126.6391909090909, 33.322112121212115 ], [ 126.6391909090909, 33.115490909090909 ] ] ], [ [ [ 126.297172727272738, 35.388324242424247 ], [ 126.297172727272738, 35.594945454545453 ], [ 126.297172727272738, 35.801566666666659 ], [ 126.6391909090909, 35.801566666666659 ], [ 126.98120909090909, 35.801566666666659 ], [ 127.32322727272728, 35.801566666666659 ], [ 127.665245454545442, 35.801566666666659 ], [ 127.665245454545442, 35.594945454545453 ], [ 127.665245454545442, 35.388324242424247 ], [ 127.665245454545442, 35.181703030303026 ], [ 127.665245454545442, 34.97508181818182 ], [ 127.665245454545442, 34.7684606060606 ], [ 127.665245454545442, 34.561839393939394 ], [ 127.32322727272728, 34.561839393939394 ], [ 126.98120909090909, 34.561839393939394 ], [ 126.98120909090909, 34.7684606060606 ], [ 126.6391909090909, 34.7684606060606 ], [ 126.297172727272738, 34.7684606060606 ], [ 126.297172727272738, 34.97508181818182 ], [ 126.297172727272738, 35.181703030303026 ], [ 126.297172727272738, 35.388324242424247 ] ] ], [ [ [ 125.271118181818196, 35.594945454545453 ], [ 125.271118181818196, 35.801566666666659 ], [ 125.613136363636357, 35.801566666666659 ], [ 125.955154545454548, 35.801566666666659 ], [ 126.297172727272709, 35.801566666666659 ], [ 126.297172727272709, 35.594945454545453 ], [ 126.297172727272709, 35.388324242424247 ], [ 126.297172727272709, 35.181703030303026 ], [ 126.297172727272709, 34.97508181818182 ], [ 126.297172727272709, 34.7684606060606 ], [ 125.955154545454548, 34.7684606060606 ], [ 125.613136363636357, 34.7684606060606 ], [ 125.271118181818196, 34.7684606060606 ], [ 125.271118181818196, 34.97508181818182 ], [ 125.271118181818196, 35.181703030303026 ], [ 125.271118181818196, 35.388324242424247 ], [ 125.271118181818196, 35.594945454545453 ] ] ], [ [ [ 125.271118181818196, 36.834672727272732 ], [ 125.271118181818196, 37.041293939393938 ], [ 125.271118181818196, 37.247915151515144 ], [ 125.271118181818196, 37.454536363636365 ], [ 125.271118181818196, 37.661157575757571 ], [ 125.271118181818196, 37.867778787878791 ], [ 125.271118181818196, 38.0744 ], [ 125.271118181818196, 38.281021212121217 ], [ 125.613136363636357, 38.281021212121217 ], [ 125.955154545454548, 38.281021212121217 ], [ 125.955154545454548, 38.487642424242424 ], [ 126.297172727272709, 38.487642424242424 ], [ 126.297172727272709, 38.281021212121217 ], [ 126.297172727272709, 38.0744 ], [ 126.297172727272709, 37.867778787878791 ], [ 126.297172727272709, 37.661157575757571 ], [ 126.297172727272709, 37.454536363636365 ], [ 126.297172727272709, 37.247915151515144 ], [ 126.297172727272709, 37.041293939393938 ], [ 126.297172727272709, 36.834672727272732 ], [ 126.297172727272709, 36.628051515151512 ], [ 126.297172727272709, 36.421430303030306 ], [ 126.297172727272709, 36.214809090909085 ], [ 126.297172727272709, 36.008187878787879 ], [ 126.297172727272709, 35.801566666666673 ], [ 125.955154545454548, 35.801566666666673 ], [ 125.613136363636357, 35.801566666666673 ], [ 125.271118181818196, 35.801566666666673 ], [ 125.271118181818196, 36.008187878787879 ], [ 125.271118181818196, 36.214809090909085 ], [ 125.271118181818196, 36.421430303030306 ], [ 125.271118181818196, 36.628051515151512 ], [ 125.271118181818196, 36.834672727272732 ] ] ], [ [ [ 126.297172727272738, 36.214809090909085 ], [ 126.297172727272738, 36.421430303030306 ], [ 126.297172727272738, 36.628051515151512 ], [ 126.297172727272738, 36.834672727272732 ], [ 126.297172727272738, 37.041293939393938 ], [ 126.297172727272738, 37.247915151515144 ], [ 126.297172727272738, 37.454536363636365 ], [ 126.297172727272738, 37.661157575757571 ], [ 126.297172727272738, 37.867778787878791 ], [ 126.297172727272738, 38.0744 ], [ 126.297172727272738, 38.281021212121217 ], [ 126.297172727272738, 38.487642424242424 ], [ 126.297172727272738, 38.69426363636363 ], [ 126.6391909090909, 38.69426363636363 ], [ 126.98120909090909, 38.69426363636363 ], [ 127.32322727272728, 38.69426363636363 ], [ 127.32322727272728, 38.90088484848485 ], [ 127.665245454545442, 38.90088484848485 ], [ 127.665245454545442, 38.69426363636363 ], [ 127.665245454545442, 38.487642424242424 ], [ 127.665245454545442, 38.281021212121217 ], [ 127.665245454545442, 38.0744 ], [ 127.665245454545442, 37.867778787878791 ], [ 127.665245454545442, 37.661157575757571 ], [ 127.665245454545442, 37.454536363636365 ], [ 127.665245454545442, 37.247915151515144 ], [ 127.665245454545442, 37.041293939393938 ], [ 127.665245454545442, 36.834672727272732 ], [ 127.665245454545442, 36.628051515151512 ], [ 127.665245454545442, 36.421430303030306 ], [ 127.665245454545442, 36.214809090909085 ], [ 127.665245454545442, 36.008187878787879 ], [ 127.665245454545442, 35.801566666666673 ], [ 127.32322727272728, 35.801566666666673 ], [ 126.98120909090909, 35.801566666666673 ], [ 126.6391909090909, 35.801566666666673 ], [ 126.297172727272738, 35.801566666666673 ], [ 126.297172727272738, 36.008187878787879 ], [ 126.297172727272738, 36.214809090909085 ] ] ], [ [ [ 128.349281818181822, 35.388324242424247 ], [ 128.349281818181822, 35.594945454545453 ], [ 128.349281818181822, 35.801566666666659 ], [ 128.6913, 35.801566666666659 ], [ 128.6913, 35.594945454545453 ], [ 128.6913, 35.388324242424247 ], [ 128.6913, 35.181703030303026 ], [ 128.6913, 34.97508181818182 ], [ 128.6913, 34.7684606060606 ], [ 128.6913, 34.561839393939394 ], [ 128.6913, 34.355218181818188 ], [ 128.6913, 34.148596969696968 ], [ 128.6913, 33.941975757575761 ], [ 128.6913, 33.735354545454541 ], [ 128.349281818181822, 33.735354545454541 ], [ 128.349281818181822, 33.941975757575761 ], [ 128.349281818181822, 34.148596969696968 ], [ 128.349281818181822, 34.355218181818188 ], [ 128.349281818181822, 34.561839393939394 ], [ 128.349281818181822, 34.7684606060606 ], [ 128.349281818181822, 34.97508181818182 ], [ 128.349281818181822, 35.181703030303026 ], [ 128.349281818181822, 35.388324242424247 ] ] ], [ [ [ 127.66524545454547, 35.181703030303026 ], [ 127.66524545454547, 35.388324242424247 ], [ 127.66524545454547, 35.594945454545453 ], [ 127.66524545454547, 35.801566666666659 ], [ 128.007263636363632, 35.801566666666659 ], [ 128.349281818181794, 35.801566666666659 ], [ 128.349281818181794, 35.594945454545453 ], [ 128.349281818181794, 35.388324242424247 ], [ 128.349281818181794, 35.181703030303026 ], [ 128.349281818181794, 34.97508181818182 ], [ 128.349281818181794, 34.7684606060606 ], [ 128.349281818181794, 34.561839393939394 ], [ 128.349281818181794, 34.355218181818188 ], [ 128.349281818181794, 34.148596969696968 ], [ 128.349281818181794, 33.941975757575761 ], [ 128.007263636363632, 33.941975757575761 ], [ 128.007263636363632, 34.148596969696968 ], [ 128.007263636363632, 34.355218181818188 ], [ 127.66524545454547, 34.355218181818188 ], [ 127.66524545454547, 34.561839393939394 ], [ 127.66524545454547, 34.7684606060606 ], [ 127.66524545454547, 34.97508181818182 ], [ 127.66524545454547, 35.181703030303026 ] ] ], [ [ [ 128.6913, 34.355218181818188 ], [ 128.6913, 34.561839393939394 ], [ 128.6913, 34.7684606060606 ], [ 128.6913, 34.97508181818182 ], [ 128.6913, 35.181703030303026 ], [ 128.6913, 35.388324242424247 ], [ 128.6913, 35.594945454545453 ], [ 128.6913, 35.801566666666659 ], [ 129.033318181818174, 35.801566666666659 ], [ 129.033318181818174, 35.594945454545453 ], [ 129.033318181818174, 35.388324242424247 ], [ 129.033318181818174, 35.181703030303026 ], [ 129.033318181818174, 34.97508181818182 ], [ 129.033318181818174, 34.7684606060606 ], [ 129.033318181818174, 34.561839393939394 ], [ 129.033318181818174, 34.355218181818188 ], [ 129.033318181818174, 34.148596969696968 ], [ 129.033318181818174, 33.941975757575761 ], [ 129.033318181818174, 33.735354545454541 ], [ 129.033318181818174, 33.528733333333335 ], [ 128.6913, 33.528733333333335 ], [ 128.6913, 33.735354545454541 ], [ 128.6913, 33.941975757575761 ], [ 128.6913, 34.148596969696968 ], [ 128.6913, 34.355218181818188 ] ] ], [ [ [ 127.66524545454547, 37.041293939393938 ], [ 127.66524545454547, 37.247915151515144 ], [ 127.66524545454547, 37.454536363636365 ], [ 127.66524545454547, 37.661157575757571 ], [ 127.66524545454547, 37.867778787878791 ], [ 127.66524545454547, 38.0744 ], [ 127.66524545454547, 38.281021212121217 ], [ 127.66524545454547, 38.487642424242424 ], [ 127.66524545454547, 38.69426363636363 ], [ 127.66524545454547, 38.90088484848485 ], [ 128.007263636363632, 38.90088484848485 ], [ 128.349281818181794, 38.90088484848485 ], [ 128.349281818181794, 38.69426363636363 ], [ 128.349281818181794, 38.487642424242424 ], [ 128.349281818181794, 38.281021212121217 ], [ 128.349281818181794, 38.0744 ], [ 128.349281818181794, 37.867778787878791 ], [ 128.349281818181794, 37.661157575757571 ], [ 128.349281818181794, 37.454536363636365 ], [ 128.349281818181794, 37.247915151515144 ], [ 128.349281818181794, 37.041293939393938 ], [ 128.349281818181794, 36.834672727272732 ], [ 128.349281818181794, 36.628051515151512 ], [ 128.349281818181794, 36.421430303030306 ], [ 128.349281818181794, 36.214809090909085 ], [ 128.349281818181794, 36.008187878787879 ], [ 128.349281818181794, 35.801566666666673 ], [ 128.007263636363632, 35.801566666666673 ], [ 127.66524545454547, 35.801566666666673 ], [ 127.66524545454547, 36.008187878787879 ], [ 127.66524545454547, 36.214809090909085 ], [ 127.66524545454547, 36.421430303030306 ], [ 127.66524545454547, 36.628051515151512 ], [ 127.66524545454547, 36.834672727272732 ], [ 127.66524545454547, 37.041293939393938 ] ] ], [ [ [ 128.6913, 37.041293939393938 ], [ 128.6913, 37.247915151515144 ], [ 128.6913, 37.454536363636365 ], [ 128.6913, 37.661157575757571 ], [ 128.6913, 37.867778787878791 ], [ 128.6913, 38.0744 ], [ 128.6913, 38.281021212121217 ], [ 128.6913, 38.487642424242424 ], [ 128.6913, 38.69426363636363 ], [ 128.6913, 38.90088484848485 ], [ 129.033318181818174, 38.90088484848485 ], [ 129.033318181818174, 38.69426363636363 ], [ 129.033318181818174, 38.487642424242424 ], [ 129.033318181818174, 38.281021212121217 ], [ 129.033318181818174, 38.0744 ], [ 129.033318181818174, 37.867778787878791 ], [ 129.033318181818174, 37.661157575757571 ], [ 129.033318181818174, 37.454536363636365 ], [ 129.033318181818174, 37.247915151515144 ], [ 129.033318181818174, 37.041293939393938 ], [ 129.033318181818174, 36.834672727272732 ], [ 129.033318181818174, 36.628051515151512 ], [ 129.033318181818174, 36.421430303030306 ], [ 129.033318181818174, 36.214809090909085 ], [ 129.033318181818174, 36.008187878787879 ], [ 129.033318181818174, 35.801566666666673 ], [ 128.6913, 35.801566666666673 ], [ 128.6913, 36.008187878787879 ], [ 128.6913, 36.214809090909085 ], [ 128.6913, 36.421430303030306 ], [ 128.6913, 36.628051515151512 ], [ 128.6913, 36.834672727272732 ], [ 128.6913, 37.041293939393938 ] ] ], [ [ [ 128.349281818181822, 36.421430303030306 ], [ 128.349281818181822, 36.628051515151512 ], [ 128.349281818181822, 36.834672727272732 ], [ 128.349281818181822, 37.041293939393938 ], [ 128.349281818181822, 37.247915151515144 ], [ 128.349281818181822, 37.454536363636365 ], [ 128.349281818181822, 37.661157575757571 ], [ 128.349281818181822, 37.867778787878791 ], [ 128.349281818181822, 38.0744 ], [ 128.349281818181822, 38.281021212121217 ], [ 128.349281818181822, 38.487642424242424 ], [ 128.349281818181822, 38.69426363636363 ], [ 128.349281818181822, 38.90088484848485 ], [ 128.6913, 38.90088484848485 ], [ 128.6913, 38.69426363636363 ], [ 128.6913, 38.487642424242424 ], [ 128.6913, 38.281021212121217 ], [ 128.6913, 38.0744 ], [ 128.6913, 37.867778787878791 ], [ 128.6913, 37.661157575757571 ], [ 128.6913, 37.454536363636365 ], [ 128.6913, 37.247915151515144 ], [ 128.6913, 37.041293939393938 ], [ 128.6913, 36.834672727272732 ], [ 128.6913, 36.628051515151512 ], [ 128.6913, 36.421430303030306 ], [ 128.6913, 36.214809090909085 ], [ 128.6913, 36.008187878787879 ], [ 128.6913, 35.801566666666673 ], [ 128.349281818181822, 35.801566666666673 ], [ 128.349281818181822, 36.008187878787879 ], [ 128.349281818181822, 36.214809090909085 ], [ 128.349281818181822, 36.421430303030306 ] ] ], [ [ [ 130.059372727272745, 33.322112121212115 ], [ 130.059372727272745, 33.528733333333335 ], [ 130.059372727272745, 33.735354545454541 ], [ 130.059372727272745, 33.941975757575761 ], [ 130.059372727272745, 34.148596969696968 ], [ 130.059372727272745, 34.355218181818188 ], [ 130.059372727272745, 34.561839393939394 ], [ 130.401390909090907, 34.561839393939394 ], [ 130.743409090909068, 34.561839393939394 ], [ 130.743409090909068, 34.355218181818188 ], [ 130.743409090909068, 34.148596969696968 ], [ 130.743409090909068, 33.941975757575761 ], [ 130.743409090909068, 33.735354545454541 ], [ 130.743409090909068, 33.528733333333335 ], [ 130.743409090909068, 33.322112121212115 ], [ 130.743409090909068, 33.115490909090909 ], [ 130.743409090909068, 32.908869696969703 ], [ 130.743409090909068, 32.702248484848482 ], [ 130.743409090909068, 32.495627272727276 ], [ 130.743409090909068, 32.289006060606056 ], [ 130.743409090909068, 32.08238484848485 ], [ 130.743409090909068, 31.875763636363637 ], [ 130.743409090909068, 31.669142424242423 ], [ 130.743409090909068, 31.462521212121214 ], [ 130.743409090909068, 31.46252121212121 ], [ 130.743409090909068, 31.2559 ], [ 130.401390909090907, 31.2559 ], [ 130.401390909090907, 31.46252121212121 ], [ 130.059372727272745, 31.46252121212121 ], [ 130.059372727272745, 31.669142424242423 ], [ 130.059372727272745, 31.875763636363637 ], [ 130.059372727272745, 32.08238484848485 ], [ 130.059372727272745, 32.289006060606056 ], [ 130.059372727272745, 32.495627272727276 ], [ 130.059372727272745, 32.702248484848482 ], [ 130.059372727272745, 32.908869696969703 ], [ 130.059372727272745, 33.115490909090909 ], [ 130.059372727272745, 33.322112121212115 ] ] ], [ [ [ 129.717354545454555, 33.528733333333335 ], [ 129.717354545454555, 33.735354545454541 ], [ 129.717354545454555, 33.941975757575761 ], [ 129.717354545454555, 34.148596969696968 ], [ 129.717354545454555, 34.355218181818188 ], [ 129.717354545454555, 34.561839393939394 ], [ 129.717354545454555, 34.7684606060606 ], [ 130.059372727272716, 34.7684606060606 ], [ 130.059372727272716, 34.561839393939394 ], [ 130.059372727272716, 34.355218181818188 ], [ 130.059372727272716, 34.148596969696968 ], [ 130.059372727272716, 33.941975757575761 ], [ 130.059372727272716, 33.735354545454541 ], [ 130.059372727272716, 33.528733333333335 ], [ 130.059372727272716, 33.322112121212115 ], [ 130.059372727272716, 33.115490909090909 ], [ 130.059372727272716, 32.908869696969703 ], [ 130.059372727272716, 32.702248484848482 ], [ 130.059372727272716, 32.495627272727276 ], [ 130.059372727272716, 32.289006060606056 ], [ 130.059372727272716, 32.08238484848485 ], [ 130.059372727272716, 31.875763636363637 ], [ 130.059372727272716, 31.669142424242423 ], [ 129.717354545454555, 31.669142424242423 ], [ 129.717354545454555, 31.875763636363637 ], [ 129.717354545454555, 32.08238484848485 ], [ 129.717354545454555, 32.289006060606056 ], [ 129.717354545454555, 32.495627272727276 ], [ 129.717354545454555, 32.702248484848482 ], [ 129.717354545454555, 32.908869696969703 ], [ 129.717354545454555, 33.115490909090909 ], [ 129.717354545454555, 33.322112121212115 ], [ 129.717354545454555, 33.528733333333335 ] ] ], [ [ [ 129.033318181818203, 33.528733333333335 ], [ 129.033318181818203, 33.735354545454541 ], [ 129.033318181818203, 33.941975757575761 ], [ 129.033318181818203, 34.148596969696968 ], [ 129.033318181818203, 34.355218181818188 ], [ 129.033318181818203, 34.561839393939394 ], [ 129.033318181818203, 34.7684606060606 ], [ 129.033318181818203, 34.97508181818182 ], [ 129.033318181818203, 35.181703030303026 ], [ 129.033318181818203, 35.388324242424247 ], [ 129.033318181818203, 35.594945454545453 ], [ 129.033318181818203, 35.801566666666659 ], [ 129.375336363636364, 35.801566666666659 ], [ 129.717354545454526, 35.801566666666659 ], [ 129.717354545454526, 35.594945454545453 ], [ 129.717354545454526, 35.388324242424247 ], [ 129.717354545454526, 35.181703030303026 ], [ 129.717354545454526, 34.97508181818182 ], [ 129.717354545454526, 34.7684606060606 ], [ 129.717354545454526, 34.561839393939394 ], [ 129.717354545454526, 34.355218181818188 ], [ 129.717354545454526, 34.148596969696968 ], [ 129.717354545454526, 33.941975757575761 ], [ 129.717354545454526, 33.735354545454541 ], [ 129.717354545454526, 33.528733333333335 ], [ 129.717354545454526, 33.322112121212115 ], [ 129.717354545454526, 33.115490909090909 ], [ 129.717354545454526, 32.908869696969703 ], [ 129.717354545454526, 32.702248484848482 ], [ 129.717354545454526, 32.495627272727276 ], [ 129.375336363636364, 32.495627272727276 ], [ 129.375336363636364, 32.702248484848482 ], [ 129.375336363636364, 32.908869696969703 ], [ 129.375336363636364, 33.115490909090909 ], [ 129.033318181818203, 33.115490909090909 ], [ 129.033318181818203, 33.322112121212115 ], [ 129.033318181818203, 33.528733333333335 ] ] ], [ [ [ 129.033318181818203, 36.214809090909085 ], [ 129.033318181818203, 36.421430303030306 ], [ 129.033318181818203, 36.628051515151512 ], [ 129.033318181818203, 36.834672727272732 ], [ 129.033318181818203, 37.041293939393938 ], [ 129.033318181818203, 37.247915151515144 ], [ 129.033318181818203, 37.454536363636365 ], [ 129.033318181818203, 37.661157575757571 ], [ 129.033318181818203, 37.867778787878791 ], [ 129.033318181818203, 38.0744 ], [ 129.033318181818203, 38.281021212121217 ], [ 129.033318181818203, 38.487642424242424 ], [ 129.033318181818203, 38.69426363636363 ], [ 129.033318181818203, 38.90088484848485 ], [ 129.375336363636364, 38.90088484848485 ], [ 129.375336363636364, 38.69426363636363 ], [ 129.375336363636364, 38.487642424242424 ], [ 129.375336363636364, 38.281021212121217 ], [ 129.375336363636364, 38.0744 ], [ 129.375336363636364, 37.867778787878791 ], [ 129.375336363636364, 37.661157575757571 ], [ 129.375336363636364, 37.454536363636365 ], [ 129.717354545454526, 37.454536363636365 ], [ 129.717354545454526, 37.247915151515144 ], [ 129.717354545454526, 37.041293939393938 ], [ 129.717354545454526, 36.834672727272732 ], [ 129.717354545454526, 36.628051515151512 ], [ 129.717354545454526, 36.421430303030306 ], [ 129.375336363636364, 36.421430303030306 ], [ 129.375336363636364, 36.214809090909085 ], [ 129.375336363636364, 36.008187878787879 ], [ 129.717354545454526, 36.008187878787879 ], [ 129.717354545454526, 35.801566666666673 ], [ 129.375336363636364, 35.801566666666673 ], [ 129.033318181818203, 35.801566666666673 ], [ 129.033318181818203, 36.008187878787879 ], [ 129.033318181818203, 36.214809090909085 ] ] ], [ [ [ 130.401390909090907, 43.653172727272718 ], [ 130.743409090909068, 43.653172727272718 ], [ 130.743409090909068, 43.446551515151512 ], [ 130.743409090909068, 43.239930303030306 ], [ 130.743409090909068, 43.033309090909086 ], [ 130.743409090909068, 42.82668787878788 ], [ 130.743409090909068, 42.620066666666659 ], [ 130.743409090909068, 42.413445454545453 ], [ 130.743409090909068, 42.206824242424247 ], [ 130.743409090909068, 42.000203030303027 ], [ 130.743409090909068, 41.793581818181821 ], [ 130.401390909090907, 41.793581818181821 ], [ 130.401390909090907, 42.000203030303027 ], [ 130.059372727272745, 42.000203030303027 ], [ 130.059372727272745, 42.206824242424247 ], [ 130.059372727272745, 42.413445454545453 ], [ 130.059372727272745, 42.620066666666659 ], [ 130.059372727272745, 42.82668787878788 ], [ 130.059372727272745, 43.033309090909086 ], [ 130.059372727272745, 43.239930303030306 ], [ 130.059372727272745, 43.446551515151512 ], [ 130.059372727272745, 43.653172727272718 ], [ 130.401390909090907, 43.653172727272718 ] ] ], [ [ [ 130.059372727272716, 43.033309090909086 ], [ 130.059372727272716, 42.82668787878788 ], [ 130.059372727272716, 42.620066666666659 ], [ 130.059372727272716, 42.413445454545453 ], [ 130.059372727272716, 42.206824242424247 ], [ 129.717354545454555, 42.206824242424247 ], [ 129.717354545454555, 42.413445454545453 ], [ 129.717354545454555, 42.620066666666659 ], [ 129.717354545454555, 42.82668787878788 ], [ 129.717354545454555, 43.033309090909086 ], [ 129.717354545454555, 43.239930303030306 ], [ 129.717354545454555, 43.446551515151512 ], [ 130.059372727272716, 43.446551515151512 ], [ 130.059372727272716, 43.239930303030306 ], [ 130.059372727272716, 43.033309090909086 ] ] ], [ [ [ 130.059372727272745, 43.653172727272732 ], [ 130.059372727272745, 43.859793939393938 ], [ 130.401390909090907, 43.859793939393938 ], [ 130.401390909090907, 44.066415151515145 ], [ 130.743409090909068, 44.066415151515145 ], [ 130.743409090909068, 43.859793939393938 ], [ 130.743409090909068, 43.653172727272732 ], [ 130.401390909090907, 43.653172727272732 ], [ 130.059372727272745, 43.653172727272732 ] ] ], [ [ [ 130.743409090909097, 32.289006060606056 ], [ 130.743409090909097, 32.495627272727276 ], [ 130.743409090909097, 32.702248484848482 ], [ 130.743409090909097, 32.908869696969703 ], [ 130.743409090909097, 33.115490909090909 ], [ 130.743409090909097, 33.322112121212115 ], [ 130.743409090909097, 33.528733333333335 ], [ 130.743409090909097, 33.735354545454541 ], [ 130.743409090909097, 33.941975757575761 ], [ 130.743409090909097, 34.148596969696968 ], [ 130.743409090909097, 34.355218181818188 ], [ 130.743409090909097, 34.561839393939394 ], [ 131.085427272727259, 34.561839393939394 ], [ 131.085427272727259, 34.355218181818188 ], [ 131.085427272727259, 34.148596969696968 ], [ 131.085427272727259, 33.941975757575761 ], [ 131.085427272727259, 33.735354545454541 ], [ 131.085427272727259, 33.528733333333335 ], [ 131.085427272727259, 33.322112121212115 ], [ 131.085427272727259, 33.115490909090909 ], [ 131.085427272727259, 32.908869696969703 ], [ 131.085427272727259, 32.702248484848482 ], [ 131.085427272727259, 32.495627272727276 ], [ 131.085427272727259, 32.289006060606056 ], [ 131.085427272727259, 32.08238484848485 ], [ 131.085427272727259, 31.875763636363637 ], [ 131.085427272727259, 31.669142424242423 ], [ 131.085427272727259, 31.462521212121214 ], [ 131.085427272727259, 31.46252121212121 ], [ 131.085427272727259, 31.2559 ], [ 130.743409090909097, 31.2559 ], [ 130.743409090909097, 31.46252121212121 ], [ 130.743409090909097, 31.462521212121214 ], [ 130.743409090909097, 31.669142424242423 ], [ 130.743409090909097, 31.875763636363637 ], [ 130.743409090909097, 32.08238484848485 ], [ 130.743409090909097, 32.289006060606056 ] ] ], [ [ [ 131.427445454545477, 32.08238484848485 ], [ 131.427445454545477, 32.289006060606056 ], [ 131.427445454545477, 32.495627272727276 ], [ 131.427445454545477, 32.702248484848482 ], [ 131.427445454545477, 32.908869696969703 ], [ 131.427445454545477, 33.115490909090909 ], [ 131.427445454545477, 33.322112121212115 ], [ 131.427445454545477, 33.528733333333335 ], [ 131.427445454545477, 33.735354545454541 ], [ 131.427445454545477, 33.941975757575761 ], [ 131.427445454545477, 34.148596969696968 ], [ 131.427445454545477, 34.355218181818188 ], [ 131.427445454545477, 34.561839393939394 ], [ 131.427445454545477, 34.7684606060606 ], [ 131.427445454545477, 34.97508181818182 ], [ 131.769463636363639, 34.97508181818182 ], [ 131.769463636363639, 35.181703030303026 ], [ 132.111481818181801, 35.181703030303026 ], [ 132.111481818181801, 34.97508181818182 ], [ 132.111481818181801, 34.7684606060606 ], [ 132.111481818181801, 34.561839393939394 ], [ 132.111481818181801, 34.355218181818188 ], [ 132.111481818181801, 34.148596969696968 ], [ 132.111481818181801, 33.941975757575761 ], [ 132.111481818181801, 33.735354545454541 ], [ 132.111481818181801, 33.528733333333335 ], [ 132.111481818181801, 33.322112121212115 ], [ 131.769463636363639, 33.322112121212115 ], [ 131.769463636363639, 33.115490909090909 ], [ 131.769463636363639, 32.908869696969703 ], [ 131.769463636363639, 32.702248484848482 ], [ 131.769463636363639, 32.495627272727276 ], [ 131.769463636363639, 32.289006060606056 ], [ 132.111481818181801, 32.289006060606056 ], [ 132.111481818181801, 32.08238484848485 ], [ 132.111481818181801, 31.875763636363637 ], [ 131.769463636363639, 31.875763636363637 ], [ 131.769463636363639, 31.669142424242423 ], [ 131.769463636363639, 31.46252121212121 ], [ 131.427445454545477, 31.46252121212121 ], [ 131.427445454545477, 31.669142424242423 ], [ 131.427445454545477, 31.875763636363637 ], [ 131.427445454545477, 32.08238484848485 ] ] ], [ [ [ 131.085427272727287, 32.702248484848482 ], [ 131.085427272727287, 32.908869696969703 ], [ 131.085427272727287, 33.115490909090909 ], [ 131.085427272727287, 33.322112121212115 ], [ 131.085427272727287, 33.528733333333335 ], [ 131.085427272727287, 33.735354545454541 ], [ 131.085427272727287, 33.941975757575761 ], [ 131.085427272727287, 34.148596969696968 ], [ 131.085427272727287, 34.355218181818188 ], [ 131.085427272727287, 34.561839393939394 ], [ 131.085427272727287, 34.7684606060606 ], [ 131.427445454545449, 34.7684606060606 ], [ 131.427445454545449, 34.561839393939394 ], [ 131.427445454545449, 34.355218181818188 ], [ 131.427445454545449, 34.148596969696968 ], [ 131.427445454545449, 33.941975757575761 ], [ 131.427445454545449, 33.735354545454541 ], [ 131.427445454545449, 33.528733333333335 ], [ 131.427445454545449, 33.322112121212115 ], [ 131.427445454545449, 33.115490909090909 ], [ 131.427445454545449, 32.908869696969703 ], [ 131.427445454545449, 32.702248484848482 ], [ 131.427445454545449, 32.495627272727276 ], [ 131.427445454545449, 32.289006060606056 ], [ 131.427445454545449, 32.08238484848485 ], [ 131.427445454545449, 31.875763636363637 ], [ 131.427445454545449, 31.669142424242423 ], [ 131.427445454545449, 31.46252121212121 ], [ 131.085427272727287, 31.46252121212121 ], [ 131.085427272727287, 31.669142424242423 ], [ 131.085427272727287, 31.875763636363637 ], [ 131.085427272727287, 32.08238484848485 ], [ 131.085427272727287, 32.289006060606056 ], [ 131.085427272727287, 32.495627272727276 ], [ 131.085427272727287, 32.702248484848482 ] ] ], [ [ [ 130.743409090909097, 43.033309090909086 ], [ 130.743409090909097, 43.239930303030306 ], [ 130.743409090909097, 43.446551515151512 ], [ 130.743409090909097, 43.653172727272718 ], [ 131.085427272727259, 43.653172727272718 ], [ 131.085427272727259, 43.446551515151512 ], [ 131.085427272727259, 43.239930303030306 ], [ 131.085427272727259, 43.033309090909086 ], [ 131.085427272727259, 42.82668787878788 ], [ 131.085427272727259, 42.620066666666659 ], [ 131.085427272727259, 42.413445454545453 ], [ 131.085427272727259, 42.206824242424247 ], [ 131.085427272727259, 42.000203030303027 ], [ 131.085427272727259, 41.793581818181821 ], [ 130.743409090909097, 41.793581818181821 ], [ 130.743409090909097, 42.000203030303027 ], [ 130.743409090909097, 42.206824242424247 ], [ 130.743409090909097, 42.413445454545453 ], [ 130.743409090909097, 42.620066666666659 ], [ 130.743409090909097, 42.82668787878788 ], [ 130.743409090909097, 43.033309090909086 ] ] ], [ [ [ 131.427445454545477, 43.239930303030306 ], [ 131.427445454545477, 43.446551515151512 ], [ 131.427445454545477, 43.653172727272718 ], [ 131.769463636363639, 43.653172727272718 ], [ 132.111481818181801, 43.653172727272718 ], [ 132.111481818181801, 43.446551515151512 ], [ 132.111481818181801, 43.239930303030306 ], [ 132.111481818181801, 43.033309090909086 ], [ 132.111481818181801, 42.82668787878788 ], [ 132.111481818181801, 42.620066666666659 ], [ 132.111481818181801, 42.413445454545453 ], [ 132.111481818181801, 42.206824242424247 ], [ 132.111481818181801, 42.000203030303027 ], [ 131.769463636363639, 42.000203030303027 ], [ 131.427445454545477, 42.000203030303027 ], [ 131.427445454545477, 42.206824242424247 ], [ 131.427445454545477, 42.413445454545453 ], [ 131.427445454545477, 42.620066666666659 ], [ 131.427445454545477, 42.82668787878788 ], [ 131.427445454545477, 43.033309090909086 ], [ 131.427445454545477, 43.239930303030306 ] ] ], [ [ [ 131.085427272727287, 43.239930303030306 ], [ 131.085427272727287, 43.446551515151512 ], [ 131.085427272727287, 43.653172727272718 ], [ 131.427445454545449, 43.653172727272718 ], [ 131.427445454545449, 43.446551515151512 ], [ 131.427445454545449, 43.239930303030306 ], [ 131.427445454545449, 43.033309090909086 ], [ 131.427445454545449, 42.82668787878788 ], [ 131.427445454545449, 42.620066666666659 ], [ 131.427445454545449, 42.413445454545453 ], [ 131.427445454545449, 42.206824242424247 ], [ 131.427445454545449, 42.000203030303027 ], [ 131.085427272727287, 42.000203030303027 ], [ 131.085427272727287, 42.206824242424247 ], [ 131.085427272727287, 42.413445454545453 ], [ 131.085427272727287, 42.620066666666659 ], [ 131.085427272727287, 42.82668787878788 ], [ 131.085427272727287, 43.033309090909086 ], [ 131.085427272727287, 43.239930303030306 ] ] ], [ [ [ 131.085427272727259, 43.859793939393938 ], [ 131.085427272727259, 43.653172727272732 ], [ 130.743409090909097, 43.653172727272732 ], [ 130.743409090909097, 43.859793939393938 ], [ 130.743409090909097, 44.066415151515145 ], [ 130.743409090909097, 44.273036363636365 ], [ 131.085427272727259, 44.273036363636365 ], [ 131.085427272727259, 44.066415151515145 ], [ 131.085427272727259, 43.859793939393938 ] ] ], [ [ [ 132.111481818181801, 44.273036363636365 ], [ 132.111481818181801, 44.066415151515145 ], [ 132.111481818181801, 43.859793939393938 ], [ 132.111481818181801, 43.653172727272732 ], [ 131.769463636363639, 43.653172727272732 ], [ 131.427445454545477, 43.653172727272732 ], [ 131.427445454545477, 43.859793939393938 ], [ 131.427445454545477, 44.066415151515145 ], [ 131.427445454545477, 44.273036363636365 ], [ 131.427445454545477, 44.479657575757571 ], [ 131.769463636363639, 44.479657575757571 ], [ 131.769463636363639, 44.686278787878791 ], [ 132.111481818181801, 44.686278787878791 ], [ 132.111481818181801, 44.479657575757571 ], [ 132.111481818181801, 44.273036363636365 ] ] ], [ [ [ 131.427445454545449, 44.273036363636365 ], [ 131.427445454545449, 44.066415151515145 ], [ 131.427445454545449, 43.859793939393938 ], [ 131.427445454545449, 43.653172727272732 ], [ 131.085427272727287, 43.653172727272732 ], [ 131.085427272727287, 43.859793939393938 ], [ 131.085427272727287, 44.066415151515145 ], [ 131.085427272727287, 44.273036363636365 ], [ 131.085427272727287, 44.479657575757571 ], [ 131.427445454545449, 44.479657575757571 ], [ 131.427445454545449, 44.273036363636365 ] ] ], [ [ [ 132.111481818181829, 34.355218181818188 ], [ 132.111481818181829, 34.561839393939394 ], [ 132.111481818181829, 34.7684606060606 ], [ 132.111481818181829, 34.97508181818182 ], [ 132.111481818181829, 35.181703030303026 ], [ 132.111481818181829, 35.388324242424247 ], [ 132.4535, 35.388324242424247 ], [ 132.4535, 35.181703030303026 ], [ 132.4535, 34.97508181818182 ], [ 132.4535, 34.7684606060606 ], [ 132.4535, 34.561839393939394 ], [ 132.4535, 34.355218181818188 ], [ 132.4535, 34.148596969696968 ], [ 132.4535, 33.941975757575761 ], [ 132.4535, 33.735354545454541 ], [ 132.111481818181829, 33.735354545454541 ], [ 132.111481818181829, 33.941975757575761 ], [ 132.111481818181829, 34.148596969696968 ], [ 132.111481818181829, 34.355218181818188 ] ] ], [ [ [ 133.479554545454562, 35.181703030303026 ], [ 133.479554545454562, 35.388324242424247 ], [ 133.479554545454562, 35.594945454545453 ], [ 133.479554545454562, 35.801566666666659 ], [ 133.821572727272724, 35.801566666666659 ], [ 134.163590909090885, 35.801566666666659 ], [ 134.163590909090885, 35.594945454545453 ], [ 134.163590909090885, 35.388324242424247 ], [ 134.163590909090885, 35.181703030303026 ], [ 134.163590909090885, 34.97508181818182 ], [ 134.163590909090885, 34.7684606060606 ], [ 134.163590909090885, 34.561839393939394 ], [ 134.163590909090885, 34.355218181818188 ], [ 134.163590909090885, 34.148596969696968 ], [ 134.163590909090885, 33.941975757575761 ], [ 134.163590909090885, 33.735354545454541 ], [ 133.821572727272724, 33.735354545454541 ], [ 133.821572727272724, 33.941975757575761 ], [ 133.479554545454562, 33.941975757575761 ], [ 133.479554545454562, 34.148596969696968 ], [ 133.479554545454562, 34.355218181818188 ], [ 133.479554545454562, 34.561839393939394 ], [ 133.479554545454562, 34.7684606060606 ], [ 133.479554545454562, 34.97508181818182 ], [ 133.479554545454562, 35.181703030303026 ] ] ], [ [ [ 132.4535, 35.181703030303026 ], [ 132.4535, 35.388324242424247 ], [ 132.4535, 35.594945454545453 ], [ 132.795518181818181, 35.594945454545453 ], [ 132.795518181818181, 35.801566666666659 ], [ 133.137536363636343, 35.801566666666659 ], [ 133.137536363636343, 35.594945454545453 ], [ 133.137536363636343, 35.388324242424247 ], [ 133.137536363636343, 35.181703030303026 ], [ 133.137536363636343, 34.97508181818182 ], [ 133.137536363636343, 34.7684606060606 ], [ 133.137536363636343, 34.561839393939394 ], [ 133.137536363636343, 34.355218181818188 ], [ 133.137536363636343, 34.148596969696968 ], [ 132.795518181818181, 34.148596969696968 ], [ 132.795518181818181, 33.941975757575761 ], [ 132.4535, 33.941975757575761 ], [ 132.4535, 34.148596969696968 ], [ 132.4535, 34.355218181818188 ], [ 132.4535, 34.561839393939394 ], [ 132.4535, 34.7684606060606 ], [ 132.4535, 34.97508181818182 ], [ 132.4535, 35.181703030303026 ] ] ], [ [ [ 133.137536363636372, 35.181703030303026 ], [ 133.137536363636372, 35.388324242424247 ], [ 133.137536363636372, 35.594945454545453 ], [ 133.137536363636372, 35.801566666666659 ], [ 133.479554545454533, 35.801566666666659 ], [ 133.479554545454533, 35.594945454545453 ], [ 133.479554545454533, 35.388324242424247 ], [ 133.479554545454533, 35.181703030303026 ], [ 133.479554545454533, 34.97508181818182 ], [ 133.479554545454533, 34.7684606060606 ], [ 133.479554545454533, 34.561839393939394 ], [ 133.479554545454533, 34.355218181818188 ], [ 133.479554545454533, 34.148596969696968 ], [ 133.137536363636372, 34.148596969696968 ], [ 133.137536363636372, 34.355218181818188 ], [ 133.137536363636372, 34.561839393939394 ], [ 133.137536363636372, 34.7684606060606 ], [ 133.137536363636372, 34.97508181818182 ], [ 133.137536363636372, 35.181703030303026 ] ] ], [ [ [ 133.479554545454562, 36.008187878787879 ], [ 133.821572727272724, 36.008187878787879 ], [ 133.821572727272724, 36.214809090909085 ], [ 134.163590909090885, 36.214809090909085 ], [ 134.163590909090885, 36.008187878787879 ], [ 134.163590909090885, 35.801566666666673 ], [ 133.821572727272724, 35.801566666666673 ], [ 133.479554545454562, 35.801566666666673 ], [ 133.479554545454562, 36.008187878787879 ] ] ], [ [ [ 133.137536363636372, 36.008187878787879 ], [ 133.479554545454533, 36.008187878787879 ], [ 133.479554545454533, 35.801566666666673 ], [ 133.137536363636372, 35.801566666666673 ], [ 133.137536363636372, 36.008187878787879 ] ] ], [ [ [ 132.111481818181829, 43.446551515151512 ], [ 132.111481818181829, 43.653172727272718 ], [ 132.4535, 43.653172727272718 ], [ 132.4535, 43.446551515151512 ], [ 132.4535, 43.239930303030306 ], [ 132.4535, 43.033309090909086 ], [ 132.4535, 42.82668787878788 ], [ 132.4535, 42.620066666666659 ], [ 132.4535, 42.413445454545453 ], [ 132.4535, 42.206824242424247 ], [ 132.111481818181829, 42.206824242424247 ], [ 132.111481818181829, 42.413445454545453 ], [ 132.111481818181829, 42.620066666666659 ], [ 132.111481818181829, 42.82668787878788 ], [ 132.111481818181829, 43.033309090909086 ], [ 132.111481818181829, 43.239930303030306 ], [ 132.111481818181829, 43.446551515151512 ] ] ], [ [ [ 132.4535, 43.446551515151512 ], [ 132.4535, 43.653172727272718 ], [ 132.795518181818181, 43.653172727272718 ], [ 133.137536363636343, 43.653172727272718 ], [ 133.137536363636343, 43.446551515151512 ], [ 133.137536363636343, 43.239930303030306 ], [ 133.137536363636343, 43.033309090909086 ], [ 133.137536363636343, 42.82668787878788 ], [ 133.137536363636343, 42.620066666666659 ], [ 133.137536363636343, 42.413445454545453 ], [ 132.795518181818181, 42.413445454545453 ], [ 132.795518181818181, 42.206824242424247 ], [ 132.4535, 42.206824242424247 ], [ 132.4535, 42.413445454545453 ], [ 132.4535, 42.620066666666659 ], [ 132.4535, 42.82668787878788 ], [ 132.4535, 43.033309090909086 ], [ 132.4535, 43.239930303030306 ], [ 132.4535, 43.446551515151512 ] ] ], [ [ [ 133.137536363636372, 43.446551515151512 ], [ 133.137536363636372, 43.653172727272718 ], [ 133.479554545454533, 43.653172727272718 ], [ 133.479554545454533, 43.446551515151512 ], [ 133.479554545454533, 43.239930303030306 ], [ 133.479554545454533, 43.033309090909086 ], [ 133.479554545454533, 42.82668787878788 ], [ 133.479554545454533, 42.620066666666659 ], [ 133.479554545454533, 42.413445454545453 ], [ 133.137536363636372, 42.413445454545453 ], [ 133.137536363636372, 42.620066666666659 ], [ 133.137536363636372, 42.82668787878788 ], [ 133.137536363636372, 43.033309090909086 ], [ 133.137536363636372, 43.239930303030306 ], [ 133.137536363636372, 43.446551515151512 ] ] ], [ [ [ 133.479554545454562, 43.033309090909086 ], [ 133.479554545454562, 43.239930303030306 ], [ 133.479554545454562, 43.446551515151512 ], [ 133.479554545454562, 43.653172727272718 ], [ 133.821572727272724, 43.653172727272718 ], [ 134.163590909090885, 43.653172727272718 ], [ 134.163590909090885, 43.446551515151512 ], [ 134.163590909090885, 43.239930303030306 ], [ 134.163590909090885, 43.033309090909086 ], [ 134.163590909090885, 42.82668787878788 ], [ 134.163590909090885, 42.620066666666659 ], [ 134.163590909090885, 42.413445454545453 ], [ 133.821572727272724, 42.413445454545453 ], [ 133.479554545454562, 42.413445454545453 ], [ 133.479554545454562, 42.620066666666659 ], [ 133.479554545454562, 42.82668787878788 ], [ 133.479554545454562, 43.033309090909086 ] ] ], [ [ [ 132.4535, 44.686278787878791 ], [ 132.4535, 44.479657575757571 ], [ 132.4535, 44.273036363636365 ], [ 132.4535, 44.066415151515145 ], [ 132.4535, 43.859793939393938 ], [ 132.4535, 43.653172727272732 ], [ 132.111481818181829, 43.653172727272732 ], [ 132.111481818181829, 43.859793939393938 ], [ 132.111481818181829, 44.066415151515145 ], [ 132.111481818181829, 44.273036363636365 ], [ 132.111481818181829, 44.479657575757571 ], [ 132.111481818181829, 44.686278787878791 ], [ 132.4535, 44.686278787878791 ] ] ], [ [ [ 133.821572727272724, 44.479657575757571 ], [ 134.163590909090885, 44.479657575757571 ], [ 134.163590909090885, 44.273036363636365 ], [ 134.163590909090885, 44.066415151515145 ], [ 134.163590909090885, 43.859793939393938 ], [ 134.163590909090885, 43.653172727272732 ], [ 133.821572727272724, 43.653172727272732 ], [ 133.479554545454562, 43.653172727272732 ], [ 133.479554545454562, 43.859793939393938 ], [ 133.479554545454562, 44.066415151515145 ], [ 133.479554545454562, 44.273036363636365 ], [ 133.479554545454562, 44.479657575757571 ], [ 133.821572727272724, 44.479657575757571 ] ] ], [ [ [ 132.4535, 44.273036363636365 ], [ 132.4535, 44.479657575757571 ], [ 132.4535, 44.686278787878791 ], [ 132.795518181818181, 44.686278787878791 ], [ 133.137536363636343, 44.686278787878791 ], [ 133.137536363636343, 44.479657575757571 ], [ 133.137536363636343, 44.273036363636365 ], [ 133.137536363636343, 44.066415151515145 ], [ 133.137536363636343, 43.859793939393938 ], [ 133.137536363636343, 43.653172727272732 ], [ 132.795518181818181, 43.653172727272732 ], [ 132.4535, 43.653172727272732 ], [ 132.4535, 43.859793939393938 ], [ 132.4535, 44.066415151515145 ], [ 132.4535, 44.273036363636365 ] ] ], [ [ [ 133.479554545454533, 43.653172727272732 ], [ 133.137536363636372, 43.653172727272732 ], [ 133.137536363636372, 43.859793939393938 ], [ 133.137536363636372, 44.066415151515145 ], [ 133.137536363636372, 44.273036363636365 ], [ 133.137536363636372, 44.479657575757571 ], [ 133.479554545454533, 44.479657575757571 ], [ 133.479554545454533, 44.273036363636365 ], [ 133.479554545454533, 44.066415151515145 ], [ 133.479554545454533, 43.859793939393938 ], [ 133.479554545454533, 43.653172727272732 ] ] ], [ [ [ 134.505609090909104, 34.355218181818188 ], [ 134.505609090909104, 34.561839393939394 ], [ 134.505609090909104, 34.7684606060606 ], [ 134.505609090909104, 34.97508181818182 ], [ 134.505609090909104, 35.181703030303026 ], [ 134.505609090909104, 35.388324242424247 ], [ 134.505609090909104, 35.594945454545453 ], [ 134.505609090909104, 35.801566666666659 ], [ 134.847627272727266, 35.801566666666659 ], [ 135.189645454545428, 35.801566666666659 ], [ 135.189645454545428, 35.594945454545453 ], [ 135.189645454545428, 35.388324242424247 ], [ 135.189645454545428, 35.181703030303026 ], [ 135.189645454545428, 34.97508181818182 ], [ 135.189645454545428, 34.7684606060606 ], [ 135.189645454545428, 34.561839393939394 ], [ 135.189645454545428, 34.355218181818188 ], [ 135.189645454545428, 34.148596969696968 ], [ 135.189645454545428, 33.941975757575761 ], [ 135.189645454545428, 33.735354545454541 ], [ 134.847627272727266, 33.735354545454541 ], [ 134.505609090909104, 33.735354545454541 ], [ 134.505609090909104, 33.941975757575761 ], [ 134.505609090909104, 34.148596969696968 ], [ 134.505609090909104, 34.355218181818188 ] ] ], [ [ [ 135.189645454545456, 34.97508181818182 ], [ 135.189645454545456, 35.181703030303026 ], [ 135.189645454545456, 35.388324242424247 ], [ 135.189645454545456, 35.594945454545453 ], [ 135.189645454545456, 35.801566666666659 ], [ 135.531663636363618, 35.801566666666659 ], [ 135.531663636363618, 35.594945454545453 ], [ 135.531663636363618, 35.388324242424247 ], [ 135.531663636363618, 35.181703030303026 ], [ 135.531663636363618, 34.97508181818182 ], [ 135.531663636363618, 34.7684606060606 ], [ 135.531663636363618, 34.561839393939394 ], [ 135.531663636363618, 34.355218181818188 ], [ 135.531663636363618, 34.148596969696968 ], [ 135.531663636363618, 33.941975757575761 ], [ 135.531663636363618, 33.735354545454541 ], [ 135.189645454545456, 33.735354545454541 ], [ 135.189645454545456, 33.941975757575761 ], [ 135.189645454545456, 34.148596969696968 ], [ 135.189645454545456, 34.355218181818188 ], [ 135.189645454545456, 34.561839393939394 ], [ 135.189645454545456, 34.7684606060606 ], [ 135.189645454545456, 34.97508181818182 ] ] ], [ [ [ 134.163590909090914, 34.561839393939394 ], [ 134.163590909090914, 34.7684606060606 ], [ 134.163590909090914, 34.97508181818182 ], [ 134.163590909090914, 35.181703030303026 ], [ 134.163590909090914, 35.388324242424247 ], [ 134.163590909090914, 35.594945454545453 ], [ 134.163590909090914, 35.801566666666659 ], [ 134.505609090909076, 35.801566666666659 ], [ 134.505609090909076, 35.594945454545453 ], [ 134.505609090909076, 35.388324242424247 ], [ 134.505609090909076, 35.181703030303026 ], [ 134.505609090909076, 34.97508181818182 ], [ 134.505609090909076, 34.7684606060606 ], [ 134.505609090909076, 34.561839393939394 ], [ 134.505609090909076, 34.355218181818188 ], [ 134.505609090909076, 34.148596969696968 ], [ 134.505609090909076, 33.941975757575761 ], [ 134.505609090909076, 33.735354545454541 ], [ 134.163590909090914, 33.735354545454541 ], [ 134.163590909090914, 33.941975757575761 ], [ 134.163590909090914, 34.148596969696968 ], [ 134.163590909090914, 34.355218181818188 ], [ 134.163590909090914, 34.561839393939394 ] ] ], [ [ [ 135.189645454545428, 36.008187878787879 ], [ 135.189645454545428, 35.801566666666673 ], [ 134.847627272727266, 35.801566666666673 ], [ 134.505609090909104, 35.801566666666673 ], [ 134.505609090909104, 36.008187878787879 ], [ 134.505609090909104, 36.214809090909085 ], [ 134.847627272727266, 36.214809090909085 ], [ 135.189645454545428, 36.214809090909085 ], [ 135.189645454545428, 36.008187878787879 ] ] ], [ [ [ 134.163590909090914, 35.801566666666673 ], [ 134.163590909090914, 36.008187878787879 ], [ 134.163590909090914, 36.214809090909085 ], [ 134.505609090909076, 36.214809090909085 ], [ 134.505609090909076, 36.008187878787879 ], [ 134.505609090909076, 35.801566666666673 ], [ 134.163590909090914, 35.801566666666673 ] ] ], [ [ [ 135.531663636363618, 36.008187878787879 ], [ 135.531663636363618, 35.801566666666673 ], [ 135.189645454545456, 35.801566666666673 ], [ 135.189645454545456, 36.008187878787879 ], [ 135.189645454545456, 36.214809090909085 ], [ 135.189645454545456, 36.421430303030306 ], [ 135.531663636363618, 36.421430303030306 ], [ 135.531663636363618, 36.214809090909085 ], [ 135.531663636363618, 36.008187878787879 ] ] ], [ [ [ 135.531663636363646, 35.801566666666673 ], [ 135.531663636363646, 36.008187878787879 ], [ 135.531663636363646, 36.214809090909085 ], [ 135.531663636363646, 36.421430303030306 ], [ 135.873681818181808, 36.421430303030306 ], [ 135.873681818181808, 36.214809090909085 ], [ 135.873681818181808, 36.008187878787879 ], [ 135.873681818181808, 35.801566666666673 ], [ 135.531663636363646, 35.801566666666673 ] ] ], [ [ [ 134.505609090909076, 43.653172727272718 ], [ 134.505609090909076, 43.446551515151512 ], [ 134.505609090909076, 43.239930303030306 ], [ 134.505609090909076, 43.033309090909086 ], [ 134.505609090909076, 42.82668787878788 ], [ 134.505609090909076, 42.620066666666659 ], [ 134.163590909090914, 42.620066666666659 ], [ 134.163590909090914, 42.82668787878788 ], [ 134.163590909090914, 43.033309090909086 ], [ 134.163590909090914, 43.239930303030306 ], [ 134.163590909090914, 43.446551515151512 ], [ 134.163590909090914, 43.653172727272718 ], [ 134.505609090909076, 43.653172727272718 ] ] ], [ [ [ 134.847627272727266, 43.653172727272718 ], [ 135.189645454545428, 43.653172727272718 ], [ 135.189645454545428, 43.446551515151512 ], [ 135.189645454545428, 43.239930303030306 ], [ 135.189645454545428, 43.033309090909086 ], [ 135.189645454545428, 42.82668787878788 ], [ 134.847627272727266, 42.82668787878788 ], [ 134.847627272727266, 42.620066666666659 ], [ 134.505609090909104, 42.620066666666659 ], [ 134.505609090909104, 42.82668787878788 ], [ 134.505609090909104, 43.033309090909086 ], [ 134.505609090909104, 43.239930303030306 ], [ 134.505609090909104, 43.446551515151512 ], [ 134.505609090909104, 43.653172727272718 ], [ 134.847627272727266, 43.653172727272718 ] ] ], [ [ [ 135.189645454545456, 43.239930303030306 ], [ 135.189645454545456, 43.446551515151512 ], [ 135.189645454545456, 43.653172727272718 ], [ 135.531663636363618, 43.653172727272718 ], [ 135.531663636363618, 43.446551515151512 ], [ 135.531663636363618, 43.239930303030306 ], [ 135.531663636363618, 43.033309090909086 ], [ 135.189645454545456, 43.033309090909086 ], [ 135.189645454545456, 43.239930303030306 ] ] ], [ [ [ 134.505609090909104, 44.479657575757571 ], [ 134.505609090909104, 44.686278787878791 ], [ 134.847627272727266, 44.686278787878791 ], [ 135.189645454545428, 44.686278787878791 ], [ 135.189645454545428, 44.479657575757571 ], [ 135.189645454545428, 44.273036363636365 ], [ 135.189645454545428, 44.066415151515145 ], [ 135.189645454545428, 43.859793939393938 ], [ 135.189645454545428, 43.653172727272732 ], [ 134.847627272727266, 43.653172727272732 ], [ 134.505609090909104, 43.653172727272732 ], [ 134.505609090909104, 43.859793939393938 ], [ 134.505609090909104, 44.066415151515145 ], [ 134.505609090909104, 44.273036363636365 ], [ 134.505609090909104, 44.479657575757571 ] ] ], [ [ [ 134.505609090909076, 44.479657575757571 ], [ 134.505609090909076, 44.273036363636365 ], [ 134.505609090909076, 44.066415151515145 ], [ 134.505609090909076, 43.859793939393938 ], [ 134.505609090909076, 43.653172727272732 ], [ 134.163590909090914, 43.653172727272732 ], [ 134.163590909090914, 43.859793939393938 ], [ 134.163590909090914, 44.066415151515145 ], [ 134.163590909090914, 44.273036363636365 ], [ 134.163590909090914, 44.479657575757571 ], [ 134.505609090909076, 44.479657575757571 ] ] ], [ [ [ 135.531663636363618, 44.686278787878791 ], [ 135.531663636363618, 44.479657575757571 ], [ 135.531663636363618, 44.273036363636365 ], [ 135.531663636363618, 44.066415151515145 ], [ 135.531663636363618, 43.859793939393938 ], [ 135.531663636363618, 43.653172727272732 ], [ 135.189645454545456, 43.653172727272732 ], [ 135.189645454545456, 43.859793939393938 ], [ 135.189645454545456, 44.066415151515145 ], [ 135.189645454545456, 44.273036363636365 ], [ 135.189645454545456, 44.479657575757571 ], [ 135.189645454545456, 44.686278787878791 ], [ 135.531663636363618, 44.686278787878791 ] ] ], [ [ [ 135.873681818181836, 34.97508181818182 ], [ 135.873681818181836, 35.181703030303026 ], [ 135.873681818181836, 35.388324242424247 ], [ 135.873681818181836, 35.594945454545453 ], [ 135.873681818181836, 35.801566666666659 ], [ 136.2157, 35.801566666666659 ], [ 136.55771818181816, 35.801566666666659 ], [ 136.55771818181816, 35.594945454545453 ], [ 136.55771818181816, 35.388324242424247 ], [ 136.55771818181816, 35.181703030303026 ], [ 136.55771818181816, 34.97508181818182 ], [ 136.55771818181816, 34.7684606060606 ], [ 136.55771818181816, 34.561839393939394 ], [ 136.55771818181816, 34.355218181818188 ], [ 136.55771818181816, 34.148596969696968 ], [ 136.55771818181816, 33.941975757575761 ], [ 136.2157, 33.941975757575761 ], [ 136.2157, 33.735354545454541 ], [ 135.873681818181836, 33.735354545454541 ], [ 135.873681818181836, 33.941975757575761 ], [ 135.873681818181836, 34.148596969696968 ], [ 135.873681818181836, 34.355218181818188 ], [ 135.873681818181836, 34.561839393939394 ], [ 135.873681818181836, 34.7684606060606 ], [ 135.873681818181836, 34.97508181818182 ] ] ], [ [ [ 135.531663636363646, 34.97508181818182 ], [ 135.531663636363646, 35.181703030303026 ], [ 135.531663636363646, 35.388324242424247 ], [ 135.531663636363646, 35.594945454545453 ], [ 135.531663636363646, 35.801566666666659 ], [ 135.873681818181808, 35.801566666666659 ], [ 135.873681818181808, 35.594945454545453 ], [ 135.873681818181808, 35.388324242424247 ], [ 135.873681818181808, 35.181703030303026 ], [ 135.873681818181808, 34.97508181818182 ], [ 135.873681818181808, 34.7684606060606 ], [ 135.873681818181808, 34.561839393939394 ], [ 135.873681818181808, 34.355218181818188 ], [ 135.873681818181808, 34.148596969696968 ], [ 135.873681818181808, 33.941975757575761 ], [ 135.873681818181808, 33.735354545454541 ], [ 135.531663636363646, 33.735354545454541 ], [ 135.531663636363646, 33.941975757575761 ], [ 135.531663636363646, 34.148596969696968 ], [ 135.531663636363646, 34.355218181818188 ], [ 135.531663636363646, 34.561839393939394 ], [ 135.531663636363646, 34.7684606060606 ], [ 135.531663636363646, 34.97508181818182 ] ] ], [ [ [ 136.557718181818188, 34.561839393939394 ], [ 136.557718181818188, 34.7684606060606 ], [ 136.557718181818188, 34.97508181818182 ], [ 136.557718181818188, 35.181703030303026 ], [ 136.557718181818188, 35.388324242424247 ], [ 136.557718181818188, 35.594945454545453 ], [ 136.557718181818188, 35.801566666666659 ], [ 136.89973636363635, 35.801566666666659 ], [ 136.89973636363635, 35.594945454545453 ], [ 136.89973636363635, 35.388324242424247 ], [ 136.89973636363635, 35.181703030303026 ], [ 136.89973636363635, 34.97508181818182 ], [ 136.89973636363635, 34.7684606060606 ], [ 136.89973636363635, 34.561839393939394 ], [ 136.89973636363635, 34.355218181818188 ], [ 136.89973636363635, 34.148596969696968 ], [ 136.89973636363635, 33.941975757575761 ], [ 136.557718181818188, 33.941975757575761 ], [ 136.557718181818188, 34.148596969696968 ], [ 136.557718181818188, 34.355218181818188 ], [ 136.557718181818188, 34.561839393939394 ] ] ], [ [ [ 136.899736363636379, 35.181703030303026 ], [ 136.899736363636379, 35.388324242424247 ], [ 136.899736363636379, 35.594945454545453 ], [ 136.899736363636379, 35.801566666666659 ], [ 137.24175454545454, 35.801566666666659 ], [ 137.583772727272702, 35.801566666666659 ], [ 137.583772727272702, 35.594945454545453 ], [ 137.583772727272702, 35.388324242424247 ], [ 137.583772727272702, 35.181703030303026 ], [ 137.583772727272702, 34.97508181818182 ], [ 137.583772727272702, 34.7684606060606 ], [ 137.583772727272702, 34.561839393939394 ], [ 137.583772727272702, 34.355218181818188 ], [ 137.583772727272702, 34.148596969696968 ], [ 137.24175454545454, 34.148596969696968 ], [ 136.899736363636379, 34.148596969696968 ], [ 136.899736363636379, 34.355218181818188 ], [ 136.899736363636379, 34.561839393939394 ], [ 136.899736363636379, 34.7684606060606 ], [ 136.899736363636379, 34.97508181818182 ], [ 136.899736363636379, 35.181703030303026 ] ] ], [ [ [ 137.583772727272731, 35.388324242424247 ], [ 137.583772727272731, 35.594945454545453 ], [ 137.583772727272731, 35.801566666666659 ], [ 137.925790909090892, 35.801566666666659 ], [ 137.925790909090892, 35.594945454545453 ], [ 137.925790909090892, 35.388324242424247 ], [ 137.925790909090892, 35.181703030303026 ], [ 137.925790909090892, 34.97508181818182 ], [ 137.925790909090892, 34.7684606060606 ], [ 137.925790909090892, 34.561839393939394 ], [ 137.925790909090892, 34.355218181818188 ], [ 137.925790909090892, 34.148596969696968 ], [ 137.583772727272731, 34.148596969696968 ], [ 137.583772727272731, 34.355218181818188 ], [ 137.583772727272731, 34.561839393939394 ], [ 137.583772727272731, 34.7684606060606 ], [ 137.583772727272731, 34.97508181818182 ], [ 137.583772727272731, 35.181703030303026 ], [ 137.583772727272731, 35.388324242424247 ] ] ], [ [ [ 135.873681818181836, 36.628051515151512 ], [ 136.2157, 36.628051515151512 ], [ 136.2157, 36.834672727272732 ], [ 136.55771818181816, 36.834672727272732 ], [ 136.55771818181816, 36.628051515151512 ], [ 136.55771818181816, 36.421430303030306 ], [ 136.55771818181816, 36.214809090909085 ], [ 136.55771818181816, 36.008187878787879 ], [ 136.55771818181816, 35.801566666666673 ], [ 136.2157, 35.801566666666673 ], [ 135.873681818181836, 35.801566666666673 ], [ 135.873681818181836, 36.008187878787879 ], [ 135.873681818181836, 36.214809090909085 ], [ 135.873681818181836, 36.421430303030306 ], [ 135.873681818181836, 36.628051515151512 ] ] ], [ [ [ 136.557718181818188, 36.834672727272732 ], [ 136.557718181818188, 37.041293939393938 ], [ 136.89973636363635, 37.041293939393938 ], [ 136.89973636363635, 36.834672727272732 ], [ 136.89973636363635, 36.628051515151512 ], [ 136.89973636363635, 36.421430303030306 ], [ 136.89973636363635, 36.214809090909085 ], [ 136.89973636363635, 36.008187878787879 ], [ 136.89973636363635, 35.801566666666673 ], [ 136.557718181818188, 35.801566666666673 ], [ 136.557718181818188, 36.008187878787879 ], [ 136.557718181818188, 36.214809090909085 ], [ 136.557718181818188, 36.421430303030306 ], [ 136.557718181818188, 36.628051515151512 ], [ 136.557718181818188, 36.834672727272732 ] ] ], [ [ [ 136.899736363636379, 36.834672727272732 ], [ 136.899736363636379, 37.041293939393938 ], [ 136.899736363636379, 37.247915151515144 ], [ 137.24175454545454, 37.247915151515144 ], [ 137.583772727272702, 37.247915151515144 ], [ 137.583772727272702, 37.041293939393938 ], [ 137.583772727272702, 36.834672727272732 ], [ 137.583772727272702, 36.628051515151512 ], [ 137.583772727272702, 36.421430303030306 ], [ 137.583772727272702, 36.214809090909085 ], [ 137.583772727272702, 36.008187878787879 ], [ 137.583772727272702, 35.801566666666673 ], [ 137.24175454545454, 35.801566666666673 ], [ 136.899736363636379, 35.801566666666673 ], [ 136.899736363636379, 36.008187878787879 ], [ 136.899736363636379, 36.214809090909085 ], [ 136.899736363636379, 36.421430303030306 ], [ 136.899736363636379, 36.628051515151512 ], [ 136.899736363636379, 36.834672727272732 ] ] ], [ [ [ 137.583772727272731, 37.041293939393938 ], [ 137.583772727272731, 37.247915151515144 ], [ 137.583772727272731, 37.454536363636365 ], [ 137.925790909090892, 37.454536363636365 ], [ 137.925790909090892, 37.247915151515144 ], [ 137.925790909090892, 37.041293939393938 ], [ 137.925790909090892, 36.834672727272732 ], [ 137.925790909090892, 36.628051515151512 ], [ 137.925790909090892, 36.421430303030306 ], [ 137.925790909090892, 36.214809090909085 ], [ 137.925790909090892, 36.008187878787879 ], [ 137.925790909090892, 35.801566666666673 ], [ 137.583772727272731, 35.801566666666673 ], [ 137.583772727272731, 36.008187878787879 ], [ 137.583772727272731, 36.214809090909085 ], [ 137.583772727272731, 36.421430303030306 ], [ 137.583772727272731, 36.628051515151512 ], [ 137.583772727272731, 36.834672727272732 ], [ 137.583772727272731, 37.041293939393938 ] ] ], [ [ [ 135.531663636363646, 43.653172727272718 ], [ 135.873681818181808, 43.653172727272718 ], [ 135.873681818181808, 43.446551515151512 ], [ 135.873681818181808, 43.239930303030306 ], [ 135.531663636363646, 43.239930303030306 ], [ 135.531663636363646, 43.446551515151512 ], [ 135.531663636363646, 43.653172727272718 ] ] ], [ [ [ 135.531663636363646, 44.8929 ], [ 135.873681818181808, 44.8929 ], [ 135.873681818181808, 44.686278787878791 ], [ 135.873681818181808, 44.479657575757571 ], [ 135.873681818181808, 44.273036363636365 ], [ 135.873681818181808, 44.066415151515145 ], [ 135.873681818181808, 43.859793939393938 ], [ 135.873681818181808, 43.653172727272732 ], [ 135.531663636363646, 43.653172727272732 ], [ 135.531663636363646, 43.859793939393938 ], [ 135.531663636363646, 44.066415151515145 ], [ 135.531663636363646, 44.273036363636365 ], [ 135.531663636363646, 44.479657575757571 ], [ 135.531663636363646, 44.686278787878791 ], [ 135.531663636363646, 44.8929 ] ] ], [ [ [ 136.2157, 44.066415151515145 ], [ 136.2157, 43.859793939393938 ], [ 136.2157, 43.653172727272732 ], [ 135.873681818181836, 43.653172727272732 ], [ 135.873681818181836, 43.859793939393938 ], [ 135.873681818181836, 44.066415151515145 ], [ 135.873681818181836, 44.273036363636365 ], [ 135.873681818181836, 44.479657575757571 ], [ 135.873681818181836, 44.686278787878791 ], [ 136.2157, 44.686278787878791 ], [ 136.2157, 44.479657575757571 ], [ 136.2157, 44.273036363636365 ], [ 136.2157, 44.066415151515145 ] ] ], [ [ [ 137.925790909090921, 35.181703030303026 ], [ 137.925790909090921, 35.388324242424247 ], [ 137.925790909090921, 35.594945454545453 ], [ 137.925790909090921, 35.801566666666659 ], [ 138.267809090909083, 35.801566666666659 ], [ 138.267809090909083, 35.594945454545453 ], [ 138.267809090909083, 35.388324242424247 ], [ 138.267809090909083, 35.181703030303026 ], [ 138.267809090909083, 34.97508181818182 ], [ 138.267809090909083, 34.7684606060606 ], [ 138.267809090909083, 34.561839393939394 ], [ 138.267809090909083, 34.355218181818188 ], [ 138.267809090909083, 34.148596969696968 ], [ 137.925790909090921, 34.148596969696968 ], [ 137.925790909090921, 34.355218181818188 ], [ 137.925790909090921, 34.561839393939394 ], [ 137.925790909090921, 34.7684606060606 ], [ 137.925790909090921, 34.97508181818182 ], [ 137.925790909090921, 35.181703030303026 ] ] ], [ [ [ 138.267809090909111, 35.388324242424247 ], [ 138.267809090909111, 35.594945454545453 ], [ 138.267809090909111, 35.801566666666659 ], [ 138.609827272727273, 35.801566666666659 ], [ 138.951845454545435, 35.801566666666659 ], [ 138.951845454545435, 35.594945454545453 ], [ 138.951845454545435, 35.388324242424247 ], [ 138.951845454545435, 35.181703030303026 ], [ 138.951845454545435, 34.97508181818182 ], [ 138.951845454545435, 34.7684606060606 ], [ 138.951845454545435, 34.561839393939394 ], [ 138.951845454545435, 34.355218181818188 ], [ 138.951845454545435, 34.148596969696968 ], [ 138.609827272727273, 34.148596969696968 ], [ 138.267809090909111, 34.148596969696968 ], [ 138.267809090909111, 34.355218181818188 ], [ 138.267809090909111, 34.561839393939394 ], [ 138.267809090909111, 34.7684606060606 ], [ 138.267809090909111, 34.97508181818182 ], [ 138.267809090909111, 35.181703030303026 ], [ 138.267809090909111, 35.388324242424247 ] ] ], [ [ [ 139.293863636363653, 34.7684606060606 ], [ 139.293863636363653, 34.97508181818182 ], [ 139.293863636363653, 35.181703030303026 ], [ 139.293863636363653, 35.388324242424247 ], [ 139.293863636363653, 35.594945454545453 ], [ 139.293863636363653, 35.801566666666659 ], [ 139.635881818181815, 35.801566666666659 ], [ 139.9779, 35.801566666666659 ], [ 139.9779, 35.594945454545453 ], [ 139.9779, 35.388324242424247 ], [ 139.9779, 35.181703030303026 ], [ 139.9779, 34.97508181818182 ], [ 139.9779, 34.7684606060606 ], [ 139.9779, 34.561839393939394 ], [ 139.9779, 34.355218181818188 ], [ 139.635881818181815, 34.355218181818188 ], [ 139.293863636363653, 34.355218181818188 ], [ 139.293863636363653, 34.561839393939394 ], [ 139.293863636363653, 34.7684606060606 ] ] ], [ [ [ 139.293863636363625, 34.561839393939394 ], [ 139.293863636363625, 34.355218181818188 ], [ 138.951845454545463, 34.355218181818188 ], [ 138.951845454545463, 34.561839393939394 ], [ 138.951845454545463, 34.7684606060606 ], [ 138.951845454545463, 34.97508181818182 ], [ 138.951845454545463, 35.181703030303026 ], [ 138.951845454545463, 35.388324242424247 ], [ 138.951845454545463, 35.594945454545453 ], [ 138.951845454545463, 35.801566666666659 ], [ 139.293863636363625, 35.801566666666659 ], [ 139.293863636363625, 35.594945454545453 ], [ 139.293863636363625, 35.388324242424247 ], [ 139.293863636363625, 35.181703030303026 ], [ 139.293863636363625, 34.97508181818182 ], [ 139.293863636363625, 34.7684606060606 ], [ 139.293863636363625, 34.561839393939394 ] ] ], [ [ [ 138.267809090909111, 37.247915151515144 ], [ 138.267809090909111, 37.454536363636365 ], [ 138.267809090909111, 37.661157575757571 ], [ 138.267809090909111, 37.867778787878791 ], [ 138.609827272727273, 37.867778787878791 ], [ 138.609827272727273, 38.0744 ], [ 138.609827272727273, 38.281021212121217 ], [ 138.267809090909111, 38.281021212121217 ], [ 138.267809090909111, 38.487642424242424 ], [ 138.267809090909111, 38.69426363636363 ], [ 138.267809090909111, 38.90088484848485 ], [ 138.267809090909111, 39.107506060606056 ], [ 138.267809090909111, 39.314127272727276 ], [ 138.267809090909111, 39.520748484848482 ], [ 138.609827272727273, 39.520748484848482 ], [ 138.609827272727273, 39.727369696969689 ], [ 138.951845454545435, 39.727369696969689 ], [ 138.951845454545435, 39.520748484848482 ], [ 138.951845454545435, 39.314127272727276 ], [ 138.951845454545435, 39.107506060606056 ], [ 138.951845454545435, 38.90088484848485 ], [ 138.951845454545435, 38.69426363636363 ], [ 138.951845454545435, 38.487642424242424 ], [ 138.951845454545435, 38.281021212121217 ], [ 138.951845454545435, 38.0744 ], [ 138.951845454545435, 37.867778787878791 ], [ 138.951845454545435, 37.661157575757571 ], [ 138.951845454545435, 37.454536363636365 ], [ 138.951845454545435, 37.247915151515144 ], [ 138.951845454545435, 37.041293939393938 ], [ 138.951845454545435, 36.834672727272732 ], [ 138.951845454545435, 36.628051515151512 ], [ 138.951845454545435, 36.421430303030306 ], [ 138.951845454545435, 36.214809090909085 ], [ 138.951845454545435, 36.008187878787879 ], [ 138.951845454545435, 35.801566666666673 ], [ 138.609827272727273, 35.801566666666673 ], [ 138.267809090909111, 35.801566666666673 ], [ 138.267809090909111, 36.008187878787879 ], [ 138.267809090909111, 36.214809090909085 ], [ 138.267809090909111, 36.421430303030306 ], [ 138.267809090909111, 36.628051515151512 ], [ 138.267809090909111, 36.834672727272732 ], [ 138.267809090909111, 37.041293939393938 ], [ 138.267809090909111, 37.247915151515144 ] ] ], [ [ [ 137.925790909090921, 36.214809090909085 ], [ 137.925790909090921, 36.421430303030306 ], [ 137.925790909090921, 36.628051515151512 ], [ 137.925790909090921, 36.834672727272732 ], [ 137.925790909090921, 37.041293939393938 ], [ 137.925790909090921, 37.247915151515144 ], [ 137.925790909090921, 37.454536363636365 ], [ 137.925790909090921, 37.661157575757571 ], [ 138.267809090909083, 37.661157575757571 ], [ 138.267809090909083, 37.454536363636365 ], [ 138.267809090909083, 37.247915151515144 ], [ 138.267809090909083, 37.041293939393938 ], [ 138.267809090909083, 36.834672727272732 ], [ 138.267809090909083, 36.628051515151512 ], [ 138.267809090909083, 36.421430303030306 ], [ 138.267809090909083, 36.214809090909085 ], [ 138.267809090909083, 36.008187878787879 ], [ 138.267809090909083, 35.801566666666673 ], [ 137.925790909090921, 35.801566666666673 ], [ 137.925790909090921, 36.008187878787879 ], [ 137.925790909090921, 36.214809090909085 ] ] ], [ [ [ 138.951845454545463, 36.214809090909085 ], [ 138.951845454545463, 36.421430303030306 ], [ 138.951845454545463, 36.628051515151512 ], [ 138.951845454545463, 36.834672727272732 ], [ 138.951845454545463, 37.041293939393938 ], [ 138.951845454545463, 37.247915151515144 ], [ 138.951845454545463, 37.454536363636365 ], [ 138.951845454545463, 37.661157575757571 ], [ 138.951845454545463, 37.867778787878791 ], [ 138.951845454545463, 38.0744 ], [ 138.951845454545463, 38.281021212121217 ], [ 138.951845454545463, 38.487642424242424 ], [ 138.951845454545463, 38.69426363636363 ], [ 138.951845454545463, 38.90088484848485 ], [ 138.951845454545463, 39.107506060606056 ], [ 138.951845454545463, 39.314127272727276 ], [ 138.951845454545463, 39.520748484848482 ], [ 138.951845454545463, 39.727369696969689 ], [ 139.293863636363625, 39.727369696969689 ], [ 139.293863636363625, 39.520748484848482 ], [ 139.293863636363625, 39.314127272727276 ], [ 139.293863636363625, 39.107506060606056 ], [ 139.293863636363625, 38.90088484848485 ], [ 139.293863636363625, 38.69426363636363 ], [ 139.293863636363625, 38.487642424242424 ], [ 139.293863636363625, 38.281021212121217 ], [ 139.293863636363625, 38.0744 ], [ 139.293863636363625, 37.867778787878791 ], [ 139.293863636363625, 37.661157575757571 ], [ 139.293863636363625, 37.454536363636365 ], [ 139.293863636363625, 37.247915151515144 ], [ 139.293863636363625, 37.041293939393938 ], [ 139.293863636363625, 36.834672727272732 ], [ 139.293863636363625, 36.628051515151512 ], [ 139.293863636363625, 36.421430303030306 ], [ 139.293863636363625, 36.214809090909085 ], [ 139.293863636363625, 36.008187878787879 ], [ 139.293863636363625, 35.801566666666673 ], [ 138.951845454545463, 35.801566666666673 ], [ 138.951845454545463, 36.008187878787879 ], [ 138.951845454545463, 36.214809090909085 ] ] ], [ [ [ 139.293863636363653, 36.628051515151512 ], [ 139.293863636363653, 36.834672727272732 ], [ 139.293863636363653, 37.041293939393938 ], [ 139.293863636363653, 37.247915151515144 ], [ 139.293863636363653, 37.454536363636365 ], [ 139.293863636363653, 37.661157575757571 ], [ 139.293863636363653, 37.867778787878791 ], [ 139.293863636363653, 38.0744 ], [ 139.293863636363653, 38.281021212121217 ], [ 139.293863636363653, 38.487642424242424 ], [ 139.293863636363653, 38.69426363636363 ], [ 139.293863636363653, 38.90088484848485 ], [ 139.293863636363653, 39.107506060606056 ], [ 139.293863636363653, 39.314127272727276 ], [ 139.293863636363653, 39.520748484848482 ], [ 139.293863636363653, 39.727369696969689 ], [ 139.635881818181815, 39.727369696969689 ], [ 139.9779, 39.727369696969689 ], [ 139.9779, 39.520748484848482 ], [ 139.9779, 39.314127272727276 ], [ 139.9779, 39.107506060606056 ], [ 139.9779, 38.90088484848485 ], [ 139.9779, 38.69426363636363 ], [ 139.9779, 38.487642424242424 ], [ 139.9779, 38.281021212121217 ], [ 139.9779, 38.0744 ], [ 139.9779, 37.867778787878791 ], [ 139.9779, 37.661157575757571 ], [ 139.9779, 37.454536363636365 ], [ 139.9779, 37.247915151515144 ], [ 139.9779, 37.041293939393938 ], [ 139.9779, 36.834672727272732 ], [ 139.9779, 36.628051515151512 ], [ 139.9779, 36.421430303030306 ], [ 139.9779, 36.214809090909085 ], [ 139.9779, 36.008187878787879 ], [ 139.9779, 35.801566666666673 ], [ 139.635881818181815, 35.801566666666673 ], [ 139.293863636363653, 35.801566666666673 ], [ 139.293863636363653, 36.008187878787879 ], [ 139.293863636363653, 36.214809090909085 ], [ 139.293863636363653, 36.421430303030306 ], [ 139.293863636363653, 36.628051515151512 ] ] ], [ [ [ 139.293863636363625, 39.933990909090909 ], [ 139.293863636363625, 39.727369696969703 ], [ 138.951845454545463, 39.727369696969703 ], [ 138.951845454545463, 39.933990909090909 ], [ 139.293863636363625, 39.933990909090909 ] ] ], [ [ [ 139.635881818181815, 39.727369696969703 ], [ 139.293863636363653, 39.727369696969703 ], [ 139.293863636363653, 39.933990909090909 ], [ 139.635881818181815, 39.933990909090909 ], [ 139.9779, 39.933990909090909 ], [ 139.9779, 39.727369696969703 ], [ 139.635881818181815, 39.727369696969703 ] ] ], [ [ [ 139.9779, 35.801566666666659 ], [ 140.319918181818167, 35.801566666666659 ], [ 140.319918181818167, 35.594945454545453 ], [ 140.319918181818167, 35.388324242424247 ], [ 140.319918181818167, 35.181703030303026 ], [ 140.319918181818167, 34.97508181818182 ], [ 140.319918181818167, 34.7684606060606 ], [ 140.319918181818167, 34.561839393939394 ], [ 139.9779, 34.561839393939394 ], [ 139.9779, 34.7684606060606 ], [ 139.9779, 34.97508181818182 ], [ 139.9779, 35.181703030303026 ], [ 139.9779, 35.388324242424247 ], [ 139.9779, 35.594945454545453 ], [ 139.9779, 35.801566666666659 ] ] ], [ [ [ 140.319918181818196, 35.388324242424247 ], [ 140.319918181818196, 35.594945454545453 ], [ 140.319918181818196, 35.801566666666659 ], [ 140.661936363636357, 35.801566666666659 ], [ 141.003954545454519, 35.801566666666659 ], [ 141.003954545454519, 35.594945454545453 ], [ 141.003954545454519, 35.388324242424247 ], [ 141.003954545454519, 35.181703030303026 ], [ 141.003954545454519, 34.97508181818182 ], [ 141.003954545454519, 34.7684606060606 ], [ 140.661936363636357, 34.7684606060606 ], [ 140.661936363636357, 34.561839393939394 ], [ 140.319918181818196, 34.561839393939394 ], [ 140.319918181818196, 34.7684606060606 ], [ 140.319918181818196, 34.97508181818182 ], [ 140.319918181818196, 35.181703030303026 ], [ 140.319918181818196, 35.388324242424247 ] ] ], [ [ [ 140.319918181818196, 37.041293939393938 ], [ 140.319918181818196, 37.247915151515144 ], [ 140.319918181818196, 37.454536363636365 ], [ 140.319918181818196, 37.661157575757571 ], [ 140.319918181818196, 37.867778787878791 ], [ 140.319918181818196, 38.0744 ], [ 140.319918181818196, 38.281021212121217 ], [ 140.319918181818196, 38.487642424242424 ], [ 140.319918181818196, 38.69426363636363 ], [ 140.319918181818196, 38.90088484848485 ], [ 140.319918181818196, 39.107506060606056 ], [ 140.319918181818196, 39.314127272727276 ], [ 140.319918181818196, 39.520748484848482 ], [ 140.319918181818196, 39.727369696969689 ], [ 140.661936363636357, 39.727369696969689 ], [ 141.003954545454519, 39.727369696969689 ], [ 141.003954545454519, 39.520748484848482 ], [ 141.003954545454519, 39.314127272727276 ], [ 141.003954545454519, 39.107506060606056 ], [ 141.003954545454519, 38.90088484848485 ], [ 141.003954545454519, 38.69426363636363 ], [ 141.003954545454519, 38.487642424242424 ], [ 141.003954545454519, 38.281021212121217 ], [ 141.003954545454519, 38.0744 ], [ 141.003954545454519, 37.867778787878791 ], [ 141.003954545454519, 37.661157575757571 ], [ 141.003954545454519, 37.454536363636365 ], [ 141.003954545454519, 37.247915151515144 ], [ 141.003954545454519, 37.041293939393938 ], [ 141.003954545454519, 36.834672727272732 ], [ 141.003954545454519, 36.628051515151512 ], [ 141.003954545454519, 36.421430303030306 ], [ 141.003954545454519, 36.214809090909085 ], [ 141.003954545454519, 36.008187878787879 ], [ 141.003954545454519, 35.801566666666673 ], [ 140.661936363636357, 35.801566666666673 ], [ 140.319918181818196, 35.801566666666673 ], [ 140.319918181818196, 36.008187878787879 ], [ 140.319918181818196, 36.214809090909085 ], [ 140.319918181818196, 36.421430303030306 ], [ 140.319918181818196, 36.628051515151512 ], [ 140.319918181818196, 36.834672727272732 ], [ 140.319918181818196, 37.041293939393938 ] ] ], [ [ [ 139.9779, 36.628051515151512 ], [ 139.9779, 36.834672727272732 ], [ 139.9779, 37.041293939393938 ], [ 139.9779, 37.247915151515144 ], [ 139.9779, 37.454536363636365 ], [ 139.9779, 37.661157575757571 ], [ 139.9779, 37.867778787878791 ], [ 139.9779, 38.0744 ], [ 139.9779, 38.281021212121217 ], [ 139.9779, 38.487642424242424 ], [ 139.9779, 38.69426363636363 ], [ 139.9779, 38.90088484848485 ], [ 139.9779, 39.107506060606056 ], [ 139.9779, 39.314127272727276 ], [ 139.9779, 39.520748484848482 ], [ 139.9779, 39.727369696969689 ], [ 140.319918181818167, 39.727369696969689 ], [ 140.319918181818167, 39.520748484848482 ], [ 140.319918181818167, 39.314127272727276 ], [ 140.319918181818167, 39.107506060606056 ], [ 140.319918181818167, 38.90088484848485 ], [ 140.319918181818167, 38.69426363636363 ], [ 140.319918181818167, 38.487642424242424 ], [ 140.319918181818167, 38.281021212121217 ], [ 140.319918181818167, 38.0744 ], [ 140.319918181818167, 37.867778787878791 ], [ 140.319918181818167, 37.661157575757571 ], [ 140.319918181818167, 37.454536363636365 ], [ 140.319918181818167, 37.247915151515144 ], [ 140.319918181818167, 37.041293939393938 ], [ 140.319918181818167, 36.834672727272732 ], [ 140.319918181818167, 36.628051515151512 ], [ 140.319918181818167, 36.421430303030306 ], [ 140.319918181818167, 36.214809090909085 ], [ 140.319918181818167, 36.008187878787879 ], [ 140.319918181818167, 35.801566666666673 ], [ 139.9779, 35.801566666666673 ], [ 139.9779, 36.008187878787879 ], [ 139.9779, 36.214809090909085 ], [ 139.9779, 36.421430303030306 ], [ 139.9779, 36.628051515151512 ] ] ], [ [ [ 140.661936363636357, 39.933990909090909 ], [ 141.003954545454519, 39.933990909090909 ], [ 141.003954545454519, 39.727369696969703 ], [ 140.661936363636357, 39.727369696969703 ], [ 140.319918181818196, 39.727369696969703 ], [ 140.319918181818196, 39.933990909090909 ], [ 140.661936363636357, 39.933990909090909 ] ] ], [ [ [ 140.319918181818167, 39.933990909090909 ], [ 140.319918181818167, 39.727369696969703 ], [ 139.9779, 39.727369696969703 ], [ 139.9779, 39.933990909090909 ], [ 140.319918181818167, 39.933990909090909 ] ] ], [ [ [ 140.319918181818196, 42.413445454545453 ], [ 140.319918181818196, 42.620066666666659 ], [ 140.319918181818196, 42.82668787878788 ], [ 140.319918181818196, 43.033309090909086 ], [ 140.319918181818196, 43.239930303030306 ], [ 140.319918181818196, 43.446551515151512 ], [ 140.319918181818196, 43.653172727272718 ], [ 140.661936363636357, 43.653172727272718 ], [ 141.003954545454519, 43.653172727272718 ], [ 141.003954545454519, 43.446551515151512 ], [ 141.003954545454519, 43.239930303030306 ], [ 141.003954545454519, 43.033309090909086 ], [ 141.003954545454519, 42.82668787878788 ], [ 141.003954545454519, 42.620066666666659 ], [ 141.003954545454519, 42.413445454545453 ], [ 141.003954545454519, 42.206824242424247 ], [ 141.003954545454519, 42.000203030303027 ], [ 141.003954545454519, 41.793581818181821 ], [ 141.003954545454519, 41.5869606060606 ], [ 141.003954545454519, 41.380339393939394 ], [ 141.003954545454519, 41.173718181818174 ], [ 141.003954545454519, 40.967096969696968 ], [ 140.661936363636357, 40.967096969696968 ], [ 140.319918181818196, 40.967096969696968 ], [ 140.319918181818196, 41.173718181818174 ], [ 140.319918181818196, 41.380339393939394 ], [ 140.319918181818196, 41.5869606060606 ], [ 140.319918181818196, 41.793581818181821 ], [ 140.319918181818196, 42.000203030303027 ], [ 140.319918181818196, 42.206824242424247 ], [ 140.319918181818196, 42.413445454545453 ] ] ], [ [ [ 139.9779, 42.000203030303027 ], [ 139.9779, 42.206824242424247 ], [ 139.9779, 42.413445454545453 ], [ 139.9779, 42.620066666666659 ], [ 139.9779, 42.82668787878788 ], [ 139.9779, 43.033309090909086 ], [ 139.9779, 43.239930303030306 ], [ 140.319918181818167, 43.239930303030306 ], [ 140.319918181818167, 43.033309090909086 ], [ 140.319918181818167, 42.82668787878788 ], [ 140.319918181818167, 42.620066666666659 ], [ 140.319918181818167, 42.413445454545453 ], [ 140.319918181818167, 42.206824242424247 ], [ 140.319918181818167, 42.000203030303027 ], [ 140.319918181818167, 41.793581818181821 ], [ 140.319918181818167, 41.5869606060606 ], [ 140.319918181818167, 41.380339393939394 ], [ 140.319918181818167, 41.173718181818174 ], [ 139.9779, 41.173718181818174 ], [ 139.9779, 41.380339393939394 ], [ 139.9779, 41.5869606060606 ], [ 139.9779, 41.793581818181821 ], [ 139.9779, 42.000203030303027 ] ] ], [ [ [ 139.635881818181815, 42.000203030303027 ], [ 139.635881818181815, 42.206824242424247 ], [ 139.635881818181815, 42.413445454545453 ], [ 139.9779, 42.413445454545453 ], [ 139.9779, 42.206824242424247 ], [ 139.9779, 42.000203030303027 ], [ 139.9779, 41.793581818181821 ], [ 139.9779, 41.5869606060606 ], [ 139.9779, 41.380339393939394 ], [ 139.9779, 41.173718181818174 ], [ 139.635881818181815, 41.173718181818174 ], [ 139.635881818181815, 41.380339393939394 ], [ 139.635881818181815, 41.5869606060606 ], [ 139.635881818181815, 41.793581818181821 ], [ 139.635881818181815, 42.000203030303027 ] ] ], [ [ [ 141.003954545454548, 35.801566666666659 ], [ 141.345972727272709, 35.801566666666659 ], [ 141.345972727272709, 35.594945454545453 ], [ 141.345972727272709, 35.388324242424247 ], [ 141.003954545454548, 35.388324242424247 ], [ 141.003954545454548, 35.594945454545453 ], [ 141.003954545454548, 35.801566666666659 ] ] ], [ [ [ 141.003954545454548, 37.247915151515144 ], [ 141.003954545454548, 37.454536363636365 ], [ 141.003954545454548, 37.661157575757571 ], [ 141.003954545454548, 37.867778787878791 ], [ 141.003954545454548, 38.0744 ], [ 141.003954545454548, 38.281021212121217 ], [ 141.003954545454548, 38.487642424242424 ], [ 141.003954545454548, 38.69426363636363 ], [ 141.003954545454548, 38.90088484848485 ], [ 141.003954545454548, 39.107506060606056 ], [ 141.003954545454548, 39.314127272727276 ], [ 141.003954545454548, 39.520748484848482 ], [ 141.003954545454548, 39.727369696969689 ], [ 141.345972727272709, 39.727369696969689 ], [ 141.345972727272709, 39.520748484848482 ], [ 141.345972727272709, 39.314127272727276 ], [ 141.345972727272709, 39.107506060606056 ], [ 141.345972727272709, 38.90088484848485 ], [ 141.345972727272709, 38.69426363636363 ], [ 141.345972727272709, 38.487642424242424 ], [ 141.345972727272709, 38.281021212121217 ], [ 141.345972727272709, 38.0744 ], [ 141.345972727272709, 37.867778787878791 ], [ 141.345972727272709, 37.661157575757571 ], [ 141.345972727272709, 37.454536363636365 ], [ 141.345972727272709, 37.247915151515144 ], [ 141.345972727272709, 37.041293939393938 ], [ 141.345972727272709, 36.834672727272732 ], [ 141.345972727272709, 36.628051515151512 ], [ 141.003954545454548, 36.628051515151512 ], [ 141.003954545454548, 36.834672727272732 ], [ 141.003954545454548, 37.041293939393938 ], [ 141.003954545454548, 37.247915151515144 ] ] ], [ [ [ 141.345972727272738, 38.69426363636363 ], [ 141.345972727272738, 38.90088484848485 ], [ 141.6879909090909, 38.90088484848485 ], [ 141.6879909090909, 38.69426363636363 ], [ 141.6879909090909, 38.487642424242424 ], [ 142.030009090909061, 38.487642424242424 ], [ 142.030009090909061, 38.281021212121217 ], [ 142.030009090909061, 38.0744 ], [ 141.6879909090909, 38.0744 ], [ 141.6879909090909, 37.867778787878791 ], [ 141.6879909090909, 37.661157575757571 ], [ 141.6879909090909, 37.454536363636365 ], [ 141.345972727272738, 37.454536363636365 ], [ 141.345972727272738, 37.661157575757571 ], [ 141.345972727272738, 37.867778787878791 ], [ 141.345972727272738, 38.0744 ], [ 141.345972727272738, 38.281021212121217 ], [ 141.345972727272738, 38.487642424242424 ], [ 141.345972727272738, 38.69426363636363 ] ] ], [ [ [ 141.6879909090909, 39.727369696969689 ], [ 141.6879909090909, 39.520748484848482 ], [ 141.345972727272738, 39.520748484848482 ], [ 141.345972727272738, 39.727369696969689 ], [ 141.6879909090909, 39.727369696969689 ] ] ], [ [ [ 141.003954545454548, 40.140612121212115 ], [ 141.345972727272709, 40.140612121212115 ], [ 141.345972727272709, 39.933990909090909 ], [ 141.345972727272709, 39.727369696969703 ], [ 141.003954545454548, 39.727369696969703 ], [ 141.003954545454548, 39.933990909090909 ], [ 141.003954545454548, 40.140612121212115 ] ] ], [ [ [ 141.345972727272738, 40.140612121212115 ], [ 141.345972727272738, 40.347233333333335 ], [ 141.6879909090909, 40.347233333333335 ], [ 141.6879909090909, 40.140612121212115 ], [ 141.6879909090909, 39.933990909090909 ], [ 141.6879909090909, 39.727369696969703 ], [ 141.345972727272738, 39.727369696969703 ], [ 141.345972727272738, 39.933990909090909 ], [ 141.345972727272738, 40.140612121212115 ] ] ], [ [ [ 141.003954545454548, 41.793581818181821 ], [ 141.003954545454548, 42.000203030303027 ], [ 141.003954545454548, 42.206824242424247 ], [ 141.003954545454548, 42.413445454545453 ], [ 141.003954545454548, 42.620066666666659 ], [ 141.003954545454548, 42.82668787878788 ], [ 141.003954545454548, 43.033309090909086 ], [ 141.003954545454548, 43.239930303030306 ], [ 141.003954545454548, 43.446551515151512 ], [ 141.003954545454548, 43.653172727272718 ], [ 141.345972727272709, 43.653172727272718 ], [ 141.345972727272709, 43.446551515151512 ], [ 141.345972727272709, 43.239930303030306 ], [ 141.345972727272709, 43.033309090909086 ], [ 141.345972727272709, 42.82668787878788 ], [ 141.345972727272709, 42.620066666666659 ], [ 141.345972727272709, 42.413445454545453 ], [ 141.345972727272709, 42.206824242424247 ], [ 141.345972727272709, 42.000203030303027 ], [ 141.345972727272709, 41.793581818181821 ], [ 141.345972727272709, 41.5869606060606 ], [ 141.345972727272709, 41.380339393939394 ], [ 141.345972727272709, 41.173718181818174 ], [ 141.345972727272709, 40.967096969696968 ], [ 141.003954545454548, 40.967096969696968 ], [ 141.003954545454548, 41.173718181818174 ], [ 141.003954545454548, 41.380339393939394 ], [ 141.003954545454548, 41.5869606060606 ], [ 141.003954545454548, 41.793581818181821 ] ] ], [ [ [ 141.345972727272738, 42.206824242424247 ], [ 141.345972727272738, 42.413445454545453 ], [ 141.345972727272738, 42.620066666666659 ], [ 141.345972727272738, 42.82668787878788 ], [ 141.345972727272738, 43.033309090909086 ], [ 141.345972727272738, 43.239930303030306 ], [ 141.345972727272738, 43.446551515151512 ], [ 141.345972727272738, 43.653172727272718 ], [ 141.6879909090909, 43.653172727272718 ], [ 142.030009090909061, 43.653172727272718 ], [ 142.030009090909061, 43.446551515151512 ], [ 142.030009090909061, 43.239930303030306 ], [ 142.030009090909061, 43.033309090909086 ], [ 142.030009090909061, 42.82668787878788 ], [ 142.030009090909061, 42.620066666666659 ], [ 142.030009090909061, 42.413445454545453 ], [ 142.030009090909061, 42.206824242424247 ], [ 142.030009090909061, 42.000203030303027 ], [ 142.030009090909061, 41.793581818181821 ], [ 142.030009090909061, 41.5869606060606 ], [ 142.030009090909061, 41.380339393939394 ], [ 141.6879909090909, 41.380339393939394 ], [ 141.6879909090909, 41.173718181818174 ], [ 141.345972727272738, 41.173718181818174 ], [ 141.345972727272738, 41.380339393939394 ], [ 141.345972727272738, 41.5869606060606 ], [ 141.345972727272738, 41.793581818181821 ], [ 141.345972727272738, 42.000203030303027 ], [ 141.345972727272738, 42.206824242424247 ] ] ], [ [ [ 141.345972727272709, 44.066415151515145 ], [ 141.345972727272709, 43.859793939393938 ], [ 141.345972727272709, 43.653172727272732 ], [ 141.003954545454548, 43.653172727272732 ], [ 141.003954545454548, 43.859793939393938 ], [ 141.003954545454548, 44.066415151515145 ], [ 141.345972727272709, 44.066415151515145 ] ] ], [ [ [ 141.6879909090909, 44.066415151515145 ], [ 142.030009090909061, 44.066415151515145 ], [ 142.030009090909061, 43.859793939393938 ], [ 142.030009090909061, 43.653172727272732 ], [ 141.6879909090909, 43.653172727272732 ], [ 141.345972727272738, 43.653172727272732 ], [ 141.345972727272738, 43.859793939393938 ], [ 141.345972727272738, 44.066415151515145 ], [ 141.6879909090909, 44.066415151515145 ] ] ], [ [ [ 140.661936363636357, 43.859793939393938 ], [ 141.003954545454519, 43.859793939393938 ], [ 141.003954545454519, 43.653172727272732 ], [ 140.661936363636357, 43.653172727272732 ], [ 140.661936363636357, 43.859793939393938 ] ] ], [ [ [ 142.03000909090909, 42.620066666666659 ], [ 142.03000909090909, 42.82668787878788 ], [ 142.03000909090909, 43.033309090909086 ], [ 142.03000909090909, 43.239930303030306 ], [ 142.03000909090909, 43.446551515151512 ], [ 142.03000909090909, 43.653172727272718 ], [ 142.372027272727252, 43.653172727272718 ], [ 142.372027272727252, 43.446551515151512 ], [ 142.372027272727252, 43.239930303030306 ], [ 142.372027272727252, 43.033309090909086 ], [ 142.372027272727252, 42.82668787878788 ], [ 142.372027272727252, 42.620066666666659 ], [ 142.372027272727252, 42.413445454545453 ], [ 142.372027272727252, 42.206824242424247 ], [ 142.372027272727252, 42.000203030303027 ], [ 142.03000909090909, 42.000203030303027 ], [ 142.03000909090909, 42.206824242424247 ], [ 142.03000909090909, 42.413445454545453 ], [ 142.03000909090909, 42.620066666666659 ] ] ], [ [ [ 143.7401, 42.82668787878788 ], [ 143.7401, 43.033309090909086 ], [ 143.7401, 43.239930303030306 ], [ 143.7401, 43.446551515151512 ], [ 143.7401, 43.653172727272718 ], [ 144.082118181818174, 43.653172727272718 ], [ 144.424136363636336, 43.653172727272718 ], [ 144.424136363636336, 43.446551515151512 ], [ 144.424136363636336, 43.239930303030306 ], [ 144.424136363636336, 43.033309090909086 ], [ 144.424136363636336, 42.82668787878788 ], [ 144.424136363636336, 42.620066666666659 ], [ 144.424136363636336, 42.413445454545453 ], [ 144.082118181818174, 42.413445454545453 ], [ 143.7401, 42.413445454545453 ], [ 143.7401, 42.620066666666659 ], [ 143.7401, 42.82668787878788 ] ] ], [ [ [ 144.766154545454555, 43.446551515151512 ], [ 144.766154545454555, 43.653172727272718 ], [ 145.108172727272716, 43.653172727272718 ], [ 145.108172727272716, 43.446551515151512 ], [ 145.108172727272716, 43.239930303030306 ], [ 145.108172727272716, 43.033309090909086 ], [ 145.108172727272716, 42.82668787878788 ], [ 145.108172727272716, 42.620066666666659 ], [ 145.108172727272716, 42.413445454545453 ], [ 144.766154545454555, 42.413445454545453 ], [ 144.766154545454555, 42.620066666666659 ], [ 144.766154545454555, 42.82668787878788 ], [ 144.766154545454555, 43.033309090909086 ], [ 144.766154545454555, 43.239930303030306 ], [ 144.766154545454555, 43.446551515151512 ] ] ], [ [ [ 142.37202727272728, 43.653172727272718 ], [ 142.714045454545442, 43.653172727272718 ], [ 142.714045454545442, 43.446551515151512 ], [ 142.714045454545442, 43.239930303030306 ], [ 142.714045454545442, 43.033309090909086 ], [ 142.714045454545442, 42.82668787878788 ], [ 142.714045454545442, 42.620066666666659 ], [ 142.714045454545442, 42.413445454545453 ], [ 142.37202727272728, 42.413445454545453 ], [ 142.37202727272728, 42.620066666666659 ], [ 142.37202727272728, 42.82668787878788 ], [ 142.37202727272728, 43.033309090909086 ], [ 142.37202727272728, 43.239930303030306 ], [ 142.37202727272728, 43.446551515151512 ], [ 142.37202727272728, 43.653172727272718 ] ] ], [ [ [ 144.424136363636364, 43.239930303030306 ], [ 144.424136363636364, 43.446551515151512 ], [ 144.424136363636364, 43.653172727272718 ], [ 144.766154545454526, 43.653172727272718 ], [ 144.766154545454526, 43.446551515151512 ], [ 144.766154545454526, 43.239930303030306 ], [ 144.766154545454526, 43.033309090909086 ], [ 144.766154545454526, 42.82668787878788 ], [ 144.766154545454526, 42.620066666666659 ], [ 144.766154545454526, 42.413445454545453 ], [ 144.424136363636364, 42.413445454545453 ], [ 144.424136363636364, 42.620066666666659 ], [ 144.424136363636364, 42.82668787878788 ], [ 144.424136363636364, 43.033309090909086 ], [ 144.424136363636364, 43.239930303030306 ] ] ], [ [ [ 143.398081818181822, 42.82668787878788 ], [ 143.398081818181822, 43.033309090909086 ], [ 143.398081818181822, 43.239930303030306 ], [ 143.398081818181822, 43.446551515151512 ], [ 143.398081818181822, 43.653172727272718 ], [ 143.7401, 43.653172727272718 ], [ 143.7401, 43.446551515151512 ], [ 143.7401, 43.239930303030306 ], [ 143.7401, 43.033309090909086 ], [ 143.7401, 42.82668787878788 ], [ 143.7401, 42.620066666666659 ], [ 143.398081818181822, 42.620066666666659 ], [ 143.398081818181822, 42.82668787878788 ] ] ], [ [ [ 145.108172727272745, 43.033309090909086 ], [ 145.108172727272745, 43.239930303030306 ], [ 145.108172727272745, 43.446551515151512 ], [ 145.108172727272745, 43.653172727272718 ], [ 145.450190909090907, 43.653172727272718 ], [ 145.792209090909068, 43.653172727272718 ], [ 145.792209090909068, 43.446551515151512 ], [ 145.792209090909068, 43.239930303030306 ], [ 145.792209090909068, 43.033309090909086 ], [ 145.792209090909068, 42.82668787878788 ], [ 145.450190909090907, 42.82668787878788 ], [ 145.450190909090907, 42.620066666666659 ], [ 145.108172727272745, 42.620066666666659 ], [ 145.108172727272745, 42.82668787878788 ], [ 145.108172727272745, 43.033309090909086 ] ] ], [ [ [ 142.71404545454547, 43.446551515151512 ], [ 142.71404545454547, 43.653172727272718 ], [ 143.056063636363632, 43.653172727272718 ], [ 143.398081818181794, 43.653172727272718 ], [ 143.398081818181794, 43.446551515151512 ], [ 143.398081818181794, 43.239930303030306 ], [ 143.398081818181794, 43.033309090909086 ], [ 143.398081818181794, 42.82668787878788 ], [ 143.056063636363632, 42.82668787878788 ], [ 142.71404545454547, 42.82668787878788 ], [ 142.71404545454547, 43.033309090909086 ], [ 142.71404545454547, 43.239930303030306 ], [ 142.71404545454547, 43.446551515151512 ] ] ], [ [ [ 145.792209090909097, 43.239930303030306 ], [ 145.792209090909097, 43.446551515151512 ], [ 145.792209090909097, 43.653172727272718 ], [ 146.134227272727259, 43.653172727272718 ], [ 146.134227272727259, 43.446551515151512 ], [ 146.134227272727259, 43.239930303030306 ], [ 145.792209090909097, 43.239930303030306 ] ] ], [ [ [ 145.108172727272745, 44.479657575757571 ], [ 145.108172727272745, 44.686278787878791 ], [ 145.450190909090907, 44.686278787878791 ], [ 145.792209090909068, 44.686278787878791 ], [ 145.792209090909068, 44.479657575757571 ], [ 145.792209090909068, 44.273036363636365 ], [ 145.792209090909068, 44.066415151515145 ], [ 145.792209090909068, 43.859793939393938 ], [ 145.792209090909068, 43.653172727272732 ], [ 145.450190909090907, 43.653172727272732 ], [ 145.108172727272745, 43.653172727272732 ], [ 145.108172727272745, 43.859793939393938 ], [ 145.108172727272745, 44.066415151515145 ], [ 145.108172727272745, 44.273036363636365 ], [ 145.108172727272745, 44.479657575757571 ] ] ], [ [ [ 143.398081818181794, 43.859793939393938 ], [ 143.398081818181794, 43.653172727272732 ], [ 143.056063636363632, 43.653172727272732 ], [ 142.71404545454547, 43.653172727272732 ], [ 142.71404545454547, 43.859793939393938 ], [ 142.71404545454547, 44.066415151515145 ], [ 143.056063636363632, 44.066415151515145 ], [ 143.398081818181794, 44.066415151515145 ], [ 143.398081818181794, 43.859793939393938 ] ] ], [ [ [ 142.372027272727252, 43.653172727272732 ], [ 142.03000909090909, 43.653172727272732 ], [ 142.03000909090909, 43.859793939393938 ], [ 142.03000909090909, 44.066415151515145 ], [ 142.372027272727252, 44.066415151515145 ], [ 142.372027272727252, 43.859793939393938 ], [ 142.372027272727252, 43.653172727272732 ] ] ], [ [ [ 144.766154545454526, 44.479657575757571 ], [ 144.766154545454526, 44.273036363636365 ], [ 144.766154545454526, 44.066415151515145 ], [ 144.766154545454526, 43.859793939393938 ], [ 144.766154545454526, 43.653172727272732 ], [ 144.424136363636364, 43.653172727272732 ], [ 144.424136363636364, 43.859793939393938 ], [ 144.424136363636364, 44.066415151515145 ], [ 144.424136363636364, 44.273036363636365 ], [ 144.424136363636364, 44.479657575757571 ], [ 144.766154545454526, 44.479657575757571 ] ] ], [ [ [ 142.714045454545442, 43.653172727272732 ], [ 142.37202727272728, 43.653172727272732 ], [ 142.37202727272728, 43.859793939393938 ], [ 142.37202727272728, 44.066415151515145 ], [ 142.714045454545442, 44.066415151515145 ], [ 142.714045454545442, 43.859793939393938 ], [ 142.714045454545442, 43.653172727272732 ] ] ], [ [ [ 144.424136363636336, 44.479657575757571 ], [ 144.424136363636336, 44.273036363636365 ], [ 144.424136363636336, 44.066415151515145 ], [ 144.424136363636336, 43.859793939393938 ], [ 144.424136363636336, 43.653172727272732 ], [ 144.082118181818174, 43.653172727272732 ], [ 143.7401, 43.653172727272732 ], [ 143.7401, 43.859793939393938 ], [ 143.7401, 44.066415151515145 ], [ 143.7401, 44.273036363636365 ], [ 144.082118181818174, 44.273036363636365 ], [ 144.082118181818174, 44.479657575757571 ], [ 144.424136363636336, 44.479657575757571 ] ] ], [ [ [ 145.108172727272716, 44.686278787878791 ], [ 145.108172727272716, 44.479657575757571 ], [ 145.108172727272716, 44.273036363636365 ], [ 145.108172727272716, 44.066415151515145 ], [ 145.108172727272716, 43.859793939393938 ], [ 145.108172727272716, 43.653172727272732 ], [ 144.766154545454555, 43.653172727272732 ], [ 144.766154545454555, 43.859793939393938 ], [ 144.766154545454555, 44.066415151515145 ], [ 144.766154545454555, 44.273036363636365 ], [ 144.766154545454555, 44.479657575757571 ], [ 144.766154545454555, 44.686278787878791 ], [ 145.108172727272716, 44.686278787878791 ] ] ], [ [ [ 146.134227272727259, 44.273036363636365 ], [ 146.134227272727259, 44.066415151515145 ], [ 146.134227272727259, 43.859793939393938 ], [ 146.134227272727259, 43.653172727272732 ], [ 145.792209090909097, 43.653172727272732 ], [ 145.792209090909097, 43.859793939393938 ], [ 145.792209090909097, 44.066415151515145 ], [ 145.792209090909097, 44.273036363636365 ], [ 145.792209090909097, 44.479657575757571 ], [ 146.134227272727259, 44.479657575757571 ], [ 146.134227272727259, 44.273036363636365 ] ] ], [ [ [ 143.398081818181822, 43.653172727272732 ], [ 143.398081818181822, 43.859793939393938 ], [ 143.398081818181822, 44.066415151515145 ], [ 143.7401, 44.066415151515145 ], [ 143.7401, 43.859793939393938 ], [ 143.7401, 43.653172727272732 ], [ 143.398081818181822, 43.653172727272732 ] ] ] ] } },
{ "type": "Feature", "properties": { "month": 6, "species_sci": "Cyanoptila cyanomelana", "species_com": "Blue-and-white Flycatcher / Ōruri" }, "geometry": { "type": "MultiPolygon", "coordinates": [ [ [ [ 125.720915151515143, 35.94075313131313 ], [ 125.720915151515143, 36.10687212121212 ], [ 125.720915151515143, 36.272991111111111 ], [ 125.326608080808072, 36.272991111111111 ], [ 125.326608080808072, 36.439110101010101 ], [ 125.326608080808072, 36.605229090909091 ], [ 125.326608080808072, 36.771348080808082 ], [ 125.326608080808072, 36.937467070707072 ], [ 124.932301010101, 36.937467070707072 ], [ 124.932301010101, 37.103586060606062 ], [ 124.932301010101, 37.269705050505053 ], [ 124.932301010101, 37.435824040404043 ], [ 124.537993939393928, 37.435824040404043 ], [ 124.537993939393928, 37.601943030303033 ], [ 124.537993939393928, 37.768062020202024 ], [ 124.932301010101, 37.768062020202024 ], [ 124.932301010101, 37.934181010101014 ], [ 124.932301010101, 38.1003 ], [ 125.326608080808072, 38.1003 ], [ 125.326608080808072, 38.266418989898995 ], [ 125.326608080808072, 38.432537979797985 ], [ 125.720915151515143, 38.432537979797985 ], [ 126.115222222222215, 38.432537979797985 ], [ 126.115222222222215, 38.598656969696968 ], [ 126.509529292929287, 38.598656969696968 ], [ 126.509529292929287, 38.764775959595958 ], [ 126.903836363636358, 38.764775959595958 ], [ 127.29814343434343, 38.764775959595958 ], [ 127.29814343434343, 38.930894949494949 ], [ 127.692450505050502, 38.930894949494949 ], [ 128.086757575757588, 38.930894949494949 ], [ 128.481064646464631, 38.930894949494949 ], [ 128.875371717171731, 38.930894949494949 ], [ 129.269678787878775, 38.930894949494949 ], [ 129.269678787878775, 38.764775959595958 ], [ 129.663985858585875, 38.764775959595958 ], [ 129.663985858585875, 38.598656969696968 ], [ 129.663985858585875, 38.432537979797985 ], [ 130.058292929292918, 38.432537979797985 ], [ 130.058292929292918, 38.266418989898995 ], [ 130.058292929292918, 38.1003 ], [ 130.058292929292918, 37.934181010101014 ], [ 130.058292929292918, 37.768062020202024 ], [ 130.058292929292918, 37.601943030303033 ], [ 130.058292929292918, 37.435824040404043 ], [ 130.058292929292918, 37.269705050505053 ], [ 130.058292929292918, 37.103586060606062 ], [ 130.4526, 37.103586060606062 ], [ 130.4526, 36.937467070707072 ], [ 130.4526, 36.771348080808082 ], [ 130.058292929292918, 36.771348080808082 ], [ 130.058292929292918, 36.605229090909091 ], [ 130.058292929292918, 36.439110101010101 ], [ 130.058292929292918, 36.272991111111111 ], [ 130.058292929292918, 36.10687212121212 ], [ 129.663985858585875, 36.10687212121212 ], [ 129.663985858585875, 35.94075313131313 ], [ 129.663985858585875, 35.77463414141414 ], [ 129.663985858585875, 35.608515151515149 ], [ 129.269678787878775, 35.608515151515149 ], [ 129.269678787878775, 35.442396161616159 ], [ 129.269678787878775, 35.276277171717169 ], [ 129.269678787878775, 35.110158181818178 ], [ 128.875371717171731, 35.110158181818178 ], [ 128.875371717171731, 34.944039191919188 ], [ 128.481064646464631, 34.944039191919188 ], [ 128.481064646464631, 34.777920202020198 ], [ 128.086757575757588, 34.777920202020198 ], [ 127.692450505050502, 34.777920202020198 ], [ 127.29814343434343, 34.777920202020198 ], [ 127.29814343434343, 34.944039191919188 ], [ 126.903836363636358, 34.944039191919188 ], [ 126.509529292929287, 34.944039191919188 ], [ 126.509529292929287, 35.110158181818178 ], [ 126.115222222222215, 35.110158181818178 ], [ 126.115222222222215, 35.276277171717169 ], [ 126.115222222222215, 35.442396161616159 ], [ 126.115222222222215, 35.608515151515149 ], [ 125.720915151515143, 35.608515151515149 ], [ 125.720915151515143, 35.77463414141414 ], [ 125.720915151515143, 35.94075313131313 ] ] ], [ [ [ 115.863238383838379, 39.7614898989899 ], [ 115.468931313131307, 39.7614898989899 ], [ 115.074624242424235, 39.7614898989899 ], [ 115.074624242424235, 39.927608888888891 ], [ 115.074624242424235, 40.093727878787881 ], [ 115.074624242424235, 40.259846868686871 ], [ 115.468931313131307, 40.259846868686871 ], [ 115.863238383838379, 40.259846868686871 ], [ 115.863238383838379, 40.425965858585862 ], [ 116.257545454545451, 40.425965858585862 ], [ 116.257545454545451, 40.592084848484852 ], [ 116.257545454545451, 40.758203838383842 ], [ 116.651852525252522, 40.758203838383842 ], [ 116.651852525252522, 40.924322828282833 ], [ 117.046159595959594, 40.924322828282833 ], [ 117.046159595959594, 41.090441818181816 ], [ 117.440466666666666, 41.090441818181816 ], [ 117.834773737373737, 41.090441818181816 ], [ 117.834773737373737, 40.924322828282833 ], [ 118.229080808080809, 40.924322828282833 ], [ 118.623387878787881, 40.924322828282833 ], [ 118.623387878787881, 40.758203838383842 ], [ 118.623387878787881, 40.592084848484852 ], [ 118.623387878787881, 40.425965858585862 ], [ 118.623387878787881, 40.259846868686871 ], [ 118.623387878787881, 40.093727878787881 ], [ 118.229080808080809, 40.093727878787881 ], [ 118.229080808080809, 39.927608888888891 ], [ 117.834773737373737, 39.927608888888891 ], [ 117.834773737373737, 39.7614898989899 ], [ 117.440466666666666, 39.7614898989899 ], [ 117.046159595959594, 39.7614898989899 ], [ 116.651852525252522, 39.7614898989899 ], [ 116.257545454545451, 39.7614898989899 ], [ 115.863238383838379, 39.7614898989899 ] ] ], [ [ [ 124.932301010101, 41.588798787878787 ], [ 124.537993939393928, 41.588798787878787 ], [ 124.537993939393928, 41.754917777777777 ], [ 124.537993939393928, 41.921036767676767 ], [ 124.537993939393928, 42.087155757575758 ], [ 124.932301010101, 42.087155757575758 ], [ 125.326608080808072, 42.087155757575758 ], [ 125.326608080808072, 41.921036767676767 ], [ 125.326608080808072, 41.754917777777777 ], [ 125.326608080808072, 41.588798787878787 ], [ 124.932301010101, 41.588798787878787 ] ] ], [ [ [ 130.4526, 32.12001636363636 ], [ 130.058292929292918, 32.12001636363636 ], [ 130.058292929292918, 32.28613535353535 ], [ 130.058292929292918, 32.45225434343434 ], [ 130.058292929292918, 32.618373333333331 ], [ 130.058292929292918, 32.784492323232321 ], [ 130.058292929292918, 32.950611313131311 ], [ 129.663985858585875, 32.950611313131311 ], [ 129.663985858585875, 33.116730303030302 ], [ 129.663985858585875, 33.282849292929292 ], [ 129.663985858585875, 33.448968282828282 ], [ 129.663985858585875, 33.615087272727273 ], [ 129.663985858585875, 33.781206262626263 ], [ 130.058292929292918, 33.781206262626263 ], [ 130.058292929292918, 33.947325252525253 ], [ 130.058292929292918, 34.113444242424244 ], [ 130.4526, 34.113444242424244 ], [ 130.4526, 34.279563232323234 ], [ 130.4526, 34.445682222222224 ], [ 130.846907070707061, 34.445682222222224 ], [ 130.846907070707061, 34.611801212121215 ], [ 131.241214141414162, 34.611801212121215 ], [ 131.241214141414162, 34.777920202020198 ], [ 131.635521212121205, 34.777920202020198 ], [ 131.635521212121205, 34.944039191919188 ], [ 132.029828282828305, 34.944039191919188 ], [ 132.029828282828305, 35.110158181818178 ], [ 132.029828282828305, 35.276277171717169 ], [ 132.029828282828305, 35.442396161616159 ], [ 132.424135353535348, 35.442396161616159 ], [ 132.424135353535348, 35.608515151515149 ], [ 132.818442424242392, 35.608515151515149 ], [ 132.818442424242392, 35.77463414141414 ], [ 133.212749494949492, 35.77463414141414 ], [ 133.212749494949492, 35.94075313131313 ], [ 133.607056565656535, 35.94075313131313 ], [ 133.607056565656592, 35.94075313131313 ], [ 134.001363636363635, 35.94075313131313 ], [ 134.395670707070678, 35.94075313131313 ], [ 134.395670707070678, 36.10687212121212 ], [ 134.789977777777779, 36.10687212121212 ], [ 135.184284848484822, 36.10687212121212 ], [ 135.578591919191922, 36.10687212121212 ], [ 135.578591919191922, 36.272991111111111 ], [ 135.972898989898965, 36.272991111111111 ], [ 135.972898989898965, 36.439110101010101 ], [ 135.972898989898965, 36.605229090909091 ], [ 136.367206060606065, 36.605229090909091 ], [ 136.367206060606065, 36.771348080808082 ], [ 136.761513131313109, 36.771348080808082 ], [ 136.761513131313109, 36.937467070707072 ], [ 136.761513131313109, 37.103586060606062 ], [ 137.155820202020209, 37.103586060606062 ], [ 137.155820202020209, 37.269705050505053 ], [ 137.550127272727252, 37.269705050505053 ], [ 137.550127272727252, 37.435824040404043 ], [ 137.944434343434352, 37.435824040404043 ], [ 137.944434343434352, 37.601943030303033 ], [ 138.338741414141396, 37.601943030303033 ], [ 138.338741414141396, 37.768062020202024 ], [ 138.338741414141396, 37.934181010101014 ], [ 138.733048484848496, 37.934181010101014 ], [ 138.733048484848496, 38.1003 ], [ 138.733048484848496, 38.266418989898995 ], [ 138.733048484848496, 38.432537979797985 ], [ 139.127355555555539, 38.432537979797985 ], [ 139.127355555555539, 38.598656969696968 ], [ 139.127355555555539, 38.764775959595958 ], [ 139.521662626262639, 38.764775959595958 ], [ 139.521662626262639, 38.930894949494949 ], [ 139.521662626262639, 39.097013939393939 ], [ 139.915969696969682, 39.097013939393939 ], [ 139.915969696969682, 39.263132929292929 ], [ 140.310276767676783, 39.263132929292929 ], [ 140.704583838383826, 39.263132929292929 ], [ 141.098890909090926, 39.263132929292929 ], [ 141.098890909090926, 39.097013939393939 ], [ 141.493197979797969, 39.097013939393939 ], [ 141.493197979797969, 38.930894949494949 ], [ 141.887505050505069, 38.930894949494949 ], [ 141.887505050505069, 38.764775959595958 ], [ 141.887505050505069, 38.598656969696968 ], [ 142.281812121212113, 38.598656969696968 ], [ 142.281812121212113, 38.432537979797985 ], [ 142.281812121212113, 38.432537979797978 ], [ 142.281812121212113, 38.266418989898995 ], [ 142.281812121212113, 38.1003 ], [ 141.887505050505069, 38.1003 ], [ 141.887505050505069, 37.934181010101014 ], [ 141.887505050505069, 37.768062020202024 ], [ 141.493197979797969, 37.768062020202024 ], [ 141.493197979797969, 37.601943030303033 ], [ 141.098890909090926, 37.601943030303033 ], [ 141.098890909090926, 37.435824040404043 ], [ 141.098890909090926, 37.269705050505053 ], [ 141.098890909090926, 37.103586060606062 ], [ 141.098890909090926, 36.937467070707072 ], [ 141.098890909090926, 36.771348080808082 ], [ 141.098890909090926, 36.605229090909091 ], [ 141.098890909090926, 36.439110101010101 ], [ 141.098890909090926, 36.272991111111111 ], [ 141.098890909090926, 36.10687212121212 ], [ 141.098890909090926, 35.94075313131313 ], [ 141.098890909090926, 35.77463414141414 ], [ 141.098890909090926, 35.608515151515149 ], [ 141.098890909090926, 35.442396161616159 ], [ 141.098890909090926, 35.276277171717169 ], [ 141.098890909090926, 35.110158181818178 ], [ 141.098890909090926, 34.944039191919188 ], [ 140.704583838383826, 34.944039191919188 ], [ 140.704583838383826, 34.777920202020198 ], [ 140.310276767676783, 34.777920202020198 ], [ 140.310276767676783, 34.611801212121208 ], [ 139.915969696969682, 34.611801212121208 ], [ 139.915969696969682, 34.445682222222224 ], [ 139.521662626262639, 34.445682222222224 ], [ 139.127355555555539, 34.445682222222224 ], [ 139.127355555555539, 34.279563232323234 ], [ 138.733048484848496, 34.279563232323234 ], [ 138.338741414141396, 34.279563232323234 ], [ 137.944434343434352, 34.279563232323234 ], [ 137.550127272727252, 34.279563232323234 ], [ 137.155820202020209, 34.279563232323234 ], [ 137.155820202020209, 34.113444242424244 ], [ 136.761513131313109, 34.113444242424244 ], [ 136.761513131313109, 33.947325252525253 ], [ 136.367206060606065, 33.947325252525253 ], [ 136.367206060606065, 33.781206262626263 ], [ 135.972898989898965, 33.781206262626263 ], [ 135.972898989898965, 33.615087272727273 ], [ 135.578591919191922, 33.615087272727273 ], [ 135.184284848484822, 33.615087272727273 ], [ 134.789977777777779, 33.615087272727273 ], [ 134.395670707070678, 33.615087272727273 ], [ 134.395670707070678, 33.781206262626263 ], [ 134.001363636363635, 33.781206262626263 ], [ 134.001363636363635, 33.947325252525253 ], [ 133.607056565656535, 33.947325252525253 ], [ 133.607056565656535, 34.113444242424244 ], [ 133.212749494949492, 34.113444242424244 ], [ 133.212749494949492, 33.947325252525253 ], [ 132.818442424242448, 33.947325252525253 ], [ 132.818442424242448, 33.781206262626263 ], [ 132.424135353535348, 33.781206262626263 ], [ 132.424135353535348, 33.615087272727273 ], [ 132.424135353535348, 33.448968282828282 ], [ 132.424135353535348, 33.282849292929292 ], [ 132.424135353535348, 33.116730303030302 ], [ 132.424135353535348, 32.950611313131311 ], [ 132.029828282828305, 32.950611313131311 ], [ 132.029828282828305, 32.784492323232321 ], [ 132.029828282828305, 32.618373333333331 ], [ 132.029828282828305, 32.45225434343434 ], [ 132.029828282828305, 32.28613535353535 ], [ 132.029828282828305, 32.12001636363636 ], [ 132.029828282828305, 31.953897373737373 ], [ 132.029828282828305, 31.953897373737369 ], [ 132.029828282828305, 31.787778383838383 ], [ 132.029828282828305, 31.621659393939392 ], [ 131.635521212121205, 31.621659393939392 ], [ 131.635521212121205, 31.455540404040402 ], [ 131.241214141414162, 31.455540404040402 ], [ 130.846907070707061, 31.455540404040402 ], [ 130.846907070707061, 31.621659393939392 ], [ 130.4526, 31.621659393939392 ], [ 130.4526, 31.787778383838383 ], [ 130.4526, 31.953897373737369 ], [ 130.4526, 31.953897373737373 ], [ 130.4526, 32.12001636363636 ] ] ], [ [ [ 130.4526, 42.917750707070709 ], [ 130.4526, 43.0838696969697 ], [ 130.4526, 43.24998868686869 ], [ 130.4526, 43.41610767676768 ], [ 130.4526, 43.582226666666671 ], [ 130.846907070707061, 43.582226666666671 ], [ 130.846907070707061, 43.748345656565661 ], [ 131.241214141414162, 43.748345656565661 ], [ 131.241214141414162, 43.914464646464651 ], [ 131.635521212121205, 43.914464646464651 ], [ 132.029828282828305, 43.914464646464651 ], [ 132.424135353535348, 43.914464646464651 ], [ 132.818442424242448, 43.914464646464651 ], [ 132.818442424242448, 43.748345656565661 ], [ 133.212749494949492, 43.748345656565661 ], [ 133.607056565656592, 43.748345656565661 ], [ 133.607056565656592, 43.582226666666671 ], [ 133.607056565656592, 43.41610767676768 ], [ 133.607056565656592, 43.24998868686869 ], [ 133.607056565656592, 43.0838696969697 ], [ 133.212749494949492, 43.0838696969697 ], [ 133.212749494949492, 42.917750707070709 ], [ 132.818442424242448, 42.917750707070709 ], [ 132.818442424242448, 42.751631717171719 ], [ 132.424135353535348, 42.751631717171719 ], [ 132.029828282828305, 42.751631717171719 ], [ 131.635521212121205, 42.751631717171719 ], [ 131.635521212121205, 42.585512727272729 ], [ 131.241214141414162, 42.585512727272729 ], [ 131.241214141414162, 42.751631717171719 ], [ 130.846907070707061, 42.751631717171719 ], [ 130.846907070707061, 42.917750707070709 ], [ 130.4526, 42.917750707070709 ] ] ], [ [ [ 140.310276767676783, 40.758203838383842 ], [ 140.704583838383826, 40.758203838383842 ], [ 141.098890909090926, 40.758203838383842 ], [ 141.098890909090926, 40.592084848484852 ], [ 141.098890909090926, 40.425965858585862 ], [ 140.704583838383826, 40.425965858585862 ], [ 140.310276767676783, 40.425965858585862 ], [ 139.915969696969682, 40.425965858585862 ], [ 139.915969696969682, 40.592084848484852 ], [ 139.915969696969682, 40.758203838383842 ], [ 140.310276767676783, 40.758203838383842 ] ] ], [ [ [ 139.915969696969682, 42.585512727272729 ], [ 139.915969696969682, 42.751631717171719 ], [ 139.915969696969682, 42.917750707070709 ], [ 139.915969696969682, 43.0838696969697 ], [ 140.310276767676783, 43.0838696969697 ], [ 140.310276767676783, 43.24998868686869 ], [ 140.310276767676783, 43.41610767676768 ], [ 140.704583838383826, 43.41610767676768 ], [ 140.704583838383826, 43.582226666666671 ], [ 140.704583838383826, 43.748345656565661 ], [ 141.098890909090926, 43.748345656565661 ], [ 141.098890909090926, 43.914464646464651 ], [ 141.098890909090926, 44.080583636363642 ], [ 141.098890909090926, 44.246702626262632 ], [ 141.098890909090926, 44.412821616161622 ], [ 141.493197979797969, 44.412821616161622 ], [ 141.887505050505069, 44.412821616161622 ], [ 142.281812121212113, 44.412821616161622 ], [ 142.676119191919213, 44.412821616161622 ], [ 143.070426262626256, 44.412821616161622 ], [ 143.464733333333299, 44.412821616161622 ], [ 143.464733333333356, 44.412821616161622 ], [ 143.8590404040404, 44.412821616161622 ], [ 143.8590404040404, 44.578940606060613 ], [ 144.253347474747443, 44.578940606060613 ], [ 144.2533474747475, 44.578940606060613 ], [ 144.647654545454543, 44.578940606060613 ], [ 144.647654545454543, 44.745059595959603 ], [ 145.041961616161586, 44.745059595959603 ], [ 145.041961616161643, 44.745059595959603 ], [ 145.436268686868686, 44.745059595959603 ], [ 145.830575757575787, 44.745059595959603 ], [ 145.830575757575787, 44.578940606060613 ], [ 146.22488282828283, 44.578940606060613 ], [ 146.22488282828283, 44.412821616161622 ], [ 146.619189898989873, 44.412821616161622 ], [ 146.619189898989873, 44.246702626262632 ], [ 146.619189898989873, 44.080583636363642 ], [ 146.619189898989873, 43.914464646464651 ], [ 146.22488282828283, 43.914464646464651 ], [ 146.22488282828283, 43.748345656565661 ], [ 146.22488282828283, 43.582226666666671 ], [ 146.22488282828283, 43.41610767676768 ], [ 146.22488282828283, 43.24998868686869 ], [ 145.830575757575787, 43.24998868686869 ], [ 145.830575757575787, 43.0838696969697 ], [ 145.830575757575787, 42.917750707070709 ], [ 145.436268686868686, 42.917750707070709 ], [ 145.436268686868686, 42.751631717171719 ], [ 145.041961616161643, 42.751631717171719 ], [ 145.041961616161643, 42.585512727272729 ], [ 144.647654545454543, 42.585512727272729 ], [ 144.2533474747475, 42.585512727272729 ], [ 144.253347474747443, 42.585512727272729 ], [ 143.8590404040404, 42.585512727272729 ], [ 143.464733333333356, 42.585512727272729 ], [ 143.464733333333299, 42.585512727272729 ], [ 143.070426262626256, 42.585512727272729 ], [ 143.070426262626256, 42.419393737373738 ], [ 142.676119191919213, 42.419393737373738 ], [ 142.676119191919213, 42.253274747474748 ], [ 142.281812121212113, 42.253274747474748 ], [ 142.281812121212113, 42.087155757575758 ], [ 141.887505050505069, 42.087155757575758 ], [ 141.493197979797969, 42.087155757575758 ], [ 141.493197979797969, 41.921036767676767 ], [ 141.098890909090926, 41.921036767676767 ], [ 140.704583838383826, 41.921036767676767 ], [ 140.704583838383826, 42.087155757575758 ], [ 140.310276767676783, 42.087155757575758 ], [ 140.310276767676783, 42.253274747474748 ], [ 140.310276767676783, 42.419393737373738 ], [ 139.915969696969682, 42.419393737373738 ], [ 139.915969696969682, 42.585512727272729 ] ] ] ] } },
{ "type": "Feature", "properties": { "month": 7, "species_sci": "Cyanoptila cyanomelana", "species_com": "Blue-and-white Flycatcher / Ōruri" }, "geometry": { "type": "MultiPolygon", "coordinates": [ [ [ [ 125.342812727272715, 34.645775555555559 ], [ 125.342812727272715, 34.824981212121216 ], [ 125.342812727272715, 35.004186868686872 ], [ 125.342812727272715, 35.183392525252529 ], [ 125.736996363636351, 35.183392525252529 ], [ 125.736996363636351, 35.362598181818186 ], [ 125.736996363636351, 35.541803838383842 ], [ 125.342812727272715, 35.541803838383842 ], [ 124.94862909090908, 35.541803838383842 ], [ 124.94862909090908, 35.362598181818186 ], [ 124.554445454545444, 35.362598181818186 ], [ 124.554445454545444, 35.183392525252529 ], [ 124.160261818181809, 35.183392525252529 ], [ 123.766078181818173, 35.183392525252529 ], [ 123.371894545454538, 35.183392525252529 ], [ 122.977710909090902, 35.183392525252529 ], [ 122.583527272727267, 35.183392525252529 ], [ 122.189343636363631, 35.183392525252529 ], [ 122.189343636363631, 35.362598181818186 ], [ 122.189343636363631, 35.541803838383842 ], [ 121.79516, 35.541803838383842 ], [ 121.79516, 35.721009494949499 ], [ 121.79516, 35.900215151515155 ], [ 122.189343636363631, 35.900215151515155 ], [ 122.189343636363631, 36.079420808080812 ], [ 122.189343636363631, 36.258626464646468 ], [ 122.583527272727267, 36.258626464646468 ], [ 122.583527272727267, 36.437832121212125 ], [ 122.977710909090902, 36.437832121212125 ], [ 122.977710909090902, 36.617037777777782 ], [ 123.371894545454538, 36.617037777777782 ], [ 123.371894545454538, 36.796243434343438 ], [ 123.766078181818173, 36.796243434343438 ], [ 124.160261818181809, 36.796243434343438 ], [ 124.554445454545444, 36.796243434343438 ], [ 124.554445454545444, 36.975449090909095 ], [ 124.94862909090908, 36.975449090909095 ], [ 124.94862909090908, 37.154654747474751 ], [ 124.94862909090908, 37.333860404040408 ], [ 124.94862909090908, 37.513066060606064 ], [ 124.94862909090908, 37.692271717171721 ], [ 125.342812727272715, 37.692271717171721 ], [ 125.342812727272715, 37.871477373737378 ], [ 125.342812727272715, 38.050683030303034 ], [ 125.736996363636351, 38.050683030303034 ], [ 125.736996363636351, 38.229888686868691 ], [ 126.13118, 38.229888686868691 ], [ 126.13118, 38.409094343434347 ], [ 126.525363636363622, 38.409094343434347 ], [ 126.919547272727257, 38.409094343434347 ], [ 126.919547272727257, 38.5883 ], [ 127.313730909090893, 38.5883 ], [ 127.313730909090893, 38.76750565656566 ], [ 127.707914545454528, 38.76750565656566 ], [ 127.707914545454528, 38.5883 ], [ 127.707914545454528, 38.409094343434347 ], [ 127.707914545454528, 38.229888686868691 ], [ 127.707914545454528, 38.050683030303034 ], [ 127.707914545454528, 37.871477373737378 ], [ 127.707914545454528, 37.692271717171721 ], [ 127.707914545454528, 37.513066060606064 ], [ 127.707914545454528, 37.333860404040408 ], [ 127.707914545454528, 37.154654747474751 ], [ 127.707914545454528, 36.975449090909095 ], [ 127.707914545454528, 36.796243434343438 ], [ 127.707914545454528, 36.617037777777782 ], [ 127.707914545454528, 36.437832121212125 ], [ 127.707914545454528, 36.258626464646468 ], [ 127.707914545454528, 36.079420808080812 ], [ 127.707914545454528, 35.900215151515155 ], [ 127.707914545454528, 35.721009494949499 ], [ 127.707914545454528, 35.541803838383842 ], [ 127.707914545454528, 35.362598181818186 ], [ 127.707914545454528, 35.183392525252529 ], [ 127.707914545454528, 35.004186868686872 ], [ 127.707914545454528, 34.824981212121216 ], [ 127.707914545454528, 34.645775555555559 ], [ 127.707914545454528, 34.466569898989903 ], [ 127.707914545454528, 34.287364242424246 ], [ 127.707914545454528, 34.10815858585859 ], [ 127.313730909090893, 34.10815858585859 ], [ 126.919547272727257, 34.10815858585859 ], [ 126.919547272727257, 33.928952929292933 ], [ 126.525363636363622, 33.928952929292933 ], [ 126.13118, 33.928952929292933 ], [ 126.13118, 34.10815858585859 ], [ 125.736996363636351, 34.10815858585859 ], [ 125.342812727272715, 34.10815858585859 ], [ 125.342812727272715, 34.287364242424246 ], [ 125.342812727272715, 34.466569898989903 ], [ 125.342812727272715, 34.645775555555559 ] ] ], [ [ [ 116.67077272727272, 40.738767878787883 ], [ 116.67077272727272, 40.917973535353539 ], [ 117.064956363636355, 40.917973535353539 ], [ 117.45914, 40.917973535353539 ], [ 117.45914, 41.097179191919196 ], [ 117.853323636363626, 41.097179191919196 ], [ 118.247507272727262, 41.097179191919196 ], [ 118.247507272727262, 40.917973535353539 ], [ 118.641690909090897, 40.917973535353539 ], [ 118.641690909090897, 40.738767878787883 ], [ 118.641690909090897, 40.559562222222226 ], [ 118.247507272727262, 40.559562222222226 ], [ 118.247507272727262, 40.38035656565657 ], [ 117.853323636363626, 40.38035656565657 ], [ 117.853323636363626, 40.201150909090913 ], [ 117.45914, 40.201150909090913 ], [ 117.064956363636355, 40.201150909090913 ], [ 117.064956363636355, 40.021945252525256 ], [ 116.67077272727272, 40.021945252525256 ], [ 116.67077272727272, 40.201150909090913 ], [ 116.276589090909084, 40.201150909090913 ], [ 116.276589090909084, 40.38035656565657 ], [ 116.276589090909084, 40.559562222222226 ], [ 116.276589090909084, 40.738767878787883 ], [ 116.67077272727272, 40.738767878787883 ] ] ], [ [ [ 126.13118, 33.57054161616162 ], [ 126.525363636363622, 33.57054161616162 ], [ 126.919547272727257, 33.57054161616162 ], [ 127.313730909090893, 33.57054161616162 ], [ 127.313730909090893, 33.391335959595963 ], [ 127.313730909090893, 33.212130303030307 ], [ 126.919547272727257, 33.212130303030307 ], [ 126.919547272727257, 33.03292464646465 ], [ 126.525363636363622, 33.03292464646465 ], [ 126.13118, 33.03292464646465 ], [ 125.736996363636351, 33.03292464646465 ], [ 125.736996363636351, 33.212130303030307 ], [ 125.736996363636351, 33.391335959595963 ], [ 126.13118, 33.391335959595963 ], [ 126.13118, 33.57054161616162 ] ] ], [ [ [ 127.707914545454543, 35.004186868686872 ], [ 127.707914545454543, 35.183392525252529 ], [ 127.707914545454543, 35.362598181818186 ], [ 127.707914545454543, 35.541803838383842 ], [ 127.707914545454543, 35.721009494949499 ], [ 127.707914545454543, 35.900215151515155 ], [ 127.707914545454543, 36.079420808080812 ], [ 127.707914545454543, 36.258626464646468 ], [ 127.707914545454543, 36.437832121212125 ], [ 127.707914545454543, 36.617037777777782 ], [ 127.707914545454543, 36.796243434343438 ], [ 127.707914545454543, 36.975449090909095 ], [ 127.707914545454543, 37.154654747474751 ], [ 127.707914545454543, 37.333860404040408 ], [ 127.707914545454543, 37.513066060606064 ], [ 127.707914545454543, 37.692271717171721 ], [ 127.707914545454543, 37.871477373737378 ], [ 127.707914545454543, 38.050683030303034 ], [ 127.707914545454543, 38.229888686868691 ], [ 127.707914545454543, 38.409094343434347 ], [ 127.707914545454543, 38.5883 ], [ 127.707914545454543, 38.76750565656566 ], [ 127.707914545454543, 38.946711313131317 ], [ 128.102098181818178, 38.946711313131317 ], [ 128.496281818181785, 38.946711313131317 ], [ 128.890465454545449, 38.946711313131317 ], [ 129.284649090909056, 38.946711313131317 ], [ 129.284649090909113, 38.946711313131317 ], [ 129.67883272727272, 38.946711313131317 ], [ 130.073016363636384, 38.946711313131317 ], [ 130.073016363636384, 38.76750565656566 ], [ 130.073016363636384, 38.5883 ], [ 130.4672, 38.5883 ], [ 130.4672, 38.409094343434347 ], [ 130.4672, 38.229888686868691 ], [ 130.4672, 38.050683030303034 ], [ 130.861383636363655, 38.050683030303034 ], [ 131.255567272727262, 38.050683030303034 ], [ 131.649750909090926, 38.050683030303034 ], [ 132.043934545454533, 38.050683030303034 ], [ 132.043934545454533, 37.871477373737378 ], [ 132.438118181818197, 37.871477373737378 ], [ 132.438118181818197, 37.692271717171721 ], [ 132.438118181818197, 37.513066060606064 ], [ 132.043934545454533, 37.513066060606064 ], [ 132.043934545454533, 37.333860404040408 ], [ 131.649750909090926, 37.333860404040408 ], [ 131.649750909090926, 37.154654747474751 ], [ 131.255567272727262, 37.154654747474751 ], [ 131.255567272727262, 36.975449090909095 ], [ 130.861383636363655, 36.975449090909095 ], [ 130.861383636363655, 36.796243434343438 ], [ 130.4672, 36.796243434343438 ], [ 130.4672, 36.617037777777782 ], [ 130.073016363636384, 36.617037777777782 ], [ 130.073016363636384, 36.437832121212125 ], [ 129.67883272727272, 36.437832121212125 ], [ 129.67883272727272, 36.258626464646468 ], [ 129.284649090909113, 36.258626464646468 ], [ 129.284649090909113, 36.079420808080812 ], [ 129.284649090909113, 35.900215151515155 ], [ 129.284649090909113, 35.721009494949499 ], [ 129.67883272727272, 35.721009494949499 ], [ 129.67883272727272, 35.541803838383842 ], [ 129.67883272727272, 35.362598181818186 ], [ 129.67883272727272, 35.183392525252529 ], [ 129.284649090909113, 35.183392525252529 ], [ 129.284649090909113, 35.004186868686872 ], [ 129.284649090909113, 34.824981212121216 ], [ 128.890465454545449, 34.824981212121216 ], [ 128.890465454545449, 34.645775555555559 ], [ 128.496281818181785, 34.645775555555559 ], [ 128.496281818181785, 34.466569898989903 ], [ 128.102098181818178, 34.466569898989903 ], [ 128.102098181818178, 34.287364242424246 ], [ 127.707914545454543, 34.287364242424246 ], [ 127.707914545454543, 34.466569898989903 ], [ 127.707914545454543, 34.645775555555559 ], [ 127.707914545454543, 34.824981212121216 ], [ 127.707914545454543, 35.004186868686872 ] ] ], [ [ [ 130.861383636363655, 31.957690707070707 ], [ 131.255567272727262, 31.957690707070707 ], [ 131.649750909090926, 31.957690707070707 ], [ 132.043934545454533, 31.957690707070707 ], [ 132.438118181818197, 31.957690707070707 ], [ 132.438118181818197, 31.778485050505051 ], [ 132.438118181818197, 31.599279393939394 ], [ 132.043934545454533, 31.599279393939394 ], [ 132.043934545454533, 31.420073737373738 ], [ 131.649750909090926, 31.420073737373738 ], [ 131.255567272727262, 31.420073737373738 ], [ 131.255567272727262, 31.240868080808081 ], [ 130.861383636363655, 31.240868080808081 ], [ 130.4672, 31.240868080808081 ], [ 130.4672, 31.420073737373738 ], [ 130.073016363636327, 31.420073737373738 ], [ 130.073016363636327, 31.599279393939394 ], [ 130.073016363636327, 31.778485050505051 ], [ 130.073016363636327, 31.957690707070707 ], [ 130.4672, 31.957690707070707 ], [ 130.861383636363655, 31.957690707070707 ] ] ], [ [ [ 130.4672, 32.136896363636367 ], [ 130.4672, 32.316102020202024 ], [ 130.4672, 32.495307676767681 ], [ 130.073016363636384, 32.495307676767681 ], [ 130.073016363636327, 32.495307676767681 ], [ 129.67883272727272, 32.495307676767681 ], [ 129.67883272727272, 32.674513333333337 ], [ 129.67883272727272, 32.853718989898994 ], [ 129.67883272727272, 33.03292464646465 ], [ 129.67883272727272, 33.212130303030307 ], [ 129.67883272727272, 33.391335959595963 ], [ 129.67883272727272, 33.57054161616162 ], [ 129.67883272727272, 33.749747272727276 ], [ 129.67883272727272, 33.928952929292933 ], [ 129.67883272727272, 34.10815858585859 ], [ 130.073016363636327, 34.10815858585859 ], [ 130.073016363636327, 34.287364242424246 ], [ 130.073016363636327, 34.466569898989903 ], [ 130.4672, 34.466569898989903 ], [ 130.4672, 34.645775555555559 ], [ 130.861383636363655, 34.645775555555559 ], [ 130.861383636363655, 34.824981212121216 ], [ 131.255567272727262, 34.824981212121216 ], [ 131.649750909090926, 34.824981212121216 ], [ 131.649750909090926, 35.004186868686872 ], [ 132.043934545454533, 35.004186868686872 ], [ 132.043934545454533, 35.183392525252529 ], [ 132.438118181818197, 35.183392525252529 ], [ 132.438118181818197, 35.362598181818186 ], [ 132.832301818181804, 35.362598181818186 ], [ 132.832301818181804, 35.541803838383842 ], [ 133.226485454545468, 35.541803838383842 ], [ 133.226485454545468, 35.721009494949499 ], [ 133.620669090909075, 35.721009494949499 ], [ 133.620669090909075, 35.900215151515155 ], [ 134.014852727272739, 35.900215151515155 ], [ 134.014852727272739, 36.079420808080812 ], [ 134.409036363636346, 36.079420808080812 ], [ 134.80322, 36.079420808080812 ], [ 135.197403636363617, 36.079420808080812 ], [ 135.591587272727281, 36.079420808080812 ], [ 135.591587272727281, 36.258626464646468 ], [ 135.985770909090888, 36.258626464646468 ], [ 135.985770909090888, 36.437832121212125 ], [ 136.379954545454552, 36.437832121212125 ], [ 136.379954545454552, 36.617037777777782 ], [ 136.379954545454552, 36.796243434343438 ], [ 136.774138181818159, 36.796243434343438 ], [ 136.774138181818159, 36.975449090909095 ], [ 137.168321818181823, 36.975449090909095 ], [ 137.168321818181823, 37.154654747474751 ], [ 137.168321818181823, 37.333860404040408 ], [ 137.56250545454543, 37.333860404040408 ], [ 137.956689090909094, 37.333860404040408 ], [ 137.956689090909094, 37.513066060606064 ], [ 138.350872727272701, 37.513066060606064 ], [ 138.350872727272701, 37.692271717171721 ], [ 138.745056363636365, 37.692271717171721 ], [ 138.745056363636365, 37.871477373737378 ], [ 139.13924, 37.871477373737378 ], [ 139.13924, 38.050683030303034 ], [ 139.13924, 38.229888686868691 ], [ 138.745056363636365, 38.229888686868691 ], [ 138.745056363636365, 38.409094343434347 ], [ 138.745056363636365, 38.5883 ], [ 138.745056363636365, 38.76750565656566 ], [ 138.745056363636365, 38.946711313131317 ], [ 138.745056363636365, 39.125916969696974 ], [ 138.745056363636365, 39.30512262626263 ], [ 138.745056363636365, 39.484328282828287 ], [ 138.745056363636365, 39.663533939393943 ], [ 138.745056363636365, 39.8427395959596 ], [ 138.745056363636365, 40.021945252525256 ], [ 138.745056363636365, 40.201150909090913 ], [ 139.13924, 40.201150909090913 ], [ 139.13924, 40.38035656565657 ], [ 139.13924, 40.559562222222226 ], [ 139.533423636363636, 40.559562222222226 ], [ 139.927607272727244, 40.559562222222226 ], [ 139.927607272727244, 40.738767878787883 ], [ 140.321790909090907, 40.738767878787883 ], [ 140.715974545454515, 40.738767878787883 ], [ 140.715974545454515, 40.917973535353539 ], [ 141.110158181818178, 40.917973535353539 ], [ 141.110158181818178, 40.738767878787883 ], [ 141.504341818181786, 40.738767878787883 ], [ 141.89852545454545, 40.738767878787883 ], [ 141.89852545454545, 40.559562222222226 ], [ 142.292709090909113, 40.559562222222226 ], [ 142.292709090909113, 40.38035656565657 ], [ 142.292709090909113, 40.201150909090913 ], [ 142.292709090909113, 40.021945252525256 ], [ 142.292709090909113, 39.8427395959596 ], [ 142.292709090909113, 39.663533939393943 ], [ 142.292709090909113, 39.484328282828287 ], [ 142.292709090909113, 39.30512262626263 ], [ 142.292709090909113, 39.125916969696974 ], [ 142.292709090909113, 38.946711313131317 ], [ 142.292709090909113, 38.76750565656566 ], [ 142.292709090909113, 38.5883 ], [ 142.292709090909113, 38.409094343434347 ], [ 142.292709090909113, 38.229888686868691 ], [ 141.89852545454545, 38.229888686868691 ], [ 141.89852545454545, 38.050683030303034 ], [ 141.89852545454545, 37.871477373737378 ], [ 141.504341818181786, 37.871477373737378 ], [ 141.504341818181786, 37.692271717171721 ], [ 141.504341818181786, 37.513066060606064 ], [ 141.504341818181786, 37.333860404040408 ], [ 141.504341818181786, 37.154654747474751 ], [ 141.504341818181786, 36.975449090909095 ], [ 141.504341818181786, 36.796243434343438 ], [ 141.110158181818178, 36.796243434343438 ], [ 141.110158181818178, 36.617037777777782 ], [ 141.110158181818178, 36.437832121212125 ], [ 141.110158181818178, 36.258626464646468 ], [ 141.110158181818178, 36.079420808080812 ], [ 141.110158181818178, 35.900215151515155 ], [ 141.504341818181786, 35.900215151515155 ], [ 141.504341818181786, 35.721009494949499 ], [ 141.504341818181786, 35.541803838383842 ], [ 141.504341818181786, 35.362598181818186 ], [ 141.110158181818178, 35.362598181818186 ], [ 141.110158181818178, 35.183392525252529 ], [ 141.110158181818178, 35.004186868686872 ], [ 140.715974545454515, 35.004186868686872 ], [ 140.715974545454515, 34.824981212121216 ], [ 140.321790909090907, 34.824981212121216 ], [ 140.321790909090907, 34.645775555555559 ], [ 139.927607272727244, 34.645775555555559 ], [ 139.533423636363636, 34.645775555555559 ], [ 139.533423636363636, 34.466569898989903 ], [ 139.13924, 34.466569898989903 ], [ 138.745056363636365, 34.466569898989903 ], [ 138.350872727272701, 34.466569898989903 ], [ 137.956689090909094, 34.466569898989903 ], [ 137.56250545454543, 34.466569898989903 ], [ 137.56250545454543, 34.287364242424246 ], [ 137.168321818181823, 34.287364242424246 ], [ 137.168321818181823, 34.10815858585859 ], [ 136.774138181818159, 34.10815858585859 ], [ 136.774138181818159, 33.928952929292933 ], [ 136.379954545454552, 33.928952929292933 ], [ 136.379954545454552, 33.749747272727276 ], [ 135.985770909090888, 33.749747272727276 ], [ 135.591587272727281, 33.749747272727276 ], [ 135.197403636363617, 33.749747272727276 ], [ 135.197403636363617, 33.57054161616162 ], [ 134.80322, 33.57054161616162 ], [ 134.409036363636346, 33.57054161616162 ], [ 134.014852727272739, 33.57054161616162 ], [ 133.620669090909075, 33.57054161616162 ], [ 133.226485454545468, 33.57054161616162 ], [ 132.832301818181804, 33.57054161616162 ], [ 132.832301818181804, 33.391335959595963 ], [ 132.832301818181804, 33.212130303030307 ], [ 132.438118181818197, 33.212130303030307 ], [ 132.438118181818197, 33.03292464646465 ], [ 132.438118181818197, 32.853718989898994 ], [ 132.043934545454533, 32.853718989898994 ], [ 132.043934545454533, 32.674513333333337 ], [ 131.649750909090926, 32.674513333333337 ], [ 131.649750909090926, 32.495307676767681 ], [ 131.649750909090926, 32.316102020202024 ], [ 132.043934545454533, 32.316102020202024 ], [ 132.438118181818197, 32.316102020202024 ], [ 132.438118181818197, 32.136896363636367 ], [ 132.438118181818197, 31.957690707070711 ], [ 132.043934545454533, 31.957690707070711 ], [ 131.649750909090926, 31.957690707070711 ], [ 131.255567272727262, 31.957690707070711 ], [ 130.861383636363655, 31.957690707070711 ], [ 130.4672, 31.957690707070711 ], [ 130.073016363636327, 31.957690707070711 ], [ 130.073016363636327, 32.136896363636367 ], [ 130.4672, 32.136896363636367 ] ] ], [ [ [ 139.927607272727244, 43.068441414141418 ], [ 139.927607272727244, 43.247647070707075 ], [ 139.927607272727244, 43.426852727272731 ], [ 140.321790909090907, 43.426852727272731 ], [ 140.321790909090907, 43.606058383838388 ], [ 140.715974545454515, 43.606058383838388 ], [ 141.110158181818178, 43.606058383838388 ], [ 141.110158181818178, 43.785264040404044 ], [ 141.504341818181786, 43.785264040404044 ], [ 141.504341818181786, 43.964469696969701 ], [ 141.89852545454545, 43.964469696969701 ], [ 142.292709090909057, 43.964469696969701 ], [ 142.292709090909057, 44.143675353535357 ], [ 142.686892727272721, 44.143675353535357 ], [ 143.081076363636328, 44.143675353535357 ], [ 143.081076363636328, 44.322881010101014 ], [ 143.47526, 44.322881010101014 ], [ 143.869443636363599, 44.322881010101014 ], [ 143.869443636363656, 44.322881010101014 ], [ 144.263627272727263, 44.322881010101014 ], [ 144.263627272727263, 44.502086666666671 ], [ 144.657810909090927, 44.502086666666671 ], [ 145.051994545454534, 44.502086666666671 ], [ 145.446178181818198, 44.502086666666671 ], [ 145.840361818181805, 44.502086666666671 ], [ 146.234545454545469, 44.502086666666671 ], [ 146.234545454545469, 44.322881010101014 ], [ 146.234545454545469, 44.143675353535357 ], [ 146.234545454545469, 43.964469696969701 ], [ 146.234545454545469, 43.785264040404044 ], [ 146.234545454545469, 43.606058383838388 ], [ 146.234545454545469, 43.426852727272731 ], [ 145.840361818181805, 43.426852727272731 ], [ 145.840361818181805, 43.247647070707075 ], [ 145.840361818181805, 43.068441414141418 ], [ 145.446178181818198, 43.068441414141418 ], [ 145.051994545454534, 43.068441414141418 ], [ 145.051994545454534, 42.889235757575761 ], [ 144.657810909090927, 42.889235757575761 ], [ 144.657810909090927, 42.710030101010105 ], [ 144.263627272727263, 42.710030101010105 ], [ 143.869443636363656, 42.710030101010105 ], [ 143.869443636363599, 42.710030101010105 ], [ 143.47526, 42.710030101010105 ], [ 143.47526, 42.530824444444448 ], [ 143.081076363636384, 42.530824444444448 ], [ 143.081076363636328, 42.530824444444448 ], [ 142.686892727272721, 42.530824444444448 ], [ 142.686892727272721, 42.351618787878792 ], [ 142.292709090909113, 42.351618787878792 ], [ 142.292709090909113, 42.172413131313135 ], [ 141.89852545454545, 42.172413131313135 ], [ 141.504341818181786, 42.172413131313135 ], [ 141.504341818181786, 41.993207474747479 ], [ 141.110158181818178, 41.993207474747479 ], [ 140.715974545454515, 41.993207474747479 ], [ 140.321790909090907, 41.993207474747479 ], [ 140.321790909090907, 42.172413131313135 ], [ 139.927607272727244, 42.172413131313135 ], [ 139.927607272727244, 42.351618787878792 ], [ 139.533423636363636, 42.351618787878792 ], [ 139.533423636363636, 42.530824444444448 ], [ 139.533423636363636, 42.710030101010105 ], [ 139.533423636363636, 42.889235757575761 ], [ 139.533423636363636, 43.068441414141418 ], [ 139.927607272727244, 43.068441414141418 ] ] ] ] } },
{ "type": "Feature", "properties": { "month": 8, "species_sci": "Cyanoptila cyanomelana", "species_com": "Blue-and-white Flycatcher / Ōruri" }, "geometry": { "type": "MultiPolygon", "coordinates": [ [ [ [ 120.155237777777771, 30.735350303030302 ], [ 120.155237777777771, 30.933654141414138 ], [ 120.462875555555556, 30.933654141414138 ], [ 120.462875555555556, 31.131957979797974 ], [ 120.462875555555556, 31.330261818181818 ], [ 120.770513333333326, 31.330261818181818 ], [ 120.770513333333326, 31.528565656565654 ], [ 121.078151111111112, 31.528565656565654 ], [ 121.078151111111112, 31.72686949494949 ], [ 121.385788888888882, 31.72686949494949 ], [ 121.385788888888897, 31.72686949494949 ], [ 121.693426666666667, 31.72686949494949 ], [ 121.693426666666667, 31.925173333333333 ], [ 122.001064444444438, 31.925173333333333 ], [ 122.001064444444452, 31.925173333333333 ], [ 122.308702222222223, 31.925173333333333 ], [ 122.61634, 31.925173333333333 ], [ 122.61634, 31.925173333333333 ], [ 122.923977777777779, 31.925173333333333 ], [ 123.231615555555564, 31.925173333333333 ], [ 123.231615555555564, 31.72686949494949 ], [ 123.539253333333335, 31.72686949494949 ], [ 123.539253333333335, 31.528565656565654 ], [ 123.84689111111112, 31.528565656565654 ], [ 123.84689111111112, 31.330261818181818 ], [ 123.84689111111112, 31.131957979797974 ], [ 123.84689111111112, 30.933654141414138 ], [ 123.539253333333335, 30.933654141414138 ], [ 123.539253333333335, 30.735350303030302 ], [ 123.539253333333335, 30.537046464646458 ], [ 123.231615555555564, 30.537046464646458 ], [ 123.231615555555564, 30.338742626262622 ], [ 122.923977777777779, 30.338742626262622 ], [ 122.923977777777779, 30.140438787878786 ], [ 122.61634, 30.140438787878786 ], [ 122.61634, 30.140438787878786 ], [ 122.308702222222223, 30.140438787878786 ], [ 122.308702222222223, 29.942134949494942 ], [ 122.001064444444452, 29.942134949494942 ], [ 122.001064444444438, 29.942134949494942 ], [ 121.693426666666667, 29.942134949494942 ], [ 121.385788888888897, 29.942134949494942 ], [ 121.385788888888882, 29.942134949494942 ], [ 121.078151111111112, 29.942134949494942 ], [ 120.770513333333341, 29.942134949494942 ], [ 120.770513333333326, 29.942134949494942 ], [ 120.462875555555556, 29.942134949494942 ], [ 120.462875555555556, 30.140438787878786 ], [ 120.155237777777771, 30.140438787878786 ], [ 120.155237777777771, 30.338742626262622 ], [ 120.155237777777771, 30.537046464646458 ], [ 120.155237777777771, 30.537046464646465 ], [ 120.155237777777771, 30.735350303030302 ] ] ], [ [ [ 122.61634, 34.701427070707069 ], [ 122.61634, 34.701427070707069 ], [ 122.308702222222223, 34.701427070707069 ], [ 122.308702222222223, 34.899730909090906 ], [ 122.001064444444438, 34.899730909090906 ], [ 122.001064444444438, 35.098034747474742 ], [ 122.308702222222223, 35.098034747474742 ], [ 122.61634, 35.098034747474742 ], [ 122.61634, 35.098034747474742 ], [ 122.923977777777779, 35.098034747474742 ], [ 123.23161555555555, 35.098034747474742 ], [ 123.231615555555564, 35.098034747474742 ], [ 123.539253333333335, 35.098034747474742 ], [ 123.846891111111105, 35.098034747474742 ], [ 123.84689111111112, 35.098034747474742 ], [ 124.15452888888889, 35.098034747474742 ], [ 124.462166666666661, 35.098034747474742 ], [ 124.462166666666675, 35.098034747474742 ], [ 124.769804444444446, 35.098034747474742 ], [ 125.077442222222231, 35.098034747474742 ], [ 125.077442222222231, 34.899730909090906 ], [ 124.769804444444446, 34.899730909090906 ], [ 124.462166666666675, 34.899730909090906 ], [ 124.462166666666675, 34.701427070707069 ], [ 124.15452888888889, 34.701427070707069 ], [ 123.84689111111112, 34.701427070707069 ], [ 123.846891111111105, 34.701427070707069 ], [ 123.539253333333335, 34.701427070707069 ], [ 123.231615555555564, 34.701427070707069 ], [ 123.23161555555555, 34.701427070707069 ], [ 122.923977777777779, 34.701427070707069 ], [ 122.61634, 34.701427070707069 ] ] ], [ [ [ 121.693426666666667, 35.494642424242421 ], [ 121.693426666666667, 35.692946262626258 ], [ 122.001064444444438, 35.692946262626258 ], [ 122.001064444444452, 35.692946262626258 ], [ 122.308702222222223, 35.692946262626258 ], [ 122.61634, 35.692946262626258 ], [ 122.61634, 35.692946262626258 ], [ 122.923977777777779, 35.692946262626258 ], [ 123.23161555555555, 35.692946262626258 ], [ 123.231615555555564, 35.692946262626258 ], [ 123.539253333333335, 35.692946262626258 ], [ 123.846891111111105, 35.692946262626258 ], [ 123.84689111111112, 35.692946262626258 ], [ 124.15452888888889, 35.692946262626258 ], [ 124.462166666666661, 35.692946262626258 ], [ 124.462166666666675, 35.692946262626258 ], [ 124.769804444444446, 35.692946262626258 ], [ 125.077442222222217, 35.692946262626258 ], [ 125.077442222222231, 35.692946262626258 ], [ 125.38508, 35.692946262626258 ], [ 125.692717777777773, 35.692946262626258 ], [ 125.692717777777787, 35.692946262626258 ], [ 126.000355555555558, 35.692946262626258 ], [ 126.307993333333329, 35.692946262626258 ], [ 126.307993333333343, 35.692946262626258 ], [ 126.615631111111114, 35.692946262626258 ], [ 126.923268888888884, 35.692946262626258 ], [ 126.923268888888899, 35.692946262626258 ], [ 127.230906666666669, 35.692946262626258 ], [ 127.53854444444444, 35.692946262626258 ], [ 127.538544444444454, 35.692946262626258 ], [ 127.846182222222225, 35.692946262626258 ], [ 128.15382, 35.692946262626258 ], [ 128.461457777777753, 35.692946262626258 ], [ 128.461457777777809, 35.692946262626258 ], [ 128.769095555555566, 35.692946262626258 ], [ 129.076733333333323, 35.692946262626258 ], [ 129.384371111111136, 35.692946262626258 ], [ 129.692008888888893, 35.692946262626258 ], [ 129.999646666666649, 35.692946262626258 ], [ 130.307284444444463, 35.692946262626258 ], [ 130.614922222222219, 35.692946262626258 ], [ 130.92256, 35.692946262626258 ], [ 130.92256, 35.494642424242421 ], [ 130.92256, 35.296338585858585 ], [ 130.614922222222219, 35.296338585858585 ], [ 130.614922222222219, 35.098034747474749 ], [ 130.307284444444463, 35.098034747474749 ], [ 129.999646666666649, 35.098034747474749 ], [ 129.692008888888893, 35.098034747474749 ], [ 129.384371111111136, 35.098034747474749 ], [ 129.076733333333323, 35.098034747474749 ], [ 128.769095555555566, 35.098034747474749 ], [ 128.461457777777809, 35.098034747474749 ], [ 128.461457777777753, 35.098034747474749 ], [ 128.15382, 35.098034747474749 ], [ 127.846182222222225, 35.098034747474749 ], [ 127.538544444444454, 35.098034747474749 ], [ 127.53854444444444, 35.098034747474749 ], [ 127.230906666666669, 35.098034747474749 ], [ 126.923268888888899, 35.098034747474749 ], [ 126.923268888888884, 35.098034747474749 ], [ 126.615631111111114, 35.098034747474749 ], [ 126.307993333333343, 35.098034747474749 ], [ 126.307993333333329, 35.098034747474749 ], [ 126.000355555555558, 35.098034747474749 ], [ 125.692717777777787, 35.098034747474749 ], [ 125.692717777777773, 35.098034747474749 ], [ 125.38508, 35.098034747474749 ], [ 125.077442222222231, 35.098034747474749 ], [ 125.077442222222217, 35.098034747474749 ], [ 124.769804444444446, 35.098034747474749 ], [ 124.462166666666675, 35.098034747474749 ], [ 124.462166666666661, 35.098034747474749 ], [ 124.15452888888889, 35.098034747474749 ], [ 123.84689111111112, 35.098034747474749 ], [ 123.846891111111105, 35.098034747474749 ], [ 123.539253333333335, 35.098034747474749 ], [ 123.231615555555564, 35.098034747474749 ], [ 123.23161555555555, 35.098034747474749 ], [ 122.923977777777779, 35.098034747474749 ], [ 122.61634, 35.098034747474749 ], [ 122.61634, 35.098034747474749 ], [ 122.308702222222223, 35.098034747474749 ], [ 122.001064444444452, 35.098034747474749 ], [ 122.001064444444438, 35.098034747474749 ], [ 121.693426666666667, 35.098034747474749 ], [ 121.693426666666667, 35.296338585858585 ], [ 121.693426666666667, 35.494642424242421 ] ] ], [ [ [ 122.001064444444452, 35.692946262626265 ], [ 122.001064444444438, 35.692946262626265 ], [ 121.693426666666667, 35.692946262626265 ], [ 121.693426666666667, 35.891250101010101 ], [ 121.693426666666667, 36.089553939393937 ], [ 122.001064444444438, 36.089553939393937 ], [ 122.001064444444438, 36.287857777777774 ], [ 122.308702222222223, 36.287857777777774 ], [ 122.61634, 36.287857777777774 ], [ 122.61634, 36.287857777777774 ], [ 122.923977777777779, 36.287857777777774 ], [ 123.23161555555555, 36.287857777777774 ], [ 123.231615555555564, 36.287857777777774 ], [ 123.539253333333335, 36.287857777777774 ], [ 123.846891111111105, 36.287857777777774 ], [ 123.84689111111112, 36.287857777777774 ], [ 124.15452888888889, 36.287857777777774 ], [ 124.462166666666661, 36.287857777777774 ], [ 124.462166666666675, 36.287857777777774 ], [ 124.769804444444446, 36.287857777777774 ], [ 125.077442222222217, 36.287857777777774 ], [ 125.077442222222231, 36.287857777777774 ], [ 125.38508, 36.287857777777774 ], [ 125.692717777777773, 36.287857777777774 ], [ 125.692717777777787, 36.287857777777774 ], [ 126.000355555555558, 36.287857777777774 ], [ 126.307993333333329, 36.287857777777774 ], [ 126.307993333333343, 36.287857777777774 ], [ 126.615631111111114, 36.287857777777774 ], [ 126.923268888888884, 36.287857777777774 ], [ 126.923268888888899, 36.287857777777774 ], [ 127.230906666666669, 36.287857777777774 ], [ 127.53854444444444, 36.287857777777774 ], [ 127.538544444444454, 36.287857777777774 ], [ 127.846182222222225, 36.287857777777774 ], [ 128.15382, 36.287857777777774 ], [ 128.461457777777753, 36.287857777777774 ], [ 128.461457777777809, 36.287857777777774 ], [ 128.769095555555566, 36.287857777777774 ], [ 129.076733333333323, 36.287857777777774 ], [ 129.384371111111136, 36.287857777777774 ], [ 129.692008888888893, 36.287857777777774 ], [ 129.999646666666649, 36.287857777777774 ], [ 130.307284444444463, 36.287857777777774 ], [ 130.614922222222219, 36.287857777777774 ], [ 130.92256, 36.287857777777774 ], [ 130.92256, 36.089553939393937 ], [ 130.92256, 35.891250101010101 ], [ 130.92256, 35.692946262626265 ], [ 130.614922222222219, 35.692946262626265 ], [ 130.307284444444463, 35.692946262626265 ], [ 129.999646666666649, 35.692946262626265 ], [ 129.692008888888893, 35.692946262626265 ], [ 129.384371111111136, 35.692946262626265 ], [ 129.076733333333323, 35.692946262626265 ], [ 128.769095555555566, 35.692946262626265 ], [ 128.461457777777809, 35.692946262626265 ], [ 128.461457777777753, 35.692946262626265 ], [ 128.15382, 35.692946262626265 ], [ 127.846182222222225, 35.692946262626265 ], [ 127.538544444444454, 35.692946262626265 ], [ 127.53854444444444, 35.692946262626265 ], [ 127.230906666666669, 35.692946262626265 ], [ 126.923268888888899, 35.692946262626265 ], [ 126.923268888888884, 35.692946262626265 ], [ 126.615631111111114, 35.692946262626265 ], [ 126.307993333333343, 35.692946262626265 ], [ 126.307993333333329, 35.692946262626265 ], [ 126.000355555555558, 35.692946262626265 ], [ 125.692717777777787, 35.692946262626265 ], [ 125.692717777777773, 35.692946262626265 ], [ 125.38508, 35.692946262626265 ], [ 125.077442222222231, 35.692946262626265 ], [ 125.077442222222217, 35.692946262626265 ], [ 124.769804444444446, 35.692946262626265 ], [ 124.462166666666675, 35.692946262626265 ], [ 124.462166666666661, 35.692946262626265 ], [ 124.15452888888889, 35.692946262626265 ], [ 123.84689111111112, 35.692946262626265 ], [ 123.846891111111105, 35.692946262626265 ], [ 123.539253333333335, 35.692946262626265 ], [ 123.231615555555564, 35.692946262626265 ], [ 123.23161555555555, 35.692946262626265 ], [ 122.923977777777779, 35.692946262626265 ], [ 122.61634, 35.692946262626265 ], [ 122.61634, 35.692946262626265 ], [ 122.308702222222223, 35.692946262626265 ], [ 122.001064444444452, 35.692946262626265 ] ] ], [ [ [ 122.923977777777779, 37.081073131313126 ], [ 123.23161555555555, 37.081073131313126 ], [ 123.231615555555564, 37.081073131313126 ], [ 123.539253333333335, 37.081073131313126 ], [ 123.846891111111105, 37.081073131313126 ], [ 123.84689111111112, 37.081073131313126 ], [ 124.15452888888889, 37.081073131313126 ], [ 124.462166666666661, 37.081073131313126 ], [ 124.462166666666675, 37.081073131313126 ], [ 124.769804444444446, 37.081073131313126 ], [ 125.077442222222217, 37.081073131313126 ], [ 125.077442222222231, 37.081073131313126 ], [ 125.38508, 37.081073131313126 ], [ 125.692717777777773, 37.081073131313126 ], [ 125.692717777777787, 37.081073131313126 ], [ 126.000355555555558, 37.081073131313126 ], [ 126.307993333333329, 37.081073131313126 ], [ 126.307993333333343, 37.081073131313126 ], [ 126.615631111111114, 37.081073131313126 ], [ 126.923268888888884, 37.081073131313126 ], [ 126.923268888888899, 37.081073131313126 ], [ 127.230906666666669, 37.081073131313126 ], [ 127.53854444444444, 37.081073131313126 ], [ 127.538544444444454, 37.081073131313126 ], [ 127.846182222222225, 37.081073131313126 ], [ 128.15382, 37.081073131313126 ], [ 128.461457777777753, 37.081073131313126 ], [ 128.461457777777809, 37.081073131313126 ], [ 128.769095555555566, 37.081073131313126 ], [ 129.076733333333323, 37.081073131313126 ], [ 129.384371111111136, 37.081073131313126 ], [ 129.692008888888893, 37.081073131313126 ], [ 129.999646666666649, 37.081073131313126 ], [ 130.307284444444463, 37.081073131313126 ], [ 130.614922222222219, 37.081073131313126 ], [ 130.92256, 37.081073131313126 ], [ 130.92256, 37.081073131313126 ], [ 131.230197777777789, 37.081073131313126 ], [ 131.537835555555546, 37.081073131313126 ], [ 131.845473333333359, 37.081073131313126 ], [ 131.845473333333359, 36.882769292929289 ], [ 131.537835555555546, 36.882769292929289 ], [ 131.537835555555546, 36.684465454545453 ], [ 131.230197777777789, 36.684465454545453 ], [ 131.230197777777789, 36.486161616161617 ], [ 130.92256, 36.486161616161617 ], [ 130.92256, 36.287857777777781 ], [ 130.614922222222219, 36.287857777777781 ], [ 130.307284444444463, 36.287857777777781 ], [ 129.999646666666649, 36.287857777777781 ], [ 129.692008888888893, 36.287857777777781 ], [ 129.384371111111136, 36.287857777777781 ], [ 129.076733333333323, 36.287857777777781 ], [ 128.769095555555566, 36.287857777777781 ], [ 128.461457777777809, 36.287857777777781 ], [ 128.461457777777753, 36.287857777777781 ], [ 128.15382, 36.287857777777781 ], [ 127.846182222222225, 36.287857777777781 ], [ 127.538544444444454, 36.287857777777781 ], [ 127.53854444444444, 36.287857777777781 ], [ 127.230906666666669, 36.287857777777781 ], [ 126.923268888888899, 36.287857777777781 ], [ 126.923268888888884, 36.287857777777781 ], [ 126.615631111111114, 36.287857777777781 ], [ 126.307993333333343, 36.287857777777781 ], [ 126.307993333333329, 36.287857777777781 ], [ 126.000355555555558, 36.287857777777781 ], [ 125.692717777777787, 36.287857777777781 ], [ 125.692717777777773, 36.287857777777781 ], [ 125.38508, 36.287857777777781 ], [ 125.077442222222231, 36.287857777777781 ], [ 125.077442222222217, 36.287857777777781 ], [ 124.769804444444446, 36.287857777777781 ], [ 124.462166666666675, 36.287857777777781 ], [ 124.462166666666661, 36.287857777777781 ], [ 124.15452888888889, 36.287857777777781 ], [ 123.84689111111112, 36.287857777777781 ], [ 123.846891111111105, 36.287857777777781 ], [ 123.539253333333335, 36.287857777777781 ], [ 123.231615555555564, 36.287857777777781 ], [ 123.23161555555555, 36.287857777777781 ], [ 122.923977777777779, 36.287857777777781 ], [ 122.61634, 36.287857777777781 ], [ 122.61634, 36.287857777777781 ], [ 122.308702222222223, 36.287857777777781 ], [ 122.001064444444438, 36.287857777777781 ], [ 122.001064444444438, 36.486161616161617 ], [ 122.308702222222223, 36.486161616161617 ], [ 122.308702222222223, 36.684465454545453 ], [ 122.61634, 36.684465454545453 ], [ 122.61634, 36.882769292929289 ], [ 122.923977777777779, 36.882769292929289 ], [ 122.923977777777779, 37.081073131313126 ] ] ], [ [ [ 125.692717777777787, 33.114996363636358 ], [ 126.000355555555558, 33.114996363636358 ], [ 126.307993333333329, 33.114996363636358 ], [ 126.307993333333343, 33.114996363636358 ], [ 126.615631111111114, 33.114996363636358 ], [ 126.923268888888884, 33.114996363636358 ], [ 126.923268888888899, 33.114996363636358 ], [ 127.230906666666669, 33.114996363636358 ], [ 127.538544444444454, 33.114996363636358 ], [ 127.538544444444454, 32.916692525252522 ], [ 127.230906666666669, 32.916692525252522 ], [ 127.230906666666669, 32.718388686868686 ], [ 126.923268888888899, 32.718388686868686 ], [ 126.923268888888899, 32.520084848484849 ], [ 126.615631111111114, 32.520084848484849 ], [ 126.307993333333343, 32.520084848484849 ], [ 126.307993333333329, 32.520084848484849 ], [ 126.000355555555558, 32.520084848484849 ], [ 125.692717777777787, 32.520084848484849 ], [ 125.692717777777773, 32.520084848484849 ], [ 125.38508, 32.520084848484849 ], [ 125.38508, 32.718388686868686 ], [ 125.077442222222217, 32.718388686868686 ], [ 125.077442222222217, 32.916692525252522 ], [ 125.077442222222217, 33.114996363636358 ], [ 125.38508, 33.114996363636358 ], [ 125.692717777777773, 33.114996363636358 ], [ 125.692717777777787, 33.114996363636358 ] ] ], [ [ [ 125.692717777777787, 33.709907878787874 ], [ 126.000355555555558, 33.709907878787874 ], [ 126.307993333333329, 33.709907878787874 ], [ 126.307993333333343, 33.709907878787874 ], [ 126.615631111111114, 33.709907878787874 ], [ 126.923268888888884, 33.709907878787874 ], [ 126.923268888888899, 33.709907878787874 ], [ 127.230906666666669, 33.709907878787874 ], [ 127.53854444444444, 33.709907878787874 ], [ 127.538544444444454, 33.709907878787874 ], [ 127.846182222222225, 33.709907878787874 ], [ 127.846182222222225, 33.511604040404038 ], [ 127.846182222222225, 33.313300202020201 ], [ 127.846182222222225, 33.114996363636365 ], [ 127.538544444444454, 33.114996363636365 ], [ 127.53854444444444, 33.114996363636365 ], [ 127.230906666666669, 33.114996363636365 ], [ 126.923268888888899, 33.114996363636365 ], [ 126.923268888888884, 33.114996363636365 ], [ 126.615631111111114, 33.114996363636365 ], [ 126.307993333333343, 33.114996363636365 ], [ 126.307993333333329, 33.114996363636365 ], [ 126.000355555555558, 33.114996363636365 ], [ 125.692717777777787, 33.114996363636365 ], [ 125.692717777777773, 33.114996363636365 ], [ 125.38508, 33.114996363636365 ], [ 125.077442222222217, 33.114996363636365 ], [ 125.077442222222217, 33.313300202020201 ], [ 125.077442222222217, 33.511604040404038 ], [ 125.38508, 33.511604040404038 ], [ 125.38508, 33.709907878787874 ], [ 125.692717777777773, 33.709907878787874 ], [ 125.692717777777787, 33.709907878787874 ] ] ], [ [ [ 126.000355555555558, 33.908211717171717 ], [ 126.000355555555558, 34.106515555555553 ], [ 126.307993333333329, 34.106515555555553 ], [ 126.307993333333343, 34.106515555555553 ], [ 126.615631111111114, 34.106515555555553 ], [ 126.615631111111114, 34.30481939393939 ], [ 126.923268888888884, 34.30481939393939 ], [ 126.923268888888899, 34.30481939393939 ], [ 127.230906666666669, 34.30481939393939 ], [ 127.538544444444454, 34.30481939393939 ], [ 127.538544444444454, 34.106515555555553 ], [ 127.846182222222225, 34.106515555555553 ], [ 127.846182222222225, 33.908211717171717 ], [ 127.846182222222225, 33.709907878787881 ], [ 127.538544444444454, 33.709907878787881 ], [ 127.53854444444444, 33.709907878787881 ], [ 127.230906666666669, 33.709907878787881 ], [ 126.923268888888899, 33.709907878787881 ], [ 126.923268888888884, 33.709907878787881 ], [ 126.615631111111114, 33.709907878787881 ], [ 126.307993333333343, 33.709907878787881 ], [ 126.307993333333329, 33.709907878787881 ], [ 126.000355555555558, 33.709907878787881 ], [ 125.692717777777773, 33.709907878787881 ], [ 125.692717777777773, 33.908211717171717 ], [ 126.000355555555558, 33.908211717171717 ] ] ], [ [ [ 123.84689111111112, 37.081073131313133 ], [ 123.846891111111105, 37.081073131313133 ], [ 123.539253333333335, 37.081073131313133 ], [ 123.539253333333335, 37.279376969696969 ], [ 123.846891111111105, 37.279376969696969 ], [ 123.84689111111112, 37.279376969696969 ], [ 124.15452888888889, 37.279376969696969 ], [ 124.15452888888889, 37.477680808080805 ], [ 124.462166666666661, 37.477680808080805 ], [ 124.462166666666675, 37.477680808080805 ], [ 124.769804444444446, 37.477680808080805 ], [ 125.077442222222217, 37.477680808080805 ], [ 125.077442222222231, 37.477680808080805 ], [ 125.38508, 37.477680808080805 ], [ 125.692717777777773, 37.477680808080805 ], [ 125.692717777777787, 37.477680808080805 ], [ 126.000355555555558, 37.477680808080805 ], [ 126.307993333333329, 37.477680808080805 ], [ 126.307993333333343, 37.477680808080805 ], [ 126.615631111111114, 37.477680808080805 ], [ 126.923268888888884, 37.477680808080805 ], [ 126.923268888888899, 37.477680808080805 ], [ 127.230906666666669, 37.477680808080805 ], [ 127.53854444444444, 37.477680808080805 ], [ 127.538544444444454, 37.477680808080805 ], [ 127.846182222222225, 37.477680808080805 ], [ 128.15382, 37.477680808080805 ], [ 128.461457777777753, 37.477680808080805 ], [ 128.461457777777809, 37.477680808080805 ], [ 128.769095555555566, 37.477680808080805 ], [ 129.076733333333323, 37.477680808080805 ], [ 129.384371111111136, 37.477680808080805 ], [ 129.692008888888893, 37.477680808080805 ], [ 129.999646666666649, 37.477680808080805 ], [ 130.307284444444463, 37.477680808080805 ], [ 130.614922222222219, 37.477680808080805 ], [ 130.92256, 37.477680808080805 ], [ 130.92256, 37.477680808080805 ], [ 131.230197777777789, 37.477680808080805 ], [ 131.537835555555546, 37.477680808080805 ], [ 131.845473333333359, 37.477680808080805 ], [ 132.153111111111116, 37.477680808080805 ], [ 132.460748888888872, 37.477680808080805 ], [ 132.460748888888872, 37.279376969696969 ], [ 132.153111111111116, 37.279376969696969 ], [ 132.153111111111116, 37.081073131313133 ], [ 131.845473333333359, 37.081073131313133 ], [ 131.537835555555546, 37.081073131313133 ], [ 131.230197777777789, 37.081073131313133 ], [ 130.92256, 37.081073131313133 ], [ 130.92256, 37.081073131313133 ], [ 130.614922222222219, 37.081073131313133 ], [ 130.307284444444463, 37.081073131313133 ], [ 129.999646666666649, 37.081073131313133 ], [ 129.692008888888893, 37.081073131313133 ], [ 129.384371111111136, 37.081073131313133 ], [ 129.076733333333323, 37.081073131313133 ], [ 128.769095555555566, 37.081073131313133 ], [ 128.461457777777809, 37.081073131313133 ], [ 128.461457777777753, 37.081073131313133 ], [ 128.15382, 37.081073131313133 ], [ 127.846182222222225, 37.081073131313133 ], [ 127.538544444444454, 37.081073131313133 ], [ 127.53854444444444, 37.081073131313133 ], [ 127.230906666666669, 37.081073131313133 ], [ 126.923268888888899, 37.081073131313133 ], [ 126.923268888888884, 37.081073131313133 ], [ 126.615631111111114, 37.081073131313133 ], [ 126.307993333333343, 37.081073131313133 ], [ 126.307993333333329, 37.081073131313133 ], [ 126.000355555555558, 37.081073131313133 ], [ 125.692717777777787, 37.081073131313133 ], [ 125.692717777777773, 37.081073131313133 ], [ 125.38508, 37.081073131313133 ], [ 125.077442222222231, 37.081073131313133 ], [ 125.077442222222217, 37.081073131313133 ], [ 124.769804444444446, 37.081073131313133 ], [ 124.462166666666675, 37.081073131313133 ], [ 124.462166666666661, 37.081073131313133 ], [ 124.15452888888889, 37.081073131313133 ], [ 123.84689111111112, 37.081073131313133 ] ] ], [ [ [ 124.769804444444446, 37.675984646464649 ], [ 124.769804444444446, 37.874288484848485 ], [ 125.077442222222217, 37.874288484848485 ], [ 125.077442222222217, 38.072592323232321 ], [ 125.38508, 38.072592323232321 ], [ 125.38508, 38.270896161616157 ], [ 125.692717777777773, 38.270896161616157 ], [ 125.692717777777773, 38.4692 ], [ 126.000355555555558, 38.4692 ], [ 126.307993333333329, 38.4692 ], [ 126.307993333333343, 38.4692 ], [ 126.615631111111114, 38.4692 ], [ 126.923268888888884, 38.4692 ], [ 126.923268888888899, 38.4692 ], [ 127.230906666666669, 38.4692 ], [ 127.53854444444444, 38.4692 ], [ 127.538544444444454, 38.4692 ], [ 127.846182222222225, 38.4692 ], [ 128.15382, 38.4692 ], [ 128.461457777777753, 38.4692 ], [ 128.461457777777809, 38.4692 ], [ 128.769095555555566, 38.4692 ], [ 129.076733333333323, 38.4692 ], [ 129.384371111111136, 38.4692 ], [ 129.692008888888893, 38.4692 ], [ 129.999646666666649, 38.4692 ], [ 130.307284444444463, 38.4692 ], [ 130.614922222222219, 38.4692 ], [ 130.92256, 38.4692 ], [ 130.92256, 38.4692 ], [ 131.230197777777789, 38.4692 ], [ 131.537835555555546, 38.4692 ], [ 131.845473333333359, 38.4692 ], [ 131.845473333333359, 38.270896161616157 ], [ 132.153111111111116, 38.270896161616157 ], [ 132.460748888888872, 38.270896161616157 ], [ 132.460748888888872, 38.072592323232321 ], [ 132.460748888888872, 37.874288484848485 ], [ 132.460748888888872, 37.675984646464649 ], [ 132.460748888888872, 37.477680808080812 ], [ 132.153111111111116, 37.477680808080812 ], [ 131.845473333333359, 37.477680808080812 ], [ 131.537835555555546, 37.477680808080812 ], [ 131.230197777777789, 37.477680808080812 ], [ 130.92256, 37.477680808080812 ], [ 130.92256, 37.477680808080812 ], [ 130.614922222222219, 37.477680808080812 ], [ 130.307284444444463, 37.477680808080812 ], [ 129.999646666666649, 37.477680808080812 ], [ 129.692008888888893, 37.477680808080812 ], [ 129.384371111111136, 37.477680808080812 ], [ 129.076733333333323, 37.477680808080812 ], [ 128.769095555555566, 37.477680808080812 ], [ 128.461457777777809, 37.477680808080812 ], [ 128.461457777777753, 37.477680808080812 ], [ 128.15382, 37.477680808080812 ], [ 127.846182222222225, 37.477680808080812 ], [ 127.538544444444454, 37.477680808080812 ], [ 127.53854444444444, 37.477680808080812 ], [ 127.230906666666669, 37.477680808080812 ], [ 126.923268888888899, 37.477680808080812 ], [ 126.923268888888884, 37.477680808080812 ], [ 126.615631111111114, 37.477680808080812 ], [ 126.307993333333343, 37.477680808080812 ], [ 126.307993333333329, 37.477680808080812 ], [ 126.000355555555558, 37.477680808080812 ], [ 125.692717777777787, 37.477680808080812 ], [ 125.692717777777773, 37.477680808080812 ], [ 125.38508, 37.477680808080812 ], [ 125.077442222222231, 37.477680808080812 ], [ 125.077442222222217, 37.477680808080812 ], [ 124.769804444444446, 37.477680808080812 ], [ 124.769804444444446, 37.675984646464649 ] ] ], [ [ [ 126.000355555555558, 34.701427070707069 ], [ 126.000355555555558, 34.899730909090906 ], [ 125.692717777777773, 34.899730909090906 ], [ 125.692717777777773, 35.098034747474742 ], [ 126.000355555555558, 35.098034747474742 ], [ 126.307993333333329, 35.098034747474742 ], [ 126.307993333333343, 35.098034747474742 ], [ 126.615631111111114, 35.098034747474742 ], [ 126.923268888888884, 35.098034747474742 ], [ 126.923268888888899, 35.098034747474742 ], [ 127.230906666666669, 35.098034747474742 ], [ 127.53854444444444, 35.098034747474742 ], [ 127.538544444444454, 35.098034747474742 ], [ 127.846182222222225, 35.098034747474742 ], [ 128.15382, 35.098034747474742 ], [ 128.461457777777753, 35.098034747474742 ], [ 128.461457777777809, 35.098034747474742 ], [ 128.769095555555566, 35.098034747474742 ], [ 129.076733333333323, 35.098034747474742 ], [ 129.384371111111136, 35.098034747474742 ], [ 129.692008888888893, 35.098034747474742 ], [ 129.999646666666649, 35.098034747474742 ], [ 130.307284444444463, 35.098034747474742 ], [ 130.614922222222219, 35.098034747474742 ], [ 130.614922222222219, 34.899730909090906 ], [ 130.307284444444463, 34.899730909090906 ], [ 130.307284444444463, 34.701427070707069 ], [ 129.999646666666649, 34.701427070707069 ], [ 129.692008888888893, 34.701427070707069 ], [ 129.692008888888893, 34.503123232323233 ], [ 129.384371111111136, 34.503123232323233 ], [ 129.076733333333323, 34.503123232323233 ], [ 128.769095555555566, 34.503123232323233 ], [ 128.461457777777809, 34.503123232323233 ], [ 128.461457777777753, 34.503123232323233 ], [ 128.15382, 34.503123232323233 ], [ 127.846182222222225, 34.503123232323233 ], [ 127.538544444444454, 34.503123232323233 ], [ 127.53854444444444, 34.503123232323233 ], [ 127.230906666666669, 34.503123232323233 ], [ 126.923268888888899, 34.503123232323233 ], [ 126.923268888888884, 34.503123232323233 ], [ 126.615631111111114, 34.503123232323233 ], [ 126.615631111111114, 34.701427070707069 ], [ 126.307993333333343, 34.701427070707069 ], [ 126.307993333333329, 34.701427070707069 ], [ 126.000355555555558, 34.701427070707069 ] ] ], [ [ [ 126.615631111111114, 38.865807676767673 ], [ 126.923268888888884, 38.865807676767673 ], [ 126.923268888888899, 38.865807676767673 ], [ 127.230906666666669, 38.865807676767673 ], [ 127.53854444444444, 38.865807676767673 ], [ 127.538544444444454, 38.865807676767673 ], [ 127.846182222222225, 38.865807676767673 ], [ 128.15382, 38.865807676767673 ], [ 128.461457777777753, 38.865807676767673 ], [ 128.461457777777809, 38.865807676767673 ], [ 128.769095555555566, 38.865807676767673 ], [ 129.076733333333323, 38.865807676767673 ], [ 129.384371111111136, 38.865807676767673 ], [ 129.692008888888893, 38.865807676767673 ], [ 129.692008888888893, 38.667503838383837 ], [ 129.999646666666649, 38.667503838383837 ], [ 129.999646666666649, 38.4692 ], [ 129.692008888888893, 38.4692 ], [ 129.384371111111136, 38.4692 ], [ 129.076733333333323, 38.4692 ], [ 128.769095555555566, 38.4692 ], [ 128.461457777777809, 38.4692 ], [ 128.461457777777753, 38.4692 ], [ 128.15382, 38.4692 ], [ 127.846182222222225, 38.4692 ], [ 127.538544444444454, 38.4692 ], [ 127.53854444444444, 38.4692 ], [ 127.230906666666669, 38.4692 ], [ 126.923268888888899, 38.4692 ], [ 126.923268888888884, 38.4692 ], [ 126.615631111111114, 38.4692 ], [ 126.307993333333343, 38.4692 ], [ 126.307993333333329, 38.4692 ], [ 126.000355555555558, 38.4692 ], [ 126.000355555555558, 38.667503838383837 ], [ 126.307993333333329, 38.667503838383837 ], [ 126.307993333333329, 38.865807676767673 ], [ 126.615631111111114, 38.865807676767673 ] ] ], [ [ [ 127.230906666666669, 39.064111515151517 ], [ 127.53854444444444, 39.064111515151517 ], [ 127.538544444444454, 39.064111515151517 ], [ 127.846182222222225, 39.064111515151517 ], [ 128.15382, 39.064111515151517 ], [ 128.461457777777753, 39.064111515151517 ], [ 128.461457777777809, 39.064111515151517 ], [ 128.769095555555566, 39.064111515151517 ], [ 129.076733333333323, 39.064111515151517 ], [ 129.384371111111136, 39.064111515151517 ], [ 129.384371111111136, 38.86580767676768 ], [ 129.076733333333323, 38.86580767676768 ], [ 128.769095555555566, 38.86580767676768 ], [ 128.461457777777809, 38.86580767676768 ], [ 128.461457777777753, 38.86580767676768 ], [ 128.15382, 38.86580767676768 ], [ 127.846182222222225, 38.86580767676768 ], [ 127.538544444444454, 38.86580767676768 ], [ 127.53854444444444, 38.86580767676768 ], [ 127.230906666666669, 38.86580767676768 ], [ 127.230906666666669, 39.064111515151517 ] ] ], [ [ [ 129.692008888888893, 32.321781010101006 ], [ 129.999646666666649, 32.321781010101006 ], [ 129.999646666666649, 32.520084848484842 ], [ 130.307284444444463, 32.520084848484842 ], [ 130.614922222222219, 32.520084848484842 ], [ 130.92256, 32.520084848484842 ], [ 130.92256, 32.520084848484842 ], [ 131.230197777777789, 32.520084848484842 ], [ 131.537835555555546, 32.520084848484842 ], [ 131.845473333333359, 32.520084848484842 ], [ 131.845473333333359, 32.321781010101006 ], [ 131.845473333333359, 32.12347717171717 ], [ 131.537835555555546, 32.12347717171717 ], [ 131.537835555555546, 31.925173333333333 ], [ 131.537835555555546, 31.72686949494949 ], [ 131.230197777777789, 31.72686949494949 ], [ 131.230197777777789, 31.528565656565654 ], [ 130.92256, 31.528565656565654 ], [ 130.92256, 31.528565656565654 ], [ 130.614922222222219, 31.528565656565654 ], [ 130.614922222222219, 31.330261818181818 ], [ 130.307284444444463, 31.330261818181818 ], [ 129.999646666666649, 31.330261818181818 ], [ 129.999646666666649, 31.528565656565654 ], [ 129.692008888888893, 31.528565656565654 ], [ 129.692008888888893, 31.72686949494949 ], [ 129.384371111111136, 31.72686949494949 ], [ 129.384371111111136, 31.925173333333333 ], [ 129.692008888888893, 31.925173333333333 ], [ 129.692008888888893, 32.12347717171717 ], [ 129.692008888888893, 32.321781010101006 ] ] ], [ [ [ 130.614922222222219, 32.916692525252522 ], [ 130.614922222222219, 33.114996363636358 ], [ 130.92256, 33.114996363636358 ], [ 130.92256, 33.114996363636358 ], [ 131.230197777777789, 33.114996363636358 ], [ 131.537835555555546, 33.114996363636358 ], [ 131.845473333333359, 33.114996363636358 ], [ 132.153111111111116, 33.114996363636358 ], [ 132.460748888888872, 33.114996363636358 ], [ 132.460748888888872, 32.916692525252522 ], [ 132.153111111111116, 32.916692525252522 ], [ 131.845473333333359, 32.916692525252522 ], [ 131.537835555555546, 32.916692525252522 ], [ 131.537835555555546, 32.718388686868686 ], [ 131.537835555555546, 32.520084848484849 ], [ 131.230197777777789, 32.520084848484849 ], [ 130.92256, 32.520084848484849 ], [ 130.92256, 32.520084848484849 ], [ 130.614922222222219, 32.520084848484849 ], [ 130.307284444444463, 32.520084848484849 ], [ 130.307284444444463, 32.718388686868686 ], [ 130.614922222222219, 32.718388686868686 ], [ 130.614922222222219, 32.916692525252522 ] ] ], [ [ [ 132.153111111111116, 33.709907878787874 ], [ 132.460748888888872, 33.709907878787874 ], [ 132.768386666666686, 33.709907878787874 ], [ 133.076024444444442, 33.709907878787874 ], [ 133.383662222222199, 33.709907878787874 ], [ 133.383662222222256, 33.709907878787874 ], [ 133.6913, 33.709907878787874 ], [ 133.998937777777769, 33.709907878787874 ], [ 134.306575555555582, 33.709907878787874 ], [ 134.614213333333339, 33.709907878787874 ], [ 134.921851111111096, 33.709907878787874 ], [ 135.229488888888909, 33.709907878787874 ], [ 135.537126666666666, 33.709907878787874 ], [ 135.844764444444422, 33.709907878787874 ], [ 135.844764444444479, 33.709907878787874 ], [ 136.152402222222236, 33.709907878787874 ], [ 136.46004, 33.709907878787874 ], [ 136.46004, 33.511604040404038 ], [ 136.152402222222236, 33.511604040404038 ], [ 135.844764444444479, 33.511604040404038 ], [ 135.844764444444479, 33.313300202020201 ], [ 135.537126666666666, 33.313300202020201 ], [ 135.229488888888909, 33.313300202020201 ], [ 134.921851111111096, 33.313300202020201 ], [ 134.614213333333339, 33.313300202020201 ], [ 134.306575555555582, 33.313300202020201 ], [ 133.998937777777769, 33.313300202020201 ], [ 133.6913, 33.313300202020201 ], [ 133.383662222222256, 33.313300202020201 ], [ 133.383662222222256, 33.114996363636365 ], [ 133.076024444444442, 33.114996363636365 ], [ 132.768386666666686, 33.114996363636365 ], [ 132.460748888888872, 33.114996363636365 ], [ 132.153111111111116, 33.114996363636365 ], [ 131.845473333333359, 33.114996363636365 ], [ 131.537835555555546, 33.114996363636365 ], [ 131.230197777777789, 33.114996363636365 ], [ 130.92256, 33.114996363636365 ], [ 130.92256, 33.114996363636365 ], [ 130.614922222222219, 33.114996363636365 ], [ 130.307284444444463, 33.114996363636365 ], [ 129.999646666666649, 33.114996363636365 ], [ 129.999646666666649, 33.313300202020201 ], [ 129.999646666666649, 33.511604040404038 ], [ 129.999646666666649, 33.709907878787874 ], [ 130.307284444444463, 33.709907878787874 ], [ 130.614922222222219, 33.709907878787874 ], [ 130.92256, 33.709907878787874 ], [ 130.92256, 33.709907878787874 ], [ 131.230197777777789, 33.709907878787874 ], [ 131.537835555555546, 33.709907878787874 ], [ 131.845473333333359, 33.709907878787874 ], [ 132.153111111111116, 33.709907878787874 ] ] ], [ [ [ 130.92256, 34.503123232323226 ], [ 130.92256, 34.503123232323226 ], [ 131.230197777777789, 34.503123232323226 ], [ 131.537835555555546, 34.503123232323226 ], [ 131.845473333333359, 34.503123232323226 ], [ 132.153111111111116, 34.503123232323226 ], [ 132.460748888888872, 34.503123232323226 ], [ 132.768386666666686, 34.503123232323226 ], [ 133.076024444444442, 34.503123232323226 ], [ 133.383662222222199, 34.503123232323226 ], [ 133.383662222222256, 34.503123232323226 ], [ 133.6913, 34.503123232323226 ], [ 133.998937777777769, 34.503123232323226 ], [ 134.306575555555582, 34.503123232323226 ], [ 134.614213333333339, 34.503123232323226 ], [ 134.921851111111096, 34.503123232323226 ], [ 135.229488888888909, 34.503123232323226 ], [ 135.537126666666666, 34.503123232323226 ], [ 135.844764444444422, 34.503123232323226 ], [ 135.844764444444479, 34.503123232323226 ], [ 136.152402222222236, 34.503123232323226 ], [ 136.46004, 34.503123232323226 ], [ 136.767677777777806, 34.503123232323226 ], [ 137.075315555555562, 34.503123232323226 ], [ 137.382953333333319, 34.503123232323226 ], [ 137.690591111111132, 34.503123232323226 ], [ 137.998228888888889, 34.503123232323226 ], [ 138.305866666666645, 34.503123232323226 ], [ 138.305866666666702, 34.503123232323226 ], [ 138.613504444444459, 34.503123232323226 ], [ 138.921142222222215, 34.503123232323226 ], [ 139.22878, 34.503123232323226 ], [ 139.536417777777785, 34.503123232323226 ], [ 139.844055555555542, 34.503123232323226 ], [ 140.151693333333355, 34.503123232323226 ], [ 140.151693333333355, 34.30481939393939 ], [ 139.844055555555542, 34.30481939393939 ], [ 139.536417777777785, 34.30481939393939 ], [ 139.536417777777785, 34.106515555555553 ], [ 139.22878, 34.106515555555553 ], [ 138.921142222222215, 34.106515555555553 ], [ 138.613504444444459, 34.106515555555553 ], [ 138.613504444444459, 33.908211717171717 ], [ 138.305866666666702, 33.908211717171717 ], [ 138.305866666666645, 33.908211717171717 ], [ 137.998228888888889, 33.908211717171717 ], [ 137.690591111111132, 33.908211717171717 ], [ 137.382953333333319, 33.908211717171717 ], [ 137.075315555555562, 33.908211717171717 ], [ 136.767677777777806, 33.908211717171717 ], [ 136.767677777777806, 33.709907878787881 ], [ 136.46004, 33.709907878787881 ], [ 136.152402222222236, 33.709907878787881 ], [ 135.844764444444479, 33.709907878787881 ], [ 135.844764444444422, 33.709907878787881 ], [ 135.537126666666666, 33.709907878787881 ], [ 135.229488888888909, 33.709907878787881 ], [ 134.921851111111096, 33.709907878787881 ], [ 134.614213333333339, 33.709907878787881 ], [ 134.306575555555582, 33.709907878787881 ], [ 133.998937777777769, 33.709907878787881 ], [ 133.6913, 33.709907878787881 ], [ 133.383662222222256, 33.709907878787881 ], [ 133.383662222222199, 33.709907878787881 ], [ 133.076024444444442, 33.709907878787881 ], [ 132.768386666666686, 33.709907878787881 ], [ 132.460748888888872, 33.709907878787881 ], [ 132.153111111111116, 33.709907878787881 ], [ 131.845473333333359, 33.709907878787881 ], [ 131.537835555555546, 33.709907878787881 ], [ 131.230197777777789, 33.709907878787881 ], [ 130.92256, 33.709907878787881 ], [ 130.92256, 33.709907878787881 ], [ 130.614922222222219, 33.709907878787881 ], [ 130.307284444444463, 33.709907878787881 ], [ 129.999646666666649, 33.709907878787881 ], [ 129.999646666666649, 33.908211717171717 ], [ 129.999646666666649, 34.106515555555553 ], [ 130.307284444444463, 34.106515555555553 ], [ 130.307284444444463, 34.30481939393939 ], [ 130.307284444444463, 34.503123232323226 ], [ 130.614922222222219, 34.503123232323226 ], [ 130.92256, 34.503123232323226 ] ] ], [ [ [ 130.614922222222219, 34.701427070707069 ], [ 130.92256, 34.701427070707069 ], [ 130.92256, 34.899730909090906 ], [ 131.230197777777789, 34.899730909090906 ], [ 131.230197777777789, 35.098034747474742 ], [ 131.537835555555546, 35.098034747474742 ], [ 131.845473333333359, 35.098034747474742 ], [ 132.153111111111116, 35.098034747474742 ], [ 132.460748888888872, 35.098034747474742 ], [ 132.768386666666686, 35.098034747474742 ], [ 133.076024444444442, 35.098034747474742 ], [ 133.383662222222199, 35.098034747474742 ], [ 133.383662222222256, 35.098034747474742 ], [ 133.6913, 35.098034747474742 ], [ 133.998937777777769, 35.098034747474742 ], [ 134.306575555555582, 35.098034747474742 ], [ 134.614213333333339, 35.098034747474742 ], [ 134.921851111111096, 35.098034747474742 ], [ 135.229488888888909, 35.098034747474742 ], [ 135.537126666666666, 35.098034747474742 ], [ 135.844764444444422, 35.098034747474742 ], [ 135.844764444444479, 35.098034747474742 ], [ 136.152402222222236, 35.098034747474742 ], [ 136.46004, 35.098034747474742 ], [ 136.767677777777806, 35.098034747474742 ], [ 137.075315555555562, 35.098034747474742 ], [ 137.382953333333319, 35.098034747474742 ], [ 137.690591111111132, 35.098034747474742 ], [ 137.998228888888889, 35.098034747474742 ], [ 138.305866666666645, 35.098034747474742 ], [ 138.305866666666702, 35.098034747474742 ], [ 138.613504444444459, 35.098034747474742 ], [ 138.921142222222215, 35.098034747474742 ], [ 139.22878, 35.098034747474742 ], [ 139.536417777777785, 35.098034747474742 ], [ 139.844055555555542, 35.098034747474742 ], [ 140.151693333333355, 35.098034747474742 ], [ 140.459331111111112, 35.098034747474742 ], [ 140.766968888888869, 35.098034747474742 ], [ 140.766968888888925, 35.098034747474742 ], [ 141.074606666666682, 35.098034747474742 ], [ 141.074606666666682, 34.899730909090906 ], [ 140.766968888888925, 34.899730909090906 ], [ 140.766968888888925, 34.701427070707069 ], [ 140.459331111111112, 34.701427070707069 ], [ 140.459331111111112, 34.503123232323233 ], [ 140.151693333333355, 34.503123232323233 ], [ 139.844055555555542, 34.503123232323233 ], [ 139.536417777777785, 34.503123232323233 ], [ 139.22878, 34.503123232323233 ], [ 138.921142222222215, 34.503123232323233 ], [ 138.613504444444459, 34.503123232323233 ], [ 138.305866666666702, 34.503123232323233 ], [ 138.305866666666645, 34.503123232323233 ], [ 137.998228888888889, 34.503123232323233 ], [ 137.690591111111132, 34.503123232323233 ], [ 137.382953333333319, 34.503123232323233 ], [ 137.075315555555562, 34.503123232323233 ], [ 136.767677777777806, 34.503123232323233 ], [ 136.46004, 34.503123232323233 ], [ 136.152402222222236, 34.503123232323233 ], [ 135.844764444444479, 34.503123232323233 ], [ 135.844764444444422, 34.503123232323233 ], [ 135.537126666666666, 34.503123232323233 ], [ 135.229488888888909, 34.503123232323233 ], [ 134.921851111111096, 34.503123232323233 ], [ 134.614213333333339, 34.503123232323233 ], [ 134.306575555555582, 34.503123232323233 ], [ 133.998937777777769, 34.503123232323233 ], [ 133.6913, 34.503123232323233 ], [ 133.383662222222256, 34.503123232323233 ], [ 133.383662222222199, 34.503123232323233 ], [ 133.076024444444442, 34.503123232323233 ], [ 132.768386666666686, 34.503123232323233 ], [ 132.460748888888872, 34.503123232323233 ], [ 132.153111111111116, 34.503123232323233 ], [ 131.845473333333359, 34.503123232323233 ], [ 131.537835555555546, 34.503123232323233 ], [ 131.230197777777789, 34.503123232323233 ], [ 130.92256, 34.503123232323233 ], [ 130.92256, 34.503123232323233 ], [ 130.614922222222219, 34.503123232323233 ], [ 130.614922222222219, 34.701427070707069 ] ] ], [ [ [ 130.614922222222219, 42.633580606060605 ], [ 130.92256, 42.633580606060605 ], [ 130.92256, 42.633580606060605 ], [ 131.230197777777789, 42.633580606060605 ], [ 131.537835555555546, 42.633580606060605 ], [ 131.845473333333359, 42.633580606060605 ], [ 132.153111111111116, 42.633580606060605 ], [ 132.460748888888872, 42.633580606060605 ], [ 132.768386666666686, 42.633580606060605 ], [ 133.076024444444442, 42.633580606060605 ], [ 133.383662222222199, 42.633580606060605 ], [ 133.383662222222256, 42.633580606060605 ], [ 133.6913, 42.633580606060605 ], [ 133.998937777777769, 42.633580606060605 ], [ 134.306575555555582, 42.633580606060605 ], [ 134.306575555555582, 42.435276767676768 ], [ 133.998937777777769, 42.435276767676768 ], [ 133.6913, 42.435276767676768 ], [ 133.6913, 42.236972929292932 ], [ 133.383662222222256, 42.236972929292932 ], [ 133.383662222222199, 42.236972929292932 ], [ 133.076024444444442, 42.236972929292932 ], [ 132.768386666666686, 42.236972929292932 ], [ 132.460748888888872, 42.236972929292932 ], [ 132.153111111111116, 42.236972929292932 ], [ 131.845473333333359, 42.236972929292932 ], [ 131.537835555555546, 42.236972929292932 ], [ 131.230197777777789, 42.236972929292932 ], [ 130.92256, 42.236972929292932 ], [ 130.92256, 42.236972929292932 ], [ 130.614922222222219, 42.236972929292932 ], [ 130.614922222222219, 42.435276767676768 ], [ 130.307284444444463, 42.435276767676768 ], [ 130.307284444444463, 42.633580606060605 ], [ 130.614922222222219, 42.633580606060605 ] ] ], [ [ [ 130.614922222222219, 42.831884444444448 ], [ 130.614922222222219, 43.030188282828284 ], [ 130.614922222222219, 43.22849212121212 ], [ 130.92256, 43.22849212121212 ], [ 130.92256, 43.426795959595957 ], [ 131.230197777777789, 43.426795959595957 ], [ 131.537835555555546, 43.426795959595957 ], [ 131.845473333333359, 43.426795959595957 ], [ 132.153111111111116, 43.426795959595957 ], [ 132.460748888888872, 43.426795959595957 ], [ 132.768386666666686, 43.426795959595957 ], [ 133.076024444444442, 43.426795959595957 ], [ 133.383662222222199, 43.426795959595957 ], [ 133.383662222222256, 43.426795959595957 ], [ 133.6913, 43.426795959595957 ], [ 133.998937777777769, 43.426795959595957 ], [ 134.306575555555582, 43.426795959595957 ], [ 134.614213333333339, 43.426795959595957 ], [ 134.921851111111096, 43.426795959595957 ], [ 135.229488888888909, 43.426795959595957 ], [ 135.537126666666666, 43.426795959595957 ], [ 135.537126666666666, 43.22849212121212 ], [ 135.229488888888909, 43.22849212121212 ], [ 135.229488888888909, 43.030188282828284 ], [ 134.921851111111096, 43.030188282828284 ], [ 134.921851111111096, 42.831884444444448 ], [ 134.614213333333339, 42.831884444444448 ], [ 134.614213333333339, 42.633580606060612 ], [ 134.306575555555582, 42.633580606060612 ], [ 133.998937777777769, 42.633580606060612 ], [ 133.6913, 42.633580606060612 ], [ 133.383662222222256, 42.633580606060612 ], [ 133.383662222222199, 42.633580606060612 ], [ 133.076024444444442, 42.633580606060612 ], [ 132.768386666666686, 42.633580606060612 ], [ 132.460748888888872, 42.633580606060612 ], [ 132.153111111111116, 42.633580606060612 ], [ 131.845473333333359, 42.633580606060612 ], [ 131.537835555555546, 42.633580606060612 ], [ 131.230197777777789, 42.633580606060612 ], [ 130.92256, 42.633580606060612 ], [ 130.92256, 42.633580606060612 ], [ 130.614922222222219, 42.633580606060612 ], [ 130.307284444444463, 42.633580606060612 ], [ 130.307284444444463, 42.831884444444448 ], [ 130.614922222222219, 42.831884444444448 ] ] ], [ [ [ 131.845473333333359, 42.236972929292925 ], [ 132.153111111111116, 42.236972929292925 ], [ 132.460748888888872, 42.236972929292925 ], [ 132.768386666666686, 42.236972929292925 ], [ 133.076024444444442, 42.236972929292925 ], [ 133.076024444444442, 42.038669090909089 ], [ 132.768386666666686, 42.038669090909089 ], [ 132.460748888888872, 42.038669090909089 ], [ 132.153111111111116, 42.038669090909089 ], [ 131.845473333333359, 42.038669090909089 ], [ 131.537835555555546, 42.038669090909089 ], [ 131.230197777777789, 42.038669090909089 ], [ 130.92256, 42.038669090909089 ], [ 130.92256, 42.236972929292925 ], [ 131.230197777777789, 42.236972929292925 ], [ 131.537835555555546, 42.236972929292925 ], [ 131.845473333333359, 42.236972929292925 ] ] ], [ [ [ 131.845473333333359, 43.823403636363636 ], [ 131.845473333333359, 44.021707474747473 ], [ 132.153111111111116, 44.021707474747473 ], [ 132.460748888888872, 44.021707474747473 ], [ 132.768386666666686, 44.021707474747473 ], [ 133.076024444444442, 44.021707474747473 ], [ 133.383662222222199, 44.021707474747473 ], [ 133.383662222222256, 44.021707474747473 ], [ 133.6913, 44.021707474747473 ], [ 133.998937777777769, 44.021707474747473 ], [ 134.306575555555582, 44.021707474747473 ], [ 134.614213333333339, 44.021707474747473 ], [ 134.921851111111096, 44.021707474747473 ], [ 135.229488888888909, 44.021707474747473 ], [ 135.229488888888909, 43.823403636363636 ], [ 135.229488888888909, 43.6250997979798 ], [ 135.537126666666666, 43.6250997979798 ], [ 135.537126666666666, 43.426795959595964 ], [ 135.229488888888909, 43.426795959595964 ], [ 134.921851111111096, 43.426795959595964 ], [ 134.614213333333339, 43.426795959595964 ], [ 134.306575555555582, 43.426795959595964 ], [ 133.998937777777769, 43.426795959595964 ], [ 133.6913, 43.426795959595964 ], [ 133.383662222222256, 43.426795959595964 ], [ 133.383662222222199, 43.426795959595964 ], [ 133.076024444444442, 43.426795959595964 ], [ 132.768386666666686, 43.426795959595964 ], [ 132.460748888888872, 43.426795959595964 ], [ 132.153111111111116, 43.426795959595964 ], [ 131.845473333333359, 43.426795959595964 ], [ 131.537835555555546, 43.426795959595964 ], [ 131.230197777777789, 43.426795959595964 ], [ 130.92256, 43.426795959595964 ], [ 130.92256, 43.6250997979798 ], [ 131.230197777777789, 43.6250997979798 ], [ 131.230197777777789, 43.823403636363636 ], [ 131.537835555555546, 43.823403636363636 ], [ 131.845473333333359, 43.823403636363636 ] ] ], [ [ [ 132.768386666666686, 35.494642424242421 ], [ 133.076024444444442, 35.494642424242421 ], [ 133.076024444444442, 35.692946262626258 ], [ 133.383662222222199, 35.692946262626258 ], [ 133.383662222222256, 35.692946262626258 ], [ 133.6913, 35.692946262626258 ], [ 133.998937777777769, 35.692946262626258 ], [ 134.306575555555582, 35.692946262626258 ], [ 134.614213333333339, 35.692946262626258 ], [ 134.921851111111096, 35.692946262626258 ], [ 135.229488888888909, 35.692946262626258 ], [ 135.537126666666666, 35.692946262626258 ], [ 135.844764444444422, 35.692946262626258 ], [ 135.844764444444479, 35.692946262626258 ], [ 136.152402222222236, 35.692946262626258 ], [ 136.46004, 35.692946262626258 ], [ 136.767677777777806, 35.692946262626258 ], [ 137.075315555555562, 35.692946262626258 ], [ 137.382953333333319, 35.692946262626258 ], [ 137.690591111111132, 35.692946262626258 ], [ 137.998228888888889, 35.692946262626258 ], [ 138.305866666666645, 35.692946262626258 ], [ 138.305866666666702, 35.692946262626258 ], [ 138.613504444444459, 35.692946262626258 ], [ 138.921142222222215, 35.692946262626258 ], [ 139.22878, 35.692946262626258 ], [ 139.536417777777785, 35.692946262626258 ], [ 139.844055555555542, 35.692946262626258 ], [ 140.151693333333355, 35.692946262626258 ], [ 140.459331111111112, 35.692946262626258 ], [ 140.766968888888869, 35.692946262626258 ], [ 140.766968888888925, 35.692946262626258 ], [ 141.074606666666682, 35.692946262626258 ], [ 141.382244444444439, 35.692946262626258 ], [ 141.382244444444439, 35.494642424242421 ], [ 141.382244444444439, 35.296338585858585 ], [ 141.382244444444439, 35.098034747474749 ], [ 141.074606666666682, 35.098034747474749 ], [ 140.766968888888925, 35.098034747474749 ], [ 140.766968888888869, 35.098034747474749 ], [ 140.459331111111112, 35.098034747474749 ], [ 140.151693333333355, 35.098034747474749 ], [ 139.844055555555542, 35.098034747474749 ], [ 139.536417777777785, 35.098034747474749 ], [ 139.22878, 35.098034747474749 ], [ 138.921142222222215, 35.098034747474749 ], [ 138.613504444444459, 35.098034747474749 ], [ 138.305866666666702, 35.098034747474749 ], [ 138.305866666666645, 35.098034747474749 ], [ 137.998228888888889, 35.098034747474749 ], [ 137.690591111111132, 35.098034747474749 ], [ 137.382953333333319, 35.098034747474749 ], [ 137.075315555555562, 35.098034747474749 ], [ 136.767677777777806, 35.098034747474749 ], [ 136.46004, 35.098034747474749 ], [ 136.152402222222236, 35.098034747474749 ], [ 135.844764444444479, 35.098034747474749 ], [ 135.844764444444422, 35.098034747474749 ], [ 135.537126666666666, 35.098034747474749 ], [ 135.229488888888909, 35.098034747474749 ], [ 134.921851111111096, 35.098034747474749 ], [ 134.614213333333339, 35.098034747474749 ], [ 134.306575555555582, 35.098034747474749 ], [ 133.998937777777769, 35.098034747474749 ], [ 133.6913, 35.098034747474749 ], [ 133.383662222222256, 35.098034747474749 ], [ 133.383662222222199, 35.098034747474749 ], [ 133.076024444444442, 35.098034747474749 ], [ 132.768386666666686, 35.098034747474749 ], [ 132.460748888888872, 35.098034747474749 ], [ 132.153111111111116, 35.098034747474749 ], [ 131.845473333333359, 35.098034747474749 ], [ 131.845473333333359, 35.296338585858585 ], [ 132.153111111111116, 35.296338585858585 ], [ 132.460748888888872, 35.296338585858585 ], [ 132.460748888888872, 35.494642424242421 ], [ 132.768386666666686, 35.494642424242421 ] ] ], [ [ [ 132.460748888888872, 44.220011313131316 ], [ 132.768386666666686, 44.220011313131316 ], [ 133.076024444444442, 44.220011313131316 ], [ 133.383662222222199, 44.220011313131316 ], [ 133.383662222222256, 44.220011313131316 ], [ 133.6913, 44.220011313131316 ], [ 133.998937777777769, 44.220011313131316 ], [ 134.306575555555582, 44.220011313131316 ], [ 134.306575555555582, 44.02170747474748 ], [ 133.998937777777769, 44.02170747474748 ], [ 133.6913, 44.02170747474748 ], [ 133.383662222222256, 44.02170747474748 ], [ 133.383662222222199, 44.02170747474748 ], [ 133.076024444444442, 44.02170747474748 ], [ 132.768386666666686, 44.02170747474748 ], [ 132.460748888888872, 44.02170747474748 ], [ 132.153111111111116, 44.02170747474748 ], [ 132.153111111111116, 44.220011313131316 ], [ 132.460748888888872, 44.220011313131316 ] ] ], [ [ [ 133.383662222222199, 45.211530505050511 ], [ 133.076024444444442, 45.211530505050511 ], [ 133.076024444444442, 45.409834343434348 ], [ 133.076024444444442, 45.608138181818184 ], [ 133.076024444444442, 45.80644202020202 ], [ 133.076024444444442, 46.004745858585856 ], [ 133.383662222222199, 46.004745858585856 ], [ 133.383662222222199, 46.203049696969693 ], [ 133.6913, 46.203049696969693 ], [ 133.998937777777769, 46.203049696969693 ], [ 134.306575555555582, 46.203049696969693 ], [ 134.614213333333339, 46.203049696969693 ], [ 134.921851111111096, 46.203049696969693 ], [ 135.229488888888909, 46.203049696969693 ], [ 135.537126666666666, 46.203049696969693 ], [ 135.844764444444422, 46.203049696969693 ], [ 135.844764444444479, 46.203049696969693 ], [ 136.152402222222236, 46.203049696969693 ], [ 136.46004, 46.203049696969693 ], [ 136.767677777777806, 46.203049696969693 ], [ 137.075315555555562, 46.203049696969693 ], [ 137.382953333333319, 46.203049696969693 ], [ 137.382953333333319, 46.004745858585856 ], [ 137.382953333333319, 45.80644202020202 ], [ 137.075315555555562, 45.80644202020202 ], [ 137.075315555555562, 45.608138181818184 ], [ 137.075315555555562, 45.409834343434348 ], [ 136.767677777777806, 45.409834343434348 ], [ 136.767677777777806, 45.211530505050511 ], [ 136.46004, 45.211530505050511 ], [ 136.152402222222236, 45.211530505050511 ], [ 135.844764444444479, 45.211530505050511 ], [ 135.844764444444422, 45.211530505050511 ], [ 135.537126666666666, 45.211530505050511 ], [ 135.229488888888909, 45.211530505050511 ], [ 134.921851111111096, 45.211530505050511 ], [ 134.614213333333339, 45.211530505050511 ], [ 134.306575555555582, 45.211530505050511 ], [ 133.998937777777769, 45.211530505050511 ], [ 133.6913, 45.211530505050511 ], [ 133.383662222222256, 45.211530505050511 ], [ 133.383662222222199, 45.211530505050511 ] ] ], [ [ [ 133.998937777777769, 46.401353535353536 ], [ 134.306575555555582, 46.401353535353536 ], [ 134.614213333333339, 46.401353535353536 ], [ 134.921851111111096, 46.401353535353536 ], [ 135.229488888888909, 46.401353535353536 ], [ 135.537126666666666, 46.401353535353536 ], [ 135.844764444444422, 46.401353535353536 ], [ 135.844764444444479, 46.401353535353536 ], [ 136.152402222222236, 46.401353535353536 ], [ 136.46004, 46.401353535353536 ], [ 136.767677777777806, 46.401353535353536 ], [ 137.075315555555562, 46.401353535353536 ], [ 137.382953333333319, 46.401353535353536 ], [ 137.382953333333319, 46.2030496969697 ], [ 137.075315555555562, 46.2030496969697 ], [ 136.767677777777806, 46.2030496969697 ], [ 136.46004, 46.2030496969697 ], [ 136.152402222222236, 46.2030496969697 ], [ 135.844764444444479, 46.2030496969697 ], [ 135.844764444444422, 46.2030496969697 ], [ 135.537126666666666, 46.2030496969697 ], [ 135.229488888888909, 46.2030496969697 ], [ 134.921851111111096, 46.2030496969697 ], [ 134.614213333333339, 46.2030496969697 ], [ 134.306575555555582, 46.2030496969697 ], [ 133.998937777777769, 46.2030496969697 ], [ 133.6913, 46.2030496969697 ], [ 133.383662222222199, 46.2030496969697 ], [ 133.383662222222199, 46.401353535353536 ], [ 133.6913, 46.401353535353536 ], [ 133.998937777777769, 46.401353535353536 ] ] ], [ [ [ 134.614213333333339, 35.891250101010101 ], [ 134.614213333333339, 36.089553939393937 ], [ 134.921851111111096, 36.089553939393937 ], [ 135.229488888888909, 36.089553939393937 ], [ 135.229488888888909, 36.287857777777774 ], [ 135.537126666666666, 36.287857777777774 ], [ 135.844764444444422, 36.287857777777774 ], [ 135.844764444444479, 36.287857777777774 ], [ 136.152402222222236, 36.287857777777774 ], [ 136.46004, 36.287857777777774 ], [ 136.767677777777806, 36.287857777777774 ], [ 137.075315555555562, 36.287857777777774 ], [ 137.382953333333319, 36.287857777777774 ], [ 137.690591111111132, 36.287857777777774 ], [ 137.998228888888889, 36.287857777777774 ], [ 138.305866666666645, 36.287857777777774 ], [ 138.305866666666702, 36.287857777777774 ], [ 138.613504444444459, 36.287857777777774 ], [ 138.921142222222215, 36.287857777777774 ], [ 139.22878, 36.287857777777774 ], [ 139.536417777777785, 36.287857777777774 ], [ 139.844055555555542, 36.287857777777774 ], [ 140.151693333333355, 36.287857777777774 ], [ 140.459331111111112, 36.287857777777774 ], [ 140.766968888888869, 36.287857777777774 ], [ 140.766968888888925, 36.287857777777774 ], [ 141.074606666666682, 36.287857777777774 ], [ 141.382244444444439, 36.287857777777774 ], [ 141.689882222222252, 36.287857777777774 ], [ 141.689882222222252, 36.089553939393937 ], [ 141.382244444444439, 36.089553939393937 ], [ 141.382244444444439, 35.891250101010101 ], [ 141.382244444444439, 35.692946262626265 ], [ 141.074606666666682, 35.692946262626265 ], [ 140.766968888888925, 35.692946262626265 ], [ 140.766968888888869, 35.692946262626265 ], [ 140.459331111111112, 35.692946262626265 ], [ 140.151693333333355, 35.692946262626265 ], [ 139.844055555555542, 35.692946262626265 ], [ 139.536417777777785, 35.692946262626265 ], [ 139.22878, 35.692946262626265 ], [ 138.921142222222215, 35.692946262626265 ], [ 138.613504444444459, 35.692946262626265 ], [ 138.305866666666702, 35.692946262626265 ], [ 138.305866666666645, 35.692946262626265 ], [ 137.998228888888889, 35.692946262626265 ], [ 137.690591111111132, 35.692946262626265 ], [ 137.382953333333319, 35.692946262626265 ], [ 137.075315555555562, 35.692946262626265 ], [ 136.767677777777806, 35.692946262626265 ], [ 136.46004, 35.692946262626265 ], [ 136.152402222222236, 35.692946262626265 ], [ 135.844764444444479, 35.692946262626265 ], [ 135.844764444444422, 35.692946262626265 ], [ 135.537126666666666, 35.692946262626265 ], [ 135.229488888888909, 35.692946262626265 ], [ 134.921851111111096, 35.692946262626265 ], [ 134.614213333333339, 35.692946262626265 ], [ 134.306575555555582, 35.692946262626265 ], [ 133.998937777777769, 35.692946262626265 ], [ 133.6913, 35.692946262626265 ], [ 133.6913, 35.891250101010101 ], [ 133.998937777777769, 35.891250101010101 ], [ 134.306575555555582, 35.891250101010101 ], [ 134.614213333333339, 35.891250101010101 ] ] ], [ [ [ 134.921851111111096, 44.814922828282825 ], [ 135.229488888888909, 44.814922828282825 ], [ 135.229488888888909, 44.616618989898988 ], [ 134.921851111111096, 44.616618989898988 ], [ 134.614213333333339, 44.616618989898988 ], [ 134.306575555555582, 44.616618989898988 ], [ 133.998937777777769, 44.616618989898988 ], [ 133.998937777777769, 44.814922828282825 ], [ 134.306575555555582, 44.814922828282825 ], [ 134.614213333333339, 44.814922828282825 ], [ 134.921851111111096, 44.814922828282825 ] ] ], [ [ [ 133.998937777777769, 45.211530505050504 ], [ 134.306575555555582, 45.211530505050504 ], [ 134.614213333333339, 45.211530505050504 ], [ 134.921851111111096, 45.211530505050504 ], [ 135.229488888888909, 45.211530505050504 ], [ 135.537126666666666, 45.211530505050504 ], [ 135.844764444444422, 45.211530505050504 ], [ 135.844764444444479, 45.211530505050504 ], [ 136.152402222222236, 45.211530505050504 ], [ 136.46004, 45.211530505050504 ], [ 136.767677777777806, 45.211530505050504 ], [ 136.767677777777806, 45.013226666666668 ], [ 136.46004, 45.013226666666668 ], [ 136.152402222222236, 45.013226666666668 ], [ 136.152402222222236, 44.814922828282832 ], [ 135.844764444444479, 44.814922828282832 ], [ 135.844764444444422, 44.814922828282832 ], [ 135.537126666666666, 44.814922828282832 ], [ 135.229488888888909, 44.814922828282832 ], [ 134.921851111111096, 44.814922828282832 ], [ 134.614213333333339, 44.814922828282832 ], [ 134.306575555555582, 44.814922828282832 ], [ 133.998937777777769, 44.814922828282832 ], [ 133.6913, 44.814922828282832 ], [ 133.383662222222199, 44.814922828282832 ], [ 133.383662222222199, 45.013226666666668 ], [ 133.383662222222199, 45.211530505050504 ], [ 133.6913, 45.211530505050504 ], [ 133.998937777777769, 45.211530505050504 ] ] ], [ [ [ 133.998937777777769, 46.797961212121216 ], [ 134.306575555555582, 46.797961212121216 ], [ 134.306575555555582, 46.996265050505052 ], [ 134.614213333333339, 46.996265050505052 ], [ 134.614213333333339, 47.194568888888888 ], [ 134.921851111111096, 47.194568888888888 ], [ 135.229488888888909, 47.194568888888888 ], [ 135.537126666666666, 47.194568888888888 ], [ 135.844764444444422, 47.194568888888888 ], [ 135.844764444444422, 47.392872727272724 ], [ 136.152402222222236, 47.392872727272724 ], [ 136.152402222222236, 47.194568888888888 ], [ 136.46004, 47.194568888888888 ], [ 136.767677777777806, 47.194568888888888 ], [ 137.075315555555562, 47.194568888888888 ], [ 137.075315555555562, 46.996265050505052 ], [ 137.382953333333319, 46.996265050505052 ], [ 137.382953333333319, 46.797961212121216 ], [ 137.382953333333319, 46.599657373737379 ], [ 137.382953333333319, 46.401353535353543 ], [ 137.075315555555562, 46.401353535353543 ], [ 136.767677777777806, 46.401353535353543 ], [ 136.46004, 46.401353535353543 ], [ 136.152402222222236, 46.401353535353543 ], [ 135.844764444444479, 46.401353535353543 ], [ 135.844764444444422, 46.401353535353543 ], [ 135.537126666666666, 46.401353535353543 ], [ 135.229488888888909, 46.401353535353543 ], [ 134.921851111111096, 46.401353535353543 ], [ 134.614213333333339, 46.401353535353543 ], [ 134.306575555555582, 46.401353535353543 ], [ 133.998937777777769, 46.401353535353543 ], [ 133.6913, 46.401353535353543 ], [ 133.6913, 46.599657373737379 ], [ 133.998937777777769, 46.599657373737379 ], [ 133.998937777777769, 46.797961212121216 ] ] ], [ [ [ 135.537126666666666, 36.486161616161617 ], [ 135.844764444444422, 36.486161616161617 ], [ 135.844764444444422, 36.684465454545453 ], [ 136.152402222222236, 36.684465454545453 ], [ 136.152402222222236, 36.882769292929289 ], [ 136.46004, 36.882769292929289 ], [ 136.46004, 37.081073131313126 ], [ 136.767677777777806, 37.081073131313126 ], [ 137.075315555555562, 37.081073131313126 ], [ 137.382953333333319, 37.081073131313126 ], [ 137.690591111111132, 37.081073131313126 ], [ 137.998228888888889, 37.081073131313126 ], [ 138.305866666666645, 37.081073131313126 ], [ 138.305866666666702, 37.081073131313126 ], [ 138.613504444444459, 37.081073131313126 ], [ 138.921142222222215, 37.081073131313126 ], [ 139.22878, 37.081073131313126 ], [ 139.536417777777785, 37.081073131313126 ], [ 139.844055555555542, 37.081073131313126 ], [ 140.151693333333355, 37.081073131313126 ], [ 140.459331111111112, 37.081073131313126 ], [ 140.766968888888869, 37.081073131313126 ], [ 140.766968888888925, 37.081073131313126 ], [ 141.074606666666682, 37.081073131313126 ], [ 141.382244444444439, 37.081073131313126 ], [ 141.689882222222252, 37.081073131313126 ], [ 141.689882222222252, 36.882769292929289 ], [ 141.689882222222252, 36.684465454545453 ], [ 141.689882222222252, 36.486161616161617 ], [ 141.689882222222252, 36.287857777777781 ], [ 141.382244444444439, 36.287857777777781 ], [ 141.074606666666682, 36.287857777777781 ], [ 140.766968888888925, 36.287857777777781 ], [ 140.766968888888869, 36.287857777777781 ], [ 140.459331111111112, 36.287857777777781 ], [ 140.151693333333355, 36.287857777777781 ], [ 139.844055555555542, 36.287857777777781 ], [ 139.536417777777785, 36.287857777777781 ], [ 139.22878, 36.287857777777781 ], [ 138.921142222222215, 36.287857777777781 ], [ 138.613504444444459, 36.287857777777781 ], [ 138.305866666666702, 36.287857777777781 ], [ 138.305866666666645, 36.287857777777781 ], [ 137.998228888888889, 36.287857777777781 ], [ 137.690591111111132, 36.287857777777781 ], [ 137.382953333333319, 36.287857777777781 ], [ 137.075315555555562, 36.287857777777781 ], [ 136.767677777777806, 36.287857777777781 ], [ 136.46004, 36.287857777777781 ], [ 136.152402222222236, 36.287857777777781 ], [ 135.844764444444479, 36.287857777777781 ], [ 135.844764444444422, 36.287857777777781 ], [ 135.537126666666666, 36.287857777777781 ], [ 135.537126666666666, 36.486161616161617 ] ] ], [ [ [ 136.767677777777806, 37.279376969696969 ], [ 137.075315555555562, 37.279376969696969 ], [ 137.075315555555562, 37.477680808080805 ], [ 137.382953333333319, 37.477680808080805 ], [ 137.690591111111132, 37.477680808080805 ], [ 137.998228888888889, 37.477680808080805 ], [ 138.305866666666645, 37.477680808080805 ], [ 138.305866666666702, 37.477680808080805 ], [ 138.613504444444459, 37.477680808080805 ], [ 138.921142222222215, 37.477680808080805 ], [ 139.22878, 37.477680808080805 ], [ 139.536417777777785, 37.477680808080805 ], [ 139.844055555555542, 37.477680808080805 ], [ 140.151693333333355, 37.477680808080805 ], [ 140.459331111111112, 37.477680808080805 ], [ 140.766968888888869, 37.477680808080805 ], [ 140.766968888888925, 37.477680808080805 ], [ 141.074606666666682, 37.477680808080805 ], [ 141.382244444444439, 37.477680808080805 ], [ 141.689882222222252, 37.477680808080805 ], [ 141.689882222222252, 37.279376969696969 ], [ 141.689882222222252, 37.081073131313133 ], [ 141.382244444444439, 37.081073131313133 ], [ 141.074606666666682, 37.081073131313133 ], [ 140.766968888888925, 37.081073131313133 ], [ 140.766968888888869, 37.081073131313133 ], [ 140.459331111111112, 37.081073131313133 ], [ 140.151693333333355, 37.081073131313133 ], [ 139.844055555555542, 37.081073131313133 ], [ 139.536417777777785, 37.081073131313133 ], [ 139.22878, 37.081073131313133 ], [ 138.921142222222215, 37.081073131313133 ], [ 138.613504444444459, 37.081073131313133 ], [ 138.305866666666702, 37.081073131313133 ], [ 138.305866666666645, 37.081073131313133 ], [ 137.998228888888889, 37.081073131313133 ], [ 137.690591111111132, 37.081073131313133 ], [ 137.382953333333319, 37.081073131313133 ], [ 137.075315555555562, 37.081073131313133 ], [ 136.767677777777806, 37.081073131313133 ], [ 136.767677777777806, 37.279376969696969 ] ] ], [ [ [ 137.998228888888889, 37.675984646464649 ], [ 138.305866666666645, 37.675984646464649 ], [ 138.305866666666645, 37.874288484848485 ], [ 138.613504444444459, 37.874288484848485 ], [ 138.921142222222215, 37.874288484848485 ], [ 138.921142222222215, 38.072592323232321 ], [ 139.22878, 38.072592323232321 ], [ 139.536417777777785, 38.072592323232321 ], [ 139.536417777777785, 38.270896161616157 ], [ 139.844055555555542, 38.270896161616157 ], [ 139.844055555555542, 38.4692 ], [ 140.151693333333355, 38.4692 ], [ 140.459331111111112, 38.4692 ], [ 140.766968888888869, 38.4692 ], [ 140.766968888888925, 38.4692 ], [ 141.074606666666682, 38.4692 ], [ 141.382244444444439, 38.4692 ], [ 141.382244444444439, 38.270896161616157 ], [ 141.382244444444439, 38.072592323232321 ], [ 141.689882222222252, 38.072592323232321 ], [ 141.689882222222252, 37.874288484848485 ], [ 141.689882222222252, 37.675984646464649 ], [ 141.689882222222252, 37.477680808080812 ], [ 141.382244444444439, 37.477680808080812 ], [ 141.074606666666682, 37.477680808080812 ], [ 140.766968888888925, 37.477680808080812 ], [ 140.766968888888869, 37.477680808080812 ], [ 140.459331111111112, 37.477680808080812 ], [ 140.151693333333355, 37.477680808080812 ], [ 139.844055555555542, 37.477680808080812 ], [ 139.536417777777785, 37.477680808080812 ], [ 139.22878, 37.477680808080812 ], [ 138.921142222222215, 37.477680808080812 ], [ 138.613504444444459, 37.477680808080812 ], [ 138.305866666666702, 37.477680808080812 ], [ 138.305866666666645, 37.477680808080812 ], [ 137.998228888888889, 37.477680808080812 ], [ 137.690591111111132, 37.477680808080812 ], [ 137.690591111111132, 37.675984646464649 ], [ 137.998228888888889, 37.675984646464649 ] ] ], [ [ [ 139.22878, 39.659023030303025 ], [ 139.536417777777785, 39.659023030303025 ], [ 139.844055555555542, 39.659023030303025 ], [ 140.151693333333355, 39.659023030303025 ], [ 140.459331111111112, 39.659023030303025 ], [ 140.766968888888869, 39.659023030303025 ], [ 140.766968888888925, 39.659023030303025 ], [ 141.074606666666682, 39.659023030303025 ], [ 141.382244444444439, 39.659023030303025 ], [ 141.382244444444439, 39.460719191919189 ], [ 141.382244444444439, 39.262415353535353 ], [ 141.382244444444439, 39.064111515151517 ], [ 141.382244444444439, 38.86580767676768 ], [ 141.074606666666682, 38.86580767676768 ], [ 140.766968888888925, 38.86580767676768 ], [ 140.766968888888869, 38.86580767676768 ], [ 140.459331111111112, 38.86580767676768 ], [ 140.151693333333355, 38.86580767676768 ], [ 139.844055555555542, 38.86580767676768 ], [ 139.536417777777785, 38.86580767676768 ], [ 139.536417777777785, 39.064111515151517 ], [ 139.22878, 39.064111515151517 ], [ 139.22878, 39.262415353535353 ], [ 138.921142222222215, 39.262415353535353 ], [ 138.921142222222215, 39.460719191919189 ], [ 138.921142222222215, 39.659023030303025 ], [ 139.22878, 39.659023030303025 ] ] ], [ [ [ 138.921142222222215, 39.857326868686869 ], [ 138.921142222222215, 40.055630707070705 ], [ 139.22878, 40.055630707070705 ], [ 139.536417777777785, 40.055630707070705 ], [ 139.844055555555542, 40.055630707070705 ], [ 140.151693333333355, 40.055630707070705 ], [ 140.459331111111112, 40.055630707070705 ], [ 140.766968888888869, 40.055630707070705 ], [ 140.766968888888925, 40.055630707070705 ], [ 141.074606666666682, 40.055630707070705 ], [ 141.382244444444439, 40.055630707070705 ], [ 141.689882222222252, 40.055630707070705 ], [ 141.689882222222252, 39.857326868686869 ], [ 141.689882222222252, 39.659023030303032 ], [ 141.382244444444439, 39.659023030303032 ], [ 141.074606666666682, 39.659023030303032 ], [ 140.766968888888925, 39.659023030303032 ], [ 140.766968888888869, 39.659023030303032 ], [ 140.459331111111112, 39.659023030303032 ], [ 140.151693333333355, 39.659023030303032 ], [ 139.844055555555542, 39.659023030303032 ], [ 139.536417777777785, 39.659023030303032 ], [ 139.22878, 39.659023030303032 ], [ 138.921142222222215, 39.659023030303032 ], [ 138.921142222222215, 39.857326868686869 ] ] ], [ [ [ 140.766968888888869, 40.848846060606057 ], [ 140.766968888888925, 40.848846060606057 ], [ 141.074606666666682, 40.848846060606057 ], [ 141.382244444444439, 40.848846060606057 ], [ 141.689882222222252, 40.848846060606057 ], [ 141.689882222222252, 40.650542222222221 ], [ 141.689882222222252, 40.452238383838385 ], [ 141.689882222222252, 40.253934545454548 ], [ 141.689882222222252, 40.055630707070712 ], [ 141.382244444444439, 40.055630707070712 ], [ 141.074606666666682, 40.055630707070712 ], [ 140.766968888888925, 40.055630707070712 ], [ 140.766968888888869, 40.055630707070712 ], [ 140.459331111111112, 40.055630707070712 ], [ 140.151693333333355, 40.055630707070712 ], [ 139.844055555555542, 40.055630707070712 ], [ 139.536417777777785, 40.055630707070712 ], [ 139.22878, 40.055630707070712 ], [ 138.921142222222215, 40.055630707070712 ], [ 138.921142222222215, 40.253934545454548 ], [ 139.22878, 40.253934545454548 ], [ 139.22878, 40.452238383838385 ], [ 139.22878, 40.650542222222221 ], [ 139.536417777777785, 40.650542222222221 ], [ 139.536417777777785, 40.848846060606057 ], [ 139.844055555555542, 40.848846060606057 ], [ 140.151693333333355, 40.848846060606057 ], [ 140.459331111111112, 40.848846060606057 ], [ 140.766968888888869, 40.848846060606057 ] ] ], [ [ [ 140.151693333333355, 42.236972929292925 ], [ 140.459331111111112, 42.236972929292925 ], [ 140.766968888888869, 42.236972929292925 ], [ 140.766968888888925, 42.236972929292925 ], [ 141.074606666666682, 42.236972929292925 ], [ 141.382244444444439, 42.236972929292925 ], [ 141.689882222222252, 42.236972929292925 ], [ 141.99752, 42.236972929292925 ], [ 142.305157777777765, 42.236972929292925 ], [ 142.612795555555579, 42.236972929292925 ], [ 142.920433333333335, 42.236972929292925 ], [ 143.228071111111149, 42.236972929292925 ], [ 143.228071111111149, 42.038669090909089 ], [ 142.920433333333335, 42.038669090909089 ], [ 142.612795555555579, 42.038669090909089 ], [ 142.612795555555579, 41.840365252525253 ], [ 142.305157777777765, 41.840365252525253 ], [ 141.99752, 41.840365252525253 ], [ 141.99752, 41.642061414141416 ], [ 141.689882222222252, 41.642061414141416 ], [ 141.382244444444439, 41.642061414141416 ], [ 141.382244444444439, 41.44375757575758 ], [ 141.074606666666682, 41.44375757575758 ], [ 140.766968888888925, 41.44375757575758 ], [ 140.766968888888869, 41.44375757575758 ], [ 140.459331111111112, 41.44375757575758 ], [ 140.151693333333355, 41.44375757575758 ], [ 140.151693333333355, 41.642061414141416 ], [ 139.844055555555542, 41.642061414141416 ], [ 139.844055555555542, 41.840365252525253 ], [ 139.844055555555542, 42.038669090909089 ], [ 139.536417777777785, 42.038669090909089 ], [ 139.536417777777785, 42.236972929292925 ], [ 139.844055555555542, 42.236972929292925 ], [ 140.151693333333355, 42.236972929292925 ] ] ], [ [ [ 139.844055555555542, 42.633580606060605 ], [ 140.151693333333355, 42.633580606060605 ], [ 140.459331111111112, 42.633580606060605 ], [ 140.766968888888869, 42.633580606060605 ], [ 140.766968888888925, 42.633580606060605 ], [ 141.074606666666682, 42.633580606060605 ], [ 141.382244444444439, 42.633580606060605 ], [ 141.689882222222252, 42.633580606060605 ], [ 141.99752, 42.633580606060605 ], [ 142.305157777777765, 42.633580606060605 ], [ 142.612795555555579, 42.633580606060605 ], [ 142.920433333333335, 42.633580606060605 ], [ 143.228071111111092, 42.633580606060605 ], [ 143.228071111111149, 42.633580606060605 ], [ 143.535708888888905, 42.633580606060605 ], [ 143.843346666666662, 42.633580606060605 ], [ 144.150984444444475, 42.633580606060605 ], [ 144.458622222222232, 42.633580606060605 ], [ 144.458622222222232, 42.435276767676768 ], [ 144.150984444444475, 42.435276767676768 ], [ 144.150984444444475, 42.236972929292932 ], [ 143.843346666666662, 42.236972929292932 ], [ 143.535708888888905, 42.236972929292932 ], [ 143.228071111111149, 42.236972929292932 ], [ 143.228071111111092, 42.236972929292932 ], [ 142.920433333333335, 42.236972929292932 ], [ 142.612795555555579, 42.236972929292932 ], [ 142.305157777777765, 42.236972929292932 ], [ 141.99752, 42.236972929292932 ], [ 141.689882222222252, 42.236972929292932 ], [ 141.382244444444439, 42.236972929292932 ], [ 141.074606666666682, 42.236972929292932 ], [ 140.766968888888925, 42.236972929292932 ], [ 140.766968888888869, 42.236972929292932 ], [ 140.459331111111112, 42.236972929292932 ], [ 140.151693333333355, 42.236972929292932 ], [ 139.844055555555542, 42.236972929292932 ], [ 139.536417777777785, 42.236972929292932 ], [ 139.536417777777785, 42.435276767676768 ], [ 139.844055555555542, 42.435276767676768 ], [ 139.844055555555542, 42.633580606060605 ] ] ], [ [ [ 140.151693333333355, 38.4692 ], [ 139.844055555555542, 38.4692 ], [ 139.844055555555542, 38.667503838383837 ], [ 139.844055555555542, 38.865807676767673 ], [ 140.151693333333355, 38.865807676767673 ], [ 140.459331111111112, 38.865807676767673 ], [ 140.766968888888869, 38.865807676767673 ], [ 140.766968888888925, 38.865807676767673 ], [ 141.074606666666682, 38.865807676767673 ], [ 141.382244444444439, 38.865807676767673 ], [ 141.382244444444439, 38.667503838383837 ], [ 141.382244444444439, 38.4692 ], [ 141.074606666666682, 38.4692 ], [ 140.766968888888925, 38.4692 ], [ 140.766968888888869, 38.4692 ], [ 140.459331111111112, 38.4692 ], [ 140.151693333333355, 38.4692 ] ] ], [ [ [ 140.151693333333355, 40.848846060606064 ], [ 139.844055555555542, 40.848846060606064 ], [ 139.844055555555542, 41.0471498989899 ], [ 140.151693333333355, 41.0471498989899 ], [ 140.151693333333355, 41.245453737373737 ], [ 140.151693333333355, 41.443757575757573 ], [ 140.459331111111112, 41.443757575757573 ], [ 140.766968888888869, 41.443757575757573 ], [ 140.766968888888925, 41.443757575757573 ], [ 141.074606666666682, 41.443757575757573 ], [ 141.074606666666682, 41.245453737373737 ], [ 141.074606666666682, 41.0471498989899 ], [ 141.382244444444439, 41.0471498989899 ], [ 141.382244444444439, 40.848846060606064 ], [ 141.074606666666682, 40.848846060606064 ], [ 140.766968888888925, 40.848846060606064 ], [ 140.766968888888869, 40.848846060606064 ], [ 140.459331111111112, 40.848846060606064 ], [ 140.151693333333355, 40.848846060606064 ] ] ], [ [ [ 140.151693333333355, 43.030188282828284 ], [ 140.151693333333355, 43.22849212121212 ], [ 140.151693333333355, 43.426795959595957 ], [ 140.459331111111112, 43.426795959595957 ], [ 140.766968888888869, 43.426795959595957 ], [ 140.766968888888925, 43.426795959595957 ], [ 141.074606666666682, 43.426795959595957 ], [ 141.382244444444439, 43.426795959595957 ], [ 141.689882222222252, 43.426795959595957 ], [ 141.99752, 43.426795959595957 ], [ 142.305157777777765, 43.426795959595957 ], [ 142.612795555555579, 43.426795959595957 ], [ 142.920433333333335, 43.426795959595957 ], [ 143.228071111111092, 43.426795959595957 ], [ 143.228071111111149, 43.426795959595957 ], [ 143.535708888888905, 43.426795959595957 ], [ 143.843346666666662, 43.426795959595957 ], [ 144.150984444444475, 43.426795959595957 ], [ 144.458622222222232, 43.426795959595957 ], [ 144.76626, 43.426795959595957 ], [ 145.073897777777802, 43.426795959595957 ], [ 145.381535555555558, 43.426795959595957 ], [ 145.689173333333315, 43.426795959595957 ], [ 145.689173333333372, 43.426795959595957 ], [ 145.996811111111128, 43.426795959595957 ], [ 146.304448888888885, 43.426795959595957 ], [ 146.304448888888885, 43.22849212121212 ], [ 145.996811111111128, 43.22849212121212 ], [ 145.996811111111128, 43.030188282828284 ], [ 145.689173333333372, 43.030188282828284 ], [ 145.689173333333372, 42.831884444444448 ], [ 145.381535555555558, 42.831884444444448 ], [ 145.073897777777802, 42.831884444444448 ], [ 145.073897777777802, 42.633580606060612 ], [ 144.76626, 42.633580606060612 ], [ 144.458622222222232, 42.633580606060612 ], [ 144.150984444444475, 42.633580606060612 ], [ 143.843346666666662, 42.633580606060612 ], [ 143.535708888888905, 42.633580606060612 ], [ 143.228071111111149, 42.633580606060612 ], [ 143.228071111111092, 42.633580606060612 ], [ 142.920433333333335, 42.633580606060612 ], [ 142.612795555555579, 42.633580606060612 ], [ 142.305157777777765, 42.633580606060612 ], [ 141.99752, 42.633580606060612 ], [ 141.689882222222252, 42.633580606060612 ], [ 141.382244444444439, 42.633580606060612 ], [ 141.074606666666682, 42.633580606060612 ], [ 140.766968888888925, 42.633580606060612 ], [ 140.766968888888869, 42.633580606060612 ], [ 140.459331111111112, 42.633580606060612 ], [ 140.151693333333355, 42.633580606060612 ], [ 139.844055555555542, 42.633580606060612 ], [ 139.844055555555542, 42.831884444444448 ], [ 139.844055555555542, 43.030188282828284 ], [ 140.151693333333355, 43.030188282828284 ] ] ], [ [ [ 140.459331111111112, 43.6250997979798 ], [ 140.766968888888869, 43.6250997979798 ], [ 140.766968888888925, 43.6250997979798 ], [ 141.074606666666682, 43.6250997979798 ], [ 141.074606666666682, 43.823403636363636 ], [ 141.382244444444439, 43.823403636363636 ], [ 141.689882222222252, 43.823403636363636 ], [ 141.99752, 43.823403636363636 ], [ 141.99752, 44.021707474747473 ], [ 142.305157777777765, 44.021707474747473 ], [ 142.612795555555579, 44.021707474747473 ], [ 142.920433333333335, 44.021707474747473 ], [ 143.228071111111092, 44.021707474747473 ], [ 143.228071111111149, 44.021707474747473 ], [ 143.535708888888905, 44.021707474747473 ], [ 143.843346666666662, 44.021707474747473 ], [ 144.150984444444475, 44.021707474747473 ], [ 144.458622222222232, 44.021707474747473 ], [ 144.76626, 44.021707474747473 ], [ 145.073897777777802, 44.021707474747473 ], [ 145.381535555555558, 44.021707474747473 ], [ 145.689173333333315, 44.021707474747473 ], [ 145.689173333333372, 44.021707474747473 ], [ 145.996811111111128, 44.021707474747473 ], [ 146.304448888888885, 44.021707474747473 ], [ 146.612086666666698, 44.021707474747473 ], [ 146.612086666666698, 43.823403636363636 ], [ 146.612086666666698, 43.6250997979798 ], [ 146.304448888888885, 43.6250997979798 ], [ 146.304448888888885, 43.426795959595964 ], [ 145.996811111111128, 43.426795959595964 ], [ 145.689173333333372, 43.426795959595964 ], [ 145.689173333333315, 43.426795959595964 ], [ 145.381535555555558, 43.426795959595964 ], [ 145.073897777777802, 43.426795959595964 ], [ 144.76626, 43.426795959595964 ], [ 144.458622222222232, 43.426795959595964 ], [ 144.150984444444475, 43.426795959595964 ], [ 143.843346666666662, 43.426795959595964 ], [ 143.535708888888905, 43.426795959595964 ], [ 143.228071111111149, 43.426795959595964 ], [ 143.228071111111092, 43.426795959595964 ], [ 142.920433333333335, 43.426795959595964 ], [ 142.612795555555579, 43.426795959595964 ], [ 142.305157777777765, 43.426795959595964 ], [ 141.99752, 43.426795959595964 ], [ 141.689882222222252, 43.426795959595964 ], [ 141.382244444444439, 43.426795959595964 ], [ 141.074606666666682, 43.426795959595964 ], [ 140.766968888888925, 43.426795959595964 ], [ 140.766968888888869, 43.426795959595964 ], [ 140.459331111111112, 43.426795959595964 ], [ 140.459331111111112, 43.6250997979798 ] ] ], [ [ [ 145.689173333333315, 44.02170747474748 ], [ 145.381535555555558, 44.02170747474748 ], [ 145.073897777777802, 44.02170747474748 ], [ 144.76626, 44.02170747474748 ], [ 144.458622222222232, 44.02170747474748 ], [ 144.150984444444475, 44.02170747474748 ], [ 143.843346666666662, 44.02170747474748 ], [ 143.535708888888905, 44.02170747474748 ], [ 143.228071111111149, 44.02170747474748 ], [ 143.228071111111092, 44.02170747474748 ], [ 142.920433333333335, 44.02170747474748 ], [ 142.920433333333335, 44.220011313131316 ], [ 143.228071111111092, 44.220011313131316 ], [ 143.228071111111092, 44.418315151515152 ], [ 143.535708888888905, 44.418315151515152 ], [ 143.843346666666662, 44.418315151515152 ], [ 143.843346666666662, 44.616618989898988 ], [ 144.150984444444475, 44.616618989898988 ], [ 144.150984444444475, 44.814922828282825 ], [ 144.458622222222232, 44.814922828282825 ], [ 144.76626, 44.814922828282825 ], [ 145.073897777777802, 44.814922828282825 ], [ 145.381535555555558, 44.814922828282825 ], [ 145.689173333333315, 44.814922828282825 ], [ 145.689173333333372, 44.814922828282825 ], [ 145.996811111111128, 44.814922828282825 ], [ 146.304448888888885, 44.814922828282825 ], [ 146.612086666666698, 44.814922828282825 ], [ 146.612086666666698, 44.616618989898988 ], [ 146.612086666666698, 44.418315151515152 ], [ 146.612086666666698, 44.220011313131316 ], [ 146.612086666666698, 44.02170747474748 ], [ 146.304448888888885, 44.02170747474748 ], [ 145.996811111111128, 44.02170747474748 ], [ 145.689173333333372, 44.02170747474748 ], [ 145.689173333333315, 44.02170747474748 ] ] ], [ [ [ 144.76626, 45.013226666666668 ], [ 145.073897777777802, 45.013226666666668 ], [ 145.381535555555558, 45.013226666666668 ], [ 145.689173333333315, 45.013226666666668 ], [ 145.689173333333372, 45.013226666666668 ], [ 145.996811111111128, 45.013226666666668 ], [ 146.304448888888885, 45.013226666666668 ], [ 146.304448888888885, 44.814922828282832 ], [ 145.996811111111128, 44.814922828282832 ], [ 145.689173333333372, 44.814922828282832 ], [ 145.689173333333315, 44.814922828282832 ], [ 145.381535555555558, 44.814922828282832 ], [ 145.073897777777802, 44.814922828282832 ], [ 144.76626, 44.814922828282832 ], [ 144.76626, 45.013226666666668 ] ] ] ] } },
{ "type": "Feature", "properties": { "month": 9, "species_sci": "Cyanoptila cyanomelana", "species_com": "Blue-and-white Flycatcher / Ōruri" }, "geometry": { "type": "MultiPolygon", "coordinates": [ [ [ [ 113.931825555555548, 22.265499595959596 ], [ 113.931825555555548, 22.544906363636365 ], [ 114.314357777777786, 22.544906363636365 ], [ 114.314357777777786, 22.824313131313133 ], [ 114.69689, 22.824313131313133 ], [ 115.079422222222206, 22.824313131313133 ], [ 115.079422222222206, 22.544906363636365 ], [ 115.079422222222206, 22.265499595959596 ], [ 114.69689, 22.265499595959596 ], [ 114.69689, 21.986092828282828 ], [ 114.314357777777786, 21.986092828282828 ], [ 114.314357777777786, 21.70668606060606 ], [ 113.931825555555548, 21.70668606060606 ], [ 113.931825555555548, 21.427279292929295 ], [ 113.549293333333338, 21.427279292929295 ], [ 113.549293333333338, 21.70668606060606 ], [ 113.1667611111111, 21.70668606060606 ], [ 113.1667611111111, 21.986092828282828 ], [ 113.549293333333338, 21.986092828282828 ], [ 113.549293333333338, 22.265499595959596 ], [ 113.931825555555548, 22.265499595959596 ] ] ], [ [ [ 118.522212222222208, 22.544906363636365 ], [ 118.522212222222208, 22.824313131313133 ], [ 118.522212222222208, 23.103719898989898 ], [ 118.522212222222208, 23.103719898989901 ], [ 118.522212222222208, 23.383126666666666 ], [ 118.904744444444447, 23.383126666666666 ], [ 118.904744444444447, 23.662533434343434 ], [ 119.287276666666656, 23.662533434343434 ], [ 119.287276666666656, 23.941940202020202 ], [ 119.287276666666656, 24.22134696969697 ], [ 119.669808888888895, 24.22134696969697 ], [ 119.669808888888895, 24.500753737373739 ], [ 120.052341111111105, 24.500753737373739 ], [ 120.052341111111105, 24.780160505050507 ], [ 120.434873333333343, 24.780160505050507 ], [ 120.434873333333343, 25.059567272727275 ], [ 120.817405555555553, 25.059567272727275 ], [ 120.817405555555553, 25.338974040404043 ], [ 121.199937777777791, 25.338974040404043 ], [ 121.199937777777791, 25.618380808080808 ], [ 121.58247, 25.618380808080808 ], [ 121.965002222222211, 25.618380808080808 ], [ 121.965002222222211, 25.897787575757576 ], [ 122.347534444444449, 25.897787575757576 ], [ 122.730066666666659, 25.897787575757576 ], [ 122.730066666666659, 25.618380808080808 ], [ 122.730066666666659, 25.338974040404043 ], [ 122.730066666666659, 25.33897404040404 ], [ 122.730066666666659, 25.059567272727275 ], [ 122.347534444444449, 25.059567272727275 ], [ 122.347534444444449, 24.780160505050507 ], [ 122.347534444444449, 24.500753737373739 ], [ 122.347534444444449, 24.22134696969697 ], [ 121.965002222222211, 24.22134696969697 ], [ 121.965002222222211, 23.941940202020202 ], [ 121.58247, 23.941940202020202 ], [ 121.58247, 23.662533434343434 ], [ 121.58247, 23.383126666666666 ], [ 121.199937777777791, 23.383126666666666 ], [ 121.199937777777791, 23.103719898989898 ], [ 120.817405555555553, 23.103719898989898 ], [ 120.817405555555553, 22.824313131313133 ], [ 120.434873333333343, 22.824313131313133 ], [ 120.434873333333343, 22.544906363636365 ], [ 120.052341111111105, 22.544906363636365 ], [ 120.052341111111105, 22.265499595959596 ], [ 119.669808888888895, 22.265499595959596 ], [ 119.287276666666656, 22.265499595959596 ], [ 118.904744444444447, 22.265499595959596 ], [ 118.522212222222208, 22.265499595959596 ], [ 118.522212222222208, 22.544906363636365 ] ] ], [ [ [ 118.904744444444447, 25.897787575757576 ], [ 119.287276666666656, 25.897787575757576 ], [ 119.287276666666656, 26.177194343434344 ], [ 119.287276666666656, 26.456601111111112 ], [ 119.669808888888895, 26.456601111111112 ], [ 119.669808888888895, 26.736007878787877 ], [ 120.052341111111105, 26.736007878787877 ], [ 120.052341111111105, 27.015414646464645 ], [ 120.434873333333343, 27.015414646464645 ], [ 120.434873333333343, 27.294821414141413 ], [ 120.817405555555553, 27.294821414141413 ], [ 120.817405555555553, 27.574228181818182 ], [ 121.199937777777791, 27.574228181818182 ], [ 121.199937777777791, 27.85363494949495 ], [ 121.58247, 27.85363494949495 ], [ 121.58247, 27.574228181818182 ], [ 121.965002222222211, 27.574228181818182 ], [ 121.965002222222211, 27.294821414141413 ], [ 121.965002222222211, 27.015414646464645 ], [ 121.965002222222211, 26.736007878787877 ], [ 121.58247, 26.736007878787877 ], [ 121.58247, 26.456601111111112 ], [ 121.58247, 26.456601111111109 ], [ 121.58247, 26.177194343434344 ], [ 121.199937777777791, 26.177194343434344 ], [ 121.199937777777791, 25.897787575757576 ], [ 120.817405555555553, 25.897787575757576 ], [ 120.817405555555553, 25.618380808080808 ], [ 120.434873333333343, 25.618380808080808 ], [ 120.434873333333343, 25.33897404040404 ], [ 120.052341111111105, 25.33897404040404 ], [ 119.669808888888895, 25.33897404040404 ], [ 119.287276666666656, 25.33897404040404 ], [ 119.287276666666656, 25.059567272727275 ], [ 118.904744444444447, 25.059567272727275 ], [ 118.904744444444447, 25.33897404040404 ], [ 118.904744444444447, 25.338974040404043 ], [ 118.904744444444447, 25.618380808080808 ], [ 118.904744444444447, 25.897787575757576 ] ] ], [ [ [ 118.904744444444447, 29.809482323232324 ], [ 118.904744444444447, 30.088889090909092 ], [ 119.287276666666656, 30.088889090909092 ], [ 119.287276666666656, 30.368295858585856 ], [ 119.287276666666656, 30.647702626262625 ], [ 119.287276666666656, 30.927109393939393 ], [ 119.669808888888895, 30.927109393939393 ], [ 119.669808888888895, 31.206516161616161 ], [ 119.669808888888895, 31.485922929292929 ], [ 119.287276666666656, 31.485922929292929 ], [ 118.904744444444447, 31.485922929292929 ], [ 118.522212222222208, 31.485922929292929 ], [ 118.522212222222208, 31.206516161616161 ], [ 118.13968, 31.206516161616161 ], [ 117.757147777777789, 31.206516161616161 ], [ 117.37461555555555, 31.206516161616161 ], [ 116.992083333333341, 31.206516161616161 ], [ 116.992083333333341, 31.485922929292929 ], [ 116.992083333333341, 31.765329696969697 ], [ 117.37461555555555, 31.765329696969697 ], [ 117.37461555555555, 32.044736464646462 ], [ 117.757147777777789, 32.044736464646462 ], [ 117.757147777777789, 32.324143232323237 ], [ 118.13968, 32.324143232323237 ], [ 118.13968, 32.60355 ], [ 118.522212222222208, 32.60355 ], [ 118.904744444444447, 32.60355 ], [ 118.904744444444447, 32.88295676767676 ], [ 119.287276666666656, 32.88295676767676 ], [ 119.669808888888895, 32.88295676767676 ], [ 120.052341111111105, 32.88295676767676 ], [ 120.434873333333343, 32.88295676767676 ], [ 120.817405555555553, 32.88295676767676 ], [ 121.199937777777791, 32.88295676767676 ], [ 121.58247, 32.88295676767676 ], [ 121.965002222222211, 32.88295676767676 ], [ 122.347534444444449, 32.88295676767676 ], [ 122.730066666666659, 32.88295676767676 ], [ 122.730066666666659, 32.60355 ], [ 123.112598888888897, 32.60355 ], [ 123.112598888888897, 32.324143232323237 ], [ 123.495131111111107, 32.324143232323237 ], [ 123.877663333333345, 32.324143232323237 ], [ 123.877663333333345, 32.044736464646462 ], [ 123.877663333333345, 31.765329696969697 ], [ 123.877663333333345, 31.485922929292929 ], [ 123.877663333333345, 31.206516161616161 ], [ 123.495131111111107, 31.206516161616161 ], [ 123.495131111111107, 30.927109393939393 ], [ 123.112598888888897, 30.927109393939393 ], [ 123.112598888888897, 30.647702626262625 ], [ 123.112598888888897, 30.368295858585856 ], [ 122.730066666666659, 30.368295858585856 ], [ 122.730066666666659, 30.088889090909088 ], [ 122.347534444444449, 30.088889090909088 ], [ 122.347534444444449, 29.809482323232324 ], [ 121.965002222222211, 29.809482323232324 ], [ 121.965002222222211, 29.530075555555555 ], [ 121.58247, 29.530075555555555 ], [ 121.199937777777791, 29.530075555555555 ], [ 121.199937777777791, 29.250668787878787 ], [ 120.817405555555553, 29.250668787878787 ], [ 120.434873333333343, 29.250668787878787 ], [ 120.052341111111105, 29.250668787878787 ], [ 119.669808888888895, 29.250668787878787 ], [ 119.287276666666656, 29.250668787878787 ], [ 118.904744444444447, 29.250668787878787 ], [ 118.904744444444447, 29.530075555555555 ], [ 118.904744444444447, 29.809482323232324 ] ] ], [ [ [ 120.817405555555553, 33.441770303030296 ], [ 120.817405555555553, 33.721177070707071 ], [ 121.199937777777791, 33.721177070707071 ], [ 121.58247, 33.721177070707071 ], [ 121.58247, 34.000583838383832 ], [ 121.965002222222211, 34.000583838383832 ], [ 122.347534444444449, 34.000583838383832 ], [ 122.347534444444449, 33.721177070707071 ], [ 122.730066666666659, 33.721177070707071 ], [ 122.730066666666659, 33.441770303030296 ], [ 122.730066666666659, 33.162363535353535 ], [ 122.730066666666659, 32.882956767676774 ], [ 122.347534444444449, 32.882956767676774 ], [ 121.965002222222211, 32.882956767676774 ], [ 121.58247, 32.882956767676774 ], [ 121.199937777777791, 32.882956767676774 ], [ 120.817405555555553, 32.882956767676774 ], [ 120.434873333333343, 32.882956767676774 ], [ 120.052341111111105, 32.882956767676774 ], [ 119.669808888888895, 32.882956767676774 ], [ 119.669808888888895, 33.162363535353535 ], [ 120.052341111111105, 33.162363535353535 ], [ 120.434873333333343, 33.162363535353535 ], [ 120.434873333333343, 33.441770303030296 ], [ 120.817405555555553, 33.441770303030296 ] ] ], [ [ [ 125.790324444444451, 32.60355 ], [ 125.790324444444451, 32.88295676767676 ], [ 126.172856666666661, 32.88295676767676 ], [ 126.172856666666661, 32.60355 ], [ 125.790324444444451, 32.60355 ] ] ], [ [ [ 125.407792222222241, 33.162363535353535 ], [ 125.790324444444451, 33.162363535353535 ], [ 125.790324444444451, 33.441770303030296 ], [ 125.790324444444451, 33.721177070707071 ], [ 126.172856666666661, 33.721177070707071 ], [ 126.172856666666661, 34.000583838383832 ], [ 126.555388888888899, 34.000583838383832 ], [ 126.555388888888899, 34.279990606060608 ], [ 126.937921111111109, 34.279990606060608 ], [ 127.320453333333347, 34.279990606060608 ], [ 127.702985555555557, 34.279990606060608 ], [ 127.702985555555557, 34.000583838383832 ], [ 127.702985555555557, 33.721177070707071 ], [ 127.320453333333347, 33.721177070707071 ], [ 127.320453333333347, 33.441770303030296 ], [ 126.937921111111109, 33.441770303030296 ], [ 126.937921111111109, 33.162363535353535 ], [ 126.555388888888899, 33.162363535353535 ], [ 126.555388888888899, 32.882956767676774 ], [ 126.172856666666661, 32.882956767676774 ], [ 125.790324444444451, 32.882956767676774 ], [ 125.407792222222241, 32.882956767676774 ], [ 125.407792222222241, 33.162363535353535 ] ] ], [ [ [ 125.790324444444451, 36.235837979797978 ], [ 125.790324444444451, 36.515244747474739 ], [ 126.172856666666661, 36.515244747474739 ], [ 126.172856666666661, 36.235837979797978 ], [ 125.790324444444451, 36.235837979797978 ] ] ], [ [ [ 126.172856666666661, 37.074058282828275 ], [ 126.555388888888899, 37.074058282828275 ], [ 126.937921111111109, 37.074058282828275 ], [ 127.320453333333347, 37.074058282828275 ], [ 127.320453333333347, 36.794651515151514 ], [ 126.937921111111109, 36.794651515151514 ], [ 126.937921111111109, 36.515244747474753 ], [ 126.555388888888899, 36.515244747474753 ], [ 126.172856666666661, 36.515244747474753 ], [ 125.790324444444451, 36.515244747474753 ], [ 125.407792222222241, 36.515244747474753 ], [ 125.407792222222241, 36.794651515151514 ], [ 125.407792222222241, 37.074058282828275 ], [ 125.790324444444451, 37.074058282828275 ], [ 126.172856666666661, 37.074058282828275 ] ] ], [ [ [ 126.555388888888899, 37.912278585858587 ], [ 126.555388888888899, 38.191685353535348 ], [ 126.937921111111109, 38.191685353535348 ], [ 126.937921111111109, 38.471092121212124 ], [ 127.320453333333347, 38.471092121212124 ], [ 127.702985555555557, 38.471092121212124 ], [ 127.702985555555557, 38.750498888888885 ], [ 128.085517777777795, 38.750498888888885 ], [ 128.46805, 38.750498888888885 ], [ 128.46805, 38.471092121212124 ], [ 128.850582222222215, 38.471092121212124 ], [ 128.850582222222215, 38.191685353535348 ], [ 128.46805, 38.191685353535348 ], [ 128.46805, 37.912278585858587 ], [ 128.46805, 37.632871818181812 ], [ 128.085517777777795, 37.632871818181812 ], [ 128.085517777777795, 37.353465050505051 ], [ 128.085517777777795, 37.07405828282829 ], [ 127.702985555555557, 37.07405828282829 ], [ 127.320453333333347, 37.07405828282829 ], [ 126.937921111111109, 37.07405828282829 ], [ 126.555388888888899, 37.07405828282829 ], [ 126.172856666666661, 37.07405828282829 ], [ 125.790324444444451, 37.07405828282829 ], [ 125.790324444444451, 37.353465050505051 ], [ 125.790324444444451, 37.632871818181812 ], [ 126.172856666666661, 37.632871818181812 ], [ 126.172856666666661, 37.912278585858587 ], [ 126.555388888888899, 37.912278585858587 ] ] ], [ [ [ 130.380711111111111, 32.324143232323237 ], [ 129.998178888888901, 32.324143232323237 ], [ 129.998178888888901, 32.60355 ], [ 129.998178888888901, 32.88295676767676 ], [ 130.380711111111111, 32.88295676767676 ], [ 130.380711111111111, 32.60355 ], [ 130.380711111111111, 32.324143232323237 ] ] ], [ [ [ 130.763243333333349, 32.324143232323237 ], [ 130.38071111111114, 32.324143232323237 ], [ 130.38071111111114, 32.60355 ], [ 130.38071111111114, 32.88295676767676 ], [ 130.763243333333349, 32.88295676767676 ], [ 131.145775555555559, 32.88295676767676 ], [ 131.528307777777769, 32.88295676767676 ], [ 131.528307777777769, 32.60355 ], [ 131.145775555555559, 32.60355 ], [ 131.145775555555559, 32.324143232323237 ], [ 130.763243333333349, 32.324143232323237 ] ] ], [ [ [ 130.38071111111114, 33.721177070707071 ], [ 130.38071111111114, 34.000583838383832 ], [ 130.763243333333349, 34.000583838383832 ], [ 131.145775555555559, 34.000583838383832 ], [ 131.145775555555559, 34.279990606060608 ], [ 131.528307777777769, 34.279990606060608 ], [ 131.528307777777769, 34.000583838383832 ], [ 131.528307777777769, 33.721177070707071 ], [ 131.528307777777769, 33.441770303030296 ], [ 131.528307777777769, 33.162363535353535 ], [ 131.528307777777769, 32.882956767676774 ], [ 131.145775555555559, 32.882956767676774 ], [ 130.763243333333349, 32.882956767676774 ], [ 130.38071111111114, 32.882956767676774 ], [ 130.38071111111114, 33.162363535353535 ], [ 130.38071111111114, 33.441770303030296 ], [ 130.38071111111114, 33.721177070707071 ] ] ], [ [ [ 129.998178888888901, 32.882956767676774 ], [ 129.998178888888901, 33.162363535353535 ], [ 129.998178888888901, 33.441770303030296 ], [ 129.998178888888901, 33.721177070707071 ], [ 130.380711111111111, 33.721177070707071 ], [ 130.380711111111111, 33.441770303030296 ], [ 130.380711111111111, 33.162363535353535 ], [ 130.380711111111111, 32.882956767676774 ], [ 129.998178888888901, 32.882956767676774 ] ] ], [ [ [ 131.528307777777798, 33.162363535353535 ], [ 131.528307777777798, 33.441770303030296 ], [ 131.528307777777798, 33.721177070707071 ], [ 131.91084, 33.721177070707071 ], [ 131.91084, 33.441770303030296 ], [ 131.91084, 33.162363535353535 ], [ 131.528307777777798, 33.162363535353535 ] ] ], [ [ [ 134.206033333333352, 34.559397373737369 ], [ 134.206033333333352, 34.838804141414144 ], [ 134.588565555555562, 34.838804141414144 ], [ 134.588565555555562, 35.118210909090905 ], [ 134.971097777777771, 35.118210909090905 ], [ 134.971097777777771, 34.838804141414144 ], [ 134.971097777777771, 34.559397373737369 ], [ 134.971097777777771, 34.279990606060608 ], [ 134.971097777777771, 34.000583838383832 ], [ 134.971097777777771, 33.721177070707071 ], [ 134.588565555555562, 33.721177070707071 ], [ 134.588565555555562, 33.441770303030296 ], [ 134.206033333333352, 33.441770303030296 ], [ 133.823501111111142, 33.441770303030296 ], [ 133.823501111111142, 33.721177070707071 ], [ 133.823501111111142, 34.000583838383832 ], [ 133.823501111111142, 34.279990606060608 ], [ 134.206033333333352, 34.279990606060608 ], [ 134.206033333333352, 34.559397373737369 ] ] ], [ [ [ 132.675904444444456, 42.662193636363639 ], [ 132.675904444444456, 42.9416004040404 ], [ 133.058436666666665, 42.9416004040404 ], [ 133.058436666666665, 42.662193636363639 ], [ 132.675904444444456, 42.662193636363639 ] ] ], [ [ [ 134.9710977777778, 35.118210909090905 ], [ 134.9710977777778, 35.39761767676768 ], [ 135.35363, 35.39761767676768 ], [ 135.35363, 35.677024444444442 ], [ 135.736162222222219, 35.677024444444442 ], [ 135.736162222222219, 35.39761767676768 ], [ 135.736162222222219, 35.118210909090905 ], [ 135.736162222222219, 34.838804141414144 ], [ 135.736162222222219, 34.559397373737369 ], [ 135.736162222222219, 34.279990606060608 ], [ 135.736162222222219, 34.000583838383832 ], [ 135.35363, 34.000583838383832 ], [ 135.35363, 33.721177070707071 ], [ 134.9710977777778, 33.721177070707071 ], [ 134.9710977777778, 34.000583838383832 ], [ 134.9710977777778, 34.279990606060608 ], [ 134.9710977777778, 34.559397373737369 ], [ 134.9710977777778, 34.838804141414144 ], [ 134.9710977777778, 35.118210909090905 ] ] ], [ [ [ 135.736162222222248, 34.279990606060608 ], [ 135.736162222222248, 34.559397373737369 ], [ 135.736162222222248, 34.838804141414144 ], [ 135.736162222222248, 35.118210909090905 ], [ 135.736162222222248, 35.39761767676768 ], [ 135.736162222222248, 35.677024444444442 ], [ 136.118694444444458, 35.677024444444442 ], [ 136.118694444444458, 35.956431212121203 ], [ 136.501226666666668, 35.956431212121203 ], [ 136.501226666666668, 35.677024444444442 ], [ 136.501226666666668, 35.39761767676768 ], [ 136.501226666666668, 35.118210909090905 ], [ 136.501226666666668, 34.838804141414144 ], [ 136.501226666666668, 34.559397373737369 ], [ 136.501226666666668, 34.279990606060608 ], [ 136.118694444444458, 34.279990606060608 ], [ 136.118694444444458, 34.000583838383832 ], [ 135.736162222222248, 34.000583838383832 ], [ 135.736162222222248, 34.279990606060608 ] ] ], [ [ [ 136.501226666666696, 34.838804141414144 ], [ 136.501226666666696, 35.118210909090905 ], [ 136.501226666666696, 35.39761767676768 ], [ 136.501226666666696, 35.677024444444442 ], [ 136.501226666666696, 35.956431212121203 ], [ 136.883758888888906, 35.956431212121203 ], [ 137.266291111111116, 35.956431212121203 ], [ 137.266291111111116, 35.677024444444442 ], [ 137.266291111111116, 35.39761767676768 ], [ 137.266291111111116, 35.118210909090905 ], [ 137.266291111111116, 34.838804141414144 ], [ 136.883758888888906, 34.838804141414144 ], [ 136.883758888888906, 34.559397373737369 ], [ 136.501226666666696, 34.559397373737369 ], [ 136.501226666666696, 34.838804141414144 ] ] ], [ [ [ 138.413887777777802, 35.39761767676768 ], [ 138.413887777777802, 35.677024444444442 ], [ 138.413887777777802, 35.956431212121203 ], [ 138.79642, 35.956431212121203 ], [ 139.178952222222222, 35.956431212121203 ], [ 139.178952222222222, 35.677024444444442 ], [ 139.178952222222222, 35.39761767676768 ], [ 139.178952222222222, 35.118210909090905 ], [ 138.79642, 35.118210909090905 ], [ 138.413887777777802, 35.118210909090905 ], [ 138.413887777777802, 35.39761767676768 ] ] ], [ [ [ 137.266291111111144, 35.956431212121203 ], [ 137.648823333333354, 35.956431212121203 ], [ 138.031355555555564, 35.956431212121203 ], [ 138.413887777777774, 35.956431212121203 ], [ 138.413887777777774, 35.677024444444442 ], [ 138.413887777777774, 35.39761767676768 ], [ 138.031355555555564, 35.39761767676768 ], [ 137.648823333333354, 35.39761767676768 ], [ 137.648823333333354, 35.118210909090905 ], [ 137.266291111111144, 35.118210909090905 ], [ 137.266291111111144, 35.39761767676768 ], [ 137.266291111111144, 35.677024444444442 ], [ 137.266291111111144, 35.956431212121203 ] ] ], [ [ [ 139.56148444444446, 35.956431212121203 ], [ 139.94401666666667, 35.956431212121203 ], [ 139.94401666666667, 35.677024444444442 ], [ 139.94401666666667, 35.39761767676768 ], [ 139.56148444444446, 35.39761767676768 ], [ 139.56148444444446, 35.118210909090905 ], [ 139.17895222222225, 35.118210909090905 ], [ 139.17895222222225, 35.39761767676768 ], [ 139.17895222222225, 35.677024444444442 ], [ 139.17895222222225, 35.956431212121203 ], [ 139.56148444444446, 35.956431212121203 ] ] ], [ [ [ 140.326548888888908, 35.677024444444442 ], [ 139.944016666666698, 35.677024444444442 ], [ 139.944016666666698, 35.956431212121203 ], [ 140.326548888888908, 35.956431212121203 ], [ 140.326548888888908, 35.677024444444442 ] ] ], [ [ [ 136.883758888888906, 35.956431212121217 ], [ 136.883758888888906, 36.235837979797978 ], [ 137.266291111111116, 36.235837979797978 ], [ 137.266291111111116, 35.956431212121217 ], [ 136.883758888888906, 35.956431212121217 ] ] ], [ [ [ 138.413887777777774, 36.515244747474739 ], [ 138.413887777777774, 36.235837979797978 ], [ 138.413887777777774, 35.956431212121217 ], [ 138.031355555555564, 35.956431212121217 ], [ 137.648823333333354, 35.956431212121217 ], [ 137.266291111111144, 35.956431212121217 ], [ 137.266291111111144, 36.235837979797978 ], [ 137.648823333333354, 36.235837979797978 ], [ 137.648823333333354, 36.515244747474739 ], [ 138.031355555555564, 36.515244747474739 ], [ 138.413887777777774, 36.515244747474739 ] ] ], [ [ [ 139.56148444444446, 35.956431212121217 ], [ 139.56148444444446, 36.235837979797978 ], [ 139.94401666666667, 36.235837979797978 ], [ 139.94401666666667, 35.956431212121217 ], [ 139.56148444444446, 35.956431212121217 ] ] ], [ [ [ 139.944016666666698, 35.956431212121217 ], [ 139.944016666666698, 36.235837979797978 ], [ 140.326548888888908, 36.235837979797978 ], [ 140.326548888888908, 35.956431212121217 ], [ 139.944016666666698, 35.956431212121217 ] ] ], [ [ [ 138.413887777777802, 36.515244747474739 ], [ 138.79642, 36.515244747474739 ], [ 138.79642, 36.235837979797978 ], [ 138.79642, 35.956431212121217 ], [ 138.413887777777802, 35.956431212121217 ], [ 138.413887777777802, 36.235837979797978 ], [ 138.413887777777802, 36.515244747474739 ] ] ] ] } },
{ "type": "Feature", "properties": { "month": 10, "species_sci": "Cyanoptila cyanomelana", "species_com": "Blue-and-white Flycatcher / Ōruri" }, "geometry": { "type": "MultiPolygon", "coordinates": [ [ [ [ 112.756178383838375, 21.926570303030303 ], [ 112.756178383838375, 22.138394141414139 ], [ 112.756178383838375, 22.350217979797982 ], [ 112.756178383838375, 22.562041818181818 ], [ 112.38189131313132, 22.562041818181818 ], [ 112.38189131313132, 22.773865656565654 ], [ 112.38189131313132, 22.985689494949497 ], [ 112.38189131313132, 23.197513333333333 ], [ 112.756178383838375, 23.197513333333333 ], [ 112.756178383838375, 23.409337171717169 ], [ 113.130465454545458, 23.409337171717169 ], [ 113.130465454545458, 23.621161010101012 ], [ 113.504752525252513, 23.621161010101012 ], [ 113.504752525252513, 23.409337171717169 ], [ 113.504752525252513, 23.197513333333333 ], [ 113.504752525252513, 22.985689494949497 ], [ 113.504752525252513, 22.773865656565654 ], [ 113.504752525252513, 22.562041818181818 ], [ 113.504752525252513, 22.350217979797982 ], [ 113.504752525252513, 22.138394141414139 ], [ 113.504752525252513, 21.926570303030303 ], [ 113.504752525252513, 21.714746464646467 ], [ 113.504752525252513, 21.502922626262624 ], [ 113.504752525252513, 21.291098787878788 ], [ 113.130465454545458, 21.291098787878788 ], [ 112.756178383838375, 21.291098787878788 ], [ 112.756178383838375, 21.502922626262624 ], [ 112.38189131313132, 21.502922626262624 ], [ 112.38189131313132, 21.714746464646467 ], [ 112.756178383838375, 21.714746464646467 ], [ 112.756178383838375, 21.926570303030303 ] ] ], [ [ [ 113.504752525252542, 22.350217979797982 ], [ 113.504752525252542, 22.562041818181818 ], [ 113.504752525252542, 22.773865656565654 ], [ 113.504752525252542, 22.985689494949497 ], [ 113.504752525252542, 23.197513333333333 ], [ 113.504752525252542, 23.409337171717169 ], [ 113.504752525252542, 23.621161010101012 ], [ 113.504752525252542, 23.832984848484848 ], [ 113.879039595959597, 23.832984848484848 ], [ 114.25332666666668, 23.832984848484848 ], [ 114.25332666666668, 23.621161010101012 ], [ 114.25332666666668, 23.409337171717169 ], [ 114.25332666666668, 23.197513333333333 ], [ 114.627613737373736, 23.197513333333333 ], [ 114.627613737373736, 23.409337171717169 ], [ 115.001900808080819, 23.409337171717169 ], [ 115.376187878787874, 23.409337171717169 ], [ 115.376187878787874, 23.197513333333333 ], [ 115.750474949494958, 23.197513333333333 ], [ 115.750474949494958, 22.985689494949497 ], [ 115.750474949494958, 22.773865656565654 ], [ 115.750474949494958, 22.562041818181818 ], [ 115.376187878787874, 22.562041818181818 ], [ 115.376187878787874, 22.350217979797982 ], [ 115.376187878787874, 22.138394141414139 ], [ 115.001900808080819, 22.138394141414139 ], [ 115.001900808080819, 21.926570303030303 ], [ 114.627613737373736, 21.926570303030303 ], [ 114.627613737373736, 21.714746464646467 ], [ 114.627613737373736, 21.502922626262624 ], [ 114.25332666666668, 21.502922626262624 ], [ 113.879039595959597, 21.502922626262624 ], [ 113.879039595959597, 21.291098787878788 ], [ 113.504752525252542, 21.291098787878788 ], [ 113.504752525252542, 21.502922626262624 ], [ 113.504752525252542, 21.714746464646467 ], [ 113.504752525252542, 21.926570303030303 ], [ 113.504752525252542, 22.138394141414139 ], [ 113.504752525252542, 22.350217979797982 ] ] ], [ [ [ 113.879039595959597, 30.611347676767679 ], [ 113.879039595959597, 30.823171515151515 ], [ 114.25332666666668, 30.823171515151515 ], [ 114.25332666666668, 31.034995353535358 ], [ 114.627613737373736, 31.034995353535358 ], [ 114.627613737373736, 31.246819191919194 ], [ 115.001900808080819, 31.246819191919194 ], [ 115.376187878787874, 31.246819191919194 ], [ 115.376187878787874, 31.034995353535358 ], [ 115.750474949494958, 31.034995353535358 ], [ 115.750474949494958, 30.823171515151515 ], [ 115.376187878787874, 30.823171515151515 ], [ 115.376187878787874, 30.611347676767679 ], [ 115.376187878787874, 30.399523838383843 ], [ 115.001900808080819, 30.399523838383843 ], [ 115.001900808080819, 30.1877 ], [ 114.627613737373736, 30.1877 ], [ 114.627613737373736, 29.975876161616164 ], [ 114.25332666666668, 29.975876161616164 ], [ 113.879039595959597, 29.975876161616164 ], [ 113.879039595959597, 29.764052323232328 ], [ 113.504752525252542, 29.764052323232328 ], [ 113.504752525252542, 29.975876161616164 ], [ 113.504752525252542, 30.1877 ], [ 113.504752525252542, 30.399523838383843 ], [ 113.504752525252542, 30.611347676767679 ], [ 113.879039595959597, 30.611347676767679 ] ] ], [ [ [ 113.130465454545458, 30.1877 ], [ 113.504752525252513, 30.1877 ], [ 113.504752525252513, 29.975876161616164 ], [ 113.130465454545458, 29.975876161616164 ], [ 113.130465454545458, 30.1877 ] ] ], [ [ [ 115.44144424242424, 4.448669191919192 ], [ 115.44144424242424, 4.491433838383838 ], [ 115.528821313131303, 4.491433838383838 ], [ 115.528821313131317, 4.491433838383838 ], [ 115.61619838383838, 4.491433838383838 ], [ 115.703575454545458, 4.491433838383838 ], [ 115.703575454545458, 4.448669191919192 ], [ 115.61619838383838, 4.448669191919192 ], [ 115.61619838383838, 4.405904545454545 ], [ 115.528821313131317, 4.405904545454545 ], [ 115.528821313131303, 4.405904545454545 ], [ 115.44144424242424, 4.405904545454545 ], [ 115.354067171717162, 4.405904545454545 ], [ 115.354067171717162, 4.448669191919192 ], [ 115.44144424242424, 4.448669191919192 ] ] ], [ [ [ 115.790952525252521, 5.303962121212122 ], [ 115.703575454545458, 5.303962121212122 ], [ 115.703575454545458, 5.261197474747474 ], [ 115.61619838383838, 5.261197474747474 ], [ 115.528821313131303, 5.261197474747474 ], [ 115.528821313131303, 5.303962121212122 ], [ 115.528821313131303, 5.346726767676767 ], [ 115.61619838383838, 5.346726767676767 ], [ 115.61619838383838, 5.389491414141414 ], [ 115.703575454545444, 5.389491414141414 ], [ 115.703575454545458, 5.389491414141414 ], [ 115.790952525252521, 5.389491414141414 ], [ 115.790952525252521, 5.346726767676767 ], [ 115.790952525252521, 5.303962121212122 ] ] ], [ [ [ 116.227837878787867, 5.731608585858586 ], [ 116.140460808080803, 5.731608585858586 ], [ 116.053083737373726, 5.731608585858586 ], [ 116.053083737373726, 5.774373232323232 ], [ 115.965706666666662, 5.774373232323232 ], [ 115.965706666666662, 5.817137878787879 ], [ 115.965706666666662, 5.859902525252524 ], [ 115.965706666666662, 5.859902525252526 ], [ 115.965706666666662, 5.902667171717171 ], [ 115.878329595959585, 5.902667171717171 ], [ 115.878329595959585, 5.945431818181818 ], [ 115.878329595959585, 5.988196464646464 ], [ 115.878329595959585, 6.030961111111111 ], [ 115.965706666666662, 6.030961111111111 ], [ 115.965706666666662, 6.073725757575758 ], [ 116.053083737373726, 6.073725757575758 ], [ 116.05308373737374, 6.073725757575758 ], [ 116.140460808080803, 6.073725757575758 ], [ 116.140460808080803, 6.116490404040404 ], [ 116.227837878787867, 6.116490404040404 ], [ 116.227837878787867, 6.159255050505051 ], [ 116.315214949494944, 6.159255050505051 ], [ 116.402592020202007, 6.159255050505051 ], [ 116.402592020202022, 6.159255050505051 ], [ 116.489969090909085, 6.159255050505051 ], [ 116.489969090909085, 6.202019696969696 ], [ 116.577346161616148, 6.202019696969696 ], [ 116.577346161616163, 6.202019696969696 ], [ 116.664723232323226, 6.202019696969696 ], [ 116.752100303030289, 6.202019696969696 ], [ 116.752100303030304, 6.202019696969696 ], [ 116.839477373737367, 6.202019696969696 ], [ 116.839477373737367, 6.159255050505051 ], [ 116.92685444444443, 6.159255050505051 ], [ 116.926854444444444, 6.159255050505051 ], [ 117.014231515151508, 6.159255050505051 ], [ 117.014231515151508, 6.116490404040404 ], [ 117.014231515151508, 6.073725757575758 ], [ 117.014231515151508, 6.073725757575756 ], [ 117.014231515151508, 6.030961111111111 ], [ 116.926854444444444, 6.030961111111111 ], [ 116.926854444444444, 5.988196464646464 ], [ 116.926854444444444, 5.945431818181818 ], [ 116.839477373737367, 5.945431818181818 ], [ 116.839477373737367, 5.902667171717171 ], [ 116.752100303030304, 5.902667171717171 ], [ 116.752100303030304, 5.859902525252524 ], [ 116.664723232323226, 5.859902525252524 ], [ 116.664723232323226, 5.817137878787879 ], [ 116.577346161616163, 5.817137878787879 ], [ 116.577346161616163, 5.774373232323232 ], [ 116.489969090909085, 5.774373232323232 ], [ 116.489969090909085, 5.731608585858586 ], [ 116.402592020202022, 5.731608585858586 ], [ 116.402592020202007, 5.731608585858586 ], [ 116.315214949494944, 5.731608585858586 ], [ 116.227837878787881, 5.731608585858586 ], [ 116.227837878787867, 5.731608585858586 ] ] ], [ [ [ 116.140460808080803, 6.672430808080808 ], [ 116.140460808080803, 6.715195454545453 ], [ 116.140460808080803, 6.715195454545455 ], [ 116.140460808080803, 6.7579601010101 ], [ 116.227837878787867, 6.7579601010101 ], [ 116.227837878787881, 6.7579601010101 ], [ 116.315214949494944, 6.7579601010101 ], [ 116.315214949494944, 6.800724747474748 ], [ 116.402592020202007, 6.800724747474748 ], [ 116.402592020202022, 6.800724747474748 ], [ 116.489969090909085, 6.800724747474748 ], [ 116.489969090909085, 6.7579601010101 ], [ 116.577346161616163, 6.7579601010101 ], [ 116.577346161616163, 6.715195454545455 ], [ 116.577346161616163, 6.715195454545453 ], [ 116.577346161616163, 6.672430808080808 ], [ 116.489969090909085, 6.672430808080808 ], [ 116.489969090909085, 6.629666161616161 ], [ 116.402592020202022, 6.629666161616161 ], [ 116.402592020202007, 6.629666161616161 ], [ 116.315214949494944, 6.629666161616161 ], [ 116.227837878787881, 6.629666161616161 ], [ 116.227837878787867, 6.629666161616161 ], [ 116.140460808080803, 6.629666161616161 ], [ 116.140460808080803, 6.672430808080808 ] ] ], [ [ [ 117.713248080808071, 5.090138888888889 ], [ 117.800625151515149, 5.090138888888889 ], [ 117.888002222222212, 5.090138888888889 ], [ 117.888002222222227, 5.090138888888889 ], [ 117.97537929292929, 5.090138888888889 ], [ 118.062756363636353, 5.090138888888889 ], [ 118.062756363636367, 5.090138888888889 ], [ 118.150133434343431, 5.090138888888889 ], [ 118.150133434343431, 5.132903535353535 ], [ 118.237510505050494, 5.132903535353535 ], [ 118.237510505050494, 5.175668181818182 ], [ 118.324887575757572, 5.175668181818182 ], [ 118.324887575757572, 5.218432828282829 ], [ 118.412264646464635, 5.218432828282829 ], [ 118.412264646464635, 5.261197474747474 ], [ 118.499641717171713, 5.261197474747474 ], [ 118.499641717171713, 5.303962121212122 ], [ 118.587018787878776, 5.303962121212122 ], [ 118.587018787878776, 5.346726767676767 ], [ 118.674395858585854, 5.346726767676767 ], [ 118.761772929292917, 5.346726767676767 ], [ 118.761772929292917, 5.389491414141414 ], [ 118.84915, 5.389491414141414 ], [ 118.936527070707058, 5.389491414141414 ], [ 118.936527070707072, 5.389491414141414 ], [ 119.023904141414135, 5.389491414141414 ], [ 119.023904141414135, 5.346726767676767 ], [ 119.023904141414135, 5.303962121212122 ], [ 119.023904141414135, 5.261197474747474 ], [ 119.023904141414135, 5.218432828282829 ], [ 118.936527070707072, 5.218432828282829 ], [ 118.936527070707072, 5.175668181818182 ], [ 118.84915, 5.175668181818182 ], [ 118.84915, 5.132903535353535 ], [ 118.761772929292931, 5.132903535353535 ], [ 118.761772929292917, 5.132903535353535 ], [ 118.674395858585854, 5.132903535353535 ], [ 118.674395858585854, 5.090138888888889 ], [ 118.58701878787879, 5.090138888888889 ], [ 118.587018787878776, 5.090138888888889 ], [ 118.499641717171713, 5.090138888888889 ], [ 118.499641717171713, 5.047374242424242 ], [ 118.412264646464649, 5.047374242424242 ], [ 118.412264646464649, 5.004609595959597 ], [ 118.412264646464649, 4.961844949494949 ], [ 118.324887575757572, 4.961844949494949 ], [ 118.324887575757572, 4.919080303030302 ], [ 118.237510505050508, 4.919080303030302 ], [ 118.237510505050508, 4.876315656565657 ], [ 118.150133434343431, 4.876315656565657 ], [ 118.062756363636367, 4.876315656565657 ], [ 118.062756363636353, 4.876315656565657 ], [ 117.97537929292929, 4.876315656565657 ], [ 117.888002222222227, 4.876315656565657 ], [ 117.888002222222212, 4.876315656565657 ], [ 117.800625151515149, 4.876315656565657 ], [ 117.800625151515149, 4.919080303030302 ], [ 117.713248080808071, 4.919080303030302 ], [ 117.713248080808071, 4.961844949494949 ], [ 117.625871010101008, 4.961844949494949 ], [ 117.625871010101008, 5.004609595959597 ], [ 117.625871010101008, 5.047374242424242 ], [ 117.713248080808071, 5.047374242424242 ], [ 117.713248080808071, 5.090138888888889 ] ] ], [ [ [ 117.451116868686867, 5.859902525252524 ], [ 117.451116868686867, 5.859902525252526 ], [ 117.451116868686867, 5.902667171717171 ], [ 117.538493939393931, 5.902667171717171 ], [ 117.538493939393931, 5.945431818181818 ], [ 117.625871010101008, 5.945431818181818 ], [ 117.625871010101008, 5.988196464646464 ], [ 117.713248080808071, 5.988196464646464 ], [ 117.713248080808071, 6.030961111111111 ], [ 117.800625151515149, 6.030961111111111 ], [ 117.888002222222212, 6.030961111111111 ], [ 117.888002222222212, 6.073725757575758 ], [ 117.97537929292929, 6.073725757575758 ], [ 118.062756363636353, 6.073725757575758 ], [ 118.062756363636367, 6.073725757575758 ], [ 118.150133434343431, 6.073725757575758 ], [ 118.237510505050508, 6.073725757575758 ], [ 118.237510505050508, 6.030961111111111 ], [ 118.324887575757572, 6.030961111111111 ], [ 118.412264646464649, 6.030961111111111 ], [ 118.412264646464649, 5.988196464646464 ], [ 118.412264646464649, 5.945431818181818 ], [ 118.412264646464649, 5.902667171717171 ], [ 118.412264646464649, 5.859902525252526 ], [ 118.412264646464649, 5.859902525252524 ], [ 118.412264646464649, 5.817137878787879 ], [ 118.324887575757572, 5.817137878787879 ], [ 118.324887575757572, 5.774373232323232 ], [ 118.412264646464635, 5.774373232323232 ], [ 118.412264646464649, 5.774373232323232 ], [ 118.499641717171713, 5.774373232323232 ], [ 118.58701878787879, 5.774373232323232 ], [ 118.58701878787879, 5.731608585858586 ], [ 118.58701878787879, 5.688843939393939 ], [ 118.499641717171713, 5.688843939393939 ], [ 118.499641717171713, 5.646079292929294 ], [ 118.499641717171713, 5.646079292929292 ], [ 118.499641717171713, 5.603314646464646 ], [ 118.499641717171713, 5.56055 ], [ 118.499641717171713, 5.517785353535354 ], [ 118.412264646464649, 5.517785353535354 ], [ 118.412264646464649, 5.475020707070707 ], [ 118.412264646464649, 5.432256060606059 ], [ 118.324887575757572, 5.432256060606059 ], [ 118.237510505050508, 5.432256060606059 ], [ 118.237510505050494, 5.432256060606059 ], [ 118.150133434343431, 5.432256060606059 ], [ 118.150133434343431, 5.389491414141414 ], [ 118.062756363636367, 5.389491414141414 ], [ 118.062756363636353, 5.389491414141414 ], [ 117.97537929292929, 5.389491414141414 ], [ 117.888002222222212, 5.389491414141414 ], [ 117.888002222222212, 5.432256060606059 ], [ 117.800625151515149, 5.432256060606059 ], [ 117.800625151515149, 5.475020707070707 ], [ 117.800625151515149, 5.517785353535354 ], [ 117.800625151515149, 5.56055 ], [ 117.888002222222212, 5.56055 ], [ 117.888002222222212, 5.603314646464646 ], [ 117.97537929292929, 5.603314646464646 ], [ 117.97537929292929, 5.646079292929294 ], [ 118.062756363636353, 5.646079292929294 ], [ 118.062756363636367, 5.646079292929294 ], [ 118.150133434343431, 5.646079292929294 ], [ 118.150133434343431, 5.688843939393939 ], [ 118.237510505050494, 5.688843939393939 ], [ 118.237510505050494, 5.731608585858586 ], [ 118.150133434343431, 5.731608585858586 ], [ 118.062756363636367, 5.731608585858586 ], [ 118.062756363636367, 5.688843939393939 ], [ 117.97537929292929, 5.688843939393939 ], [ 117.888002222222227, 5.688843939393939 ], [ 117.888002222222212, 5.688843939393939 ], [ 117.800625151515149, 5.688843939393939 ], [ 117.713248080808086, 5.688843939393939 ], [ 117.713248080808071, 5.688843939393939 ], [ 117.625871010101008, 5.688843939393939 ], [ 117.538493939393931, 5.688843939393939 ], [ 117.538493939393931, 5.731608585858586 ], [ 117.451116868686867, 5.731608585858586 ], [ 117.36373979797979, 5.731608585858586 ], [ 117.36373979797979, 5.774373232323232 ], [ 117.36373979797979, 5.817137878787879 ], [ 117.451116868686867, 5.817137878787879 ], [ 117.451116868686867, 5.859902525252524 ] ] ], [ [ [ 117.996197373737374, 24.468456363636363 ], [ 117.996197373737374, 24.680280202020199 ], [ 117.996197373737374, 24.680280202020207 ], [ 117.996197373737374, 24.892104040404043 ], [ 118.370484444444457, 24.892104040404043 ], [ 118.370484444444457, 25.103927878787879 ], [ 118.370484444444457, 25.315751717171715 ], [ 118.370484444444457, 25.315751717171722 ], [ 118.370484444444457, 25.527575555555558 ], [ 118.370484444444457, 25.739399393939394 ], [ 118.370484444444457, 25.951223232323237 ], [ 118.744771515151513, 25.951223232323237 ], [ 118.744771515151513, 26.163047070707073 ], [ 119.119058585858596, 26.163047070707073 ], [ 119.119058585858596, 26.374870909090909 ], [ 119.119058585858596, 26.586694747474752 ], [ 119.493345656565651, 26.586694747474752 ], [ 119.493345656565651, 26.798518585858588 ], [ 119.867632727272735, 26.798518585858588 ], [ 119.867632727272735, 27.010342424242424 ], [ 120.24191979797979, 27.010342424242424 ], [ 120.24191979797979, 27.222166262626267 ], [ 120.616206868686874, 27.222166262626267 ], [ 120.616206868686874, 27.433990101010103 ], [ 120.990493939393929, 27.433990101010103 ], [ 120.990493939393929, 27.222166262626267 ], [ 120.990493939393929, 27.010342424242424 ], [ 120.990493939393929, 26.798518585858588 ], [ 120.990493939393929, 26.586694747474752 ], [ 120.990493939393929, 26.374870909090909 ], [ 120.990493939393929, 26.163047070707073 ], [ 120.990493939393929, 25.951223232323237 ], [ 120.990493939393929, 25.739399393939394 ], [ 120.990493939393929, 25.527575555555558 ], [ 120.990493939393929, 25.315751717171722 ], [ 120.990493939393929, 25.315751717171715 ], [ 120.990493939393929, 25.103927878787879 ], [ 120.990493939393929, 24.892104040404043 ], [ 120.990493939393929, 24.680280202020207 ], [ 120.990493939393929, 24.680280202020199 ], [ 120.990493939393929, 24.468456363636363 ], [ 120.990493939393929, 24.256632525252527 ], [ 120.990493939393929, 24.044808686868684 ], [ 120.990493939393929, 23.832984848484848 ], [ 120.990493939393929, 23.621161010101012 ], [ 120.990493939393929, 23.409337171717169 ], [ 120.990493939393929, 23.197513333333333 ], [ 120.990493939393929, 22.985689494949497 ], [ 120.990493939393929, 22.773865656565654 ], [ 120.616206868686874, 22.773865656565654 ], [ 120.616206868686874, 22.562041818181818 ], [ 120.24191979797979, 22.562041818181818 ], [ 120.24191979797979, 22.350217979797982 ], [ 119.867632727272735, 22.350217979797982 ], [ 119.493345656565651, 22.350217979797982 ], [ 119.119058585858596, 22.350217979797982 ], [ 118.744771515151513, 22.350217979797982 ], [ 118.744771515151513, 22.562041818181818 ], [ 118.744771515151513, 22.773865656565654 ], [ 118.744771515151513, 22.985689494949497 ], [ 119.119058585858596, 22.985689494949497 ], [ 119.119058585858596, 23.197513333333333 ], [ 119.119058585858596, 23.409337171717169 ], [ 119.119058585858596, 23.621161010101012 ], [ 119.119058585858596, 23.832984848484848 ], [ 119.493345656565651, 23.832984848484848 ], [ 119.493345656565651, 24.044808686868684 ], [ 119.493345656565651, 24.256632525252527 ], [ 119.867632727272735, 24.256632525252527 ], [ 119.867632727272735, 24.468456363636363 ], [ 119.867632727272735, 24.680280202020207 ], [ 120.24191979797979, 24.680280202020207 ], [ 120.24191979797979, 24.892104040404043 ], [ 120.24191979797979, 25.103927878787879 ], [ 120.616206868686874, 25.103927878787879 ], [ 120.616206868686874, 25.315751717171715 ], [ 120.616206868686874, 25.315751717171722 ], [ 120.616206868686874, 25.527575555555558 ], [ 120.24191979797979, 25.527575555555558 ], [ 120.24191979797979, 25.315751717171715 ], [ 119.867632727272735, 25.315751717171715 ], [ 119.867632727272735, 25.103927878787879 ], [ 119.493345656565651, 25.103927878787879 ], [ 119.493345656565651, 24.892104040404043 ], [ 119.119058585858596, 24.892104040404043 ], [ 119.119058585858596, 24.680280202020199 ], [ 118.744771515151513, 24.680280202020199 ], [ 118.744771515151513, 24.468456363636363 ], [ 118.744771515151513, 24.256632525252527 ], [ 118.370484444444457, 24.256632525252527 ], [ 118.370484444444457, 24.044808686868684 ], [ 117.996197373737374, 24.044808686868684 ], [ 117.621910303030319, 24.044808686868684 ], [ 117.621910303030319, 24.256632525252527 ], [ 117.621910303030319, 24.468456363636363 ], [ 117.996197373737374, 24.468456363636363 ] ] ], [ [ [ 117.62191030303029, 27.433990101010103 ], [ 117.62191030303029, 27.222166262626267 ], [ 117.62191030303029, 27.010342424242424 ], [ 117.62191030303029, 26.798518585858588 ], [ 117.247623232323235, 26.798518585858588 ], [ 117.247623232323235, 26.586694747474752 ], [ 116.87333616161618, 26.586694747474752 ], [ 116.87333616161618, 26.798518585858588 ], [ 116.87333616161618, 27.010342424242424 ], [ 116.87333616161618, 27.222166262626267 ], [ 116.87333616161618, 27.433990101010103 ], [ 117.247623232323235, 27.433990101010103 ], [ 117.247623232323235, 27.645813939393939 ], [ 117.62191030303029, 27.645813939393939 ], [ 117.62191030303029, 27.433990101010103 ] ] ], [ [ [ 117.996197373737374, 27.222166262626267 ], [ 117.621910303030319, 27.222166262626267 ], [ 117.621910303030319, 27.433990101010103 ], [ 117.621910303030319, 27.645813939393939 ], [ 117.996197373737374, 27.645813939393939 ], [ 117.996197373737374, 27.433990101010103 ], [ 117.996197373737374, 27.222166262626267 ] ] ], [ [ [ 117.62191030303029, 31.45864303030303 ], [ 117.62191030303029, 31.246819191919194 ], [ 117.247623232323235, 31.246819191919194 ], [ 117.247623232323235, 31.45864303030303 ], [ 117.247623232323235, 31.670466868686873 ], [ 117.247623232323235, 31.882290707070709 ], [ 117.62191030303029, 31.882290707070709 ], [ 117.62191030303029, 31.670466868686873 ], [ 117.62191030303029, 31.45864303030303 ] ] ], [ [ [ 118.370484444444457, 32.094114545454545 ], [ 118.744771515151513, 32.094114545454545 ], [ 119.119058585858596, 32.094114545454545 ], [ 119.493345656565651, 32.094114545454545 ], [ 119.867632727272735, 32.094114545454545 ], [ 120.24191979797979, 32.094114545454545 ], [ 120.616206868686874, 32.094114545454545 ], [ 120.990493939393929, 32.094114545454545 ], [ 120.990493939393929, 31.882290707070709 ], [ 120.990493939393929, 31.670466868686873 ], [ 120.990493939393929, 31.45864303030303 ], [ 120.990493939393929, 31.246819191919194 ], [ 120.990493939393929, 31.034995353535358 ], [ 120.990493939393929, 30.823171515151515 ], [ 120.990493939393929, 30.611347676767679 ], [ 120.990493939393929, 30.399523838383843 ], [ 120.990493939393929, 30.1877 ], [ 120.990493939393929, 29.975876161616164 ], [ 120.990493939393929, 29.764052323232328 ], [ 120.990493939393929, 29.552228484848484 ], [ 120.990493939393929, 29.340404646464648 ], [ 120.616206868686874, 29.340404646464648 ], [ 120.24191979797979, 29.340404646464648 ], [ 120.24191979797979, 29.128580808080812 ], [ 119.867632727272735, 29.128580808080812 ], [ 119.493345656565651, 29.128580808080812 ], [ 119.119058585858596, 29.128580808080812 ], [ 118.744771515151513, 29.128580808080812 ], [ 118.744771515151513, 29.340404646464648 ], [ 118.370484444444457, 29.340404646464648 ], [ 118.370484444444457, 29.552228484848484 ], [ 118.370484444444457, 29.764052323232328 ], [ 118.370484444444457, 29.975876161616164 ], [ 118.744771515151513, 29.975876161616164 ], [ 118.744771515151513, 30.1877 ], [ 118.744771515151513, 30.399523838383843 ], [ 118.744771515151513, 30.611347676767679 ], [ 119.119058585858596, 30.611347676767679 ], [ 119.119058585858596, 30.823171515151515 ], [ 119.119058585858596, 31.034995353535358 ], [ 119.493345656565651, 31.034995353535358 ], [ 119.493345656565651, 31.246819191919194 ], [ 119.867632727272735, 31.246819191919194 ], [ 119.867632727272735, 31.45864303030303 ], [ 119.867632727272735, 31.670466868686873 ], [ 119.867632727272735, 31.882290707070709 ], [ 119.493345656565651, 31.882290707070709 ], [ 119.493345656565651, 31.670466868686873 ], [ 119.119058585858596, 31.670466868686873 ], [ 118.744771515151513, 31.670466868686873 ], [ 118.744771515151513, 31.45864303030303 ], [ 118.370484444444457, 31.45864303030303 ], [ 118.370484444444457, 31.246819191919194 ], [ 117.996197373737374, 31.246819191919194 ], [ 117.621910303030319, 31.246819191919194 ], [ 117.621910303030319, 31.45864303030303 ], [ 117.621910303030319, 31.670466868686873 ], [ 117.621910303030319, 31.882290707070709 ], [ 117.621910303030319, 32.094114545454545 ], [ 117.996197373737374, 32.094114545454545 ], [ 118.370484444444457, 32.094114545454545 ] ] ], [ [ [ 118.370484444444457, 32.305938383838388 ], [ 118.370484444444457, 32.517762222222224 ], [ 118.744771515151513, 32.517762222222224 ], [ 118.744771515151513, 32.72958606060606 ], [ 119.119058585858596, 32.72958606060606 ], [ 119.493345656565651, 32.72958606060606 ], [ 119.493345656565651, 32.941409898989896 ], [ 119.867632727272735, 32.941409898989896 ], [ 120.24191979797979, 32.941409898989896 ], [ 120.616206868686874, 32.941409898989896 ], [ 120.990493939393929, 32.941409898989896 ], [ 120.990493939393929, 32.72958606060606 ], [ 120.990493939393929, 32.517762222222224 ], [ 120.990493939393929, 32.305938383838388 ], [ 120.990493939393929, 32.094114545454552 ], [ 120.616206868686874, 32.094114545454552 ], [ 120.24191979797979, 32.094114545454552 ], [ 119.867632727272735, 32.094114545454552 ], [ 119.493345656565651, 32.094114545454552 ], [ 119.119058585858596, 32.094114545454552 ], [ 118.744771515151513, 32.094114545454552 ], [ 118.370484444444457, 32.094114545454552 ], [ 117.996197373737374, 32.094114545454552 ], [ 117.996197373737374, 32.305938383838388 ], [ 118.370484444444457, 32.305938383838388 ] ] ], [ [ [ 119.119058585858596, 28.281285454545454 ], [ 119.493345656565651, 28.281285454545454 ], [ 119.493345656565651, 28.069461616161618 ], [ 119.119058585858596, 28.069461616161618 ], [ 119.119058585858596, 28.281285454545454 ] ] ], [ [ [ 120.616206868686874, 33.153233737373739 ], [ 120.616206868686874, 33.365057575757575 ], [ 120.990493939393929, 33.365057575757575 ], [ 120.990493939393929, 33.153233737373739 ], [ 120.990493939393929, 32.941409898989903 ], [ 120.616206868686874, 32.941409898989903 ], [ 120.24191979797979, 32.941409898989903 ], [ 119.867632727272735, 32.941409898989903 ], [ 119.867632727272735, 33.153233737373739 ], [ 120.24191979797979, 33.153233737373739 ], [ 120.616206868686874, 33.153233737373739 ] ] ], [ [ [ 120.990493939393957, 24.680280202020207 ], [ 120.990493939393957, 24.892104040404043 ], [ 120.990493939393957, 25.103927878787879 ], [ 120.990493939393957, 25.315751717171715 ], [ 120.990493939393957, 25.315751717171722 ], [ 120.990493939393957, 25.527575555555558 ], [ 120.990493939393957, 25.739399393939394 ], [ 120.990493939393957, 25.951223232323237 ], [ 120.990493939393957, 26.163047070707073 ], [ 120.990493939393957, 26.374870909090909 ], [ 120.990493939393957, 26.586694747474752 ], [ 120.990493939393957, 26.798518585858588 ], [ 120.990493939393957, 27.010342424242424 ], [ 120.990493939393957, 27.222166262626267 ], [ 120.990493939393957, 27.433990101010103 ], [ 121.364781010101012, 27.433990101010103 ], [ 121.739068080808096, 27.433990101010103 ], [ 122.113355151515151, 27.433990101010103 ], [ 122.113355151515151, 27.222166262626267 ], [ 122.113355151515151, 27.010342424242424 ], [ 122.113355151515151, 26.798518585858588 ], [ 122.113355151515151, 26.586694747474752 ], [ 121.739068080808096, 26.586694747474752 ], [ 121.739068080808096, 26.374870909090909 ], [ 121.739068080808096, 26.163047070707073 ], [ 122.113355151515151, 26.163047070707073 ], [ 122.487642222222235, 26.163047070707073 ], [ 122.487642222222235, 26.374870909090909 ], [ 122.86192929292929, 26.374870909090909 ], [ 123.236216363636373, 26.374870909090909 ], [ 123.236216363636373, 26.163047070707073 ], [ 123.236216363636373, 25.951223232323237 ], [ 123.610503434343428, 25.951223232323237 ], [ 123.610503434343428, 25.739399393939394 ], [ 123.236216363636373, 25.739399393939394 ], [ 123.236216363636373, 25.527575555555558 ], [ 123.236216363636373, 25.315751717171722 ], [ 123.236216363636373, 25.315751717171715 ], [ 123.236216363636373, 25.103927878787879 ], [ 123.236216363636373, 24.892104040404043 ], [ 122.86192929292929, 24.892104040404043 ], [ 122.86192929292929, 24.680280202020199 ], [ 122.487642222222235, 24.680280202020199 ], [ 122.487642222222235, 24.468456363636363 ], [ 122.487642222222235, 24.256632525252527 ], [ 122.113355151515151, 24.256632525252527 ], [ 122.113355151515151, 24.044808686868684 ], [ 122.113355151515151, 23.832984848484848 ], [ 121.739068080808096, 23.832984848484848 ], [ 121.739068080808096, 23.621161010101012 ], [ 121.739068080808096, 23.409337171717169 ], [ 121.364781010101012, 23.409337171717169 ], [ 121.364781010101012, 23.197513333333333 ], [ 121.364781010101012, 22.985689494949497 ], [ 120.990493939393957, 22.985689494949497 ], [ 120.990493939393957, 23.197513333333333 ], [ 120.990493939393957, 23.409337171717169 ], [ 120.990493939393957, 23.621161010101012 ], [ 120.990493939393957, 23.832984848484848 ], [ 120.990493939393957, 24.044808686868684 ], [ 120.990493939393957, 24.256632525252527 ], [ 120.990493939393957, 24.468456363636363 ], [ 120.990493939393957, 24.680280202020199 ], [ 120.990493939393957, 24.680280202020207 ] ], [ [ 121.364781010101012, 26.163047070707073 ], [ 121.364781010101012, 25.951223232323237 ], [ 121.739068080808096, 25.951223232323237 ], [ 121.739068080808096, 26.163047070707073 ], [ 121.364781010101012, 26.163047070707073 ] ] ], [ [ [ 120.990493939393957, 30.823171515151515 ], [ 120.990493939393957, 31.034995353535358 ], [ 120.990493939393957, 31.246819191919194 ], [ 120.990493939393957, 31.45864303030303 ], [ 120.990493939393957, 31.670466868686873 ], [ 120.990493939393957, 31.882290707070709 ], [ 120.990493939393957, 32.094114545454545 ], [ 121.364781010101012, 32.094114545454545 ], [ 121.739068080808096, 32.094114545454545 ], [ 122.113355151515151, 32.094114545454545 ], [ 122.487642222222235, 32.094114545454545 ], [ 122.86192929292929, 32.094114545454545 ], [ 123.236216363636373, 32.094114545454545 ], [ 123.610503434343428, 32.094114545454545 ], [ 123.610503434343428, 31.882290707070709 ], [ 123.610503434343428, 31.670466868686873 ], [ 123.610503434343428, 31.45864303030303 ], [ 123.610503434343428, 31.246819191919194 ], [ 123.610503434343428, 31.034995353535358 ], [ 123.236216363636373, 31.034995353535358 ], [ 123.236216363636373, 30.823171515151515 ], [ 123.236216363636373, 30.611347676767679 ], [ 122.86192929292929, 30.611347676767679 ], [ 122.86192929292929, 30.399523838383843 ], [ 122.86192929292929, 30.1877 ], [ 122.487642222222235, 30.1877 ], [ 122.487642222222235, 29.975876161616164 ], [ 122.113355151515151, 29.975876161616164 ], [ 122.113355151515151, 29.764052323232328 ], [ 121.739068080808096, 29.764052323232328 ], [ 121.739068080808096, 29.552228484848484 ], [ 121.364781010101012, 29.552228484848484 ], [ 120.990493939393957, 29.552228484848484 ], [ 120.990493939393957, 29.764052323232328 ], [ 120.990493939393957, 29.975876161616164 ], [ 120.990493939393957, 30.1877 ], [ 120.990493939393957, 30.399523838383843 ], [ 120.990493939393957, 30.611347676767679 ], [ 120.990493939393957, 30.823171515151515 ] ] ], [ [ [ 120.990493939393957, 32.72958606060606 ], [ 120.990493939393957, 32.941409898989896 ], [ 121.364781010101012, 32.941409898989896 ], [ 121.739068080808096, 32.941409898989896 ], [ 122.113355151515151, 32.941409898989896 ], [ 122.487642222222235, 32.941409898989896 ], [ 122.487642222222235, 32.72958606060606 ], [ 122.487642222222235, 32.517762222222224 ], [ 122.86192929292929, 32.517762222222224 ], [ 123.236216363636373, 32.517762222222224 ], [ 123.236216363636373, 32.305938383838388 ], [ 123.610503434343428, 32.305938383838388 ], [ 123.610503434343428, 32.094114545454552 ], [ 123.236216363636373, 32.094114545454552 ], [ 122.86192929292929, 32.094114545454552 ], [ 122.487642222222235, 32.094114545454552 ], [ 122.113355151515151, 32.094114545454552 ], [ 121.739068080808096, 32.094114545454552 ], [ 121.364781010101012, 32.094114545454552 ], [ 120.990493939393957, 32.094114545454552 ], [ 120.990493939393957, 32.305938383838388 ], [ 120.990493939393957, 32.517762222222224 ], [ 120.990493939393957, 32.72958606060606 ] ] ], [ [ [ 121.739068080808096, 33.365057575757575 ], [ 122.113355151515151, 33.365057575757575 ], [ 122.113355151515151, 33.153233737373739 ], [ 122.487642222222235, 33.153233737373739 ], [ 122.487642222222235, 32.941409898989903 ], [ 122.113355151515151, 32.941409898989903 ], [ 121.739068080808096, 32.941409898989903 ], [ 121.364781010101012, 32.941409898989903 ], [ 120.990493939393957, 32.941409898989903 ], [ 120.990493939393957, 33.153233737373739 ], [ 120.990493939393957, 33.365057575757575 ], [ 121.364781010101012, 33.365057575757575 ], [ 121.739068080808096, 33.365057575757575 ] ] ], [ [ [ 120.990493939393957, 33.576881414141418 ], [ 121.364781010101012, 33.576881414141418 ], [ 121.739068080808096, 33.576881414141418 ], [ 122.113355151515151, 33.576881414141418 ], [ 122.113355151515151, 33.365057575757582 ], [ 121.739068080808096, 33.365057575757582 ], [ 121.364781010101012, 33.365057575757582 ], [ 120.990493939393957, 33.365057575757582 ], [ 120.990493939393957, 33.576881414141418 ] ] ], [ [ [ 121.81997040404039, 7.057312626262625 ], [ 121.81997040404039, 7.100077272727273 ], [ 121.907347474747468, 7.100077272727273 ], [ 121.907347474747468, 7.14284191919192 ], [ 121.994724545454531, 7.14284191919192 ], [ 121.994724545454531, 7.185606565656565 ], [ 122.082101616161609, 7.185606565656565 ], [ 122.169478686868672, 7.185606565656565 ], [ 122.169478686868686, 7.185606565656565 ], [ 122.25685575757575, 7.185606565656565 ], [ 122.344232828282827, 7.185606565656565 ], [ 122.344232828282827, 7.14284191919192 ], [ 122.344232828282827, 7.142841919191918 ], [ 122.344232828282827, 7.100077272727273 ], [ 122.344232828282827, 7.057312626262625 ], [ 122.25685575757575, 7.057312626262625 ], [ 122.25685575757575, 7.01454797979798 ], [ 122.169478686868686, 7.01454797979798 ], [ 122.169478686868686, 6.971783333333333 ], [ 122.082101616161609, 6.971783333333333 ], [ 121.994724545454545, 6.971783333333333 ], [ 121.994724545454545, 6.929018686868686 ], [ 121.907347474747468, 6.929018686868686 ], [ 121.907347474747468, 6.971783333333333 ], [ 121.819970404040404, 6.971783333333333 ], [ 121.81997040404039, 6.971783333333333 ], [ 121.732593333333327, 6.971783333333333 ], [ 121.732593333333327, 7.01454797979798 ], [ 121.732593333333327, 7.057312626262625 ], [ 121.81997040404039, 7.057312626262625 ] ] ], [ [ [ 129.224809494949511, 32.72958606060606 ], [ 129.599096565656566, 32.72958606060606 ], [ 129.599096565656566, 32.941409898989896 ], [ 129.973383636363621, 32.941409898989896 ], [ 129.973383636363621, 32.72958606060606 ], [ 129.973383636363621, 32.517762222222224 ], [ 129.973383636363621, 32.305938383838388 ], [ 129.973383636363621, 32.094114545454552 ], [ 129.599096565656566, 32.094114545454552 ], [ 129.224809494949511, 32.094114545454552 ], [ 129.224809494949511, 32.305938383838388 ], [ 129.224809494949511, 32.517762222222224 ], [ 129.224809494949511, 32.72958606060606 ] ] ], [ [ [ 129.97338363636365, 32.305938383838388 ], [ 129.97338363636365, 32.517762222222224 ], [ 129.97338363636365, 32.72958606060606 ], [ 129.97338363636365, 32.941409898989896 ], [ 130.347670707070705, 32.941409898989896 ], [ 130.347670707070705, 32.72958606060606 ], [ 130.347670707070705, 32.517762222222224 ], [ 130.347670707070705, 32.305938383838388 ], [ 130.347670707070705, 32.094114545454552 ], [ 129.97338363636365, 32.094114545454552 ], [ 129.97338363636365, 32.305938383838388 ] ] ], [ [ [ 130.721957777777789, 32.941409898989896 ], [ 131.096244848484844, 32.941409898989896 ], [ 131.096244848484844, 32.72958606060606 ], [ 131.096244848484844, 32.517762222222224 ], [ 131.096244848484844, 32.305938383838388 ], [ 130.721957777777789, 32.305938383838388 ], [ 130.721957777777789, 32.094114545454552 ], [ 130.347670707070733, 32.094114545454552 ], [ 130.347670707070733, 32.305938383838388 ], [ 130.347670707070733, 32.517762222222224 ], [ 130.347670707070733, 32.72958606060606 ], [ 130.347670707070733, 32.941409898989896 ], [ 130.721957777777789, 32.941409898989896 ] ] ], [ [ [ 131.470531919191927, 32.517762222222224 ], [ 131.096244848484872, 32.517762222222224 ], [ 131.096244848484872, 32.72958606060606 ], [ 131.096244848484872, 32.941409898989896 ], [ 131.470531919191927, 32.941409898989896 ], [ 131.470531919191927, 32.72958606060606 ], [ 131.470531919191927, 32.517762222222224 ] ] ], [ [ [ 130.347670707070705, 32.941409898989903 ], [ 129.97338363636365, 32.941409898989903 ], [ 129.97338363636365, 33.153233737373739 ], [ 129.97338363636365, 33.365057575757575 ], [ 130.347670707070705, 33.365057575757575 ], [ 130.347670707070705, 33.153233737373739 ], [ 130.347670707070705, 32.941409898989903 ] ] ], [ [ [ 131.096244848484844, 32.941409898989903 ], [ 130.721957777777789, 32.941409898989903 ], [ 130.347670707070733, 32.941409898989903 ], [ 130.347670707070733, 33.153233737373739 ], [ 130.347670707070733, 33.365057575757575 ], [ 130.721957777777789, 33.365057575757575 ], [ 131.096244848484844, 33.365057575757575 ], [ 131.096244848484844, 33.153233737373739 ], [ 131.096244848484844, 32.941409898989903 ] ] ], [ [ [ 131.844818989898982, 33.153233737373739 ], [ 131.844818989898982, 32.941409898989903 ], [ 131.470531919191927, 32.941409898989903 ], [ 131.096244848484872, 32.941409898989903 ], [ 131.096244848484872, 33.153233737373739 ], [ 131.096244848484872, 33.365057575757575 ], [ 131.470531919191927, 33.365057575757575 ], [ 131.844818989898982, 33.365057575757575 ], [ 131.844818989898982, 33.153233737373739 ] ] ], [ [ [ 130.721957777777789, 33.576881414141418 ], [ 131.096244848484844, 33.576881414141418 ], [ 131.096244848484844, 33.365057575757582 ], [ 130.721957777777789, 33.365057575757582 ], [ 130.721957777777789, 33.576881414141418 ] ] ], [ [ [ 131.844818989898982, 33.576881414141418 ], [ 131.844818989898982, 33.365057575757582 ], [ 131.470531919191927, 33.365057575757582 ], [ 131.096244848484872, 33.365057575757582 ], [ 131.096244848484872, 33.576881414141418 ], [ 131.470531919191927, 33.576881414141418 ], [ 131.844818989898982, 33.576881414141418 ] ] ], [ [ [ 134.090541414141427, 34.212352929292926 ], [ 134.464828484848482, 34.212352929292926 ], [ 134.464828484848482, 34.00052909090909 ], [ 134.464828484848482, 33.788705252525254 ], [ 134.090541414141427, 33.788705252525254 ], [ 134.090541414141427, 34.00052909090909 ], [ 134.090541414141427, 34.212352929292926 ] ] ], [ [ [ 134.090541414141427, 34.636000606060605 ], [ 134.464828484848482, 34.636000606060605 ], [ 134.464828484848482, 34.424176767676769 ], [ 134.464828484848482, 34.212352929292933 ], [ 134.090541414141427, 34.212352929292933 ], [ 134.090541414141427, 34.424176767676769 ], [ 134.090541414141427, 34.636000606060605 ] ] ], [ [ [ 134.46482848484851, 34.847824444444448 ], [ 134.46482848484851, 35.059648282828284 ], [ 134.839115555555566, 35.059648282828284 ], [ 134.839115555555566, 35.27147212121212 ], [ 135.213402626262621, 35.27147212121212 ], [ 135.213402626262621, 35.059648282828284 ], [ 135.213402626262621, 34.847824444444448 ], [ 135.213402626262621, 34.636000606060612 ], [ 134.839115555555566, 34.636000606060612 ], [ 134.46482848484851, 34.636000606060612 ], [ 134.46482848484851, 34.847824444444448 ] ] ], [ [ [ 135.213402626262621, 33.788705252525254 ], [ 134.839115555555566, 33.788705252525254 ], [ 134.46482848484851, 33.788705252525254 ], [ 134.46482848484851, 34.00052909090909 ], [ 134.46482848484851, 34.212352929292926 ], [ 134.839115555555566, 34.212352929292926 ], [ 135.213402626262621, 34.212352929292926 ], [ 135.213402626262621, 34.00052909090909 ], [ 135.213402626262621, 33.788705252525254 ] ] ], [ [ [ 135.961976767676759, 34.00052909090909 ], [ 135.587689696969704, 34.00052909090909 ], [ 135.213402626262649, 34.00052909090909 ], [ 135.213402626262649, 34.212352929292926 ], [ 135.587689696969704, 34.212352929292926 ], [ 135.961976767676759, 34.212352929292926 ], [ 135.961976767676759, 34.00052909090909 ] ] ], [ [ [ 134.839115555555566, 34.636000606060605 ], [ 135.213402626262621, 34.636000606060605 ], [ 135.213402626262621, 34.424176767676769 ], [ 135.213402626262621, 34.212352929292933 ], [ 134.839115555555566, 34.212352929292933 ], [ 134.46482848484851, 34.212352929292933 ], [ 134.46482848484851, 34.424176767676769 ], [ 134.46482848484851, 34.636000606060605 ], [ 134.839115555555566, 34.636000606060605 ] ] ], [ [ [ 135.961976767676759, 34.424176767676769 ], [ 135.961976767676759, 34.212352929292933 ], [ 135.587689696969704, 34.212352929292933 ], [ 135.213402626262649, 34.212352929292933 ], [ 135.213402626262649, 34.424176767676769 ], [ 135.213402626262649, 34.636000606060605 ], [ 135.587689696969704, 34.636000606060605 ], [ 135.961976767676759, 34.636000606060605 ], [ 135.961976767676759, 34.424176767676769 ] ] ], [ [ [ 136.336263838383843, 34.424176767676769 ], [ 136.336263838383843, 34.212352929292933 ], [ 135.961976767676788, 34.212352929292933 ], [ 135.961976767676788, 34.424176767676769 ], [ 135.961976767676788, 34.636000606060605 ], [ 136.336263838383843, 34.636000606060605 ], [ 136.710550909090898, 34.636000606060605 ], [ 136.710550909090898, 34.424176767676769 ], [ 136.336263838383843, 34.424176767676769 ] ] ], [ [ [ 135.213402626262649, 34.847824444444448 ], [ 135.213402626262649, 35.059648282828284 ], [ 135.213402626262649, 35.27147212121212 ], [ 135.587689696969704, 35.27147212121212 ], [ 135.961976767676759, 35.27147212121212 ], [ 135.961976767676759, 35.059648282828284 ], [ 135.961976767676759, 34.847824444444448 ], [ 135.961976767676759, 34.636000606060612 ], [ 135.587689696969704, 34.636000606060612 ], [ 135.213402626262649, 34.636000606060612 ], [ 135.213402626262649, 34.847824444444448 ] ] ], [ [ [ 135.961976767676788, 35.27147212121212 ], [ 136.336263838383843, 35.27147212121212 ], [ 136.710550909090898, 35.27147212121212 ], [ 136.710550909090898, 35.059648282828284 ], [ 136.710550909090898, 34.847824444444448 ], [ 136.710550909090898, 34.636000606060612 ], [ 136.336263838383843, 34.636000606060612 ], [ 135.961976767676788, 34.636000606060612 ], [ 135.961976767676788, 34.847824444444448 ], [ 135.961976767676788, 35.059648282828284 ], [ 135.961976767676788, 35.27147212121212 ] ] ], [ [ [ 136.710550909090927, 35.059648282828284 ], [ 136.710550909090927, 35.27147212121212 ], [ 137.084837979797982, 35.27147212121212 ], [ 137.084837979797982, 35.059648282828284 ], [ 137.084837979797982, 34.847824444444448 ], [ 137.084837979797982, 34.636000606060612 ], [ 136.710550909090927, 34.636000606060612 ], [ 136.710550909090927, 34.847824444444448 ], [ 136.710550909090927, 35.059648282828284 ] ] ], [ [ [ 137.459125050505065, 34.847824444444448 ], [ 137.08483797979801, 34.847824444444448 ], [ 137.08483797979801, 35.059648282828284 ], [ 137.08483797979801, 35.27147212121212 ], [ 137.459125050505065, 35.27147212121212 ], [ 137.459125050505065, 35.059648282828284 ], [ 137.459125050505065, 34.847824444444448 ] ] ], [ [ [ 139.330560404040398, 35.27147212121212 ], [ 139.330560404040398, 35.059648282828284 ], [ 138.956273333333343, 35.059648282828284 ], [ 138.581986262626287, 35.059648282828284 ], [ 138.581986262626287, 35.27147212121212 ], [ 138.956273333333343, 35.27147212121212 ], [ 139.330560404040398, 35.27147212121212 ] ] ], [ [ [ 135.961976767676759, 35.483295959595964 ], [ 135.961976767676759, 35.271472121212128 ], [ 135.587689696969704, 35.271472121212128 ], [ 135.213402626262649, 35.271472121212128 ], [ 135.213402626262649, 35.483295959595964 ], [ 135.587689696969704, 35.483295959595964 ], [ 135.587689696969704, 35.6951197979798 ], [ 135.961976767676759, 35.6951197979798 ], [ 135.961976767676759, 35.483295959595964 ] ] ], [ [ [ 136.336263838383843, 35.6951197979798 ], [ 136.710550909090898, 35.6951197979798 ], [ 136.710550909090898, 35.483295959595964 ], [ 136.710550909090898, 35.271472121212128 ], [ 136.336263838383843, 35.271472121212128 ], [ 135.961976767676788, 35.271472121212128 ], [ 135.961976767676788, 35.483295959595964 ], [ 135.961976767676788, 35.6951197979798 ], [ 136.336263838383843, 35.6951197979798 ] ] ], [ [ [ 137.83341212121212, 35.6951197979798 ], [ 138.207699191919176, 35.6951197979798 ], [ 138.207699191919176, 35.483295959595964 ], [ 137.83341212121212, 35.483295959595964 ], [ 137.83341212121212, 35.271472121212128 ], [ 137.459125050505065, 35.271472121212128 ], [ 137.08483797979801, 35.271472121212128 ], [ 137.08483797979801, 35.483295959595964 ], [ 137.08483797979801, 35.6951197979798 ], [ 137.459125050505065, 35.6951197979798 ], [ 137.83341212121212, 35.6951197979798 ] ] ], [ [ [ 137.084837979797982, 35.271472121212128 ], [ 136.710550909090927, 35.271472121212128 ], [ 136.710550909090927, 35.483295959595964 ], [ 136.710550909090927, 35.6951197979798 ], [ 137.084837979797982, 35.6951197979798 ], [ 137.084837979797982, 35.483295959595964 ], [ 137.084837979797982, 35.271472121212128 ] ] ], [ [ [ 138.581986262626287, 35.271472121212128 ], [ 138.581986262626287, 35.483295959595964 ], [ 138.581986262626287, 35.6951197979798 ], [ 138.956273333333343, 35.6951197979798 ], [ 139.330560404040398, 35.6951197979798 ], [ 139.330560404040398, 35.483295959595964 ], [ 139.330560404040398, 35.271472121212128 ], [ 138.956273333333343, 35.271472121212128 ], [ 138.581986262626287, 35.271472121212128 ] ] ], [ [ [ 140.079134545454536, 35.483295959595964 ], [ 139.704847474747481, 35.483295959595964 ], [ 139.704847474747481, 35.271472121212128 ], [ 139.330560404040426, 35.271472121212128 ], [ 139.330560404040426, 35.483295959595964 ], [ 139.330560404040426, 35.6951197979798 ], [ 139.704847474747481, 35.6951197979798 ], [ 140.079134545454536, 35.6951197979798 ], [ 140.079134545454536, 35.483295959595964 ] ] ], [ [ [ 137.08483797979801, 36.118767474747479 ], [ 137.459125050505065, 36.118767474747479 ], [ 137.83341212121212, 36.118767474747479 ], [ 137.83341212121212, 36.330591313131315 ], [ 137.83341212121212, 36.542415151515151 ], [ 138.207699191919176, 36.542415151515151 ], [ 138.207699191919176, 36.330591313131315 ], [ 138.207699191919176, 36.118767474747479 ], [ 138.207699191919176, 35.906943636363643 ], [ 138.207699191919176, 35.695119797979807 ], [ 137.83341212121212, 35.695119797979807 ], [ 137.459125050505065, 35.695119797979807 ], [ 137.08483797979801, 35.695119797979807 ], [ 137.08483797979801, 35.906943636363643 ], [ 137.08483797979801, 36.118767474747479 ] ] ], [ [ [ 139.704847474747481, 36.330591313131315 ], [ 140.079134545454536, 36.330591313131315 ], [ 140.079134545454536, 36.118767474747479 ], [ 140.079134545454536, 35.906943636363643 ], [ 140.079134545454536, 35.695119797979807 ], [ 139.704847474747481, 35.695119797979807 ], [ 139.330560404040426, 35.695119797979807 ], [ 139.330560404040426, 35.906943636363643 ], [ 139.330560404040426, 36.118767474747479 ], [ 139.704847474747481, 36.118767474747479 ], [ 139.704847474747481, 36.330591313131315 ] ] ], [ [ [ 136.710550909090927, 35.906943636363643 ], [ 137.084837979797982, 35.906943636363643 ], [ 137.084837979797982, 35.695119797979807 ], [ 136.710550909090927, 35.695119797979807 ], [ 136.710550909090927, 35.906943636363643 ] ] ], [ [ [ 138.207699191919204, 36.754238989898987 ], [ 138.581986262626259, 36.754238989898987 ], [ 138.581986262626259, 36.542415151515151 ], [ 138.581986262626259, 36.330591313131315 ], [ 138.581986262626259, 36.118767474747479 ], [ 138.581986262626259, 35.906943636363643 ], [ 138.581986262626259, 35.695119797979807 ], [ 138.207699191919204, 35.695119797979807 ], [ 138.207699191919204, 35.906943636363643 ], [ 138.207699191919204, 36.118767474747479 ], [ 138.207699191919204, 36.330591313131315 ], [ 138.207699191919204, 36.542415151515151 ], [ 138.207699191919204, 36.754238989898987 ] ] ], [ [ [ 136.710550909090898, 35.906943636363643 ], [ 136.710550909090898, 35.695119797979807 ], [ 136.336263838383843, 35.695119797979807 ], [ 135.961976767676788, 35.695119797979807 ], [ 135.961976767676788, 35.906943636363643 ], [ 136.336263838383843, 35.906943636363643 ], [ 136.710550909090898, 35.906943636363643 ] ] ], [ [ [ 138.956273333333343, 36.118767474747479 ], [ 139.330560404040398, 36.118767474747479 ], [ 139.330560404040398, 35.906943636363643 ], [ 139.330560404040398, 35.695119797979807 ], [ 138.956273333333343, 35.695119797979807 ], [ 138.581986262626287, 35.695119797979807 ], [ 138.581986262626287, 35.906943636363643 ], [ 138.956273333333343, 35.906943636363643 ], [ 138.956273333333343, 36.118767474747479 ] ] ], [ [ [ 140.45342161616162, 35.906943636363643 ], [ 140.079134545454565, 35.906943636363643 ], [ 140.079134545454565, 36.118767474747479 ], [ 140.079134545454565, 36.330591313131315 ], [ 140.45342161616162, 36.330591313131315 ], [ 140.45342161616162, 36.118767474747479 ], [ 140.45342161616162, 35.906943636363643 ] ] ], [ [ [ 138.956273333333343, 36.118767474747479 ], [ 138.581986262626287, 36.118767474747479 ], [ 138.581986262626287, 36.330591313131315 ], [ 138.581986262626287, 36.542415151515151 ], [ 138.956273333333343, 36.542415151515151 ], [ 138.956273333333343, 36.330591313131315 ], [ 138.956273333333343, 36.118767474747479 ] ] ] ] } },
{ "type": "Feature", "properties": { "month": 11, "species_sci": "Cyanoptila cyanomelana", "species_com": "Blue-and-white Flycatcher / Ōruri" }, "geometry": { "type": "MultiPolygon", "coordinates": [ [ [ [ 102.399491313131321, 1.086579393939394 ], [ 102.399491313131321, 1.282901717171717 ], [ 102.399491313131321, 1.282901717171718 ], [ 102.399491313131321, 1.47922404040404 ], [ 102.399491313131321, 1.479224040404041 ], [ 102.399491313131321, 1.675546363636364 ], [ 102.399491313131321, 1.871868686868687 ], [ 102.399491313131321, 2.06819101010101 ], [ 102.399491313131321, 2.068191010101011 ], [ 102.399491313131321, 2.264513333333333 ], [ 102.697130909090916, 2.264513333333333 ], [ 102.697130909090916, 2.460835656565656 ], [ 102.994770505050511, 2.460835656565656 ], [ 103.292410101010105, 2.460835656565656 ], [ 103.5900496969697, 2.460835656565656 ], [ 103.887689292929295, 2.460835656565656 ], [ 104.18532888888889, 2.460835656565656 ], [ 104.482968484848485, 2.460835656565656 ], [ 104.780608080808079, 2.460835656565656 ], [ 105.078247676767674, 2.460835656565656 ], [ 105.375887272727269, 2.460835656565656 ], [ 105.673526868686864, 2.460835656565656 ], [ 105.971166464646458, 2.460835656565656 ], [ 105.971166464646458, 2.264513333333333 ], [ 106.268806060606053, 2.264513333333333 ], [ 106.268806060606053, 2.068191010101011 ], [ 106.268806060606053, 2.06819101010101 ], [ 106.268806060606053, 1.871868686868687 ], [ 106.268806060606053, 1.675546363636364 ], [ 106.268806060606053, 1.479224040404041 ], [ 106.268806060606053, 1.47922404040404 ], [ 106.268806060606053, 1.282901717171717 ], [ 105.971166464646458, 1.282901717171717 ], [ 105.971166464646458, 1.086579393939394 ], [ 105.971166464646458, 0.890257070707071 ], [ 105.673526868686864, 0.890257070707071 ], [ 105.673526868686864, 0.693934747474748 ], [ 105.375887272727269, 0.693934747474748 ], [ 105.375887272727269, 0.497612424242425 ], [ 105.078247676767674, 0.497612424242425 ], [ 105.078247676767674, 0.301290101010101 ], [ 104.780608080808079, 0.301290101010101 ], [ 104.780608080808079, 0.104967777777778 ], [ 104.482968484848485, 0.104967777777778 ], [ 104.18532888888889, 0.104967777777778 ], [ 104.18532888888889, -0.091354545454545 ], [ 103.887689292929295, -0.091354545454545 ], [ 103.5900496969697, -0.091354545454545 ], [ 103.292410101010105, -0.091354545454545 ], [ 102.994770505050511, -0.091354545454545 ], [ 102.697130909090916, -0.091354545454545 ], [ 102.399491313131321, -0.091354545454545 ], [ 102.399491313131321, 0.104967777777778 ], [ 102.399491313131321, 0.301290101010101 ], [ 102.399491313131321, 0.497612424242425 ], [ 102.399491313131321, 0.693934747474748 ], [ 102.399491313131321, 0.890257070707071 ], [ 102.399491313131321, 1.086579393939394 ] ] ], [ [ [ 101.208932929292928, 0.693934747474748 ], [ 101.208932929292928, 0.890257070707071 ], [ 101.208932929292928, 1.086579393939394 ], [ 101.506572525252523, 1.086579393939394 ], [ 101.506572525252523, 1.282901717171717 ], [ 101.506572525252523, 1.282901717171718 ], [ 101.506572525252523, 1.47922404040404 ], [ 101.506572525252523, 1.479224040404041 ], [ 101.506572525252523, 1.675546363636364 ], [ 101.804212121212117, 1.675546363636364 ], [ 101.804212121212117, 1.871868686868687 ], [ 102.101851717171712, 1.871868686868687 ], [ 102.101851717171712, 2.068191010101011 ], [ 102.399491313131307, 2.068191010101011 ], [ 102.399491313131307, 1.871868686868687 ], [ 102.399491313131307, 1.675546363636364 ], [ 102.399491313131307, 1.479224040404041 ], [ 102.399491313131307, 1.47922404040404 ], [ 102.399491313131307, 1.282901717171718 ], [ 102.399491313131307, 1.282901717171717 ], [ 102.399491313131307, 1.086579393939394 ], [ 102.399491313131307, 0.890257070707071 ], [ 102.399491313131307, 0.693934747474748 ], [ 102.399491313131307, 0.497612424242425 ], [ 102.399491313131307, 0.301290101010101 ], [ 102.399491313131307, 0.104967777777778 ], [ 102.399491313131307, -0.091354545454545 ], [ 102.101851717171712, -0.091354545454545 ], [ 102.101851717171712, 0.104967777777778 ], [ 101.804212121212117, 0.104967777777778 ], [ 101.804212121212117, 0.301290101010101 ], [ 101.506572525252523, 0.301290101010101 ], [ 101.506572525252523, 0.497612424242425 ], [ 101.506572525252523, 0.693934747474748 ], [ 101.208932929292928, 0.693934747474748 ] ] ], [ [ [ 98.23253696969698, 12.473274141414141 ], [ 98.530176565656575, 12.473274141414141 ], [ 98.82781616161617, 12.473274141414141 ], [ 99.125455757575764, 12.473274141414141 ], [ 99.423095353535359, 12.473274141414141 ], [ 99.720734949494954, 12.473274141414141 ], [ 100.018374545454549, 12.473274141414141 ], [ 100.316014141414144, 12.473274141414141 ], [ 100.613653737373738, 12.473274141414141 ], [ 100.613653737373738, 12.276951818181818 ], [ 100.316014141414144, 12.276951818181818 ], [ 100.316014141414144, 12.080629494949495 ], [ 100.018374545454549, 12.080629494949495 ], [ 100.018374545454549, 11.884307171717172 ], [ 99.720734949494954, 11.884307171717172 ], [ 99.423095353535359, 11.884307171717172 ], [ 99.125455757575764, 11.884307171717172 ], [ 98.82781616161617, 11.884307171717172 ], [ 98.530176565656575, 11.884307171717172 ], [ 98.530176565656575, 12.080629494949495 ], [ 98.23253696969698, 12.080629494949495 ], [ 98.23253696969698, 12.276951818181818 ], [ 97.934897373737385, 12.276951818181818 ], [ 97.934897373737385, 12.473274141414141 ], [ 98.23253696969698, 12.473274141414141 ] ] ], [ [ [ 98.23253696969698, 12.473274141414143 ], [ 97.934897373737385, 12.473274141414143 ], [ 97.934897373737385, 12.669596464646466 ], [ 97.934897373737385, 12.865918787878789 ], [ 98.23253696969698, 12.865918787878789 ], [ 98.23253696969698, 13.062241111111112 ], [ 98.23253696969698, 13.258563434343435 ], [ 98.530176565656575, 13.258563434343435 ], [ 98.530176565656575, 13.454885757575758 ], [ 98.82781616161617, 13.454885757575758 ], [ 99.125455757575764, 13.454885757575758 ], [ 99.125455757575764, 13.651208080808081 ], [ 99.423095353535359, 13.651208080808081 ], [ 99.720734949494954, 13.651208080808081 ], [ 100.018374545454549, 13.651208080808081 ], [ 100.316014141414144, 13.651208080808081 ], [ 100.613653737373738, 13.651208080808081 ], [ 100.613653737373738, 13.454885757575758 ], [ 100.911293333333333, 13.454885757575758 ], [ 100.911293333333333, 13.258563434343435 ], [ 100.911293333333333, 13.062241111111112 ], [ 100.911293333333333, 12.865918787878789 ], [ 100.911293333333333, 12.669596464646466 ], [ 100.911293333333333, 12.473274141414143 ], [ 100.613653737373738, 12.473274141414143 ], [ 100.316014141414144, 12.473274141414143 ], [ 100.018374545454549, 12.473274141414143 ], [ 99.720734949494954, 12.473274141414143 ], [ 99.423095353535359, 12.473274141414143 ], [ 99.125455757575764, 12.473274141414143 ], [ 98.82781616161617, 12.473274141414143 ], [ 98.530176565656575, 12.473274141414143 ], [ 98.23253696969698, 12.473274141414143 ] ] ], [ [ [ 104.780608080808079, 2.65715797979798 ], [ 105.078247676767674, 2.65715797979798 ], [ 105.375887272727269, 2.65715797979798 ], [ 105.673526868686864, 2.65715797979798 ], [ 105.673526868686864, 2.460835656565657 ], [ 105.375887272727269, 2.460835656565657 ], [ 105.078247676767674, 2.460835656565657 ], [ 104.780608080808079, 2.460835656565657 ], [ 104.482968484848485, 2.460835656565657 ], [ 104.18532888888889, 2.460835656565657 ], [ 103.887689292929295, 2.460835656565657 ], [ 103.5900496969697, 2.460835656565657 ], [ 103.292410101010105, 2.460835656565657 ], [ 103.292410101010105, 2.65715797979798 ], [ 103.5900496969697, 2.65715797979798 ], [ 103.887689292929295, 2.65715797979798 ], [ 104.18532888888889, 2.65715797979798 ], [ 104.18532888888889, 2.853480303030303 ], [ 104.482968484848485, 2.853480303030303 ], [ 104.780608080808079, 2.853480303030303 ], [ 104.780608080808079, 2.65715797979798 ] ] ], [ [ [ 104.18532888888889, 11.295340202020203 ], [ 104.482968484848485, 11.295340202020203 ], [ 104.482968484848485, 11.491662525252526 ], [ 104.780608080808079, 11.491662525252526 ], [ 105.078247676767674, 11.491662525252526 ], [ 105.078247676767674, 11.687984848484849 ], [ 105.375887272727269, 11.687984848484849 ], [ 105.673526868686864, 11.687984848484849 ], [ 105.673526868686864, 11.884307171717172 ], [ 105.971166464646458, 11.884307171717172 ], [ 105.971166464646458, 12.080629494949495 ], [ 106.268806060606053, 12.080629494949495 ], [ 106.268806060606053, 11.884307171717172 ], [ 106.268806060606053, 11.687984848484849 ], [ 106.268806060606053, 11.491662525252526 ], [ 106.268806060606053, 11.295340202020203 ], [ 106.268806060606053, 11.09901787878788 ], [ 106.268806060606053, 10.902695555555557 ], [ 106.268806060606053, 10.706373232323234 ], [ 105.971166464646458, 10.706373232323234 ], [ 105.673526868686864, 10.706373232323234 ], [ 105.673526868686864, 10.902695555555557 ], [ 105.375887272727269, 10.902695555555557 ], [ 105.078247676767674, 10.902695555555557 ], [ 104.780608080808079, 10.902695555555557 ], [ 104.482968484848485, 10.902695555555557 ], [ 104.18532888888889, 10.902695555555557 ], [ 104.18532888888889, 11.09901787878788 ], [ 104.18532888888889, 11.295340202020203 ] ] ], [ [ [ 103.871878585858596, 21.88830484848485 ], [ 103.518556969696974, 21.88830484848485 ], [ 103.518556969696974, 22.14600424242424 ], [ 103.871878585858596, 22.14600424242424 ], [ 104.225200202020218, 22.14600424242424 ], [ 104.225200202020218, 21.88830484848485 ], [ 103.871878585858596, 21.88830484848485 ] ] ], [ [ [ 103.518556969696974, 22.146004242424247 ], [ 103.518556969696974, 22.403703636363637 ], [ 103.871878585858596, 22.403703636363637 ], [ 104.225200202020218, 22.403703636363637 ], [ 104.225200202020218, 22.146004242424247 ], [ 103.871878585858596, 22.146004242424247 ], [ 103.518556969696974, 22.146004242424247 ] ] ], [ [ [ 107.757004040404041, 10.706373232323232 ], [ 107.757004040404041, 10.510050909090909 ], [ 107.459364444444446, 10.510050909090909 ], [ 107.161724848484852, 10.510050909090909 ], [ 106.864085252525257, 10.510050909090909 ], [ 106.566445656565662, 10.510050909090909 ], [ 106.268806060606067, 10.510050909090909 ], [ 106.268806060606067, 10.706373232323232 ], [ 106.566445656565662, 10.706373232323232 ], [ 106.864085252525257, 10.706373232323232 ], [ 107.161724848484852, 10.706373232323232 ], [ 107.459364444444446, 10.706373232323232 ], [ 107.757004040404041, 10.706373232323232 ] ] ], [ [ [ 106.268806060606053, 10.706373232323232 ], [ 106.268806060606053, 10.510050909090909 ], [ 105.971166464646458, 10.510050909090909 ], [ 105.971166464646458, 10.706373232323232 ], [ 106.268806060606053, 10.706373232323232 ] ] ], [ [ [ 106.268806060606067, 10.902695555555557 ], [ 106.268806060606067, 11.09901787878788 ], [ 106.268806060606067, 11.295340202020203 ], [ 106.268806060606067, 11.491662525252526 ], [ 106.268806060606067, 11.687984848484849 ], [ 106.268806060606067, 11.884307171717172 ], [ 106.268806060606067, 12.080629494949495 ], [ 106.268806060606067, 12.276951818181818 ], [ 106.566445656565662, 12.276951818181818 ], [ 106.566445656565662, 12.473274141414141 ], [ 106.864085252525257, 12.473274141414141 ], [ 107.161724848484852, 12.473274141414141 ], [ 107.459364444444446, 12.473274141414141 ], [ 107.757004040404041, 12.473274141414141 ], [ 108.054643636363636, 12.473274141414141 ], [ 108.352283232323231, 12.473274141414141 ], [ 108.649922828282826, 12.473274141414141 ], [ 108.94756242424242, 12.473274141414141 ], [ 109.245202020202015, 12.473274141414141 ], [ 109.54284161616161, 12.473274141414141 ], [ 109.840481212121205, 12.473274141414141 ], [ 110.138120808080799, 12.473274141414141 ], [ 110.138120808080799, 12.276951818181818 ], [ 110.138120808080799, 12.080629494949495 ], [ 110.138120808080799, 11.884307171717172 ], [ 110.138120808080799, 11.687984848484849 ], [ 109.840481212121205, 11.687984848484849 ], [ 109.840481212121205, 11.491662525252526 ], [ 109.840481212121205, 11.295340202020203 ], [ 109.54284161616161, 11.295340202020203 ], [ 109.54284161616161, 11.09901787878788 ], [ 109.245202020202015, 11.09901787878788 ], [ 109.245202020202015, 10.902695555555557 ], [ 108.94756242424242, 10.902695555555557 ], [ 108.649922828282826, 10.902695555555557 ], [ 108.649922828282826, 10.706373232323234 ], [ 108.352283232323231, 10.706373232323234 ], [ 108.054643636363636, 10.706373232323234 ], [ 107.757004040404041, 10.706373232323234 ], [ 107.459364444444446, 10.706373232323234 ], [ 107.161724848484852, 10.706373232323234 ], [ 106.864085252525257, 10.706373232323234 ], [ 106.566445656565662, 10.706373232323234 ], [ 106.268806060606067, 10.706373232323234 ], [ 106.268806060606067, 10.902695555555557 ] ] ], [ [ [ 108.054643636363636, 13.062241111111112 ], [ 108.352283232323231, 13.062241111111112 ], [ 108.649922828282826, 13.062241111111112 ], [ 108.94756242424242, 13.062241111111112 ], [ 109.245202020202015, 13.062241111111112 ], [ 109.54284161616161, 13.062241111111112 ], [ 109.54284161616161, 12.865918787878789 ], [ 109.840481212121205, 12.865918787878789 ], [ 110.138120808080799, 12.865918787878789 ], [ 110.138120808080799, 12.669596464646466 ], [ 110.138120808080799, 12.473274141414143 ], [ 109.840481212121205, 12.473274141414143 ], [ 109.54284161616161, 12.473274141414143 ], [ 109.245202020202015, 12.473274141414143 ], [ 108.94756242424242, 12.473274141414143 ], [ 108.649922828282826, 12.473274141414143 ], [ 108.352283232323231, 12.473274141414143 ], [ 108.054643636363636, 12.473274141414143 ], [ 107.757004040404041, 12.473274141414143 ], [ 107.459364444444446, 12.473274141414143 ], [ 107.161724848484852, 12.473274141414143 ], [ 106.864085252525257, 12.473274141414143 ], [ 106.864085252525257, 12.669596464646466 ], [ 107.161724848484852, 12.669596464646466 ], [ 107.161724848484852, 12.865918787878789 ], [ 107.459364444444446, 12.865918787878789 ], [ 107.757004040404041, 12.865918787878789 ], [ 107.757004040404041, 13.062241111111112 ], [ 108.054643636363636, 13.062241111111112 ] ] ], [ [ [ 106.864085252525257, 14.632819696969698 ], [ 106.864085252525257, 14.829142020202021 ], [ 106.864085252525257, 15.025464343434344 ], [ 106.864085252525257, 15.221786666666667 ], [ 106.864085252525257, 15.41810898989899 ], [ 107.161724848484852, 15.41810898989899 ], [ 107.161724848484852, 15.614431313131313 ], [ 107.459364444444446, 15.614431313131313 ], [ 107.459364444444446, 15.810753636363636 ], [ 107.757004040404041, 15.810753636363636 ], [ 108.054643636363636, 15.810753636363636 ], [ 108.352283232323231, 15.810753636363636 ], [ 108.649922828282826, 15.810753636363636 ], [ 108.649922828282826, 15.614431313131313 ], [ 108.94756242424242, 15.614431313131313 ], [ 108.94756242424242, 15.41810898989899 ], [ 109.245202020202015, 15.41810898989899 ], [ 109.245202020202015, 15.221786666666667 ], [ 109.245202020202015, 15.025464343434344 ], [ 109.245202020202015, 14.829142020202021 ], [ 109.245202020202015, 14.632819696969698 ], [ 109.245202020202015, 14.436497373737375 ], [ 108.94756242424242, 14.436497373737375 ], [ 108.94756242424242, 14.240175050505052 ], [ 108.649922828282826, 14.240175050505052 ], [ 108.649922828282826, 14.043852727272728 ], [ 108.352283232323231, 14.043852727272728 ], [ 108.054643636363636, 14.043852727272728 ], [ 107.757004040404041, 14.043852727272728 ], [ 107.459364444444446, 14.043852727272728 ], [ 107.161724848484852, 14.043852727272728 ], [ 107.161724848484852, 14.240175050505052 ], [ 106.864085252525257, 14.240175050505052 ], [ 106.864085252525257, 14.436497373737375 ], [ 106.864085252525257, 14.632819696969698 ] ] ], [ [ [ 108.94756242424242, 1.086579393939394 ], [ 108.94756242424242, 1.282901717171717 ], [ 108.94756242424242, 1.282901717171718 ], [ 108.94756242424242, 1.47922404040404 ], [ 108.94756242424242, 1.479224040404041 ], [ 108.94756242424242, 1.675546363636364 ], [ 108.94756242424242, 1.871868686868687 ], [ 109.245202020202015, 1.871868686868687 ], [ 109.245202020202015, 2.068191010101011 ], [ 109.54284161616161, 2.068191010101011 ], [ 109.54284161616161, 2.264513333333333 ], [ 109.840481212121205, 2.264513333333333 ], [ 110.138120808080799, 2.264513333333333 ], [ 110.138120808080799, 2.460835656565656 ], [ 110.435760404040394, 2.460835656565656 ], [ 110.7334, 2.460835656565656 ], [ 111.031039595959584, 2.460835656565656 ], [ 111.031039595959584, 2.264513333333333 ], [ 111.031039595959584, 2.068191010101011 ], [ 111.031039595959584, 2.06819101010101 ], [ 111.031039595959584, 1.871868686868687 ], [ 111.031039595959584, 1.675546363636364 ], [ 111.031039595959584, 1.479224040404041 ], [ 111.031039595959584, 1.47922404040404 ], [ 111.031039595959584, 1.282901717171718 ], [ 111.031039595959584, 1.282901717171717 ], [ 111.031039595959584, 1.086579393939394 ], [ 111.031039595959584, 0.890257070707071 ], [ 110.7334, 0.890257070707071 ], [ 110.435760404040394, 0.890257070707071 ], [ 110.435760404040394, 0.693934747474748 ], [ 110.138120808080799, 0.693934747474748 ], [ 109.840481212121205, 0.693934747474748 ], [ 109.54284161616161, 0.693934747474748 ], [ 109.54284161616161, 0.890257070707071 ], [ 109.245202020202015, 0.890257070707071 ], [ 108.94756242424242, 0.890257070707071 ], [ 108.94756242424242, 1.086579393939394 ] ] ], [ [ [ 111.031039595959598, 2.06819101010101 ], [ 111.031039595959598, 2.068191010101011 ], [ 111.031039595959598, 2.264513333333333 ], [ 111.031039595959598, 2.460835656565656 ], [ 111.328679191919193, 2.460835656565656 ], [ 111.328679191919193, 2.264513333333333 ], [ 111.626318787878787, 2.264513333333333 ], [ 111.626318787878787, 2.068191010101011 ], [ 111.626318787878787, 2.06819101010101 ], [ 111.626318787878787, 1.871868686868687 ], [ 111.626318787878787, 1.675546363636364 ], [ 111.626318787878787, 1.479224040404041 ], [ 111.626318787878787, 1.47922404040404 ], [ 111.626318787878787, 1.282901717171717 ], [ 111.328679191919193, 1.282901717171717 ], [ 111.328679191919193, 1.086579393939394 ], [ 111.031039595959598, 1.086579393939394 ], [ 111.031039595959598, 1.282901717171717 ], [ 111.031039595959598, 1.282901717171718 ], [ 111.031039595959598, 1.47922404040404 ], [ 111.031039595959598, 1.479224040404041 ], [ 111.031039595959598, 1.675546363636364 ], [ 111.031039595959598, 1.871868686868687 ], [ 111.031039595959598, 2.06819101010101 ] ] ], [ [ [ 113.709795959595951, 4.227736565656565 ], [ 114.007435555555546, 4.227736565656565 ], [ 114.30507515151514, 4.227736565656565 ], [ 114.602714747474735, 4.227736565656565 ], [ 114.602714747474735, 4.031414242424242 ], [ 114.602714747474735, 3.835091919191919 ], [ 114.602714747474735, 3.638769595959596 ], [ 114.602714747474735, 3.442447272727273 ], [ 114.30507515151514, 3.442447272727273 ], [ 114.30507515151514, 3.638769595959596 ], [ 114.007435555555546, 3.638769595959596 ], [ 114.007435555555546, 3.835091919191919 ], [ 113.709795959595951, 3.835091919191919 ], [ 113.709795959595951, 4.031414242424242 ], [ 113.709795959595951, 4.227736565656565 ] ] ], [ [ [ 114.30507515151514, 4.816703535353535 ], [ 114.602714747474735, 4.816703535353535 ], [ 114.602714747474735, 4.620381212121212 ], [ 114.602714747474735, 4.424058888888889 ], [ 114.602714747474735, 4.227736565656566 ], [ 114.30507515151514, 4.227736565656566 ], [ 114.007435555555546, 4.227736565656566 ], [ 113.709795959595951, 4.227736565656566 ], [ 113.412156363636356, 4.227736565656566 ], [ 113.412156363636356, 4.424058888888889 ], [ 113.412156363636356, 4.620381212121212 ], [ 113.412156363636356, 4.816703535353535 ], [ 113.709795959595951, 4.816703535353535 ], [ 114.007435555555546, 4.816703535353535 ], [ 114.30507515151514, 4.816703535353535 ] ] ], [ [ [ 114.602714747474735, 5.798315151515151 ], [ 114.602714747474735, 5.601992828282828 ], [ 114.602714747474735, 5.405670505050505 ], [ 114.602714747474735, 5.209348181818182 ], [ 114.602714747474735, 5.013025858585859 ], [ 114.602714747474735, 4.816703535353536 ], [ 114.30507515151514, 4.816703535353536 ], [ 114.007435555555546, 4.816703535353536 ], [ 113.709795959595951, 4.816703535353536 ], [ 113.412156363636356, 4.816703535353536 ], [ 113.412156363636356, 5.013025858585859 ], [ 113.412156363636356, 5.209348181818182 ], [ 113.709795959595951, 5.209348181818182 ], [ 113.709795959595951, 5.405670505050505 ], [ 113.709795959595951, 5.601992828282828 ], [ 113.709795959595951, 5.798315151515151 ], [ 114.007435555555546, 5.798315151515151 ], [ 114.30507515151514, 5.798315151515151 ], [ 114.602714747474735, 5.798315151515151 ] ] ], [ [ [ 112.704918989898999, 21.115206666666666 ], [ 112.351597373737377, 21.115206666666666 ], [ 112.351597373737377, 21.372906060606063 ], [ 111.998275757575755, 21.372906060606063 ], [ 111.998275757575755, 21.630605454545453 ], [ 112.351597373737377, 21.630605454545453 ], [ 112.704918989898999, 21.630605454545453 ], [ 113.058240606060608, 21.630605454545453 ], [ 113.058240606060622, 21.630605454545453 ], [ 113.41156222222223, 21.630605454545453 ], [ 113.764883838383838, 21.630605454545453 ], [ 113.764883838383852, 21.630605454545453 ], [ 114.11820545454546, 21.630605454545453 ], [ 114.471527070707069, 21.630605454545453 ], [ 114.471527070707083, 21.630605454545453 ], [ 114.824848686868691, 21.630605454545453 ], [ 115.178170303030313, 21.630605454545453 ], [ 115.178170303030313, 21.372906060606063 ], [ 114.824848686868691, 21.372906060606063 ], [ 114.824848686868691, 21.115206666666666 ], [ 114.471527070707083, 21.115206666666666 ], [ 114.471527070707069, 21.115206666666666 ], [ 114.11820545454546, 21.115206666666666 ], [ 114.11820545454546, 20.857507272727275 ], [ 113.764883838383852, 20.857507272727275 ], [ 113.764883838383838, 20.857507272727275 ], [ 113.41156222222223, 20.857507272727275 ], [ 113.058240606060622, 20.857507272727275 ], [ 113.058240606060608, 20.857507272727275 ], [ 112.704918989898999, 20.857507272727275 ], [ 112.704918989898999, 21.115206666666666 ] ] ], [ [ [ 111.998275757575755, 21.88830484848485 ], [ 111.998275757575755, 22.14600424242424 ], [ 112.351597373737377, 22.14600424242424 ], [ 112.704918989898999, 22.14600424242424 ], [ 113.058240606060608, 22.14600424242424 ], [ 113.058240606060622, 22.14600424242424 ], [ 113.41156222222223, 22.14600424242424 ], [ 113.764883838383838, 22.14600424242424 ], [ 113.764883838383852, 22.14600424242424 ], [ 114.11820545454546, 22.14600424242424 ], [ 114.471527070707069, 22.14600424242424 ], [ 114.471527070707083, 22.14600424242424 ], [ 114.824848686868691, 22.14600424242424 ], [ 115.178170303030299, 22.14600424242424 ], [ 115.178170303030313, 22.14600424242424 ], [ 115.531491919191922, 22.14600424242424 ], [ 115.531491919191922, 21.88830484848485 ], [ 115.531491919191922, 21.63060545454546 ], [ 115.178170303030313, 21.63060545454546 ], [ 115.178170303030299, 21.63060545454546 ], [ 114.824848686868691, 21.63060545454546 ], [ 114.471527070707083, 21.63060545454546 ], [ 114.471527070707069, 21.63060545454546 ], [ 114.11820545454546, 21.63060545454546 ], [ 113.764883838383852, 21.63060545454546 ], [ 113.764883838383838, 21.63060545454546 ], [ 113.41156222222223, 21.63060545454546 ], [ 113.058240606060622, 21.63060545454546 ], [ 113.058240606060608, 21.63060545454546 ], [ 112.704918989898999, 21.63060545454546 ], [ 112.351597373737377, 21.63060545454546 ], [ 111.998275757575755, 21.63060545454546 ], [ 111.998275757575755, 21.88830484848485 ] ] ], [ [ [ 112.351597373737377, 22.661403030303028 ], [ 112.704918989898999, 22.661403030303028 ], [ 113.058240606060608, 22.661403030303028 ], [ 113.058240606060622, 22.661403030303028 ], [ 113.41156222222223, 22.661403030303028 ], [ 113.764883838383838, 22.661403030303028 ], [ 113.764883838383852, 22.661403030303028 ], [ 114.11820545454546, 22.661403030303028 ], [ 114.471527070707069, 22.661403030303028 ], [ 114.471527070707083, 22.661403030303028 ], [ 114.824848686868691, 22.661403030303028 ], [ 115.178170303030299, 22.661403030303028 ], [ 115.178170303030313, 22.661403030303028 ], [ 115.531491919191922, 22.661403030303028 ], [ 115.884813535353544, 22.661403030303028 ], [ 115.884813535353544, 22.403703636363637 ], [ 115.884813535353544, 22.146004242424247 ], [ 115.531491919191922, 22.146004242424247 ], [ 115.178170303030313, 22.146004242424247 ], [ 115.178170303030299, 22.146004242424247 ], [ 114.824848686868691, 22.146004242424247 ], [ 114.471527070707083, 22.146004242424247 ], [ 114.471527070707069, 22.146004242424247 ], [ 114.11820545454546, 22.146004242424247 ], [ 113.764883838383852, 22.146004242424247 ], [ 113.764883838383838, 22.146004242424247 ], [ 113.41156222222223, 22.146004242424247 ], [ 113.058240606060622, 22.146004242424247 ], [ 113.058240606060608, 22.146004242424247 ], [ 112.704918989898999, 22.146004242424247 ], [ 112.351597373737377, 22.146004242424247 ], [ 111.998275757575755, 22.146004242424247 ], [ 111.998275757575755, 22.403703636363637 ], [ 112.351597373737377, 22.403703636363637 ], [ 112.351597373737377, 22.661403030303028 ] ] ], [ [ [ 112.704918989898999, 22.661403030303035 ], [ 112.351597373737377, 22.661403030303035 ], [ 112.351597373737377, 22.919102424242425 ], [ 112.351597373737377, 23.176801818181822 ], [ 112.704918989898999, 23.176801818181822 ], [ 112.704918989898999, 23.434501212121212 ], [ 112.704918989898999, 23.692200606060609 ], [ 113.058240606060608, 23.692200606060609 ], [ 113.058240606060608, 23.9499 ], [ 113.41156222222223, 23.9499 ], [ 113.764883838383838, 23.9499 ], [ 113.764883838383838, 24.207599393939397 ], [ 114.11820545454546, 24.207599393939397 ], [ 114.471527070707083, 24.207599393939397 ], [ 114.471527070707083, 23.9499 ], [ 114.824848686868691, 23.9499 ], [ 114.824848686868691, 23.692200606060609 ], [ 115.178170303030299, 23.692200606060609 ], [ 115.178170303030313, 23.692200606060609 ], [ 115.531491919191922, 23.692200606060609 ], [ 115.531491919191922, 23.434501212121212 ], [ 115.884813535353544, 23.434501212121212 ], [ 115.884813535353544, 23.176801818181822 ], [ 115.884813535353544, 22.919102424242425 ], [ 115.884813535353544, 22.661403030303035 ], [ 115.531491919191922, 22.661403030303035 ], [ 115.178170303030313, 22.661403030303035 ], [ 115.178170303030299, 22.661403030303035 ], [ 114.824848686868691, 22.661403030303035 ], [ 114.471527070707083, 22.661403030303035 ], [ 114.471527070707069, 22.661403030303035 ], [ 114.11820545454546, 22.661403030303035 ], [ 113.764883838383852, 22.661403030303035 ], [ 113.764883838383838, 22.661403030303035 ], [ 113.41156222222223, 22.661403030303035 ], [ 113.058240606060622, 22.661403030303035 ], [ 113.058240606060608, 22.661403030303035 ], [ 112.704918989898999, 22.661403030303035 ] ] ], [ [ [ 114.602714747474749, 4.227736565656565 ], [ 114.900354343434344, 4.227736565656565 ], [ 115.197993939393939, 4.227736565656565 ], [ 115.495633535353534, 4.227736565656565 ], [ 115.793273131313128, 4.227736565656565 ], [ 116.090912727272723, 4.227736565656565 ], [ 116.388552323232318, 4.227736565656565 ], [ 116.686191919191913, 4.227736565656565 ], [ 116.983831515151508, 4.227736565656565 ], [ 117.281471111111102, 4.227736565656565 ], [ 117.579110707070697, 4.227736565656565 ], [ 117.876750303030292, 4.227736565656565 ], [ 118.174389898989887, 4.227736565656565 ], [ 118.472029494949481, 4.227736565656565 ], [ 118.472029494949481, 4.031414242424242 ], [ 118.174389898989887, 4.031414242424242 ], [ 117.876750303030292, 4.031414242424242 ], [ 117.579110707070697, 4.031414242424242 ], [ 117.579110707070697, 3.835091919191919 ], [ 117.281471111111102, 3.835091919191919 ], [ 116.983831515151508, 3.835091919191919 ], [ 116.686191919191913, 3.835091919191919 ], [ 116.686191919191913, 3.638769595959596 ], [ 116.388552323232318, 3.638769595959596 ], [ 116.388552323232318, 3.442447272727273 ], [ 116.090912727272723, 3.442447272727273 ], [ 115.793273131313128, 3.442447272727273 ], [ 115.793273131313128, 3.24612494949495 ], [ 115.495633535353534, 3.24612494949495 ], [ 115.197993939393939, 3.24612494949495 ], [ 114.900354343434344, 3.24612494949495 ], [ 114.602714747474749, 3.24612494949495 ], [ 114.602714747474749, 3.442447272727273 ], [ 114.602714747474749, 3.638769595959596 ], [ 114.602714747474749, 3.835091919191919 ], [ 114.602714747474749, 4.031414242424242 ], [ 114.602714747474749, 4.227736565656565 ] ] ], [ [ [ 114.602714747474749, 4.424058888888889 ], [ 114.602714747474749, 4.620381212121212 ], [ 114.602714747474749, 4.816703535353535 ], [ 114.900354343434344, 4.816703535353535 ], [ 115.197993939393939, 4.816703535353535 ], [ 115.495633535353534, 4.816703535353535 ], [ 115.793273131313128, 4.816703535353535 ], [ 116.090912727272723, 4.816703535353535 ], [ 116.388552323232318, 4.816703535353535 ], [ 116.686191919191913, 4.816703535353535 ], [ 116.983831515151508, 4.816703535353535 ], [ 117.281471111111102, 4.816703535353535 ], [ 117.579110707070697, 4.816703535353535 ], [ 117.876750303030292, 4.816703535353535 ], [ 118.174389898989887, 4.816703535353535 ], [ 118.472029494949481, 4.816703535353535 ], [ 118.769669090909076, 4.816703535353535 ], [ 119.067308686868671, 4.816703535353535 ], [ 119.364948282828266, 4.816703535353535 ], [ 119.662587878787861, 4.816703535353535 ], [ 119.662587878787861, 4.620381212121212 ], [ 119.364948282828266, 4.620381212121212 ], [ 119.364948282828266, 4.424058888888889 ], [ 119.067308686868671, 4.424058888888889 ], [ 119.067308686868671, 4.227736565656566 ], [ 118.769669090909076, 4.227736565656566 ], [ 118.472029494949481, 4.227736565656566 ], [ 118.174389898989887, 4.227736565656566 ], [ 117.876750303030292, 4.227736565656566 ], [ 117.579110707070697, 4.227736565656566 ], [ 117.281471111111102, 4.227736565656566 ], [ 116.983831515151508, 4.227736565656566 ], [ 116.686191919191913, 4.227736565656566 ], [ 116.388552323232318, 4.227736565656566 ], [ 116.090912727272723, 4.227736565656566 ], [ 115.793273131313128, 4.227736565656566 ], [ 115.495633535353534, 4.227736565656566 ], [ 115.197993939393939, 4.227736565656566 ], [ 114.900354343434344, 4.227736565656566 ], [ 114.602714747474749, 4.227736565656566 ], [ 114.602714747474749, 4.424058888888889 ] ] ], [ [ [ 114.602714747474749, 5.405670505050505 ], [ 114.602714747474749, 5.601992828282828 ], [ 114.602714747474749, 5.798315151515151 ], [ 114.900354343434344, 5.798315151515151 ], [ 115.197993939393939, 5.798315151515151 ], [ 115.495633535353534, 5.798315151515151 ], [ 115.793273131313128, 5.798315151515151 ], [ 116.090912727272723, 5.798315151515151 ], [ 116.388552323232318, 5.798315151515151 ], [ 116.686191919191913, 5.798315151515151 ], [ 116.983831515151508, 5.798315151515151 ], [ 117.281471111111102, 5.798315151515151 ], [ 117.579110707070697, 5.798315151515151 ], [ 117.876750303030292, 5.798315151515151 ], [ 118.174389898989887, 5.798315151515151 ], [ 118.472029494949481, 5.798315151515151 ], [ 118.769669090909076, 5.798315151515151 ], [ 119.067308686868671, 5.798315151515151 ], [ 119.364948282828266, 5.798315151515151 ], [ 119.662587878787861, 5.798315151515151 ], [ 119.960227474747455, 5.798315151515151 ], [ 119.960227474747455, 5.601992828282828 ], [ 119.960227474747455, 5.405670505050505 ], [ 119.960227474747455, 5.209348181818182 ], [ 119.960227474747455, 5.013025858585859 ], [ 119.960227474747455, 4.816703535353536 ], [ 119.662587878787861, 4.816703535353536 ], [ 119.364948282828266, 4.816703535353536 ], [ 119.067308686868671, 4.816703535353536 ], [ 118.769669090909076, 4.816703535353536 ], [ 118.472029494949481, 4.816703535353536 ], [ 118.174389898989887, 4.816703535353536 ], [ 117.876750303030292, 4.816703535353536 ], [ 117.579110707070697, 4.816703535353536 ], [ 117.281471111111102, 4.816703535353536 ], [ 116.983831515151508, 4.816703535353536 ], [ 116.686191919191913, 4.816703535353536 ], [ 116.388552323232318, 4.816703535353536 ], [ 116.090912727272723, 4.816703535353536 ], [ 115.793273131313128, 4.816703535353536 ], [ 115.495633535353534, 4.816703535353536 ], [ 115.197993939393939, 4.816703535353536 ], [ 114.900354343434344, 4.816703535353536 ], [ 114.602714747474749, 4.816703535353536 ], [ 114.602714747474749, 5.013025858585859 ], [ 114.602714747474749, 5.209348181818182 ], [ 114.602714747474749, 5.405670505050505 ] ] ], [ [ [ 114.602714747474735, 6.387282121212121 ], [ 114.602714747474735, 6.190959797979798 ], [ 114.602714747474735, 5.994637474747475 ], [ 114.602714747474735, 5.798315151515152 ], [ 114.30507515151514, 5.798315151515152 ], [ 114.007435555555546, 5.798315151515152 ], [ 114.007435555555546, 5.994637474747475 ], [ 114.007435555555546, 6.190959797979798 ], [ 114.007435555555546, 6.387282121212121 ], [ 114.30507515151514, 6.387282121212121 ], [ 114.602714747474735, 6.387282121212121 ] ] ], [ [ [ 114.900354343434344, 6.387282121212121 ], [ 115.197993939393939, 6.387282121212121 ], [ 115.495633535353534, 6.387282121212121 ], [ 115.793273131313128, 6.387282121212121 ], [ 116.090912727272723, 6.387282121212121 ], [ 116.388552323232318, 6.387282121212121 ], [ 116.686191919191913, 6.387282121212121 ], [ 116.983831515151508, 6.387282121212121 ], [ 117.281471111111102, 6.387282121212121 ], [ 117.579110707070697, 6.387282121212121 ], [ 117.876750303030292, 6.387282121212121 ], [ 118.174389898989887, 6.387282121212121 ], [ 118.472029494949481, 6.387282121212121 ], [ 118.769669090909076, 6.387282121212121 ], [ 119.067308686868671, 6.387282121212121 ], [ 119.364948282828266, 6.387282121212121 ], [ 119.662587878787861, 6.387282121212121 ], [ 119.960227474747455, 6.387282121212121 ], [ 119.960227474747455, 6.190959797979798 ], [ 119.960227474747455, 5.994637474747475 ], [ 119.960227474747455, 5.798315151515152 ], [ 119.662587878787861, 5.798315151515152 ], [ 119.364948282828266, 5.798315151515152 ], [ 119.067308686868671, 5.798315151515152 ], [ 118.769669090909076, 5.798315151515152 ], [ 118.472029494949481, 5.798315151515152 ], [ 118.174389898989887, 5.798315151515152 ], [ 117.876750303030292, 5.798315151515152 ], [ 117.579110707070697, 5.798315151515152 ], [ 117.281471111111102, 5.798315151515152 ], [ 116.983831515151508, 5.798315151515152 ], [ 116.686191919191913, 5.798315151515152 ], [ 116.388552323232318, 5.798315151515152 ], [ 116.090912727272723, 5.798315151515152 ], [ 115.793273131313128, 5.798315151515152 ], [ 115.495633535353534, 5.798315151515152 ], [ 115.197993939393939, 5.798315151515152 ], [ 114.900354343434344, 5.798315151515152 ], [ 114.602714747474749, 5.798315151515152 ], [ 114.602714747474749, 5.994637474747475 ], [ 114.602714747474749, 6.190959797979798 ], [ 114.602714747474749, 6.387282121212121 ], [ 114.900354343434344, 6.387282121212121 ] ] ], [ [ [ 114.602714747474749, 6.779926767676768 ], [ 114.602714747474749, 6.976249090909091 ], [ 114.602714747474749, 7.172571414141414 ], [ 114.900354343434344, 7.172571414141414 ], [ 114.900354343434344, 7.368893737373737 ], [ 115.197993939393939, 7.368893737373737 ], [ 115.197993939393939, 7.56521606060606 ], [ 115.495633535353534, 7.56521606060606 ], [ 115.793273131313128, 7.56521606060606 ], [ 116.090912727272723, 7.56521606060606 ], [ 116.388552323232318, 7.56521606060606 ], [ 116.686191919191913, 7.56521606060606 ], [ 116.983831515151508, 7.56521606060606 ], [ 117.281471111111102, 7.56521606060606 ], [ 117.579110707070697, 7.56521606060606 ], [ 117.876750303030292, 7.56521606060606 ], [ 118.174389898989887, 7.56521606060606 ], [ 118.472029494949481, 7.56521606060606 ], [ 118.472029494949481, 7.368893737373737 ], [ 118.769669090909076, 7.368893737373737 ], [ 118.769669090909076, 7.172571414141414 ], [ 119.067308686868671, 7.172571414141414 ], [ 119.067308686868671, 6.976249090909091 ], [ 119.364948282828266, 6.976249090909091 ], [ 119.364948282828266, 6.779926767676768 ], [ 119.662587878787861, 6.779926767676768 ], [ 119.662587878787861, 6.583604444444445 ], [ 119.960227474747455, 6.583604444444445 ], [ 119.960227474747455, 6.387282121212122 ], [ 119.662587878787861, 6.387282121212122 ], [ 119.364948282828266, 6.387282121212122 ], [ 119.067308686868671, 6.387282121212122 ], [ 118.769669090909076, 6.387282121212122 ], [ 118.472029494949481, 6.387282121212122 ], [ 118.174389898989887, 6.387282121212122 ], [ 117.876750303030292, 6.387282121212122 ], [ 117.579110707070697, 6.387282121212122 ], [ 117.281471111111102, 6.387282121212122 ], [ 116.983831515151508, 6.387282121212122 ], [ 116.686191919191913, 6.387282121212122 ], [ 116.388552323232318, 6.387282121212122 ], [ 116.090912727272723, 6.387282121212122 ], [ 115.793273131313128, 6.387282121212122 ], [ 115.495633535353534, 6.387282121212122 ], [ 115.197993939393939, 6.387282121212122 ], [ 114.900354343434344, 6.387282121212122 ], [ 114.602714747474749, 6.387282121212122 ], [ 114.602714747474749, 6.583604444444445 ], [ 114.602714747474749, 6.779926767676768 ] ] ], [ [ [ 114.30507515151514, 6.779926767676768 ], [ 114.602714747474735, 6.779926767676768 ], [ 114.602714747474735, 6.583604444444445 ], [ 114.602714747474735, 6.387282121212122 ], [ 114.30507515151514, 6.387282121212122 ], [ 114.30507515151514, 6.583604444444445 ], [ 114.30507515151514, 6.779926767676768 ] ] ], [ [ [ 116.090912727272723, 7.761538383838385 ], [ 116.388552323232318, 7.761538383838385 ], [ 116.686191919191913, 7.761538383838385 ], [ 116.686191919191913, 7.957860707070708 ], [ 116.983831515151508, 7.957860707070708 ], [ 117.281471111111102, 7.957860707070708 ], [ 117.281471111111102, 7.761538383838385 ], [ 117.579110707070697, 7.761538383838385 ], [ 117.876750303030292, 7.761538383838385 ], [ 117.876750303030292, 7.565216060606062 ], [ 117.579110707070697, 7.565216060606062 ], [ 117.281471111111102, 7.565216060606062 ], [ 116.983831515151508, 7.565216060606062 ], [ 116.686191919191913, 7.565216060606062 ], [ 116.388552323232318, 7.565216060606062 ], [ 116.090912727272723, 7.565216060606062 ], [ 115.793273131313128, 7.565216060606062 ], [ 115.793273131313128, 7.761538383838385 ], [ 116.090912727272723, 7.761538383838385 ] ] ], [ [ [ 117.281471111111102, 9.332116969696969 ], [ 117.579110707070697, 9.332116969696969 ], [ 117.876750303030292, 9.332116969696969 ], [ 118.174389898989887, 9.332116969696969 ], [ 118.472029494949481, 9.332116969696969 ], [ 118.769669090909076, 9.332116969696969 ], [ 119.067308686868671, 9.332116969696969 ], [ 119.364948282828266, 9.332116969696969 ], [ 119.662587878787861, 9.332116969696969 ], [ 119.960227474747455, 9.332116969696969 ], [ 119.960227474747455, 9.135794646464646 ], [ 119.960227474747455, 8.939472323232323 ], [ 119.662587878787861, 8.939472323232323 ], [ 119.662587878787861, 8.74315 ], [ 119.364948282828266, 8.74315 ], [ 119.364948282828266, 8.546827676767677 ], [ 119.067308686868671, 8.546827676767677 ], [ 118.769669090909076, 8.546827676767677 ], [ 118.769669090909076, 8.350505353535354 ], [ 118.472029494949481, 8.350505353535354 ], [ 118.174389898989887, 8.350505353535354 ], [ 117.876750303030292, 8.350505353535354 ], [ 117.579110707070697, 8.350505353535354 ], [ 117.281471111111102, 8.350505353535354 ], [ 116.983831515151508, 8.350505353535354 ], [ 116.983831515151508, 8.546827676767677 ], [ 116.686191919191913, 8.546827676767677 ], [ 116.686191919191913, 8.74315 ], [ 116.686191919191913, 8.939472323232323 ], [ 116.388552323232318, 8.939472323232323 ], [ 116.388552323232318, 9.135794646464646 ], [ 116.388552323232318, 9.332116969696969 ], [ 116.686191919191913, 9.332116969696969 ], [ 116.983831515151508, 9.332116969696969 ], [ 117.281471111111102, 9.332116969696969 ] ] ], [ [ [ 116.388552323232318, 9.724761616161617 ], [ 116.388552323232318, 9.92108393939394 ], [ 116.686191919191913, 9.92108393939394 ], [ 116.686191919191913, 10.117406262626263 ], [ 116.983831515151508, 10.117406262626263 ], [ 116.983831515151508, 10.313728585858586 ], [ 116.983831515151508, 10.510050909090909 ], [ 117.281471111111102, 10.510050909090909 ], [ 117.281471111111102, 10.706373232323232 ], [ 117.579110707070697, 10.706373232323232 ], [ 117.876750303030292, 10.706373232323232 ], [ 118.174389898989887, 10.706373232323232 ], [ 118.472029494949481, 10.706373232323232 ], [ 118.769669090909076, 10.706373232323232 ], [ 119.067308686868671, 10.706373232323232 ], [ 119.364948282828266, 10.706373232323232 ], [ 119.662587878787861, 10.706373232323232 ], [ 119.960227474747455, 10.706373232323232 ], [ 119.960227474747455, 10.510050909090909 ], [ 119.960227474747455, 10.313728585858586 ], [ 119.960227474747455, 10.117406262626263 ], [ 119.960227474747455, 9.92108393939394 ], [ 119.960227474747455, 9.724761616161617 ], [ 119.960227474747455, 9.528439292929294 ], [ 119.960227474747455, 9.332116969696971 ], [ 119.662587878787861, 9.332116969696971 ], [ 119.364948282828266, 9.332116969696971 ], [ 119.067308686868671, 9.332116969696971 ], [ 118.769669090909076, 9.332116969696971 ], [ 118.472029494949481, 9.332116969696971 ], [ 118.174389898989887, 9.332116969696971 ], [ 117.876750303030292, 9.332116969696971 ], [ 117.579110707070697, 9.332116969696971 ], [ 117.281471111111102, 9.332116969696971 ], [ 116.983831515151508, 9.332116969696971 ], [ 116.686191919191913, 9.332116969696971 ], [ 116.388552323232318, 9.332116969696971 ], [ 116.388552323232318, 9.528439292929294 ], [ 116.388552323232318, 9.724761616161617 ] ] ], [ [ [ 118.174389898989887, 10.902695555555557 ], [ 118.174389898989887, 11.09901787878788 ], [ 118.472029494949481, 11.09901787878788 ], [ 118.769669090909076, 11.09901787878788 ], [ 119.067308686868671, 11.09901787878788 ], [ 119.364948282828266, 11.09901787878788 ], [ 119.662587878787861, 11.09901787878788 ], [ 119.960227474747455, 11.09901787878788 ], [ 119.960227474747455, 10.902695555555557 ], [ 119.960227474747455, 10.706373232323234 ], [ 119.662587878787861, 10.706373232323234 ], [ 119.364948282828266, 10.706373232323234 ], [ 119.067308686868671, 10.706373232323234 ], [ 118.769669090909076, 10.706373232323234 ], [ 118.472029494949481, 10.706373232323234 ], [ 118.174389898989887, 10.706373232323234 ], [ 117.876750303030292, 10.706373232323234 ], [ 117.876750303030292, 10.902695555555557 ], [ 118.174389898989887, 10.902695555555557 ] ] ], [ [ [ 117.651421616161613, 24.465298787878787 ], [ 117.651421616161628, 24.465298787878787 ], [ 118.004743232323236, 24.465298787878787 ], [ 118.358064848484844, 24.465298787878787 ], [ 118.358064848484858, 24.465298787878787 ], [ 118.711386464646466, 24.465298787878787 ], [ 119.064708080808089, 24.465298787878787 ], [ 119.064708080808089, 24.207599393939397 ], [ 118.711386464646466, 24.207599393939397 ], [ 118.711386464646466, 23.9499 ], [ 118.358064848484858, 23.9499 ], [ 118.358064848484858, 23.692200606060609 ], [ 118.004743232323236, 23.692200606060609 ], [ 117.651421616161628, 23.692200606060609 ], [ 117.651421616161613, 23.692200606060609 ], [ 117.2981, 23.692200606060609 ], [ 117.2981, 23.9499 ], [ 116.944778383838383, 23.9499 ], [ 116.944778383838383, 24.207599393939397 ], [ 117.2981, 24.207599393939397 ], [ 117.2981, 24.465298787878787 ], [ 117.651421616161613, 24.465298787878787 ] ] ], [ [ [ 117.2981, 24.465298787878794 ], [ 117.2981, 24.722998181818184 ], [ 117.651421616161613, 24.722998181818184 ], [ 117.651421616161613, 24.980697575757574 ], [ 118.004743232323236, 24.980697575757574 ], [ 118.358064848484844, 24.980697575757574 ], [ 118.358064848484858, 24.980697575757574 ], [ 118.711386464646466, 24.980697575757574 ], [ 119.064708080808089, 24.980697575757574 ], [ 119.418029696969711, 24.980697575757574 ], [ 119.418029696969711, 24.722998181818184 ], [ 119.064708080808089, 24.722998181818184 ], [ 119.064708080808089, 24.465298787878794 ], [ 118.711386464646466, 24.465298787878794 ], [ 118.358064848484858, 24.465298787878794 ], [ 118.358064848484844, 24.465298787878794 ], [ 118.004743232323236, 24.465298787878794 ], [ 117.651421616161628, 24.465298787878794 ], [ 117.651421616161613, 24.465298787878794 ], [ 117.2981, 24.465298787878794 ] ] ], [ [ [ 119.064708080808089, 22.661403030303028 ], [ 119.418029696969697, 22.661403030303028 ], [ 119.418029696969711, 22.661403030303028 ], [ 119.771351313131305, 22.661403030303028 ], [ 119.771351313131319, 22.661403030303028 ], [ 120.124672929292927, 22.661403030303028 ], [ 120.47799454545455, 22.661403030303028 ], [ 120.831316161616158, 22.661403030303028 ], [ 120.831316161616172, 22.661403030303028 ], [ 121.18463777777778, 22.661403030303028 ], [ 121.18463777777778, 22.403703636363637 ], [ 121.18463777777778, 22.146004242424247 ], [ 120.831316161616172, 22.146004242424247 ], [ 120.831316161616158, 22.146004242424247 ], [ 120.47799454545455, 22.146004242424247 ], [ 120.124672929292927, 22.146004242424247 ], [ 119.771351313131319, 22.146004242424247 ], [ 119.771351313131305, 22.146004242424247 ], [ 119.418029696969711, 22.146004242424247 ], [ 119.418029696969697, 22.146004242424247 ], [ 119.064708080808089, 22.146004242424247 ], [ 118.711386464646466, 22.146004242424247 ], [ 118.711386464646466, 22.403703636363637 ], [ 118.711386464646466, 22.661403030303028 ], [ 119.064708080808089, 22.661403030303028 ] ] ], [ [ [ 118.711386464646466, 23.176801818181822 ], [ 119.064708080808089, 23.176801818181822 ], [ 119.064708080808089, 23.434501212121212 ], [ 119.064708080808089, 23.692200606060609 ], [ 119.418029696969697, 23.692200606060609 ], [ 119.418029696969697, 23.9499 ], [ 119.418029696969697, 24.207599393939397 ], [ 119.418029696969697, 24.465298787878787 ], [ 119.771351313131305, 24.465298787878787 ], [ 119.771351313131319, 24.465298787878787 ], [ 120.124672929292927, 24.465298787878787 ], [ 120.47799454545455, 24.465298787878787 ], [ 120.831316161616158, 24.465298787878787 ], [ 120.831316161616172, 24.465298787878787 ], [ 121.18463777777778, 24.465298787878787 ], [ 121.537959393939389, 24.465298787878787 ], [ 121.537959393939403, 24.465298787878787 ], [ 121.891281010101011, 24.465298787878787 ], [ 122.244602626262633, 24.465298787878787 ], [ 122.597924242424241, 24.465298787878787 ], [ 122.597924242424256, 24.465298787878787 ], [ 122.951245858585864, 24.465298787878787 ], [ 122.951245858585864, 24.207599393939397 ], [ 122.597924242424256, 24.207599393939397 ], [ 122.597924242424256, 23.9499 ], [ 122.597924242424256, 23.692200606060609 ], [ 122.244602626262633, 23.692200606060609 ], [ 122.244602626262633, 23.434501212121212 ], [ 121.891281010101011, 23.434501212121212 ], [ 121.891281010101011, 23.176801818181822 ], [ 121.891281010101011, 22.919102424242425 ], [ 121.537959393939403, 22.919102424242425 ], [ 121.537959393939403, 22.661403030303035 ], [ 121.18463777777778, 22.661403030303035 ], [ 120.831316161616172, 22.661403030303035 ], [ 120.831316161616158, 22.661403030303035 ], [ 120.47799454545455, 22.661403030303035 ], [ 120.124672929292927, 22.661403030303035 ], [ 119.771351313131319, 22.661403030303035 ], [ 119.771351313131305, 22.661403030303035 ], [ 119.418029696969711, 22.661403030303035 ], [ 119.418029696969697, 22.661403030303035 ], [ 119.064708080808089, 22.661403030303035 ], [ 118.711386464646466, 22.661403030303035 ], [ 118.711386464646466, 22.919102424242425 ], [ 118.711386464646466, 23.176801818181822 ] ] ], [ [ [ 119.418029696969711, 25.496096363636362 ], [ 119.418029696969711, 25.238396969696971 ], [ 119.418029696969711, 24.980697575757581 ], [ 119.064708080808089, 24.980697575757581 ], [ 118.711386464646466, 24.980697575757581 ], [ 118.358064848484858, 24.980697575757581 ], [ 118.358064848484844, 24.980697575757581 ], [ 118.004743232323236, 24.980697575757581 ], [ 118.004743232323236, 25.238396969696971 ], [ 118.358064848484844, 25.238396969696971 ], [ 118.358064848484844, 25.496096363636362 ], [ 118.711386464646466, 25.496096363636362 ], [ 119.064708080808089, 25.496096363636362 ], [ 119.418029696969711, 25.496096363636362 ] ] ], [ [ [ 118.711386464646466, 26.011495151515156 ], [ 118.711386464646466, 26.269194545454546 ], [ 118.711386464646466, 26.526893939393943 ], [ 119.064708080808089, 26.526893939393943 ], [ 119.064708080808089, 26.784593333333333 ], [ 119.418029696969697, 26.784593333333333 ], [ 119.418029696969711, 26.784593333333333 ], [ 119.771351313131305, 26.784593333333333 ], [ 119.771351313131305, 27.042292727272731 ], [ 120.124672929292927, 27.042292727272731 ], [ 120.47799454545455, 27.042292727272731 ], [ 120.831316161616158, 27.042292727272731 ], [ 120.831316161616172, 27.042292727272731 ], [ 121.18463777777778, 27.042292727272731 ], [ 121.18463777777778, 26.784593333333333 ], [ 121.18463777777778, 26.526893939393943 ], [ 121.18463777777778, 26.269194545454546 ], [ 121.537959393939389, 26.269194545454546 ], [ 121.537959393939403, 26.269194545454546 ], [ 121.891281010101011, 26.269194545454546 ], [ 122.244602626262633, 26.269194545454546 ], [ 122.597924242424241, 26.269194545454546 ], [ 122.597924242424256, 26.269194545454546 ], [ 122.951245858585864, 26.269194545454546 ], [ 122.951245858585864, 26.011495151515156 ], [ 123.304567474747472, 26.011495151515156 ], [ 123.304567474747472, 25.753795757575759 ], [ 123.304567474747472, 25.496096363636369 ], [ 122.951245858585864, 25.496096363636369 ], [ 122.95124585858585, 25.496096363636369 ], [ 122.597924242424256, 25.496096363636369 ], [ 122.597924242424241, 25.496096363636369 ], [ 122.244602626262633, 25.496096363636369 ], [ 121.891281010101011, 25.496096363636369 ], [ 121.537959393939403, 25.496096363636369 ], [ 121.537959393939389, 25.496096363636369 ], [ 121.18463777777778, 25.496096363636369 ], [ 120.831316161616172, 25.496096363636369 ], [ 120.831316161616158, 25.496096363636369 ], [ 120.47799454545455, 25.496096363636369 ], [ 120.124672929292927, 25.496096363636369 ], [ 119.771351313131319, 25.496096363636369 ], [ 119.771351313131305, 25.496096363636369 ], [ 119.418029696969711, 25.496096363636369 ], [ 119.418029696969697, 25.496096363636369 ], [ 119.064708080808089, 25.496096363636369 ], [ 118.711386464646466, 25.496096363636369 ], [ 118.358064848484844, 25.496096363636369 ], [ 118.358064848484844, 25.753795757575759 ], [ 118.358064848484844, 26.011495151515156 ], [ 118.711386464646466, 26.011495151515156 ] ] ], [ [ [ 118.711386464646466, 30.134685454545455 ], [ 119.064708080808089, 30.134685454545455 ], [ 119.418029696969697, 30.134685454545455 ], [ 119.418029696969711, 30.134685454545455 ], [ 119.771351313131305, 30.134685454545455 ], [ 119.771351313131319, 30.134685454545455 ], [ 120.124672929292927, 30.134685454545455 ], [ 120.47799454545455, 30.134685454545455 ], [ 120.831316161616158, 30.134685454545455 ], [ 120.831316161616172, 30.134685454545455 ], [ 121.18463777777778, 30.134685454545455 ], [ 121.537959393939403, 30.134685454545455 ], [ 121.537959393939403, 29.876986060606065 ], [ 121.18463777777778, 29.876986060606065 ], [ 120.831316161616172, 29.876986060606065 ], [ 120.831316161616158, 29.876986060606065 ], [ 120.47799454545455, 29.876986060606065 ], [ 120.124672929292927, 29.876986060606065 ], [ 119.771351313131319, 29.876986060606065 ], [ 119.771351313131305, 29.876986060606065 ], [ 119.418029696969711, 29.876986060606065 ], [ 119.418029696969697, 29.876986060606065 ], [ 119.064708080808089, 29.876986060606065 ], [ 118.711386464646466, 29.876986060606065 ], [ 118.711386464646466, 30.134685454545455 ] ] ], [ [ [ 119.064708080808089, 30.392384848484852 ], [ 119.418029696969697, 30.392384848484852 ], [ 119.418029696969697, 30.650084242424242 ], [ 119.771351313131305, 30.650084242424242 ], [ 119.771351313131319, 30.650084242424242 ], [ 120.124672929292927, 30.650084242424242 ], [ 120.47799454545455, 30.650084242424242 ], [ 120.831316161616158, 30.650084242424242 ], [ 120.831316161616172, 30.650084242424242 ], [ 121.18463777777778, 30.650084242424242 ], [ 121.537959393939389, 30.650084242424242 ], [ 121.537959393939403, 30.650084242424242 ], [ 121.891281010101011, 30.650084242424242 ], [ 122.244602626262633, 30.650084242424242 ], [ 122.244602626262633, 30.392384848484852 ], [ 122.244602626262633, 30.134685454545462 ], [ 121.891281010101011, 30.134685454545462 ], [ 121.537959393939403, 30.134685454545462 ], [ 121.537959393939389, 30.134685454545462 ], [ 121.18463777777778, 30.134685454545462 ], [ 120.831316161616172, 30.134685454545462 ], [ 120.831316161616158, 30.134685454545462 ], [ 120.47799454545455, 30.134685454545462 ], [ 120.124672929292927, 30.134685454545462 ], [ 119.771351313131319, 30.134685454545462 ], [ 119.771351313131305, 30.134685454545462 ], [ 119.418029696969711, 30.134685454545462 ], [ 119.418029696969697, 30.134685454545462 ], [ 119.064708080808089, 30.134685454545462 ], [ 118.711386464646466, 30.134685454545462 ], [ 118.711386464646466, 30.392384848484852 ], [ 119.064708080808089, 30.392384848484852 ] ] ], [ [ [ 120.124672929292927, 22.14600424242424 ], [ 120.47799454545455, 22.14600424242424 ], [ 120.831316161616172, 22.14600424242424 ], [ 120.831316161616172, 21.88830484848485 ], [ 120.47799454545455, 21.88830484848485 ], [ 120.124672929292927, 21.88830484848485 ], [ 119.771351313131319, 21.88830484848485 ], [ 119.771351313131305, 21.88830484848485 ], [ 119.418029696969711, 21.88830484848485 ], [ 119.418029696969697, 21.88830484848485 ], [ 119.064708080808089, 21.88830484848485 ], [ 119.064708080808089, 22.14600424242424 ], [ 119.418029696969697, 22.14600424242424 ], [ 119.418029696969711, 22.14600424242424 ], [ 119.771351313131305, 22.14600424242424 ], [ 119.771351313131319, 22.14600424242424 ], [ 120.124672929292927, 22.14600424242424 ] ] ], [ [ [ 120.257867070707064, 5.405670505050505 ], [ 120.257867070707064, 5.209348181818182 ], [ 120.257867070707064, 5.013025858585859 ], [ 119.96022747474747, 5.013025858585859 ], [ 119.96022747474747, 5.209348181818182 ], [ 119.96022747474747, 5.405670505050505 ], [ 119.96022747474747, 5.601992828282828 ], [ 119.96022747474747, 5.798315151515151 ], [ 120.257867070707064, 5.798315151515151 ], [ 120.555506666666659, 5.798315151515151 ], [ 120.555506666666659, 5.601992828282828 ], [ 120.257867070707064, 5.601992828282828 ], [ 120.257867070707064, 5.405670505050505 ] ] ], [ [ [ 119.96022747474747, 6.190959797979798 ], [ 119.96022747474747, 6.387282121212121 ], [ 120.257867070707064, 6.387282121212121 ], [ 120.555506666666659, 6.387282121212121 ], [ 120.853146262626254, 6.387282121212121 ], [ 121.150785858585849, 6.387282121212121 ], [ 121.448425454545443, 6.387282121212121 ], [ 121.746065050505038, 6.387282121212121 ], [ 122.043704646464633, 6.387282121212121 ], [ 122.341344242424228, 6.387282121212121 ], [ 122.638983838383822, 6.387282121212121 ], [ 122.638983838383822, 6.190959797979798 ], [ 122.341344242424228, 6.190959797979798 ], [ 122.043704646464633, 6.190959797979798 ], [ 121.746065050505038, 6.190959797979798 ], [ 121.746065050505038, 5.994637474747475 ], [ 121.448425454545443, 5.994637474747475 ], [ 121.150785858585849, 5.994637474747475 ], [ 121.150785858585849, 6.190959797979798 ], [ 120.853146262626254, 6.190959797979798 ], [ 120.555506666666659, 6.190959797979798 ], [ 120.555506666666659, 5.994637474747475 ], [ 120.555506666666659, 5.798315151515152 ], [ 120.257867070707064, 5.798315151515152 ], [ 119.96022747474747, 5.798315151515152 ], [ 119.96022747474747, 5.994637474747475 ], [ 119.96022747474747, 6.190959797979798 ] ] ], [ [ [ 120.257867070707064, 6.976249090909091 ], [ 120.555506666666659, 6.976249090909091 ], [ 120.555506666666659, 7.172571414141414 ], [ 120.555506666666659, 7.368893737373737 ], [ 120.853146262626254, 7.368893737373737 ], [ 120.853146262626254, 7.56521606060606 ], [ 121.150785858585849, 7.56521606060606 ], [ 121.448425454545443, 7.56521606060606 ], [ 121.746065050505038, 7.56521606060606 ], [ 122.043704646464633, 7.56521606060606 ], [ 122.341344242424228, 7.56521606060606 ], [ 122.638983838383822, 7.56521606060606 ], [ 122.936623434343417, 7.56521606060606 ], [ 122.936623434343417, 7.368893737373737 ], [ 122.936623434343417, 7.172571414141414 ], [ 122.936623434343417, 6.976249090909091 ], [ 122.936623434343417, 6.779926767676768 ], [ 122.936623434343417, 6.583604444444445 ], [ 122.936623434343417, 6.387282121212122 ], [ 122.638983838383822, 6.387282121212122 ], [ 122.341344242424228, 6.387282121212122 ], [ 122.043704646464633, 6.387282121212122 ], [ 121.746065050505038, 6.387282121212122 ], [ 121.448425454545443, 6.387282121212122 ], [ 121.150785858585849, 6.387282121212122 ], [ 120.853146262626254, 6.387282121212122 ], [ 120.555506666666659, 6.387282121212122 ], [ 120.257867070707064, 6.387282121212122 ], [ 119.96022747474747, 6.387282121212122 ], [ 119.96022747474747, 6.583604444444445 ], [ 120.257867070707064, 6.583604444444445 ], [ 120.257867070707064, 6.779926767676768 ], [ 120.257867070707064, 6.976249090909091 ] ] ], [ [ [ 119.96022747474747, 8.939472323232323 ], [ 119.96022747474747, 9.135794646464646 ], [ 119.96022747474747, 9.332116969696969 ], [ 120.257867070707064, 9.332116969696969 ], [ 120.257867070707064, 9.135794646464646 ], [ 120.257867070707064, 8.939472323232323 ], [ 119.96022747474747, 8.939472323232323 ] ] ], [ [ [ 119.96022747474747, 10.510050909090909 ], [ 119.96022747474747, 10.706373232323232 ], [ 120.257867070707064, 10.706373232323232 ], [ 120.555506666666659, 10.706373232323232 ], [ 120.853146262626254, 10.706373232323232 ], [ 120.853146262626254, 10.510050909090909 ], [ 120.853146262626254, 10.313728585858586 ], [ 120.853146262626254, 10.117406262626263 ], [ 120.853146262626254, 9.92108393939394 ], [ 120.853146262626254, 9.724761616161617 ], [ 120.853146262626254, 9.528439292929294 ], [ 120.555506666666659, 9.528439292929294 ], [ 120.555506666666659, 9.332116969696971 ], [ 120.257867070707064, 9.332116969696971 ], [ 119.96022747474747, 9.332116969696971 ], [ 119.96022747474747, 9.528439292929294 ], [ 119.96022747474747, 9.724761616161617 ], [ 119.96022747474747, 9.92108393939394 ], [ 119.96022747474747, 10.117406262626263 ], [ 119.96022747474747, 10.313728585858586 ], [ 119.96022747474747, 10.510050909090909 ] ] ], [ [ [ 119.96022747474747, 10.706373232323234 ], [ 119.96022747474747, 10.902695555555557 ], [ 119.96022747474747, 11.09901787878788 ], [ 120.257867070707064, 11.09901787878788 ], [ 120.257867070707064, 10.902695555555557 ], [ 120.555506666666659, 10.902695555555557 ], [ 120.555506666666659, 10.706373232323234 ], [ 120.257867070707064, 10.706373232323234 ], [ 119.96022747474747, 10.706373232323234 ] ] ], [ [ [ 120.124672929292927, 14.157323030303029 ], [ 120.124672929292927, 14.415022424242423 ], [ 120.47799454545455, 14.415022424242423 ], [ 120.831316161616158, 14.415022424242423 ], [ 120.831316161616172, 14.415022424242423 ], [ 121.18463777777778, 14.415022424242423 ], [ 121.537959393939389, 14.415022424242423 ], [ 121.537959393939403, 14.415022424242423 ], [ 121.891281010101011, 14.415022424242423 ], [ 122.244602626262633, 14.415022424242423 ], [ 122.244602626262633, 14.157323030303029 ], [ 122.244602626262633, 13.899623636363636 ], [ 121.891281010101011, 13.899623636363636 ], [ 121.891281010101011, 13.641924242424242 ], [ 121.537959393939403, 13.641924242424242 ], [ 121.537959393939389, 13.641924242424242 ], [ 121.18463777777778, 13.641924242424242 ], [ 121.18463777777778, 13.384224848484848 ], [ 120.831316161616172, 13.384224848484848 ], [ 120.831316161616158, 13.384224848484848 ], [ 120.47799454545455, 13.384224848484848 ], [ 120.47799454545455, 13.641924242424242 ], [ 120.124672929292927, 13.641924242424242 ], [ 120.124672929292927, 13.899623636363636 ], [ 120.124672929292927, 14.157323030303029 ] ] ], [ [ [ 120.831316161616158, 15.188120606060606 ], [ 121.18463777777778, 15.188120606060606 ], [ 121.18463777777778, 15.44582 ], [ 121.537959393939389, 15.44582 ], [ 121.537959393939403, 15.44582 ], [ 121.891281010101011, 15.44582 ], [ 122.244602626262633, 15.44582 ], [ 122.244602626262633, 15.188120606060606 ], [ 122.597924242424256, 15.188120606060606 ], [ 122.597924242424256, 14.930421212121212 ], [ 122.597924242424256, 14.672721818181818 ], [ 122.597924242424256, 14.415022424242425 ], [ 122.244602626262633, 14.415022424242425 ], [ 121.891281010101011, 14.415022424242425 ], [ 121.537959393939403, 14.415022424242425 ], [ 121.537959393939389, 14.415022424242425 ], [ 121.18463777777778, 14.415022424242425 ], [ 120.831316161616172, 14.415022424242425 ], [ 120.831316161616158, 14.415022424242425 ], [ 120.47799454545455, 14.415022424242425 ], [ 120.124672929292927, 14.415022424242425 ], [ 120.124672929292927, 14.672721818181818 ], [ 120.47799454545455, 14.672721818181818 ], [ 120.47799454545455, 14.930421212121212 ], [ 120.831316161616158, 14.930421212121212 ], [ 120.831316161616158, 15.188120606060606 ] ] ], [ [ [ 120.124672929292927, 24.465298787878794 ], [ 119.771351313131305, 24.465298787878794 ], [ 119.771351313131305, 24.722998181818184 ], [ 119.771351313131305, 24.980697575757574 ], [ 120.124672929292927, 24.980697575757574 ], [ 120.47799454545455, 24.980697575757574 ], [ 120.831316161616158, 24.980697575757574 ], [ 120.831316161616172, 24.980697575757574 ], [ 121.18463777777778, 24.980697575757574 ], [ 121.537959393939389, 24.980697575757574 ], [ 121.537959393939403, 24.980697575757574 ], [ 121.891281010101011, 24.980697575757574 ], [ 122.244602626262633, 24.980697575757574 ], [ 122.597924242424241, 24.980697575757574 ], [ 122.597924242424256, 24.980697575757574 ], [ 122.95124585858585, 24.980697575757574 ], [ 122.951245858585864, 24.980697575757574 ], [ 123.304567474747472, 24.980697575757574 ], [ 123.304567474747472, 24.722998181818184 ], [ 122.951245858585864, 24.722998181818184 ], [ 122.951245858585864, 24.465298787878794 ], [ 122.597924242424256, 24.465298787878794 ], [ 122.597924242424241, 24.465298787878794 ], [ 122.244602626262633, 24.465298787878794 ], [ 121.891281010101011, 24.465298787878794 ], [ 121.537959393939403, 24.465298787878794 ], [ 121.537959393939389, 24.465298787878794 ], [ 121.18463777777778, 24.465298787878794 ], [ 120.831316161616172, 24.465298787878794 ], [ 120.831316161616158, 24.465298787878794 ], [ 120.47799454545455, 24.465298787878794 ], [ 120.124672929292927, 24.465298787878794 ] ] ], [ [ [ 120.124672929292927, 24.980697575757581 ], [ 120.124672929292927, 25.238396969696971 ], [ 120.124672929292927, 25.496096363636362 ], [ 120.47799454545455, 25.496096363636362 ], [ 120.831316161616158, 25.496096363636362 ], [ 120.831316161616172, 25.496096363636362 ], [ 121.18463777777778, 25.496096363636362 ], [ 121.537959393939389, 25.496096363636362 ], [ 121.537959393939403, 25.496096363636362 ], [ 121.891281010101011, 25.496096363636362 ], [ 122.244602626262633, 25.496096363636362 ], [ 122.597924242424241, 25.496096363636362 ], [ 122.597924242424256, 25.496096363636362 ], [ 122.95124585858585, 25.496096363636362 ], [ 122.951245858585864, 25.496096363636362 ], [ 123.304567474747472, 25.496096363636362 ], [ 123.304567474747472, 25.238396969696971 ], [ 123.304567474747472, 24.980697575757581 ], [ 122.951245858585864, 24.980697575757581 ], [ 122.95124585858585, 24.980697575757581 ], [ 122.597924242424256, 24.980697575757581 ], [ 122.597924242424241, 24.980697575757581 ], [ 122.244602626262633, 24.980697575757581 ], [ 121.891281010101011, 24.980697575757581 ], [ 121.537959393939403, 24.980697575757581 ], [ 121.537959393939389, 24.980697575757581 ], [ 121.18463777777778, 24.980697575757581 ], [ 120.831316161616172, 24.980697575757581 ], [ 120.831316161616158, 24.980697575757581 ], [ 120.47799454545455, 24.980697575757581 ], [ 120.124672929292927, 24.980697575757581 ] ] ], [ [ [ 120.831316161616172, 31.165483030303029 ], [ 121.18463777777778, 31.165483030303029 ], [ 121.537959393939389, 31.165483030303029 ], [ 121.537959393939403, 31.165483030303029 ], [ 121.891281010101011, 31.165483030303029 ], [ 122.244602626262633, 31.165483030303029 ], [ 122.597924242424256, 31.165483030303029 ], [ 122.597924242424256, 30.907783636363639 ], [ 122.597924242424256, 30.650084242424249 ], [ 122.244602626262633, 30.650084242424249 ], [ 121.891281010101011, 30.650084242424249 ], [ 121.537959393939403, 30.650084242424249 ], [ 121.537959393939389, 30.650084242424249 ], [ 121.18463777777778, 30.650084242424249 ], [ 120.831316161616172, 30.650084242424249 ], [ 120.831316161616158, 30.650084242424249 ], [ 120.47799454545455, 30.650084242424249 ], [ 120.124672929292927, 30.650084242424249 ], [ 119.771351313131305, 30.650084242424249 ], [ 119.771351313131305, 30.907783636363639 ], [ 120.124672929292927, 30.907783636363639 ], [ 120.124672929292927, 31.165483030303029 ], [ 120.47799454545455, 31.165483030303029 ], [ 120.831316161616158, 31.165483030303029 ], [ 120.831316161616172, 31.165483030303029 ] ] ], [ [ [ 120.124672929292927, 31.165483030303037 ], [ 120.124672929292927, 31.423182424242427 ], [ 120.47799454545455, 31.423182424242427 ], [ 120.47799454545455, 31.680881818181817 ], [ 120.831316161616158, 31.680881818181817 ], [ 120.831316161616172, 31.680881818181817 ], [ 121.18463777777778, 31.680881818181817 ], [ 121.537959393939389, 31.680881818181817 ], [ 121.537959393939403, 31.680881818181817 ], [ 121.891281010101011, 31.680881818181817 ], [ 122.244602626262633, 31.680881818181817 ], [ 122.597924242424256, 31.680881818181817 ], [ 122.597924242424256, 31.423182424242427 ], [ 122.597924242424256, 31.165483030303037 ], [ 122.244602626262633, 31.165483030303037 ], [ 121.891281010101011, 31.165483030303037 ], [ 121.537959393939403, 31.165483030303037 ], [ 121.537959393939389, 31.165483030303037 ], [ 121.18463777777778, 31.165483030303037 ], [ 120.831316161616172, 31.165483030303037 ], [ 120.831316161616158, 31.165483030303037 ], [ 120.47799454545455, 31.165483030303037 ], [ 120.124672929292927, 31.165483030303037 ] ] ], [ [ [ 122.043704646464633, 7.957860707070708 ], [ 122.341344242424228, 7.957860707070708 ], [ 122.638983838383822, 7.957860707070708 ], [ 122.936623434343417, 7.957860707070708 ], [ 122.936623434343417, 7.761538383838385 ], [ 122.936623434343417, 7.565216060606062 ], [ 122.638983838383822, 7.565216060606062 ], [ 122.341344242424228, 7.565216060606062 ], [ 122.043704646464633, 7.565216060606062 ], [ 121.746065050505038, 7.565216060606062 ], [ 121.448425454545443, 7.565216060606062 ], [ 121.150785858585849, 7.565216060606062 ], [ 121.150785858585849, 7.761538383838385 ], [ 121.448425454545443, 7.761538383838385 ], [ 121.746065050505038, 7.761538383838385 ], [ 121.746065050505038, 7.957860707070708 ], [ 122.043704646464633, 7.957860707070708 ] ] ], [ [ [ 120.831316161616158, 31.680881818181824 ], [ 120.831316161616158, 31.938581212121214 ], [ 121.18463777777778, 31.938581212121214 ], [ 121.537959393939389, 31.938581212121214 ], [ 121.537959393939403, 31.938581212121214 ], [ 121.891281010101011, 31.938581212121214 ], [ 122.244602626262633, 31.938581212121214 ], [ 122.597924242424256, 31.938581212121214 ], [ 122.597924242424256, 31.680881818181824 ], [ 122.244602626262633, 31.680881818181824 ], [ 121.891281010101011, 31.680881818181824 ], [ 121.537959393939403, 31.680881818181824 ], [ 121.537959393939389, 31.680881818181824 ], [ 121.18463777777778, 31.680881818181824 ], [ 120.831316161616158, 31.680881818181824 ] ] ], [ [ [ 121.537959393939389, 32.196280606060611 ], [ 121.891281010101011, 32.196280606060611 ], [ 121.891281010101011, 31.938581212121221 ], [ 121.537959393939389, 31.938581212121221 ], [ 121.537959393939389, 32.196280606060611 ] ] ], [ [ [ 122.936623434343431, 6.976249090909091 ], [ 122.936623434343431, 7.172571414141414 ], [ 122.936623434343431, 7.368893737373737 ], [ 122.936623434343431, 7.56521606060606 ], [ 123.234263030303026, 7.56521606060606 ], [ 123.531902626262621, 7.56521606060606 ], [ 123.531902626262621, 7.368893737373737 ], [ 123.531902626262621, 7.172571414141414 ], [ 123.531902626262621, 6.976249090909091 ], [ 123.531902626262621, 6.779926767676768 ], [ 123.234263030303026, 6.779926767676768 ], [ 123.234263030303026, 6.583604444444445 ], [ 122.936623434343431, 6.583604444444445 ], [ 122.936623434343431, 6.779926767676768 ], [ 122.936623434343431, 6.976249090909091 ] ] ], [ [ [ 122.936623434343431, 7.957860707070708 ], [ 123.234263030303026, 7.957860707070708 ], [ 123.234263030303026, 7.761538383838385 ], [ 123.531902626262621, 7.761538383838385 ], [ 123.531902626262621, 7.565216060606062 ], [ 123.234263030303026, 7.565216060606062 ], [ 122.936623434343431, 7.565216060606062 ], [ 122.936623434343431, 7.761538383838385 ], [ 122.936623434343431, 7.957860707070708 ] ] ], [ [ [ 130.370999797979806, 32.196280606060611 ], [ 130.017678181818184, 32.196280606060611 ], [ 129.664356565656561, 32.196280606060611 ], [ 129.664356565656561, 32.45398 ], [ 130.017678181818184, 32.45398 ], [ 130.370999797979806, 32.45398 ], [ 130.7243214141414, 32.45398 ], [ 130.724321414141428, 32.45398 ], [ 131.077643030303022, 32.45398 ], [ 131.077643030303022, 32.196280606060611 ], [ 130.724321414141428, 32.196280606060611 ], [ 130.7243214141414, 32.196280606060611 ], [ 130.370999797979806, 32.196280606060611 ] ] ], [ [ [ 130.7243214141414, 32.969378787878789 ], [ 130.724321414141428, 32.969378787878789 ], [ 131.077643030303022, 32.969378787878789 ], [ 131.430964646464645, 32.969378787878789 ], [ 131.430964646464645, 32.711679393939399 ], [ 131.077643030303022, 32.711679393939399 ], [ 131.077643030303022, 32.45398 ], [ 130.724321414141428, 32.45398 ], [ 130.7243214141414, 32.45398 ], [ 130.370999797979806, 32.45398 ], [ 130.017678181818184, 32.45398 ], [ 129.664356565656561, 32.45398 ], [ 129.664356565656561, 32.711679393939399 ], [ 129.664356565656561, 32.969378787878789 ], [ 130.017678181818184, 32.969378787878789 ], [ 130.370999797979806, 32.969378787878789 ], [ 130.7243214141414, 32.969378787878789 ] ] ], [ [ [ 131.077643030303022, 32.969378787878796 ], [ 130.724321414141428, 32.969378787878796 ], [ 130.7243214141414, 32.969378787878796 ], [ 130.370999797979806, 32.969378787878796 ], [ 130.017678181818184, 32.969378787878796 ], [ 130.017678181818184, 33.227078181818186 ], [ 130.370999797979806, 33.227078181818186 ], [ 130.370999797979806, 33.484777575757576 ], [ 130.7243214141414, 33.484777575757576 ], [ 130.724321414141428, 33.484777575757576 ], [ 131.077643030303022, 33.484777575757576 ], [ 131.077643030303022, 33.227078181818186 ], [ 131.430964646464645, 33.227078181818186 ], [ 131.430964646464645, 32.969378787878796 ], [ 131.077643030303022, 32.969378787878796 ] ] ] ] } },
{ "type": "Feature", "properties": { "month": 12, "species_sci": "Cyanoptila cyanomelana", "species_com": "Blue-and-white Flycatcher / Ōruri" }, "geometry": { "type": "MultiPolygon", "coordinates": [ [ [ [ 77.08286, 9.151866666666667 ], [ 77.08286, 9.151866666666667 ], [ 77.293922222222221, 9.151866666666667 ], [ 77.504984444444432, 9.151866666666667 ], [ 77.716046666666671, 9.151866666666667 ], [ 77.927108888888881, 9.151866666666667 ], [ 78.13817111111112, 9.151866666666667 ], [ 78.13817111111112, 9.015996969696971 ], [ 77.927108888888881, 9.015996969696971 ], [ 77.716046666666671, 9.015996969696971 ], [ 77.504984444444432, 9.015996969696971 ], [ 77.293922222222221, 9.015996969696971 ], [ 77.08286, 9.015996969696971 ], [ 77.08286, 9.015996969696971 ], [ 76.871797777777772, 9.015996969696971 ], [ 76.660735555555561, 9.015996969696971 ], [ 76.449673333333322, 9.015996969696971 ], [ 76.238611111111112, 9.015996969696971 ], [ 76.238611111111112, 9.151866666666667 ], [ 76.449673333333322, 9.151866666666667 ], [ 76.660735555555561, 9.151866666666667 ], [ 76.871797777777772, 9.151866666666667 ], [ 77.08286, 9.151866666666667 ] ] ], [ [ [ 76.027548888888873, 9.42360606060606 ], [ 76.027548888888902, 9.42360606060606 ], [ 76.238611111111112, 9.42360606060606 ], [ 76.449673333333322, 9.42360606060606 ], [ 76.660735555555561, 9.42360606060606 ], [ 76.871797777777772, 9.42360606060606 ], [ 77.08286, 9.42360606060606 ], [ 77.08286, 9.42360606060606 ], [ 77.293922222222221, 9.42360606060606 ], [ 77.504984444444432, 9.42360606060606 ], [ 77.716046666666671, 9.42360606060606 ], [ 77.927108888888881, 9.42360606060606 ], [ 78.13817111111112, 9.42360606060606 ], [ 78.349233333333331, 9.42360606060606 ], [ 78.560295555555541, 9.42360606060606 ], [ 78.560295555555541, 9.287736363636364 ], [ 78.349233333333331, 9.287736363636364 ], [ 78.349233333333331, 9.151866666666669 ], [ 78.13817111111112, 9.151866666666669 ], [ 77.927108888888881, 9.151866666666669 ], [ 77.716046666666671, 9.151866666666669 ], [ 77.504984444444432, 9.151866666666669 ], [ 77.293922222222221, 9.151866666666669 ], [ 77.08286, 9.151866666666669 ], [ 77.08286, 9.151866666666669 ], [ 76.871797777777772, 9.151866666666669 ], [ 76.660735555555561, 9.151866666666669 ], [ 76.449673333333322, 9.151866666666669 ], [ 76.238611111111112, 9.151866666666669 ], [ 76.027548888888902, 9.151866666666669 ], [ 76.027548888888873, 9.151866666666669 ], [ 75.816486666666663, 9.151866666666669 ], [ 75.816486666666663, 9.287736363636364 ], [ 75.605424444444452, 9.287736363636364 ], [ 75.605424444444452, 9.42360606060606 ], [ 75.816486666666663, 9.42360606060606 ], [ 76.027548888888873, 9.42360606060606 ] ] ], [ [ [ 75.816486666666663, 9.423606060606062 ], [ 75.605424444444452, 9.423606060606062 ], [ 75.605424444444452, 9.559475757575758 ], [ 75.816486666666663, 9.559475757575758 ], [ 76.027548888888873, 9.559475757575758 ], [ 76.027548888888902, 9.559475757575758 ], [ 76.238611111111112, 9.559475757575758 ], [ 76.449673333333322, 9.559475757575758 ], [ 76.660735555555561, 9.559475757575758 ], [ 76.871797777777772, 9.559475757575758 ], [ 77.08286, 9.559475757575758 ], [ 77.08286, 9.559475757575758 ], [ 77.293922222222221, 9.559475757575758 ], [ 77.504984444444432, 9.559475757575758 ], [ 77.716046666666671, 9.559475757575758 ], [ 77.927108888888881, 9.559475757575758 ], [ 78.13817111111112, 9.559475757575758 ], [ 78.349233333333331, 9.559475757575758 ], [ 78.560295555555541, 9.559475757575758 ], [ 78.77135777777778, 9.559475757575758 ], [ 78.77135777777778, 9.423606060606062 ], [ 78.560295555555541, 9.423606060606062 ], [ 78.349233333333331, 9.423606060606062 ], [ 78.13817111111112, 9.423606060606062 ], [ 77.927108888888881, 9.423606060606062 ], [ 77.716046666666671, 9.423606060606062 ], [ 77.504984444444432, 9.423606060606062 ], [ 77.293922222222221, 9.423606060606062 ], [ 77.08286, 9.423606060606062 ], [ 77.08286, 9.423606060606062 ], [ 76.871797777777772, 9.423606060606062 ], [ 76.660735555555561, 9.423606060606062 ], [ 76.449673333333322, 9.423606060606062 ], [ 76.238611111111112, 9.423606060606062 ], [ 76.027548888888902, 9.423606060606062 ], [ 76.027548888888873, 9.423606060606062 ], [ 75.816486666666663, 9.423606060606062 ] ] ], [ [ [ 75.816486666666663, 9.831215151515151 ], [ 76.027548888888873, 9.831215151515151 ], [ 76.027548888888902, 9.831215151515151 ], [ 76.238611111111112, 9.831215151515151 ], [ 76.449673333333322, 9.831215151515151 ], [ 76.660735555555561, 9.831215151515151 ], [ 76.871797777777772, 9.831215151515151 ], [ 77.08286, 9.831215151515151 ], [ 77.08286, 9.831215151515151 ], [ 77.293922222222221, 9.831215151515151 ], [ 77.504984444444432, 9.831215151515151 ], [ 77.716046666666671, 9.831215151515151 ], [ 77.927108888888881, 9.831215151515151 ], [ 78.13817111111112, 9.831215151515151 ], [ 78.349233333333331, 9.831215151515151 ], [ 78.560295555555541, 9.831215151515151 ], [ 78.77135777777778, 9.831215151515151 ], [ 78.77135777777778, 9.695345454545455 ], [ 78.77135777777778, 9.559475757575759 ], [ 78.560295555555541, 9.559475757575759 ], [ 78.349233333333331, 9.559475757575759 ], [ 78.13817111111112, 9.559475757575759 ], [ 77.927108888888881, 9.559475757575759 ], [ 77.716046666666671, 9.559475757575759 ], [ 77.504984444444432, 9.559475757575759 ], [ 77.293922222222221, 9.559475757575759 ], [ 77.08286, 9.559475757575759 ], [ 77.08286, 9.559475757575759 ], [ 76.871797777777772, 9.559475757575759 ], [ 76.660735555555561, 9.559475757575759 ], [ 76.449673333333322, 9.559475757575759 ], [ 76.238611111111112, 9.559475757575759 ], [ 76.027548888888902, 9.559475757575759 ], [ 76.027548888888873, 9.559475757575759 ], [ 75.816486666666663, 9.559475757575759 ], [ 75.605424444444452, 9.559475757575759 ], [ 75.394362222222213, 9.559475757575759 ], [ 75.394362222222213, 9.695345454545455 ], [ 75.1833, 9.695345454545455 ], [ 75.1833, 9.831215151515151 ], [ 75.394362222222213, 9.831215151515151 ], [ 75.605424444444452, 9.831215151515151 ], [ 75.816486666666663, 9.831215151515151 ] ] ], [ [ [ 75.1833, 9.831215151515153 ], [ 75.1833, 9.967084848484848 ], [ 75.394362222222213, 9.967084848484848 ], [ 75.605424444444452, 9.967084848484848 ], [ 75.816486666666663, 9.967084848484848 ], [ 76.027548888888873, 9.967084848484848 ], [ 76.027548888888902, 9.967084848484848 ], [ 76.238611111111112, 9.967084848484848 ], [ 76.449673333333322, 9.967084848484848 ], [ 76.660735555555561, 9.967084848484848 ], [ 76.871797777777772, 9.967084848484848 ], [ 77.08286, 9.967084848484848 ], [ 77.08286, 9.967084848484848 ], [ 77.293922222222221, 9.967084848484848 ], [ 77.504984444444432, 9.967084848484848 ], [ 77.716046666666671, 9.967084848484848 ], [ 77.927108888888881, 9.967084848484848 ], [ 78.13817111111112, 9.967084848484848 ], [ 78.349233333333331, 9.967084848484848 ], [ 78.560295555555541, 9.967084848484848 ], [ 78.77135777777778, 9.967084848484848 ], [ 78.77135777777778, 9.831215151515153 ], [ 78.560295555555541, 9.831215151515153 ], [ 78.349233333333331, 9.831215151515153 ], [ 78.13817111111112, 9.831215151515153 ], [ 77.927108888888881, 9.831215151515153 ], [ 77.716046666666671, 9.831215151515153 ], [ 77.504984444444432, 9.831215151515153 ], [ 77.293922222222221, 9.831215151515153 ], [ 77.08286, 9.831215151515153 ], [ 77.08286, 9.831215151515153 ], [ 76.871797777777772, 9.831215151515153 ], [ 76.660735555555561, 9.831215151515153 ], [ 76.449673333333322, 9.831215151515153 ], [ 76.238611111111112, 9.831215151515153 ], [ 76.027548888888902, 9.831215151515153 ], [ 76.027548888888873, 9.831215151515153 ], [ 75.816486666666663, 9.831215151515153 ], [ 75.605424444444452, 9.831215151515153 ], [ 75.394362222222213, 9.831215151515153 ], [ 75.1833, 9.831215151515153 ] ] ], [ [ [ 74.972237777777764, 10.102954545454546 ], [ 74.972237777777764, 10.238824242424242 ], [ 75.1833, 10.238824242424242 ], [ 75.394362222222213, 10.238824242424242 ], [ 75.605424444444452, 10.238824242424242 ], [ 75.816486666666663, 10.238824242424242 ], [ 76.027548888888873, 10.238824242424242 ], [ 76.027548888888902, 10.238824242424242 ], [ 76.238611111111112, 10.238824242424242 ], [ 76.449673333333322, 10.238824242424242 ], [ 76.660735555555561, 10.238824242424242 ], [ 76.871797777777772, 10.238824242424242 ], [ 77.08286, 10.238824242424242 ], [ 77.08286, 10.238824242424242 ], [ 77.293922222222221, 10.238824242424242 ], [ 77.504984444444432, 10.238824242424242 ], [ 77.716046666666671, 10.238824242424242 ], [ 77.927108888888881, 10.238824242424242 ], [ 78.13817111111112, 10.238824242424242 ], [ 78.349233333333331, 10.238824242424242 ], [ 78.560295555555541, 10.238824242424242 ], [ 78.77135777777778, 10.238824242424242 ], [ 78.77135777777778, 10.102954545454546 ], [ 78.77135777777778, 9.96708484848485 ], [ 78.560295555555541, 9.96708484848485 ], [ 78.349233333333331, 9.96708484848485 ], [ 78.13817111111112, 9.96708484848485 ], [ 77.927108888888881, 9.96708484848485 ], [ 77.716046666666671, 9.96708484848485 ], [ 77.504984444444432, 9.96708484848485 ], [ 77.293922222222221, 9.96708484848485 ], [ 77.08286, 9.96708484848485 ], [ 77.08286, 9.96708484848485 ], [ 76.871797777777772, 9.96708484848485 ], [ 76.660735555555561, 9.96708484848485 ], [ 76.449673333333322, 9.96708484848485 ], [ 76.238611111111112, 9.96708484848485 ], [ 76.027548888888902, 9.96708484848485 ], [ 76.027548888888873, 9.96708484848485 ], [ 75.816486666666663, 9.96708484848485 ], [ 75.605424444444452, 9.96708484848485 ], [ 75.394362222222213, 9.96708484848485 ], [ 75.1833, 9.96708484848485 ], [ 74.972237777777764, 9.96708484848485 ], [ 74.972237777777764, 10.102954545454546 ] ] ], [ [ [ 75.1833, 10.646433333333333 ], [ 75.394362222222213, 10.646433333333333 ], [ 75.605424444444452, 10.646433333333333 ], [ 75.816486666666663, 10.646433333333333 ], [ 76.027548888888873, 10.646433333333333 ], [ 76.027548888888902, 10.646433333333333 ], [ 76.238611111111112, 10.646433333333333 ], [ 76.449673333333322, 10.646433333333333 ], [ 76.660735555555561, 10.646433333333333 ], [ 76.871797777777772, 10.646433333333333 ], [ 77.08286, 10.646433333333333 ], [ 77.08286, 10.646433333333333 ], [ 77.293922222222221, 10.646433333333333 ], [ 77.504984444444432, 10.646433333333333 ], [ 77.716046666666671, 10.646433333333333 ], [ 77.927108888888881, 10.646433333333333 ], [ 78.13817111111112, 10.646433333333333 ], [ 78.349233333333331, 10.646433333333333 ], [ 78.560295555555541, 10.646433333333333 ], [ 78.77135777777778, 10.646433333333333 ], [ 78.77135777777778, 10.510563636363637 ], [ 78.77135777777778, 10.374693939393941 ], [ 78.77135777777778, 10.238824242424245 ], [ 78.560295555555541, 10.238824242424245 ], [ 78.349233333333331, 10.238824242424245 ], [ 78.13817111111112, 10.238824242424245 ], [ 77.927108888888881, 10.238824242424245 ], [ 77.716046666666671, 10.238824242424245 ], [ 77.504984444444432, 10.238824242424245 ], [ 77.293922222222221, 10.238824242424245 ], [ 77.08286, 10.238824242424245 ], [ 77.08286, 10.238824242424245 ], [ 76.871797777777772, 10.238824242424245 ], [ 76.660735555555561, 10.238824242424245 ], [ 76.449673333333322, 10.238824242424245 ], [ 76.238611111111112, 10.238824242424245 ], [ 76.027548888888902, 10.238824242424245 ], [ 76.027548888888873, 10.238824242424245 ], [ 75.816486666666663, 10.238824242424245 ], [ 75.605424444444452, 10.238824242424245 ], [ 75.394362222222213, 10.238824242424245 ], [ 75.1833, 10.238824242424245 ], [ 74.972237777777764, 10.238824242424245 ], [ 74.972237777777764, 10.374693939393941 ], [ 74.972237777777764, 10.510563636363637 ], [ 74.972237777777764, 10.646433333333333 ], [ 75.1833, 10.646433333333333 ] ] ], [ [ [ 74.972237777777764, 10.782303030303032 ], [ 74.972237777777764, 10.918172727272728 ], [ 74.972237777777764, 11.054042424242423 ], [ 75.1833, 11.054042424242423 ], [ 75.394362222222213, 11.054042424242423 ], [ 75.605424444444452, 11.054042424242423 ], [ 75.816486666666663, 11.054042424242423 ], [ 76.027548888888873, 11.054042424242423 ], [ 76.027548888888902, 11.054042424242423 ], [ 76.238611111111112, 11.054042424242423 ], [ 76.449673333333322, 11.054042424242423 ], [ 76.660735555555561, 11.054042424242423 ], [ 76.871797777777772, 11.054042424242423 ], [ 77.08286, 11.054042424242423 ], [ 77.08286, 11.054042424242423 ], [ 77.293922222222221, 11.054042424242423 ], [ 77.504984444444432, 11.054042424242423 ], [ 77.716046666666671, 11.054042424242423 ], [ 77.927108888888881, 11.054042424242423 ], [ 78.13817111111112, 11.054042424242423 ], [ 78.349233333333331, 11.054042424242423 ], [ 78.560295555555541, 11.054042424242423 ], [ 78.560295555555541, 10.918172727272728 ], [ 78.560295555555541, 10.782303030303032 ], [ 78.77135777777778, 10.782303030303032 ], [ 78.77135777777778, 10.646433333333336 ], [ 78.560295555555541, 10.646433333333336 ], [ 78.349233333333331, 10.646433333333336 ], [ 78.13817111111112, 10.646433333333336 ], [ 77.927108888888881, 10.646433333333336 ], [ 77.716046666666671, 10.646433333333336 ], [ 77.504984444444432, 10.646433333333336 ], [ 77.293922222222221, 10.646433333333336 ], [ 77.08286, 10.646433333333336 ], [ 77.08286, 10.646433333333336 ], [ 76.871797777777772, 10.646433333333336 ], [ 76.660735555555561, 10.646433333333336 ], [ 76.449673333333322, 10.646433333333336 ], [ 76.238611111111112, 10.646433333333336 ], [ 76.027548888888902, 10.646433333333336 ], [ 76.027548888888873, 10.646433333333336 ], [ 75.816486666666663, 10.646433333333336 ], [ 75.605424444444452, 10.646433333333336 ], [ 75.394362222222213, 10.646433333333336 ], [ 75.1833, 10.646433333333336 ], [ 74.972237777777764, 10.646433333333336 ], [ 74.972237777777764, 10.782303030303032 ] ] ], [ [ [ 75.1833, 11.054042424242427 ], [ 74.972237777777764, 11.054042424242427 ], [ 74.972237777777764, 11.189912121212123 ], [ 75.1833, 11.189912121212123 ], [ 75.1833, 11.325781818181818 ], [ 75.1833, 11.461651515151514 ], [ 75.394362222222213, 11.461651515151514 ], [ 75.605424444444452, 11.461651515151514 ], [ 75.816486666666663, 11.461651515151514 ], [ 76.027548888888873, 11.461651515151514 ], [ 76.027548888888902, 11.461651515151514 ], [ 76.238611111111112, 11.461651515151514 ], [ 76.449673333333322, 11.461651515151514 ], [ 76.660735555555561, 11.461651515151514 ], [ 76.871797777777772, 11.461651515151514 ], [ 77.08286, 11.461651515151514 ], [ 77.08286, 11.461651515151514 ], [ 77.293922222222221, 11.461651515151514 ], [ 77.504984444444432, 11.461651515151514 ], [ 77.716046666666671, 11.461651515151514 ], [ 77.927108888888881, 11.461651515151514 ], [ 78.13817111111112, 11.461651515151514 ], [ 78.13817111111112, 11.325781818181818 ], [ 78.13817111111112, 11.189912121212123 ], [ 78.349233333333331, 11.189912121212123 ], [ 78.349233333333331, 11.054042424242427 ], [ 78.13817111111112, 11.054042424242427 ], [ 77.927108888888881, 11.054042424242427 ], [ 77.716046666666671, 11.054042424242427 ], [ 77.504984444444432, 11.054042424242427 ], [ 77.293922222222221, 11.054042424242427 ], [ 77.08286, 11.054042424242427 ], [ 77.08286, 11.054042424242427 ], [ 76.871797777777772, 11.054042424242427 ], [ 76.660735555555561, 11.054042424242427 ], [ 76.449673333333322, 11.054042424242427 ], [ 76.238611111111112, 11.054042424242427 ], [ 76.027548888888902, 11.054042424242427 ], [ 76.027548888888873, 11.054042424242427 ], [ 75.816486666666663, 11.054042424242427 ], [ 75.605424444444452, 11.054042424242427 ], [ 75.394362222222213, 11.054042424242427 ], [ 75.1833, 11.054042424242427 ] ] ], [ [ [ 75.605424444444452, 11.733390909090909 ], [ 75.816486666666663, 11.733390909090909 ], [ 76.027548888888873, 11.733390909090909 ], [ 76.027548888888902, 11.733390909090909 ], [ 76.238611111111112, 11.733390909090909 ], [ 76.449673333333322, 11.733390909090909 ], [ 76.660735555555561, 11.733390909090909 ], [ 76.871797777777772, 11.733390909090909 ], [ 77.08286, 11.733390909090909 ], [ 77.08286, 11.733390909090909 ], [ 77.293922222222221, 11.733390909090909 ], [ 77.504984444444432, 11.733390909090909 ], [ 77.504984444444432, 11.597521212121213 ], [ 77.716046666666671, 11.597521212121213 ], [ 77.927108888888881, 11.597521212121213 ], [ 77.927108888888881, 11.461651515151518 ], [ 77.716046666666671, 11.461651515151518 ], [ 77.504984444444432, 11.461651515151518 ], [ 77.293922222222221, 11.461651515151518 ], [ 77.08286, 11.461651515151518 ], [ 77.08286, 11.461651515151518 ], [ 76.871797777777772, 11.461651515151518 ], [ 76.660735555555561, 11.461651515151518 ], [ 76.449673333333322, 11.461651515151518 ], [ 76.238611111111112, 11.461651515151518 ], [ 76.027548888888902, 11.461651515151518 ], [ 76.027548888888873, 11.461651515151518 ], [ 75.816486666666663, 11.461651515151518 ], [ 75.605424444444452, 11.461651515151518 ], [ 75.394362222222213, 11.461651515151518 ], [ 75.394362222222213, 11.597521212121213 ], [ 75.605424444444452, 11.597521212121213 ], [ 75.605424444444452, 11.733390909090909 ] ] ], [ [ [ 76.449673333333322, 11.869260606060607 ], [ 76.660735555555561, 11.869260606060607 ], [ 76.871797777777772, 11.869260606060607 ], [ 77.08286, 11.869260606060607 ], [ 77.08286, 11.733390909090911 ], [ 76.871797777777772, 11.733390909090911 ], [ 76.660735555555561, 11.733390909090911 ], [ 76.449673333333322, 11.733390909090911 ], [ 76.238611111111112, 11.733390909090911 ], [ 76.027548888888873, 11.733390909090911 ], [ 76.027548888888873, 11.869260606060607 ], [ 76.238611111111112, 11.869260606060607 ], [ 76.449673333333322, 11.869260606060607 ] ] ], [ [ [ 76.027548888888873, 17.032309090909092 ], [ 76.027548888888873, 17.168178787878787 ], [ 76.027548888888873, 17.168178787878791 ], [ 76.027548888888873, 17.304048484848483 ], [ 76.027548888888873, 17.304048484848487 ], [ 76.027548888888873, 17.439918181818182 ], [ 76.027548888888873, 17.575787878787878 ], [ 76.027548888888873, 17.575787878787882 ], [ 76.027548888888873, 17.711657575757577 ], [ 76.238611111111112, 17.711657575757577 ], [ 76.238611111111112, 17.847527272727273 ], [ 76.238611111111112, 17.847527272727277 ], [ 76.238611111111112, 17.983396969696969 ], [ 76.238611111111112, 17.983396969696972 ], [ 76.238611111111112, 18.119266666666668 ], [ 76.449673333333322, 18.119266666666668 ], [ 76.449673333333322, 18.255136363636364 ], [ 76.449673333333322, 18.255136363636367 ], [ 76.449673333333322, 18.391006060606063 ], [ 76.660735555555561, 18.391006060606063 ], [ 76.660735555555561, 18.526875757575759 ], [ 76.871797777777772, 18.526875757575759 ], [ 77.08286, 18.526875757575759 ], [ 77.08286, 18.662745454545458 ], [ 77.293922222222221, 18.662745454545458 ], [ 77.504984444444432, 18.662745454545458 ], [ 77.716046666666671, 18.662745454545458 ], [ 77.927108888888881, 18.662745454545458 ], [ 78.13817111111112, 18.662745454545458 ], [ 78.349233333333331, 18.662745454545458 ], [ 78.349233333333331, 18.526875757575759 ], [ 78.560295555555541, 18.526875757575759 ], [ 78.77135777777778, 18.526875757575759 ], [ 78.77135777777778, 18.391006060606063 ], [ 78.98242, 18.391006060606063 ], [ 78.98242, 18.255136363636367 ], [ 79.193482222222229, 18.255136363636367 ], [ 79.193482222222229, 18.119266666666668 ], [ 79.40454444444444, 18.119266666666668 ], [ 79.40454444444444, 17.983396969696972 ], [ 79.40454444444444, 17.983396969696969 ], [ 79.40454444444444, 17.847527272727277 ], [ 79.61560666666665, 17.847527272727277 ], [ 79.61560666666665, 17.711657575757577 ], [ 79.61560666666665, 17.575787878787882 ], [ 79.61560666666665, 17.575787878787878 ], [ 79.61560666666665, 17.439918181818182 ], [ 79.826668888888889, 17.439918181818182 ], [ 79.826668888888889, 17.304048484848487 ], [ 79.826668888888889, 17.304048484848483 ], [ 79.826668888888889, 17.168178787878791 ], [ 79.826668888888889, 17.168178787878787 ], [ 79.826668888888889, 17.032309090909092 ], [ 79.826668888888889, 16.896439393939396 ], [ 79.826668888888889, 16.896439393939392 ], [ 79.826668888888889, 16.760569696969696 ], [ 79.61560666666665, 16.760569696969696 ], [ 79.61560666666665, 16.6247 ], [ 79.61560666666665, 16.488830303030305 ], [ 79.61560666666665, 16.488830303030301 ], [ 79.61560666666665, 16.352960606060606 ], [ 79.40454444444444, 16.352960606060606 ], [ 79.40454444444444, 16.21709090909091 ], [ 79.193482222222229, 16.21709090909091 ], [ 79.193482222222229, 16.081221212121211 ], [ 78.98242, 16.081221212121211 ], [ 78.98242, 15.945351515151517 ], [ 78.77135777777778, 15.945351515151517 ], [ 78.560295555555541, 15.945351515151517 ], [ 78.560295555555541, 15.809481818181821 ], [ 78.349233333333331, 15.809481818181821 ], [ 78.13817111111112, 15.809481818181821 ], [ 77.927108888888881, 15.809481818181821 ], [ 77.716046666666671, 15.809481818181821 ], [ 77.716046666666671, 15.945351515151517 ], [ 77.504984444444432, 15.945351515151517 ], [ 77.293922222222221, 15.945351515151517 ], [ 77.293922222222221, 16.081221212121211 ], [ 77.08286, 16.081221212121211 ], [ 77.08286, 16.081221212121211 ], [ 76.871797777777772, 16.081221212121211 ], [ 76.871797777777772, 16.21709090909091 ], [ 76.660735555555561, 16.21709090909091 ], [ 76.660735555555561, 16.352960606060606 ], [ 76.660735555555561, 16.352960606060609 ], [ 76.660735555555561, 16.488830303030301 ], [ 76.449673333333322, 16.488830303030301 ], [ 76.449673333333322, 16.6247 ], [ 76.238611111111112, 16.6247 ], [ 76.238611111111112, 16.760569696969696 ], [ 76.238611111111112, 16.7605696969697 ], [ 76.238611111111112, 16.896439393939392 ], [ 76.238611111111112, 16.896439393939396 ], [ 76.238611111111112, 17.032309090909092 ], [ 76.027548888888873, 17.032309090909092 ] ] ], [ [ [ 76.660735555555561, 8.880127272727274 ], [ 76.660735555555561, 9.015996969696969 ], [ 76.871797777777772, 9.015996969696969 ], [ 77.08286, 9.015996969696969 ], [ 77.08286, 9.015996969696969 ], [ 77.293922222222221, 9.015996969696969 ], [ 77.504984444444432, 9.015996969696969 ], [ 77.716046666666671, 9.015996969696969 ], [ 77.927108888888881, 9.015996969696969 ], [ 77.927108888888881, 8.880127272727274 ], [ 77.716046666666671, 8.880127272727274 ], [ 77.504984444444432, 8.880127272727274 ], [ 77.293922222222221, 8.880127272727274 ], [ 77.08286, 8.880127272727274 ], [ 77.08286, 8.880127272727274 ], [ 76.871797777777772, 8.880127272727274 ], [ 76.660735555555561, 8.880127272727274 ] ] ], [ [ [ 78.98242, 6.434472727272729 ], [ 78.98242, 6.570342424242424 ], [ 79.193482222222229, 6.570342424242424 ], [ 79.40454444444444, 6.570342424242424 ], [ 79.61560666666665, 6.570342424242424 ], [ 79.826668888888889, 6.570342424242424 ], [ 80.0377311111111, 6.570342424242424 ], [ 80.248793333333339, 6.570342424242424 ], [ 80.459855555555549, 6.570342424242424 ], [ 80.67091777777776, 6.570342424242424 ], [ 80.670917777777788, 6.570342424242424 ], [ 80.88198, 6.570342424242424 ], [ 81.093042222222209, 6.570342424242424 ], [ 81.304104444444448, 6.570342424242424 ], [ 81.515166666666659, 6.570342424242424 ], [ 81.726228888888869, 6.570342424242424 ], [ 81.726228888888897, 6.570342424242424 ], [ 81.937291111111108, 6.570342424242424 ], [ 82.148353333333318, 6.570342424242424 ], [ 82.359415555555557, 6.570342424242424 ], [ 82.570477777777768, 6.570342424242424 ], [ 82.78154, 6.570342424242424 ], [ 82.78154, 6.434472727272729 ], [ 82.78154, 6.298603030303031 ], [ 82.570477777777768, 6.298603030303031 ], [ 82.570477777777768, 6.162733333333334 ], [ 82.570477777777768, 6.026863636363638 ], [ 82.359415555555557, 6.026863636363638 ], [ 82.148353333333318, 6.026863636363638 ], [ 81.937291111111108, 6.026863636363638 ], [ 81.726228888888897, 6.026863636363638 ], [ 81.726228888888869, 6.026863636363638 ], [ 81.515166666666659, 6.026863636363638 ], [ 81.304104444444448, 6.026863636363638 ], [ 81.093042222222209, 6.026863636363638 ], [ 80.88198, 6.026863636363638 ], [ 80.670917777777788, 6.026863636363638 ], [ 80.67091777777776, 6.026863636363638 ], [ 80.459855555555549, 6.026863636363638 ], [ 80.248793333333339, 6.026863636363638 ], [ 80.0377311111111, 6.026863636363638 ], [ 79.826668888888889, 6.026863636363638 ], [ 79.61560666666665, 6.026863636363638 ], [ 79.40454444444444, 6.026863636363638 ], [ 79.193482222222229, 6.026863636363638 ], [ 79.193482222222229, 6.162733333333334 ], [ 79.193482222222229, 6.298603030303031 ], [ 78.98242, 6.298603030303031 ], [ 78.98242, 6.434472727272729 ] ] ], [ [ [ 79.193482222222229, 6.977951515151515 ], [ 79.40454444444444, 6.977951515151515 ], [ 79.61560666666665, 6.977951515151515 ], [ 79.826668888888889, 6.977951515151515 ], [ 80.0377311111111, 6.977951515151515 ], [ 80.248793333333339, 6.977951515151515 ], [ 80.459855555555549, 6.977951515151515 ], [ 80.67091777777776, 6.977951515151515 ], [ 80.670917777777788, 6.977951515151515 ], [ 80.88198, 6.977951515151515 ], [ 81.093042222222209, 6.977951515151515 ], [ 81.304104444444448, 6.977951515151515 ], [ 81.515166666666659, 6.977951515151515 ], [ 81.726228888888869, 6.977951515151515 ], [ 81.726228888888897, 6.977951515151515 ], [ 81.937291111111108, 6.977951515151515 ], [ 82.148353333333318, 6.977951515151515 ], [ 82.359415555555557, 6.977951515151515 ], [ 82.570477777777768, 6.977951515151515 ], [ 82.78154, 6.977951515151515 ], [ 82.78154, 6.842081818181819 ], [ 82.78154, 6.706212121212122 ], [ 82.78154, 6.570342424242426 ], [ 82.570477777777768, 6.570342424242426 ], [ 82.359415555555557, 6.570342424242426 ], [ 82.148353333333318, 6.570342424242426 ], [ 81.937291111111108, 6.570342424242426 ], [ 81.726228888888897, 6.570342424242426 ], [ 81.726228888888869, 6.570342424242426 ], [ 81.515166666666659, 6.570342424242426 ], [ 81.304104444444448, 6.570342424242426 ], [ 81.093042222222209, 6.570342424242426 ], [ 80.88198, 6.570342424242426 ], [ 80.670917777777788, 6.570342424242426 ], [ 80.67091777777776, 6.570342424242426 ], [ 80.459855555555549, 6.570342424242426 ], [ 80.248793333333339, 6.570342424242426 ], [ 80.0377311111111, 6.570342424242426 ], [ 79.826668888888889, 6.570342424242426 ], [ 79.61560666666665, 6.570342424242426 ], [ 79.40454444444444, 6.570342424242426 ], [ 79.193482222222229, 6.570342424242426 ], [ 78.98242, 6.570342424242426 ], [ 78.77135777777778, 6.570342424242426 ], [ 78.77135777777778, 6.706212121212122 ], [ 78.77135777777778, 6.842081818181819 ], [ 78.77135777777778, 6.977951515151515 ], [ 78.98242, 6.977951515151515 ], [ 79.193482222222229, 6.977951515151515 ] ] ], [ [ [ 79.193482222222229, 7.385560606060606 ], [ 79.40454444444444, 7.385560606060606 ], [ 79.61560666666665, 7.385560606060606 ], [ 79.826668888888889, 7.385560606060606 ], [ 80.0377311111111, 7.385560606060606 ], [ 80.248793333333339, 7.385560606060606 ], [ 80.459855555555549, 7.385560606060606 ], [ 80.67091777777776, 7.385560606060606 ], [ 80.670917777777788, 7.385560606060606 ], [ 80.88198, 7.385560606060606 ], [ 81.093042222222209, 7.385560606060606 ], [ 81.304104444444448, 7.385560606060606 ], [ 81.515166666666659, 7.385560606060606 ], [ 81.726228888888869, 7.385560606060606 ], [ 81.726228888888897, 7.385560606060606 ], [ 81.937291111111108, 7.385560606060606 ], [ 82.148353333333318, 7.385560606060606 ], [ 82.359415555555557, 7.385560606060606 ], [ 82.570477777777768, 7.385560606060606 ], [ 82.570477777777768, 7.24969090909091 ], [ 82.78154, 7.24969090909091 ], [ 82.78154, 7.113821212121213 ], [ 82.78154, 6.977951515151517 ], [ 82.570477777777768, 6.977951515151517 ], [ 82.359415555555557, 6.977951515151517 ], [ 82.148353333333318, 6.977951515151517 ], [ 81.937291111111108, 6.977951515151517 ], [ 81.726228888888897, 6.977951515151517 ], [ 81.726228888888869, 6.977951515151517 ], [ 81.515166666666659, 6.977951515151517 ], [ 81.304104444444448, 6.977951515151517 ], [ 81.093042222222209, 6.977951515151517 ], [ 80.88198, 6.977951515151517 ], [ 80.670917777777788, 6.977951515151517 ], [ 80.67091777777776, 6.977951515151517 ], [ 80.459855555555549, 6.977951515151517 ], [ 80.248793333333339, 6.977951515151517 ], [ 80.0377311111111, 6.977951515151517 ], [ 79.826668888888889, 6.977951515151517 ], [ 79.61560666666665, 6.977951515151517 ], [ 79.40454444444444, 6.977951515151517 ], [ 79.193482222222229, 6.977951515151517 ], [ 78.98242, 6.977951515151517 ], [ 78.77135777777778, 6.977951515151517 ], [ 78.77135777777778, 7.113821212121213 ], [ 78.77135777777778, 7.24969090909091 ], [ 78.77135777777778, 7.385560606060606 ], [ 78.98242, 7.385560606060606 ], [ 79.193482222222229, 7.385560606060606 ] ] ], [ [ [ 79.61560666666665, 7.793169696969697 ], [ 79.826668888888889, 7.793169696969697 ], [ 80.0377311111111, 7.793169696969697 ], [ 80.248793333333339, 7.793169696969697 ], [ 80.459855555555549, 7.793169696969697 ], [ 80.67091777777776, 7.793169696969697 ], [ 80.670917777777788, 7.793169696969697 ], [ 80.88198, 7.793169696969697 ], [ 81.093042222222209, 7.793169696969697 ], [ 81.304104444444448, 7.793169696969697 ], [ 81.515166666666659, 7.793169696969697 ], [ 81.726228888888869, 7.793169696969697 ], [ 81.726228888888897, 7.793169696969697 ], [ 81.937291111111108, 7.793169696969697 ], [ 82.148353333333318, 7.793169696969697 ], [ 82.359415555555557, 7.793169696969697 ], [ 82.359415555555557, 7.6573 ], [ 82.570477777777768, 7.6573 ], [ 82.570477777777768, 7.521430303030304 ], [ 82.570477777777768, 7.385560606060608 ], [ 82.359415555555557, 7.385560606060608 ], [ 82.148353333333318, 7.385560606060608 ], [ 81.937291111111108, 7.385560606060608 ], [ 81.726228888888897, 7.385560606060608 ], [ 81.726228888888869, 7.385560606060608 ], [ 81.515166666666659, 7.385560606060608 ], [ 81.304104444444448, 7.385560606060608 ], [ 81.093042222222209, 7.385560606060608 ], [ 80.88198, 7.385560606060608 ], [ 80.670917777777788, 7.385560606060608 ], [ 80.67091777777776, 7.385560606060608 ], [ 80.459855555555549, 7.385560606060608 ], [ 80.248793333333339, 7.385560606060608 ], [ 80.0377311111111, 7.385560606060608 ], [ 79.826668888888889, 7.385560606060608 ], [ 79.61560666666665, 7.385560606060608 ], [ 79.40454444444444, 7.385560606060608 ], [ 79.193482222222229, 7.385560606060608 ], [ 78.98242, 7.385560606060608 ], [ 78.77135777777778, 7.385560606060608 ], [ 78.77135777777778, 7.521430303030304 ], [ 78.77135777777778, 7.6573 ], [ 78.98242, 7.6573 ], [ 78.98242, 7.793169696969697 ], [ 79.193482222222229, 7.793169696969697 ], [ 79.40454444444444, 7.793169696969697 ], [ 79.61560666666665, 7.793169696969697 ] ] ], [ [ [ 79.193482222222229, 8.064909090909092 ], [ 79.193482222222229, 8.200778787878788 ], [ 79.40454444444444, 8.200778787878788 ], [ 79.61560666666665, 8.200778787878788 ], [ 79.826668888888889, 8.200778787878788 ], [ 80.0377311111111, 8.200778787878788 ], [ 80.248793333333339, 8.200778787878788 ], [ 80.459855555555549, 8.200778787878788 ], [ 80.67091777777776, 8.200778787878788 ], [ 80.670917777777788, 8.200778787878788 ], [ 80.88198, 8.200778787878788 ], [ 81.093042222222209, 8.200778787878788 ], [ 81.304104444444448, 8.200778787878788 ], [ 81.515166666666659, 8.200778787878788 ], [ 81.726228888888869, 8.200778787878788 ], [ 81.726228888888897, 8.200778787878788 ], [ 81.937291111111108, 8.200778787878788 ], [ 81.937291111111108, 8.064909090909092 ], [ 82.148353333333318, 8.064909090909092 ], [ 82.148353333333318, 7.929039393939394 ], [ 82.359415555555557, 7.929039393939394 ], [ 82.359415555555557, 7.793169696969699 ], [ 82.148353333333318, 7.793169696969699 ], [ 81.937291111111108, 7.793169696969699 ], [ 81.726228888888897, 7.793169696969699 ], [ 81.726228888888869, 7.793169696969699 ], [ 81.515166666666659, 7.793169696969699 ], [ 81.304104444444448, 7.793169696969699 ], [ 81.093042222222209, 7.793169696969699 ], [ 80.88198, 7.793169696969699 ], [ 80.670917777777788, 7.793169696969699 ], [ 80.67091777777776, 7.793169696969699 ], [ 80.459855555555549, 7.793169696969699 ], [ 80.248793333333339, 7.793169696969699 ], [ 80.0377311111111, 7.793169696969699 ], [ 79.826668888888889, 7.793169696969699 ], [ 79.61560666666665, 7.793169696969699 ], [ 79.40454444444444, 7.793169696969699 ], [ 79.193482222222229, 7.793169696969699 ], [ 78.98242, 7.793169696969699 ], [ 78.98242, 7.929039393939394 ], [ 79.193482222222229, 7.929039393939394 ], [ 79.193482222222229, 8.064909090909092 ] ] ], [ [ [ 80.459855555555549, 5.619254545454545 ], [ 80.67091777777776, 5.619254545454545 ], [ 80.670917777777788, 5.619254545454545 ], [ 80.88198, 5.619254545454545 ], [ 81.093042222222209, 5.619254545454545 ], [ 81.304104444444448, 5.619254545454545 ], [ 81.515166666666659, 5.619254545454545 ], [ 81.726228888888897, 5.619254545454545 ], [ 81.726228888888897, 5.48338484848485 ], [ 81.515166666666659, 5.48338484848485 ], [ 81.304104444444448, 5.48338484848485 ], [ 81.093042222222209, 5.48338484848485 ], [ 81.093042222222209, 5.347515151515152 ], [ 80.88198, 5.347515151515152 ], [ 80.88198, 5.48338484848485 ], [ 80.670917777777788, 5.48338484848485 ], [ 80.67091777777776, 5.48338484848485 ], [ 80.459855555555549, 5.48338484848485 ], [ 80.248793333333339, 5.48338484848485 ], [ 80.248793333333339, 5.619254545454545 ], [ 80.459855555555549, 5.619254545454545 ] ] ], [ [ [ 79.826668888888889, 6.026863636363636 ], [ 80.0377311111111, 6.026863636363636 ], [ 80.248793333333339, 6.026863636363636 ], [ 80.459855555555549, 6.026863636363636 ], [ 80.67091777777776, 6.026863636363636 ], [ 80.670917777777788, 6.026863636363636 ], [ 80.88198, 6.026863636363636 ], [ 81.093042222222209, 6.026863636363636 ], [ 81.304104444444448, 6.026863636363636 ], [ 81.515166666666659, 6.026863636363636 ], [ 81.726228888888869, 6.026863636363636 ], [ 81.726228888888897, 6.026863636363636 ], [ 81.937291111111108, 6.026863636363636 ], [ 82.148353333333318, 6.026863636363636 ], [ 82.359415555555557, 6.026863636363636 ], [ 82.359415555555557, 5.89099393939394 ], [ 82.359415555555557, 5.755124242424243 ], [ 82.148353333333318, 5.755124242424243 ], [ 82.148353333333318, 5.619254545454547 ], [ 81.937291111111108, 5.619254545454547 ], [ 81.726228888888897, 5.619254545454547 ], [ 81.726228888888869, 5.619254545454547 ], [ 81.515166666666659, 5.619254545454547 ], [ 81.304104444444448, 5.619254545454547 ], [ 81.093042222222209, 5.619254545454547 ], [ 80.88198, 5.619254545454547 ], [ 80.670917777777788, 5.619254545454547 ], [ 80.67091777777776, 5.619254545454547 ], [ 80.459855555555549, 5.619254545454547 ], [ 80.248793333333339, 5.619254545454547 ], [ 80.0377311111111, 5.619254545454547 ], [ 79.826668888888889, 5.619254545454547 ], [ 79.826668888888889, 5.755124242424243 ], [ 79.61560666666665, 5.755124242424243 ], [ 79.61560666666665, 5.89099393939394 ], [ 79.40454444444444, 5.89099393939394 ], [ 79.40454444444444, 6.026863636363636 ], [ 79.61560666666665, 6.026863636363636 ], [ 79.826668888888889, 6.026863636363636 ] ] ], [ [ [ 79.40454444444444, 8.200778787878789 ], [ 79.40454444444444, 8.336648484848485 ], [ 79.61560666666665, 8.336648484848485 ], [ 79.826668888888889, 8.336648484848485 ], [ 80.0377311111111, 8.336648484848485 ], [ 80.248793333333339, 8.336648484848485 ], [ 80.459855555555549, 8.336648484848485 ], [ 80.67091777777776, 8.336648484848485 ], [ 80.670917777777788, 8.336648484848485 ], [ 80.88198, 8.336648484848485 ], [ 81.093042222222209, 8.336648484848485 ], [ 81.304104444444448, 8.336648484848485 ], [ 81.515166666666659, 8.336648484848485 ], [ 81.726228888888897, 8.336648484848485 ], [ 81.726228888888897, 8.200778787878789 ], [ 81.515166666666659, 8.200778787878789 ], [ 81.304104444444448, 8.200778787878789 ], [ 81.093042222222209, 8.200778787878789 ], [ 80.88198, 8.200778787878789 ], [ 80.670917777777788, 8.200778787878789 ], [ 80.67091777777776, 8.200778787878789 ], [ 80.459855555555549, 8.200778787878789 ], [ 80.248793333333339, 8.200778787878789 ], [ 80.0377311111111, 8.200778787878789 ], [ 79.826668888888889, 8.200778787878789 ], [ 79.61560666666665, 8.200778787878789 ], [ 79.40454444444444, 8.200778787878789 ] ] ], [ [ [ 80.459855555555549, 8.472518181818183 ], [ 80.67091777777776, 8.472518181818183 ], [ 80.670917777777788, 8.472518181818183 ], [ 80.88198, 8.472518181818183 ], [ 81.093042222222209, 8.472518181818183 ], [ 81.304104444444448, 8.472518181818183 ], [ 81.304104444444448, 8.336648484848487 ], [ 81.093042222222209, 8.336648484848487 ], [ 80.88198, 8.336648484848487 ], [ 80.670917777777788, 8.336648484848487 ], [ 80.67091777777776, 8.336648484848487 ], [ 80.459855555555549, 8.336648484848487 ], [ 80.248793333333339, 8.336648484848487 ], [ 80.0377311111111, 8.336648484848487 ], [ 79.826668888888889, 8.336648484848487 ], [ 79.826668888888889, 8.472518181818183 ], [ 80.0377311111111, 8.472518181818183 ], [ 80.248793333333339, 8.472518181818183 ], [ 80.459855555555549, 8.472518181818183 ] ] ], [ [ [ 91.646153333333331, 11.054042424242423 ], [ 91.857215555555541, 11.054042424242423 ], [ 92.06827777777778, 11.054042424242423 ], [ 92.27934, 11.054042424242423 ], [ 92.490402222222201, 11.054042424242423 ], [ 92.70146444444444, 11.054042424242423 ], [ 92.91252666666665, 11.054042424242423 ], [ 93.123588888888889, 11.054042424242423 ], [ 93.3346511111111, 11.054042424242423 ], [ 93.54571333333331, 11.054042424242423 ], [ 93.756775555555549, 11.054042424242423 ], [ 93.96783777777776, 11.054042424242423 ], [ 94.1789, 11.054042424242423 ], [ 94.1789, 10.918172727272728 ], [ 94.1789, 10.782303030303032 ], [ 93.96783777777776, 10.782303030303032 ], [ 93.96783777777776, 10.646433333333336 ], [ 93.756775555555549, 10.646433333333336 ], [ 93.54571333333331, 10.646433333333336 ], [ 93.3346511111111, 10.646433333333336 ], [ 93.123588888888889, 10.646433333333336 ], [ 92.91252666666665, 10.646433333333336 ], [ 92.70146444444444, 10.646433333333336 ], [ 92.490402222222201, 10.646433333333336 ], [ 92.27934, 10.646433333333336 ], [ 92.06827777777778, 10.646433333333336 ], [ 91.857215555555541, 10.646433333333336 ], [ 91.646153333333331, 10.646433333333336 ], [ 91.646153333333331, 10.782303030303032 ], [ 91.435091111111092, 10.782303030303032 ], [ 91.435091111111092, 10.918172727272728 ], [ 91.435091111111092, 11.054042424242423 ], [ 91.646153333333331, 11.054042424242423 ] ] ], [ [ [ 91.646153333333331, 11.461651515151514 ], [ 91.857215555555541, 11.461651515151514 ], [ 92.06827777777778, 11.461651515151514 ], [ 92.27934, 11.461651515151514 ], [ 92.490402222222201, 11.461651515151514 ], [ 92.70146444444444, 11.461651515151514 ], [ 92.91252666666665, 11.461651515151514 ], [ 93.123588888888889, 11.461651515151514 ], [ 93.3346511111111, 11.461651515151514 ], [ 93.54571333333331, 11.461651515151514 ], [ 93.756775555555549, 11.461651515151514 ], [ 93.96783777777776, 11.461651515151514 ], [ 94.1789, 11.461651515151514 ], [ 94.389962222222209, 11.461651515151514 ], [ 94.389962222222209, 11.325781818181818 ], [ 94.389962222222209, 11.189912121212123 ], [ 94.389962222222209, 11.054042424242427 ], [ 94.1789, 11.054042424242427 ], [ 93.96783777777776, 11.054042424242427 ], [ 93.756775555555549, 11.054042424242427 ], [ 93.54571333333331, 11.054042424242427 ], [ 93.3346511111111, 11.054042424242427 ], [ 93.123588888888889, 11.054042424242427 ], [ 92.91252666666665, 11.054042424242427 ], [ 92.70146444444444, 11.054042424242427 ], [ 92.490402222222201, 11.054042424242427 ], [ 92.27934, 11.054042424242427 ], [ 92.06827777777778, 11.054042424242427 ], [ 91.857215555555541, 11.054042424242427 ], [ 91.646153333333331, 11.054042424242427 ], [ 91.435091111111092, 11.054042424242427 ], [ 91.224028888888881, 11.054042424242427 ], [ 91.224028888888881, 11.189912121212123 ], [ 91.224028888888881, 11.325781818181818 ], [ 91.012966666666671, 11.325781818181818 ], [ 91.012966666666671, 11.461651515151514 ], [ 91.224028888888881, 11.461651515151514 ], [ 91.435091111111092, 11.461651515151514 ], [ 91.646153333333331, 11.461651515151514 ] ] ], [ [ [ 91.224028888888881, 11.733390909090909 ], [ 91.435091111111092, 11.733390909090909 ], [ 91.646153333333331, 11.733390909090909 ], [ 91.857215555555541, 11.733390909090909 ], [ 92.06827777777778, 11.733390909090909 ], [ 92.27934, 11.733390909090909 ], [ 92.490402222222201, 11.733390909090909 ], [ 92.70146444444444, 11.733390909090909 ], [ 92.91252666666665, 11.733390909090909 ], [ 93.123588888888889, 11.733390909090909 ], [ 93.3346511111111, 11.733390909090909 ], [ 93.54571333333331, 11.733390909090909 ], [ 93.756775555555549, 11.733390909090909 ], [ 93.96783777777776, 11.733390909090909 ], [ 94.1789, 11.733390909090909 ], [ 94.389962222222209, 11.733390909090909 ], [ 94.389962222222209, 11.597521212121213 ], [ 94.389962222222209, 11.461651515151518 ], [ 94.1789, 11.461651515151518 ], [ 93.96783777777776, 11.461651515151518 ], [ 93.756775555555549, 11.461651515151518 ], [ 93.54571333333331, 11.461651515151518 ], [ 93.3346511111111, 11.461651515151518 ], [ 93.123588888888889, 11.461651515151518 ], [ 92.91252666666665, 11.461651515151518 ], [ 92.70146444444444, 11.461651515151518 ], [ 92.490402222222201, 11.461651515151518 ], [ 92.27934, 11.461651515151518 ], [ 92.06827777777778, 11.461651515151518 ], [ 91.857215555555541, 11.461651515151518 ], [ 91.646153333333331, 11.461651515151518 ], [ 91.435091111111092, 11.461651515151518 ], [ 91.224028888888881, 11.461651515151518 ], [ 91.012966666666671, 11.461651515151518 ], [ 91.012966666666671, 11.597521212121213 ], [ 91.012966666666671, 11.733390909090909 ], [ 91.224028888888881, 11.733390909090909 ] ] ], [ [ [ 91.646153333333331, 11.869260606060607 ], [ 91.857215555555541, 11.869260606060607 ], [ 92.06827777777778, 11.869260606060607 ], [ 92.27934, 11.869260606060607 ], [ 92.490402222222201, 11.869260606060607 ], [ 92.70146444444444, 11.869260606060607 ], [ 92.91252666666665, 11.869260606060607 ], [ 93.123588888888889, 11.869260606060607 ], [ 93.3346511111111, 11.869260606060607 ], [ 93.54571333333331, 11.869260606060607 ], [ 93.756775555555549, 11.869260606060607 ], [ 93.96783777777776, 11.869260606060607 ], [ 94.1789, 11.869260606060607 ], [ 94.389962222222209, 11.869260606060607 ], [ 94.389962222222209, 11.733390909090911 ], [ 94.1789, 11.733390909090911 ], [ 93.96783777777776, 11.733390909090911 ], [ 93.756775555555549, 11.733390909090911 ], [ 93.54571333333331, 11.733390909090911 ], [ 93.3346511111111, 11.733390909090911 ], [ 93.123588888888889, 11.733390909090911 ], [ 92.91252666666665, 11.733390909090911 ], [ 92.70146444444444, 11.733390909090911 ], [ 92.490402222222201, 11.733390909090911 ], [ 92.27934, 11.733390909090911 ], [ 92.06827777777778, 11.733390909090911 ], [ 91.857215555555541, 11.733390909090911 ], [ 91.646153333333331, 11.733390909090911 ], [ 91.435091111111092, 11.733390909090911 ], [ 91.224028888888881, 11.733390909090911 ], [ 91.012966666666671, 11.733390909090911 ], [ 91.012966666666671, 11.869260606060607 ], [ 91.224028888888881, 11.869260606060607 ], [ 91.435091111111092, 11.869260606060607 ], [ 91.646153333333331, 11.869260606060607 ] ] ], [ [ [ 91.012966666666671, 12.005130303030304 ], [ 91.012966666666671, 12.141 ], [ 91.224028888888881, 12.141 ], [ 91.435091111111092, 12.141 ], [ 91.646153333333331, 12.141 ], [ 91.857215555555541, 12.141 ], [ 92.06827777777778, 12.141 ], [ 92.27934, 12.141 ], [ 92.490402222222201, 12.141 ], [ 92.70146444444444, 12.141 ], [ 92.91252666666665, 12.141 ], [ 93.123588888888889, 12.141 ], [ 93.3346511111111, 12.141 ], [ 93.54571333333331, 12.141 ], [ 93.756775555555549, 12.141 ], [ 93.96783777777776, 12.141 ], [ 94.1789, 12.141 ], [ 94.1789, 12.005130303030304 ], [ 94.1789, 11.869260606060609 ], [ 93.96783777777776, 11.869260606060609 ], [ 93.756775555555549, 11.869260606060609 ], [ 93.54571333333331, 11.869260606060609 ], [ 93.3346511111111, 11.869260606060609 ], [ 93.123588888888889, 11.869260606060609 ], [ 92.91252666666665, 11.869260606060609 ], [ 92.70146444444444, 11.869260606060609 ], [ 92.490402222222201, 11.869260606060609 ], [ 92.27934, 11.869260606060609 ], [ 92.06827777777778, 11.869260606060609 ], [ 91.857215555555541, 11.869260606060609 ], [ 91.646153333333331, 11.869260606060609 ], [ 91.435091111111092, 11.869260606060609 ], [ 91.224028888888881, 11.869260606060609 ], [ 91.012966666666671, 11.869260606060609 ], [ 91.012966666666671, 12.005130303030304 ] ] ], [ [ [ 92.27934, 12.276869696969698 ], [ 92.490402222222201, 12.276869696969698 ], [ 92.70146444444444, 12.276869696969698 ], [ 92.91252666666665, 12.276869696969698 ], [ 93.123588888888889, 12.276869696969698 ], [ 93.3346511111111, 12.276869696969698 ], [ 93.54571333333331, 12.276869696969698 ], [ 93.756775555555549, 12.276869696969698 ], [ 93.96783777777776, 12.276869696969698 ], [ 94.1789, 12.276869696969698 ], [ 94.1789, 12.141 ], [ 93.96783777777776, 12.141 ], [ 93.756775555555549, 12.141 ], [ 93.54571333333331, 12.141 ], [ 93.3346511111111, 12.141 ], [ 93.123588888888889, 12.141 ], [ 92.91252666666665, 12.141 ], [ 92.70146444444444, 12.141 ], [ 92.490402222222201, 12.141 ], [ 92.27934, 12.141 ], [ 92.06827777777778, 12.141 ], [ 91.857215555555541, 12.141 ], [ 91.646153333333331, 12.141 ], [ 91.435091111111092, 12.141 ], [ 91.224028888888881, 12.141 ], [ 91.012966666666671, 12.141 ], [ 91.012966666666671, 12.276869696969698 ], [ 91.224028888888881, 12.276869696969698 ], [ 91.435091111111092, 12.276869696969698 ], [ 91.646153333333331, 12.276869696969698 ], [ 91.857215555555541, 12.276869696969698 ], [ 92.06827777777778, 12.276869696969698 ], [ 92.27934, 12.276869696969698 ] ] ], [ [ [ 91.857215555555541, 12.548609090909091 ], [ 92.06827777777778, 12.548609090909091 ], [ 92.27934, 12.548609090909091 ], [ 92.490402222222201, 12.548609090909091 ], [ 92.70146444444444, 12.548609090909091 ], [ 92.91252666666665, 12.548609090909091 ], [ 93.123588888888889, 12.548609090909091 ], [ 93.3346511111111, 12.548609090909091 ], [ 93.54571333333331, 12.548609090909091 ], [ 93.756775555555549, 12.548609090909091 ], [ 93.96783777777776, 12.548609090909091 ], [ 93.96783777777776, 12.412739393939395 ], [ 93.96783777777776, 12.276869696969699 ], [ 93.756775555555549, 12.276869696969699 ], [ 93.54571333333331, 12.276869696969699 ], [ 93.3346511111111, 12.276869696969699 ], [ 93.123588888888889, 12.276869696969699 ], [ 92.91252666666665, 12.276869696969699 ], [ 92.70146444444444, 12.276869696969699 ], [ 92.490402222222201, 12.276869696969699 ], [ 92.27934, 12.276869696969699 ], [ 92.06827777777778, 12.276869696969699 ], [ 91.857215555555541, 12.276869696969699 ], [ 91.646153333333331, 12.276869696969699 ], [ 91.435091111111092, 12.276869696969699 ], [ 91.224028888888881, 12.276869696969699 ], [ 91.224028888888881, 12.412739393939395 ], [ 91.224028888888881, 12.548609090909091 ], [ 91.435091111111092, 12.548609090909091 ], [ 91.646153333333331, 12.548609090909091 ], [ 91.857215555555541, 12.548609090909091 ] ] ], [ [ [ 91.435091111111092, 12.684478787878788 ], [ 91.646153333333331, 12.684478787878788 ], [ 91.857215555555541, 12.684478787878788 ], [ 92.06827777777778, 12.684478787878788 ], [ 92.27934, 12.684478787878788 ], [ 92.490402222222201, 12.684478787878788 ], [ 92.70146444444444, 12.684478787878788 ], [ 92.91252666666665, 12.684478787878788 ], [ 93.123588888888889, 12.684478787878788 ], [ 93.3346511111111, 12.684478787878788 ], [ 93.54571333333331, 12.684478787878788 ], [ 93.756775555555549, 12.684478787878788 ], [ 93.756775555555549, 12.548609090909093 ], [ 93.54571333333331, 12.548609090909093 ], [ 93.3346511111111, 12.548609090909093 ], [ 93.123588888888889, 12.548609090909093 ], [ 92.91252666666665, 12.548609090909093 ], [ 92.70146444444444, 12.548609090909093 ], [ 92.490402222222201, 12.548609090909093 ], [ 92.27934, 12.548609090909093 ], [ 92.06827777777778, 12.548609090909093 ], [ 91.857215555555541, 12.548609090909093 ], [ 91.646153333333331, 12.548609090909093 ], [ 91.435091111111092, 12.548609090909093 ], [ 91.435091111111092, 12.684478787878788 ] ] ], [ [ [ 91.857215555555541, 12.820348484848486 ], [ 91.857215555555541, 12.956218181818182 ], [ 92.06827777777778, 12.956218181818182 ], [ 92.27934, 12.956218181818182 ], [ 92.490402222222201, 12.956218181818182 ], [ 92.70146444444444, 12.956218181818182 ], [ 92.91252666666665, 12.956218181818182 ], [ 93.123588888888889, 12.956218181818182 ], [ 93.123588888888889, 12.820348484848486 ], [ 93.3346511111111, 12.820348484848486 ], [ 93.54571333333331, 12.820348484848486 ], [ 93.54571333333331, 12.68447878787879 ], [ 93.3346511111111, 12.68447878787879 ], [ 93.123588888888889, 12.68447878787879 ], [ 92.91252666666665, 12.68447878787879 ], [ 92.70146444444444, 12.68447878787879 ], [ 92.490402222222201, 12.68447878787879 ], [ 92.27934, 12.68447878787879 ], [ 92.06827777777778, 12.68447878787879 ], [ 91.857215555555541, 12.68447878787879 ], [ 91.646153333333331, 12.68447878787879 ], [ 91.646153333333331, 12.820348484848486 ], [ 91.857215555555541, 12.820348484848486 ] ] ], [ [ [ 91.857215555555541, 10.646433333333333 ], [ 92.06827777777778, 10.646433333333333 ], [ 92.27934, 10.646433333333333 ], [ 92.490402222222201, 10.646433333333333 ], [ 92.70146444444444, 10.646433333333333 ], [ 92.91252666666665, 10.646433333333333 ], [ 93.123588888888889, 10.646433333333333 ], [ 93.3346511111111, 10.646433333333333 ], [ 93.54571333333331, 10.646433333333333 ], [ 93.756775555555549, 10.646433333333333 ], [ 93.756775555555549, 10.510563636363637 ], [ 93.54571333333331, 10.510563636363637 ], [ 93.54571333333331, 10.374693939393941 ], [ 93.3346511111111, 10.374693939393941 ], [ 93.123588888888889, 10.374693939393941 ], [ 92.91252666666665, 10.374693939393941 ], [ 92.70146444444444, 10.374693939393941 ], [ 92.490402222222201, 10.374693939393941 ], [ 92.27934, 10.374693939393941 ], [ 92.06827777777778, 10.374693939393941 ], [ 92.06827777777778, 10.510563636363637 ], [ 91.857215555555541, 10.510563636363637 ], [ 91.857215555555541, 10.646433333333333 ] ] ], [ [ [ 95.220216565656585, -13.087127777777779 ], [ 95.220216565656585, -12.584533333333335 ], [ 95.54679757575758, -12.584533333333335 ], [ 95.54679757575758, -12.081938888888891 ], [ 95.873378585858603, -12.081938888888891 ], [ 95.873378585858603, -11.579344444444446 ], [ 96.199959595959598, -11.579344444444446 ], [ 96.199959595959598, -11.07675 ], [ 96.526540606060621, -11.07675 ], [ 96.853121616161616, -11.07675 ], [ 96.853121616161616, -10.574155555555558 ], [ 97.179702626262639, -10.574155555555558 ], [ 97.506283636363634, -10.574155555555558 ], [ 97.832864646464657, -10.574155555555558 ], [ 98.159445656565651, -10.574155555555558 ], [ 98.486026666666675, -10.574155555555558 ], [ 98.486026666666675, -11.07675 ], [ 98.486026666666675, -11.579344444444446 ], [ 98.159445656565651, -11.579344444444446 ], [ 98.159445656565651, -12.081938888888891 ], [ 98.159445656565651, -12.584533333333335 ], [ 97.832864646464657, -12.584533333333335 ], [ 97.506283636363634, -12.584533333333335 ], [ 97.506283636363634, -13.087127777777779 ], [ 97.179702626262639, -13.087127777777779 ], [ 96.853121616161616, -13.087127777777779 ], [ 96.853121616161616, -13.589722222222223 ], [ 96.526540606060621, -13.589722222222223 ], [ 96.199959595959598, -13.589722222222223 ], [ 95.873378585858603, -13.589722222222223 ], [ 95.54679757575758, -13.589722222222223 ], [ 95.220216565656585, -13.589722222222223 ], [ 95.220216565656585, -13.087127777777779 ] ] ], [ [ [ 101.425255757575769, 0.48292222222222 ], [ 101.425255757575769, 0.985516666666664 ], [ 101.751836767676764, 0.985516666666664 ], [ 102.078417777777787, 0.985516666666664 ], [ 102.404998787878782, 0.985516666666664 ], [ 102.731579797979805, 0.985516666666664 ], [ 103.0581608080808, 0.985516666666664 ], [ 103.0581608080808, 0.48292222222222 ], [ 103.0581608080808, -0.019672222222225 ], [ 103.0581608080808, -0.522266666666669 ], [ 103.0581608080808, -1.024861111111113 ], [ 102.731579797979805, -1.024861111111113 ], [ 102.404998787878782, -1.024861111111113 ], [ 102.078417777777787, -1.024861111111113 ], [ 101.751836767676764, -1.024861111111113 ], [ 101.425255757575769, -1.024861111111113 ], [ 101.425255757575769, -0.522266666666669 ], [ 101.425255757575769, -0.019672222222225 ], [ 101.425255757575769, 0.48292222222222 ] ] ], [ [ [ 100.445512727272728, 1.990705555555556 ], [ 100.118931717171733, 1.990705555555556 ], [ 100.118931717171733, 2.4933 ], [ 100.118931717171733, 2.995894444444444 ], [ 100.445512727272728, 2.995894444444444 ], [ 100.445512727272728, 3.498488888888888 ], [ 100.772093737373751, 3.498488888888888 ], [ 100.772093737373751, 4.001083333333332 ], [ 101.098674747474746, 4.001083333333332 ], [ 101.098674747474746, 4.503677777777776 ], [ 101.425255757575769, 4.503677777777776 ], [ 101.751836767676764, 4.503677777777776 ], [ 102.078417777777787, 4.503677777777776 ], [ 102.078417777777787, 5.00627222222222 ], [ 102.404998787878782, 5.00627222222222 ], [ 102.731579797979805, 5.00627222222222 ], [ 103.0581608080808, 5.00627222222222 ], [ 103.0581608080808, 4.503677777777776 ], [ 103.0581608080808, 4.001083333333332 ], [ 103.0581608080808, 3.498488888888888 ], [ 103.0581608080808, 2.995894444444444 ], [ 103.0581608080808, 2.4933 ], [ 103.0581608080808, 1.990705555555556 ], [ 103.0581608080808, 1.488111111111111 ], [ 103.0581608080808, 0.985516666666667 ], [ 102.731579797979805, 0.985516666666667 ], [ 102.404998787878782, 0.985516666666667 ], [ 102.078417777777787, 0.985516666666667 ], [ 101.751836767676764, 0.985516666666667 ], [ 101.751836767676764, 1.488111111111111 ], [ 101.425255757575769, 1.488111111111111 ], [ 101.098674747474746, 1.488111111111111 ], [ 100.772093737373751, 1.488111111111111 ], [ 100.445512727272728, 1.488111111111111 ], [ 100.445512727272728, 1.990705555555556 ] ] ], [ [ [ 104.037903838383841, 0.985516666666664 ], [ 104.364484848484864, 0.985516666666664 ], [ 104.691065858585858, 0.985516666666664 ], [ 105.017646868686882, 0.985516666666664 ], [ 105.344227878787876, 0.985516666666664 ], [ 105.344227878787876, 0.48292222222222 ], [ 105.017646868686882, 0.48292222222222 ], [ 105.017646868686882, -0.019672222222225 ], [ 104.691065858585858, -0.019672222222225 ], [ 104.364484848484864, -0.019672222222225 ], [ 104.364484848484864, -0.522266666666669 ], [ 104.037903838383841, -0.522266666666669 ], [ 103.711322828282846, -0.522266666666669 ], [ 103.711322828282846, -1.024861111111113 ], [ 103.384741818181823, -1.024861111111113 ], [ 103.058160808080828, -1.024861111111113 ], [ 103.058160808080828, -0.522266666666669 ], [ 103.058160808080828, -0.019672222222225 ], [ 103.058160808080828, 0.48292222222222 ], [ 103.058160808080828, 0.985516666666664 ], [ 103.384741818181823, 0.985516666666664 ], [ 103.711322828282846, 0.985516666666664 ], [ 104.037903838383841, 0.985516666666664 ] ] ], [ [ [ 103.058160808080828, 1.488111111111111 ], [ 103.058160808080828, 1.990705555555556 ], [ 103.058160808080828, 2.4933 ], [ 103.058160808080828, 2.995894444444444 ], [ 103.058160808080828, 3.498488888888888 ], [ 103.058160808080828, 4.001083333333332 ], [ 103.058160808080828, 4.503677777777776 ], [ 103.384741818181823, 4.503677777777776 ], [ 103.384741818181823, 4.001083333333332 ], [ 103.384741818181823, 3.498488888888888 ], [ 103.711322828282846, 3.498488888888888 ], [ 104.037903838383841, 3.498488888888888 ], [ 104.364484848484864, 3.498488888888888 ], [ 104.364484848484864, 4.001083333333332 ], [ 104.691065858585858, 4.001083333333332 ], [ 105.017646868686882, 4.001083333333332 ], [ 105.344227878787876, 4.001083333333332 ], [ 105.670808888888899, 4.001083333333332 ], [ 105.997389898989894, 4.001083333333332 ], [ 105.997389898989894, 3.498488888888888 ], [ 106.323970909090917, 3.498488888888888 ], [ 106.323970909090917, 2.995894444444444 ], [ 106.323970909090917, 2.4933 ], [ 106.323970909090917, 1.990705555555556 ], [ 105.997389898989894, 1.990705555555556 ], [ 105.997389898989894, 1.488111111111111 ], [ 105.670808888888899, 1.488111111111111 ], [ 105.670808888888899, 0.985516666666667 ], [ 105.344227878787876, 0.985516666666667 ], [ 105.017646868686882, 0.985516666666667 ], [ 104.691065858585858, 0.985516666666667 ], [ 104.364484848484864, 0.985516666666667 ], [ 104.037903838383841, 0.985516666666667 ], [ 103.711322828282846, 0.985516666666667 ], [ 103.384741818181823, 0.985516666666667 ], [ 103.058160808080828, 0.985516666666667 ], [ 103.058160808080828, 1.488111111111111 ] ] ], [ [ [ 103.0581608080808, 13.550377777777777 ], [ 103.0581608080808, 13.047783333333333 ], [ 103.0581608080808, 12.545188888888889 ], [ 103.0581608080808, 12.042594444444445 ], [ 102.731579797979805, 12.042594444444445 ], [ 102.404998787878782, 12.042594444444445 ], [ 102.404998787878782, 11.54 ], [ 102.078417777777787, 11.54 ], [ 102.078417777777787, 12.042594444444445 ], [ 102.078417777777787, 12.545188888888889 ], [ 102.404998787878782, 12.545188888888889 ], [ 102.404998787878782, 13.047783333333333 ], [ 102.731579797979805, 13.047783333333333 ], [ 102.731579797979805, 13.550377777777777 ], [ 103.0581608080808, 13.550377777777777 ] ] ], [ [ [ 103.058160808080828, 13.550377777777777 ], [ 103.384741818181823, 13.550377777777777 ], [ 103.384741818181823, 14.052972222222222 ], [ 103.711322828282846, 14.052972222222222 ], [ 104.037903838383841, 14.052972222222222 ], [ 104.364484848484864, 14.052972222222222 ], [ 104.364484848484864, 13.550377777777777 ], [ 104.364484848484864, 13.047783333333333 ], [ 104.037903838383841, 13.047783333333333 ], [ 104.037903838383841, 12.545188888888889 ], [ 103.711322828282846, 12.545188888888889 ], [ 103.384741818181823, 12.545188888888889 ], [ 103.384741818181823, 12.042594444444445 ], [ 103.058160808080828, 12.042594444444445 ], [ 103.058160808080828, 12.545188888888889 ], [ 103.058160808080828, 13.047783333333333 ], [ 103.058160808080828, 13.550377777777777 ] ] ], [ [ [ 113.508753131313142, 5.00627222222222 ], [ 113.835334141414137, 5.00627222222222 ], [ 113.835334141414137, 5.508866666666664 ], [ 114.16191515151516, 5.508866666666664 ], [ 114.16191515151516, 6.011461111111108 ], [ 114.488496161616155, 6.011461111111108 ], [ 114.488496161616155, 5.508866666666664 ], [ 114.488496161616155, 5.00627222222222 ], [ 114.488496161616155, 4.503677777777776 ], [ 114.488496161616155, 4.001083333333332 ], [ 114.488496161616155, 3.498488888888888 ], [ 114.488496161616155, 2.995894444444444 ], [ 114.16191515151516, 2.995894444444444 ], [ 113.835334141414137, 2.995894444444444 ], [ 113.835334141414137, 3.498488888888888 ], [ 113.508753131313142, 3.498488888888888 ], [ 113.508753131313142, 4.001083333333332 ], [ 113.508753131313142, 4.503677777777776 ], [ 113.508753131313142, 5.00627222222222 ] ] ], [ [ [ 114.488496161616183, 6.514055555555553 ], [ 114.815077171717178, 6.514055555555553 ], [ 115.141658181818173, 6.514055555555553 ], [ 115.141658181818173, 6.011461111111108 ], [ 115.141658181818173, 5.508866666666664 ], [ 115.141658181818173, 5.00627222222222 ], [ 115.141658181818173, 4.503677777777776 ], [ 115.141658181818173, 4.001083333333332 ], [ 115.141658181818173, 3.498488888888888 ], [ 115.141658181818173, 2.995894444444444 ], [ 115.141658181818173, 2.4933 ], [ 114.815077171717178, 2.4933 ], [ 114.488496161616183, 2.4933 ], [ 114.488496161616183, 2.995894444444444 ], [ 114.488496161616183, 3.498488888888888 ], [ 114.488496161616183, 4.001083333333332 ], [ 114.488496161616183, 4.503677777777776 ], [ 114.488496161616183, 5.00627222222222 ], [ 114.488496161616183, 5.508866666666664 ], [ 114.488496161616183, 6.011461111111108 ], [ 114.488496161616183, 6.514055555555553 ] ] ], [ [ [ 107.303713939393958, 10.032216666666665 ], [ 107.303713939393958, 10.534811111111109 ], [ 107.303713939393958, 11.037405555555553 ], [ 107.303713939393958, 11.54 ], [ 107.630294949494953, 11.54 ], [ 107.956875959595976, 11.54 ], [ 108.283456969696971, 11.54 ], [ 108.610037979797994, 11.54 ], [ 108.936618989898989, 11.54 ], [ 109.2632, 11.54 ], [ 109.589781010101007, 11.54 ], [ 109.589781010101007, 11.037405555555553 ], [ 109.2632, 11.037405555555553 ], [ 109.2632, 10.534811111111109 ], [ 108.936618989898989, 10.534811111111109 ], [ 108.610037979797994, 10.534811111111109 ], [ 108.610037979797994, 10.032216666666665 ], [ 108.283456969696971, 10.032216666666665 ], [ 107.956875959595976, 10.032216666666665 ], [ 107.956875959595976, 9.529622222222221 ], [ 107.630294949494953, 9.529622222222221 ], [ 107.303713939393958, 9.529622222222221 ], [ 107.303713939393958, 10.032216666666665 ] ] ], [ [ [ 105.670808888888899, 9.529622222222221 ], [ 105.670808888888899, 10.032216666666665 ], [ 105.670808888888899, 10.534811111111109 ], [ 105.670808888888899, 11.037405555555553 ], [ 105.670808888888899, 11.54 ], [ 105.997389898989894, 11.54 ], [ 106.323970909090917, 11.54 ], [ 106.650551919191912, 11.54 ], [ 106.650551919191912, 11.037405555555553 ], [ 106.650551919191912, 10.534811111111109 ], [ 106.650551919191912, 10.032216666666665 ], [ 106.650551919191912, 9.529622222222221 ], [ 106.323970909090917, 9.529622222222221 ], [ 105.997389898989894, 9.529622222222221 ], [ 105.670808888888899, 9.529622222222221 ] ] ], [ [ [ 106.65055191919194, 10.032216666666665 ], [ 106.65055191919194, 10.534811111111109 ], [ 106.65055191919194, 11.037405555555553 ], [ 106.65055191919194, 11.54 ], [ 106.977132929292935, 11.54 ], [ 107.30371393939393, 11.54 ], [ 107.30371393939393, 11.037405555555553 ], [ 107.30371393939393, 10.534811111111109 ], [ 107.30371393939393, 10.032216666666665 ], [ 107.30371393939393, 9.529622222222221 ], [ 106.977132929292935, 9.529622222222221 ], [ 106.65055191919194, 9.529622222222221 ], [ 106.65055191919194, 10.032216666666665 ] ] ], [ [ [ 109.2632, 11.54 ], [ 108.936618989898989, 11.54 ], [ 108.610037979797994, 11.54 ], [ 108.283456969696971, 11.54 ], [ 107.956875959595976, 11.54 ], [ 107.630294949494953, 11.54 ], [ 107.303713939393958, 11.54 ], [ 107.303713939393958, 12.042594444444445 ], [ 107.303713939393958, 12.545188888888889 ], [ 107.303713939393958, 13.047783333333333 ], [ 107.630294949494953, 13.047783333333333 ], [ 107.630294949494953, 13.550377777777777 ], [ 107.956875959595976, 13.550377777777777 ], [ 108.283456969696971, 13.550377777777777 ], [ 108.610037979797994, 13.550377777777777 ], [ 108.936618989898989, 13.550377777777777 ], [ 108.936618989898989, 14.052972222222222 ], [ 109.2632, 14.052972222222222 ], [ 109.589781010101007, 14.052972222222222 ], [ 109.589781010101007, 13.550377777777777 ], [ 109.91636202020203, 13.550377777777777 ], [ 110.242943030303024, 13.550377777777777 ], [ 110.242943030303024, 13.047783333333333 ], [ 110.242943030303024, 12.545188888888889 ], [ 110.242943030303024, 12.042594444444445 ], [ 109.91636202020203, 12.042594444444445 ], [ 109.91636202020203, 11.54 ], [ 109.589781010101007, 11.54 ], [ 109.2632, 11.54 ] ] ], [ [ [ 106.650551919191912, 11.54 ], [ 106.323970909090917, 11.54 ], [ 105.997389898989894, 11.54 ], [ 105.997389898989894, 12.042594444444445 ], [ 106.323970909090917, 12.042594444444445 ], [ 106.650551919191912, 12.042594444444445 ], [ 106.650551919191912, 11.54 ] ] ], [ [ [ 107.30371393939393, 13.047783333333333 ], [ 107.30371393939393, 12.545188888888889 ], [ 107.30371393939393, 12.042594444444445 ], [ 107.30371393939393, 11.54 ], [ 106.977132929292935, 11.54 ], [ 106.65055191919194, 11.54 ], [ 106.65055191919194, 12.042594444444445 ], [ 106.65055191919194, 12.545188888888889 ], [ 106.977132929292935, 12.545188888888889 ], [ 106.977132929292935, 13.047783333333333 ], [ 107.30371393939393, 13.047783333333333 ] ] ], [ [ [ 113.835334141414137, 22.094483333333329 ], [ 114.16191515151516, 22.094483333333329 ], [ 114.488496161616155, 22.094483333333329 ], [ 114.488496161616155, 21.591888888888889 ], [ 114.16191515151516, 21.591888888888889 ], [ 113.835334141414137, 21.591888888888889 ], [ 113.508753131313142, 21.591888888888889 ], [ 113.508753131313142, 22.094483333333329 ], [ 113.835334141414137, 22.094483333333329 ] ] ], [ [ [ 114.16191515151516, 23.099672222222217 ], [ 114.488496161616155, 23.099672222222217 ], [ 114.488496161616155, 22.597077777777777 ], [ 114.488496161616155, 22.094483333333336 ], [ 114.16191515151516, 22.094483333333336 ], [ 113.835334141414137, 22.094483333333336 ], [ 113.835334141414137, 22.597077777777777 ], [ 114.16191515151516, 22.597077777777777 ], [ 114.16191515151516, 23.099672222222217 ] ] ], [ [ [ 117.101144242424255, 4.001083333333332 ], [ 117.101144242424255, 3.498488888888888 ], [ 116.774563232323231, 3.498488888888888 ], [ 116.447982222222237, 3.498488888888888 ], [ 116.447982222222237, 2.995894444444444 ], [ 116.121401212121214, 2.995894444444444 ], [ 115.794820202020219, 2.995894444444444 ], [ 115.468239191919196, 2.995894444444444 ], [ 115.141658181818201, 2.995894444444444 ], [ 115.141658181818201, 3.498488888888888 ], [ 115.141658181818201, 4.001083333333332 ], [ 115.141658181818201, 4.503677777777776 ], [ 115.141658181818201, 5.00627222222222 ], [ 115.141658181818201, 5.508866666666664 ], [ 115.141658181818201, 6.011461111111108 ], [ 115.141658181818201, 6.514055555555553 ], [ 115.468239191919196, 6.514055555555553 ], [ 115.794820202020219, 6.514055555555553 ], [ 116.121401212121214, 6.514055555555553 ], [ 116.447982222222237, 6.514055555555553 ], [ 116.774563232323231, 6.514055555555553 ], [ 117.101144242424255, 6.514055555555553 ], [ 117.427725252525249, 6.514055555555553 ], [ 117.754306262626272, 6.514055555555553 ], [ 118.080887272727267, 6.514055555555553 ], [ 118.40746828282829, 6.514055555555553 ], [ 118.734049292929285, 6.514055555555553 ], [ 118.734049292929285, 6.011461111111108 ], [ 118.734049292929285, 5.508866666666664 ], [ 118.40746828282829, 5.508866666666664 ], [ 118.40746828282829, 5.00627222222222 ], [ 118.080887272727267, 5.00627222222222 ], [ 118.080887272727267, 4.503677777777776 ], [ 117.754306262626272, 4.503677777777776 ], [ 117.754306262626272, 4.001083333333332 ], [ 117.427725252525249, 4.001083333333332 ], [ 117.101144242424255, 4.001083333333332 ] ] ], [ [ [ 118.734049292929313, 6.514055555555553 ], [ 119.060630303030308, 6.514055555555553 ], [ 119.060630303030308, 6.011461111111108 ], [ 118.734049292929313, 6.011461111111108 ], [ 118.734049292929313, 6.514055555555553 ] ] ], [ [ [ 115.141658181818201, 7.519244444444444 ], [ 115.468239191919196, 7.519244444444444 ], [ 115.794820202020219, 7.519244444444444 ], [ 115.794820202020219, 8.021838888888889 ], [ 116.121401212121214, 8.021838888888889 ], [ 116.447982222222237, 8.021838888888889 ], [ 116.447982222222237, 8.524433333333333 ], [ 116.774563232323231, 8.524433333333333 ], [ 117.101144242424255, 8.524433333333333 ], [ 117.427725252525249, 8.524433333333333 ], [ 117.754306262626272, 8.524433333333333 ], [ 117.754306262626272, 9.027027777777777 ], [ 118.080887272727267, 9.027027777777777 ], [ 118.40746828282829, 9.027027777777777 ], [ 118.40746828282829, 8.524433333333333 ], [ 118.734049292929285, 8.524433333333333 ], [ 118.734049292929285, 8.021838888888889 ], [ 118.734049292929285, 7.519244444444444 ], [ 118.734049292929285, 7.01665 ], [ 118.734049292929285, 6.514055555555556 ], [ 118.40746828282829, 6.514055555555556 ], [ 118.080887272727267, 6.514055555555556 ], [ 117.754306262626272, 6.514055555555556 ], [ 117.427725252525249, 6.514055555555556 ], [ 117.101144242424255, 6.514055555555556 ], [ 116.774563232323231, 6.514055555555556 ], [ 116.447982222222237, 6.514055555555556 ], [ 116.121401212121214, 6.514055555555556 ], [ 115.794820202020219, 6.514055555555556 ], [ 115.468239191919196, 6.514055555555556 ], [ 115.141658181818201, 6.514055555555556 ], [ 115.141658181818201, 7.01665 ], [ 115.141658181818201, 7.519244444444444 ] ] ], [ [ [ 118.734049292929313, 7.519244444444444 ], [ 118.734049292929313, 8.021838888888889 ], [ 118.734049292929313, 8.524433333333333 ], [ 119.060630303030308, 8.524433333333333 ], [ 119.387211313131303, 8.524433333333333 ], [ 119.387211313131303, 8.021838888888889 ], [ 119.387211313131303, 7.519244444444444 ], [ 119.387211313131303, 7.01665 ], [ 119.387211313131303, 6.514055555555556 ], [ 119.060630303030308, 6.514055555555556 ], [ 118.734049292929313, 6.514055555555556 ], [ 118.734049292929313, 7.01665 ], [ 118.734049292929313, 7.519244444444444 ] ] ], [ [ [ 115.141658181818173, 7.01665 ], [ 115.141658181818173, 6.514055555555556 ], [ 114.815077171717178, 6.514055555555556 ], [ 114.815077171717178, 7.01665 ], [ 115.141658181818173, 7.01665 ] ] ], [ [ [ 114.488496161616183, 22.597077777777777 ], [ 114.488496161616183, 23.099672222222217 ], [ 114.815077171717178, 23.099672222222217 ], [ 114.815077171717178, 22.597077777777777 ], [ 114.815077171717178, 22.094483333333336 ], [ 114.488496161616183, 22.094483333333336 ], [ 114.488496161616183, 22.597077777777777 ] ] ], [ [ [ 120.040373333333349, 14.555566666666666 ], [ 120.366954343434344, 14.555566666666666 ], [ 120.693535353535367, 14.555566666666666 ], [ 121.020116363636362, 14.555566666666666 ], [ 121.346697373737385, 14.555566666666666 ], [ 121.67327838383838, 14.555566666666666 ], [ 121.999859393939403, 14.555566666666666 ], [ 122.326440404040397, 14.555566666666666 ], [ 122.326440404040397, 14.052972222222222 ], [ 122.326440404040397, 13.550377777777777 ], [ 121.999859393939403, 13.550377777777777 ], [ 121.999859393939403, 13.047783333333333 ], [ 121.67327838383838, 13.047783333333333 ], [ 121.346697373737385, 13.047783333333333 ], [ 121.020116363636362, 13.047783333333333 ], [ 121.020116363636362, 12.545188888888889 ], [ 120.693535353535367, 12.545188888888889 ], [ 120.366954343434344, 12.545188888888889 ], [ 120.040373333333349, 12.545188888888889 ], [ 119.713792323232326, 12.545188888888889 ], [ 119.713792323232326, 13.047783333333333 ], [ 119.713792323232326, 13.550377777777777 ], [ 119.713792323232326, 14.052972222222222 ], [ 119.713792323232326, 14.555566666666666 ], [ 120.040373333333349, 14.555566666666666 ] ] ], [ [ [ 122.653021414141421, 14.052972222222222 ], [ 122.326440404040426, 14.052972222222222 ], [ 122.326440404040426, 14.555566666666666 ], [ 122.653021414141421, 14.555566666666666 ], [ 122.979602424242415, 14.555566666666666 ], [ 122.979602424242415, 14.052972222222222 ], [ 122.653021414141421, 14.052972222222222 ] ] ], [ [ [ 120.693535353535367, 15.560755555555554 ], [ 121.020116363636362, 15.560755555555554 ], [ 121.346697373737385, 15.560755555555554 ], [ 121.67327838383838, 15.560755555555554 ], [ 121.999859393939403, 15.560755555555554 ], [ 122.326440404040397, 15.560755555555554 ], [ 122.326440404040397, 15.058161111111113 ], [ 122.326440404040397, 15.05816111111111 ], [ 122.326440404040397, 14.555566666666669 ], [ 121.999859393939403, 14.555566666666669 ], [ 121.67327838383838, 14.555566666666669 ], [ 121.346697373737385, 14.555566666666669 ], [ 121.020116363636362, 14.555566666666669 ], [ 120.693535353535367, 14.555566666666669 ], [ 120.366954343434344, 14.555566666666669 ], [ 120.040373333333349, 14.555566666666669 ], [ 120.040373333333349, 15.058161111111113 ], [ 120.366954343434344, 15.058161111111113 ], [ 120.366954343434344, 15.560755555555554 ], [ 120.693535353535367, 15.560755555555554 ] ] ], [ [ [ 123.306183434343438, 15.058161111111113 ], [ 123.306183434343438, 15.05816111111111 ], [ 123.306183434343438, 14.555566666666669 ], [ 122.979602424242444, 14.555566666666669 ], [ 122.979602424242444, 15.05816111111111 ], [ 122.979602424242444, 15.058161111111113 ], [ 122.979602424242444, 15.560755555555554 ], [ 123.306183434343438, 15.560755555555554 ], [ 123.306183434343438, 15.058161111111113 ] ] ], [ [ [ 122.979602424242415, 15.058161111111113 ], [ 122.979602424242415, 15.05816111111111 ], [ 122.979602424242415, 14.555566666666669 ], [ 122.653021414141421, 14.555566666666669 ], [ 122.326440404040426, 14.555566666666669 ], [ 122.326440404040426, 15.05816111111111 ], [ 122.326440404040426, 15.058161111111113 ], [ 122.326440404040426, 15.560755555555554 ], [ 122.653021414141421, 15.560755555555554 ], [ 122.979602424242415, 15.560755555555554 ], [ 122.979602424242415, 15.058161111111113 ] ] ], [ [ [ 121.999859393939403, 16.56594444444444 ], [ 122.326440404040397, 16.56594444444444 ], [ 122.326440404040397, 16.06335 ], [ 122.326440404040397, 15.560755555555557 ], [ 121.999859393939403, 15.560755555555557 ], [ 121.67327838383838, 15.560755555555557 ], [ 121.346697373737385, 15.560755555555557 ], [ 121.020116363636362, 15.560755555555557 ], [ 121.020116363636362, 16.06335 ], [ 121.346697373737385, 16.06335 ], [ 121.67327838383838, 16.06335 ], [ 121.67327838383838, 16.56594444444444 ], [ 121.999859393939403, 16.56594444444444 ] ] ], [ [ [ 122.979602424242415, 15.560755555555557 ], [ 122.653021414141421, 15.560755555555557 ], [ 122.326440404040426, 15.560755555555557 ], [ 122.326440404040426, 16.06335 ], [ 122.326440404040426, 16.56594444444444 ], [ 122.653021414141421, 16.56594444444444 ], [ 122.979602424242415, 16.56594444444444 ], [ 122.979602424242415, 16.06335 ], [ 122.979602424242415, 15.560755555555557 ] ] ], [ [ [ 122.979602424242444, 15.560755555555557 ], [ 122.979602424242444, 16.06335 ], [ 122.979602424242444, 16.56594444444444 ], [ 123.306183434343438, 16.56594444444444 ], [ 123.306183434343438, 16.06335 ], [ 123.306183434343438, 15.560755555555557 ], [ 122.979602424242444, 15.560755555555557 ] ] ], [ [ [ 120.040373333333349, 23.099672222222217 ], [ 120.366954343434344, 23.099672222222217 ], [ 120.693535353535367, 23.099672222222217 ], [ 121.020116363636362, 23.099672222222217 ], [ 121.346697373737385, 23.099672222222217 ], [ 121.67327838383838, 23.099672222222217 ], [ 121.67327838383838, 22.597077777777777 ], [ 121.346697373737385, 22.597077777777777 ], [ 121.020116363636362, 22.597077777777777 ], [ 121.020116363636362, 22.094483333333336 ], [ 120.693535353535367, 22.094483333333336 ], [ 120.366954343434344, 22.094483333333336 ], [ 120.040373333333349, 22.094483333333336 ], [ 119.713792323232326, 22.094483333333336 ], [ 119.387211313131331, 22.094483333333336 ], [ 119.387211313131331, 22.597077777777777 ], [ 119.387211313131331, 23.099672222222217 ], [ 119.713792323232326, 23.099672222222217 ], [ 120.040373333333349, 23.099672222222217 ] ] ], [ [ [ 120.366954343434344, 24.104861111111106 ], [ 120.693535353535367, 24.104861111111106 ], [ 121.020116363636362, 24.104861111111106 ], [ 121.346697373737385, 24.104861111111106 ], [ 121.67327838383838, 24.104861111111106 ], [ 121.999859393939403, 24.104861111111106 ], [ 122.326440404040397, 24.104861111111106 ], [ 122.326440404040397, 23.602266666666665 ], [ 121.999859393939403, 23.602266666666665 ], [ 121.999859393939403, 23.099672222222225 ], [ 121.67327838383838, 23.099672222222225 ], [ 121.346697373737385, 23.099672222222225 ], [ 121.020116363636362, 23.099672222222225 ], [ 120.693535353535367, 23.099672222222225 ], [ 120.366954343434344, 23.099672222222225 ], [ 120.040373333333349, 23.099672222222225 ], [ 119.713792323232326, 23.099672222222225 ], [ 119.387211313131331, 23.099672222222225 ], [ 119.387211313131331, 23.602266666666665 ], [ 119.387211313131331, 24.104861111111106 ], [ 119.713792323232326, 24.104861111111106 ], [ 120.040373333333349, 24.104861111111106 ], [ 120.366954343434344, 24.104861111111106 ] ] ], [ [ [ 120.366954343434344, 25.11005 ], [ 120.693535353535367, 25.11005 ], [ 121.020116363636362, 25.11005 ], [ 121.346697373737385, 25.11005 ], [ 121.67327838383838, 25.11005 ], [ 121.999859393939403, 25.11005 ], [ 122.326440404040397, 25.11005 ], [ 122.326440404040397, 24.607455555555553 ], [ 122.326440404040397, 24.104861111111113 ], [ 121.999859393939403, 24.104861111111113 ], [ 121.67327838383838, 24.104861111111113 ], [ 121.346697373737385, 24.104861111111113 ], [ 121.020116363636362, 24.104861111111113 ], [ 120.693535353535367, 24.104861111111113 ], [ 120.366954343434344, 24.104861111111113 ], [ 120.040373333333349, 24.104861111111113 ], [ 119.713792323232326, 24.104861111111113 ], [ 119.713792323232326, 24.607455555555553 ], [ 120.040373333333349, 24.607455555555553 ], [ 120.040373333333349, 25.11005 ], [ 120.366954343434344, 25.11005 ] ] ], [ [ [ 122.653021414141421, 24.607455555555553 ], [ 122.653021414141421, 24.104861111111113 ], [ 122.326440404040426, 24.104861111111113 ], [ 122.326440404040426, 24.607455555555553 ], [ 122.326440404040426, 25.11005 ], [ 122.653021414141421, 25.11005 ], [ 122.979602424242415, 25.11005 ], [ 122.979602424242415, 24.607455555555553 ], [ 122.653021414141421, 24.607455555555553 ] ] ], [ [ [ 121.346697373737385, 25.11005 ], [ 121.020116363636362, 25.11005 ], [ 120.693535353535367, 25.11005 ], [ 120.366954343434344, 25.11005 ], [ 120.366954343434344, 25.612644444444442 ], [ 120.693535353535367, 25.612644444444442 ], [ 121.020116363636362, 25.612644444444442 ], [ 121.346697373737385, 25.612644444444442 ], [ 121.67327838383838, 25.612644444444442 ], [ 121.999859393939403, 25.612644444444442 ], [ 122.326440404040397, 25.612644444444442 ], [ 122.326440404040397, 25.11005 ], [ 121.999859393939403, 25.11005 ], [ 121.67327838383838, 25.11005 ], [ 121.346697373737385, 25.11005 ] ] ], [ [ [ 122.653021414141421, 25.11005 ], [ 122.326440404040426, 25.11005 ], [ 122.326440404040426, 25.612644444444442 ], [ 122.653021414141421, 25.612644444444442 ], [ 122.979602424242415, 25.612644444444442 ], [ 122.979602424242415, 25.11005 ], [ 122.653021414141421, 25.11005 ] ] ], [ [ [ 122.326440404040397, 26.115238888888889 ], [ 122.326440404040397, 25.612644444444449 ], [ 121.999859393939403, 25.612644444444449 ], [ 121.67327838383838, 25.612644444444449 ], [ 121.346697373737385, 25.612644444444449 ], [ 121.346697373737385, 26.115238888888889 ], [ 121.67327838383838, 26.115238888888889 ], [ 121.999859393939403, 26.115238888888889 ], [ 122.326440404040397, 26.115238888888889 ] ] ], [ [ [ 122.653021414141421, 26.115238888888889 ], [ 122.653021414141421, 25.612644444444449 ], [ 122.326440404040426, 25.612644444444449 ], [ 122.326440404040426, 26.115238888888889 ], [ 122.653021414141421, 26.115238888888889 ] ] ] ] } }
]
}
