{
"type": "FeatureCollection",
"name": "Hirundo_neoxena_points",
"crs": { "type": "name", "properties": { "name": "urn:ogc:def:crs:OGC:1.3:CRS84" } },
"features": [
{ "type": "Feature", "properties": { "decimalLatitude": -36.3734, "decimalLongitude": 174.8218, "month": 1, "species_sci": "Hirundo neoxena", "species_com": "Welcome Swallow" }, "geometry": { "type": "Point", "coordinates": [ 174.8218, -36.3734 ] } },
{ "type": "Feature", "properties": { "decimalLatitude": -26.7083, "decimalLongitude": 153.1347, "month": 1, "species_sci": "Hirundo neoxena", "species_com": "Welcome Swallow" }, "geometry": { "type": "Point", "coordinates": [ 153.1347, -26.7083 ] } },
{ "type": "Feature", "properties": { "decimalLatitude": -31.8198, "decimalLongitude": 115.8211, "month": 1, "species_sci": "Hirundo neoxena", "species_com": "Welcome Swallow" }, "geometry": { "type": "Point", "coordinates": [ 115.8211, -31.8198 ] } },
{ "type": "Feature", "properties": { "decimalLatitude": -40.4618, "decimalLongitude": 175.2194, "month": 1, "species_sci": "Hirundo neoxena", "species_com": "Welcome Swallow" }, "geometry": { "type": "Point", "coordinates": [ 175.2194, -40.4618 ] } },
{ "type": "Feature", "properties": { "decimalLatitude": -38.0431, "decimalLongitude": 144.5128, "month": 1, "species_sci": "Hirundo neoxena", "species_com": "Welcome Swallow" }, "geometry": { "type": "Point", "coordinates": [ 144.5128, -38.0431 ] } },
{ "type": "Feature", "properties": { "decimalLatitude": -27.401, "decimalLongitude": 153.1082, "month": 1, "species_sci": "Hirundo neoxena", "species_com": "Welcome Swallow" }, "geometry": { "type": "Point", "coordinates": [ 153.1082, -27.401 ] } },
{ "type": "Feature", "properties": { "decimalLatitude": -45.4308, "decimalLongitude": 167.7177, "month": 1, "species_sci": "Hirundo neoxena", "species_com": "Welcome Swallow" }, "geometry": { "type": "Point", "coordinates": [ 167.7177, -45.4308 ] } },
{ "type": "Feature", "properties": { "decimalLatitude": -37.8664, "decimalLongitude": 144.879, "month": 1, "species_sci": "Hirundo neoxena", "species_com": "Welcome Swallow" }, "geometry": { "type": "Point", "coordinates": [ 144.879, -37.8664 ] } },
{ "type": "Feature", "properties": { "decimalLatitude": -43.2809, "decimalLongitude": 172.7228, "month": 1, "species_sci": "Hirundo neoxena", "species_com": "Welcome Swallow" }, "geometry": { "type": "Point", "coordinates": [ 172.7228, -43.2809 ] } },
{ "type": "Feature", "properties": { "decimalLatitude": -37.869, "decimalLongitude": 144.8054, "month": 1, "species_sci": "Hirundo neoxena", "species_com": "Welcome Swallow" }, "geometry": { "type": "Point", "coordinates": [ 144.8054, -37.869 ] } },
{ "type": "Feature", "properties": { "decimalLatitude": -42.3682, "decimalLongitude": 173.6838, "month": 1, "species_sci": "Hirundo neoxena", "species_com": "Welcome Swallow" }, "geometry": { "type": "Point", "coordinates": [ 173.6838, -42.3682 ] } },
{ "type": "Feature", "properties": { "decimalLatitude": -31.9385, "decimalLongitude": 115.9672, "month": 1, "species_sci": "Hirundo neoxena", "species_com": "Welcome Swallow" }, "geometry": { "type": "Point", "coordinates": [ 115.9672, -31.9385 ] } },
{ "type": "Feature", "properties": { "decimalLatitude": -38.9122, "decimalLongitude": 175.898, "month": 1, "species_sci": "Hirundo neoxena", "species_com": "Welcome Swallow" }, "geometry": { "type": "Point", "coordinates": [ 175.898, -38.9122 ] } },
{ "type": "Feature", "properties": { "decimalLatitude": -39.4372, "decimalLongitude": 176.8717, "month": 1, "species_sci": "Hirundo neoxena", "species_com": "Welcome Swallow" }, "geometry": { "type": "Point", "coordinates": [ 176.8717, -39.4372 ] } },
{ "type": "Feature", "properties": { "decimalLatitude": -37.9141, "decimalLongitude": 145.182, "month": 1, "species_sci": "Hirundo neoxena", "species_com": "Welcome Swallow" }, "geometry": { "type": "Point", "coordinates": [ 145.182, -37.9141 ] } },
{ "type": "Feature", "properties": { "decimalLatitude": -33.9625, "decimalLongitude": 151.2469, "month": 1, "species_sci": "Hirundo neoxena", "species_com": "Welcome Swallow" }, "geometry": { "type": "Point", "coordinates": [ 151.2469, -33.9625 ] } },
{ "type": "Feature", "properties": { "decimalLatitude": -43.3901, "decimalLongitude": 170.1829, "month": 1, "species_sci": "Hirundo neoxena", "species_com": "Welcome Swallow" }, "geometry": { "type": "Point", "coordinates": [ 170.1829, -43.3901 ] } },
{ "type": "Feature", "properties": { "decimalLatitude": -41.5925, "decimalLongitude": 145.934, "month": 1, "species_sci": "Hirundo neoxena", "species_com": "Welcome Swallow" }, "geometry": { "type": "Point", "coordinates": [ 145.934, -41.5925 ] } },
{ "type": "Feature", "properties": { "decimalLatitude": -33.843, "decimalLongitude": 151.2298, "month": 1, "species_sci": "Hirundo neoxena", "species_com": "Welcome Swallow" }, "geometry": { "type": "Point", "coordinates": [ 151.2298, -33.843 ] } },
{ "type": "Feature", "properties": { "decimalLatitude": -33.8585, "decimalLongitude": 151.0887, "month": 1, "species_sci": "Hirundo neoxena", "species_com": "Welcome Swallow" }, "geometry": { "type": "Point", "coordinates": [ 151.0887, -33.8585 ] } },
{ "type": "Feature", "properties": { "decimalLatitude": -37.8749, "decimalLongitude": 144.8143, "month": 1, "species_sci": "Hirundo neoxena", "species_com": "Welcome Swallow" }, "geometry": { "type": "Point", "coordinates": [ 144.8143, -37.8749 ] } },
{ "type": "Feature", "properties": { "decimalLatitude": -33.9009, "decimalLongitude": 151.2337, "month": 1, "species_sci": "Hirundo neoxena", "species_com": "Welcome Swallow" }, "geometry": { "type": "Point", "coordinates": [ 151.2337, -33.9009 ] } },
{ "type": "Feature", "properties": { "decimalLatitude": -36.0714, "decimalLongitude": 146.8475, "month": 1, "species_sci": "Hirundo neoxena", "species_com": "Welcome Swallow" }, "geometry": { "type": "Point", "coordinates": [ 146.8475, -36.0714 ] } },
{ "type": "Feature", "properties": { "decimalLatitude": -35.4082, "decimalLongitude": 149.131, "month": 1, "species_sci": "Hirundo neoxena", "species_com": "Welcome Swallow" }, "geometry": { "type": "Point", "coordinates": [ 149.131, -35.4082 ] } },
{ "type": "Feature", "properties": { "decimalLatitude": -36.8967, "decimalLongitude": 174.6461, "month": 1, "species_sci": "Hirundo neoxena", "species_com": "Welcome Swallow" }, "geometry": { "type": "Point", "coordinates": [ 174.6461, -36.8967 ] } },
{ "type": "Feature", "properties": { "decimalLatitude": -42.18, "decimalLongitude": 146.5015, "month": 1, "species_sci": "Hirundo neoxena", "species_com": "Welcome Swallow" }, "geometry": { "type": "Point", "coordinates": [ 146.5015, -42.18 ] } },
{ "type": "Feature", "properties": { "decimalLatitude": -19.3018, "decimalLongitude": 146.7899, "month": 1, "species_sci": "Hirundo neoxena", "species_com": "Welcome Swallow" }, "geometry": { "type": "Point", "coordinates": [ 146.7899, -19.3018 ] } },
{ "type": "Feature", "properties": { "decimalLatitude": -27.4398, "decimalLongitude": 153.0644, "month": 1, "species_sci": "Hirundo neoxena", "species_com": "Welcome Swallow" }, "geometry": { "type": "Point", "coordinates": [ 153.0644, -27.4398 ] } },
{ "type": "Feature", "properties": { "decimalLatitude": -27.4761, "decimalLongitude": 153.2448, "month": 1, "species_sci": "Hirundo neoxena", "species_com": "Welcome Swallow" }, "geometry": { "type": "Point", "coordinates": [ 153.2448, -27.4761 ] } },
{ "type": "Feature", "properties": { "decimalLatitude": -38.3383, "decimalLongitude": 144.3147, "month": 1, "species_sci": "Hirundo neoxena", "species_com": "Welcome Swallow" }, "geometry": { "type": "Point", "coordinates": [ 144.3147, -38.3383 ] } },
{ "type": "Feature", "properties": { "decimalLatitude": -42.364, "decimalLongitude": 173.6884, "month": 1, "species_sci": "Hirundo neoxena", "species_com": "Welcome Swallow" }, "geometry": { "type": "Point", "coordinates": [ 173.6884, -42.364 ] } },
{ "type": "Feature", "properties": { "decimalLatitude": -37.842, "decimalLongitude": 144.8683, "month": 1, "species_sci": "Hirundo neoxena", "species_com": "Welcome Swallow" }, "geometry": { "type": "Point", "coordinates": [ 144.8683, -37.842 ] } },
{ "type": "Feature", "properties": { "decimalLatitude": -33.636, "decimalLongitude": 115.341, "month": 1, "species_sci": "Hirundo neoxena", "species_com": "Welcome Swallow" }, "geometry": { "type": "Point", "coordinates": [ 115.341, -33.636 ] } },
{ "type": "Feature", "properties": { "decimalLatitude": -37.8259, "decimalLongitude": 145.1624, "month": 1, "species_sci": "Hirundo neoxena", "species_com": "Welcome Swallow" }, "geometry": { "type": "Point", "coordinates": [ 145.1624, -37.8259 ] } },
{ "type": "Feature", "properties": { "decimalLatitude": -37.3099, "decimalLongitude": 175.0691, "month": 1, "species_sci": "Hirundo neoxena", "species_com": "Welcome Swallow" }, "geometry": { "type": "Point", "coordinates": [ 175.0691, -37.3099 ] } },
{ "type": "Feature", "properties": { "decimalLatitude": -36.3718, "decimalLongitude": 174.8434, "month": 1, "species_sci": "Hirundo neoxena", "species_com": "Welcome Swallow" }, "geometry": { "type": "Point", "coordinates": [ 174.8434, -36.3718 ] } },
{ "type": "Feature", "properties": { "decimalLatitude": -38.2713, "decimalLongitude": 144.3676, "month": 1, "species_sci": "Hirundo neoxena", "species_com": "Welcome Swallow" }, "geometry": { "type": "Point", "coordinates": [ 144.3676, -38.2713 ] } },
{ "type": "Feature", "properties": { "decimalLatitude": -43.6012, "decimalLongitude": 172.6478, "month": 1, "species_sci": "Hirundo neoxena", "species_com": "Welcome Swallow" }, "geometry": { "type": "Point", "coordinates": [ 172.6478, -43.6012 ] } },
{ "type": "Feature", "properties": { "decimalLatitude": -31.3644, "decimalLongitude": 130.8708, "month": 1, "species_sci": "Hirundo neoxena", "species_com": "Welcome Swallow" }, "geometry": { "type": "Point", "coordinates": [ 130.8708, -31.3644 ] } },
{ "type": "Feature", "properties": { "decimalLatitude": -46.4696, "decimalLongitude": 169.7553, "month": 1, "species_sci": "Hirundo neoxena", "species_com": "Welcome Swallow" }, "geometry": { "type": "Point", "coordinates": [ 169.7553, -46.4696 ] } },
{ "type": "Feature", "properties": { "decimalLatitude": -42.8018, "decimalLongitude": 147.3308, "month": 1, "species_sci": "Hirundo neoxena", "species_com": "Welcome Swallow" }, "geometry": { "type": "Point", "coordinates": [ 147.3308, -42.8018 ] } },
{ "type": "Feature", "properties": { "decimalLatitude": -33.6879, "decimalLongitude": 151.1067, "month": 1, "species_sci": "Hirundo neoxena", "species_com": "Welcome Swallow" }, "geometry": { "type": "Point", "coordinates": [ 151.1067, -33.6879 ] } },
{ "type": "Feature", "properties": { "decimalLatitude": -38.0736, "decimalLongitude": 146.18, "month": 1, "species_sci": "Hirundo neoxena", "species_com": "Welcome Swallow" }, "geometry": { "type": "Point", "coordinates": [ 146.18, -38.0736 ] } },
{ "type": "Feature", "properties": { "decimalLatitude": -28.1435, "decimalLongitude": 153.4947, "month": 1, "species_sci": "Hirundo neoxena", "species_com": "Welcome Swallow" }, "geometry": { "type": "Point", "coordinates": [ 153.4947, -28.1435 ] } },
{ "type": "Feature", "properties": { "decimalLatitude": -42.2437, "decimalLongitude": 173.8349, "month": 1, "species_sci": "Hirundo neoxena", "species_com": "Welcome Swallow" }, "geometry": { "type": "Point", "coordinates": [ 173.8349, -42.2437 ] } },
{ "type": "Feature", "properties": { "decimalLatitude": -38.0379, "decimalLongitude": 144.5244, "month": 1, "species_sci": "Hirundo neoxena", "species_com": "Welcome Swallow" }, "geometry": { "type": "Point", "coordinates": [ 144.5244, -38.0379 ] } },
{ "type": "Feature", "properties": { "decimalLatitude": -34.4521, "decimalLongitude": 172.7776, "month": 1, "species_sci": "Hirundo neoxena", "species_com": "Welcome Swallow" }, "geometry": { "type": "Point", "coordinates": [ 172.7776, -34.4521 ] } },
{ "type": "Feature", "properties": { "decimalLatitude": -28.821, "decimalLongitude": 152.1613, "month": 1, "species_sci": "Hirundo neoxena", "species_com": "Welcome Swallow" }, "geometry": { "type": "Point", "coordinates": [ 152.1613, -28.821 ] } },
{ "type": "Feature", "properties": { "decimalLatitude": -33.8299, "decimalLongitude": 151.0776, "month": 1, "species_sci": "Hirundo neoxena", "species_com": "Welcome Swallow" }, "geometry": { "type": "Point", "coordinates": [ 151.0776, -33.8299 ] } },
{ "type": "Feature", "properties": { "decimalLatitude": -26.7086, "decimalLongitude": 153.1345, "month": 1, "species_sci": "Hirundo neoxena", "species_com": "Welcome Swallow" }, "geometry": { "type": "Point", "coordinates": [ 153.1345, -26.7086 ] } },
{ "type": "Feature", "properties": { "decimalLatitude": -27.4518, "decimalLongitude": 153.1011, "month": 1, "species_sci": "Hirundo neoxena", "species_com": "Welcome Swallow" }, "geometry": { "type": "Point", "coordinates": [ 153.1011, -27.4518 ] } },
{ "type": "Feature", "properties": { "decimalLatitude": -39.4829, "decimalLongitude": 176.8734, "month": 1, "species_sci": "Hirundo neoxena", "species_com": "Welcome Swallow" }, "geometry": { "type": "Point", "coordinates": [ 176.8734, -39.4829 ] } },
{ "type": "Feature", "properties": { "decimalLatitude": -37.8594, "decimalLongitude": 144.8745, "month": 1, "species_sci": "Hirundo neoxena", "species_com": "Welcome Swallow" }, "geometry": { "type": "Point", "coordinates": [ 144.8745, -37.8594 ] } },
{ "type": "Feature", "properties": { "decimalLatitude": -43.3636, "decimalLongitude": 170.2044, "month": 1, "species_sci": "Hirundo neoxena", "species_com": "Welcome Swallow" }, "geometry": { "type": "Point", "coordinates": [ 170.2044, -43.3636 ] } },
{ "type": "Feature", "properties": { "decimalLatitude": -31.4559, "decimalLongitude": 152.8626, "month": 1, "species_sci": "Hirundo neoxena", "species_com": "Welcome Swallow" }, "geometry": { "type": "Point", "coordinates": [ 152.8626, -31.4559 ] } },
{ "type": "Feature", "properties": { "decimalLatitude": -38.0035, "decimalLongitude": 144.4083, "month": 1, "species_sci": "Hirundo neoxena", "species_com": "Welcome Swallow" }, "geometry": { "type": "Point", "coordinates": [ 144.4083, -38.0035 ] } },
{ "type": "Feature", "properties": { "decimalLatitude": -42.931, "decimalLongitude": 147.2555, "month": 1, "species_sci": "Hirundo neoxena", "species_com": "Welcome Swallow" }, "geometry": { "type": "Point", "coordinates": [ 147.2555, -42.931 ] } },
{ "type": "Feature", "properties": { "decimalLatitude": -35.2636, "decimalLongitude": 148.4866, "month": 1, "species_sci": "Hirundo neoxena", "species_com": "Welcome Swallow" }, "geometry": { "type": "Point", "coordinates": [ 148.4866, -35.2636 ] } },
{ "type": "Feature", "properties": { "decimalLatitude": -33.2604, "decimalLongitude": 149.0948, "month": 1, "species_sci": "Hirundo neoxena", "species_com": "Welcome Swallow" }, "geometry": { "type": "Point", "coordinates": [ 149.0948, -33.2604 ] } },
{ "type": "Feature", "properties": { "decimalLatitude": -27.3994, "decimalLongitude": 153.1074, "month": 1, "species_sci": "Hirundo neoxena", "species_com": "Welcome Swallow" }, "geometry": { "type": "Point", "coordinates": [ 153.1074, -27.3994 ] } },
{ "type": "Feature", "properties": { "decimalLatitude": -43.8972, "decimalLongitude": 171.7514, "month": 1, "species_sci": "Hirundo neoxena", "species_com": "Welcome Swallow" }, "geometry": { "type": "Point", "coordinates": [ 171.7514, -43.8972 ] } },
{ "type": "Feature", "properties": { "decimalLatitude": -34.4771, "decimalLongitude": 150.7687, "month": 1, "species_sci": "Hirundo neoxena", "species_com": "Welcome Swallow" }, "geometry": { "type": "Point", "coordinates": [ 150.7687, -34.4771 ] } },
{ "type": "Feature", "properties": { "decimalLatitude": -37.3262, "decimalLongitude": 142.7623, "month": 1, "species_sci": "Hirundo neoxena", "species_com": "Welcome Swallow" }, "geometry": { "type": "Point", "coordinates": [ 142.7623, -37.3262 ] } },
{ "type": "Feature", "properties": { "decimalLatitude": -33.8448, "decimalLongitude": 151.2276, "month": 1, "species_sci": "Hirundo neoxena", "species_com": "Welcome Swallow" }, "geometry": { "type": "Point", "coordinates": [ 151.2276, -33.8448 ] } },
{ "type": "Feature", "properties": { "decimalLatitude": -37.792, "decimalLongitude": 144.8251, "month": 1, "species_sci": "Hirundo neoxena", "species_com": "Welcome Swallow" }, "geometry": { "type": "Point", "coordinates": [ 144.8251, -37.792 ] } },
{ "type": "Feature", "properties": { "decimalLatitude": -34.8858, "decimalLongitude": 138.6898, "month": 1, "species_sci": "Hirundo neoxena", "species_com": "Welcome Swallow" }, "geometry": { "type": "Point", "coordinates": [ 138.6898, -34.8858 ] } },
{ "type": "Feature", "properties": { "decimalLatitude": -42.517, "decimalLongitude": 172.3844, "month": 1, "species_sci": "Hirundo neoxena", "species_com": "Welcome Swallow" }, "geometry": { "type": "Point", "coordinates": [ 172.3844, -42.517 ] } },
{ "type": "Feature", "properties": { "decimalLatitude": -27.4412, "decimalLongitude": 153.0682, "month": 1, "species_sci": "Hirundo neoxena", "species_com": "Welcome Swallow" }, "geometry": { "type": "Point", "coordinates": [ 153.0682, -27.4412 ] } },
{ "type": "Feature", "properties": { "decimalLatitude": -42.7958, "decimalLongitude": 147.3311, "month": 1, "species_sci": "Hirundo neoxena", "species_com": "Welcome Swallow" }, "geometry": { "type": "Point", "coordinates": [ 147.3311, -42.7958 ] } },
{ "type": "Feature", "properties": { "decimalLatitude": -27.4058, "decimalLongitude": 153.0815, "month": 1, "species_sci": "Hirundo neoxena", "species_com": "Welcome Swallow" }, "geometry": { "type": "Point", "coordinates": [ 153.0815, -27.4058 ] } },
{ "type": "Feature", "properties": { "decimalLatitude": -43.5821, "decimalLongitude": 172.6674, "month": 1, "species_sci": "Hirundo neoxena", "species_com": "Welcome Swallow" }, "geometry": { "type": "Point", "coordinates": [ 172.6674, -43.5821 ] } },
{ "type": "Feature", "properties": { "decimalLatitude": -38.9304, "decimalLongitude": 176.2534, "month": 1, "species_sci": "Hirundo neoxena", "species_com": "Welcome Swallow" }, "geometry": { "type": "Point", "coordinates": [ 176.2534, -38.9304 ] } },
{ "type": "Feature", "properties": { "decimalLatitude": -33.7475, "decimalLongitude": 150.8463, "month": 1, "species_sci": "Hirundo neoxena", "species_com": "Welcome Swallow" }, "geometry": { "type": "Point", "coordinates": [ 150.8463, -33.7475 ] } },
{ "type": "Feature", "properties": { "decimalLatitude": -45.719, "decimalLongitude": 170.4403, "month": 1, "species_sci": "Hirundo neoxena", "species_com": "Welcome Swallow" }, "geometry": { "type": "Point", "coordinates": [ 170.4403, -45.719 ] } },
{ "type": "Feature", "properties": { "decimalLatitude": -42.4347, "decimalLongitude": 173.5885, "month": 1, "species_sci": "Hirundo neoxena", "species_com": "Welcome Swallow" }, "geometry": { "type": "Point", "coordinates": [ 173.5885, -42.4347 ] } },
{ "type": "Feature", "properties": { "decimalLatitude": -37.9952, "decimalLongitude": 144.6152, "month": 1, "species_sci": "Hirundo neoxena", "species_com": "Welcome Swallow" }, "geometry": { "type": "Point", "coordinates": [ 144.6152, -37.9952 ] } },
{ "type": "Feature", "properties": { "decimalLatitude": -40.8906, "decimalLongitude": 172.3533, "month": 1, "species_sci": "Hirundo neoxena", "species_com": "Welcome Swallow" }, "geometry": { "type": "Point", "coordinates": [ 172.3533, -40.8906 ] } },
{ "type": "Feature", "properties": { "decimalLatitude": -27.5099, "decimalLongitude": 153.0814, "month": 1, "species_sci": "Hirundo neoxena", "species_com": "Welcome Swallow" }, "geometry": { "type": "Point", "coordinates": [ 153.0814, -27.5099 ] } },
{ "type": "Feature", "properties": { "decimalLatitude": -33.2954, "decimalLongitude": 151.5019, "month": 1, "species_sci": "Hirundo neoxena", "species_com": "Welcome Swallow" }, "geometry": { "type": "Point", "coordinates": [ 151.5019, -33.2954 ] } },
{ "type": "Feature", "properties": { "decimalLatitude": -46.4456, "decimalLongitude": 169.8037, "month": 1, "species_sci": "Hirundo neoxena", "species_com": "Welcome Swallow" }, "geometry": { "type": "Point", "coordinates": [ 169.8037, -46.4456 ] } },
{ "type": "Feature", "properties": { "decimalLatitude": -33.8384, "decimalLongitude": 151.1922, "month": 1, "species_sci": "Hirundo neoxena", "species_com": "Welcome Swallow" }, "geometry": { "type": "Point", "coordinates": [ 151.1922, -33.8384 ] } },
{ "type": "Feature", "properties": { "decimalLatitude": -37.7779, "decimalLongitude": 145.0182, "month": 1, "species_sci": "Hirundo neoxena", "species_com": "Welcome Swallow" }, "geometry": { "type": "Point", "coordinates": [ 145.0182, -37.7779 ] } },
{ "type": "Feature", "properties": { "decimalLatitude": -35.5169, "decimalLongitude": 144.9483, "month": 1, "species_sci": "Hirundo neoxena", "species_com": "Welcome Swallow" }, "geometry": { "type": "Point", "coordinates": [ 144.9483, -35.5169 ] } },
{ "type": "Feature", "properties": { "decimalLatitude": -41.3826, "decimalLongitude": 147.0806, "month": 1, "species_sci": "Hirundo neoxena", "species_com": "Welcome Swallow" }, "geometry": { "type": "Point", "coordinates": [ 147.0806, -41.3826 ] } },
{ "type": "Feature", "properties": { "decimalLatitude": -27.4009, "decimalLongitude": 153.1082, "month": 1, "species_sci": "Hirundo neoxena", "species_com": "Welcome Swallow" }, "geometry": { "type": "Point", "coordinates": [ 153.1082, -27.4009 ] } },
{ "type": "Feature", "properties": { "decimalLatitude": -38.635, "decimalLongitude": 145.7474, "month": 1, "species_sci": "Hirundo neoxena", "species_com": "Welcome Swallow" }, "geometry": { "type": "Point", "coordinates": [ 145.7474, -38.635 ] } },
{ "type": "Feature", "properties": { "decimalLatitude": -34.4916, "decimalLongitude": 150.8201, "month": 1, "species_sci": "Hirundo neoxena", "species_com": "Welcome Swallow" }, "geometry": { "type": "Point", "coordinates": [ 150.8201, -34.4916 ] } },
{ "type": "Feature", "properties": { "decimalLatitude": -30.0392, "decimalLongitude": 153.1186, "month": 1, "species_sci": "Hirundo neoxena", "species_com": "Welcome Swallow" }, "geometry": { "type": "Point", "coordinates": [ 153.1186, -30.0392 ] } },
{ "type": "Feature", "properties": { "decimalLatitude": -33.0458, "decimalLongitude": 151.6593, "month": 1, "species_sci": "Hirundo neoxena", "species_com": "Welcome Swallow" }, "geometry": { "type": "Point", "coordinates": [ 151.6593, -33.0458 ] } },
{ "type": "Feature", "properties": { "decimalLatitude": -35.2815, "decimalLongitude": 138.9599, "month": 1, "species_sci": "Hirundo neoxena", "species_com": "Welcome Swallow" }, "geometry": { "type": "Point", "coordinates": [ 138.9599, -35.2815 ] } },
{ "type": "Feature", "properties": { "decimalLatitude": -38.0005, "decimalLongitude": 144.6334, "month": 1, "species_sci": "Hirundo neoxena", "species_com": "Welcome Swallow" }, "geometry": { "type": "Point", "coordinates": [ 144.6334, -38.0005 ] } },
{ "type": "Feature", "properties": { "decimalLatitude": -41.3672, "decimalLongitude": 173.3549, "month": 1, "species_sci": "Hirundo neoxena", "species_com": "Welcome Swallow" }, "geometry": { "type": "Point", "coordinates": [ 173.3549, -41.3672 ] } },
{ "type": "Feature", "properties": { "decimalLatitude": -37.25, "decimalLongitude": 150.029, "month": 1, "species_sci": "Hirundo neoxena", "species_com": "Welcome Swallow" }, "geometry": { "type": "Point", "coordinates": [ 150.029, -37.25 ] } },
{ "type": "Feature", "properties": { "decimalLatitude": -37.8633, "decimalLongitude": 144.9707, "month": 1, "species_sci": "Hirundo neoxena", "species_com": "Welcome Swallow" }, "geometry": { "type": "Point", "coordinates": [ 144.9707, -37.8633 ] } },
{ "type": "Feature", "properties": { "decimalLatitude": -33.6329, "decimalLongitude": 115.3394, "month": 1, "species_sci": "Hirundo neoxena", "species_com": "Welcome Swallow" }, "geometry": { "type": "Point", "coordinates": [ 115.3394, -33.6329 ] } },
{ "type": "Feature", "properties": { "decimalLatitude": -34.2526, "decimalLongitude": 150.7174, "month": 1, "species_sci": "Hirundo neoxena", "species_com": "Welcome Swallow" }, "geometry": { "type": "Point", "coordinates": [ 150.7174, -34.2526 ] } },
{ "type": "Feature", "properties": { "decimalLatitude": -38.1888, "decimalLongitude": 144.7057, "month": 1, "species_sci": "Hirundo neoxena", "species_com": "Welcome Swallow" }, "geometry": { "type": "Point", "coordinates": [ 144.7057, -38.1888 ] } },
{ "type": "Feature", "properties": { "decimalLatitude": -43.7217, "decimalLongitude": 172.467, "month": 1, "species_sci": "Hirundo neoxena", "species_com": "Welcome Swallow" }, "geometry": { "type": "Point", "coordinates": [ 172.467, -43.7217 ] } },
{ "type": "Feature", "properties": { "decimalLatitude": -35.4656, "decimalLongitude": 148.9057, "month": 1, "species_sci": "Hirundo neoxena", "species_com": "Welcome Swallow" }, "geometry": { "type": "Point", "coordinates": [ 148.9057, -35.4656 ] } },
{ "type": "Feature", "properties": { "decimalLatitude": -37.8381, "decimalLongitude": 144.8719, "month": 1, "species_sci": "Hirundo neoxena", "species_com": "Welcome Swallow" }, "geometry": { "type": "Point", "coordinates": [ 144.8719, -37.8381 ] } },
{ "type": "Feature", "properties": { "decimalLatitude": -28.2275, "decimalLongitude": 153.2735, "month": 1, "species_sci": "Hirundo neoxena", "species_com": "Welcome Swallow" }, "geometry": { "type": "Point", "coordinates": [ 153.2735, -28.2275 ] } },
{ "type": "Feature", "properties": { "decimalLatitude": -34.5248, "decimalLongitude": 150.8085, "month": 1, "species_sci": "Hirundo neoxena", "species_com": "Welcome Swallow" }, "geometry": { "type": "Point", "coordinates": [ 150.8085, -34.5248 ] } },
{ "type": "Feature", "properties": { "decimalLatitude": -27.4058, "decimalLongitude": 153.0815, "month": 1, "species_sci": "Hirundo neoxena", "species_com": "Welcome Swallow" }, "geometry": { "type": "Point", "coordinates": [ 153.0815, -27.4058 ] } },
{ "type": "Feature", "properties": { "decimalLatitude": -36.0451, "decimalLongitude": 136.7574, "month": 1, "species_sci": "Hirundo neoxena", "species_com": "Welcome Swallow" }, "geometry": { "type": "Point", "coordinates": [ 136.7574, -36.0451 ] } },
{ "type": "Feature", "properties": { "decimalLatitude": -34.4101, "decimalLongitude": 150.8753, "month": 1, "species_sci": "Hirundo neoxena", "species_com": "Welcome Swallow" }, "geometry": { "type": "Point", "coordinates": [ 150.8753, -34.4101 ] } },
{ "type": "Feature", "properties": { "decimalLatitude": -45.9059, "decimalLongitude": 170.5651, "month": 1, "species_sci": "Hirundo neoxena", "species_com": "Welcome Swallow" }, "geometry": { "type": "Point", "coordinates": [ 170.5651, -45.9059 ] } },
{ "type": "Feature", "properties": { "decimalLatitude": -42.517, "decimalLongitude": 172.3845, "month": 1, "species_sci": "Hirundo neoxena", "species_com": "Welcome Swallow" }, "geometry": { "type": "Point", "coordinates": [ 172.3845, -42.517 ] } },
{ "type": "Feature", "properties": { "decimalLatitude": -37.8319, "decimalLongitude": 144.9072, "month": 1, "species_sci": "Hirundo neoxena", "species_com": "Welcome Swallow" }, "geometry": { "type": "Point", "coordinates": [ 144.9072, -37.8319 ] } },
{ "type": "Feature", "properties": { "decimalLatitude": -32.7355, "decimalLongitude": 152.1091, "month": 1, "species_sci": "Hirundo neoxena", "species_com": "Welcome Swallow" }, "geometry": { "type": "Point", "coordinates": [ 152.1091, -32.7355 ] } },
{ "type": "Feature", "properties": { "decimalLatitude": -38.271, "decimalLongitude": 144.3679, "month": 1, "species_sci": "Hirundo neoxena", "species_com": "Welcome Swallow" }, "geometry": { "type": "Point", "coordinates": [ 144.3679, -38.271 ] } },
{ "type": "Feature", "properties": { "decimalLatitude": -38.1822, "decimalLongitude": 144.5546, "month": 1, "species_sci": "Hirundo neoxena", "species_com": "Welcome Swallow" }, "geometry": { "type": "Point", "coordinates": [ 144.5546, -38.1822 ] } },
{ "type": "Feature", "properties": { "decimalLatitude": -31.9449, "decimalLongitude": 115.8184, "month": 1, "species_sci": "Hirundo neoxena", "species_com": "Welcome Swallow" }, "geometry": { "type": "Point", "coordinates": [ 115.8184, -31.9449 ] } },
{ "type": "Feature", "properties": { "decimalLatitude": -33.7298, "decimalLongitude": 151.2767, "month": 1, "species_sci": "Hirundo neoxena", "species_com": "Welcome Swallow" }, "geometry": { "type": "Point", "coordinates": [ 151.2767, -33.7298 ] } },
{ "type": "Feature", "properties": { "decimalLatitude": -26.0796, "decimalLongitude": 149.6542, "month": 1, "species_sci": "Hirundo neoxena", "species_com": "Welcome Swallow" }, "geometry": { "type": "Point", "coordinates": [ 149.6542, -26.0796 ] } },
{ "type": "Feature", "properties": { "decimalLatitude": -43.2012, "decimalLongitude": 147.7804, "month": 1, "species_sci": "Hirundo neoxena", "species_com": "Welcome Swallow" }, "geometry": { "type": "Point", "coordinates": [ 147.7804, -43.2012 ] } },
{ "type": "Feature", "properties": { "decimalLatitude": -35.4654, "decimalLongitude": 148.9067, "month": 1, "species_sci": "Hirundo neoxena", "species_com": "Welcome Swallow" }, "geometry": { "type": "Point", "coordinates": [ 148.9067, -35.4654 ] } },
{ "type": "Feature", "properties": { "decimalLatitude": -31.8258, "decimalLongitude": 115.7386, "month": 1, "species_sci": "Hirundo neoxena", "species_com": "Welcome Swallow" }, "geometry": { "type": "Point", "coordinates": [ 115.7386, -31.8258 ] } },
{ "type": "Feature", "properties": { "decimalLatitude": -34.7792, "decimalLongitude": 150.8215, "month": 1, "species_sci": "Hirundo neoxena", "species_com": "Welcome Swallow" }, "geometry": { "type": "Point", "coordinates": [ 150.8215, -34.7792 ] } },
{ "type": "Feature", "properties": { "decimalLatitude": -35.3695, "decimalLongitude": 139.1512, "month": 1, "species_sci": "Hirundo neoxena", "species_com": "Welcome Swallow" }, "geometry": { "type": "Point", "coordinates": [ 139.1512, -35.3695 ] } },
{ "type": "Feature", "properties": { "decimalLatitude": -34.8261, "decimalLongitude": 150.6544, "month": 1, "species_sci": "Hirundo neoxena", "species_com": "Welcome Swallow" }, "geometry": { "type": "Point", "coordinates": [ 150.6544, -34.8261 ] } },
{ "type": "Feature", "properties": { "decimalLatitude": -42.8837, "decimalLongitude": 147.334, "month": 1, "species_sci": "Hirundo neoxena", "species_com": "Welcome Swallow" }, "geometry": { "type": "Point", "coordinates": [ 147.334, -42.8837 ] } },
{ "type": "Feature", "properties": { "decimalLatitude": -32.5613, "decimalLongitude": 151.4599, "month": 1, "species_sci": "Hirundo neoxena", "species_com": "Welcome Swallow" }, "geometry": { "type": "Point", "coordinates": [ 151.4599, -32.5613 ] } },
{ "type": "Feature", "properties": { "decimalLatitude": -34.4551, "decimalLongitude": 150.4519, "month": 1, "species_sci": "Hirundo neoxena", "species_com": "Welcome Swallow" }, "geometry": { "type": "Point", "coordinates": [ 150.4519, -34.4551 ] } },
{ "type": "Feature", "properties": { "decimalLatitude": -35.4937, "decimalLongitude": 146.565, "month": 1, "species_sci": "Hirundo neoxena", "species_com": "Welcome Swallow" }, "geometry": { "type": "Point", "coordinates": [ 146.565, -35.4937 ] } },
{ "type": "Feature", "properties": { "decimalLatitude": -37.9091, "decimalLongitude": 144.986, "month": 1, "species_sci": "Hirundo neoxena", "species_com": "Welcome Swallow" }, "geometry": { "type": "Point", "coordinates": [ 144.986, -37.9091 ] } },
{ "type": "Feature", "properties": { "decimalLatitude": -33.6969, "decimalLongitude": 150.9125, "month": 1, "species_sci": "Hirundo neoxena", "species_com": "Welcome Swallow" }, "geometry": { "type": "Point", "coordinates": [ 150.9125, -33.6969 ] } },
{ "type": "Feature", "properties": { "decimalLatitude": -37.6418, "decimalLongitude": 145.1911, "month": 1, "species_sci": "Hirundo neoxena", "species_com": "Welcome Swallow" }, "geometry": { "type": "Point", "coordinates": [ 145.1911, -37.6418 ] } },
{ "type": "Feature", "properties": { "decimalLatitude": -37.8985, "decimalLongitude": 144.7811, "month": 1, "species_sci": "Hirundo neoxena", "species_com": "Welcome Swallow" }, "geometry": { "type": "Point", "coordinates": [ 144.7811, -37.8985 ] } },
{ "type": "Feature", "properties": { "decimalLatitude": -44.5073, "decimalLongitude": 168.7438, "month": 1, "species_sci": "Hirundo neoxena", "species_com": "Welcome Swallow" }, "geometry": { "type": "Point", "coordinates": [ 168.7438, -44.5073 ] } },
{ "type": "Feature", "properties": { "decimalLatitude": -43.7856, "decimalLongitude": 172.6985, "month": 1, "species_sci": "Hirundo neoxena", "species_com": "Welcome Swallow" }, "geometry": { "type": "Point", "coordinates": [ 172.6985, -43.7856 ] } },
{ "type": "Feature", "properties": { "decimalLatitude": -16.4858, "decimalLongitude": 145.4595, "month": 1, "species_sci": "Hirundo neoxena", "species_com": "Welcome Swallow" }, "geometry": { "type": "Point", "coordinates": [ 145.4595, -16.4858 ] } },
{ "type": "Feature", "properties": { "decimalLatitude": -27.5414, "decimalLongitude": 152.999, "month": 1, "species_sci": "Hirundo neoxena", "species_com": "Welcome Swallow" }, "geometry": { "type": "Point", "coordinates": [ 152.999, -27.5414 ] } },
{ "type": "Feature", "properties": { "decimalLatitude": -38.0396, "decimalLongitude": 144.5151, "month": 1, "species_sci": "Hirundo neoxena", "species_com": "Welcome Swallow" }, "geometry": { "type": "Point", "coordinates": [ 144.5151, -38.0396 ] } },
{ "type": "Feature", "properties": { "decimalLatitude": -36.1894, "decimalLongitude": 140.3094, "month": 1, "species_sci": "Hirundo neoxena", "species_com": "Welcome Swallow" }, "geometry": { "type": "Point", "coordinates": [ 140.3094, -36.1894 ] } },
{ "type": "Feature", "properties": { "decimalLatitude": -43.2322, "decimalLongitude": 147.3809, "month": 1, "species_sci": "Hirundo neoxena", "species_com": "Welcome Swallow" }, "geometry": { "type": "Point", "coordinates": [ 147.3809, -43.2322 ] } },
{ "type": "Feature", "properties": { "decimalLatitude": -43.5091, "decimalLongitude": 172.7215, "month": 1, "species_sci": "Hirundo neoxena", "species_com": "Welcome Swallow" }, "geometry": { "type": "Point", "coordinates": [ 172.7215, -43.5091 ] } },
{ "type": "Feature", "properties": { "decimalLatitude": -42.4258, "decimalLongitude": 173.6818, "month": 1, "species_sci": "Hirundo neoxena", "species_com": "Welcome Swallow" }, "geometry": { "type": "Point", "coordinates": [ 173.6818, -42.4258 ] } },
{ "type": "Feature", "properties": { "decimalLatitude": -33.925, "decimalLongitude": 151.0006, "month": 1, "species_sci": "Hirundo neoxena", "species_com": "Welcome Swallow" }, "geometry": { "type": "Point", "coordinates": [ 151.0006, -33.925 ] } },
{ "type": "Feature", "properties": { "decimalLatitude": -37.5656, "decimalLongitude": 145.122, "month": 1, "species_sci": "Hirundo neoxena", "species_com": "Welcome Swallow" }, "geometry": { "type": "Point", "coordinates": [ 145.122, -37.5656 ] } },
{ "type": "Feature", "properties": { "decimalLatitude": -34.9332, "decimalLongitude": 138.5082, "month": 1, "species_sci": "Hirundo neoxena", "species_com": "Welcome Swallow" }, "geometry": { "type": "Point", "coordinates": [ 138.5082, -34.9332 ] } },
{ "type": "Feature", "properties": { "decimalLatitude": -38.6761, "decimalLongitude": 145.6097, "month": 1, "species_sci": "Hirundo neoxena", "species_com": "Welcome Swallow" }, "geometry": { "type": "Point", "coordinates": [ 145.6097, -38.6761 ] } },
{ "type": "Feature", "properties": { "decimalLatitude": -36.7482, "decimalLongitude": 174.557, "month": 1, "species_sci": "Hirundo neoxena", "species_com": "Welcome Swallow" }, "geometry": { "type": "Point", "coordinates": [ 174.557, -36.7482 ] } },
{ "type": "Feature", "properties": { "decimalLatitude": -36.4501, "decimalLongitude": 149.8305, "month": 1, "species_sci": "Hirundo neoxena", "species_com": "Welcome Swallow" }, "geometry": { "type": "Point", "coordinates": [ 149.8305, -36.4501 ] } },
{ "type": "Feature", "properties": { "decimalLatitude": -33.901, "decimalLongitude": 151.2337, "month": 1, "species_sci": "Hirundo neoxena", "species_com": "Welcome Swallow" }, "geometry": { "type": "Point", "coordinates": [ 151.2337, -33.901 ] } },
{ "type": "Feature", "properties": { "decimalLatitude": -32.5821, "decimalLongitude": 151.7848, "month": 1, "species_sci": "Hirundo neoxena", "species_com": "Welcome Swallow" }, "geometry": { "type": "Point", "coordinates": [ 151.7848, -32.5821 ] } },
{ "type": "Feature", "properties": { "decimalLatitude": -23.3149, "decimalLongitude": 150.7571, "month": 1, "species_sci": "Hirundo neoxena", "species_com": "Welcome Swallow" }, "geometry": { "type": "Point", "coordinates": [ 150.7571, -23.3149 ] } },
{ "type": "Feature", "properties": { "decimalLatitude": -34.5399, "decimalLongitude": 150.7905, "month": 1, "species_sci": "Hirundo neoxena", "species_com": "Welcome Swallow" }, "geometry": { "type": "Point", "coordinates": [ 150.7905, -34.5399 ] } },
{ "type": "Feature", "properties": { "decimalLatitude": -37.5542, "decimalLongitude": 143.8238, "month": 1, "species_sci": "Hirundo neoxena", "species_com": "Welcome Swallow" }, "geometry": { "type": "Point", "coordinates": [ 143.8238, -37.5542 ] } },
{ "type": "Feature", "properties": { "decimalLatitude": -38.6429, "decimalLongitude": 145.7131, "month": 1, "species_sci": "Hirundo neoxena", "species_com": "Welcome Swallow" }, "geometry": { "type": "Point", "coordinates": [ 145.7131, -38.6429 ] } },
{ "type": "Feature", "properties": { "decimalLatitude": -36.9088, "decimalLongitude": 174.9553, "month": 1, "species_sci": "Hirundo neoxena", "species_com": "Welcome Swallow" }, "geometry": { "type": "Point", "coordinates": [ 174.9553, -36.9088 ] } },
{ "type": "Feature", "properties": { "decimalLatitude": -36.8438, "decimalLongitude": 174.7688, "month": 2, "species_sci": "Hirundo neoxena", "species_com": "Welcome Swallow" }, "geometry": { "type": "Point", "coordinates": [ 174.7688, -36.8438 ] } },
{ "type": "Feature", "properties": { "decimalLatitude": -31.6826, "decimalLongitude": 115.705, "month": 2, "species_sci": "Hirundo neoxena", "species_com": "Welcome Swallow" }, "geometry": { "type": "Point", "coordinates": [ 115.705, -31.6826 ] } },
{ "type": "Feature", "properties": { "decimalLatitude": -37.8291, "decimalLongitude": 144.9748, "month": 2, "species_sci": "Hirundo neoxena", "species_com": "Welcome Swallow" }, "geometry": { "type": "Point", "coordinates": [ 144.9748, -37.8291 ] } },
{ "type": "Feature", "properties": { "decimalLatitude": -33.7408, "decimalLongitude": 151.3144, "month": 2, "species_sci": "Hirundo neoxena", "species_com": "Welcome Swallow" }, "geometry": { "type": "Point", "coordinates": [ 151.3144, -33.7408 ] } },
{ "type": "Feature", "properties": { "decimalLatitude": -27.5414, "decimalLongitude": 152.9991, "month": 2, "species_sci": "Hirundo neoxena", "species_com": "Welcome Swallow" }, "geometry": { "type": "Point", "coordinates": [ 152.9991, -27.5414 ] } },
{ "type": "Feature", "properties": { "decimalLatitude": -37.598, "decimalLongitude": 149.6448, "month": 2, "species_sci": "Hirundo neoxena", "species_com": "Welcome Swallow" }, "geometry": { "type": "Point", "coordinates": [ 149.6448, -37.598 ] } },
{ "type": "Feature", "properties": { "decimalLatitude": -34.6026, "decimalLongitude": 150.8625, "month": 2, "species_sci": "Hirundo neoxena", "species_com": "Welcome Swallow" }, "geometry": { "type": "Point", "coordinates": [ 150.8625, -34.6026 ] } },
{ "type": "Feature", "properties": { "decimalLatitude": -27.6516, "decimalLongitude": 152.8748, "month": 2, "species_sci": "Hirundo neoxena", "species_com": "Welcome Swallow" }, "geometry": { "type": "Point", "coordinates": [ 152.8748, -27.6516 ] } },
{ "type": "Feature", "properties": { "decimalLatitude": -30.3027, "decimalLongitude": 153.1457, "month": 2, "species_sci": "Hirundo neoxena", "species_com": "Welcome Swallow" }, "geometry": { "type": "Point", "coordinates": [ 153.1457, -30.3027 ] } },
{ "type": "Feature", "properties": { "decimalLatitude": -16.9097, "decimalLongitude": 145.7665, "month": 2, "species_sci": "Hirundo neoxena", "species_com": "Welcome Swallow" }, "geometry": { "type": "Point", "coordinates": [ 145.7665, -16.9097 ] } },
{ "type": "Feature", "properties": { "decimalLatitude": -36.7744, "decimalLongitude": 174.8981, "month": 2, "species_sci": "Hirundo neoxena", "species_com": "Welcome Swallow" }, "geometry": { "type": "Point", "coordinates": [ 174.8981, -36.7744 ] } },
{ "type": "Feature", "properties": { "decimalLatitude": -35.2684, "decimalLongitude": 174.0482, "month": 2, "species_sci": "Hirundo neoxena", "species_com": "Welcome Swallow" }, "geometry": { "type": "Point", "coordinates": [ 174.0482, -35.2684 ] } },
{ "type": "Feature", "properties": { "decimalLatitude": -33.3231, "decimalLongitude": 115.6469, "month": 2, "species_sci": "Hirundo neoxena", "species_com": "Welcome Swallow" }, "geometry": { "type": "Point", "coordinates": [ 115.6469, -33.3231 ] } },
{ "type": "Feature", "properties": { "decimalLatitude": -34.4458, "decimalLongitude": 150.8435, "month": 2, "species_sci": "Hirundo neoxena", "species_com": "Welcome Swallow" }, "geometry": { "type": "Point", "coordinates": [ 150.8435, -34.4458 ] } },
{ "type": "Feature", "properties": { "decimalLatitude": -34.6468, "decimalLongitude": 150.6985, "month": 2, "species_sci": "Hirundo neoxena", "species_com": "Welcome Swallow" }, "geometry": { "type": "Point", "coordinates": [ 150.6985, -34.6468 ] } },
{ "type": "Feature", "properties": { "decimalLatitude": -33.8434, "decimalLongitude": 151.2435, "month": 2, "species_sci": "Hirundo neoxena", "species_com": "Welcome Swallow" }, "geometry": { "type": "Point", "coordinates": [ 151.2435, -33.8434 ] } },
{ "type": "Feature", "properties": { "decimalLatitude": -35.2913, "decimalLongitude": 149.1263, "month": 2, "species_sci": "Hirundo neoxena", "species_com": "Welcome Swallow" }, "geometry": { "type": "Point", "coordinates": [ 149.1263, -35.2913 ] } },
{ "type": "Feature", "properties": { "decimalLatitude": -38.1008, "decimalLongitude": 144.3702, "month": 2, "species_sci": "Hirundo neoxena", "species_com": "Welcome Swallow" }, "geometry": { "type": "Point", "coordinates": [ 144.3702, -38.1008 ] } },
{ "type": "Feature", "properties": { "decimalLatitude": -27.3907, "decimalLongitude": 153.0369, "month": 2, "species_sci": "Hirundo neoxena", "species_com": "Welcome Swallow" }, "geometry": { "type": "Point", "coordinates": [ 153.0369, -27.3907 ] } },
{ "type": "Feature", "properties": { "decimalLatitude": -35.3632, "decimalLongitude": 139.1264, "month": 2, "species_sci": "Hirundo neoxena", "species_com": "Welcome Swallow" }, "geometry": { "type": "Point", "coordinates": [ 139.1264, -35.3632 ] } },
{ "type": "Feature", "properties": { "decimalLatitude": -42.4293, "decimalLongitude": 173.7071, "month": 2, "species_sci": "Hirundo neoxena", "species_com": "Welcome Swallow" }, "geometry": { "type": "Point", "coordinates": [ 173.7071, -42.4293 ] } },
{ "type": "Feature", "properties": { "decimalLatitude": -28.7625, "decimalLongitude": 153.3472, "month": 2, "species_sci": "Hirundo neoxena", "species_com": "Welcome Swallow" }, "geometry": { "type": "Point", "coordinates": [ 153.3472, -28.7625 ] } },
{ "type": "Feature", "properties": { "decimalLatitude": -34.829, "decimalLongitude": 150.6152, "month": 2, "species_sci": "Hirundo neoxena", "species_com": "Welcome Swallow" }, "geometry": { "type": "Point", "coordinates": [ 150.6152, -34.829 ] } },
{ "type": "Feature", "properties": { "decimalLatitude": -21.0957, "decimalLongitude": 164.8884, "month": 2, "species_sci": "Hirundo neoxena", "species_com": "Welcome Swallow" }, "geometry": { "type": "Point", "coordinates": [ 164.8884, -21.0957 ] } },
{ "type": "Feature", "properties": { "decimalLatitude": -25.8451, "decimalLongitude": 148.5665, "month": 2, "species_sci": "Hirundo neoxena", "species_com": "Welcome Swallow" }, "geometry": { "type": "Point", "coordinates": [ 148.5665, -25.8451 ] } },
{ "type": "Feature", "properties": { "decimalLatitude": -42.4252, "decimalLongitude": 173.6878, "month": 2, "species_sci": "Hirundo neoxena", "species_com": "Welcome Swallow" }, "geometry": { "type": "Point", "coordinates": [ 173.6878, -42.4252 ] } },
{ "type": "Feature", "properties": { "decimalLatitude": -33.9157, "decimalLongitude": 151.228, "month": 2, "species_sci": "Hirundo neoxena", "species_com": "Welcome Swallow" }, "geometry": { "type": "Point", "coordinates": [ 151.228, -33.9157 ] } },
{ "type": "Feature", "properties": { "decimalLatitude": -36.5504, "decimalLongitude": 143.8691, "month": 2, "species_sci": "Hirundo neoxena", "species_com": "Welcome Swallow" }, "geometry": { "type": "Point", "coordinates": [ 143.8691, -36.5504 ] } },
{ "type": "Feature", "properties": { "decimalLatitude": -33.8563, "decimalLongitude": 151.1267, "month": 2, "species_sci": "Hirundo neoxena", "species_com": "Welcome Swallow" }, "geometry": { "type": "Point", "coordinates": [ 151.1267, -33.8563 ] } },
{ "type": "Feature", "properties": { "decimalLatitude": -30.292, "decimalLongitude": 153.1249, "month": 2, "species_sci": "Hirundo neoxena", "species_com": "Welcome Swallow" }, "geometry": { "type": "Point", "coordinates": [ 153.1249, -30.292 ] } },
{ "type": "Feature", "properties": { "decimalLatitude": -33.9605, "decimalLongitude": 151.2502, "month": 2, "species_sci": "Hirundo neoxena", "species_com": "Welcome Swallow" }, "geometry": { "type": "Point", "coordinates": [ 151.2502, -33.9605 ] } },
{ "type": "Feature", "properties": { "decimalLatitude": -41.3829, "decimalLongitude": 147.0785, "month": 2, "species_sci": "Hirundo neoxena", "species_com": "Welcome Swallow" }, "geometry": { "type": "Point", "coordinates": [ 147.0785, -41.3829 ] } },
{ "type": "Feature", "properties": { "decimalLatitude": -34.5984, "decimalLongitude": 150.8677, "month": 2, "species_sci": "Hirundo neoxena", "species_com": "Welcome Swallow" }, "geometry": { "type": "Point", "coordinates": [ 150.8677, -34.5984 ] } },
{ "type": "Feature", "properties": { "decimalLatitude": -27.6207, "decimalLongitude": 152.9641, "month": 2, "species_sci": "Hirundo neoxena", "species_com": "Welcome Swallow" }, "geometry": { "type": "Point", "coordinates": [ 152.9641, -27.6207 ] } },
{ "type": "Feature", "properties": { "decimalLatitude": -32.5572, "decimalLongitude": 115.732, "month": 2, "species_sci": "Hirundo neoxena", "species_com": "Welcome Swallow" }, "geometry": { "type": "Point", "coordinates": [ 115.732, -32.5572 ] } },
{ "type": "Feature", "properties": { "decimalLatitude": -32.9345, "decimalLongitude": 148.0757, "month": 2, "species_sci": "Hirundo neoxena", "species_com": "Welcome Swallow" }, "geometry": { "type": "Point", "coordinates": [ 148.0757, -32.9345 ] } },
{ "type": "Feature", "properties": { "decimalLatitude": -36.7121, "decimalLongitude": 144.3131, "month": 2, "species_sci": "Hirundo neoxena", "species_com": "Welcome Swallow" }, "geometry": { "type": "Point", "coordinates": [ 144.3131, -36.7121 ] } },
{ "type": "Feature", "properties": { "decimalLatitude": -35.0385, "decimalLongitude": 138.6117, "month": 2, "species_sci": "Hirundo neoxena", "species_com": "Welcome Swallow" }, "geometry": { "type": "Point", "coordinates": [ 138.6117, -35.0385 ] } },
{ "type": "Feature", "properties": { "decimalLatitude": -37.9932, "decimalLongitude": 144.5743, "month": 2, "species_sci": "Hirundo neoxena", "species_com": "Welcome Swallow" }, "geometry": { "type": "Point", "coordinates": [ 144.5743, -37.9932 ] } },
{ "type": "Feature", "properties": { "decimalLatitude": -37.9444, "decimalLongitude": 144.4106, "month": 2, "species_sci": "Hirundo neoxena", "species_com": "Welcome Swallow" }, "geometry": { "type": "Point", "coordinates": [ 144.4106, -37.9444 ] } },
{ "type": "Feature", "properties": { "decimalLatitude": -33.8447, "decimalLongitude": 151.2156, "month": 2, "species_sci": "Hirundo neoxena", "species_com": "Welcome Swallow" }, "geometry": { "type": "Point", "coordinates": [ 151.2156, -33.8447 ] } },
{ "type": "Feature", "properties": { "decimalLatitude": -37.1829, "decimalLongitude": 175.3209, "month": 2, "species_sci": "Hirundo neoxena", "species_com": "Welcome Swallow" }, "geometry": { "type": "Point", "coordinates": [ 175.3209, -37.1829 ] } },
{ "type": "Feature", "properties": { "decimalLatitude": -33.1963, "decimalLongitude": 151.6213, "month": 2, "species_sci": "Hirundo neoxena", "species_com": "Welcome Swallow" }, "geometry": { "type": "Point", "coordinates": [ 151.6213, -33.1963 ] } },
{ "type": "Feature", "properties": { "decimalLatitude": -33.814, "decimalLongitude": 151.0069, "month": 2, "species_sci": "Hirundo neoxena", "species_com": "Welcome Swallow" }, "geometry": { "type": "Point", "coordinates": [ 151.0069, -33.814 ] } },
{ "type": "Feature", "properties": { "decimalLatitude": -27.4463, "decimalLongitude": 153.1652, "month": 2, "species_sci": "Hirundo neoxena", "species_com": "Welcome Swallow" }, "geometry": { "type": "Point", "coordinates": [ 153.1652, -27.4463 ] } },
{ "type": "Feature", "properties": { "decimalLatitude": -37.7824, "decimalLongitude": 144.943, "month": 2, "species_sci": "Hirundo neoxena", "species_com": "Welcome Swallow" }, "geometry": { "type": "Point", "coordinates": [ 144.943, -37.7824 ] } },
{ "type": "Feature", "properties": { "decimalLatitude": -29.5844, "decimalLongitude": 151.3893, "month": 2, "species_sci": "Hirundo neoxena", "species_com": "Welcome Swallow" }, "geometry": { "type": "Point", "coordinates": [ 151.3893, -29.5844 ] } },
{ "type": "Feature", "properties": { "decimalLatitude": -35.0841, "decimalLongitude": 138.5905, "month": 2, "species_sci": "Hirundo neoxena", "species_com": "Welcome Swallow" }, "geometry": { "type": "Point", "coordinates": [ 138.5905, -35.0841 ] } },
{ "type": "Feature", "properties": { "decimalLatitude": -36.5095, "decimalLongitude": 174.6573, "month": 2, "species_sci": "Hirundo neoxena", "species_com": "Welcome Swallow" }, "geometry": { "type": "Point", "coordinates": [ 174.6573, -36.5095 ] } },
{ "type": "Feature", "properties": { "decimalLatitude": -34.5303, "decimalLongitude": 150.3497, "month": 2, "species_sci": "Hirundo neoxena", "species_com": "Welcome Swallow" }, "geometry": { "type": "Point", "coordinates": [ 150.3497, -34.5303 ] } },
{ "type": "Feature", "properties": { "decimalLatitude": -28.2316, "decimalLongitude": 153.136, "month": 2, "species_sci": "Hirundo neoxena", "species_com": "Welcome Swallow" }, "geometry": { "type": "Point", "coordinates": [ 153.136, -28.2316 ] } },
{ "type": "Feature", "properties": { "decimalLatitude": -28.2261, "decimalLongitude": 153.5233, "month": 2, "species_sci": "Hirundo neoxena", "species_com": "Welcome Swallow" }, "geometry": { "type": "Point", "coordinates": [ 153.5233, -28.2261 ] } },
{ "type": "Feature", "properties": { "decimalLatitude": -27.4704, "decimalLongitude": 153.0231, "month": 2, "species_sci": "Hirundo neoxena", "species_com": "Welcome Swallow" }, "geometry": { "type": "Point", "coordinates": [ 153.0231, -27.4704 ] } },
{ "type": "Feature", "properties": { "decimalLatitude": -34.0894, "decimalLongitude": 151.1626, "month": 2, "species_sci": "Hirundo neoxena", "species_com": "Welcome Swallow" }, "geometry": { "type": "Point", "coordinates": [ 151.1626, -34.0894 ] } },
{ "type": "Feature", "properties": { "decimalLatitude": -35.0707, "decimalLongitude": 138.8865, "month": 2, "species_sci": "Hirundo neoxena", "species_com": "Welcome Swallow" }, "geometry": { "type": "Point", "coordinates": [ 138.8865, -35.0707 ] } },
{ "type": "Feature", "properties": { "decimalLatitude": -33.5261, "decimalLongitude": 151.3452, "month": 2, "species_sci": "Hirundo neoxena", "species_com": "Welcome Swallow" }, "geometry": { "type": "Point", "coordinates": [ 151.3452, -33.5261 ] } },
{ "type": "Feature", "properties": { "decimalLatitude": -27.4785, "decimalLongitude": 153.0264, "month": 2, "species_sci": "Hirundo neoxena", "species_com": "Welcome Swallow" }, "geometry": { "type": "Point", "coordinates": [ 153.0264, -27.4785 ] } },
{ "type": "Feature", "properties": { "decimalLatitude": -32.2459, "decimalLongitude": 152.4768, "month": 2, "species_sci": "Hirundo neoxena", "species_com": "Welcome Swallow" }, "geometry": { "type": "Point", "coordinates": [ 152.4768, -32.2459 ] } },
{ "type": "Feature", "properties": { "decimalLatitude": -34.6248, "decimalLongitude": 150.8531, "month": 2, "species_sci": "Hirundo neoxena", "species_com": "Welcome Swallow" }, "geometry": { "type": "Point", "coordinates": [ 150.8531, -34.6248 ] } },
{ "type": "Feature", "properties": { "decimalLatitude": -37.9968, "decimalLongitude": 144.5715, "month": 2, "species_sci": "Hirundo neoxena", "species_com": "Welcome Swallow" }, "geometry": { "type": "Point", "coordinates": [ 144.5715, -37.9968 ] } },
{ "type": "Feature", "properties": { "decimalLatitude": -41.6387, "decimalLongitude": 145.9432, "month": 2, "species_sci": "Hirundo neoxena", "species_com": "Welcome Swallow" }, "geometry": { "type": "Point", "coordinates": [ 145.9432, -41.6387 ] } },
{ "type": "Feature", "properties": { "decimalLatitude": -36.6052, "decimalLongitude": 174.8348, "month": 2, "species_sci": "Hirundo neoxena", "species_com": "Welcome Swallow" }, "geometry": { "type": "Point", "coordinates": [ 174.8348, -36.6052 ] } },
{ "type": "Feature", "properties": { "decimalLatitude": -28.332, "decimalLongitude": 153.5691, "month": 2, "species_sci": "Hirundo neoxena", "species_com": "Welcome Swallow" }, "geometry": { "type": "Point", "coordinates": [ 153.5691, -28.332 ] } },
{ "type": "Feature", "properties": { "decimalLatitude": -27.9363, "decimalLongitude": 153.4297, "month": 2, "species_sci": "Hirundo neoxena", "species_com": "Welcome Swallow" }, "geometry": { "type": "Point", "coordinates": [ 153.4297, -27.9363 ] } },
{ "type": "Feature", "properties": { "decimalLatitude": -33.8067, "decimalLongitude": 151.0709, "month": 2, "species_sci": "Hirundo neoxena", "species_com": "Welcome Swallow" }, "geometry": { "type": "Point", "coordinates": [ 151.0709, -33.8067 ] } },
{ "type": "Feature", "properties": { "decimalLatitude": -40.9656, "decimalLongitude": 175.0186, "month": 2, "species_sci": "Hirundo neoxena", "species_com": "Welcome Swallow" }, "geometry": { "type": "Point", "coordinates": [ 175.0186, -40.9656 ] } },
{ "type": "Feature", "properties": { "decimalLatitude": -31.5244, "decimalLongitude": 159.0596, "month": 2, "species_sci": "Hirundo neoxena", "species_com": "Welcome Swallow" }, "geometry": { "type": "Point", "coordinates": [ 159.0596, -31.5244 ] } },
{ "type": "Feature", "properties": { "decimalLatitude": -35.2212, "decimalLongitude": 174.2324, "month": 2, "species_sci": "Hirundo neoxena", "species_com": "Welcome Swallow" }, "geometry": { "type": "Point", "coordinates": [ 174.2324, -35.2212 ] } },
{ "type": "Feature", "properties": { "decimalLatitude": -42.8626, "decimalLongitude": 147.3227, "month": 2, "species_sci": "Hirundo neoxena", "species_com": "Welcome Swallow" }, "geometry": { "type": "Point", "coordinates": [ 147.3227, -42.8626 ] } },
{ "type": "Feature", "properties": { "decimalLatitude": -35.4248, "decimalLongitude": 149.0819, "month": 2, "species_sci": "Hirundo neoxena", "species_com": "Welcome Swallow" }, "geometry": { "type": "Point", "coordinates": [ 149.0819, -35.4248 ] } },
{ "type": "Feature", "properties": { "decimalLatitude": -37.8257, "decimalLongitude": 147.6318, "month": 2, "species_sci": "Hirundo neoxena", "species_com": "Welcome Swallow" }, "geometry": { "type": "Point", "coordinates": [ 147.6318, -37.8257 ] } },
{ "type": "Feature", "properties": { "decimalLatitude": -32.002, "decimalLongitude": 116.0735, "month": 2, "species_sci": "Hirundo neoxena", "species_com": "Welcome Swallow" }, "geometry": { "type": "Point", "coordinates": [ 116.0735, -32.002 ] } },
{ "type": "Feature", "properties": { "decimalLatitude": -32.7729, "decimalLongitude": 151.659, "month": 2, "species_sci": "Hirundo neoxena", "species_com": "Welcome Swallow" }, "geometry": { "type": "Point", "coordinates": [ 151.659, -32.7729 ] } },
{ "type": "Feature", "properties": { "decimalLatitude": -41.0929, "decimalLongitude": 174.7859, "month": 2, "species_sci": "Hirundo neoxena", "species_com": "Welcome Swallow" }, "geometry": { "type": "Point", "coordinates": [ 174.7859, -41.0929 ] } },
{ "type": "Feature", "properties": { "decimalLatitude": -33.9532, "decimalLongitude": 151.1501, "month": 2, "species_sci": "Hirundo neoxena", "species_com": "Welcome Swallow" }, "geometry": { "type": "Point", "coordinates": [ 151.1501, -33.9532 ] } },
{ "type": "Feature", "properties": { "decimalLatitude": -40.8761, "decimalLongitude": 145.4813, "month": 2, "species_sci": "Hirundo neoxena", "species_com": "Welcome Swallow" }, "geometry": { "type": "Point", "coordinates": [ 145.4813, -40.8761 ] } },
{ "type": "Feature", "properties": { "decimalLatitude": -35.7705, "decimalLongitude": 144.9747, "month": 2, "species_sci": "Hirundo neoxena", "species_com": "Welcome Swallow" }, "geometry": { "type": "Point", "coordinates": [ 144.9747, -35.7705 ] } },
{ "type": "Feature", "properties": { "decimalLatitude": -36.7627, "decimalLongitude": 144.3162, "month": 2, "species_sci": "Hirundo neoxena", "species_com": "Welcome Swallow" }, "geometry": { "type": "Point", "coordinates": [ 144.3162, -36.7627 ] } },
{ "type": "Feature", "properties": { "decimalLatitude": -37.7034, "decimalLongitude": 176.0461, "month": 2, "species_sci": "Hirundo neoxena", "species_com": "Welcome Swallow" }, "geometry": { "type": "Point", "coordinates": [ 176.0461, -37.7034 ] } },
{ "type": "Feature", "properties": { "decimalLatitude": -37.8741, "decimalLongitude": 144.9851, "month": 2, "species_sci": "Hirundo neoxena", "species_com": "Welcome Swallow" }, "geometry": { "type": "Point", "coordinates": [ 144.9851, -37.8741 ] } },
{ "type": "Feature", "properties": { "decimalLatitude": -35.4098, "decimalLongitude": 174.0748, "month": 2, "species_sci": "Hirundo neoxena", "species_com": "Welcome Swallow" }, "geometry": { "type": "Point", "coordinates": [ 174.0748, -35.4098 ] } },
{ "type": "Feature", "properties": { "decimalLatitude": -27.5276, "decimalLongitude": 153.2844, "month": 2, "species_sci": "Hirundo neoxena", "species_com": "Welcome Swallow" }, "geometry": { "type": "Point", "coordinates": [ 153.2844, -27.5276 ] } },
{ "type": "Feature", "properties": { "decimalLatitude": -38.02, "decimalLongitude": 144.5704, "month": 2, "species_sci": "Hirundo neoxena", "species_com": "Welcome Swallow" }, "geometry": { "type": "Point", "coordinates": [ 144.5704, -38.02 ] } },
{ "type": "Feature", "properties": { "decimalLatitude": -43.7216, "decimalLongitude": 172.461, "month": 2, "species_sci": "Hirundo neoxena", "species_com": "Welcome Swallow" }, "geometry": { "type": "Point", "coordinates": [ 172.461, -43.7216 ] } },
{ "type": "Feature", "properties": { "decimalLatitude": -32.7231, "decimalLongitude": 134.1839, "month": 2, "species_sci": "Hirundo neoxena", "species_com": "Welcome Swallow" }, "geometry": { "type": "Point", "coordinates": [ 134.1839, -32.7231 ] } },
{ "type": "Feature", "properties": { "decimalLatitude": -34.6732, "decimalLongitude": 150.7149, "month": 2, "species_sci": "Hirundo neoxena", "species_com": "Welcome Swallow" }, "geometry": { "type": "Point", "coordinates": [ 150.7149, -34.6732 ] } },
{ "type": "Feature", "properties": { "decimalLatitude": -27.5622, "decimalLongitude": 152.8982, "month": 2, "species_sci": "Hirundo neoxena", "species_com": "Welcome Swallow" }, "geometry": { "type": "Point", "coordinates": [ 152.8982, -27.5622 ] } },
{ "type": "Feature", "properties": { "decimalLatitude": -37.9975, "decimalLongitude": 144.6016, "month": 2, "species_sci": "Hirundo neoxena", "species_com": "Welcome Swallow" }, "geometry": { "type": "Point", "coordinates": [ 144.6016, -37.9975 ] } },
{ "type": "Feature", "properties": { "decimalLatitude": -31.8916, "decimalLongitude": 116.7725, "month": 2, "species_sci": "Hirundo neoxena", "species_com": "Welcome Swallow" }, "geometry": { "type": "Point", "coordinates": [ 116.7725, -31.8916 ] } },
{ "type": "Feature", "properties": { "decimalLatitude": -38.5439, "decimalLongitude": 145.34, "month": 2, "species_sci": "Hirundo neoxena", "species_com": "Welcome Swallow" }, "geometry": { "type": "Point", "coordinates": [ 145.34, -38.5439 ] } },
{ "type": "Feature", "properties": { "decimalLatitude": -27.4347, "decimalLongitude": 153.1489, "month": 2, "species_sci": "Hirundo neoxena", "species_com": "Welcome Swallow" }, "geometry": { "type": "Point", "coordinates": [ 153.1489, -27.4347 ] } },
{ "type": "Feature", "properties": { "decimalLatitude": -35.2883, "decimalLongitude": 138.4464, "month": 2, "species_sci": "Hirundo neoxena", "species_com": "Welcome Swallow" }, "geometry": { "type": "Point", "coordinates": [ 138.4464, -35.2883 ] } },
{ "type": "Feature", "properties": { "decimalLatitude": -34.2902, "decimalLongitude": 146.0378, "month": 2, "species_sci": "Hirundo neoxena", "species_com": "Welcome Swallow" }, "geometry": { "type": "Point", "coordinates": [ 146.0378, -34.2902 ] } },
{ "type": "Feature", "properties": { "decimalLatitude": -32.6922, "decimalLongitude": 151.4369, "month": 2, "species_sci": "Hirundo neoxena", "species_com": "Welcome Swallow" }, "geometry": { "type": "Point", "coordinates": [ 151.4369, -32.6922 ] } },
{ "type": "Feature", "properties": { "decimalLatitude": -33.9336, "decimalLongitude": 151.1319, "month": 2, "species_sci": "Hirundo neoxena", "species_com": "Welcome Swallow" }, "geometry": { "type": "Point", "coordinates": [ 151.1319, -33.9336 ] } },
{ "type": "Feature", "properties": { "decimalLatitude": -36.45, "decimalLongitude": 149.8305, "month": 2, "species_sci": "Hirundo neoxena", "species_com": "Welcome Swallow" }, "geometry": { "type": "Point", "coordinates": [ 149.8305, -36.45 ] } },
{ "type": "Feature", "properties": { "decimalLatitude": -46.4456, "decimalLongitude": 169.8036, "month": 2, "species_sci": "Hirundo neoxena", "species_com": "Welcome Swallow" }, "geometry": { "type": "Point", "coordinates": [ 169.8036, -46.4456 ] } },
{ "type": "Feature", "properties": { "decimalLatitude": -27.8069, "decimalLongitude": 153.2226, "month": 2, "species_sci": "Hirundo neoxena", "species_com": "Welcome Swallow" }, "geometry": { "type": "Point", "coordinates": [ 153.2226, -27.8069 ] } },
{ "type": "Feature", "properties": { "decimalLatitude": -33.7827, "decimalLongitude": 151.2776, "month": 2, "species_sci": "Hirundo neoxena", "species_com": "Welcome Swallow" }, "geometry": { "type": "Point", "coordinates": [ 151.2776, -33.7827 ] } },
{ "type": "Feature", "properties": { "decimalLatitude": -34.5216, "decimalLongitude": 142.8797, "month": 2, "species_sci": "Hirundo neoxena", "species_com": "Welcome Swallow" }, "geometry": { "type": "Point", "coordinates": [ 142.8797, -34.5216 ] } },
{ "type": "Feature", "properties": { "decimalLatitude": -43.558, "decimalLongitude": 172.729, "month": 2, "species_sci": "Hirundo neoxena", "species_com": "Welcome Swallow" }, "geometry": { "type": "Point", "coordinates": [ 172.729, -43.558 ] } },
{ "type": "Feature", "properties": { "decimalLatitude": -39.3319, "decimalLongitude": 175.5047, "month": 2, "species_sci": "Hirundo neoxena", "species_com": "Welcome Swallow" }, "geometry": { "type": "Point", "coordinates": [ 175.5047, -39.3319 ] } },
{ "type": "Feature", "properties": { "decimalLatitude": -32.9837, "decimalLongitude": 150.1085, "month": 2, "species_sci": "Hirundo neoxena", "species_com": "Welcome Swallow" }, "geometry": { "type": "Point", "coordinates": [ 150.1085, -32.9837 ] } },
{ "type": "Feature", "properties": { "decimalLatitude": -36.9214, "decimalLongitude": 174.7756, "month": 2, "species_sci": "Hirundo neoxena", "species_com": "Welcome Swallow" }, "geometry": { "type": "Point", "coordinates": [ 174.7756, -36.9214 ] } },
{ "type": "Feature", "properties": { "decimalLatitude": -37.3072, "decimalLongitude": 145.3241, "month": 2, "species_sci": "Hirundo neoxena", "species_com": "Welcome Swallow" }, "geometry": { "type": "Point", "coordinates": [ 145.3241, -37.3072 ] } },
{ "type": "Feature", "properties": { "decimalLatitude": -28.6461, "decimalLongitude": 153.6126, "month": 2, "species_sci": "Hirundo neoxena", "species_com": "Welcome Swallow" }, "geometry": { "type": "Point", "coordinates": [ 153.6126, -28.6461 ] } },
{ "type": "Feature", "properties": { "decimalLatitude": -41.3842, "decimalLongitude": 147.0769, "month": 2, "species_sci": "Hirundo neoxena", "species_com": "Welcome Swallow" }, "geometry": { "type": "Point", "coordinates": [ 147.0769, -41.3842 ] } },
{ "type": "Feature", "properties": { "decimalLatitude": -33.3097, "decimalLongitude": 115.6972, "month": 2, "species_sci": "Hirundo neoxena", "species_com": "Welcome Swallow" }, "geometry": { "type": "Point", "coordinates": [ 115.6972, -33.3097 ] } },
{ "type": "Feature", "properties": { "decimalLatitude": -33.7554, "decimalLongitude": 151.1518, "month": 2, "species_sci": "Hirundo neoxena", "species_com": "Welcome Swallow" }, "geometry": { "type": "Point", "coordinates": [ 151.1518, -33.7554 ] } },
{ "type": "Feature", "properties": { "decimalLatitude": -38.3041, "decimalLongitude": 144.6532, "month": 2, "species_sci": "Hirundo neoxena", "species_com": "Welcome Swallow" }, "geometry": { "type": "Point", "coordinates": [ 144.6532, -38.3041 ] } },
{ "type": "Feature", "properties": { "decimalLatitude": -27.6322, "decimalLongitude": 151.9346, "month": 2, "species_sci": "Hirundo neoxena", "species_com": "Welcome Swallow" }, "geometry": { "type": "Point", "coordinates": [ 151.9346, -27.6322 ] } },
{ "type": "Feature", "properties": { "decimalLatitude": -33.9304, "decimalLongitude": 151.2494, "month": 2, "species_sci": "Hirundo neoxena", "species_com": "Welcome Swallow" }, "geometry": { "type": "Point", "coordinates": [ 151.2494, -33.9304 ] } },
{ "type": "Feature", "properties": { "decimalLatitude": -31.6073, "decimalLongitude": 116.538, "month": 2, "species_sci": "Hirundo neoxena", "species_com": "Welcome Swallow" }, "geometry": { "type": "Point", "coordinates": [ 116.538, -31.6073 ] } },
{ "type": "Feature", "properties": { "decimalLatitude": -34.8309, "decimalLongitude": 138.5814, "month": 2, "species_sci": "Hirundo neoxena", "species_com": "Welcome Swallow" }, "geometry": { "type": "Point", "coordinates": [ 138.5814, -34.8309 ] } },
{ "type": "Feature", "properties": { "decimalLatitude": -37.8363, "decimalLongitude": 144.8954, "month": 2, "species_sci": "Hirundo neoxena", "species_com": "Welcome Swallow" }, "geometry": { "type": "Point", "coordinates": [ 144.8954, -37.8363 ] } },
{ "type": "Feature", "properties": { "decimalLatitude": -37.5868, "decimalLongitude": 175.1962, "month": 2, "species_sci": "Hirundo neoxena", "species_com": "Welcome Swallow" }, "geometry": { "type": "Point", "coordinates": [ 175.1962, -37.5868 ] } },
{ "type": "Feature", "properties": { "decimalLatitude": -37.8568, "decimalLongitude": 144.8682, "month": 2, "species_sci": "Hirundo neoxena", "species_com": "Welcome Swallow" }, "geometry": { "type": "Point", "coordinates": [ 144.8682, -37.8568 ] } },
{ "type": "Feature", "properties": { "decimalLatitude": -38.3189, "decimalLongitude": 144.2256, "month": 2, "species_sci": "Hirundo neoxena", "species_com": "Welcome Swallow" }, "geometry": { "type": "Point", "coordinates": [ 144.2256, -38.3189 ] } },
{ "type": "Feature", "properties": { "decimalLatitude": -42.9776, "decimalLongitude": 147.3252, "month": 2, "species_sci": "Hirundo neoxena", "species_com": "Welcome Swallow" }, "geometry": { "type": "Point", "coordinates": [ 147.3252, -42.9776 ] } },
{ "type": "Feature", "properties": { "decimalLatitude": -27.3824, "decimalLongitude": 153.0351, "month": 2, "species_sci": "Hirundo neoxena", "species_com": "Welcome Swallow" }, "geometry": { "type": "Point", "coordinates": [ 153.0351, -27.3824 ] } },
{ "type": "Feature", "properties": { "decimalLatitude": -43.363, "decimalLongitude": 147.3574, "month": 2, "species_sci": "Hirundo neoxena", "species_com": "Welcome Swallow" }, "geometry": { "type": "Point", "coordinates": [ 147.3574, -43.363 ] } },
{ "type": "Feature", "properties": { "decimalLatitude": -34.4801, "decimalLongitude": 150.8084, "month": 2, "species_sci": "Hirundo neoxena", "species_com": "Welcome Swallow" }, "geometry": { "type": "Point", "coordinates": [ 150.8084, -34.4801 ] } },
{ "type": "Feature", "properties": { "decimalLatitude": -36.1352, "decimalLongitude": 146.6281, "month": 2, "species_sci": "Hirundo neoxena", "species_com": "Welcome Swallow" }, "geometry": { "type": "Point", "coordinates": [ 146.6281, -36.1352 ] } },
{ "type": "Feature", "properties": { "decimalLatitude": -28.3541, "decimalLongitude": 148.8211, "month": 2, "species_sci": "Hirundo neoxena", "species_com": "Welcome Swallow" }, "geometry": { "type": "Point", "coordinates": [ 148.8211, -28.3541 ] } },
{ "type": "Feature", "properties": { "decimalLatitude": -37.9672, "decimalLongitude": 145.23, "month": 2, "species_sci": "Hirundo neoxena", "species_com": "Welcome Swallow" }, "geometry": { "type": "Point", "coordinates": [ 145.23, -37.9672 ] } },
{ "type": "Feature", "properties": { "decimalLatitude": -36.1769, "decimalLongitude": 140.3938, "month": 2, "species_sci": "Hirundo neoxena", "species_com": "Welcome Swallow" }, "geometry": { "type": "Point", "coordinates": [ 140.3938, -36.1769 ] } },
{ "type": "Feature", "properties": { "decimalLatitude": -17.5236, "decimalLongitude": 146.0276, "month": 2, "species_sci": "Hirundo neoxena", "species_com": "Welcome Swallow" }, "geometry": { "type": "Point", "coordinates": [ 146.0276, -17.5236 ] } },
{ "type": "Feature", "properties": { "decimalLatitude": -37.8462, "decimalLongitude": 145.0459, "month": 2, "species_sci": "Hirundo neoxena", "species_com": "Welcome Swallow" }, "geometry": { "type": "Point", "coordinates": [ 145.0459, -37.8462 ] } },
{ "type": "Feature", "properties": { "decimalLatitude": -38.0183, "decimalLongitude": 144.5731, "month": 2, "species_sci": "Hirundo neoxena", "species_com": "Welcome Swallow" }, "geometry": { "type": "Point", "coordinates": [ 144.5731, -38.0183 ] } },
{ "type": "Feature", "properties": { "decimalLatitude": -43.4849, "decimalLongitude": 172.6976, "month": 2, "species_sci": "Hirundo neoxena", "species_com": "Welcome Swallow" }, "geometry": { "type": "Point", "coordinates": [ 172.6976, -43.4849 ] } },
{ "type": "Feature", "properties": { "decimalLatitude": -38.6681, "decimalLongitude": 143.8618, "month": 2, "species_sci": "Hirundo neoxena", "species_com": "Welcome Swallow" }, "geometry": { "type": "Point", "coordinates": [ 143.8618, -38.6681 ] } },
{ "type": "Feature", "properties": { "decimalLatitude": -33.9067, "decimalLongitude": 151.1021, "month": 2, "species_sci": "Hirundo neoxena", "species_com": "Welcome Swallow" }, "geometry": { "type": "Point", "coordinates": [ 151.1021, -33.9067 ] } },
{ "type": "Feature", "properties": { "decimalLatitude": -39.6449, "decimalLongitude": 177.0563, "month": 2, "species_sci": "Hirundo neoxena", "species_com": "Welcome Swallow" }, "geometry": { "type": "Point", "coordinates": [ 177.0563, -39.6449 ] } },
{ "type": "Feature", "properties": { "decimalLatitude": -33.7392, "decimalLongitude": 151.3099, "month": 2, "species_sci": "Hirundo neoxena", "species_com": "Welcome Swallow" }, "geometry": { "type": "Point", "coordinates": [ 151.3099, -33.7392 ] } },
{ "type": "Feature", "properties": { "decimalLatitude": -32.6032, "decimalLongitude": 151.3659, "month": 2, "species_sci": "Hirundo neoxena", "species_com": "Welcome Swallow" }, "geometry": { "type": "Point", "coordinates": [ 151.3659, -32.6032 ] } },
{ "type": "Feature", "properties": { "decimalLatitude": -34.4043, "decimalLongitude": 150.9016, "month": 2, "species_sci": "Hirundo neoxena", "species_com": "Welcome Swallow" }, "geometry": { "type": "Point", "coordinates": [ 150.9016, -34.4043 ] } },
{ "type": "Feature", "properties": { "decimalLatitude": -34.5671, "decimalLongitude": 150.8645, "month": 2, "species_sci": "Hirundo neoxena", "species_com": "Welcome Swallow" }, "geometry": { "type": "Point", "coordinates": [ 150.8645, -34.5671 ] } },
{ "type": "Feature", "properties": { "decimalLatitude": -32.6149, "decimalLongitude": 152.3114, "month": 2, "species_sci": "Hirundo neoxena", "species_com": "Welcome Swallow" }, "geometry": { "type": "Point", "coordinates": [ 152.3114, -32.6149 ] } },
{ "type": "Feature", "properties": { "decimalLatitude": -37.5654, "decimalLongitude": 140.1081, "month": 2, "species_sci": "Hirundo neoxena", "species_com": "Welcome Swallow" }, "geometry": { "type": "Point", "coordinates": [ 140.1081, -37.5654 ] } },
{ "type": "Feature", "properties": { "decimalLatitude": -27.5399, "decimalLongitude": 152.8045, "month": 2, "species_sci": "Hirundo neoxena", "species_com": "Welcome Swallow" }, "geometry": { "type": "Point", "coordinates": [ 152.8045, -27.5399 ] } },
{ "type": "Feature", "properties": { "decimalLatitude": -17.8672, "decimalLongitude": 146.1071, "month": 2, "species_sci": "Hirundo neoxena", "species_com": "Welcome Swallow" }, "geometry": { "type": "Point", "coordinates": [ 146.1071, -17.8672 ] } },
{ "type": "Feature", "properties": { "decimalLatitude": -33.7, "decimalLongitude": 150.9269, "month": 2, "species_sci": "Hirundo neoxena", "species_com": "Welcome Swallow" }, "geometry": { "type": "Point", "coordinates": [ 150.9269, -33.7 ] } },
{ "type": "Feature", "properties": { "decimalLatitude": -33.8271, "decimalLongitude": 151.2187, "month": 2, "species_sci": "Hirundo neoxena", "species_com": "Welcome Swallow" }, "geometry": { "type": "Point", "coordinates": [ 151.2187, -33.8271 ] } },
{ "type": "Feature", "properties": { "decimalLatitude": -34.4916, "decimalLongitude": 150.8201, "month": 2, "species_sci": "Hirundo neoxena", "species_com": "Welcome Swallow" }, "geometry": { "type": "Point", "coordinates": [ 150.8201, -34.4916 ] } },
{ "type": "Feature", "properties": { "decimalLatitude": -34.4916, "decimalLongitude": 150.8201, "month": 2, "species_sci": "Hirundo neoxena", "species_com": "Welcome Swallow" }, "geometry": { "type": "Point", "coordinates": [ 150.8201, -34.4916 ] } },
{ "type": "Feature", "properties": { "decimalLatitude": -37.9326, "decimalLongitude": 145.4408, "month": 2, "species_sci": "Hirundo neoxena", "species_com": "Welcome Swallow" }, "geometry": { "type": "Point", "coordinates": [ 145.4408, -37.9326 ] } },
{ "type": "Feature", "properties": { "decimalLatitude": -36.129, "decimalLongitude": 146.6628, "month": 2, "species_sci": "Hirundo neoxena", "species_com": "Welcome Swallow" }, "geometry": { "type": "Point", "coordinates": [ 146.6628, -36.129 ] } },
{ "type": "Feature", "properties": { "decimalLatitude": -36.3905, "decimalLongitude": 145.3957, "month": 2, "species_sci": "Hirundo neoxena", "species_com": "Welcome Swallow" }, "geometry": { "type": "Point", "coordinates": [ 145.3957, -36.3905 ] } },
{ "type": "Feature", "properties": { "decimalLatitude": -27.0929, "decimalLongitude": 153.1624, "month": 2, "species_sci": "Hirundo neoxena", "species_com": "Welcome Swallow" }, "geometry": { "type": "Point", "coordinates": [ 153.1624, -27.0929 ] } },
{ "type": "Feature", "properties": { "decimalLatitude": -35.689, "decimalLongitude": 139.3324, "month": 2, "species_sci": "Hirundo neoxena", "species_com": "Welcome Swallow" }, "geometry": { "type": "Point", "coordinates": [ 139.3324, -35.689 ] } },
{ "type": "Feature", "properties": { "decimalLatitude": -43.5578, "decimalLongitude": 172.5581, "month": 3, "species_sci": "Hirundo neoxena", "species_com": "Welcome Swallow" }, "geometry": { "type": "Point", "coordinates": [ 172.5581, -43.5578 ] } },
{ "type": "Feature", "properties": { "decimalLatitude": -34.8261, "decimalLongitude": 150.6544, "month": 3, "species_sci": "Hirundo neoxena", "species_com": "Welcome Swallow" }, "geometry": { "type": "Point", "coordinates": [ 150.6544, -34.8261 ] } },
{ "type": "Feature", "properties": { "decimalLatitude": -34.4934, "decimalLongitude": 138.633, "month": 3, "species_sci": "Hirundo neoxena", "species_com": "Welcome Swallow" }, "geometry": { "type": "Point", "coordinates": [ 138.633, -34.4934 ] } },
{ "type": "Feature", "properties": { "decimalLatitude": -33.0278, "decimalLongitude": 138.7513, "month": 3, "species_sci": "Hirundo neoxena", "species_com": "Welcome Swallow" }, "geometry": { "type": "Point", "coordinates": [ 138.7513, -33.0278 ] } },
{ "type": "Feature", "properties": { "decimalLatitude": -37.8306, "decimalLongitude": 144.9067, "month": 3, "species_sci": "Hirundo neoxena", "species_com": "Welcome Swallow" }, "geometry": { "type": "Point", "coordinates": [ 144.9067, -37.8306 ] } },
{ "type": "Feature", "properties": { "decimalLatitude": -36.6133, "decimalLongitude": 174.8252, "month": 3, "species_sci": "Hirundo neoxena", "species_com": "Welcome Swallow" }, "geometry": { "type": "Point", "coordinates": [ 174.8252, -36.6133 ] } },
{ "type": "Feature", "properties": { "decimalLatitude": -34.7755, "decimalLongitude": 138.4888, "month": 3, "species_sci": "Hirundo neoxena", "species_com": "Welcome Swallow" }, "geometry": { "type": "Point", "coordinates": [ 138.4888, -34.7755 ] } },
{ "type": "Feature", "properties": { "decimalLatitude": -17.0921, "decimalLongitude": 145.7864, "month": 3, "species_sci": "Hirundo neoxena", "species_com": "Welcome Swallow" }, "geometry": { "type": "Point", "coordinates": [ 145.7864, -17.0921 ] } },
{ "type": "Feature", "properties": { "decimalLatitude": -37.7921, "decimalLongitude": 144.8251, "month": 3, "species_sci": "Hirundo neoxena", "species_com": "Welcome Swallow" }, "geometry": { "type": "Point", "coordinates": [ 144.8251, -37.7921 ] } },
{ "type": "Feature", "properties": { "decimalLatitude": -37.1727, "decimalLongitude": 143.7056, "month": 3, "species_sci": "Hirundo neoxena", "species_com": "Welcome Swallow" }, "geometry": { "type": "Point", "coordinates": [ 143.7056, -37.1727 ] } },
{ "type": "Feature", "properties": { "decimalLatitude": -37.771, "decimalLongitude": 144.9364, "month": 3, "species_sci": "Hirundo neoxena", "species_com": "Welcome Swallow" }, "geometry": { "type": "Point", "coordinates": [ 144.9364, -37.771 ] } },
{ "type": "Feature", "properties": { "decimalLatitude": -35.5276, "decimalLongitude": 138.8193, "month": 3, "species_sci": "Hirundo neoxena", "species_com": "Welcome Swallow" }, "geometry": { "type": "Point", "coordinates": [ 138.8193, -35.5276 ] } },
{ "type": "Feature", "properties": { "decimalLatitude": -33.781, "decimalLongitude": 151.2711, "month": 3, "species_sci": "Hirundo neoxena", "species_com": "Welcome Swallow" }, "geometry": { "type": "Point", "coordinates": [ 151.2711, -33.781 ] } },
{ "type": "Feature", "properties": { "decimalLatitude": -38.7626, "decimalLongitude": 143.6664, "month": 3, "species_sci": "Hirundo neoxena", "species_com": "Welcome Swallow" }, "geometry": { "type": "Point", "coordinates": [ 143.6664, -38.7626 ] } },
{ "type": "Feature", "properties": { "decimalLatitude": -32.7356, "decimalLongitude": 149.2125, "month": 3, "species_sci": "Hirundo neoxena", "species_com": "Welcome Swallow" }, "geometry": { "type": "Point", "coordinates": [ 149.2125, -32.7356 ] } },
{ "type": "Feature", "properties": { "decimalLatitude": -41.3295, "decimalLongitude": 173.2648, "month": 3, "species_sci": "Hirundo neoxena", "species_com": "Welcome Swallow" }, "geometry": { "type": "Point", "coordinates": [ 173.2648, -41.3295 ] } },
{ "type": "Feature", "properties": { "decimalLatitude": -37.7886, "decimalLongitude": 145.2874, "month": 3, "species_sci": "Hirundo neoxena", "species_com": "Welcome Swallow" }, "geometry": { "type": "Point", "coordinates": [ 145.2874, -37.7886 ] } },
{ "type": "Feature", "properties": { "decimalLatitude": -34.8618, "decimalLongitude": 150.7472, "month": 3, "species_sci": "Hirundo neoxena", "species_com": "Welcome Swallow" }, "geometry": { "type": "Point", "coordinates": [ 150.7472, -34.8618 ] } },
{ "type": "Feature", "properties": { "decimalLatitude": -36.306, "decimalLongitude": 140.7766, "month": 3, "species_sci": "Hirundo neoxena", "species_com": "Welcome Swallow" }, "geometry": { "type": "Point", "coordinates": [ 140.7766, -36.306 ] } },
{ "type": "Feature", "properties": { "decimalLatitude": -38.6727, "decimalLongitude": 178.069, "month": 3, "species_sci": "Hirundo neoxena", "species_com": "Welcome Swallow" }, "geometry": { "type": "Point", "coordinates": [ 178.069, -38.6727 ] } },
{ "type": "Feature", "properties": { "decimalLatitude": -28.814, "decimalLongitude": 153.3389, "month": 3, "species_sci": "Hirundo neoxena", "species_com": "Welcome Swallow" }, "geometry": { "type": "Point", "coordinates": [ 153.3389, -28.814 ] } },
{ "type": "Feature", "properties": { "decimalLatitude": -35.3137, "decimalLongitude": 149.1615, "month": 3, "species_sci": "Hirundo neoxena", "species_com": "Welcome Swallow" }, "geometry": { "type": "Point", "coordinates": [ 149.1615, -35.3137 ] } },
{ "type": "Feature", "properties": { "decimalLatitude": -33.852, "decimalLongitude": 151.0772, "month": 3, "species_sci": "Hirundo neoxena", "species_com": "Welcome Swallow" }, "geometry": { "type": "Point", "coordinates": [ 151.0772, -33.852 ] } },
{ "type": "Feature", "properties": { "decimalLatitude": -39.1296, "decimalLongitude": 175.8221, "month": 3, "species_sci": "Hirundo neoxena", "species_com": "Welcome Swallow" }, "geometry": { "type": "Point", "coordinates": [ 175.8221, -39.1296 ] } },
{ "type": "Feature", "properties": { "decimalLatitude": -35.7401, "decimalLongitude": 174.2771, "month": 3, "species_sci": "Hirundo neoxena", "species_com": "Welcome Swallow" }, "geometry": { "type": "Point", "coordinates": [ 174.2771, -35.7401 ] } },
{ "type": "Feature", "properties": { "decimalLatitude": -35.3732, "decimalLongitude": 139.1426, "month": 3, "species_sci": "Hirundo neoxena", "species_com": "Welcome Swallow" }, "geometry": { "type": "Point", "coordinates": [ 139.1426, -35.3732 ] } },
{ "type": "Feature", "properties": { "decimalLatitude": -32.8657, "decimalLongitude": 151.7199, "month": 3, "species_sci": "Hirundo neoxena", "species_com": "Welcome Swallow" }, "geometry": { "type": "Point", "coordinates": [ 151.7199, -32.8657 ] } },
{ "type": "Feature", "properties": { "decimalLatitude": -34.4801, "decimalLongitude": 150.8084, "month": 3, "species_sci": "Hirundo neoxena", "species_com": "Welcome Swallow" }, "geometry": { "type": "Point", "coordinates": [ 150.8084, -34.4801 ] } },
{ "type": "Feature", "properties": { "decimalLatitude": -41.2484, "decimalLongitude": 148.3106, "month": 3, "species_sci": "Hirundo neoxena", "species_com": "Welcome Swallow" }, "geometry": { "type": "Point", "coordinates": [ 148.3106, -41.2484 ] } },
{ "type": "Feature", "properties": { "decimalLatitude": -27.9029, "decimalLongitude": 152.6704, "month": 3, "species_sci": "Hirundo neoxena", "species_com": "Welcome Swallow" }, "geometry": { "type": "Point", "coordinates": [ 152.6704, -27.9029 ] } },
{ "type": "Feature", "properties": { "decimalLatitude": -35.3147, "decimalLongitude": 149.1593, "month": 3, "species_sci": "Hirundo neoxena", "species_com": "Welcome Swallow" }, "geometry": { "type": "Point", "coordinates": [ 149.1593, -35.3147 ] } },
{ "type": "Feature", "properties": { "decimalLatitude": -35.0365, "decimalLongitude": 116.9335, "month": 3, "species_sci": "Hirundo neoxena", "species_com": "Welcome Swallow" }, "geometry": { "type": "Point", "coordinates": [ 116.9335, -35.0365 ] } },
{ "type": "Feature", "properties": { "decimalLatitude": -30.303, "decimalLongitude": 115.038, "month": 3, "species_sci": "Hirundo neoxena", "species_com": "Welcome Swallow" }, "geometry": { "type": "Point", "coordinates": [ 115.038, -30.303 ] } },
{ "type": "Feature", "properties": { "decimalLatitude": -19.1591, "decimalLongitude": 146.8555, "month": 3, "species_sci": "Hirundo neoxena", "species_com": "Welcome Swallow" }, "geometry": { "type": "Point", "coordinates": [ 146.8555, -19.1591 ] } },
{ "type": "Feature", "properties": { "decimalLatitude": -35.4971, "decimalLongitude": 138.9226, "month": 3, "species_sci": "Hirundo neoxena", "species_com": "Welcome Swallow" }, "geometry": { "type": "Point", "coordinates": [ 138.9226, -35.4971 ] } },
{ "type": "Feature", "properties": { "decimalLatitude": -26.8074, "decimalLongitude": 152.9662, "month": 3, "species_sci": "Hirundo neoxena", "species_com": "Welcome Swallow" }, "geometry": { "type": "Point", "coordinates": [ 152.9662, -26.8074 ] } },
{ "type": "Feature", "properties": { "decimalLatitude": -30.6806, "decimalLongitude": 151.5072, "month": 3, "species_sci": "Hirundo neoxena", "species_com": "Welcome Swallow" }, "geometry": { "type": "Point", "coordinates": [ 151.5072, -30.6806 ] } },
{ "type": "Feature", "properties": { "decimalLatitude": -27.5287, "decimalLongitude": 153.2848, "month": 3, "species_sci": "Hirundo neoxena", "species_com": "Welcome Swallow" }, "geometry": { "type": "Point", "coordinates": [ 153.2848, -27.5287 ] } },
{ "type": "Feature", "properties": { "decimalLatitude": -43.3922, "decimalLongitude": 147.2544, "month": 3, "species_sci": "Hirundo neoxena", "species_com": "Welcome Swallow" }, "geometry": { "type": "Point", "coordinates": [ 147.2544, -43.3922 ] } },
{ "type": "Feature", "properties": { "decimalLatitude": -38.3033, "decimalLongitude": 144.3166, "month": 3, "species_sci": "Hirundo neoxena", "species_com": "Welcome Swallow" }, "geometry": { "type": "Point", "coordinates": [ 144.3166, -38.3033 ] } },
{ "type": "Feature", "properties": { "decimalLatitude": -41.3353, "decimalLongitude": 174.7631, "month": 3, "species_sci": "Hirundo neoxena", "species_com": "Welcome Swallow" }, "geometry": { "type": "Point", "coordinates": [ 174.7631, -41.3353 ] } },
{ "type": "Feature", "properties": { "decimalLatitude": -17.2976, "decimalLongitude": 145.5397, "month": 3, "species_sci": "Hirundo neoxena", "species_com": "Welcome Swallow" }, "geometry": { "type": "Point", "coordinates": [ 145.5397, -17.2976 ] } },
{ "type": "Feature", "properties": { "decimalLatitude": -43.6481, "decimalLongitude": 172.4923, "month": 3, "species_sci": "Hirundo neoxena", "species_com": "Welcome Swallow" }, "geometry": { "type": "Point", "coordinates": [ 172.4923, -43.6481 ] } },
{ "type": "Feature", "properties": { "decimalLatitude": -26.6524, "decimalLongitude": 152.9665, "month": 3, "species_sci": "Hirundo neoxena", "species_com": "Welcome Swallow" }, "geometry": { "type": "Point", "coordinates": [ 152.9665, -26.6524 ] } },
{ "type": "Feature", "properties": { "decimalLatitude": -37.8996, "decimalLongitude": 144.6562, "month": 3, "species_sci": "Hirundo neoxena", "species_com": "Welcome Swallow" }, "geometry": { "type": "Point", "coordinates": [ 144.6562, -37.8996 ] } },
{ "type": "Feature", "properties": { "decimalLatitude": -27.4666, "decimalLongitude": 153.0313, "month": 3, "species_sci": "Hirundo neoxena", "species_com": "Welcome Swallow" }, "geometry": { "type": "Point", "coordinates": [ 153.0313, -27.4666 ] } },
{ "type": "Feature", "properties": { "decimalLatitude": -35.1188, "decimalLongitude": 139.277, "month": 3, "species_sci": "Hirundo neoxena", "species_com": "Welcome Swallow" }, "geometry": { "type": "Point", "coordinates": [ 139.277, -35.1188 ] } },
{ "type": "Feature", "properties": { "decimalLatitude": -38.7456, "decimalLongitude": 143.6696, "month": 3, "species_sci": "Hirundo neoxena", "species_com": "Welcome Swallow" }, "geometry": { "type": "Point", "coordinates": [ 143.6696, -38.7456 ] } },
{ "type": "Feature", "properties": { "decimalLatitude": -20.9247, "decimalLongitude": 149.0493, "month": 3, "species_sci": "Hirundo neoxena", "species_com": "Welcome Swallow" }, "geometry": { "type": "Point", "coordinates": [ 149.0493, -20.9247 ] } },
{ "type": "Feature", "properties": { "decimalLatitude": -35.0753, "decimalLongitude": 150.2332, "month": 3, "species_sci": "Hirundo neoxena", "species_com": "Welcome Swallow" }, "geometry": { "type": "Point", "coordinates": [ 150.2332, -35.0753 ] } },
{ "type": "Feature", "properties": { "decimalLatitude": -36.8308, "decimalLongitude": 174.7959, "month": 3, "species_sci": "Hirundo neoxena", "species_com": "Welcome Swallow" }, "geometry": { "type": "Point", "coordinates": [ 174.7959, -36.8308 ] } },
{ "type": "Feature", "properties": { "decimalLatitude": -37.5557, "decimalLongitude": 149.7574, "month": 3, "species_sci": "Hirundo neoxena", "species_com": "Welcome Swallow" }, "geometry": { "type": "Point", "coordinates": [ 149.7574, -37.5557 ] } },
{ "type": "Feature", "properties": { "decimalLatitude": -35.5265, "decimalLongitude": 149.0722, "month": 3, "species_sci": "Hirundo neoxena", "species_com": "Welcome Swallow" }, "geometry": { "type": "Point", "coordinates": [ 149.0722, -35.5265 ] } },
{ "type": "Feature", "properties": { "decimalLatitude": -27.8423, "decimalLongitude": 152.9583, "month": 3, "species_sci": "Hirundo neoxena", "species_com": "Welcome Swallow" }, "geometry": { "type": "Point", "coordinates": [ 152.9583, -27.8423 ] } },
{ "type": "Feature", "properties": { "decimalLatitude": -36.3901, "decimalLongitude": 145.3953, "month": 3, "species_sci": "Hirundo neoxena", "species_com": "Welcome Swallow" }, "geometry": { "type": "Point", "coordinates": [ 145.3953, -36.3901 ] } },
{ "type": "Feature", "properties": { "decimalLatitude": -37.0071, "decimalLongitude": 174.9033, "month": 3, "species_sci": "Hirundo neoxena", "species_com": "Welcome Swallow" }, "geometry": { "type": "Point", "coordinates": [ 174.9033, -37.0071 ] } },
{ "type": "Feature", "properties": { "decimalLatitude": -37.8318, "decimalLongitude": 144.9082, "month": 3, "species_sci": "Hirundo neoxena", "species_com": "Welcome Swallow" }, "geometry": { "type": "Point", "coordinates": [ 144.9082, -37.8318 ] } },
{ "type": "Feature", "properties": { "decimalLatitude": -34.5056, "decimalLongitude": 150.759, "month": 3, "species_sci": "Hirundo neoxena", "species_com": "Welcome Swallow" }, "geometry": { "type": "Point", "coordinates": [ 150.759, -34.5056 ] } },
{ "type": "Feature", "properties": { "decimalLatitude": -29.7907, "decimalLongitude": 151.1393, "month": 3, "species_sci": "Hirundo neoxena", "species_com": "Welcome Swallow" }, "geometry": { "type": "Point", "coordinates": [ 151.1393, -29.7907 ] } },
{ "type": "Feature", "properties": { "decimalLatitude": -38.2288, "decimalLongitude": 145.06, "month": 3, "species_sci": "Hirundo neoxena", "species_com": "Welcome Swallow" }, "geometry": { "type": "Point", "coordinates": [ 145.06, -38.2288 ] } },
{ "type": "Feature", "properties": { "decimalLatitude": -32.4395, "decimalLongitude": 136.07, "month": 3, "species_sci": "Hirundo neoxena", "species_com": "Welcome Swallow" }, "geometry": { "type": "Point", "coordinates": [ 136.07, -32.4395 ] } },
{ "type": "Feature", "properties": { "decimalLatitude": -34.2573, "decimalLongitude": 150.9412, "month": 3, "species_sci": "Hirundo neoxena", "species_com": "Welcome Swallow" }, "geometry": { "type": "Point", "coordinates": [ 150.9412, -34.2573 ] } },
{ "type": "Feature", "properties": { "decimalLatitude": -33.8742, "decimalLongitude": 151.1883, "month": 3, "species_sci": "Hirundo neoxena", "species_com": "Welcome Swallow" }, "geometry": { "type": "Point", "coordinates": [ 151.1883, -33.8742 ] } },
{ "type": "Feature", "properties": { "decimalLatitude": -43.0497, "decimalLongitude": 173.0772, "month": 3, "species_sci": "Hirundo neoxena", "species_com": "Welcome Swallow" }, "geometry": { "type": "Point", "coordinates": [ 173.0772, -43.0497 ] } },
{ "type": "Feature", "properties": { "decimalLatitude": -43.5307, "decimalLongitude": 172.6232, "month": 3, "species_sci": "Hirundo neoxena", "species_com": "Welcome Swallow" }, "geometry": { "type": "Point", "coordinates": [ 172.6232, -43.5307 ] } },
{ "type": "Feature", "properties": { "decimalLatitude": -36.3903, "decimalLongitude": 145.3952, "month": 3, "species_sci": "Hirundo neoxena", "species_com": "Welcome Swallow" }, "geometry": { "type": "Point", "coordinates": [ 145.3952, -36.3903 ] } },
{ "type": "Feature", "properties": { "decimalLatitude": -39.9264, "decimalLongitude": 176.7623, "month": 3, "species_sci": "Hirundo neoxena", "species_com": "Welcome Swallow" }, "geometry": { "type": "Point", "coordinates": [ 176.7623, -39.9264 ] } },
{ "type": "Feature", "properties": { "decimalLatitude": -27.4334, "decimalLongitude": 153.5437, "month": 3, "species_sci": "Hirundo neoxena", "species_com": "Welcome Swallow" }, "geometry": { "type": "Point", "coordinates": [ 153.5437, -27.4334 ] } },
{ "type": "Feature", "properties": { "decimalLatitude": -42.8039, "decimalLongitude": 171.575, "month": 3, "species_sci": "Hirundo neoxena", "species_com": "Welcome Swallow" }, "geometry": { "type": "Point", "coordinates": [ 171.575, -42.8039 ] } },
{ "type": "Feature", "properties": { "decimalLatitude": -37.1372, "decimalLongitude": 175.538, "month": 3, "species_sci": "Hirundo neoxena", "species_com": "Welcome Swallow" }, "geometry": { "type": "Point", "coordinates": [ 175.538, -37.1372 ] } },
{ "type": "Feature", "properties": { "decimalLatitude": -33.9968, "decimalLongitude": 151.1438, "month": 3, "species_sci": "Hirundo neoxena", "species_com": "Welcome Swallow" }, "geometry": { "type": "Point", "coordinates": [ 151.1438, -33.9968 ] } },
{ "type": "Feature", "properties": { "decimalLatitude": -38.0046, "decimalLongitude": 145.1257, "month": 3, "species_sci": "Hirundo neoxena", "species_com": "Welcome Swallow" }, "geometry": { "type": "Point", "coordinates": [ 145.1257, -38.0046 ] } },
{ "type": "Feature", "properties": { "decimalLatitude": -34.493, "decimalLongitude": 150.92, "month": 3, "species_sci": "Hirundo neoxena", "species_com": "Welcome Swallow" }, "geometry": { "type": "Point", "coordinates": [ 150.92, -34.493 ] } },
{ "type": "Feature", "properties": { "decimalLatitude": -43.6507, "decimalLongitude": 172.4838, "month": 3, "species_sci": "Hirundo neoxena", "species_com": "Welcome Swallow" }, "geometry": { "type": "Point", "coordinates": [ 172.4838, -43.6507 ] } },
{ "type": "Feature", "properties": { "decimalLatitude": -36.3081, "decimalLongitude": 145.0733, "month": 3, "species_sci": "Hirundo neoxena", "species_com": "Welcome Swallow" }, "geometry": { "type": "Point", "coordinates": [ 145.0733, -36.3081 ] } },
{ "type": "Feature", "properties": { "decimalLatitude": -34.4748, "decimalLongitude": 150.7609, "month": 3, "species_sci": "Hirundo neoxena", "species_com": "Welcome Swallow" }, "geometry": { "type": "Point", "coordinates": [ 150.7609, -34.4748 ] } },
{ "type": "Feature", "properties": { "decimalLatitude": -33.4346, "decimalLongitude": 150.9078, "month": 3, "species_sci": "Hirundo neoxena", "species_com": "Welcome Swallow" }, "geometry": { "type": "Point", "coordinates": [ 150.9078, -33.4346 ] } },
{ "type": "Feature", "properties": { "decimalLatitude": -17.0339, "decimalLongitude": 145.769, "month": 3, "species_sci": "Hirundo neoxena", "species_com": "Welcome Swallow" }, "geometry": { "type": "Point", "coordinates": [ 145.769, -17.0339 ] } },
{ "type": "Feature", "properties": { "decimalLatitude": -42.4204, "decimalLongitude": 173.6806, "month": 3, "species_sci": "Hirundo neoxena", "species_com": "Welcome Swallow" }, "geometry": { "type": "Point", "coordinates": [ 173.6806, -42.4204 ] } },
{ "type": "Feature", "properties": { "decimalLatitude": -41.294, "decimalLongitude": 174.7509, "month": 3, "species_sci": "Hirundo neoxena", "species_com": "Welcome Swallow" }, "geometry": { "type": "Point", "coordinates": [ 174.7509, -41.294 ] } },
{ "type": "Feature", "properties": { "decimalLatitude": -35.6075, "decimalLongitude": 174.5225, "month": 3, "species_sci": "Hirundo neoxena", "species_com": "Welcome Swallow" }, "geometry": { "type": "Point", "coordinates": [ 174.5225, -35.6075 ] } },
{ "type": "Feature", "properties": { "decimalLatitude": -33.9066, "decimalLongitude": 151.1023, "month": 3, "species_sci": "Hirundo neoxena", "species_com": "Welcome Swallow" }, "geometry": { "type": "Point", "coordinates": [ 151.1023, -33.9066 ] } },
{ "type": "Feature", "properties": { "decimalLatitude": -35.1208, "decimalLongitude": 139.2844, "month": 3, "species_sci": "Hirundo neoxena", "species_com": "Welcome Swallow" }, "geometry": { "type": "Point", "coordinates": [ 139.2844, -35.1208 ] } },
{ "type": "Feature", "properties": { "decimalLatitude": -42.4335, "decimalLongitude": 173.6912, "month": 3, "species_sci": "Hirundo neoxena", "species_com": "Welcome Swallow" }, "geometry": { "type": "Point", "coordinates": [ 173.6912, -42.4335 ] } },
{ "type": "Feature", "properties": { "decimalLatitude": -34.8261, "decimalLongitude": 150.6544, "month": 3, "species_sci": "Hirundo neoxena", "species_com": "Welcome Swallow" }, "geometry": { "type": "Point", "coordinates": [ 150.6544, -34.8261 ] } },
{ "type": "Feature", "properties": { "decimalLatitude": -36.0284, "decimalLongitude": 144.5134, "month": 3, "species_sci": "Hirundo neoxena", "species_com": "Welcome Swallow" }, "geometry": { "type": "Point", "coordinates": [ 144.5134, -36.0284 ] } },
{ "type": "Feature", "properties": { "decimalLatitude": -34.44, "decimalLongitude": 150.8969, "month": 3, "species_sci": "Hirundo neoxena", "species_com": "Welcome Swallow" }, "geometry": { "type": "Point", "coordinates": [ 150.8969, -34.44 ] } },
{ "type": "Feature", "properties": { "decimalLatitude": -41.0941, "decimalLongitude": 174.9077, "month": 3, "species_sci": "Hirundo neoxena", "species_com": "Welcome Swallow" }, "geometry": { "type": "Point", "coordinates": [ 174.9077, -41.0941 ] } },
{ "type": "Feature", "properties": { "decimalLatitude": -36.9332, "decimalLongitude": 174.9127, "month": 3, "species_sci": "Hirundo neoxena", "species_com": "Welcome Swallow" }, "geometry": { "type": "Point", "coordinates": [ 174.9127, -36.9332 ] } },
{ "type": "Feature", "properties": { "decimalLatitude": -32.0335, "decimalLongitude": 115.8157, "month": 3, "species_sci": "Hirundo neoxena", "species_com": "Welcome Swallow" }, "geometry": { "type": "Point", "coordinates": [ 115.8157, -32.0335 ] } },
{ "type": "Feature", "properties": { "decimalLatitude": -31.5525, "decimalLongitude": 159.0768, "month": 3, "species_sci": "Hirundo neoxena", "species_com": "Welcome Swallow" }, "geometry": { "type": "Point", "coordinates": [ 159.0768, -31.5525 ] } },
{ "type": "Feature", "properties": { "decimalLatitude": -36.7508, "decimalLongitude": 145.0538, "month": 3, "species_sci": "Hirundo neoxena", "species_com": "Welcome Swallow" }, "geometry": { "type": "Point", "coordinates": [ 145.0538, -36.7508 ] } },
{ "type": "Feature", "properties": { "decimalLatitude": -31.9958, "decimalLongitude": 115.5439, "month": 3, "species_sci": "Hirundo neoxena", "species_com": "Welcome Swallow" }, "geometry": { "type": "Point", "coordinates": [ 115.5439, -31.9958 ] } },
{ "type": "Feature", "properties": { "decimalLatitude": -34.1237, "decimalLongitude": 150.6879, "month": 3, "species_sci": "Hirundo neoxena", "species_com": "Welcome Swallow" }, "geometry": { "type": "Point", "coordinates": [ 150.6879, -34.1237 ] } },
{ "type": "Feature", "properties": { "decimalLatitude": -33.7572, "decimalLongitude": 150.6903, "month": 3, "species_sci": "Hirundo neoxena", "species_com": "Welcome Swallow" }, "geometry": { "type": "Point", "coordinates": [ 150.6903, -33.7572 ] } },
{ "type": "Feature", "properties": { "decimalLatitude": -34.9132, "decimalLongitude": 150.6152, "month": 3, "species_sci": "Hirundo neoxena", "species_com": "Welcome Swallow" }, "geometry": { "type": "Point", "coordinates": [ 150.6152, -34.9132 ] } },
{ "type": "Feature", "properties": { "decimalLatitude": -27.4461, "decimalLongitude": 153.1855, "month": 3, "species_sci": "Hirundo neoxena", "species_com": "Welcome Swallow" }, "geometry": { "type": "Point", "coordinates": [ 153.1855, -27.4461 ] } },
{ "type": "Feature", "properties": { "decimalLatitude": -35.2161, "decimalLongitude": 148.9965, "month": 3, "species_sci": "Hirundo neoxena", "species_com": "Welcome Swallow" }, "geometry": { "type": "Point", "coordinates": [ 148.9965, -35.2161 ] } },
{ "type": "Feature", "properties": { "decimalLatitude": -27.3072, "decimalLongitude": 153.0666, "month": 3, "species_sci": "Hirundo neoxena", "species_com": "Welcome Swallow" }, "geometry": { "type": "Point", "coordinates": [ 153.0666, -27.3072 ] } },
{ "type": "Feature", "properties": { "decimalLatitude": -35.9328, "decimalLongitude": 173.8822, "month": 3, "species_sci": "Hirundo neoxena", "species_com": "Welcome Swallow" }, "geometry": { "type": "Point", "coordinates": [ 173.8822, -35.9328 ] } },
{ "type": "Feature", "properties": { "decimalLatitude": -27.277, "decimalLongitude": 153.0439, "month": 3, "species_sci": "Hirundo neoxena", "species_com": "Welcome Swallow" }, "geometry": { "type": "Point", "coordinates": [ 153.0439, -27.277 ] } },
{ "type": "Feature", "properties": { "decimalLatitude": -34.5344, "decimalLongitude": 150.7921, "month": 3, "species_sci": "Hirundo neoxena", "species_com": "Welcome Swallow" }, "geometry": { "type": "Point", "coordinates": [ 150.7921, -34.5344 ] } },
{ "type": "Feature", "properties": { "decimalLatitude": -26.1834, "decimalLongitude": 152.6657, "month": 3, "species_sci": "Hirundo neoxena", "species_com": "Welcome Swallow" }, "geometry": { "type": "Point", "coordinates": [ 152.6657, -26.1834 ] } },
{ "type": "Feature", "properties": { "decimalLatitude": -37.7173, "decimalLongitude": 145.0069, "month": 3, "species_sci": "Hirundo neoxena", "species_com": "Welcome Swallow" }, "geometry": { "type": "Point", "coordinates": [ 145.0069, -37.7173 ] } },
{ "type": "Feature", "properties": { "decimalLatitude": -33.8544, "decimalLongitude": 151.0811, "month": 3, "species_sci": "Hirundo neoxena", "species_com": "Welcome Swallow" }, "geometry": { "type": "Point", "coordinates": [ 151.0811, -33.8544 ] } },
{ "type": "Feature", "properties": { "decimalLatitude": -27.3797, "decimalLongitude": 153.046, "month": 3, "species_sci": "Hirundo neoxena", "species_com": "Welcome Swallow" }, "geometry": { "type": "Point", "coordinates": [ 153.046, -27.3797 ] } },
{ "type": "Feature", "properties": { "decimalLatitude": -38.0047, "decimalLongitude": 144.5899, "month": 3, "species_sci": "Hirundo neoxena", "species_com": "Welcome Swallow" }, "geometry": { "type": "Point", "coordinates": [ 144.5899, -38.0047 ] } },
{ "type": "Feature", "properties": { "decimalLatitude": -34.193, "decimalLongitude": 151.1217, "month": 3, "species_sci": "Hirundo neoxena", "species_com": "Welcome Swallow" }, "geometry": { "type": "Point", "coordinates": [ 151.1217, -34.193 ] } },
{ "type": "Feature", "properties": { "decimalLatitude": -38.4596, "decimalLongitude": 145.2204, "month": 3, "species_sci": "Hirundo neoxena", "species_com": "Welcome Swallow" }, "geometry": { "type": "Point", "coordinates": [ 145.2204, -38.4596 ] } },
{ "type": "Feature", "properties": { "decimalLatitude": -38.399, "decimalLongitude": 144.1858, "month": 3, "species_sci": "Hirundo neoxena", "species_com": "Welcome Swallow" }, "geometry": { "type": "Point", "coordinates": [ 144.1858, -38.399 ] } },
{ "type": "Feature", "properties": { "decimalLatitude": -34.2379, "decimalLongitude": 146.2357, "month": 3, "species_sci": "Hirundo neoxena", "species_com": "Welcome Swallow" }, "geometry": { "type": "Point", "coordinates": [ 146.2357, -34.2379 ] } },
{ "type": "Feature", "properties": { "decimalLatitude": -37.8433, "decimalLongitude": 140.8167, "month": 3, "species_sci": "Hirundo neoxena", "species_com": "Welcome Swallow" }, "geometry": { "type": "Point", "coordinates": [ 140.8167, -37.8433 ] } },
{ "type": "Feature", "properties": { "decimalLatitude": -27.5959, "decimalLongitude": 152.9476, "month": 3, "species_sci": "Hirundo neoxena", "species_com": "Welcome Swallow" }, "geometry": { "type": "Point", "coordinates": [ 152.9476, -27.5959 ] } },
{ "type": "Feature", "properties": { "decimalLatitude": -33.8637, "decimalLongitude": 151.2185, "month": 3, "species_sci": "Hirundo neoxena", "species_com": "Welcome Swallow" }, "geometry": { "type": "Point", "coordinates": [ 151.2185, -33.8637 ] } },
{ "type": "Feature", "properties": { "decimalLatitude": -34.829, "decimalLongitude": 150.6152, "month": 3, "species_sci": "Hirundo neoxena", "species_com": "Welcome Swallow" }, "geometry": { "type": "Point", "coordinates": [ 150.6152, -34.829 ] } },
{ "type": "Feature", "properties": { "decimalLatitude": -32.7251, "decimalLongitude": 151.6246, "month": 3, "species_sci": "Hirundo neoxena", "species_com": "Welcome Swallow" }, "geometry": { "type": "Point", "coordinates": [ 151.6246, -32.7251 ] } },
{ "type": "Feature", "properties": { "decimalLatitude": -35.0064, "decimalLongitude": 150.6697, "month": 3, "species_sci": "Hirundo neoxena", "species_com": "Welcome Swallow" }, "geometry": { "type": "Point", "coordinates": [ 150.6697, -35.0064 ] } },
{ "type": "Feature", "properties": { "decimalLatitude": -35.7934, "decimalLongitude": 136.7312, "month": 3, "species_sci": "Hirundo neoxena", "species_com": "Welcome Swallow" }, "geometry": { "type": "Point", "coordinates": [ 136.7312, -35.7934 ] } },
{ "type": "Feature", "properties": { "decimalLatitude": -33.7759, "decimalLongitude": 151.1214, "month": 3, "species_sci": "Hirundo neoxena", "species_com": "Welcome Swallow" }, "geometry": { "type": "Point", "coordinates": [ 151.1214, -33.7759 ] } },
{ "type": "Feature", "properties": { "decimalLatitude": -32.7623, "decimalLongitude": 152.0723, "month": 3, "species_sci": "Hirundo neoxena", "species_com": "Welcome Swallow" }, "geometry": { "type": "Point", "coordinates": [ 152.0723, -32.7623 ] } },
{ "type": "Feature", "properties": { "decimalLatitude": -38.1736, "decimalLongitude": 144.3024, "month": 3, "species_sci": "Hirundo neoxena", "species_com": "Welcome Swallow" }, "geometry": { "type": "Point", "coordinates": [ 144.3024, -38.1736 ] } },
{ "type": "Feature", "properties": { "decimalLatitude": -37.5564, "decimalLongitude": 145.1229, "month": 3, "species_sci": "Hirundo neoxena", "species_com": "Welcome Swallow" }, "geometry": { "type": "Point", "coordinates": [ 145.1229, -37.5564 ] } },
{ "type": "Feature", "properties": { "decimalLatitude": -37.623, "decimalLongitude": 145.1039, "month": 3, "species_sci": "Hirundo neoxena", "species_com": "Welcome Swallow" }, "geometry": { "type": "Point", "coordinates": [ 145.1039, -37.623 ] } },
{ "type": "Feature", "properties": { "decimalLatitude": -41.4772, "decimalLongitude": 173.978, "month": 3, "species_sci": "Hirundo neoxena", "species_com": "Welcome Swallow" }, "geometry": { "type": "Point", "coordinates": [ 173.978, -41.4772 ] } },
{ "type": "Feature", "properties": { "decimalLatitude": -35.1751, "decimalLongitude": 149.1359, "month": 3, "species_sci": "Hirundo neoxena", "species_com": "Welcome Swallow" }, "geometry": { "type": "Point", "coordinates": [ 149.1359, -35.1751 ] } },
{ "type": "Feature", "properties": { "decimalLatitude": -42.931, "decimalLongitude": 147.2555, "month": 3, "species_sci": "Hirundo neoxena", "species_com": "Welcome Swallow" }, "geometry": { "type": "Point", "coordinates": [ 147.2555, -42.931 ] } },
{ "type": "Feature", "properties": { "decimalLatitude": -37.9556, "decimalLongitude": 147.6549, "month": 3, "species_sci": "Hirundo neoxena", "species_com": "Welcome Swallow" }, "geometry": { "type": "Point", "coordinates": [ 147.6549, -37.9556 ] } },
{ "type": "Feature", "properties": { "decimalLatitude": -34.4875, "decimalLongitude": 150.8353, "month": 3, "species_sci": "Hirundo neoxena", "species_com": "Welcome Swallow" }, "geometry": { "type": "Point", "coordinates": [ 150.8353, -34.4875 ] } },
{ "type": "Feature", "properties": { "decimalLatitude": -30.0215, "decimalLongitude": 138.0446, "month": 3, "species_sci": "Hirundo neoxena", "species_com": "Welcome Swallow" }, "geometry": { "type": "Point", "coordinates": [ 138.0446, -30.0215 ] } },
{ "type": "Feature", "properties": { "decimalLatitude": -16.9004, "decimalLongitude": 145.755, "month": 3, "species_sci": "Hirundo neoxena", "species_com": "Welcome Swallow" }, "geometry": { "type": "Point", "coordinates": [ 145.755, -16.9004 ] } },
{ "type": "Feature", "properties": { "decimalLatitude": -37.5661, "decimalLongitude": 145.1248, "month": 3, "species_sci": "Hirundo neoxena", "species_com": "Welcome Swallow" }, "geometry": { "type": "Point", "coordinates": [ 145.1248, -37.5661 ] } },
{ "type": "Feature", "properties": { "decimalLatitude": -33.8272, "decimalLongitude": 151.2187, "month": 3, "species_sci": "Hirundo neoxena", "species_com": "Welcome Swallow" }, "geometry": { "type": "Point", "coordinates": [ 151.2187, -33.8272 ] } },
{ "type": "Feature", "properties": { "decimalLatitude": -30.0215, "decimalLongitude": 138.0446, "month": 3, "species_sci": "Hirundo neoxena", "species_com": "Welcome Swallow" }, "geometry": { "type": "Point", "coordinates": [ 138.0446, -30.0215 ] } },
{ "type": "Feature", "properties": { "decimalLatitude": -32.7158, "decimalLongitude": 151.5481, "month": 3, "species_sci": "Hirundo neoxena", "species_com": "Welcome Swallow" }, "geometry": { "type": "Point", "coordinates": [ 151.5481, -32.7158 ] } },
{ "type": "Feature", "properties": { "decimalLatitude": -31.2709, "decimalLongitude": 149.279, "month": 3, "species_sci": "Hirundo neoxena", "species_com": "Welcome Swallow" }, "geometry": { "type": "Point", "coordinates": [ 149.279, -31.2709 ] } },
{ "type": "Feature", "properties": { "decimalLatitude": -36.3908, "decimalLongitude": 145.3952, "month": 3, "species_sci": "Hirundo neoxena", "species_com": "Welcome Swallow" }, "geometry": { "type": "Point", "coordinates": [ 145.3952, -36.3908 ] } },
{ "type": "Feature", "properties": { "decimalLatitude": -29.584, "decimalLongitude": 151.3895, "month": 3, "species_sci": "Hirundo neoxena", "species_com": "Welcome Swallow" }, "geometry": { "type": "Point", "coordinates": [ 151.3895, -29.584 ] } },
{ "type": "Feature", "properties": { "decimalLatitude": -34.7985, "decimalLongitude": 147.0448, "month": 3, "species_sci": "Hirundo neoxena", "species_com": "Welcome Swallow" }, "geometry": { "type": "Point", "coordinates": [ 147.0448, -34.7985 ] } },
{ "type": "Feature", "properties": { "decimalLatitude": -25.7935, "decimalLongitude": 113.719, "month": 3, "species_sci": "Hirundo neoxena", "species_com": "Welcome Swallow" }, "geometry": { "type": "Point", "coordinates": [ 113.719, -25.7935 ] } },
{ "type": "Feature", "properties": { "decimalLatitude": -37.8622, "decimalLongitude": 144.9069, "month": 3, "species_sci": "Hirundo neoxena", "species_com": "Welcome Swallow" }, "geometry": { "type": "Point", "coordinates": [ 144.9069, -37.8622 ] } },
{ "type": "Feature", "properties": { "decimalLatitude": -35.3151, "decimalLongitude": 149.1623, "month": 3, "species_sci": "Hirundo neoxena", "species_com": "Welcome Swallow" }, "geometry": { "type": "Point", "coordinates": [ 149.1623, -35.3151 ] } },
{ "type": "Feature", "properties": { "decimalLatitude": -36.7041, "decimalLongitude": 145.1619, "month": 3, "species_sci": "Hirundo neoxena", "species_com": "Welcome Swallow" }, "geometry": { "type": "Point", "coordinates": [ 145.1619, -36.7041 ] } },
{ "type": "Feature", "properties": { "decimalLatitude": -27.4412, "decimalLongitude": 153.0446, "month": 3, "species_sci": "Hirundo neoxena", "species_com": "Welcome Swallow" }, "geometry": { "type": "Point", "coordinates": [ 153.0446, -27.4412 ] } },
{ "type": "Feature", "properties": { "decimalLatitude": -38.0774, "decimalLongitude": 145.1231, "month": 3, "species_sci": "Hirundo neoxena", "species_com": "Welcome Swallow" }, "geometry": { "type": "Point", "coordinates": [ 145.1231, -38.0774 ] } },
{ "type": "Feature", "properties": { "decimalLatitude": -32.685, "decimalLongitude": 149.2282, "month": 3, "species_sci": "Hirundo neoxena", "species_com": "Welcome Swallow" }, "geometry": { "type": "Point", "coordinates": [ 149.2282, -32.685 ] } },
{ "type": "Feature", "properties": { "decimalLatitude": -38.2718, "decimalLongitude": 144.379, "month": 3, "species_sci": "Hirundo neoxena", "species_com": "Welcome Swallow" }, "geometry": { "type": "Point", "coordinates": [ 144.379, -38.2718 ] } },
{ "type": "Feature", "properties": { "decimalLatitude": -26.5959, "decimalLongitude": 153.0198, "month": 3, "species_sci": "Hirundo neoxena", "species_com": "Welcome Swallow" }, "geometry": { "type": "Point", "coordinates": [ 153.0198, -26.5959 ] } },
{ "type": "Feature", "properties": { "decimalLatitude": -27.9365, "decimalLongitude": 153.4286, "month": 3, "species_sci": "Hirundo neoxena", "species_com": "Welcome Swallow" }, "geometry": { "type": "Point", "coordinates": [ 153.4286, -27.9365 ] } },
{ "type": "Feature", "properties": { "decimalLatitude": -37.8614, "decimalLongitude": 144.8332, "month": 3, "species_sci": "Hirundo neoxena", "species_com": "Welcome Swallow" }, "geometry": { "type": "Point", "coordinates": [ 144.8332, -37.8614 ] } },
{ "type": "Feature", "properties": { "decimalLatitude": -37.1727, "decimalLongitude": 143.7057, "month": 3, "species_sci": "Hirundo neoxena", "species_com": "Welcome Swallow" }, "geometry": { "type": "Point", "coordinates": [ 143.7057, -37.1727 ] } },
{ "type": "Feature", "properties": { "decimalLatitude": -38.1983, "decimalLongitude": 144.2969, "month": 4, "species_sci": "Hirundo neoxena", "species_com": "Welcome Swallow" }, "geometry": { "type": "Point", "coordinates": [ 144.2969, -38.1983 ] } },
{ "type": "Feature", "properties": { "decimalLatitude": -27.4787, "decimalLongitude": 152.9867, "month": 4, "species_sci": "Hirundo neoxena", "species_com": "Welcome Swallow" }, "geometry": { "type": "Point", "coordinates": [ 152.9867, -27.4787 ] } },
{ "type": "Feature", "properties": { "decimalLatitude": -38.1017, "decimalLongitude": 145.1085, "month": 4, "species_sci": "Hirundo neoxena", "species_com": "Welcome Swallow" }, "geometry": { "type": "Point", "coordinates": [ 145.1085, -38.1017 ] } },
{ "type": "Feature", "properties": { "decimalLatitude": -33.2613, "decimalLongitude": 151.569, "month": 4, "species_sci": "Hirundo neoxena", "species_com": "Welcome Swallow" }, "geometry": { "type": "Point", "coordinates": [ 151.569, -33.2613 ] } },
{ "type": "Feature", "properties": { "decimalLatitude": -32.7435, "decimalLongitude": 148.8739, "month": 4, "species_sci": "Hirundo neoxena", "species_com": "Welcome Swallow" }, "geometry": { "type": "Point", "coordinates": [ 148.8739, -32.7435 ] } },
{ "type": "Feature", "properties": { "decimalLatitude": -35.029, "decimalLongitude": 138.5981, "month": 4, "species_sci": "Hirundo neoxena", "species_com": "Welcome Swallow" }, "geometry": { "type": "Point", "coordinates": [ 138.5981, -35.029 ] } },
{ "type": "Feature", "properties": { "decimalLatitude": -38.2528, "decimalLongitude": 144.5177, "month": 4, "species_sci": "Hirundo neoxena", "species_com": "Welcome Swallow" }, "geometry": { "type": "Point", "coordinates": [ 144.5177, -38.2528 ] } },
{ "type": "Feature", "properties": { "decimalLatitude": -28.0941, "decimalLongitude": 153.4382, "month": 4, "species_sci": "Hirundo neoxena", "species_com": "Welcome Swallow" }, "geometry": { "type": "Point", "coordinates": [ 153.4382, -28.0941 ] } },
{ "type": "Feature", "properties": { "decimalLatitude": -36.8127, "decimalLongitude": 143.5543, "month": 4, "species_sci": "Hirundo neoxena", "species_com": "Welcome Swallow" }, "geometry": { "type": "Point", "coordinates": [ 143.5543, -36.8127 ] } },
{ "type": "Feature", "properties": { "decimalLatitude": -17.5255, "decimalLongitude": 146.0309, "month": 4, "species_sci": "Hirundo neoxena", "species_com": "Welcome Swallow" }, "geometry": { "type": "Point", "coordinates": [ 146.0309, -17.5255 ] } },
{ "type": "Feature", "properties": { "decimalLatitude": -37.1633, "decimalLongitude": 144.0763, "month": 4, "species_sci": "Hirundo neoxena", "species_com": "Welcome Swallow" }, "geometry": { "type": "Point", "coordinates": [ 144.0763, -37.1633 ] } },
{ "type": "Feature", "properties": { "decimalLatitude": -37.9891, "decimalLongitude": 144.5962, "month": 4, "species_sci": "Hirundo neoxena", "species_com": "Welcome Swallow" }, "geometry": { "type": "Point", "coordinates": [ 144.5962, -37.9891 ] } },
{ "type": "Feature", "properties": { "decimalLatitude": -37.7887, "decimalLongitude": 144.9615, "month": 4, "species_sci": "Hirundo neoxena", "species_com": "Welcome Swallow" }, "geometry": { "type": "Point", "coordinates": [ 144.9615, -37.7887 ] } },
{ "type": "Feature", "properties": { "decimalLatitude": -34.2468, "decimalLongitude": 150.9763, "month": 4, "species_sci": "Hirundo neoxena", "species_com": "Welcome Swallow" }, "geometry": { "type": "Point", "coordinates": [ 150.9763, -34.2468 ] } },
{ "type": "Feature", "properties": { "decimalLatitude": -37.9932, "decimalLongitude": 144.5745, "month": 4, "species_sci": "Hirundo neoxena", "species_com": "Welcome Swallow" }, "geometry": { "type": "Point", "coordinates": [ 144.5745, -37.9932 ] } },
{ "type": "Feature", "properties": { "decimalLatitude": -27.2219, "decimalLongitude": 152.8147, "month": 4, "species_sci": "Hirundo neoxena", "species_com": "Welcome Swallow" }, "geometry": { "type": "Point", "coordinates": [ 152.8147, -27.2219 ] } },
{ "type": "Feature", "properties": { "decimalLatitude": -37.8199, "decimalLongitude": 145.0546, "month": 4, "species_sci": "Hirundo neoxena", "species_com": "Welcome Swallow" }, "geometry": { "type": "Point", "coordinates": [ 145.0546, -37.8199 ] } },
{ "type": "Feature", "properties": { "decimalLatitude": -33.1257, "decimalLongitude": 151.5832, "month": 4, "species_sci": "Hirundo neoxena", "species_com": "Welcome Swallow" }, "geometry": { "type": "Point", "coordinates": [ 151.5832, -33.1257 ] } },
{ "type": "Feature", "properties": { "decimalLatitude": -25.9804, "decimalLongitude": 113.5598, "month": 4, "species_sci": "Hirundo neoxena", "species_com": "Welcome Swallow" }, "geometry": { "type": "Point", "coordinates": [ 113.5598, -25.9804 ] } },
{ "type": "Feature", "properties": { "decimalLatitude": -28.6992, "decimalLongitude": 153.5297, "month": 4, "species_sci": "Hirundo neoxena", "species_com": "Welcome Swallow" }, "geometry": { "type": "Point", "coordinates": [ 153.5297, -28.6992 ] } },
{ "type": "Feature", "properties": { "decimalLatitude": -25.9804, "decimalLongitude": 113.5596, "month": 4, "species_sci": "Hirundo neoxena", "species_com": "Welcome Swallow" }, "geometry": { "type": "Point", "coordinates": [ 113.5596, -25.9804 ] } },
{ "type": "Feature", "properties": { "decimalLatitude": -27.7727, "decimalLongitude": 153.146, "month": 4, "species_sci": "Hirundo neoxena", "species_com": "Welcome Swallow" }, "geometry": { "type": "Point", "coordinates": [ 153.146, -27.7727 ] } },
{ "type": "Feature", "properties": { "decimalLatitude": -43.7717, "decimalLongitude": 172.2907, "month": 4, "species_sci": "Hirundo neoxena", "species_com": "Welcome Swallow" }, "geometry": { "type": "Point", "coordinates": [ 172.2907, -43.7717 ] } },
{ "type": "Feature", "properties": { "decimalLatitude": -33.9158, "decimalLongitude": 151.2661, "month": 4, "species_sci": "Hirundo neoxena", "species_com": "Welcome Swallow" }, "geometry": { "type": "Point", "coordinates": [ 151.2661, -33.9158 ] } },
{ "type": "Feature", "properties": { "decimalLatitude": -38.0588, "decimalLongitude": 145.1468, "month": 4, "species_sci": "Hirundo neoxena", "species_com": "Welcome Swallow" }, "geometry": { "type": "Point", "coordinates": [ 145.1468, -38.0588 ] } },
{ "type": "Feature", "properties": { "decimalLatitude": -41.2964, "decimalLongitude": 174.739, "month": 4, "species_sci": "Hirundo neoxena", "species_com": "Welcome Swallow" }, "geometry": { "type": "Point", "coordinates": [ 174.739, -41.2964 ] } },
{ "type": "Feature", "properties": { "decimalLatitude": -33.9645, "decimalLongitude": 150.824, "month": 4, "species_sci": "Hirundo neoxena", "species_com": "Welcome Swallow" }, "geometry": { "type": "Point", "coordinates": [ 150.824, -33.9645 ] } },
{ "type": "Feature", "properties": { "decimalLatitude": -43.6442, "decimalLongitude": 172.4689, "month": 4, "species_sci": "Hirundo neoxena", "species_com": "Welcome Swallow" }, "geometry": { "type": "Point", "coordinates": [ 172.4689, -43.6442 ] } },
{ "type": "Feature", "properties": { "decimalLatitude": -27.4808, "decimalLongitude": 153.1086, "month": 4, "species_sci": "Hirundo neoxena", "species_com": "Welcome Swallow" }, "geometry": { "type": "Point", "coordinates": [ 153.1086, -27.4808 ] } },
{ "type": "Feature", "properties": { "decimalLatitude": -33.3397, "decimalLongitude": 115.6341, "month": 4, "species_sci": "Hirundo neoxena", "species_com": "Welcome Swallow" }, "geometry": { "type": "Point", "coordinates": [ 115.6341, -33.3397 ] } },
{ "type": "Feature", "properties": { "decimalLatitude": -43.5302, "decimalLongitude": 172.6336, "month": 4, "species_sci": "Hirundo neoxena", "species_com": "Welcome Swallow" }, "geometry": { "type": "Point", "coordinates": [ 172.6336, -43.5302 ] } },
{ "type": "Feature", "properties": { "decimalLatitude": -40.8775, "decimalLongitude": 175.0109, "month": 4, "species_sci": "Hirundo neoxena", "species_com": "Welcome Swallow" }, "geometry": { "type": "Point", "coordinates": [ 175.0109, -40.8775 ] } },
{ "type": "Feature", "properties": { "decimalLatitude": -33.9178, "decimalLongitude": 151.2329, "month": 4, "species_sci": "Hirundo neoxena", "species_com": "Welcome Swallow" }, "geometry": { "type": "Point", "coordinates": [ 151.2329, -33.9178 ] } },
{ "type": "Feature", "properties": { "decimalLatitude": -35.9476, "decimalLongitude": 144.9315, "month": 4, "species_sci": "Hirundo neoxena", "species_com": "Welcome Swallow" }, "geometry": { "type": "Point", "coordinates": [ 144.9315, -35.9476 ] } },
{ "type": "Feature", "properties": { "decimalLatitude": -34.0676, "decimalLongitude": 140.7384, "month": 4, "species_sci": "Hirundo neoxena", "species_com": "Welcome Swallow" }, "geometry": { "type": "Point", "coordinates": [ 140.7384, -34.0676 ] } },
{ "type": "Feature", "properties": { "decimalLatitude": -43.7717, "decimalLongitude": 172.2913, "month": 4, "species_sci": "Hirundo neoxena", "species_com": "Welcome Swallow" }, "geometry": { "type": "Point", "coordinates": [ 172.2913, -43.7717 ] } },
{ "type": "Feature", "properties": { "decimalLatitude": -33.2095, "decimalLongitude": 141.3171, "month": 4, "species_sci": "Hirundo neoxena", "species_com": "Welcome Swallow" }, "geometry": { "type": "Point", "coordinates": [ 141.3171, -33.2095 ] } },
{ "type": "Feature", "properties": { "decimalLatitude": -32.3265, "decimalLongitude": 115.7681, "month": 4, "species_sci": "Hirundo neoxena", "species_com": "Welcome Swallow" }, "geometry": { "type": "Point", "coordinates": [ 115.7681, -32.3265 ] } },
{ "type": "Feature", "properties": { "decimalLatitude": -41.2737, "decimalLongitude": 174.9547, "month": 4, "species_sci": "Hirundo neoxena", "species_com": "Welcome Swallow" }, "geometry": { "type": "Point", "coordinates": [ 174.9547, -41.2737 ] } },
{ "type": "Feature", "properties": { "decimalLatitude": -36.8125, "decimalLongitude": 143.5538, "month": 4, "species_sci": "Hirundo neoxena", "species_com": "Welcome Swallow" }, "geometry": { "type": "Point", "coordinates": [ 143.5538, -36.8125 ] } },
{ "type": "Feature", "properties": { "decimalLatitude": -38.1987, "decimalLongitude": 144.297, "month": 4, "species_sci": "Hirundo neoxena", "species_com": "Welcome Swallow" }, "geometry": { "type": "Point", "coordinates": [ 144.297, -38.1987 ] } },
{ "type": "Feature", "properties": { "decimalLatitude": -35.4959, "decimalLongitude": 138.7981, "month": 4, "species_sci": "Hirundo neoxena", "species_com": "Welcome Swallow" }, "geometry": { "type": "Point", "coordinates": [ 138.7981, -35.4959 ] } },
{ "type": "Feature", "properties": { "decimalLatitude": -16.48, "decimalLongitude": 145.4608, "month": 4, "species_sci": "Hirundo neoxena", "species_com": "Welcome Swallow" }, "geometry": { "type": "Point", "coordinates": [ 145.4608, -16.48 ] } },
{ "type": "Feature", "properties": { "decimalLatitude": -27.5619, "decimalLongitude": 152.8993, "month": 4, "species_sci": "Hirundo neoxena", "species_com": "Welcome Swallow" }, "geometry": { "type": "Point", "coordinates": [ 152.8993, -27.5619 ] } },
{ "type": "Feature", "properties": { "decimalLatitude": -37.7657, "decimalLongitude": 145.3567, "month": 4, "species_sci": "Hirundo neoxena", "species_com": "Welcome Swallow" }, "geometry": { "type": "Point", "coordinates": [ 145.3567, -37.7657 ] } },
{ "type": "Feature", "properties": { "decimalLatitude": -36.9794, "decimalLongitude": 174.8426, "month": 4, "species_sci": "Hirundo neoxena", "species_com": "Welcome Swallow" }, "geometry": { "type": "Point", "coordinates": [ 174.8426, -36.9794 ] } },
{ "type": "Feature", "properties": { "decimalLatitude": -40.8706, "decimalLongitude": 175.0127, "month": 4, "species_sci": "Hirundo neoxena", "species_com": "Welcome Swallow" }, "geometry": { "type": "Point", "coordinates": [ 175.0127, -40.8706 ] } },
{ "type": "Feature", "properties": { "decimalLatitude": -34.4775, "decimalLongitude": 150.7959, "month": 4, "species_sci": "Hirundo neoxena", "species_com": "Welcome Swallow" }, "geometry": { "type": "Point", "coordinates": [ 150.7959, -34.4775 ] } },
{ "type": "Feature", "properties": { "decimalLatitude": -34.5344, "decimalLongitude": 150.7921, "month": 4, "species_sci": "Hirundo neoxena", "species_com": "Welcome Swallow" }, "geometry": { "type": "Point", "coordinates": [ 150.7921, -34.5344 ] } },
{ "type": "Feature", "properties": { "decimalLatitude": -43.6422, "decimalLongitude": 172.4693, "month": 4, "species_sci": "Hirundo neoxena", "species_com": "Welcome Swallow" }, "geometry": { "type": "Point", "coordinates": [ 172.4693, -43.6422 ] } },
{ "type": "Feature", "properties": { "decimalLatitude": -38.21, "decimalLongitude": 146.5293, "month": 4, "species_sci": "Hirundo neoxena", "species_com": "Welcome Swallow" }, "geometry": { "type": "Point", "coordinates": [ 146.5293, -38.21 ] } },
{ "type": "Feature", "properties": { "decimalLatitude": -31.6665, "decimalLongitude": 121.2346, "month": 4, "species_sci": "Hirundo neoxena", "species_com": "Welcome Swallow" }, "geometry": { "type": "Point", "coordinates": [ 121.2346, -31.6665 ] } },
{ "type": "Feature", "properties": { "decimalLatitude": -33.888, "decimalLongitude": 151.1843, "month": 4, "species_sci": "Hirundo neoxena", "species_com": "Welcome Swallow" }, "geometry": { "type": "Point", "coordinates": [ 151.1843, -33.888 ] } },
{ "type": "Feature", "properties": { "decimalLatitude": -33.4341, "decimalLongitude": 150.9079, "month": 4, "species_sci": "Hirundo neoxena", "species_com": "Welcome Swallow" }, "geometry": { "type": "Point", "coordinates": [ 150.9079, -33.4341 ] } },
{ "type": "Feature", "properties": { "decimalLatitude": -37.7045, "decimalLongitude": 145.036, "month": 4, "species_sci": "Hirundo neoxena", "species_com": "Welcome Swallow" }, "geometry": { "type": "Point", "coordinates": [ 145.036, -37.7045 ] } },
{ "type": "Feature", "properties": { "decimalLatitude": -45.0285, "decimalLongitude": 168.0107, "month": 4, "species_sci": "Hirundo neoxena", "species_com": "Welcome Swallow" }, "geometry": { "type": "Point", "coordinates": [ 168.0107, -45.0285 ] } },
{ "type": "Feature", "properties": { "decimalLatitude": -27.2063, "decimalLongitude": 153.0487, "month": 4, "species_sci": "Hirundo neoxena", "species_com": "Welcome Swallow" }, "geometry": { "type": "Point", "coordinates": [ 153.0487, -27.2063 ] } },
{ "type": "Feature", "properties": { "decimalLatitude": -18.5267, "decimalLongitude": 146.3185, "month": 4, "species_sci": "Hirundo neoxena", "species_com": "Welcome Swallow" }, "geometry": { "type": "Point", "coordinates": [ 146.3185, -18.5267 ] } },
{ "type": "Feature", "properties": { "decimalLatitude": -31.5587, "decimalLongitude": 147.1851, "month": 4, "species_sci": "Hirundo neoxena", "species_com": "Welcome Swallow" }, "geometry": { "type": "Point", "coordinates": [ 147.1851, -31.5587 ] } },
{ "type": "Feature", "properties": { "decimalLatitude": -37.7876, "decimalLongitude": 144.9107, "month": 4, "species_sci": "Hirundo neoxena", "species_com": "Welcome Swallow" }, "geometry": { "type": "Point", "coordinates": [ 144.9107, -37.7876 ] } },
{ "type": "Feature", "properties": { "decimalLatitude": -35.1179, "decimalLongitude": 117.893, "month": 4, "species_sci": "Hirundo neoxena", "species_com": "Welcome Swallow" }, "geometry": { "type": "Point", "coordinates": [ 117.893, -35.1179 ] } },
{ "type": "Feature", "properties": { "decimalLatitude": -43.6506, "decimalLongitude": 172.4849, "month": 4, "species_sci": "Hirundo neoxena", "species_com": "Welcome Swallow" }, "geometry": { "type": "Point", "coordinates": [ 172.4849, -43.6506 ] } },
{ "type": "Feature", "properties": { "decimalLatitude": -35.2814, "decimalLongitude": 149.1495, "month": 4, "species_sci": "Hirundo neoxena", "species_com": "Welcome Swallow" }, "geometry": { "type": "Point", "coordinates": [ 149.1495, -35.2814 ] } },
{ "type": "Feature", "properties": { "decimalLatitude": -27.4339, "decimalLongitude": 153.1489, "month": 4, "species_sci": "Hirundo neoxena", "species_com": "Welcome Swallow" }, "geometry": { "type": "Point", "coordinates": [ 153.1489, -27.4339 ] } },
{ "type": "Feature", "properties": { "decimalLatitude": -43.7242, "decimalLongitude": 172.7123, "month": 4, "species_sci": "Hirundo neoxena", "species_com": "Welcome Swallow" }, "geometry": { "type": "Point", "coordinates": [ 172.7123, -43.7242 ] } },
{ "type": "Feature", "properties": { "decimalLatitude": -40.4652, "decimalLongitude": 175.2255, "month": 4, "species_sci": "Hirundo neoxena", "species_com": "Welcome Swallow" }, "geometry": { "type": "Point", "coordinates": [ 175.2255, -40.4652 ] } },
{ "type": "Feature", "properties": { "decimalLatitude": -26.6605, "decimalLongitude": 152.9628, "month": 4, "species_sci": "Hirundo neoxena", "species_com": "Welcome Swallow" }, "geometry": { "type": "Point", "coordinates": [ 152.9628, -26.6605 ] } },
{ "type": "Feature", "properties": { "decimalLatitude": -34.5248, "decimalLongitude": 150.8085, "month": 4, "species_sci": "Hirundo neoxena", "species_com": "Welcome Swallow" }, "geometry": { "type": "Point", "coordinates": [ 150.8085, -34.5248 ] } },
{ "type": "Feature", "properties": { "decimalLatitude": -18.5236, "decimalLongitude": 146.3312, "month": 4, "species_sci": "Hirundo neoxena", "species_com": "Welcome Swallow" }, "geometry": { "type": "Point", "coordinates": [ 146.3312, -18.5236 ] } },
{ "type": "Feature", "properties": { "decimalLatitude": -37.7502, "decimalLongitude": 144.9819, "month": 4, "species_sci": "Hirundo neoxena", "species_com": "Welcome Swallow" }, "geometry": { "type": "Point", "coordinates": [ 144.9819, -37.7502 ] } },
{ "type": "Feature", "properties": { "decimalLatitude": -33.2333, "decimalLongitude": 151.5494, "month": 4, "species_sci": "Hirundo neoxena", "species_com": "Welcome Swallow" }, "geometry": { "type": "Point", "coordinates": [ 151.5494, -33.2333 ] } },
{ "type": "Feature", "properties": { "decimalLatitude": -27.3198, "decimalLongitude": 153.0679, "month": 4, "species_sci": "Hirundo neoxena", "species_com": "Welcome Swallow" }, "geometry": { "type": "Point", "coordinates": [ 153.0679, -27.3198 ] } },
{ "type": "Feature", "properties": { "decimalLatitude": -33.2346, "decimalLongitude": 134.6818, "month": 4, "species_sci": "Hirundo neoxena", "species_com": "Welcome Swallow" }, "geometry": { "type": "Point", "coordinates": [ 134.6818, -33.2346 ] } },
{ "type": "Feature", "properties": { "decimalLatitude": -40.8762, "decimalLongitude": 175.0103, "month": 4, "species_sci": "Hirundo neoxena", "species_com": "Welcome Swallow" }, "geometry": { "type": "Point", "coordinates": [ 175.0103, -40.8762 ] } },
{ "type": "Feature", "properties": { "decimalLatitude": -30.5054, "decimalLongitude": 153.0103, "month": 4, "species_sci": "Hirundo neoxena", "species_com": "Welcome Swallow" }, "geometry": { "type": "Point", "coordinates": [ 153.0103, -30.5054 ] } },
{ "type": "Feature", "properties": { "decimalLatitude": -16.9043, "decimalLongitude": 145.7635, "month": 4, "species_sci": "Hirundo neoxena", "species_com": "Welcome Swallow" }, "geometry": { "type": "Point", "coordinates": [ 145.7635, -16.9043 ] } },
{ "type": "Feature", "properties": { "decimalLatitude": -43.4609, "decimalLongitude": 172.5775, "month": 4, "species_sci": "Hirundo neoxena", "species_com": "Welcome Swallow" }, "geometry": { "type": "Point", "coordinates": [ 172.5775, -43.4609 ] } },
{ "type": "Feature", "properties": { "decimalLatitude": -34.2389, "decimalLongitude": 150.9153, "month": 4, "species_sci": "Hirundo neoxena", "species_com": "Welcome Swallow" }, "geometry": { "type": "Point", "coordinates": [ 150.9153, -34.2389 ] } },
{ "type": "Feature", "properties": { "decimalLatitude": -33.1321, "decimalLongitude": 149.9177, "month": 4, "species_sci": "Hirundo neoxena", "species_com": "Welcome Swallow" }, "geometry": { "type": "Point", "coordinates": [ 149.9177, -33.1321 ] } },
{ "type": "Feature", "properties": { "decimalLatitude": -38.4741, "decimalLongitude": 176.144, "month": 4, "species_sci": "Hirundo neoxena", "species_com": "Welcome Swallow" }, "geometry": { "type": "Point", "coordinates": [ 176.144, -38.4741 ] } },
{ "type": "Feature", "properties": { "decimalLatitude": -33.8366, "decimalLongitude": 151.0785, "month": 4, "species_sci": "Hirundo neoxena", "species_com": "Welcome Swallow" }, "geometry": { "type": "Point", "coordinates": [ 151.0785, -33.8366 ] } },
{ "type": "Feature", "properties": { "decimalLatitude": -34.9091, "decimalLongitude": 138.577, "month": 4, "species_sci": "Hirundo neoxena", "species_com": "Welcome Swallow" }, "geometry": { "type": "Point", "coordinates": [ 138.577, -34.9091 ] } },
{ "type": "Feature", "properties": { "decimalLatitude": -37.9901, "decimalLongitude": 144.5966, "month": 4, "species_sci": "Hirundo neoxena", "species_com": "Welcome Swallow" }, "geometry": { "type": "Point", "coordinates": [ 144.5966, -37.9901 ] } },
{ "type": "Feature", "properties": { "decimalLatitude": -36.8911, "decimalLongitude": 149.8917, "month": 4, "species_sci": "Hirundo neoxena", "species_com": "Welcome Swallow" }, "geometry": { "type": "Point", "coordinates": [ 149.8917, -36.8911 ] } },
{ "type": "Feature", "properties": { "decimalLatitude": -38.2483, "decimalLongitude": 146.4283, "month": 4, "species_sci": "Hirundo neoxena", "species_com": "Welcome Swallow" }, "geometry": { "type": "Point", "coordinates": [ 146.4283, -38.2483 ] } },
{ "type": "Feature", "properties": { "decimalLatitude": -37.8466, "decimalLongitude": 144.8347, "month": 4, "species_sci": "Hirundo neoxena", "species_com": "Welcome Swallow" }, "geometry": { "type": "Point", "coordinates": [ 144.8347, -37.8466 ] } },
{ "type": "Feature", "properties": { "decimalLatitude": -37.9478, "decimalLongitude": 147.8026, "month": 4, "species_sci": "Hirundo neoxena", "species_com": "Welcome Swallow" }, "geometry": { "type": "Point", "coordinates": [ 147.8026, -37.9478 ] } },
{ "type": "Feature", "properties": { "decimalLatitude": -34.4875, "decimalLongitude": 150.8353, "month": 4, "species_sci": "Hirundo neoxena", "species_com": "Welcome Swallow" }, "geometry": { "type": "Point", "coordinates": [ 150.8353, -34.4875 ] } },
{ "type": "Feature", "properties": { "decimalLatitude": -37.6787, "decimalLongitude": 144.7971, "month": 4, "species_sci": "Hirundo neoxena", "species_com": "Welcome Swallow" }, "geometry": { "type": "Point", "coordinates": [ 144.7971, -37.6787 ] } },
{ "type": "Feature", "properties": { "decimalLatitude": -23.1413, "decimalLongitude": 113.7742, "month": 4, "species_sci": "Hirundo neoxena", "species_com": "Welcome Swallow" }, "geometry": { "type": "Point", "coordinates": [ 113.7742, -23.1413 ] } },
{ "type": "Feature", "properties": { "decimalLatitude": -45.8674, "decimalLongitude": 170.5176, "month": 4, "species_sci": "Hirundo neoxena", "species_com": "Welcome Swallow" }, "geometry": { "type": "Point", "coordinates": [ 170.5176, -45.8674 ] } },
{ "type": "Feature", "properties": { "decimalLatitude": -35.3146, "decimalLongitude": 149.1594, "month": 4, "species_sci": "Hirundo neoxena", "species_com": "Welcome Swallow" }, "geometry": { "type": "Point", "coordinates": [ 149.1594, -35.3146 ] } },
{ "type": "Feature", "properties": { "decimalLatitude": -34.9333, "decimalLongitude": 138.51, "month": 4, "species_sci": "Hirundo neoxena", "species_com": "Welcome Swallow" }, "geometry": { "type": "Point", "coordinates": [ 138.51, -34.9333 ] } },
{ "type": "Feature", "properties": { "decimalLatitude": -33.7232, "decimalLongitude": 143.0271, "month": 4, "species_sci": "Hirundo neoxena", "species_com": "Welcome Swallow" }, "geometry": { "type": "Point", "coordinates": [ 143.0271, -33.7232 ] } },
{ "type": "Feature", "properties": { "decimalLatitude": -40.763, "decimalLongitude": 175.1624, "month": 4, "species_sci": "Hirundo neoxena", "species_com": "Welcome Swallow" }, "geometry": { "type": "Point", "coordinates": [ 175.1624, -40.763 ] } },
{ "type": "Feature", "properties": { "decimalLatitude": -35.3232, "decimalLongitude": 139.327, "month": 4, "species_sci": "Hirundo neoxena", "species_com": "Welcome Swallow" }, "geometry": { "type": "Point", "coordinates": [ 139.327, -35.3232 ] } },
{ "type": "Feature", "properties": { "decimalLatitude": -38.5178, "decimalLongitude": 145.1172, "month": 4, "species_sci": "Hirundo neoxena", "species_com": "Welcome Swallow" }, "geometry": { "type": "Point", "coordinates": [ 145.1172, -38.5178 ] } },
{ "type": "Feature", "properties": { "decimalLatitude": -32.0866, "decimalLongitude": 115.8268, "month": 4, "species_sci": "Hirundo neoxena", "species_com": "Welcome Swallow" }, "geometry": { "type": "Point", "coordinates": [ 115.8268, -32.0866 ] } },
{ "type": "Feature", "properties": { "decimalLatitude": -37.8893, "decimalLongitude": 175.4351, "month": 4, "species_sci": "Hirundo neoxena", "species_com": "Welcome Swallow" }, "geometry": { "type": "Point", "coordinates": [ 175.4351, -37.8893 ] } },
{ "type": "Feature", "properties": { "decimalLatitude": -37.8571, "decimalLongitude": 144.8686, "month": 4, "species_sci": "Hirundo neoxena", "species_com": "Welcome Swallow" }, "geometry": { "type": "Point", "coordinates": [ 144.8686, -37.8571 ] } },
{ "type": "Feature", "properties": { "decimalLatitude": -38.675, "decimalLongitude": 146.6931, "month": 4, "species_sci": "Hirundo neoxena", "species_com": "Welcome Swallow" }, "geometry": { "type": "Point", "coordinates": [ 146.6931, -38.675 ] } },
{ "type": "Feature", "properties": { "decimalLatitude": -37.8371, "decimalLongitude": 144.8369, "month": 4, "species_sci": "Hirundo neoxena", "species_com": "Welcome Swallow" }, "geometry": { "type": "Point", "coordinates": [ 144.8369, -37.8371 ] } },
{ "type": "Feature", "properties": { "decimalLatitude": -34.2526, "decimalLongitude": 150.7174, "month": 4, "species_sci": "Hirundo neoxena", "species_com": "Welcome Swallow" }, "geometry": { "type": "Point", "coordinates": [ 150.7174, -34.2526 ] } },
{ "type": "Feature", "properties": { "decimalLatitude": -37.5665, "decimalLongitude": 145.1249, "month": 4, "species_sci": "Hirundo neoxena", "species_com": "Welcome Swallow" }, "geometry": { "type": "Point", "coordinates": [ 145.1249, -37.5665 ] } },
{ "type": "Feature", "properties": { "decimalLatitude": -33.8661, "decimalLongitude": 151.2182, "month": 4, "species_sci": "Hirundo neoxena", "species_com": "Welcome Swallow" }, "geometry": { "type": "Point", "coordinates": [ 151.2182, -33.8661 ] } },
{ "type": "Feature", "properties": { "decimalLatitude": -45.8908, "decimalLongitude": 170.5703, "month": 4, "species_sci": "Hirundo neoxena", "species_com": "Welcome Swallow" }, "geometry": { "type": "Point", "coordinates": [ 170.5703, -45.8908 ] } },
{ "type": "Feature", "properties": { "decimalLatitude": -27.497, "decimalLongitude": 153.0198, "month": 4, "species_sci": "Hirundo neoxena", "species_com": "Welcome Swallow" }, "geometry": { "type": "Point", "coordinates": [ 153.0198, -27.497 ] } },
{ "type": "Feature", "properties": { "decimalLatitude": -41.2518, "decimalLongitude": 148.3063, "month": 4, "species_sci": "Hirundo neoxena", "species_com": "Welcome Swallow" }, "geometry": { "type": "Point", "coordinates": [ 148.3063, -41.2518 ] } },
{ "type": "Feature", "properties": { "decimalLatitude": -34.9175, "decimalLongitude": 138.5875, "month": 4, "species_sci": "Hirundo neoxena", "species_com": "Welcome Swallow" }, "geometry": { "type": "Point", "coordinates": [ 138.5875, -34.9175 ] } },
{ "type": "Feature", "properties": { "decimalLatitude": -34.9372, "decimalLongitude": 138.6199, "month": 4, "species_sci": "Hirundo neoxena", "species_com": "Welcome Swallow" }, "geometry": { "type": "Point", "coordinates": [ 138.6199, -34.9372 ] } },
{ "type": "Feature", "properties": { "decimalLatitude": -36.4504, "decimalLongitude": 149.8303, "month": 4, "species_sci": "Hirundo neoxena", "species_com": "Welcome Swallow" }, "geometry": { "type": "Point", "coordinates": [ 149.8303, -36.4504 ] } },
{ "type": "Feature", "properties": { "decimalLatitude": -27.3201, "decimalLongitude": 153.068, "month": 4, "species_sci": "Hirundo neoxena", "species_com": "Welcome Swallow" }, "geometry": { "type": "Point", "coordinates": [ 153.068, -27.3201 ] } },
{ "type": "Feature", "properties": { "decimalLatitude": -34.936, "decimalLongitude": 138.6198, "month": 4, "species_sci": "Hirundo neoxena", "species_com": "Welcome Swallow" }, "geometry": { "type": "Point", "coordinates": [ 138.6198, -34.936 ] } },
{ "type": "Feature", "properties": { "decimalLatitude": -35.0617, "decimalLongitude": 150.8109, "month": 4, "species_sci": "Hirundo neoxena", "species_com": "Welcome Swallow" }, "geometry": { "type": "Point", "coordinates": [ 150.8109, -35.0617 ] } },
{ "type": "Feature", "properties": { "decimalLatitude": -32.5273, "decimalLongitude": 115.7769, "month": 4, "species_sci": "Hirundo neoxena", "species_com": "Welcome Swallow" }, "geometry": { "type": "Point", "coordinates": [ 115.7769, -32.5273 ] } },
{ "type": "Feature", "properties": { "decimalLatitude": -34.5621, "decimalLongitude": 150.873, "month": 4, "species_sci": "Hirundo neoxena", "species_com": "Welcome Swallow" }, "geometry": { "type": "Point", "coordinates": [ 150.873, -34.5621 ] } },
{ "type": "Feature", "properties": { "decimalLatitude": -43.705, "decimalLongitude": 172.5513, "month": 4, "species_sci": "Hirundo neoxena", "species_com": "Welcome Swallow" }, "geometry": { "type": "Point", "coordinates": [ 172.5513, -43.705 ] } },
{ "type": "Feature", "properties": { "decimalLatitude": -27.7109, "decimalLongitude": 114.1629, "month": 4, "species_sci": "Hirundo neoxena", "species_com": "Welcome Swallow" }, "geometry": { "type": "Point", "coordinates": [ 114.1629, -27.7109 ] } },
{ "type": "Feature", "properties": { "decimalLatitude": -36.8826, "decimalLongitude": 174.5223, "month": 4, "species_sci": "Hirundo neoxena", "species_com": "Welcome Swallow" }, "geometry": { "type": "Point", "coordinates": [ 174.5223, -36.8826 ] } },
{ "type": "Feature", "properties": { "decimalLatitude": -33.8587, "decimalLongitude": 151.1829, "month": 4, "species_sci": "Hirundo neoxena", "species_com": "Welcome Swallow" }, "geometry": { "type": "Point", "coordinates": [ 151.1829, -33.8587 ] } },
{ "type": "Feature", "properties": { "decimalLatitude": -37.0671, "decimalLongitude": 175.0889, "month": 4, "species_sci": "Hirundo neoxena", "species_com": "Welcome Swallow" }, "geometry": { "type": "Point", "coordinates": [ 175.0889, -37.0671 ] } },
{ "type": "Feature", "properties": { "decimalLatitude": -26.8022, "decimalLongitude": 153.1514, "month": 4, "species_sci": "Hirundo neoxena", "species_com": "Welcome Swallow" }, "geometry": { "type": "Point", "coordinates": [ 153.1514, -26.8022 ] } },
{ "type": "Feature", "properties": { "decimalLatitude": -37.8352, "decimalLongitude": 145.2518, "month": 4, "species_sci": "Hirundo neoxena", "species_com": "Welcome Swallow" }, "geometry": { "type": "Point", "coordinates": [ 145.2518, -37.8352 ] } },
{ "type": "Feature", "properties": { "decimalLatitude": -43.8529, "decimalLongitude": 172.3735, "month": 4, "species_sci": "Hirundo neoxena", "species_com": "Welcome Swallow" }, "geometry": { "type": "Point", "coordinates": [ 172.3735, -43.8529 ] } },
{ "type": "Feature", "properties": { "decimalLatitude": -23.8627, "decimalLongitude": 151.2348, "month": 4, "species_sci": "Hirundo neoxena", "species_com": "Welcome Swallow" }, "geometry": { "type": "Point", "coordinates": [ 151.2348, -23.8627 ] } },
{ "type": "Feature", "properties": { "decimalLatitude": -36.8128, "decimalLongitude": 143.5541, "month": 4, "species_sci": "Hirundo neoxena", "species_com": "Welcome Swallow" }, "geometry": { "type": "Point", "coordinates": [ 143.5541, -36.8128 ] } },
{ "type": "Feature", "properties": { "decimalLatitude": -38.1305, "decimalLongitude": 145.2692, "month": 4, "species_sci": "Hirundo neoxena", "species_com": "Welcome Swallow" }, "geometry": { "type": "Point", "coordinates": [ 145.2692, -38.1305 ] } },
{ "type": "Feature", "properties": { "decimalLatitude": -43.7372, "decimalLongitude": 172.5179, "month": 4, "species_sci": "Hirundo neoxena", "species_com": "Welcome Swallow" }, "geometry": { "type": "Point", "coordinates": [ 172.5179, -43.7372 ] } },
{ "type": "Feature", "properties": { "decimalLatitude": -43.602, "decimalLongitude": 172.6581, "month": 4, "species_sci": "Hirundo neoxena", "species_com": "Welcome Swallow" }, "geometry": { "type": "Point", "coordinates": [ 172.6581, -43.602 ] } },
{ "type": "Feature", "properties": { "decimalLatitude": -32.7462, "decimalLongitude": 148.889, "month": 4, "species_sci": "Hirundo neoxena", "species_com": "Welcome Swallow" }, "geometry": { "type": "Point", "coordinates": [ 148.889, -32.7462 ] } },
{ "type": "Feature", "properties": { "decimalLatitude": -38.6866, "decimalLongitude": 176.0649, "month": 4, "species_sci": "Hirundo neoxena", "species_com": "Welcome Swallow" }, "geometry": { "type": "Point", "coordinates": [ 176.0649, -38.6866 ] } },
{ "type": "Feature", "properties": { "decimalLatitude": -37.8228, "decimalLongitude": 147.6173, "month": 4, "species_sci": "Hirundo neoxena", "species_com": "Welcome Swallow" }, "geometry": { "type": "Point", "coordinates": [ 147.6173, -37.8228 ] } },
{ "type": "Feature", "properties": { "decimalLatitude": -43.7958, "decimalLongitude": 172.6638, "month": 4, "species_sci": "Hirundo neoxena", "species_com": "Welcome Swallow" }, "geometry": { "type": "Point", "coordinates": [ 172.6638, -43.7958 ] } },
{ "type": "Feature", "properties": { "decimalLatitude": -19.2872, "decimalLongitude": 146.8214, "month": 4, "species_sci": "Hirundo neoxena", "species_com": "Welcome Swallow" }, "geometry": { "type": "Point", "coordinates": [ 146.8214, -19.2872 ] } },
{ "type": "Feature", "properties": { "decimalLatitude": -35.0711, "decimalLongitude": 138.8864, "month": 4, "species_sci": "Hirundo neoxena", "species_com": "Welcome Swallow" }, "geometry": { "type": "Point", "coordinates": [ 138.8864, -35.0711 ] } },
{ "type": "Feature", "properties": { "decimalLatitude": -35.3149, "decimalLongitude": 149.1616, "month": 4, "species_sci": "Hirundo neoxena", "species_com": "Welcome Swallow" }, "geometry": { "type": "Point", "coordinates": [ 149.1616, -35.3149 ] } },
{ "type": "Feature", "properties": { "decimalLatitude": -35.3143, "decimalLongitude": 149.1593, "month": 4, "species_sci": "Hirundo neoxena", "species_com": "Welcome Swallow" }, "geometry": { "type": "Point", "coordinates": [ 149.1593, -35.3143 ] } },
{ "type": "Feature", "properties": { "decimalLatitude": -26.0165, "decimalLongitude": 152.4509, "month": 4, "species_sci": "Hirundo neoxena", "species_com": "Welcome Swallow" }, "geometry": { "type": "Point", "coordinates": [ 152.4509, -26.0165 ] } },
{ "type": "Feature", "properties": { "decimalLatitude": -34.2334, "decimalLongitude": 150.6909, "month": 4, "species_sci": "Hirundo neoxena", "species_com": "Welcome Swallow" }, "geometry": { "type": "Point", "coordinates": [ 150.6909, -34.2334 ] } },
{ "type": "Feature", "properties": { "decimalLatitude": -37.7233, "decimalLongitude": 144.9628, "month": 4, "species_sci": "Hirundo neoxena", "species_com": "Welcome Swallow" }, "geometry": { "type": "Point", "coordinates": [ 144.9628, -37.7233 ] } },
{ "type": "Feature", "properties": { "decimalLatitude": -37.8773, "decimalLongitude": 144.8119, "month": 4, "species_sci": "Hirundo neoxena", "species_com": "Welcome Swallow" }, "geometry": { "type": "Point", "coordinates": [ 144.8119, -37.8773 ] } },
{ "type": "Feature", "properties": { "decimalLatitude": -34.7304, "decimalLongitude": 138.6955, "month": 4, "species_sci": "Hirundo neoxena", "species_com": "Welcome Swallow" }, "geometry": { "type": "Point", "coordinates": [ 138.6955, -34.7304 ] } },
{ "type": "Feature", "properties": { "decimalLatitude": -38.0395, "decimalLongitude": 144.515, "month": 4, "species_sci": "Hirundo neoxena", "species_com": "Welcome Swallow" }, "geometry": { "type": "Point", "coordinates": [ 144.515, -38.0395 ] } },
{ "type": "Feature", "properties": { "decimalLatitude": -38.0113, "decimalLongitude": 144.5816, "month": 4, "species_sci": "Hirundo neoxena", "species_com": "Welcome Swallow" }, "geometry": { "type": "Point", "coordinates": [ 144.5816, -38.0113 ] } },
{ "type": "Feature", "properties": { "decimalLatitude": -39.5569, "decimalLongitude": 176.8687, "month": 4, "species_sci": "Hirundo neoxena", "species_com": "Welcome Swallow" }, "geometry": { "type": "Point", "coordinates": [ 176.8687, -39.5569 ] } },
{ "type": "Feature", "properties": { "decimalLatitude": -41.0877, "decimalLongitude": 174.8941, "month": 4, "species_sci": "Hirundo neoxena", "species_com": "Welcome Swallow" }, "geometry": { "type": "Point", "coordinates": [ 174.8941, -41.0877 ] } },
{ "type": "Feature", "properties": { "decimalLatitude": -27.5707, "decimalLongitude": 153.0631, "month": 4, "species_sci": "Hirundo neoxena", "species_com": "Welcome Swallow" }, "geometry": { "type": "Point", "coordinates": [ 153.0631, -27.5707 ] } },
{ "type": "Feature", "properties": { "decimalLatitude": -36.2076, "decimalLongitude": 150.125, "month": 4, "species_sci": "Hirundo neoxena", "species_com": "Welcome Swallow" }, "geometry": { "type": "Point", "coordinates": [ 150.125, -36.2076 ] } },
{ "type": "Feature", "properties": { "decimalLatitude": -34.5301, "decimalLongitude": 150.35, "month": 4, "species_sci": "Hirundo neoxena", "species_com": "Welcome Swallow" }, "geometry": { "type": "Point", "coordinates": [ 150.35, -34.5301 ] } },
{ "type": "Feature", "properties": { "decimalLatitude": -38.1987, "decimalLongitude": 144.297, "month": 4, "species_sci": "Hirundo neoxena", "species_com": "Welcome Swallow" }, "geometry": { "type": "Point", "coordinates": [ 144.297, -38.1987 ] } },
{ "type": "Feature", "properties": { "decimalLatitude": -37.9412, "decimalLongitude": 145.031, "month": 5, "species_sci": "Hirundo neoxena", "species_com": "Welcome Swallow" }, "geometry": { "type": "Point", "coordinates": [ 145.031, -37.9412 ] } },
{ "type": "Feature", "properties": { "decimalLatitude": -31.6073, "decimalLongitude": 116.538, "month": 5, "species_sci": "Hirundo neoxena", "species_com": "Welcome Swallow" }, "geometry": { "type": "Point", "coordinates": [ 116.538, -31.6073 ] } },
{ "type": "Feature", "properties": { "decimalLatitude": -37.8648, "decimalLongitude": 144.9659, "month": 5, "species_sci": "Hirundo neoxena", "species_com": "Welcome Swallow" }, "geometry": { "type": "Point", "coordinates": [ 144.9659, -37.8648 ] } },
{ "type": "Feature", "properties": { "decimalLatitude": -36.4759, "decimalLongitude": 143.7516, "month": 5, "species_sci": "Hirundo neoxena", "species_com": "Welcome Swallow" }, "geometry": { "type": "Point", "coordinates": [ 143.7516, -36.4759 ] } },
{ "type": "Feature", "properties": { "decimalLatitude": -37.8473, "decimalLongitude": 144.8952, "month": 5, "species_sci": "Hirundo neoxena", "species_com": "Welcome Swallow" }, "geometry": { "type": "Point", "coordinates": [ 144.8952, -37.8473 ] } },
{ "type": "Feature", "properties": { "decimalLatitude": -34.2285, "decimalLongitude": 150.7098, "month": 5, "species_sci": "Hirundo neoxena", "species_com": "Welcome Swallow" }, "geometry": { "type": "Point", "coordinates": [ 150.7098, -34.2285 ] } },
{ "type": "Feature", "properties": { "decimalLatitude": -37.9993, "decimalLongitude": 144.5746, "month": 5, "species_sci": "Hirundo neoxena", "species_com": "Welcome Swallow" }, "geometry": { "type": "Point", "coordinates": [ 144.5746, -37.9993 ] } },
{ "type": "Feature", "properties": { "decimalLatitude": -34.8755, "decimalLongitude": 150.6024, "month": 5, "species_sci": "Hirundo neoxena", "species_com": "Welcome Swallow" }, "geometry": { "type": "Point", "coordinates": [ 150.6024, -34.8755 ] } },
{ "type": "Feature", "properties": { "decimalLatitude": -27.546, "decimalLongitude": 153.1138, "month": 5, "species_sci": "Hirundo neoxena", "species_com": "Welcome Swallow" }, "geometry": { "type": "Point", "coordinates": [ 153.1138, -27.546 ] } },
{ "type": "Feature", "properties": { "decimalLatitude": -24.53, "decimalLongitude": 151.3992, "month": 5, "species_sci": "Hirundo neoxena", "species_com": "Welcome Swallow" }, "geometry": { "type": "Point", "coordinates": [ 151.3992, -24.53 ] } },
{ "type": "Feature", "properties": { "decimalLatitude": -37.9409, "decimalLongitude": 145.0318, "month": 5, "species_sci": "Hirundo neoxena", "species_com": "Welcome Swallow" }, "geometry": { "type": "Point", "coordinates": [ 145.0318, -37.9409 ] } },
{ "type": "Feature", "properties": { "decimalLatitude": -27.4407, "decimalLongitude": 153.4999, "month": 5, "species_sci": "Hirundo neoxena", "species_com": "Welcome Swallow" }, "geometry": { "type": "Point", "coordinates": [ 153.4999, -27.4407 ] } },
{ "type": "Feature", "properties": { "decimalLatitude": -31.9435, "decimalLongitude": 141.4868, "month": 5, "species_sci": "Hirundo neoxena", "species_com": "Welcome Swallow" }, "geometry": { "type": "Point", "coordinates": [ 141.4868, -31.9435 ] } },
{ "type": "Feature", "properties": { "decimalLatitude": -34.9966, "decimalLongitude": 138.5469, "month": 5, "species_sci": "Hirundo neoxena", "species_com": "Welcome Swallow" }, "geometry": { "type": "Point", "coordinates": [ 138.5469, -34.9966 ] } },
{ "type": "Feature", "properties": { "decimalLatitude": -34.4801, "decimalLongitude": 150.8084, "month": 5, "species_sci": "Hirundo neoxena", "species_com": "Welcome Swallow" }, "geometry": { "type": "Point", "coordinates": [ 150.8084, -34.4801 ] } },
{ "type": "Feature", "properties": { "decimalLatitude": -33.8002, "decimalLongitude": 151.276, "month": 5, "species_sci": "Hirundo neoxena", "species_com": "Welcome Swallow" }, "geometry": { "type": "Point", "coordinates": [ 151.276, -33.8002 ] } },
{ "type": "Feature", "properties": { "decimalLatitude": -37.8586, "decimalLongitude": 144.8728, "month": 5, "species_sci": "Hirundo neoxena", "species_com": "Welcome Swallow" }, "geometry": { "type": "Point", "coordinates": [ 144.8728, -37.8586 ] } },
{ "type": "Feature", "properties": { "decimalLatitude": -28.4577, "decimalLongitude": 151.2481, "month": 5, "species_sci": "Hirundo neoxena", "species_com": "Welcome Swallow" }, "geometry": { "type": "Point", "coordinates": [ 151.2481, -28.4577 ] } },
{ "type": "Feature", "properties": { "decimalLatitude": -37.6384, "decimalLongitude": 145.4329, "month": 5, "species_sci": "Hirundo neoxena", "species_com": "Welcome Swallow" }, "geometry": { "type": "Point", "coordinates": [ 145.4329, -37.6384 ] } },
{ "type": "Feature", "properties": { "decimalLatitude": -37.7948, "decimalLongitude": 145.0076, "month": 5, "species_sci": "Hirundo neoxena", "species_com": "Welcome Swallow" }, "geometry": { "type": "Point", "coordinates": [ 145.0076, -37.7948 ] } },
{ "type": "Feature", "properties": { "decimalLatitude": -35.572, "decimalLongitude": 144.1372, "month": 5, "species_sci": "Hirundo neoxena", "species_com": "Welcome Swallow" }, "geometry": { "type": "Point", "coordinates": [ 144.1372, -35.572 ] } },
{ "type": "Feature", "properties": { "decimalLatitude": -29.7185, "decimalLongitude": 152.9383, "month": 5, "species_sci": "Hirundo neoxena", "species_com": "Welcome Swallow" }, "geometry": { "type": "Point", "coordinates": [ 152.9383, -29.7185 ] } },
{ "type": "Feature", "properties": { "decimalLatitude": -34.4101, "decimalLongitude": 150.8753, "month": 5, "species_sci": "Hirundo neoxena", "species_com": "Welcome Swallow" }, "geometry": { "type": "Point", "coordinates": [ 150.8753, -34.4101 ] } },
{ "type": "Feature", "properties": { "decimalLatitude": -38.5114, "decimalLongitude": 144.9266, "month": 5, "species_sci": "Hirundo neoxena", "species_com": "Welcome Swallow" }, "geometry": { "type": "Point", "coordinates": [ 144.9266, -38.5114 ] } },
{ "type": "Feature", "properties": { "decimalLatitude": -38.0001, "decimalLongitude": 144.5826, "month": 5, "species_sci": "Hirundo neoxena", "species_com": "Welcome Swallow" }, "geometry": { "type": "Point", "coordinates": [ 144.5826, -38.0001 ] } },
{ "type": "Feature", "properties": { "decimalLatitude": -34.9363, "decimalLongitude": 138.62, "month": 5, "species_sci": "Hirundo neoxena", "species_com": "Welcome Swallow" }, "geometry": { "type": "Point", "coordinates": [ 138.62, -34.9363 ] } },
{ "type": "Feature", "properties": { "decimalLatitude": -27.4825, "decimalLongitude": 153.0032, "month": 5, "species_sci": "Hirundo neoxena", "species_com": "Welcome Swallow" }, "geometry": { "type": "Point", "coordinates": [ 153.0032, -27.4825 ] } },
{ "type": "Feature", "properties": { "decimalLatitude": -38.51, "decimalLongitude": 145.3444, "month": 5, "species_sci": "Hirundo neoxena", "species_com": "Welcome Swallow" }, "geometry": { "type": "Point", "coordinates": [ 145.3444, -38.51 ] } },
{ "type": "Feature", "properties": { "decimalLatitude": -27.0771, "decimalLongitude": 152.9765, "month": 5, "species_sci": "Hirundo neoxena", "species_com": "Welcome Swallow" }, "geometry": { "type": "Point", "coordinates": [ 152.9765, -27.0771 ] } },
{ "type": "Feature", "properties": { "decimalLatitude": -36.4777, "decimalLongitude": 146.537, "month": 5, "species_sci": "Hirundo neoxena", "species_com": "Welcome Swallow" }, "geometry": { "type": "Point", "coordinates": [ 146.537, -36.4777 ] } },
{ "type": "Feature", "properties": { "decimalLatitude": -16.8469, "decimalLongitude": 145.7158, "month": 5, "species_sci": "Hirundo neoxena", "species_com": "Welcome Swallow" }, "geometry": { "type": "Point", "coordinates": [ 145.7158, -16.8469 ] } },
{ "type": "Feature", "properties": { "decimalLatitude": -28.8664, "decimalLongitude": 153.5149, "month": 5, "species_sci": "Hirundo neoxena", "species_com": "Welcome Swallow" }, "geometry": { "type": "Point", "coordinates": [ 153.5149, -28.8664 ] } },
{ "type": "Feature", "properties": { "decimalLatitude": -33.5376, "decimalLongitude": 138.2249, "month": 5, "species_sci": "Hirundo neoxena", "species_com": "Welcome Swallow" }, "geometry": { "type": "Point", "coordinates": [ 138.2249, -33.5376 ] } },
{ "type": "Feature", "properties": { "decimalLatitude": -34.692, "decimalLongitude": 138.8269, "month": 5, "species_sci": "Hirundo neoxena", "species_com": "Welcome Swallow" }, "geometry": { "type": "Point", "coordinates": [ 138.8269, -34.692 ] } },
{ "type": "Feature", "properties": { "decimalLatitude": -27.6759, "decimalLongitude": 152.9144, "month": 5, "species_sci": "Hirundo neoxena", "species_com": "Welcome Swallow" }, "geometry": { "type": "Point", "coordinates": [ 152.9144, -27.6759 ] } },
{ "type": "Feature", "properties": { "decimalLatitude": -27.4967, "decimalLongitude": 153.0196, "month": 5, "species_sci": "Hirundo neoxena", "species_com": "Welcome Swallow" }, "geometry": { "type": "Point", "coordinates": [ 153.0196, -27.4967 ] } },
{ "type": "Feature", "properties": { "decimalLatitude": -23.836, "decimalLongitude": 151.2461, "month": 5, "species_sci": "Hirundo neoxena", "species_com": "Welcome Swallow" }, "geometry": { "type": "Point", "coordinates": [ 151.2461, -23.836 ] } },
{ "type": "Feature", "properties": { "decimalLatitude": -27.4613, "decimalLongitude": 153.0522, "month": 5, "species_sci": "Hirundo neoxena", "species_com": "Welcome Swallow" }, "geometry": { "type": "Point", "coordinates": [ 153.0522, -27.4613 ] } },
{ "type": "Feature", "properties": { "decimalLatitude": -27.5692, "decimalLongitude": 153.0129, "month": 5, "species_sci": "Hirundo neoxena", "species_com": "Welcome Swallow" }, "geometry": { "type": "Point", "coordinates": [ 153.0129, -27.5692 ] } },
{ "type": "Feature", "properties": { "decimalLatitude": -27.6246, "decimalLongitude": 152.9645, "month": 5, "species_sci": "Hirundo neoxena", "species_com": "Welcome Swallow" }, "geometry": { "type": "Point", "coordinates": [ 152.9645, -27.6246 ] } },
{ "type": "Feature", "properties": { "decimalLatitude": -27.4991, "decimalLongitude": 153.0164, "month": 5, "species_sci": "Hirundo neoxena", "species_com": "Welcome Swallow" }, "geometry": { "type": "Point", "coordinates": [ 153.0164, -27.4991 ] } },
{ "type": "Feature", "properties": { "decimalLatitude": -34.0976, "decimalLongitude": 151.162, "month": 5, "species_sci": "Hirundo neoxena", "species_com": "Welcome Swallow" }, "geometry": { "type": "Point", "coordinates": [ 151.162, -34.0976 ] } },
{ "type": "Feature", "properties": { "decimalLatitude": -27.4817, "decimalLongitude": 153.1129, "month": 5, "species_sci": "Hirundo neoxena", "species_com": "Welcome Swallow" }, "geometry": { "type": "Point", "coordinates": [ 153.1129, -27.4817 ] } },
{ "type": "Feature", "properties": { "decimalLatitude": -30.2962, "decimalLongitude": 153.1139, "month": 5, "species_sci": "Hirundo neoxena", "species_com": "Welcome Swallow" }, "geometry": { "type": "Point", "coordinates": [ 153.1139, -30.2962 ] } },
{ "type": "Feature", "properties": { "decimalLatitude": -26.7131, "decimalLongitude": 153.0828, "month": 5, "species_sci": "Hirundo neoxena", "species_com": "Welcome Swallow" }, "geometry": { "type": "Point", "coordinates": [ 153.0828, -26.7131 ] } },
{ "type": "Feature", "properties": { "decimalLatitude": -33.6719, "decimalLongitude": 149.7694, "month": 5, "species_sci": "Hirundo neoxena", "species_com": "Welcome Swallow" }, "geometry": { "type": "Point", "coordinates": [ 149.7694, -33.6719 ] } },
{ "type": "Feature", "properties": { "decimalLatitude": -37.6953, "decimalLongitude": 144.9046, "month": 5, "species_sci": "Hirundo neoxena", "species_com": "Welcome Swallow" }, "geometry": { "type": "Point", "coordinates": [ 144.9046, -37.6953 ] } },
{ "type": "Feature", "properties": { "decimalLatitude": -38.0108, "decimalLongitude": 144.5806, "month": 5, "species_sci": "Hirundo neoxena", "species_com": "Welcome Swallow" }, "geometry": { "type": "Point", "coordinates": [ 144.5806, -38.0108 ] } },
{ "type": "Feature", "properties": { "decimalLatitude": -34.9345, "decimalLongitude": 138.5103, "month": 5, "species_sci": "Hirundo neoxena", "species_com": "Welcome Swallow" }, "geometry": { "type": "Point", "coordinates": [ 138.5103, -34.9345 ] } },
{ "type": "Feature", "properties": { "decimalLatitude": -37.8311, "decimalLongitude": 144.1192, "month": 5, "species_sci": "Hirundo neoxena", "species_com": "Welcome Swallow" }, "geometry": { "type": "Point", "coordinates": [ 144.1192, -37.8311 ] } },
{ "type": "Feature", "properties": { "decimalLatitude": -19.0414, "decimalLongitude": 146.4221, "month": 5, "species_sci": "Hirundo neoxena", "species_com": "Welcome Swallow" }, "geometry": { "type": "Point", "coordinates": [ 146.4221, -19.0414 ] } },
{ "type": "Feature", "properties": { "decimalLatitude": -33.8632, "decimalLongitude": 151.2214, "month": 5, "species_sci": "Hirundo neoxena", "species_com": "Welcome Swallow" }, "geometry": { "type": "Point", "coordinates": [ 151.2214, -33.8632 ] } },
{ "type": "Feature", "properties": { "decimalLatitude": -31.9242, "decimalLongitude": 115.7981, "month": 5, "species_sci": "Hirundo neoxena", "species_com": "Welcome Swallow" }, "geometry": { "type": "Point", "coordinates": [ 115.7981, -31.9242 ] } },
{ "type": "Feature", "properties": { "decimalLatitude": -33.9321, "decimalLongitude": 151.2467, "month": 5, "species_sci": "Hirundo neoxena", "species_com": "Welcome Swallow" }, "geometry": { "type": "Point", "coordinates": [ 151.2467, -33.9321 ] } },
{ "type": "Feature", "properties": { "decimalLatitude": -43.7182, "decimalLongitude": 172.4644, "month": 5, "species_sci": "Hirundo neoxena", "species_com": "Welcome Swallow" }, "geometry": { "type": "Point", "coordinates": [ 172.4644, -43.7182 ] } },
{ "type": "Feature", "properties": { "decimalLatitude": -37.7962, "decimalLongitude": 144.9137, "month": 5, "species_sci": "Hirundo neoxena", "species_com": "Welcome Swallow" }, "geometry": { "type": "Point", "coordinates": [ 144.9137, -37.7962 ] } },
{ "type": "Feature", "properties": { "decimalLatitude": -37.9944, "decimalLongitude": 144.5336, "month": 5, "species_sci": "Hirundo neoxena", "species_com": "Welcome Swallow" }, "geometry": { "type": "Point", "coordinates": [ 144.5336, -37.9944 ] } },
{ "type": "Feature", "properties": { "decimalLatitude": -33.8921, "decimalLongitude": 151.273, "month": 5, "species_sci": "Hirundo neoxena", "species_com": "Welcome Swallow" }, "geometry": { "type": "Point", "coordinates": [ 151.273, -33.8921 ] } },
{ "type": "Feature", "properties": { "decimalLatitude": -36.914, "decimalLongitude": 174.7771, "month": 5, "species_sci": "Hirundo neoxena", "species_com": "Welcome Swallow" }, "geometry": { "type": "Point", "coordinates": [ 174.7771, -36.914 ] } },
{ "type": "Feature", "properties": { "decimalLatitude": -38.1629, "decimalLongitude": 146.5844, "month": 5, "species_sci": "Hirundo neoxena", "species_com": "Welcome Swallow" }, "geometry": { "type": "Point", "coordinates": [ 146.5844, -38.1629 ] } },
{ "type": "Feature", "properties": { "decimalLatitude": -32.0335, "decimalLongitude": 115.8355, "month": 5, "species_sci": "Hirundo neoxena", "species_com": "Welcome Swallow" }, "geometry": { "type": "Point", "coordinates": [ 115.8355, -32.0335 ] } },
{ "type": "Feature", "properties": { "decimalLatitude": -33.8967, "decimalLongitude": 151.1974, "month": 5, "species_sci": "Hirundo neoxena", "species_com": "Welcome Swallow" }, "geometry": { "type": "Point", "coordinates": [ 151.1974, -33.8967 ] } },
{ "type": "Feature", "properties": { "decimalLatitude": -27.4522, "decimalLongitude": 153.0492, "month": 5, "species_sci": "Hirundo neoxena", "species_com": "Welcome Swallow" }, "geometry": { "type": "Point", "coordinates": [ 153.0492, -27.4522 ] } },
{ "type": "Feature", "properties": { "decimalLatitude": -33.9019, "decimalLongitude": 151.1535, "month": 5, "species_sci": "Hirundo neoxena", "species_com": "Welcome Swallow" }, "geometry": { "type": "Point", "coordinates": [ 151.1535, -33.9019 ] } },
{ "type": "Feature", "properties": { "decimalLatitude": -36.8127, "decimalLongitude": 143.5535, "month": 5, "species_sci": "Hirundo neoxena", "species_com": "Welcome Swallow" }, "geometry": { "type": "Point", "coordinates": [ 143.5535, -36.8127 ] } },
{ "type": "Feature", "properties": { "decimalLatitude": -27.5668, "decimalLongitude": 153.1021, "month": 5, "species_sci": "Hirundo neoxena", "species_com": "Welcome Swallow" }, "geometry": { "type": "Point", "coordinates": [ 153.1021, -27.5668 ] } },
{ "type": "Feature", "properties": { "decimalLatitude": -37.6877, "decimalLongitude": 145.1252, "month": 5, "species_sci": "Hirundo neoxena", "species_com": "Welcome Swallow" }, "geometry": { "type": "Point", "coordinates": [ 145.1252, -37.6877 ] } },
{ "type": "Feature", "properties": { "decimalLatitude": -27.5696, "decimalLongitude": 152.1031, "month": 5, "species_sci": "Hirundo neoxena", "species_com": "Welcome Swallow" }, "geometry": { "type": "Point", "coordinates": [ 152.1031, -27.5696 ] } },
{ "type": "Feature", "properties": { "decimalLatitude": -41.018, "decimalLongitude": 173.0186, "month": 5, "species_sci": "Hirundo neoxena", "species_com": "Welcome Swallow" }, "geometry": { "type": "Point", "coordinates": [ 173.0186, -41.018 ] } },
{ "type": "Feature", "properties": { "decimalLatitude": -38.0271, "decimalLongitude": 144.5603, "month": 5, "species_sci": "Hirundo neoxena", "species_com": "Welcome Swallow" }, "geometry": { "type": "Point", "coordinates": [ 144.5603, -38.0271 ] } },
{ "type": "Feature", "properties": { "decimalLatitude": -31.109, "decimalLongitude": 150.9217, "month": 5, "species_sci": "Hirundo neoxena", "species_com": "Welcome Swallow" }, "geometry": { "type": "Point", "coordinates": [ 150.9217, -31.109 ] } },
{ "type": "Feature", "properties": { "decimalLatitude": -40.8542, "decimalLongitude": 174.9332, "month": 5, "species_sci": "Hirundo neoxena", "species_com": "Welcome Swallow" }, "geometry": { "type": "Point", "coordinates": [ 174.9332, -40.8542 ] } },
{ "type": "Feature", "properties": { "decimalLatitude": -35.3275, "decimalLongitude": 139.2046, "month": 5, "species_sci": "Hirundo neoxena", "species_com": "Welcome Swallow" }, "geometry": { "type": "Point", "coordinates": [ 139.2046, -35.3275 ] } },
{ "type": "Feature", "properties": { "decimalLatitude": -35.4077, "decimalLongitude": 138.975, "month": 5, "species_sci": "Hirundo neoxena", "species_com": "Welcome Swallow" }, "geometry": { "type": "Point", "coordinates": [ 138.975, -35.4077 ] } },
{ "type": "Feature", "properties": { "decimalLatitude": -35.5251, "decimalLongitude": 149.0725, "month": 5, "species_sci": "Hirundo neoxena", "species_com": "Welcome Swallow" }, "geometry": { "type": "Point", "coordinates": [ 149.0725, -35.5251 ] } },
{ "type": "Feature", "properties": { "decimalLatitude": -26.7734, "decimalLongitude": 152.8804, "month": 5, "species_sci": "Hirundo neoxena", "species_com": "Welcome Swallow" }, "geometry": { "type": "Point", "coordinates": [ 152.8804, -26.7734 ] } },
{ "type": "Feature", "properties": { "decimalLatitude": -34.8858, "decimalLongitude": 138.6899, "month": 5, "species_sci": "Hirundo neoxena", "species_com": "Welcome Swallow" }, "geometry": { "type": "Point", "coordinates": [ 138.6899, -34.8858 ] } },
{ "type": "Feature", "properties": { "decimalLatitude": -32.573, "decimalLongitude": 149.575, "month": 5, "species_sci": "Hirundo neoxena", "species_com": "Welcome Swallow" }, "geometry": { "type": "Point", "coordinates": [ 149.575, -32.573 ] } },
{ "type": "Feature", "properties": { "decimalLatitude": -23.8302, "decimalLongitude": 151.2497, "month": 5, "species_sci": "Hirundo neoxena", "species_com": "Welcome Swallow" }, "geometry": { "type": "Point", "coordinates": [ 151.2497, -23.8302 ] } },
{ "type": "Feature", "properties": { "decimalLatitude": -33.9038, "decimalLongitude": 151.2331, "month": 5, "species_sci": "Hirundo neoxena", "species_com": "Welcome Swallow" }, "geometry": { "type": "Point", "coordinates": [ 151.2331, -33.9038 ] } },
{ "type": "Feature", "properties": { "decimalLatitude": -35.4239, "decimalLongitude": 149.0808, "month": 5, "species_sci": "Hirundo neoxena", "species_com": "Welcome Swallow" }, "geometry": { "type": "Point", "coordinates": [ 149.0808, -35.4239 ] } },
{ "type": "Feature", "properties": { "decimalLatitude": -37.7652, "decimalLongitude": 144.8952, "month": 5, "species_sci": "Hirundo neoxena", "species_com": "Welcome Swallow" }, "geometry": { "type": "Point", "coordinates": [ 144.8952, -37.7652 ] } },
{ "type": "Feature", "properties": { "decimalLatitude": -16.26, "decimalLongitude": 145.3981, "month": 5, "species_sci": "Hirundo neoxena", "species_com": "Welcome Swallow" }, "geometry": { "type": "Point", "coordinates": [ 145.3981, -16.26 ] } },
{ "type": "Feature", "properties": { "decimalLatitude": -38.075, "decimalLongitude": 145.3758, "month": 5, "species_sci": "Hirundo neoxena", "species_com": "Welcome Swallow" }, "geometry": { "type": "Point", "coordinates": [ 145.3758, -38.075 ] } },
{ "type": "Feature", "properties": { "decimalLatitude": -31.8453, "decimalLongitude": 115.9584, "month": 5, "species_sci": "Hirundo neoxena", "species_com": "Welcome Swallow" }, "geometry": { "type": "Point", "coordinates": [ 115.9584, -31.8453 ] } },
{ "type": "Feature", "properties": { "decimalLatitude": -27.9056, "decimalLongitude": 148.6498, "month": 5, "species_sci": "Hirundo neoxena", "species_com": "Welcome Swallow" }, "geometry": { "type": "Point", "coordinates": [ 148.6498, -27.9056 ] } },
{ "type": "Feature", "properties": { "decimalLatitude": -27.5273, "decimalLongitude": 153.2845, "month": 5, "species_sci": "Hirundo neoxena", "species_com": "Welcome Swallow" }, "geometry": { "type": "Point", "coordinates": [ 153.2845, -27.5273 ] } },
{ "type": "Feature", "properties": { "decimalLatitude": -27.4988, "decimalLongitude": 153.0166, "month": 5, "species_sci": "Hirundo neoxena", "species_com": "Welcome Swallow" }, "geometry": { "type": "Point", "coordinates": [ 153.0166, -27.4988 ] } },
{ "type": "Feature", "properties": { "decimalLatitude": -33.6502, "decimalLongitude": 150.9653, "month": 5, "species_sci": "Hirundo neoxena", "species_com": "Welcome Swallow" }, "geometry": { "type": "Point", "coordinates": [ 150.9653, -33.6502 ] } },
{ "type": "Feature", "properties": { "decimalLatitude": -34.9295, "decimalLongitude": 138.5884, "month": 5, "species_sci": "Hirundo neoxena", "species_com": "Welcome Swallow" }, "geometry": { "type": "Point", "coordinates": [ 138.5884, -34.9295 ] } },
{ "type": "Feature", "properties": { "decimalLatitude": -16.765, "decimalLongitude": 145.6689, "month": 5, "species_sci": "Hirundo neoxena", "species_com": "Welcome Swallow" }, "geometry": { "type": "Point", "coordinates": [ 145.6689, -16.765 ] } },
{ "type": "Feature", "properties": { "decimalLatitude": -31.9279, "decimalLongitude": 115.8063, "month": 5, "species_sci": "Hirundo neoxena", "species_com": "Welcome Swallow" }, "geometry": { "type": "Point", "coordinates": [ 115.8063, -31.9279 ] } },
{ "type": "Feature", "properties": { "decimalLatitude": -27.9895, "decimalLongitude": 145.6094, "month": 5, "species_sci": "Hirundo neoxena", "species_com": "Welcome Swallow" }, "geometry": { "type": "Point", "coordinates": [ 145.6094, -27.9895 ] } },
{ "type": "Feature", "properties": { "decimalLatitude": -33.61, "decimalLongitude": 149.0119, "month": 5, "species_sci": "Hirundo neoxena", "species_com": "Welcome Swallow" }, "geometry": { "type": "Point", "coordinates": [ 149.0119, -33.61 ] } },
{ "type": "Feature", "properties": { "decimalLatitude": -34.1233, "decimalLongitude": 148.5667, "month": 5, "species_sci": "Hirundo neoxena", "species_com": "Welcome Swallow" }, "geometry": { "type": "Point", "coordinates": [ 148.5667, -34.1233 ] } },
{ "type": "Feature", "properties": { "decimalLatitude": -38.2763, "decimalLongitude": 144.3843, "month": 5, "species_sci": "Hirundo neoxena", "species_com": "Welcome Swallow" }, "geometry": { "type": "Point", "coordinates": [ 144.3843, -38.2763 ] } },
{ "type": "Feature", "properties": { "decimalLatitude": -40.996, "decimalLongitude": 173.009, "month": 5, "species_sci": "Hirundo neoxena", "species_com": "Welcome Swallow" }, "geometry": { "type": "Point", "coordinates": [ 173.009, -40.996 ] } },
{ "type": "Feature", "properties": { "decimalLatitude": -27.4528, "decimalLongitude": 153.0204, "month": 5, "species_sci": "Hirundo neoxena", "species_com": "Welcome Swallow" }, "geometry": { "type": "Point", "coordinates": [ 153.0204, -27.4528 ] } },
{ "type": "Feature", "properties": { "decimalLatitude": -38.2019, "decimalLongitude": 144.4242, "month": 5, "species_sci": "Hirundo neoxena", "species_com": "Welcome Swallow" }, "geometry": { "type": "Point", "coordinates": [ 144.4242, -38.2019 ] } },
{ "type": "Feature", "properties": { "decimalLatitude": -33.9483, "decimalLongitude": 151.1321, "month": 5, "species_sci": "Hirundo neoxena", "species_com": "Welcome Swallow" }, "geometry": { "type": "Point", "coordinates": [ 151.1321, -33.9483 ] } },
{ "type": "Feature", "properties": { "decimalLatitude": -38.1531, "decimalLongitude": 144.3805, "month": 5, "species_sci": "Hirundo neoxena", "species_com": "Welcome Swallow" }, "geometry": { "type": "Point", "coordinates": [ 144.3805, -38.1531 ] } },
{ "type": "Feature", "properties": { "decimalLatitude": -16.7401, "decimalLongitude": 145.6731, "month": 5, "species_sci": "Hirundo neoxena", "species_com": "Welcome Swallow" }, "geometry": { "type": "Point", "coordinates": [ 145.6731, -16.7401 ] } },
{ "type": "Feature", "properties": { "decimalLatitude": -34.941, "decimalLongitude": 138.6047, "month": 5, "species_sci": "Hirundo neoxena", "species_com": "Welcome Swallow" }, "geometry": { "type": "Point", "coordinates": [ 138.6047, -34.941 ] } },
{ "type": "Feature", "properties": { "decimalLatitude": -34.9363, "decimalLongitude": 138.62, "month": 5, "species_sci": "Hirundo neoxena", "species_com": "Welcome Swallow" }, "geometry": { "type": "Point", "coordinates": [ 138.62, -34.9363 ] } },
{ "type": "Feature", "properties": { "decimalLatitude": -37.8417, "decimalLongitude": 145.1439, "month": 5, "species_sci": "Hirundo neoxena", "species_com": "Welcome Swallow" }, "geometry": { "type": "Point", "coordinates": [ 145.1439, -37.8417 ] } },
{ "type": "Feature", "properties": { "decimalLatitude": -35.3166, "decimalLongitude": 149.1633, "month": 5, "species_sci": "Hirundo neoxena", "species_com": "Welcome Swallow" }, "geometry": { "type": "Point", "coordinates": [ 149.1633, -35.3166 ] } },
{ "type": "Feature", "properties": { "decimalLatitude": -31.0605, "decimalLongitude": 150.8423, "month": 5, "species_sci": "Hirundo neoxena", "species_com": "Welcome Swallow" }, "geometry": { "type": "Point", "coordinates": [ 150.8423, -31.0605 ] } },
{ "type": "Feature", "properties": { "decimalLatitude": -31.9287, "decimalLongitude": 115.8046, "month": 5, "species_sci": "Hirundo neoxena", "species_com": "Welcome Swallow" }, "geometry": { "type": "Point", "coordinates": [ 115.8046, -31.9287 ] } },
{ "type": "Feature", "properties": { "decimalLatitude": -28.8113, "decimalLongitude": 153.2747, "month": 5, "species_sci": "Hirundo neoxena", "species_com": "Welcome Swallow" }, "geometry": { "type": "Point", "coordinates": [ 153.2747, -28.8113 ] } },
{ "type": "Feature", "properties": { "decimalLatitude": -31.5565, "decimalLongitude": 147.1877, "month": 5, "species_sci": "Hirundo neoxena", "species_com": "Welcome Swallow" }, "geometry": { "type": "Point", "coordinates": [ 147.1877, -31.5565 ] } },
{ "type": "Feature", "properties": { "decimalLatitude": -35.5086, "decimalLongitude": 139.1748, "month": 5, "species_sci": "Hirundo neoxena", "species_com": "Welcome Swallow" }, "geometry": { "type": "Point", "coordinates": [ 139.1748, -35.5086 ] } },
{ "type": "Feature", "properties": { "decimalLatitude": -32.6985, "decimalLongitude": 151.6484, "month": 5, "species_sci": "Hirundo neoxena", "species_com": "Welcome Swallow" }, "geometry": { "type": "Point", "coordinates": [ 151.6484, -32.6985 ] } },
{ "type": "Feature", "properties": { "decimalLatitude": -29.4288, "decimalLongitude": 147.9944, "month": 5, "species_sci": "Hirundo neoxena", "species_com": "Welcome Swallow" }, "geometry": { "type": "Point", "coordinates": [ 147.9944, -29.4288 ] } },
{ "type": "Feature", "properties": { "decimalLatitude": -27.3018, "decimalLongitude": 153.0235, "month": 5, "species_sci": "Hirundo neoxena", "species_com": "Welcome Swallow" }, "geometry": { "type": "Point", "coordinates": [ 153.0235, -27.3018 ] } },
{ "type": "Feature", "properties": { "decimalLatitude": -32.0404, "decimalLongitude": 150.8798, "month": 5, "species_sci": "Hirundo neoxena", "species_com": "Welcome Swallow" }, "geometry": { "type": "Point", "coordinates": [ 150.8798, -32.0404 ] } },
{ "type": "Feature", "properties": { "decimalLatitude": -34.937, "decimalLongitude": 138.6217, "month": 5, "species_sci": "Hirundo neoxena", "species_com": "Welcome Swallow" }, "geometry": { "type": "Point", "coordinates": [ 138.6217, -34.937 ] } },
{ "type": "Feature", "properties": { "decimalLatitude": -37.6133, "decimalLongitude": 143.1518, "month": 5, "species_sci": "Hirundo neoxena", "species_com": "Welcome Swallow" }, "geometry": { "type": "Point", "coordinates": [ 143.1518, -37.6133 ] } },
{ "type": "Feature", "properties": { "decimalLatitude": -36.2213, "decimalLongitude": 146.4463, "month": 5, "species_sci": "Hirundo neoxena", "species_com": "Welcome Swallow" }, "geometry": { "type": "Point", "coordinates": [ 146.4463, -36.2213 ] } },
{ "type": "Feature", "properties": { "decimalLatitude": -24.5241, "decimalLongitude": 151.3992, "month": 5, "species_sci": "Hirundo neoxena", "species_com": "Welcome Swallow" }, "geometry": { "type": "Point", "coordinates": [ 151.3992, -24.5241 ] } },
{ "type": "Feature", "properties": { "decimalLatitude": -33.9337, "decimalLongitude": 151.2619, "month": 5, "species_sci": "Hirundo neoxena", "species_com": "Welcome Swallow" }, "geometry": { "type": "Point", "coordinates": [ 151.2619, -33.9337 ] } },
{ "type": "Feature", "properties": { "decimalLatitude": -26.5628, "decimalLongitude": 152.916, "month": 5, "species_sci": "Hirundo neoxena", "species_com": "Welcome Swallow" }, "geometry": { "type": "Point", "coordinates": [ 152.916, -26.5628 ] } },
{ "type": "Feature", "properties": { "decimalLatitude": -32.5248, "decimalLongitude": 115.7191, "month": 5, "species_sci": "Hirundo neoxena", "species_com": "Welcome Swallow" }, "geometry": { "type": "Point", "coordinates": [ 115.7191, -32.5248 ] } },
{ "type": "Feature", "properties": { "decimalLatitude": -31.5809, "decimalLongitude": 147.1734, "month": 5, "species_sci": "Hirundo neoxena", "species_com": "Welcome Swallow" }, "geometry": { "type": "Point", "coordinates": [ 147.1734, -31.5809 ] } },
{ "type": "Feature", "properties": { "decimalLatitude": -27.4904, "decimalLongitude": 153.0032, "month": 5, "species_sci": "Hirundo neoxena", "species_com": "Welcome Swallow" }, "geometry": { "type": "Point", "coordinates": [ 153.0032, -27.4904 ] } },
{ "type": "Feature", "properties": { "decimalLatitude": -38.1352, "decimalLongitude": 145.8403, "month": 5, "species_sci": "Hirundo neoxena", "species_com": "Welcome Swallow" }, "geometry": { "type": "Point", "coordinates": [ 145.8403, -38.1352 ] } },
{ "type": "Feature", "properties": { "decimalLatitude": -35.5361, "decimalLongitude": 138.6292, "month": 5, "species_sci": "Hirundo neoxena", "species_com": "Welcome Swallow" }, "geometry": { "type": "Point", "coordinates": [ 138.6292, -35.5361 ] } },
{ "type": "Feature", "properties": { "decimalLatitude": -33.3527, "decimalLongitude": 151.4861, "month": 5, "species_sci": "Hirundo neoxena", "species_com": "Welcome Swallow" }, "geometry": { "type": "Point", "coordinates": [ 151.4861, -33.3527 ] } },
{ "type": "Feature", "properties": { "decimalLatitude": -34.4245, "decimalLongitude": 150.5116, "month": 5, "species_sci": "Hirundo neoxena", "species_com": "Welcome Swallow" }, "geometry": { "type": "Point", "coordinates": [ 150.5116, -34.4245 ] } },
{ "type": "Feature", "properties": { "decimalLatitude": -34.835, "decimalLongitude": 138.5198, "month": 5, "species_sci": "Hirundo neoxena", "species_com": "Welcome Swallow" }, "geometry": { "type": "Point", "coordinates": [ 138.5198, -34.835 ] } },
{ "type": "Feature", "properties": { "decimalLatitude": -34.9369, "decimalLongitude": 138.6215, "month": 5, "species_sci": "Hirundo neoxena", "species_com": "Welcome Swallow" }, "geometry": { "type": "Point", "coordinates": [ 138.6215, -34.9369 ] } },
{ "type": "Feature", "properties": { "decimalLatitude": -33.9459, "decimalLongitude": 151.1568, "month": 5, "species_sci": "Hirundo neoxena", "species_com": "Welcome Swallow" }, "geometry": { "type": "Point", "coordinates": [ 151.1568, -33.9459 ] } },
{ "type": "Feature", "properties": { "decimalLatitude": -30.2836, "decimalLongitude": 153.1305, "month": 5, "species_sci": "Hirundo neoxena", "species_com": "Welcome Swallow" }, "geometry": { "type": "Point", "coordinates": [ 153.1305, -30.2836 ] } },
{ "type": "Feature", "properties": { "decimalLatitude": -33.8542, "decimalLongitude": 151.0814, "month": 5, "species_sci": "Hirundo neoxena", "species_com": "Welcome Swallow" }, "geometry": { "type": "Point", "coordinates": [ 151.0814, -33.8542 ] } },
{ "type": "Feature", "properties": { "decimalLatitude": -36.9049, "decimalLongitude": 174.7834, "month": 5, "species_sci": "Hirundo neoxena", "species_com": "Welcome Swallow" }, "geometry": { "type": "Point", "coordinates": [ 174.7834, -36.9049 ] } },
{ "type": "Feature", "properties": { "decimalLatitude": -26.624, "decimalLongitude": 152.8663, "month": 5, "species_sci": "Hirundo neoxena", "species_com": "Welcome Swallow" }, "geometry": { "type": "Point", "coordinates": [ 152.8663, -26.624 ] } },
{ "type": "Feature", "properties": { "decimalLatitude": -33.8251, "decimalLongitude": 151.0528, "month": 5, "species_sci": "Hirundo neoxena", "species_com": "Welcome Swallow" }, "geometry": { "type": "Point", "coordinates": [ 151.0528, -33.8251 ] } },
{ "type": "Feature", "properties": { "decimalLatitude": -33.8299, "decimalLongitude": 151.2122, "month": 5, "species_sci": "Hirundo neoxena", "species_com": "Welcome Swallow" }, "geometry": { "type": "Point", "coordinates": [ 151.2122, -33.8299 ] } },
{ "type": "Feature", "properties": { "decimalLatitude": -25.8273, "decimalLongitude": 153.0548, "month": 5, "species_sci": "Hirundo neoxena", "species_com": "Welcome Swallow" }, "geometry": { "type": "Point", "coordinates": [ 153.0548, -25.8273 ] } },
{ "type": "Feature", "properties": { "decimalLatitude": -27.4987, "decimalLongitude": 153.0159, "month": 5, "species_sci": "Hirundo neoxena", "species_com": "Welcome Swallow" }, "geometry": { "type": "Point", "coordinates": [ 153.0159, -27.4987 ] } },
{ "type": "Feature", "properties": { "decimalLatitude": -36.8616, "decimalLongitude": 174.7732, "month": 5, "species_sci": "Hirundo neoxena", "species_com": "Welcome Swallow" }, "geometry": { "type": "Point", "coordinates": [ 174.7732, -36.8616 ] } },
{ "type": "Feature", "properties": { "decimalLatitude": -33.9459, "decimalLongitude": 151.257, "month": 5, "species_sci": "Hirundo neoxena", "species_com": "Welcome Swallow" }, "geometry": { "type": "Point", "coordinates": [ 151.257, -33.9459 ] } },
{ "type": "Feature", "properties": { "decimalLatitude": -20.2716, "decimalLongitude": 148.7242, "month": 5, "species_sci": "Hirundo neoxena", "species_com": "Welcome Swallow" }, "geometry": { "type": "Point", "coordinates": [ 148.7242, -20.2716 ] } },
{ "type": "Feature", "properties": { "decimalLatitude": -30.1383, "decimalLongitude": 153.0072, "month": 5, "species_sci": "Hirundo neoxena", "species_com": "Welcome Swallow" }, "geometry": { "type": "Point", "coordinates": [ 153.0072, -30.1383 ] } },
{ "type": "Feature", "properties": { "decimalLatitude": -31.997, "decimalLongitude": 115.5341, "month": 5, "species_sci": "Hirundo neoxena", "species_com": "Welcome Swallow" }, "geometry": { "type": "Point", "coordinates": [ 115.5341, -31.997 ] } },
{ "type": "Feature", "properties": { "decimalLatitude": -34.8261, "decimalLongitude": 150.6544, "month": 5, "species_sci": "Hirundo neoxena", "species_com": "Welcome Swallow" }, "geometry": { "type": "Point", "coordinates": [ 150.6544, -34.8261 ] } },
{ "type": "Feature", "properties": { "decimalLatitude": -26.8384, "decimalLongitude": 152.9606, "month": 5, "species_sci": "Hirundo neoxena", "species_com": "Welcome Swallow" }, "geometry": { "type": "Point", "coordinates": [ 152.9606, -26.8384 ] } },
{ "type": "Feature", "properties": { "decimalLatitude": -26.7749, "decimalLongitude": 152.882, "month": 5, "species_sci": "Hirundo neoxena", "species_com": "Welcome Swallow" }, "geometry": { "type": "Point", "coordinates": [ 152.882, -26.7749 ] } },
{ "type": "Feature", "properties": { "decimalLatitude": -37.9053, "decimalLongitude": 144.6616, "month": 5, "species_sci": "Hirundo neoxena", "species_com": "Welcome Swallow" }, "geometry": { "type": "Point", "coordinates": [ 144.6616, -37.9053 ] } },
{ "type": "Feature", "properties": { "decimalLatitude": -37.8077, "decimalLongitude": 145.0289, "month": 5, "species_sci": "Hirundo neoxena", "species_com": "Welcome Swallow" }, "geometry": { "type": "Point", "coordinates": [ 145.0289, -37.8077 ] } },
{ "type": "Feature", "properties": { "decimalLatitude": -37.8318, "decimalLongitude": 144.9107, "month": 5, "species_sci": "Hirundo neoxena", "species_com": "Welcome Swallow" }, "geometry": { "type": "Point", "coordinates": [ 144.9107, -37.8318 ] } },
{ "type": "Feature", "properties": { "decimalLatitude": -28.8701, "decimalLongitude": 153.5826, "month": 6, "species_sci": "Hirundo neoxena", "species_com": "Welcome Swallow" }, "geometry": { "type": "Point", "coordinates": [ 153.5826, -28.8701 ] } },
{ "type": "Feature", "properties": { "decimalLatitude": -36.3754, "decimalLongitude": 145.3556, "month": 6, "species_sci": "Hirundo neoxena", "species_com": "Welcome Swallow" }, "geometry": { "type": "Point", "coordinates": [ 145.3556, -36.3754 ] } },
{ "type": "Feature", "properties": { "decimalLatitude": -22.3834, "decimalLongitude": 143.0331, "month": 6, "species_sci": "Hirundo neoxena", "species_com": "Welcome Swallow" }, "geometry": { "type": "Point", "coordinates": [ 143.0331, -22.3834 ] } },
{ "type": "Feature", "properties": { "decimalLatitude": -34.1392, "decimalLongitude": 151.1145, "month": 6, "species_sci": "Hirundo neoxena", "species_com": "Welcome Swallow" }, "geometry": { "type": "Point", "coordinates": [ 151.1145, -34.1392 ] } },
{ "type": "Feature", "properties": { "decimalLatitude": -45.8482, "decimalLongitude": 170.499, "month": 6, "species_sci": "Hirundo neoxena", "species_com": "Welcome Swallow" }, "geometry": { "type": "Point", "coordinates": [ 170.499, -45.8482 ] } },
{ "type": "Feature", "properties": { "decimalLatitude": -37.586, "decimalLongitude": 145.1136, "month": 6, "species_sci": "Hirundo neoxena", "species_com": "Welcome Swallow" }, "geometry": { "type": "Point", "coordinates": [ 145.1136, -37.586 ] } },
{ "type": "Feature", "properties": { "decimalLatitude": -28.6658, "decimalLongitude": 114.6178, "month": 6, "species_sci": "Hirundo neoxena", "species_com": "Welcome Swallow" }, "geometry": { "type": "Point", "coordinates": [ 114.6178, -28.6658 ] } },
{ "type": "Feature", "properties": { "decimalLatitude": -38.0133, "decimalLongitude": 144.5743, "month": 6, "species_sci": "Hirundo neoxena", "species_com": "Welcome Swallow" }, "geometry": { "type": "Point", "coordinates": [ 144.5743, -38.0133 ] } },
{ "type": "Feature", "properties": { "decimalLatitude": -30.3636, "decimalLongitude": 152.7291, "month": 6, "species_sci": "Hirundo neoxena", "species_com": "Welcome Swallow" }, "geometry": { "type": "Point", "coordinates": [ 152.7291, -30.3636 ] } },
{ "type": "Feature", "properties": { "decimalLatitude": -37.9995, "decimalLongitude": 144.5682, "month": 6, "species_sci": "Hirundo neoxena", "species_com": "Welcome Swallow" }, "geometry": { "type": "Point", "coordinates": [ 144.5682, -37.9995 ] } },
{ "type": "Feature", "properties": { "decimalLatitude": -27.4717, "decimalLongitude": 153.0528, "month": 6, "species_sci": "Hirundo neoxena", "species_com": "Welcome Swallow" }, "geometry": { "type": "Point", "coordinates": [ 153.0528, -27.4717 ] } },
{ "type": "Feature", "properties": { "decimalLatitude": -16.9297, "decimalLongitude": 145.7445, "month": 6, "species_sci": "Hirundo neoxena", "species_com": "Welcome Swallow" }, "geometry": { "type": "Point", "coordinates": [ 145.7445, -16.9297 ] } },
{ "type": "Feature", "properties": { "decimalLatitude": -31.6395, "decimalLongitude": 152.8276, "month": 6, "species_sci": "Hirundo neoxena", "species_com": "Welcome Swallow" }, "geometry": { "type": "Point", "coordinates": [ 152.8276, -31.6395 ] } },
{ "type": "Feature", "properties": { "decimalLatitude": -33.9021, "decimalLongitude": 151.2378, "month": 6, "species_sci": "Hirundo neoxena", "species_com": "Welcome Swallow" }, "geometry": { "type": "Point", "coordinates": [ 151.2378, -33.9021 ] } },
{ "type": "Feature", "properties": { "decimalLatitude": -33.7395, "decimalLongitude": 150.6553, "month": 6, "species_sci": "Hirundo neoxena", "species_com": "Welcome Swallow" }, "geometry": { "type": "Point", "coordinates": [ 150.6553, -33.7395 ] } },
{ "type": "Feature", "properties": { "decimalLatitude": -34.4255, "decimalLongitude": 150.8835, "month": 6, "species_sci": "Hirundo neoxena", "species_com": "Welcome Swallow" }, "geometry": { "type": "Point", "coordinates": [ 150.8835, -34.4255 ] } },
{ "type": "Feature", "properties": { "decimalLatitude": -28.3488, "decimalLongitude": 153.4002, "month": 6, "species_sci": "Hirundo neoxena", "species_com": "Welcome Swallow" }, "geometry": { "type": "Point", "coordinates": [ 153.4002, -28.3488 ] } },
{ "type": "Feature", "properties": { "decimalLatitude": -27.2849, "decimalLongitude": 152.9174, "month": 6, "species_sci": "Hirundo neoxena", "species_com": "Welcome Swallow" }, "geometry": { "type": "Point", "coordinates": [ 152.9174, -27.2849 ] } },
{ "type": "Feature", "properties": { "decimalLatitude": -27.2846, "decimalLongitude": 152.9179, "month": 6, "species_sci": "Hirundo neoxena", "species_com": "Welcome Swallow" }, "geometry": { "type": "Point", "coordinates": [ 152.9179, -27.2846 ] } },
{ "type": "Feature", "properties": { "decimalLatitude": -38.4948, "decimalLongitude": 144.8885, "month": 6, "species_sci": "Hirundo neoxena", "species_com": "Welcome Swallow" }, "geometry": { "type": "Point", "coordinates": [ 144.8885, -38.4948 ] } },
{ "type": "Feature", "properties": { "decimalLatitude": -16.9135, "decimalLongitude": 145.7719, "month": 6, "species_sci": "Hirundo neoxena", "species_com": "Welcome Swallow" }, "geometry": { "type": "Point", "coordinates": [ 145.7719, -16.9135 ] } },
{ "type": "Feature", "properties": { "decimalLatitude": -34.1567, "decimalLongitude": 135.5356, "month": 6, "species_sci": "Hirundo neoxena", "species_com": "Welcome Swallow" }, "geometry": { "type": "Point", "coordinates": [ 135.5356, -34.1567 ] } },
{ "type": "Feature", "properties": { "decimalLatitude": -30.0742, "decimalLongitude": 153.2005, "month": 6, "species_sci": "Hirundo neoxena", "species_com": "Welcome Swallow" }, "geometry": { "type": "Point", "coordinates": [ 153.2005, -30.0742 ] } },
{ "type": "Feature", "properties": { "decimalLatitude": -20.4772, "decimalLongitude": 148.7373, "month": 6, "species_sci": "Hirundo neoxena", "species_com": "Welcome Swallow" }, "geometry": { "type": "Point", "coordinates": [ 148.7373, -20.4772 ] } },
{ "type": "Feature", "properties": { "decimalLatitude": -35.3155, "decimalLongitude": 149.1601, "month": 6, "species_sci": "Hirundo neoxena", "species_com": "Welcome Swallow" }, "geometry": { "type": "Point", "coordinates": [ 149.1601, -35.3155 ] } },
{ "type": "Feature", "properties": { "decimalLatitude": -27.3363, "decimalLongitude": 153.0647, "month": 6, "species_sci": "Hirundo neoxena", "species_com": "Welcome Swallow" }, "geometry": { "type": "Point", "coordinates": [ 153.0647, -27.3363 ] } },
{ "type": "Feature", "properties": { "decimalLatitude": -36.1451, "decimalLongitude": 139.6954, "month": 6, "species_sci": "Hirundo neoxena", "species_com": "Welcome Swallow" }, "geometry": { "type": "Point", "coordinates": [ 139.6954, -36.1451 ] } },
{ "type": "Feature", "properties": { "decimalLatitude": -41.6749, "decimalLongitude": 146.9102, "month": 6, "species_sci": "Hirundo neoxena", "species_com": "Welcome Swallow" }, "geometry": { "type": "Point", "coordinates": [ 146.9102, -41.6749 ] } },
{ "type": "Feature", "properties": { "decimalLatitude": -34.8118, "decimalLongitude": 147.8486, "month": 6, "species_sci": "Hirundo neoxena", "species_com": "Welcome Swallow" }, "geometry": { "type": "Point", "coordinates": [ 147.8486, -34.8118 ] } },
{ "type": "Feature", "properties": { "decimalLatitude": -33.8694, "decimalLongitude": 151.1617, "month": 6, "species_sci": "Hirundo neoxena", "species_com": "Welcome Swallow" }, "geometry": { "type": "Point", "coordinates": [ 151.1617, -33.8694 ] } },
{ "type": "Feature", "properties": { "decimalLatitude": -27.4213, "decimalLongitude": 153.1676, "month": 6, "species_sci": "Hirundo neoxena", "species_com": "Welcome Swallow" }, "geometry": { "type": "Point", "coordinates": [ 153.1676, -27.4213 ] } },
{ "type": "Feature", "properties": { "decimalLatitude": -37.8877, "decimalLongitude": 144.995, "month": 6, "species_sci": "Hirundo neoxena", "species_com": "Welcome Swallow" }, "geometry": { "type": "Point", "coordinates": [ 144.995, -37.8877 ] } },
{ "type": "Feature", "properties": { "decimalLatitude": -27.5211, "decimalLongitude": 152.3571, "month": 6, "species_sci": "Hirundo neoxena", "species_com": "Welcome Swallow" }, "geometry": { "type": "Point", "coordinates": [ 152.3571, -27.5211 ] } },
{ "type": "Feature", "properties": { "decimalLatitude": -33.7408, "decimalLongitude": 151.3145, "month": 6, "species_sci": "Hirundo neoxena", "species_com": "Welcome Swallow" }, "geometry": { "type": "Point", "coordinates": [ 151.3145, -33.7408 ] } },
{ "type": "Feature", "properties": { "decimalLatitude": -34.5344, "decimalLongitude": 150.7921, "month": 6, "species_sci": "Hirundo neoxena", "species_com": "Welcome Swallow" }, "geometry": { "type": "Point", "coordinates": [ 150.7921, -34.5344 ] } },
{ "type": "Feature", "properties": { "decimalLatitude": -32.7035, "decimalLongitude": 151.9802, "month": 6, "species_sci": "Hirundo neoxena", "species_com": "Welcome Swallow" }, "geometry": { "type": "Point", "coordinates": [ 151.9802, -32.7035 ] } },
{ "type": "Feature", "properties": { "decimalLatitude": -45.8885, "decimalLongitude": 170.3871, "month": 6, "species_sci": "Hirundo neoxena", "species_com": "Welcome Swallow" }, "geometry": { "type": "Point", "coordinates": [ 170.3871, -45.8885 ] } },
{ "type": "Feature", "properties": { "decimalLatitude": -34.4771, "decimalLongitude": 150.7687, "month": 6, "species_sci": "Hirundo neoxena", "species_com": "Welcome Swallow" }, "geometry": { "type": "Point", "coordinates": [ 150.7687, -34.4771 ] } },
{ "type": "Feature", "properties": { "decimalLatitude": -35.6296, "decimalLongitude": 150.323, "month": 6, "species_sci": "Hirundo neoxena", "species_com": "Welcome Swallow" }, "geometry": { "type": "Point", "coordinates": [ 150.323, -35.6296 ] } },
{ "type": "Feature", "properties": { "decimalLatitude": -38.2429, "decimalLongitude": 144.4206, "month": 6, "species_sci": "Hirundo neoxena", "species_com": "Welcome Swallow" }, "geometry": { "type": "Point", "coordinates": [ 144.4206, -38.2429 ] } },
{ "type": "Feature", "properties": { "decimalLatitude": -35.5299, "decimalLongitude": 144.9657, "month": 6, "species_sci": "Hirundo neoxena", "species_com": "Welcome Swallow" }, "geometry": { "type": "Point", "coordinates": [ 144.9657, -35.5299 ] } },
{ "type": "Feature", "properties": { "decimalLatitude": -35.8073, "decimalLongitude": 145.5677, "month": 6, "species_sci": "Hirundo neoxena", "species_com": "Welcome Swallow" }, "geometry": { "type": "Point", "coordinates": [ 145.5677, -35.8073 ] } },
{ "type": "Feature", "properties": { "decimalLatitude": -27.5385, "decimalLongitude": 153.1105, "month": 6, "species_sci": "Hirundo neoxena", "species_com": "Welcome Swallow" }, "geometry": { "type": "Point", "coordinates": [ 153.1105, -27.5385 ] } },
{ "type": "Feature", "properties": { "decimalLatitude": -27.6651, "decimalLongitude": 152.0608, "month": 6, "species_sci": "Hirundo neoxena", "species_com": "Welcome Swallow" }, "geometry": { "type": "Point", "coordinates": [ 152.0608, -27.6651 ] } },
{ "type": "Feature", "properties": { "decimalLatitude": -38.2688, "decimalLongitude": 145.0473, "month": 6, "species_sci": "Hirundo neoxena", "species_com": "Welcome Swallow" }, "geometry": { "type": "Point", "coordinates": [ 145.0473, -38.2688 ] } },
{ "type": "Feature", "properties": { "decimalLatitude": -34.3372, "decimalLongitude": 142.9493, "month": 6, "species_sci": "Hirundo neoxena", "species_com": "Welcome Swallow" }, "geometry": { "type": "Point", "coordinates": [ 142.9493, -34.3372 ] } },
{ "type": "Feature", "properties": { "decimalLatitude": -16.9121, "decimalLongitude": 145.7791, "month": 6, "species_sci": "Hirundo neoxena", "species_com": "Welcome Swallow" }, "geometry": { "type": "Point", "coordinates": [ 145.7791, -16.9121 ] } },
{ "type": "Feature", "properties": { "decimalLatitude": -33.8273, "decimalLongitude": 151.2186, "month": 6, "species_sci": "Hirundo neoxena", "species_com": "Welcome Swallow" }, "geometry": { "type": "Point", "coordinates": [ 151.2186, -33.8273 ] } },
{ "type": "Feature", "properties": { "decimalLatitude": -33.8695, "decimalLongitude": 151.1604, "month": 6, "species_sci": "Hirundo neoxena", "species_com": "Welcome Swallow" }, "geometry": { "type": "Point", "coordinates": [ 151.1604, -33.8695 ] } },
{ "type": "Feature", "properties": { "decimalLatitude": -35.2894, "decimalLongitude": 138.4629, "month": 6, "species_sci": "Hirundo neoxena", "species_com": "Welcome Swallow" }, "geometry": { "type": "Point", "coordinates": [ 138.4629, -35.2894 ] } },
{ "type": "Feature", "properties": { "decimalLatitude": -37.6864, "decimalLongitude": 145.138, "month": 6, "species_sci": "Hirundo neoxena", "species_com": "Welcome Swallow" }, "geometry": { "type": "Point", "coordinates": [ 145.138, -37.6864 ] } },
{ "type": "Feature", "properties": { "decimalLatitude": -21.9084, "decimalLongitude": 149.4109, "month": 6, "species_sci": "Hirundo neoxena", "species_com": "Welcome Swallow" }, "geometry": { "type": "Point", "coordinates": [ 149.4109, -21.9084 ] } },
{ "type": "Feature", "properties": { "decimalLatitude": -27.7277, "decimalLongitude": 114.1826, "month": 6, "species_sci": "Hirundo neoxena", "species_com": "Welcome Swallow" }, "geometry": { "type": "Point", "coordinates": [ 114.1826, -27.7277 ] } },
{ "type": "Feature", "properties": { "decimalLatitude": -33.8638, "decimalLongitude": 151.2171, "month": 6, "species_sci": "Hirundo neoxena", "species_com": "Welcome Swallow" }, "geometry": { "type": "Point", "coordinates": [ 151.2171, -33.8638 ] } },
{ "type": "Feature", "properties": { "decimalLatitude": -36.8645, "decimalLongitude": 174.7241, "month": 6, "species_sci": "Hirundo neoxena", "species_com": "Welcome Swallow" }, "geometry": { "type": "Point", "coordinates": [ 174.7241, -36.8645 ] } },
{ "type": "Feature", "properties": { "decimalLatitude": -36.8127, "decimalLongitude": 143.5539, "month": 6, "species_sci": "Hirundo neoxena", "species_com": "Welcome Swallow" }, "geometry": { "type": "Point", "coordinates": [ 143.5539, -36.8127 ] } },
{ "type": "Feature", "properties": { "decimalLatitude": -35.0729, "decimalLongitude": 142.3183, "month": 6, "species_sci": "Hirundo neoxena", "species_com": "Welcome Swallow" }, "geometry": { "type": "Point", "coordinates": [ 142.3183, -35.0729 ] } },
{ "type": "Feature", "properties": { "decimalLatitude": -36.0291, "decimalLongitude": 140.291, "month": 6, "species_sci": "Hirundo neoxena", "species_com": "Welcome Swallow" }, "geometry": { "type": "Point", "coordinates": [ 140.291, -36.0291 ] } },
{ "type": "Feature", "properties": { "decimalLatitude": -37.8303, "decimalLongitude": 144.9098, "month": 6, "species_sci": "Hirundo neoxena", "species_com": "Welcome Swallow" }, "geometry": { "type": "Point", "coordinates": [ 144.9098, -37.8303 ] } },
{ "type": "Feature", "properties": { "decimalLatitude": -31.9772, "decimalLongitude": 115.9342, "month": 6, "species_sci": "Hirundo neoxena", "species_com": "Welcome Swallow" }, "geometry": { "type": "Point", "coordinates": [ 115.9342, -31.9772 ] } },
{ "type": "Feature", "properties": { "decimalLatitude": -16.7646, "decimalLongitude": 145.6693, "month": 6, "species_sci": "Hirundo neoxena", "species_com": "Welcome Swallow" }, "geometry": { "type": "Point", "coordinates": [ 145.6693, -16.7646 ] } },
{ "type": "Feature", "properties": { "decimalLatitude": -33.8812, "decimalLongitude": 151.194, "month": 6, "species_sci": "Hirundo neoxena", "species_com": "Welcome Swallow" }, "geometry": { "type": "Point", "coordinates": [ 151.194, -33.8812 ] } },
{ "type": "Feature", "properties": { "decimalLatitude": -33.6343, "decimalLongitude": 150.8113, "month": 6, "species_sci": "Hirundo neoxena", "species_com": "Welcome Swallow" }, "geometry": { "type": "Point", "coordinates": [ 150.8113, -33.6343 ] } },
{ "type": "Feature", "properties": { "decimalLatitude": -33.8026, "decimalLongitude": 151.3009, "month": 6, "species_sci": "Hirundo neoxena", "species_com": "Welcome Swallow" }, "geometry": { "type": "Point", "coordinates": [ 151.3009, -33.8026 ] } },
{ "type": "Feature", "properties": { "decimalLatitude": -37.7388, "decimalLongitude": 145.0007, "month": 6, "species_sci": "Hirundo neoxena", "species_com": "Welcome Swallow" }, "geometry": { "type": "Point", "coordinates": [ 145.0007, -37.7388 ] } },
{ "type": "Feature", "properties": { "decimalLatitude": -16.2604, "decimalLongitude": 145.3979, "month": 6, "species_sci": "Hirundo neoxena", "species_com": "Welcome Swallow" }, "geometry": { "type": "Point", "coordinates": [ 145.3979, -16.2604 ] } },
{ "type": "Feature", "properties": { "decimalLatitude": -28.5429, "decimalLongitude": 153.5112, "month": 6, "species_sci": "Hirundo neoxena", "species_com": "Welcome Swallow" }, "geometry": { "type": "Point", "coordinates": [ 153.5112, -28.5429 ] } },
{ "type": "Feature", "properties": { "decimalLatitude": -37.9709, "decimalLongitude": 145.3001, "month": 6, "species_sci": "Hirundo neoxena", "species_com": "Welcome Swallow" }, "geometry": { "type": "Point", "coordinates": [ 145.3001, -37.9709 ] } },
{ "type": "Feature", "properties": { "decimalLatitude": -37.7861, "decimalLongitude": 144.8243, "month": 6, "species_sci": "Hirundo neoxena", "species_com": "Welcome Swallow" }, "geometry": { "type": "Point", "coordinates": [ 144.8243, -37.7861 ] } },
{ "type": "Feature", "properties": { "decimalLatitude": -28.0609, "decimalLongitude": 153.4346, "month": 6, "species_sci": "Hirundo neoxena", "species_com": "Welcome Swallow" }, "geometry": { "type": "Point", "coordinates": [ 153.4346, -28.0609 ] } },
{ "type": "Feature", "properties": { "decimalLatitude": -34.408, "decimalLongitude": 142.9588, "month": 6, "species_sci": "Hirundo neoxena", "species_com": "Welcome Swallow" }, "geometry": { "type": "Point", "coordinates": [ 142.9588, -34.408 ] } },
{ "type": "Feature", "properties": { "decimalLatitude": -34.4775, "decimalLongitude": 150.7959, "month": 6, "species_sci": "Hirundo neoxena", "species_com": "Welcome Swallow" }, "geometry": { "type": "Point", "coordinates": [ 150.7959, -34.4775 ] } },
{ "type": "Feature", "properties": { "decimalLatitude": -38.0958, "decimalLongitude": 145.1386, "month": 6, "species_sci": "Hirundo neoxena", "species_com": "Welcome Swallow" }, "geometry": { "type": "Point", "coordinates": [ 145.1386, -38.0958 ] } },
{ "type": "Feature", "properties": { "decimalLatitude": -37.9209, "decimalLongitude": 144.6643, "month": 6, "species_sci": "Hirundo neoxena", "species_com": "Welcome Swallow" }, "geometry": { "type": "Point", "coordinates": [ 144.6643, -37.9209 ] } },
{ "type": "Feature", "properties": { "decimalLatitude": -25.2834, "decimalLongitude": 152.8702, "month": 6, "species_sci": "Hirundo neoxena", "species_com": "Welcome Swallow" }, "geometry": { "type": "Point", "coordinates": [ 152.8702, -25.2834 ] } },
{ "type": "Feature", "properties": { "decimalLatitude": -35.5181, "decimalLongitude": 138.6039, "month": 6, "species_sci": "Hirundo neoxena", "species_com": "Welcome Swallow" }, "geometry": { "type": "Point", "coordinates": [ 138.6039, -35.5181 ] } },
{ "type": "Feature", "properties": { "decimalLatitude": -37.8303, "decimalLongitude": 144.9098, "month": 6, "species_sci": "Hirundo neoxena", "species_com": "Welcome Swallow" }, "geometry": { "type": "Point", "coordinates": [ 144.9098, -37.8303 ] } },
{ "type": "Feature", "properties": { "decimalLatitude": -37.6872, "decimalLongitude": 145.1301, "month": 6, "species_sci": "Hirundo neoxena", "species_com": "Welcome Swallow" }, "geometry": { "type": "Point", "coordinates": [ 145.1301, -37.6872 ] } },
{ "type": "Feature", "properties": { "decimalLatitude": -37.8307, "decimalLongitude": 144.9066, "month": 6, "species_sci": "Hirundo neoxena", "species_com": "Welcome Swallow" }, "geometry": { "type": "Point", "coordinates": [ 144.9066, -37.8307 ] } },
{ "type": "Feature", "properties": { "decimalLatitude": -40.9919, "decimalLongitude": 148.3431, "month": 6, "species_sci": "Hirundo neoxena", "species_com": "Welcome Swallow" }, "geometry": { "type": "Point", "coordinates": [ 148.3431, -40.9919 ] } },
{ "type": "Feature", "properties": { "decimalLatitude": -27.498, "decimalLongitude": 153.1104, "month": 6, "species_sci": "Hirundo neoxena", "species_com": "Welcome Swallow" }, "geometry": { "type": "Point", "coordinates": [ 153.1104, -27.498 ] } },
{ "type": "Feature", "properties": { "decimalLatitude": -23.1407, "decimalLongitude": 113.7703, "month": 6, "species_sci": "Hirundo neoxena", "species_com": "Welcome Swallow" }, "geometry": { "type": "Point", "coordinates": [ 113.7703, -23.1407 ] } },
{ "type": "Feature", "properties": { "decimalLatitude": -37.7971, "decimalLongitude": 144.911, "month": 6, "species_sci": "Hirundo neoxena", "species_com": "Welcome Swallow" }, "geometry": { "type": "Point", "coordinates": [ 144.911, -37.7971 ] } },
{ "type": "Feature", "properties": { "decimalLatitude": -16.7646, "decimalLongitude": 145.6693, "month": 6, "species_sci": "Hirundo neoxena", "species_com": "Welcome Swallow" }, "geometry": { "type": "Point", "coordinates": [ 145.6693, -16.7646 ] } },
{ "type": "Feature", "properties": { "decimalLatitude": -38.315, "decimalLongitude": 144.2866, "month": 6, "species_sci": "Hirundo neoxena", "species_com": "Welcome Swallow" }, "geometry": { "type": "Point", "coordinates": [ 144.2866, -38.315 ] } },
{ "type": "Feature", "properties": { "decimalLatitude": -35.7303, "decimalLongitude": 139.3089, "month": 6, "species_sci": "Hirundo neoxena", "species_com": "Welcome Swallow" }, "geometry": { "type": "Point", "coordinates": [ 139.3089, -35.7303 ] } },
{ "type": "Feature", "properties": { "decimalLatitude": -21.9141, "decimalLongitude": 113.9803, "month": 6, "species_sci": "Hirundo neoxena", "species_com": "Welcome Swallow" }, "geometry": { "type": "Point", "coordinates": [ 113.9803, -21.9141 ] } },
{ "type": "Feature", "properties": { "decimalLatitude": -35.1822, "decimalLongitude": 149.1624, "month": 6, "species_sci": "Hirundo neoxena", "species_com": "Welcome Swallow" }, "geometry": { "type": "Point", "coordinates": [ 149.1624, -35.1822 ] } },
{ "type": "Feature", "properties": { "decimalLatitude": -27.0924, "decimalLongitude": 153.1622, "month": 6, "species_sci": "Hirundo neoxena", "species_com": "Welcome Swallow" }, "geometry": { "type": "Point", "coordinates": [ 153.1622, -27.0924 ] } },
{ "type": "Feature", "properties": { "decimalLatitude": -34.4875, "decimalLongitude": 150.8353, "month": 6, "species_sci": "Hirundo neoxena", "species_com": "Welcome Swallow" }, "geometry": { "type": "Point", "coordinates": [ 150.8353, -34.4875 ] } },
{ "type": "Feature", "properties": { "decimalLatitude": -27.96, "decimalLongitude": 153.191, "month": 6, "species_sci": "Hirundo neoxena", "species_com": "Welcome Swallow" }, "geometry": { "type": "Point", "coordinates": [ 153.191, -27.96 ] } },
{ "type": "Feature", "properties": { "decimalLatitude": -38.0357, "decimalLongitude": 145.2718, "month": 6, "species_sci": "Hirundo neoxena", "species_com": "Welcome Swallow" }, "geometry": { "type": "Point", "coordinates": [ 145.2718, -38.0357 ] } },
{ "type": "Feature", "properties": { "decimalLatitude": -27.5047, "decimalLongitude": 152.6875, "month": 6, "species_sci": "Hirundo neoxena", "species_com": "Welcome Swallow" }, "geometry": { "type": "Point", "coordinates": [ 152.6875, -27.5047 ] } },
{ "type": "Feature", "properties": { "decimalLatitude": -33.8813, "decimalLongitude": 151.163, "month": 6, "species_sci": "Hirundo neoxena", "species_com": "Welcome Swallow" }, "geometry": { "type": "Point", "coordinates": [ 151.163, -33.8813 ] } },
{ "type": "Feature", "properties": { "decimalLatitude": -37.8939, "decimalLongitude": 145.0756, "month": 6, "species_sci": "Hirundo neoxena", "species_com": "Welcome Swallow" }, "geometry": { "type": "Point", "coordinates": [ 145.0756, -37.8939 ] } },
{ "type": "Feature", "properties": { "decimalLatitude": -16.9088, "decimalLongitude": 145.7644, "month": 6, "species_sci": "Hirundo neoxena", "species_com": "Welcome Swallow" }, "geometry": { "type": "Point", "coordinates": [ 145.7644, -16.9088 ] } },
{ "type": "Feature", "properties": { "decimalLatitude": -36.8948, "decimalLongitude": 174.7055, "month": 6, "species_sci": "Hirundo neoxena", "species_com": "Welcome Swallow" }, "geometry": { "type": "Point", "coordinates": [ 174.7055, -36.8948 ] } },
{ "type": "Feature", "properties": { "decimalLatitude": -33.9273, "decimalLongitude": 137.6242, "month": 6, "species_sci": "Hirundo neoxena", "species_com": "Welcome Swallow" }, "geometry": { "type": "Point", "coordinates": [ 137.6242, -33.9273 ] } },
{ "type": "Feature", "properties": { "decimalLatitude": -34.434, "decimalLongitude": 143.0247, "month": 6, "species_sci": "Hirundo neoxena", "species_com": "Welcome Swallow" }, "geometry": { "type": "Point", "coordinates": [ 143.0247, -34.434 ] } },
{ "type": "Feature", "properties": { "decimalLatitude": -27.4324, "decimalLongitude": 151.6917, "month": 6, "species_sci": "Hirundo neoxena", "species_com": "Welcome Swallow" }, "geometry": { "type": "Point", "coordinates": [ 151.6917, -27.4324 ] } },
{ "type": "Feature", "properties": { "decimalLatitude": -34.8261, "decimalLongitude": 150.6544, "month": 6, "species_sci": "Hirundo neoxena", "species_com": "Welcome Swallow" }, "geometry": { "type": "Point", "coordinates": [ 150.6544, -34.8261 ] } },
{ "type": "Feature", "properties": { "decimalLatitude": -37.6871, "decimalLongitude": 145.131, "month": 6, "species_sci": "Hirundo neoxena", "species_com": "Welcome Swallow" }, "geometry": { "type": "Point", "coordinates": [ 145.131, -37.6871 ] } },
{ "type": "Feature", "properties": { "decimalLatitude": -37.9712, "decimalLongitude": 145.3, "month": 6, "species_sci": "Hirundo neoxena", "species_com": "Welcome Swallow" }, "geometry": { "type": "Point", "coordinates": [ 145.3, -37.9712 ] } },
{ "type": "Feature", "properties": { "decimalLatitude": -26.7857, "decimalLongitude": 153.1415, "month": 6, "species_sci": "Hirundo neoxena", "species_com": "Welcome Swallow" }, "geometry": { "type": "Point", "coordinates": [ 153.1415, -26.7857 ] } },
{ "type": "Feature", "properties": { "decimalLatitude": -27.5444, "decimalLongitude": 152.0953, "month": 6, "species_sci": "Hirundo neoxena", "species_com": "Welcome Swallow" }, "geometry": { "type": "Point", "coordinates": [ 152.0953, -27.5444 ] } },
{ "type": "Feature", "properties": { "decimalLatitude": -25.7934, "decimalLongitude": 113.7188, "month": 6, "species_sci": "Hirundo neoxena", "species_com": "Welcome Swallow" }, "geometry": { "type": "Point", "coordinates": [ 113.7188, -25.7934 ] } },
{ "type": "Feature", "properties": { "decimalLatitude": -37.9328, "decimalLongitude": 145.2128, "month": 6, "species_sci": "Hirundo neoxena", "species_com": "Welcome Swallow" }, "geometry": { "type": "Point", "coordinates": [ 145.2128, -37.9328 ] } },
{ "type": "Feature", "properties": { "decimalLatitude": -34.743, "decimalLongitude": 139.086, "month": 6, "species_sci": "Hirundo neoxena", "species_com": "Welcome Swallow" }, "geometry": { "type": "Point", "coordinates": [ 139.086, -34.743 ] } },
{ "type": "Feature", "properties": { "decimalLatitude": -32.8761, "decimalLongitude": 151.6981, "month": 6, "species_sci": "Hirundo neoxena", "species_com": "Welcome Swallow" }, "geometry": { "type": "Point", "coordinates": [ 151.6981, -32.8761 ] } },
{ "type": "Feature", "properties": { "decimalLatitude": -28.3608, "decimalLongitude": 153.5757, "month": 6, "species_sci": "Hirundo neoxena", "species_com": "Welcome Swallow" }, "geometry": { "type": "Point", "coordinates": [ 153.5757, -28.3608 ] } },
{ "type": "Feature", "properties": { "decimalLatitude": -37.4697, "decimalLongitude": 144.5896, "month": 6, "species_sci": "Hirundo neoxena", "species_com": "Welcome Swallow" }, "geometry": { "type": "Point", "coordinates": [ 144.5896, -37.4697 ] } },
{ "type": "Feature", "properties": { "decimalLatitude": -38.313, "decimalLongitude": 144.3647, "month": 6, "species_sci": "Hirundo neoxena", "species_com": "Welcome Swallow" }, "geometry": { "type": "Point", "coordinates": [ 144.3647, -38.313 ] } },
{ "type": "Feature", "properties": { "decimalLatitude": -38.0553, "decimalLongitude": 145.1333, "month": 6, "species_sci": "Hirundo neoxena", "species_com": "Welcome Swallow" }, "geometry": { "type": "Point", "coordinates": [ 145.1333, -38.0553 ] } },
{ "type": "Feature", "properties": { "decimalLatitude": -33.2188, "decimalLongitude": 151.1231, "month": 6, "species_sci": "Hirundo neoxena", "species_com": "Welcome Swallow" }, "geometry": { "type": "Point", "coordinates": [ 151.1231, -33.2188 ] } },
{ "type": "Feature", "properties": { "decimalLatitude": -31.9511, "decimalLongitude": 141.4664, "month": 6, "species_sci": "Hirundo neoxena", "species_com": "Welcome Swallow" }, "geometry": { "type": "Point", "coordinates": [ 141.4664, -31.9511 ] } },
{ "type": "Feature", "properties": { "decimalLatitude": -37.6866, "decimalLongitude": 145.1343, "month": 6, "species_sci": "Hirundo neoxena", "species_com": "Welcome Swallow" }, "geometry": { "type": "Point", "coordinates": [ 145.1343, -37.6866 ] } },
{ "type": "Feature", "properties": { "decimalLatitude": -37.7296, "decimalLongitude": 144.6799, "month": 6, "species_sci": "Hirundo neoxena", "species_com": "Welcome Swallow" }, "geometry": { "type": "Point", "coordinates": [ 144.6799, -37.7296 ] } },
{ "type": "Feature", "properties": { "decimalLatitude": -33.6614, "decimalLongitude": 150.6597, "month": 6, "species_sci": "Hirundo neoxena", "species_com": "Welcome Swallow" }, "geometry": { "type": "Point", "coordinates": [ 150.6597, -33.6614 ] } },
{ "type": "Feature", "properties": { "decimalLatitude": -27.4015, "decimalLongitude": 153.079, "month": 6, "species_sci": "Hirundo neoxena", "species_com": "Welcome Swallow" }, "geometry": { "type": "Point", "coordinates": [ 153.079, -27.4015 ] } },
{ "type": "Feature", "properties": { "decimalLatitude": -16.8959, "decimalLongitude": 145.6902, "month": 6, "species_sci": "Hirundo neoxena", "species_com": "Welcome Swallow" }, "geometry": { "type": "Point", "coordinates": [ 145.6902, -16.8959 ] } },
{ "type": "Feature", "properties": { "decimalLatitude": -38.5108, "decimalLongitude": 145.3401, "month": 6, "species_sci": "Hirundo neoxena", "species_com": "Welcome Swallow" }, "geometry": { "type": "Point", "coordinates": [ 145.3401, -38.5108 ] } },
{ "type": "Feature", "properties": { "decimalLatitude": -37.7559, "decimalLongitude": 145.1124, "month": 6, "species_sci": "Hirundo neoxena", "species_com": "Welcome Swallow" }, "geometry": { "type": "Point", "coordinates": [ 145.1124, -37.7559 ] } },
{ "type": "Feature", "properties": { "decimalLatitude": -33.6974, "decimalLongitude": 151.0911, "month": 6, "species_sci": "Hirundo neoxena", "species_com": "Welcome Swallow" }, "geometry": { "type": "Point", "coordinates": [ 151.0911, -33.6974 ] } },
{ "type": "Feature", "properties": { "decimalLatitude": -33.791, "decimalLongitude": 151.2126, "month": 6, "species_sci": "Hirundo neoxena", "species_com": "Welcome Swallow" }, "geometry": { "type": "Point", "coordinates": [ 151.2126, -33.791 ] } },
{ "type": "Feature", "properties": { "decimalLatitude": -34.8497, "decimalLongitude": 138.4958, "month": 6, "species_sci": "Hirundo neoxena", "species_com": "Welcome Swallow" }, "geometry": { "type": "Point", "coordinates": [ 138.4958, -34.8497 ] } },
{ "type": "Feature", "properties": { "decimalLatitude": -36.1379, "decimalLongitude": 146.6479, "month": 6, "species_sci": "Hirundo neoxena", "species_com": "Welcome Swallow" }, "geometry": { "type": "Point", "coordinates": [ 146.6479, -36.1379 ] } },
{ "type": "Feature", "properties": { "decimalLatitude": -27.2907, "decimalLongitude": 153.065, "month": 6, "species_sci": "Hirundo neoxena", "species_com": "Welcome Swallow" }, "geometry": { "type": "Point", "coordinates": [ 153.065, -27.2907 ] } },
{ "type": "Feature", "properties": { "decimalLatitude": -34.7787, "decimalLongitude": 137.596, "month": 6, "species_sci": "Hirundo neoxena", "species_com": "Welcome Swallow" }, "geometry": { "type": "Point", "coordinates": [ 137.596, -34.7787 ] } },
{ "type": "Feature", "properties": { "decimalLatitude": -27.5002, "decimalLongitude": 153.0161, "month": 6, "species_sci": "Hirundo neoxena", "species_com": "Welcome Swallow" }, "geometry": { "type": "Point", "coordinates": [ 153.0161, -27.5002 ] } },
{ "type": "Feature", "properties": { "decimalLatitude": -28.7157, "decimalLongitude": 113.7876, "month": 6, "species_sci": "Hirundo neoxena", "species_com": "Welcome Swallow" }, "geometry": { "type": "Point", "coordinates": [ 113.7876, -28.7157 ] } },
{ "type": "Feature", "properties": { "decimalLatitude": -34.5984, "decimalLongitude": 150.8677, "month": 6, "species_sci": "Hirundo neoxena", "species_com": "Welcome Swallow" }, "geometry": { "type": "Point", "coordinates": [ 150.8677, -34.5984 ] } },
{ "type": "Feature", "properties": { "decimalLatitude": -33.3277, "decimalLongitude": 115.6544, "month": 6, "species_sci": "Hirundo neoxena", "species_com": "Welcome Swallow" }, "geometry": { "type": "Point", "coordinates": [ 115.6544, -33.3277 ] } },
{ "type": "Feature", "properties": { "decimalLatitude": -16.9186, "decimalLongitude": 145.7797, "month": 6, "species_sci": "Hirundo neoxena", "species_com": "Welcome Swallow" }, "geometry": { "type": "Point", "coordinates": [ 145.7797, -16.9186 ] } },
{ "type": "Feature", "properties": { "decimalLatitude": -37.8416, "decimalLongitude": 147.6199, "month": 6, "species_sci": "Hirundo neoxena", "species_com": "Welcome Swallow" }, "geometry": { "type": "Point", "coordinates": [ 147.6199, -37.8416 ] } },
{ "type": "Feature", "properties": { "decimalLatitude": -31.9927, "decimalLongitude": 115.5222, "month": 6, "species_sci": "Hirundo neoxena", "species_com": "Welcome Swallow" }, "geometry": { "type": "Point", "coordinates": [ 115.5222, -31.9927 ] } },
{ "type": "Feature", "properties": { "decimalLatitude": -36.9085, "decimalLongitude": 174.773, "month": 6, "species_sci": "Hirundo neoxena", "species_com": "Welcome Swallow" }, "geometry": { "type": "Point", "coordinates": [ 174.773, -36.9085 ] } },
{ "type": "Feature", "properties": { "decimalLatitude": -28.3322, "decimalLongitude": 153.5704, "month": 6, "species_sci": "Hirundo neoxena", "species_com": "Welcome Swallow" }, "geometry": { "type": "Point", "coordinates": [ 153.5704, -28.3322 ] } },
{ "type": "Feature", "properties": { "decimalLatitude": -38.2552, "decimalLongitude": 144.2632, "month": 6, "species_sci": "Hirundo neoxena", "species_com": "Welcome Swallow" }, "geometry": { "type": "Point", "coordinates": [ 144.2632, -38.2552 ] } },
{ "type": "Feature", "properties": { "decimalLatitude": -33.7416, "decimalLongitude": 151.315, "month": 6, "species_sci": "Hirundo neoxena", "species_com": "Welcome Swallow" }, "geometry": { "type": "Point", "coordinates": [ 151.315, -33.7416 ] } },
{ "type": "Feature", "properties": { "decimalLatitude": -37.8408, "decimalLongitude": 147.6252, "month": 6, "species_sci": "Hirundo neoxena", "species_com": "Welcome Swallow" }, "geometry": { "type": "Point", "coordinates": [ 147.6252, -37.8408 ] } },
{ "type": "Feature", "properties": { "decimalLatitude": -33.316, "decimalLongitude": 151.4268, "month": 6, "species_sci": "Hirundo neoxena", "species_com": "Welcome Swallow" }, "geometry": { "type": "Point", "coordinates": [ 151.4268, -33.316 ] } },
{ "type": "Feature", "properties": { "decimalLatitude": -32.7512, "decimalLongitude": 151.6152, "month": 6, "species_sci": "Hirundo neoxena", "species_com": "Welcome Swallow" }, "geometry": { "type": "Point", "coordinates": [ 151.6152, -32.7512 ] } },
{ "type": "Feature", "properties": { "decimalLatitude": -32.7457, "decimalLongitude": 151.5924, "month": 6, "species_sci": "Hirundo neoxena", "species_com": "Welcome Swallow" }, "geometry": { "type": "Point", "coordinates": [ 151.5924, -32.7457 ] } },
{ "type": "Feature", "properties": { "decimalLatitude": -34.8049, "decimalLongitude": 138.601, "month": 6, "species_sci": "Hirundo neoxena", "species_com": "Welcome Swallow" }, "geometry": { "type": "Point", "coordinates": [ 138.601, -34.8049 ] } },
{ "type": "Feature", "properties": { "decimalLatitude": -37.8898, "decimalLongitude": 144.9937, "month": 6, "species_sci": "Hirundo neoxena", "species_com": "Welcome Swallow" }, "geometry": { "type": "Point", "coordinates": [ 144.9937, -37.8898 ] } },
{ "type": "Feature", "properties": { "decimalLatitude": -36.7505, "decimalLongitude": 140.5782, "month": 6, "species_sci": "Hirundo neoxena", "species_com": "Welcome Swallow" }, "geometry": { "type": "Point", "coordinates": [ 140.5782, -36.7505 ] } },
{ "type": "Feature", "properties": { "decimalLatitude": -35.3136, "decimalLongitude": 149.0386, "month": 6, "species_sci": "Hirundo neoxena", "species_com": "Welcome Swallow" }, "geometry": { "type": "Point", "coordinates": [ 149.0386, -35.3136 ] } },
{ "type": "Feature", "properties": { "decimalLatitude": -28.3609, "decimalLongitude": 153.5746, "month": 6, "species_sci": "Hirundo neoxena", "species_com": "Welcome Swallow" }, "geometry": { "type": "Point", "coordinates": [ 153.5746, -28.3609 ] } },
{ "type": "Feature", "properties": { "decimalLatitude": -27.3384, "decimalLongitude": 153.0791, "month": 6, "species_sci": "Hirundo neoxena", "species_com": "Welcome Swallow" }, "geometry": { "type": "Point", "coordinates": [ 153.0791, -27.3384 ] } },
{ "type": "Feature", "properties": { "decimalLatitude": -36.9095, "decimalLongitude": 174.7989, "month": 6, "species_sci": "Hirundo neoxena", "species_com": "Welcome Swallow" }, "geometry": { "type": "Point", "coordinates": [ 174.7989, -36.9095 ] } },
{ "type": "Feature", "properties": { "decimalLatitude": -43.5868, "decimalLongitude": 172.5914, "month": 7, "species_sci": "Hirundo neoxena", "species_com": "Welcome Swallow" }, "geometry": { "type": "Point", "coordinates": [ 172.5914, -43.5868 ] } },
{ "type": "Feature", "properties": { "decimalLatitude": -19.203, "decimalLongitude": 146.7392, "month": 7, "species_sci": "Hirundo neoxena", "species_com": "Welcome Swallow" }, "geometry": { "type": "Point", "coordinates": [ 146.7392, -19.203 ] } },
{ "type": "Feature", "properties": { "decimalLatitude": -34.9097, "decimalLongitude": 138.6772, "month": 7, "species_sci": "Hirundo neoxena", "species_com": "Welcome Swallow" }, "geometry": { "type": "Point", "coordinates": [ 138.6772, -34.9097 ] } },
{ "type": "Feature", "properties": { "decimalLatitude": -16.8296, "decimalLongitude": 145.7088, "month": 7, "species_sci": "Hirundo neoxena", "species_com": "Welcome Swallow" }, "geometry": { "type": "Point", "coordinates": [ 145.7088, -16.8296 ] } },
{ "type": "Feature", "properties": { "decimalLatitude": -35.5068, "decimalLongitude": 149.074, "month": 7, "species_sci": "Hirundo neoxena", "species_com": "Welcome Swallow" }, "geometry": { "type": "Point", "coordinates": [ 149.074, -35.5068 ] } },
{ "type": "Feature", "properties": { "decimalLatitude": -32.2686, "decimalLongitude": 115.6878, "month": 7, "species_sci": "Hirundo neoxena", "species_com": "Welcome Swallow" }, "geometry": { "type": "Point", "coordinates": [ 115.6878, -32.2686 ] } },
{ "type": "Feature", "properties": { "decimalLatitude": -28.2151, "decimalLongitude": 153.3844, "month": 7, "species_sci": "Hirundo neoxena", "species_com": "Welcome Swallow" }, "geometry": { "type": "Point", "coordinates": [ 153.3844, -28.2151 ] } },
{ "type": "Feature", "properties": { "decimalLatitude": -36.8549, "decimalLongitude": 149.9474, "month": 7, "species_sci": "Hirundo neoxena", "species_com": "Welcome Swallow" }, "geometry": { "type": "Point", "coordinates": [ 149.9474, -36.8549 ] } },
{ "type": "Feature", "properties": { "decimalLatitude": -33.8396, "decimalLongitude": 151.2522, "month": 7, "species_sci": "Hirundo neoxena", "species_com": "Welcome Swallow" }, "geometry": { "type": "Point", "coordinates": [ 151.2522, -33.8396 ] } },
{ "type": "Feature", "properties": { "decimalLatitude": -35.7351, "decimalLongitude": 139.2928, "month": 7, "species_sci": "Hirundo neoxena", "species_com": "Welcome Swallow" }, "geometry": { "type": "Point", "coordinates": [ 139.2928, -35.7351 ] } },
{ "type": "Feature", "properties": { "decimalLatitude": -37.8311, "decimalLongitude": 144.9065, "month": 7, "species_sci": "Hirundo neoxena", "species_com": "Welcome Swallow" }, "geometry": { "type": "Point", "coordinates": [ 144.9065, -37.8311 ] } },
{ "type": "Feature", "properties": { "decimalLatitude": -12.5946, "decimalLongitude": 143.4114, "month": 7, "species_sci": "Hirundo neoxena", "species_com": "Welcome Swallow" }, "geometry": { "type": "Point", "coordinates": [ 143.4114, -12.5946 ] } },
{ "type": "Feature", "properties": { "decimalLatitude": -16.9029, "decimalLongitude": 145.7512, "month": 7, "species_sci": "Hirundo neoxena", "species_com": "Welcome Swallow" }, "geometry": { "type": "Point", "coordinates": [ 145.7512, -16.9029 ] } },
{ "type": "Feature", "properties": { "decimalLatitude": -33.7001, "decimalLongitude": 150.9273, "month": 7, "species_sci": "Hirundo neoxena", "species_com": "Welcome Swallow" }, "geometry": { "type": "Point", "coordinates": [ 150.9273, -33.7001 ] } },
{ "type": "Feature", "properties": { "decimalLatitude": -38.0458, "decimalLongitude": 140.9125, "month": 7, "species_sci": "Hirundo neoxena", "species_com": "Welcome Swallow" }, "geometry": { "type": "Point", "coordinates": [ 140.9125, -38.0458 ] } },
{ "type": "Feature", "properties": { "decimalLatitude": -35.0016, "decimalLongitude": 138.5544, "month": 7, "species_sci": "Hirundo neoxena", "species_com": "Welcome Swallow" }, "geometry": { "type": "Point", "coordinates": [ 138.5544, -35.0016 ] } },
{ "type": "Feature", "properties": { "decimalLatitude": -27.4556, "decimalLongitude": 153.194, "month": 7, "species_sci": "Hirundo neoxena", "species_com": "Welcome Swallow" }, "geometry": { "type": "Point", "coordinates": [ 153.194, -27.4556 ] } },
{ "type": "Feature", "properties": { "decimalLatitude": -34.4916, "decimalLongitude": 150.8201, "month": 7, "species_sci": "Hirundo neoxena", "species_com": "Welcome Swallow" }, "geometry": { "type": "Point", "coordinates": [ 150.8201, -34.4916 ] } },
{ "type": "Feature", "properties": { "decimalLatitude": -16.8191, "decimalLongitude": 145.6409, "month": 7, "species_sci": "Hirundo neoxena", "species_com": "Welcome Swallow" }, "geometry": { "type": "Point", "coordinates": [ 145.6409, -16.8191 ] } },
{ "type": "Feature", "properties": { "decimalLatitude": -33.9471, "decimalLongitude": 150.8302, "month": 7, "species_sci": "Hirundo neoxena", "species_com": "Welcome Swallow" }, "geometry": { "type": "Point", "coordinates": [ 150.8302, -33.9471 ] } },
{ "type": "Feature", "properties": { "decimalLatitude": -33.7255, "decimalLongitude": 151.1998, "month": 7, "species_sci": "Hirundo neoxena", "species_com": "Welcome Swallow" }, "geometry": { "type": "Point", "coordinates": [ 151.1998, -33.7255 ] } },
{ "type": "Feature", "properties": { "decimalLatitude": -33.9051, "decimalLongitude": 148.1288, "month": 7, "species_sci": "Hirundo neoxena", "species_com": "Welcome Swallow" }, "geometry": { "type": "Point", "coordinates": [ 148.1288, -33.9051 ] } },
{ "type": "Feature", "properties": { "decimalLatitude": -38.0805, "decimalLongitude": 145.1722, "month": 7, "species_sci": "Hirundo neoxena", "species_com": "Welcome Swallow" }, "geometry": { "type": "Point", "coordinates": [ 145.1722, -38.0805 ] } },
{ "type": "Feature", "properties": { "decimalLatitude": -34.0036, "decimalLongitude": 150.7316, "month": 7, "species_sci": "Hirundo neoxena", "species_com": "Welcome Swallow" }, "geometry": { "type": "Point", "coordinates": [ 150.7316, -34.0036 ] } },
{ "type": "Feature", "properties": { "decimalLatitude": -38.0722, "decimalLongitude": 145.1719, "month": 7, "species_sci": "Hirundo neoxena", "species_com": "Welcome Swallow" }, "geometry": { "type": "Point", "coordinates": [ 145.1719, -38.0722 ] } },
{ "type": "Feature", "properties": { "decimalLatitude": -27.2737, "decimalLongitude": 152.9371, "month": 7, "species_sci": "Hirundo neoxena", "species_com": "Welcome Swallow" }, "geometry": { "type": "Point", "coordinates": [ 152.9371, -27.2737 ] } },
{ "type": "Feature", "properties": { "decimalLatitude": -28.1539, "decimalLongitude": 153.5054, "month": 7, "species_sci": "Hirundo neoxena", "species_com": "Welcome Swallow" }, "geometry": { "type": "Point", "coordinates": [ 153.5054, -28.1539 ] } },
{ "type": "Feature", "properties": { "decimalLatitude": -32.8178, "decimalLongitude": 151.9332, "month": 7, "species_sci": "Hirundo neoxena", "species_com": "Welcome Swallow" }, "geometry": { "type": "Point", "coordinates": [ 151.9332, -32.8178 ] } },
{ "type": "Feature", "properties": { "decimalLatitude": -28.2303, "decimalLongitude": 153.1347, "month": 7, "species_sci": "Hirundo neoxena", "species_com": "Welcome Swallow" }, "geometry": { "type": "Point", "coordinates": [ 153.1347, -28.2303 ] } },
{ "type": "Feature", "properties": { "decimalLatitude": -38.0426, "decimalLongitude": 144.516, "month": 7, "species_sci": "Hirundo neoxena", "species_com": "Welcome Swallow" }, "geometry": { "type": "Point", "coordinates": [ 144.516, -38.0426 ] } },
{ "type": "Feature", "properties": { "decimalLatitude": -35.0772, "decimalLongitude": 138.5301, "month": 7, "species_sci": "Hirundo neoxena", "species_com": "Welcome Swallow" }, "geometry": { "type": "Point", "coordinates": [ 138.5301, -35.0772 ] } },
{ "type": "Feature", "properties": { "decimalLatitude": -33.5062, "decimalLongitude": 151.4253, "month": 7, "species_sci": "Hirundo neoxena", "species_com": "Welcome Swallow" }, "geometry": { "type": "Point", "coordinates": [ 151.4253, -33.5062 ] } },
{ "type": "Feature", "properties": { "decimalLatitude": -37.8933, "decimalLongitude": 146.7833, "month": 7, "species_sci": "Hirundo neoxena", "species_com": "Welcome Swallow" }, "geometry": { "type": "Point", "coordinates": [ 146.7833, -37.8933 ] } },
{ "type": "Feature", "properties": { "decimalLatitude": -35.0016, "decimalLongitude": 138.5544, "month": 7, "species_sci": "Hirundo neoxena", "species_com": "Welcome Swallow" }, "geometry": { "type": "Point", "coordinates": [ 138.5544, -35.0016 ] } },
{ "type": "Feature", "properties": { "decimalLatitude": -16.79, "decimalLongitude": 145.6951, "month": 7, "species_sci": "Hirundo neoxena", "species_com": "Welcome Swallow" }, "geometry": { "type": "Point", "coordinates": [ 145.6951, -16.79 ] } },
{ "type": "Feature", "properties": { "decimalLatitude": -16.8991, "decimalLongitude": 145.7273, "month": 7, "species_sci": "Hirundo neoxena", "species_com": "Welcome Swallow" }, "geometry": { "type": "Point", "coordinates": [ 145.7273, -16.8991 ] } },
{ "type": "Feature", "properties": { "decimalLatitude": -27.2347, "decimalLongitude": 153.0158, "month": 7, "species_sci": "Hirundo neoxena", "species_com": "Welcome Swallow" }, "geometry": { "type": "Point", "coordinates": [ 153.0158, -27.2347 ] } },
{ "type": "Feature", "properties": { "decimalLatitude": -34.9937, "decimalLongitude": 117.9214, "month": 7, "species_sci": "Hirundo neoxena", "species_com": "Welcome Swallow" }, "geometry": { "type": "Point", "coordinates": [ 117.9214, -34.9937 ] } },
{ "type": "Feature", "properties": { "decimalLatitude": -34.6483, "decimalLongitude": 150.7801, "month": 7, "species_sci": "Hirundo neoxena", "species_com": "Welcome Swallow" }, "geometry": { "type": "Point", "coordinates": [ 150.7801, -34.6483 ] } },
{ "type": "Feature", "properties": { "decimalLatitude": -27.6119, "decimalLongitude": 152.4694, "month": 7, "species_sci": "Hirundo neoxena", "species_com": "Welcome Swallow" }, "geometry": { "type": "Point", "coordinates": [ 152.4694, -27.6119 ] } },
{ "type": "Feature", "properties": { "decimalLatitude": -27.4347, "decimalLongitude": 153.1489, "month": 7, "species_sci": "Hirundo neoxena", "species_com": "Welcome Swallow" }, "geometry": { "type": "Point", "coordinates": [ 153.1489, -27.4347 ] } },
{ "type": "Feature", "properties": { "decimalLatitude": -33.8508, "decimalLongitude": 151.0771, "month": 7, "species_sci": "Hirundo neoxena", "species_com": "Welcome Swallow" }, "geometry": { "type": "Point", "coordinates": [ 151.0771, -33.8508 ] } },
{ "type": "Feature", "properties": { "decimalLatitude": -22.8258, "decimalLongitude": 147.6402, "month": 7, "species_sci": "Hirundo neoxena", "species_com": "Welcome Swallow" }, "geometry": { "type": "Point", "coordinates": [ 147.6402, -22.8258 ] } },
{ "type": "Feature", "properties": { "decimalLatitude": -38.5781, "decimalLongitude": 145.5119, "month": 7, "species_sci": "Hirundo neoxena", "species_com": "Welcome Swallow" }, "geometry": { "type": "Point", "coordinates": [ 145.5119, -38.5781 ] } },
{ "type": "Feature", "properties": { "decimalLatitude": -36.4653, "decimalLongitude": 142.0326, "month": 7, "species_sci": "Hirundo neoxena", "species_com": "Welcome Swallow" }, "geometry": { "type": "Point", "coordinates": [ 142.0326, -36.4653 ] } },
{ "type": "Feature", "properties": { "decimalLatitude": -37.9475, "decimalLongitude": 145.087, "month": 7, "species_sci": "Hirundo neoxena", "species_com": "Welcome Swallow" }, "geometry": { "type": "Point", "coordinates": [ 145.087, -37.9475 ] } },
{ "type": "Feature", "properties": { "decimalLatitude": -27.3198, "decimalLongitude": 153.0679, "month": 7, "species_sci": "Hirundo neoxena", "species_com": "Welcome Swallow" }, "geometry": { "type": "Point", "coordinates": [ 153.0679, -27.3198 ] } },
{ "type": "Feature", "properties": { "decimalLatitude": -37.8417, "decimalLongitude": 145.1439, "month": 7, "species_sci": "Hirundo neoxena", "species_com": "Welcome Swallow" }, "geometry": { "type": "Point", "coordinates": [ 145.1439, -37.8417 ] } },
{ "type": "Feature", "properties": { "decimalLatitude": -32.0923, "decimalLongitude": 115.7714, "month": 7, "species_sci": "Hirundo neoxena", "species_com": "Welcome Swallow" }, "geometry": { "type": "Point", "coordinates": [ 115.7714, -32.0923 ] } },
{ "type": "Feature", "properties": { "decimalLatitude": -37.7824, "decimalLongitude": 144.9432, "month": 7, "species_sci": "Hirundo neoxena", "species_com": "Welcome Swallow" }, "geometry": { "type": "Point", "coordinates": [ 144.9432, -37.7824 ] } },
{ "type": "Feature", "properties": { "decimalLatitude": -36.113, "decimalLongitude": 146.8521, "month": 7, "species_sci": "Hirundo neoxena", "species_com": "Welcome Swallow" }, "geometry": { "type": "Point", "coordinates": [ 146.8521, -36.113 ] } },
{ "type": "Feature", "properties": { "decimalLatitude": -37.8855, "decimalLongitude": 146.7864, "month": 7, "species_sci": "Hirundo neoxena", "species_com": "Welcome Swallow" }, "geometry": { "type": "Point", "coordinates": [ 146.7864, -37.8855 ] } },
{ "type": "Feature", "properties": { "decimalLatitude": -35.7097, "decimalLongitude": 146.237, "month": 7, "species_sci": "Hirundo neoxena", "species_com": "Welcome Swallow" }, "geometry": { "type": "Point", "coordinates": [ 146.237, -35.7097 ] } },
{ "type": "Feature", "properties": { "decimalLatitude": -34.0608, "decimalLongitude": 150.7454, "month": 7, "species_sci": "Hirundo neoxena", "species_com": "Welcome Swallow" }, "geometry": { "type": "Point", "coordinates": [ 150.7454, -34.0608 ] } },
{ "type": "Feature", "properties": { "decimalLatitude": -38.0057, "decimalLongitude": 144.4126, "month": 7, "species_sci": "Hirundo neoxena", "species_com": "Welcome Swallow" }, "geometry": { "type": "Point", "coordinates": [ 144.4126, -38.0057 ] } },
{ "type": "Feature", "properties": { "decimalLatitude": -36.844, "decimalLongitude": 143.2623, "month": 7, "species_sci": "Hirundo neoxena", "species_com": "Welcome Swallow" }, "geometry": { "type": "Point", "coordinates": [ 143.2623, -36.844 ] } },
{ "type": "Feature", "properties": { "decimalLatitude": -28.1524, "decimalLongitude": 153.4343, "month": 7, "species_sci": "Hirundo neoxena", "species_com": "Welcome Swallow" }, "geometry": { "type": "Point", "coordinates": [ 153.4343, -28.1524 ] } },
{ "type": "Feature", "properties": { "decimalLatitude": -41.5265, "decimalLongitude": 174.0605, "month": 7, "species_sci": "Hirundo neoxena", "species_com": "Welcome Swallow" }, "geometry": { "type": "Point", "coordinates": [ 174.0605, -41.5265 ] } },
{ "type": "Feature", "properties": { "decimalLatitude": -31.9471, "decimalLongitude": 115.9098, "month": 7, "species_sci": "Hirundo neoxena", "species_com": "Welcome Swallow" }, "geometry": { "type": "Point", "coordinates": [ 115.9098, -31.9471 ] } },
{ "type": "Feature", "properties": { "decimalLatitude": -33.3954, "decimalLongitude": 145.9863, "month": 7, "species_sci": "Hirundo neoxena", "species_com": "Welcome Swallow" }, "geometry": { "type": "Point", "coordinates": [ 145.9863, -33.3954 ] } },
{ "type": "Feature", "properties": { "decimalLatitude": -31.1921, "decimalLongitude": 152.9814, "month": 7, "species_sci": "Hirundo neoxena", "species_com": "Welcome Swallow" }, "geometry": { "type": "Point", "coordinates": [ 152.9814, -31.1921 ] } },
{ "type": "Feature", "properties": { "decimalLatitude": -27.6579, "decimalLongitude": 153.2228, "month": 7, "species_sci": "Hirundo neoxena", "species_com": "Welcome Swallow" }, "geometry": { "type": "Point", "coordinates": [ 153.2228, -27.6579 ] } },
{ "type": "Feature", "properties": { "decimalLatitude": -32.7035, "decimalLongitude": 151.9802, "month": 7, "species_sci": "Hirundo neoxena", "species_com": "Welcome Swallow" }, "geometry": { "type": "Point", "coordinates": [ 151.9802, -32.7035 ] } },
{ "type": "Feature", "properties": { "decimalLatitude": -16.9184, "decimalLongitude": 145.7764, "month": 7, "species_sci": "Hirundo neoxena", "species_com": "Welcome Swallow" }, "geometry": { "type": "Point", "coordinates": [ 145.7764, -16.9184 ] } },
{ "type": "Feature", "properties": { "decimalLatitude": -17.2646, "decimalLongitude": 145.4765, "month": 7, "species_sci": "Hirundo neoxena", "species_com": "Welcome Swallow" }, "geometry": { "type": "Point", "coordinates": [ 145.4765, -17.2646 ] } },
{ "type": "Feature", "properties": { "decimalLatitude": -26.6734, "decimalLongitude": 150.3389, "month": 7, "species_sci": "Hirundo neoxena", "species_com": "Welcome Swallow" }, "geometry": { "type": "Point", "coordinates": [ 150.3389, -26.6734 ] } },
{ "type": "Feature", "properties": { "decimalLatitude": -28.5472, "decimalLongitude": 153.5208, "month": 7, "species_sci": "Hirundo neoxena", "species_com": "Welcome Swallow" }, "geometry": { "type": "Point", "coordinates": [ 153.5208, -28.5472 ] } },
{ "type": "Feature", "properties": { "decimalLatitude": -33.2756, "decimalLongitude": 115.7326, "month": 7, "species_sci": "Hirundo neoxena", "species_com": "Welcome Swallow" }, "geometry": { "type": "Point", "coordinates": [ 115.7326, -33.2756 ] } },
{ "type": "Feature", "properties": { "decimalLatitude": -35.3068, "decimalLongitude": 149.205, "month": 7, "species_sci": "Hirundo neoxena", "species_com": "Welcome Swallow" }, "geometry": { "type": "Point", "coordinates": [ 149.205, -35.3068 ] } },
{ "type": "Feature", "properties": { "decimalLatitude": -16.9183, "decimalLongitude": 145.7763, "month": 7, "species_sci": "Hirundo neoxena", "species_com": "Welcome Swallow" }, "geometry": { "type": "Point", "coordinates": [ 145.7763, -16.9183 ] } },
{ "type": "Feature", "properties": { "decimalLatitude": -23.534, "decimalLongitude": 148.0675, "month": 7, "species_sci": "Hirundo neoxena", "species_com": "Welcome Swallow" }, "geometry": { "type": "Point", "coordinates": [ 148.0675, -23.534 ] } },
{ "type": "Feature", "properties": { "decimalLatitude": -36.0691, "decimalLongitude": 146.8549, "month": 7, "species_sci": "Hirundo neoxena", "species_com": "Welcome Swallow" }, "geometry": { "type": "Point", "coordinates": [ 146.8549, -36.0691 ] } },
{ "type": "Feature", "properties": { "decimalLatitude": -33.2498, "decimalLongitude": 149.1368, "month": 7, "species_sci": "Hirundo neoxena", "species_com": "Welcome Swallow" }, "geometry": { "type": "Point", "coordinates": [ 149.1368, -33.2498 ] } },
{ "type": "Feature", "properties": { "decimalLatitude": -38.009, "decimalLongitude": 144.5831, "month": 7, "species_sci": "Hirundo neoxena", "species_com": "Welcome Swallow" }, "geometry": { "type": "Point", "coordinates": [ 144.5831, -38.009 ] } },
{ "type": "Feature", "properties": { "decimalLatitude": -37.8308, "decimalLongitude": 144.9066, "month": 7, "species_sci": "Hirundo neoxena", "species_com": "Welcome Swallow" }, "geometry": { "type": "Point", "coordinates": [ 144.9066, -37.8308 ] } },
{ "type": "Feature", "properties": { "decimalLatitude": -27.0932, "decimalLongitude": 153.1648, "month": 7, "species_sci": "Hirundo neoxena", "species_com": "Welcome Swallow" }, "geometry": { "type": "Point", "coordinates": [ 153.1648, -27.0932 ] } },
{ "type": "Feature", "properties": { "decimalLatitude": -27.4247, "decimalLongitude": 153.0552, "month": 7, "species_sci": "Hirundo neoxena", "species_com": "Welcome Swallow" }, "geometry": { "type": "Point", "coordinates": [ 153.0552, -27.4247 ] } },
{ "type": "Feature", "properties": { "decimalLatitude": -30.8046, "decimalLongitude": 150.1439, "month": 7, "species_sci": "Hirundo neoxena", "species_com": "Welcome Swallow" }, "geometry": { "type": "Point", "coordinates": [ 150.1439, -30.8046 ] } },
{ "type": "Feature", "properties": { "decimalLatitude": -32.6549, "decimalLongitude": 151.3508, "month": 7, "species_sci": "Hirundo neoxena", "species_com": "Welcome Swallow" }, "geometry": { "type": "Point", "coordinates": [ 151.3508, -32.6549 ] } },
{ "type": "Feature", "properties": { "decimalLatitude": -38.1808, "decimalLongitude": 144.5553, "month": 7, "species_sci": "Hirundo neoxena", "species_com": "Welcome Swallow" }, "geometry": { "type": "Point", "coordinates": [ 144.5553, -38.1808 ] } },
{ "type": "Feature", "properties": { "decimalLatitude": -32.8129, "decimalLongitude": 151.9411, "month": 7, "species_sci": "Hirundo neoxena", "species_com": "Welcome Swallow" }, "geometry": { "type": "Point", "coordinates": [ 151.9411, -32.8129 ] } },
{ "type": "Feature", "properties": { "decimalLatitude": -33.3158, "decimalLongitude": 151.4275, "month": 7, "species_sci": "Hirundo neoxena", "species_com": "Welcome Swallow" }, "geometry": { "type": "Point", "coordinates": [ 151.4275, -33.3158 ] } },
{ "type": "Feature", "properties": { "decimalLatitude": -28.1742, "decimalLongitude": 152.9075, "month": 7, "species_sci": "Hirundo neoxena", "species_com": "Welcome Swallow" }, "geometry": { "type": "Point", "coordinates": [ 152.9075, -28.1742 ] } },
{ "type": "Feature", "properties": { "decimalLatitude": -37.708, "decimalLongitude": 145.0481, "month": 7, "species_sci": "Hirundo neoxena", "species_com": "Welcome Swallow" }, "geometry": { "type": "Point", "coordinates": [ 145.0481, -37.708 ] } },
{ "type": "Feature", "properties": { "decimalLatitude": -36.7458, "decimalLongitude": 146.0125, "month": 7, "species_sci": "Hirundo neoxena", "species_com": "Welcome Swallow" }, "geometry": { "type": "Point", "coordinates": [ 146.0125, -36.7458 ] } },
{ "type": "Feature", "properties": { "decimalLatitude": -33.3286, "decimalLongitude": 151.4629, "month": 7, "species_sci": "Hirundo neoxena", "species_com": "Welcome Swallow" }, "geometry": { "type": "Point", "coordinates": [ 151.4629, -33.3286 ] } },
{ "type": "Feature", "properties": { "decimalLatitude": -31.9771, "decimalLongitude": 115.9342, "month": 7, "species_sci": "Hirundo neoxena", "species_com": "Welcome Swallow" }, "geometry": { "type": "Point", "coordinates": [ 115.9342, -31.9771 ] } },
{ "type": "Feature", "properties": { "decimalLatitude": -31.2708, "decimalLongitude": 148.96, "month": 7, "species_sci": "Hirundo neoxena", "species_com": "Welcome Swallow" }, "geometry": { "type": "Point", "coordinates": [ 148.96, -31.2708 ] } },
{ "type": "Feature", "properties": { "decimalLatitude": -26.7073, "decimalLongitude": 152.7015, "month": 7, "species_sci": "Hirundo neoxena", "species_com": "Welcome Swallow" }, "geometry": { "type": "Point", "coordinates": [ 152.7015, -26.7073 ] } },
{ "type": "Feature", "properties": { "decimalLatitude": -33.9134, "decimalLongitude": 151.2702, "month": 7, "species_sci": "Hirundo neoxena", "species_com": "Welcome Swallow" }, "geometry": { "type": "Point", "coordinates": [ 151.2702, -33.9134 ] } },
{ "type": "Feature", "properties": { "decimalLatitude": -27.4242, "decimalLongitude": 153.0547, "month": 7, "species_sci": "Hirundo neoxena", "species_com": "Welcome Swallow" }, "geometry": { "type": "Point", "coordinates": [ 153.0547, -27.4242 ] } },
{ "type": "Feature", "properties": { "decimalLatitude": -34.2351, "decimalLongitude": 142.1988, "month": 7, "species_sci": "Hirundo neoxena", "species_com": "Welcome Swallow" }, "geometry": { "type": "Point", "coordinates": [ 142.1988, -34.2351 ] } },
{ "type": "Feature", "properties": { "decimalLatitude": -31.8545, "decimalLongitude": 115.7631, "month": 7, "species_sci": "Hirundo neoxena", "species_com": "Welcome Swallow" }, "geometry": { "type": "Point", "coordinates": [ 115.7631, -31.8545 ] } },
{ "type": "Feature", "properties": { "decimalLatitude": -35.8262, "decimalLongitude": 146.372, "month": 7, "species_sci": "Hirundo neoxena", "species_com": "Welcome Swallow" }, "geometry": { "type": "Point", "coordinates": [ 146.372, -35.8262 ] } },
{ "type": "Feature", "properties": { "decimalLatitude": -27.4813, "decimalLongitude": 153.0267, "month": 7, "species_sci": "Hirundo neoxena", "species_com": "Welcome Swallow" }, "geometry": { "type": "Point", "coordinates": [ 153.0267, -27.4813 ] } },
{ "type": "Feature", "properties": { "decimalLatitude": -25.7935, "decimalLongitude": 113.7189, "month": 7, "species_sci": "Hirundo neoxena", "species_com": "Welcome Swallow" }, "geometry": { "type": "Point", "coordinates": [ 113.7189, -25.7935 ] } },
{ "type": "Feature", "properties": { "decimalLatitude": -28.3614, "decimalLongitude": 153.578, "month": 7, "species_sci": "Hirundo neoxena", "species_com": "Welcome Swallow" }, "geometry": { "type": "Point", "coordinates": [ 153.578, -28.3614 ] } },
{ "type": "Feature", "properties": { "decimalLatitude": -34.9361, "decimalLongitude": 138.6192, "month": 7, "species_sci": "Hirundo neoxena", "species_com": "Welcome Swallow" }, "geometry": { "type": "Point", "coordinates": [ 138.6192, -34.9361 ] } },
{ "type": "Feature", "properties": { "decimalLatitude": -33.1099, "decimalLongitude": 151.5122, "month": 7, "species_sci": "Hirundo neoxena", "species_com": "Welcome Swallow" }, "geometry": { "type": "Point", "coordinates": [ 151.5122, -33.1099 ] } },
{ "type": "Feature", "properties": { "decimalLatitude": -34.4894, "decimalLongitude": 150.8789, "month": 7, "species_sci": "Hirundo neoxena", "species_com": "Welcome Swallow" }, "geometry": { "type": "Point", "coordinates": [ 150.8789, -34.4894 ] } },
{ "type": "Feature", "properties": { "decimalLatitude": -36.129, "decimalLongitude": 146.6628, "month": 7, "species_sci": "Hirundo neoxena", "species_com": "Welcome Swallow" }, "geometry": { "type": "Point", "coordinates": [ 146.6628, -36.129 ] } },
{ "type": "Feature", "properties": { "decimalLatitude": -37.8041, "decimalLongitude": 145.1624, "month": 7, "species_sci": "Hirundo neoxena", "species_com": "Welcome Swallow" }, "geometry": { "type": "Point", "coordinates": [ 145.1624, -37.8041 ] } },
{ "type": "Feature", "properties": { "decimalLatitude": -28.6335, "decimalLongitude": 151.7353, "month": 7, "species_sci": "Hirundo neoxena", "species_com": "Welcome Swallow" }, "geometry": { "type": "Point", "coordinates": [ 151.7353, -28.6335 ] } },
{ "type": "Feature", "properties": { "decimalLatitude": -27.2653, "decimalLongitude": 152.859, "month": 7, "species_sci": "Hirundo neoxena", "species_com": "Welcome Swallow" }, "geometry": { "type": "Point", "coordinates": [ 152.859, -27.2653 ] } },
{ "type": "Feature", "properties": { "decimalLatitude": -25.7956, "decimalLongitude": 146.5806, "month": 7, "species_sci": "Hirundo neoxena", "species_com": "Welcome Swallow" }, "geometry": { "type": "Point", "coordinates": [ 146.5806, -25.7956 ] } },
{ "type": "Feature", "properties": { "decimalLatitude": -26.7616, "decimalLongitude": 150.6155, "month": 7, "species_sci": "Hirundo neoxena", "species_com": "Welcome Swallow" }, "geometry": { "type": "Point", "coordinates": [ 150.6155, -26.7616 ] } },
{ "type": "Feature", "properties": { "decimalLatitude": -37.782, "decimalLongitude": 144.943, "month": 7, "species_sci": "Hirundo neoxena", "species_com": "Welcome Swallow" }, "geometry": { "type": "Point", "coordinates": [ 144.943, -37.782 ] } },
{ "type": "Feature", "properties": { "decimalLatitude": -38.9523, "decimalLongitude": 175.7624, "month": 7, "species_sci": "Hirundo neoxena", "species_com": "Welcome Swallow" }, "geometry": { "type": "Point", "coordinates": [ 175.7624, -38.9523 ] } },
{ "type": "Feature", "properties": { "decimalLatitude": -26.7917, "decimalLongitude": 153.1205, "month": 7, "species_sci": "Hirundo neoxena", "species_com": "Welcome Swallow" }, "geometry": { "type": "Point", "coordinates": [ 153.1205, -26.7917 ] } },
{ "type": "Feature", "properties": { "decimalLatitude": -33.5867, "decimalLongitude": 150.8569, "month": 7, "species_sci": "Hirundo neoxena", "species_com": "Welcome Swallow" }, "geometry": { "type": "Point", "coordinates": [ 150.8569, -33.5867 ] } },
{ "type": "Feature", "properties": { "decimalLatitude": -33.3596, "decimalLongitude": 151.4393, "month": 7, "species_sci": "Hirundo neoxena", "species_com": "Welcome Swallow" }, "geometry": { "type": "Point", "coordinates": [ 151.4393, -33.3596 ] } },
{ "type": "Feature", "properties": { "decimalLatitude": -31.5444, "decimalLongitude": 115.6828, "month": 7, "species_sci": "Hirundo neoxena", "species_com": "Welcome Swallow" }, "geometry": { "type": "Point", "coordinates": [ 115.6828, -31.5444 ] } },
{ "type": "Feature", "properties": { "decimalLatitude": -37.8419, "decimalLongitude": 145.1381, "month": 7, "species_sci": "Hirundo neoxena", "species_com": "Welcome Swallow" }, "geometry": { "type": "Point", "coordinates": [ 145.1381, -37.8419 ] } },
{ "type": "Feature", "properties": { "decimalLatitude": -33.8354, "decimalLongitude": 151.0654, "month": 7, "species_sci": "Hirundo neoxena", "species_com": "Welcome Swallow" }, "geometry": { "type": "Point", "coordinates": [ 151.0654, -33.8354 ] } },
{ "type": "Feature", "properties": { "decimalLatitude": -33.8323, "decimalLongitude": 148.614, "month": 7, "species_sci": "Hirundo neoxena", "species_com": "Welcome Swallow" }, "geometry": { "type": "Point", "coordinates": [ 148.614, -33.8323 ] } },
{ "type": "Feature", "properties": { "decimalLatitude": -33.8088, "decimalLongitude": 151.2972, "month": 7, "species_sci": "Hirundo neoxena", "species_com": "Welcome Swallow" }, "geometry": { "type": "Point", "coordinates": [ 151.2972, -33.8088 ] } },
{ "type": "Feature", "properties": { "decimalLatitude": -32.8069, "decimalLongitude": 151.9604, "month": 7, "species_sci": "Hirundo neoxena", "species_com": "Welcome Swallow" }, "geometry": { "type": "Point", "coordinates": [ 151.9604, -32.8069 ] } },
{ "type": "Feature", "properties": { "decimalLatitude": -32.2034, "decimalLongitude": 150.983, "month": 7, "species_sci": "Hirundo neoxena", "species_com": "Welcome Swallow" }, "geometry": { "type": "Point", "coordinates": [ 150.983, -32.2034 ] } },
{ "type": "Feature", "properties": { "decimalLatitude": -16.9314, "decimalLongitude": 145.9888, "month": 7, "species_sci": "Hirundo neoxena", "species_com": "Welcome Swallow" }, "geometry": { "type": "Point", "coordinates": [ 145.9888, -16.9314 ] } },
{ "type": "Feature", "properties": { "decimalLatitude": -36.0547, "decimalLongitude": 146.4553, "month": 7, "species_sci": "Hirundo neoxena", "species_com": "Welcome Swallow" }, "geometry": { "type": "Point", "coordinates": [ 146.4553, -36.0547 ] } },
{ "type": "Feature", "properties": { "decimalLatitude": -36.9016, "decimalLongitude": 149.9372, "month": 7, "species_sci": "Hirundo neoxena", "species_com": "Welcome Swallow" }, "geometry": { "type": "Point", "coordinates": [ 149.9372, -36.9016 ] } },
{ "type": "Feature", "properties": { "decimalLatitude": -33.9253, "decimalLongitude": 151.1547, "month": 7, "species_sci": "Hirundo neoxena", "species_com": "Welcome Swallow" }, "geometry": { "type": "Point", "coordinates": [ 151.1547, -33.9253 ] } },
{ "type": "Feature", "properties": { "decimalLatitude": -20.3054, "decimalLongitude": 148.7018, "month": 7, "species_sci": "Hirundo neoxena", "species_com": "Welcome Swallow" }, "geometry": { "type": "Point", "coordinates": [ 148.7018, -20.3054 ] } },
{ "type": "Feature", "properties": { "decimalLatitude": -34.5621, "decimalLongitude": 150.873, "month": 7, "species_sci": "Hirundo neoxena", "species_com": "Welcome Swallow" }, "geometry": { "type": "Point", "coordinates": [ 150.873, -34.5621 ] } },
{ "type": "Feature", "properties": { "decimalLatitude": -26.6434, "decimalLongitude": 152.9409, "month": 7, "species_sci": "Hirundo neoxena", "species_com": "Welcome Swallow" }, "geometry": { "type": "Point", "coordinates": [ 152.9409, -26.6434 ] } },
{ "type": "Feature", "properties": { "decimalLatitude": -28.1673, "decimalLongitude": 153.1709, "month": 7, "species_sci": "Hirundo neoxena", "species_com": "Welcome Swallow" }, "geometry": { "type": "Point", "coordinates": [ 153.1709, -28.1673 ] } },
{ "type": "Feature", "properties": { "decimalLatitude": -21.9081, "decimalLongitude": 149.4121, "month": 7, "species_sci": "Hirundo neoxena", "species_com": "Welcome Swallow" }, "geometry": { "type": "Point", "coordinates": [ 149.4121, -21.9081 ] } },
{ "type": "Feature", "properties": { "decimalLatitude": -37.7293, "decimalLongitude": 144.6723, "month": 7, "species_sci": "Hirundo neoxena", "species_com": "Welcome Swallow" }, "geometry": { "type": "Point", "coordinates": [ 144.6723, -37.7293 ] } },
{ "type": "Feature", "properties": { "decimalLatitude": -34.4043, "decimalLongitude": 150.9016, "month": 7, "species_sci": "Hirundo neoxena", "species_com": "Welcome Swallow" }, "geometry": { "type": "Point", "coordinates": [ 150.9016, -34.4043 ] } },
{ "type": "Feature", "properties": { "decimalLatitude": -34.9337, "decimalLongitude": 138.5374, "month": 7, "species_sci": "Hirundo neoxena", "species_com": "Welcome Swallow" }, "geometry": { "type": "Point", "coordinates": [ 138.5374, -34.9337 ] } },
{ "type": "Feature", "properties": { "decimalLatitude": -27.4218, "decimalLongitude": 153.0148, "month": 7, "species_sci": "Hirundo neoxena", "species_com": "Welcome Swallow" }, "geometry": { "type": "Point", "coordinates": [ 153.0148, -27.4218 ] } },
{ "type": "Feature", "properties": { "decimalLatitude": -32.8838, "decimalLongitude": 115.6542, "month": 7, "species_sci": "Hirundo neoxena", "species_com": "Welcome Swallow" }, "geometry": { "type": "Point", "coordinates": [ 115.6542, -32.8838 ] } },
{ "type": "Feature", "properties": { "decimalLatitude": -33.7798, "decimalLongitude": 151.272, "month": 7, "species_sci": "Hirundo neoxena", "species_com": "Welcome Swallow" }, "geometry": { "type": "Point", "coordinates": [ 151.272, -33.7798 ] } },
{ "type": "Feature", "properties": { "decimalLatitude": -32.0232, "decimalLongitude": 115.5283, "month": 7, "species_sci": "Hirundo neoxena", "species_com": "Welcome Swallow" }, "geometry": { "type": "Point", "coordinates": [ 115.5283, -32.0232 ] } },
{ "type": "Feature", "properties": { "decimalLatitude": -31.9441, "decimalLongitude": 115.7837, "month": 7, "species_sci": "Hirundo neoxena", "species_com": "Welcome Swallow" }, "geometry": { "type": "Point", "coordinates": [ 115.7837, -31.9441 ] } },
{ "type": "Feature", "properties": { "decimalLatitude": -27.7068, "decimalLongitude": 153.1976, "month": 7, "species_sci": "Hirundo neoxena", "species_com": "Welcome Swallow" }, "geometry": { "type": "Point", "coordinates": [ 153.1976, -27.7068 ] } },
{ "type": "Feature", "properties": { "decimalLatitude": -33.6708, "decimalLongitude": 136.9325, "month": 7, "species_sci": "Hirundo neoxena", "species_com": "Welcome Swallow" }, "geometry": { "type": "Point", "coordinates": [ 136.9325, -33.6708 ] } },
{ "type": "Feature", "properties": { "decimalLatitude": -33.6343, "decimalLongitude": 150.8113, "month": 7, "species_sci": "Hirundo neoxena", "species_com": "Welcome Swallow" }, "geometry": { "type": "Point", "coordinates": [ 150.8113, -33.6343 ] } },
{ "type": "Feature", "properties": { "decimalLatitude": -27.4218, "decimalLongitude": 153.0148, "month": 7, "species_sci": "Hirundo neoxena", "species_com": "Welcome Swallow" }, "geometry": { "type": "Point", "coordinates": [ 153.0148, -27.4218 ] } },
{ "type": "Feature", "properties": { "decimalLatitude": -35.1838, "decimalLongitude": 149.1704, "month": 7, "species_sci": "Hirundo neoxena", "species_com": "Welcome Swallow" }, "geometry": { "type": "Point", "coordinates": [ 149.1704, -35.1838 ] } },
{ "type": "Feature", "properties": { "decimalLatitude": -27.3183, "decimalLongitude": 153.0724, "month": 7, "species_sci": "Hirundo neoxena", "species_com": "Welcome Swallow" }, "geometry": { "type": "Point", "coordinates": [ 153.0724, -27.3183 ] } },
{ "type": "Feature", "properties": { "decimalLatitude": -30.4123, "decimalLongitude": 153.0741, "month": 7, "species_sci": "Hirundo neoxena", "species_com": "Welcome Swallow" }, "geometry": { "type": "Point", "coordinates": [ 153.0741, -30.4123 ] } },
{ "type": "Feature", "properties": { "decimalLatitude": -33.2136, "decimalLongitude": 149.1367, "month": 7, "species_sci": "Hirundo neoxena", "species_com": "Welcome Swallow" }, "geometry": { "type": "Point", "coordinates": [ 149.1367, -33.2136 ] } },
{ "type": "Feature", "properties": { "decimalLatitude": -37.994, "decimalLongitude": 144.582, "month": 7, "species_sci": "Hirundo neoxena", "species_com": "Welcome Swallow" }, "geometry": { "type": "Point", "coordinates": [ 144.582, -37.994 ] } },
{ "type": "Feature", "properties": { "decimalLatitude": -31.6538, "decimalLongitude": 116.6693, "month": 7, "species_sci": "Hirundo neoxena", "species_com": "Welcome Swallow" }, "geometry": { "type": "Point", "coordinates": [ 116.6693, -31.6538 ] } },
{ "type": "Feature", "properties": { "decimalLatitude": -25.4524, "decimalLongitude": 152.8376, "month": 7, "species_sci": "Hirundo neoxena", "species_com": "Welcome Swallow" }, "geometry": { "type": "Point", "coordinates": [ 152.8376, -25.4524 ] } },
{ "type": "Feature", "properties": { "decimalLatitude": -17.295, "decimalLongitude": 146.0005, "month": 7, "species_sci": "Hirundo neoxena", "species_com": "Welcome Swallow" }, "geometry": { "type": "Point", "coordinates": [ 146.0005, -17.295 ] } },
{ "type": "Feature", "properties": { "decimalLatitude": -43.6471, "decimalLongitude": 172.4638, "month": 7, "species_sci": "Hirundo neoxena", "species_com": "Welcome Swallow" }, "geometry": { "type": "Point", "coordinates": [ 172.4638, -43.6471 ] } },
{ "type": "Feature", "properties": { "decimalLatitude": -33.326, "decimalLongitude": 115.6574, "month": 7, "species_sci": "Hirundo neoxena", "species_com": "Welcome Swallow" }, "geometry": { "type": "Point", "coordinates": [ 115.6574, -33.326 ] } },
{ "type": "Feature", "properties": { "decimalLatitude": -19.2659, "decimalLongitude": 146.8317, "month": 7, "species_sci": "Hirundo neoxena", "species_com": "Welcome Swallow" }, "geometry": { "type": "Point", "coordinates": [ 146.8317, -19.2659 ] } },
{ "type": "Feature", "properties": { "decimalLatitude": -32.7065, "decimalLongitude": 147.7692, "month": 8, "species_sci": "Hirundo neoxena", "species_com": "Welcome Swallow" }, "geometry": { "type": "Point", "coordinates": [ 147.7692, -32.7065 ] } },
{ "type": "Feature", "properties": { "decimalLatitude": -37.7824, "decimalLongitude": 144.9432, "month": 8, "species_sci": "Hirundo neoxena", "species_com": "Welcome Swallow" }, "geometry": { "type": "Point", "coordinates": [ 144.9432, -37.7824 ] } },
{ "type": "Feature", "properties": { "decimalLatitude": -43.2873, "decimalLongitude": 172.7159, "month": 8, "species_sci": "Hirundo neoxena", "species_com": "Welcome Swallow" }, "geometry": { "type": "Point", "coordinates": [ 172.7159, -43.2873 ] } },
{ "type": "Feature", "properties": { "decimalLatitude": -40.7902, "decimalLongitude": 145.2727, "month": 8, "species_sci": "Hirundo neoxena", "species_com": "Welcome Swallow" }, "geometry": { "type": "Point", "coordinates": [ 145.2727, -40.7902 ] } },
{ "type": "Feature", "properties": { "decimalLatitude": -32.246, "decimalLongitude": 148.601, "month": 8, "species_sci": "Hirundo neoxena", "species_com": "Welcome Swallow" }, "geometry": { "type": "Point", "coordinates": [ 148.601, -32.246 ] } },
{ "type": "Feature", "properties": { "decimalLatitude": -33.485, "decimalLongitude": 151.37, "month": 8, "species_sci": "Hirundo neoxena", "species_com": "Welcome Swallow" }, "geometry": { "type": "Point", "coordinates": [ 151.37, -33.485 ] } },
{ "type": "Feature", "properties": { "decimalLatitude": -33.0525, "decimalLongitude": 151.468, "month": 8, "species_sci": "Hirundo neoxena", "species_com": "Welcome Swallow" }, "geometry": { "type": "Point", "coordinates": [ 151.468, -33.0525 ] } },
{ "type": "Feature", "properties": { "decimalLatitude": -35.0623, "decimalLongitude": 138.5544, "month": 8, "species_sci": "Hirundo neoxena", "species_com": "Welcome Swallow" }, "geometry": { "type": "Point", "coordinates": [ 138.5544, -35.0623 ] } },
{ "type": "Feature", "properties": { "decimalLatitude": -27.4727, "decimalLongitude": 152.9715, "month": 8, "species_sci": "Hirundo neoxena", "species_com": "Welcome Swallow" }, "geometry": { "type": "Point", "coordinates": [ 152.9715, -27.4727 ] } },
{ "type": "Feature", "properties": { "decimalLatitude": -27.9121, "decimalLongitude": 153.2807, "month": 8, "species_sci": "Hirundo neoxena", "species_com": "Welcome Swallow" }, "geometry": { "type": "Point", "coordinates": [ 153.2807, -27.9121 ] } },
{ "type": "Feature", "properties": { "decimalLatitude": -31.4774, "decimalLongitude": 152.9144, "month": 8, "species_sci": "Hirundo neoxena", "species_com": "Welcome Swallow" }, "geometry": { "type": "Point", "coordinates": [ 152.9144, -31.4774 ] } },
{ "type": "Feature", "properties": { "decimalLatitude": -27.4148, "decimalLongitude": 151.8912, "month": 8, "species_sci": "Hirundo neoxena", "species_com": "Welcome Swallow" }, "geometry": { "type": "Point", "coordinates": [ 151.8912, -27.4148 ] } },
{ "type": "Feature", "properties": { "decimalLatitude": -32.5121, "decimalLongitude": 142.2047, "month": 8, "species_sci": "Hirundo neoxena", "species_com": "Welcome Swallow" }, "geometry": { "type": "Point", "coordinates": [ 142.2047, -32.5121 ] } },
{ "type": "Feature", "properties": { "decimalLatitude": -27.4533, "decimalLongitude": 153.1937, "month": 8, "species_sci": "Hirundo neoxena", "species_com": "Welcome Swallow" }, "geometry": { "type": "Point", "coordinates": [ 153.1937, -27.4533 ] } },
{ "type": "Feature", "properties": { "decimalLatitude": -16.8993, "decimalLongitude": 145.7473, "month": 8, "species_sci": "Hirundo neoxena", "species_com": "Welcome Swallow" }, "geometry": { "type": "Point", "coordinates": [ 145.7473, -16.8993 ] } },
{ "type": "Feature", "properties": { "decimalLatitude": -32.8623, "decimalLongitude": 151.6849, "month": 8, "species_sci": "Hirundo neoxena", "species_com": "Welcome Swallow" }, "geometry": { "type": "Point", "coordinates": [ 151.6849, -32.8623 ] } },
{ "type": "Feature", "properties": { "decimalLatitude": -16.9041, "decimalLongitude": 145.7631, "month": 8, "species_sci": "Hirundo neoxena", "species_com": "Welcome Swallow" }, "geometry": { "type": "Point", "coordinates": [ 145.7631, -16.9041 ] } },
{ "type": "Feature", "properties": { "decimalLatitude": -34.5608, "decimalLongitude": 150.8665, "month": 8, "species_sci": "Hirundo neoxena", "species_com": "Welcome Swallow" }, "geometry": { "type": "Point", "coordinates": [ 150.8665, -34.5608 ] } },
{ "type": "Feature", "properties": { "decimalLatitude": -27.225, "decimalLongitude": 153.0651, "month": 8, "species_sci": "Hirundo neoxena", "species_com": "Welcome Swallow" }, "geometry": { "type": "Point", "coordinates": [ 153.0651, -27.225 ] } },
{ "type": "Feature", "properties": { "decimalLatitude": -32.7016, "decimalLongitude": 152.0621, "month": 8, "species_sci": "Hirundo neoxena", "species_com": "Welcome Swallow" }, "geometry": { "type": "Point", "coordinates": [ 152.0621, -32.7016 ] } },
{ "type": "Feature", "properties": { "decimalLatitude": -35.2796, "decimalLongitude": 149.1142, "month": 8, "species_sci": "Hirundo neoxena", "species_com": "Welcome Swallow" }, "geometry": { "type": "Point", "coordinates": [ 149.1142, -35.2796 ] } },
{ "type": "Feature", "properties": { "decimalLatitude": -35.0953, "decimalLongitude": 150.6844, "month": 8, "species_sci": "Hirundo neoxena", "species_com": "Welcome Swallow" }, "geometry": { "type": "Point", "coordinates": [ 150.6844, -35.0953 ] } },
{ "type": "Feature", "properties": { "decimalLatitude": -35.3306, "decimalLongitude": 139.3841, "month": 8, "species_sci": "Hirundo neoxena", "species_com": "Welcome Swallow" }, "geometry": { "type": "Point", "coordinates": [ 139.3841, -35.3306 ] } },
{ "type": "Feature", "properties": { "decimalLatitude": -34.8047, "decimalLongitude": 138.5995, "month": 8, "species_sci": "Hirundo neoxena", "species_com": "Welcome Swallow" }, "geometry": { "type": "Point", "coordinates": [ 138.5995, -34.8047 ] } },
{ "type": "Feature", "properties": { "decimalLatitude": -25.2956, "decimalLongitude": 152.8335, "month": 8, "species_sci": "Hirundo neoxena", "species_com": "Welcome Swallow" }, "geometry": { "type": "Point", "coordinates": [ 152.8335, -25.2956 ] } },
{ "type": "Feature", "properties": { "decimalLatitude": -34.805, "decimalLongitude": 138.598, "month": 8, "species_sci": "Hirundo neoxena", "species_com": "Welcome Swallow" }, "geometry": { "type": "Point", "coordinates": [ 138.598, -34.805 ] } },
{ "type": "Feature", "properties": { "decimalLatitude": -37.7125, "decimalLongitude": 145.2876, "month": 8, "species_sci": "Hirundo neoxena", "species_com": "Welcome Swallow" }, "geometry": { "type": "Point", "coordinates": [ 145.2876, -37.7125 ] } },
{ "type": "Feature", "properties": { "decimalLatitude": -35.5864, "decimalLongitude": 138.5989, "month": 8, "species_sci": "Hirundo neoxena", "species_com": "Welcome Swallow" }, "geometry": { "type": "Point", "coordinates": [ 138.5989, -35.5864 ] } },
{ "type": "Feature", "properties": { "decimalLatitude": -33.0194, "decimalLongitude": 151.6988, "month": 8, "species_sci": "Hirundo neoxena", "species_com": "Welcome Swallow" }, "geometry": { "type": "Point", "coordinates": [ 151.6988, -33.0194 ] } },
{ "type": "Feature", "properties": { "decimalLatitude": -36.4444, "decimalLongitude": 146.1533, "month": 8, "species_sci": "Hirundo neoxena", "species_com": "Welcome Swallow" }, "geometry": { "type": "Point", "coordinates": [ 146.1533, -36.4444 ] } },
{ "type": "Feature", "properties": { "decimalLatitude": -37.83, "decimalLongitude": 144.9088, "month": 8, "species_sci": "Hirundo neoxena", "species_com": "Welcome Swallow" }, "geometry": { "type": "Point", "coordinates": [ 144.9088, -37.83 ] } },
{ "type": "Feature", "properties": { "decimalLatitude": -15.4496, "decimalLongitude": 145.1775, "month": 8, "species_sci": "Hirundo neoxena", "species_com": "Welcome Swallow" }, "geometry": { "type": "Point", "coordinates": [ 145.1775, -15.4496 ] } },
{ "type": "Feature", "properties": { "decimalLatitude": -35.3147, "decimalLongitude": 149.1586, "month": 8, "species_sci": "Hirundo neoxena", "species_com": "Welcome Swallow" }, "geometry": { "type": "Point", "coordinates": [ 149.1586, -35.3147 ] } },
{ "type": "Feature", "properties": { "decimalLatitude": -31.9988, "decimalLongitude": 115.5139, "month": 8, "species_sci": "Hirundo neoxena", "species_com": "Welcome Swallow" }, "geometry": { "type": "Point", "coordinates": [ 115.5139, -31.9988 ] } },
{ "type": "Feature", "properties": { "decimalLatitude": -32.183, "decimalLongitude": 148.4682, "month": 8, "species_sci": "Hirundo neoxena", "species_com": "Welcome Swallow" }, "geometry": { "type": "Point", "coordinates": [ 148.4682, -32.183 ] } },
{ "type": "Feature", "properties": { "decimalLatitude": -35.085, "decimalLongitude": 149.0073, "month": 8, "species_sci": "Hirundo neoxena", "species_com": "Welcome Swallow" }, "geometry": { "type": "Point", "coordinates": [ 149.0073, -35.085 ] } },
{ "type": "Feature", "properties": { "decimalLatitude": -27.969, "decimalLongitude": 153.4255, "month": 8, "species_sci": "Hirundo neoxena", "species_com": "Welcome Swallow" }, "geometry": { "type": "Point", "coordinates": [ 153.4255, -27.969 ] } },
{ "type": "Feature", "properties": { "decimalLatitude": -37.918, "decimalLongitude": 145.2083, "month": 8, "species_sci": "Hirundo neoxena", "species_com": "Welcome Swallow" }, "geometry": { "type": "Point", "coordinates": [ 145.2083, -37.918 ] } },
{ "type": "Feature", "properties": { "decimalLatitude": -27.5084, "decimalLongitude": 152.3579, "month": 8, "species_sci": "Hirundo neoxena", "species_com": "Welcome Swallow" }, "geometry": { "type": "Point", "coordinates": [ 152.3579, -27.5084 ] } },
{ "type": "Feature", "properties": { "decimalLatitude": -37.6302, "decimalLongitude": 144.8959, "month": 8, "species_sci": "Hirundo neoxena", "species_com": "Welcome Swallow" }, "geometry": { "type": "Point", "coordinates": [ 144.8959, -37.6302 ] } },
{ "type": "Feature", "properties": { "decimalLatitude": -28.1619, "decimalLongitude": 153.1532, "month": 8, "species_sci": "Hirundo neoxena", "species_com": "Welcome Swallow" }, "geometry": { "type": "Point", "coordinates": [ 153.1532, -28.1619 ] } },
{ "type": "Feature", "properties": { "decimalLatitude": -37.1812, "decimalLongitude": 175.3231, "month": 8, "species_sci": "Hirundo neoxena", "species_com": "Welcome Swallow" }, "geometry": { "type": "Point", "coordinates": [ 175.3231, -37.1812 ] } },
{ "type": "Feature", "properties": { "decimalLatitude": -34.8261, "decimalLongitude": 150.6544, "month": 8, "species_sci": "Hirundo neoxena", "species_com": "Welcome Swallow" }, "geometry": { "type": "Point", "coordinates": [ 150.6544, -34.8261 ] } },
{ "type": "Feature", "properties": { "decimalLatitude": -37.8419, "decimalLongitude": 145.1381, "month": 8, "species_sci": "Hirundo neoxena", "species_com": "Welcome Swallow" }, "geometry": { "type": "Point", "coordinates": [ 145.1381, -37.8419 ] } },
{ "type": "Feature", "properties": { "decimalLatitude": -37.7293, "decimalLongitude": 144.6723, "month": 8, "species_sci": "Hirundo neoxena", "species_com": "Welcome Swallow" }, "geometry": { "type": "Point", "coordinates": [ 144.6723, -37.7293 ] } },
{ "type": "Feature", "properties": { "decimalLatitude": -16.8088, "decimalLongitude": 145.7154, "month": 8, "species_sci": "Hirundo neoxena", "species_com": "Welcome Swallow" }, "geometry": { "type": "Point", "coordinates": [ 145.7154, -16.8088 ] } },
{ "type": "Feature", "properties": { "decimalLatitude": -25.9827, "decimalLongitude": 152.9697, "month": 8, "species_sci": "Hirundo neoxena", "species_com": "Welcome Swallow" }, "geometry": { "type": "Point", "coordinates": [ 152.9697, -25.9827 ] } },
{ "type": "Feature", "properties": { "decimalLatitude": -16.8295, "decimalLongitude": 145.7027, "month": 8, "species_sci": "Hirundo neoxena", "species_com": "Welcome Swallow" }, "geometry": { "type": "Point", "coordinates": [ 145.7027, -16.8295 ] } },
{ "type": "Feature", "properties": { "decimalLatitude": -35.1235, "decimalLongitude": 138.6825, "month": 8, "species_sci": "Hirundo neoxena", "species_com": "Welcome Swallow" }, "geometry": { "type": "Point", "coordinates": [ 138.6825, -35.1235 ] } },
{ "type": "Feature", "properties": { "decimalLatitude": -34.6226, "decimalLongitude": 135.4523, "month": 8, "species_sci": "Hirundo neoxena", "species_com": "Welcome Swallow" }, "geometry": { "type": "Point", "coordinates": [ 135.4523, -34.6226 ] } },
{ "type": "Feature", "properties": { "decimalLatitude": -26.4219, "decimalLongitude": 135.4996, "month": 8, "species_sci": "Hirundo neoxena", "species_com": "Welcome Swallow" }, "geometry": { "type": "Point", "coordinates": [ 135.4996, -26.4219 ] } },
{ "type": "Feature", "properties": { "decimalLatitude": -27.9955, "decimalLongitude": 153.0301, "month": 8, "species_sci": "Hirundo neoxena", "species_com": "Welcome Swallow" }, "geometry": { "type": "Point", "coordinates": [ 153.0301, -27.9955 ] } },
{ "type": "Feature", "properties": { "decimalLatitude": -31.3328, "decimalLongitude": 138.6186, "month": 8, "species_sci": "Hirundo neoxena", "species_com": "Welcome Swallow" }, "geometry": { "type": "Point", "coordinates": [ 138.6186, -31.3328 ] } },
{ "type": "Feature", "properties": { "decimalLatitude": -25.5493, "decimalLongitude": 152.679, "month": 8, "species_sci": "Hirundo neoxena", "species_com": "Welcome Swallow" }, "geometry": { "type": "Point", "coordinates": [ 152.679, -25.5493 ] } },
{ "type": "Feature", "properties": { "decimalLatitude": -27.1795, "decimalLongitude": 153.3726, "month": 8, "species_sci": "Hirundo neoxena", "species_com": "Welcome Swallow" }, "geometry": { "type": "Point", "coordinates": [ 153.3726, -27.1795 ] } },
{ "type": "Feature", "properties": { "decimalLatitude": -33.9279, "decimalLongitude": 151.261, "month": 8, "species_sci": "Hirundo neoxena", "species_com": "Welcome Swallow" }, "geometry": { "type": "Point", "coordinates": [ 151.261, -33.9279 ] } },
{ "type": "Feature", "properties": { "decimalLatitude": -25.2652, "decimalLongitude": 152.5786, "month": 8, "species_sci": "Hirundo neoxena", "species_com": "Welcome Swallow" }, "geometry": { "type": "Point", "coordinates": [ 152.5786, -25.2652 ] } },
{ "type": "Feature", "properties": { "decimalLatitude": -34.2285, "decimalLongitude": 150.7098, "month": 8, "species_sci": "Hirundo neoxena", "species_com": "Welcome Swallow" }, "geometry": { "type": "Point", "coordinates": [ 150.7098, -34.2285 ] } },
{ "type": "Feature", "properties": { "decimalLatitude": -35.1399, "decimalLongitude": 139.297, "month": 8, "species_sci": "Hirundo neoxena", "species_com": "Welcome Swallow" }, "geometry": { "type": "Point", "coordinates": [ 139.297, -35.1399 ] } },
{ "type": "Feature", "properties": { "decimalLatitude": -38.4568, "decimalLongitude": 145.2087, "month": 8, "species_sci": "Hirundo neoxena", "species_com": "Welcome Swallow" }, "geometry": { "type": "Point", "coordinates": [ 145.2087, -38.4568 ] } },
{ "type": "Feature", "properties": { "decimalLatitude": -33.7951, "decimalLongitude": 151.1437, "month": 8, "species_sci": "Hirundo neoxena", "species_com": "Welcome Swallow" }, "geometry": { "type": "Point", "coordinates": [ 151.1437, -33.7951 ] } },
{ "type": "Feature", "properties": { "decimalLatitude": -34.8326, "decimalLongitude": 150.5989, "month": 8, "species_sci": "Hirundo neoxena", "species_com": "Welcome Swallow" }, "geometry": { "type": "Point", "coordinates": [ 150.5989, -34.8326 ] } },
{ "type": "Feature", "properties": { "decimalLatitude": -36.3754, "decimalLongitude": 145.3556, "month": 8, "species_sci": "Hirundo neoxena", "species_com": "Welcome Swallow" }, "geometry": { "type": "Point", "coordinates": [ 145.3556, -36.3754 ] } },
{ "type": "Feature", "properties": { "decimalLatitude": -27.225, "decimalLongitude": 153.0651, "month": 8, "species_sci": "Hirundo neoxena", "species_com": "Welcome Swallow" }, "geometry": { "type": "Point", "coordinates": [ 153.0651, -27.225 ] } },
{ "type": "Feature", "properties": { "decimalLatitude": -38.8292, "decimalLongitude": 143.5832, "month": 8, "species_sci": "Hirundo neoxena", "species_com": "Welcome Swallow" }, "geometry": { "type": "Point", "coordinates": [ 143.5832, -38.8292 ] } },
{ "type": "Feature", "properties": { "decimalLatitude": -37.5921, "decimalLongitude": 145.3056, "month": 8, "species_sci": "Hirundo neoxena", "species_com": "Welcome Swallow" }, "geometry": { "type": "Point", "coordinates": [ 145.3056, -37.5921 ] } },
{ "type": "Feature", "properties": { "decimalLatitude": -37.788, "decimalLongitude": 144.9029, "month": 8, "species_sci": "Hirundo neoxena", "species_com": "Welcome Swallow" }, "geometry": { "type": "Point", "coordinates": [ 144.9029, -37.788 ] } },
{ "type": "Feature", "properties": { "decimalLatitude": -17.0491, "decimalLongitude": 145.4126, "month": 8, "species_sci": "Hirundo neoxena", "species_com": "Welcome Swallow" }, "geometry": { "type": "Point", "coordinates": [ 145.4126, -17.0491 ] } },
{ "type": "Feature", "properties": { "decimalLatitude": -16.8594, "decimalLongitude": 145.7535, "month": 8, "species_sci": "Hirundo neoxena", "species_com": "Welcome Swallow" }, "geometry": { "type": "Point", "coordinates": [ 145.7535, -16.8594 ] } },
{ "type": "Feature", "properties": { "decimalLatitude": -27.225, "decimalLongitude": 153.0651, "month": 8, "species_sci": "Hirundo neoxena", "species_com": "Welcome Swallow" }, "geometry": { "type": "Point", "coordinates": [ 153.0651, -27.225 ] } },
{ "type": "Feature", "properties": { "decimalLatitude": -37.9419, "decimalLongitude": 145.0828, "month": 8, "species_sci": "Hirundo neoxena", "species_com": "Welcome Swallow" }, "geometry": { "type": "Point", "coordinates": [ 145.0828, -37.9419 ] } },
{ "type": "Feature", "properties": { "decimalLatitude": -35.3172, "decimalLongitude": 138.4508, "month": 8, "species_sci": "Hirundo neoxena", "species_com": "Welcome Swallow" }, "geometry": { "type": "Point", "coordinates": [ 138.4508, -35.3172 ] } },
{ "type": "Feature", "properties": { "decimalLatitude": -26.6099, "decimalLongitude": 153.0559, "month": 8, "species_sci": "Hirundo neoxena", "species_com": "Welcome Swallow" }, "geometry": { "type": "Point", "coordinates": [ 153.0559, -26.6099 ] } },
{ "type": "Feature", "properties": { "decimalLatitude": -27.6049, "decimalLongitude": 153.0913, "month": 8, "species_sci": "Hirundo neoxena", "species_com": "Welcome Swallow" }, "geometry": { "type": "Point", "coordinates": [ 153.0913, -27.6049 ] } },
{ "type": "Feature", "properties": { "decimalLatitude": -33.6398, "decimalLongitude": 151.0449, "month": 8, "species_sci": "Hirundo neoxena", "species_com": "Welcome Swallow" }, "geometry": { "type": "Point", "coordinates": [ 151.0449, -33.6398 ] } },
{ "type": "Feature", "properties": { "decimalLatitude": -36.3754, "decimalLongitude": 145.3556, "month": 8, "species_sci": "Hirundo neoxena", "species_com": "Welcome Swallow" }, "geometry": { "type": "Point", "coordinates": [ 145.3556, -36.3754 ] } },
{ "type": "Feature", "properties": { "decimalLatitude": -34.4923, "decimalLongitude": 150.8733, "month": 8, "species_sci": "Hirundo neoxena", "species_com": "Welcome Swallow" }, "geometry": { "type": "Point", "coordinates": [ 150.8733, -34.4923 ] } },
{ "type": "Feature", "properties": { "decimalLatitude": -36.035, "decimalLongitude": 146.9911, "month": 8, "species_sci": "Hirundo neoxena", "species_com": "Welcome Swallow" }, "geometry": { "type": "Point", "coordinates": [ 146.9911, -36.035 ] } },
{ "type": "Feature", "properties": { "decimalLatitude": -16.9177, "decimalLongitude": 145.7758, "month": 8, "species_sci": "Hirundo neoxena", "species_com": "Welcome Swallow" }, "geometry": { "type": "Point", "coordinates": [ 145.7758, -16.9177 ] } },
{ "type": "Feature", "properties": { "decimalLatitude": -38.6944, "decimalLongitude": 145.8053, "month": 8, "species_sci": "Hirundo neoxena", "species_com": "Welcome Swallow" }, "geometry": { "type": "Point", "coordinates": [ 145.8053, -38.6944 ] } },
{ "type": "Feature", "properties": { "decimalLatitude": -33.8559, "decimalLongitude": 151.2845, "month": 8, "species_sci": "Hirundo neoxena", "species_com": "Welcome Swallow" }, "geometry": { "type": "Point", "coordinates": [ 151.2845, -33.8559 ] } },
{ "type": "Feature", "properties": { "decimalLatitude": -37.9516, "decimalLongitude": 144.6358, "month": 8, "species_sci": "Hirundo neoxena", "species_com": "Welcome Swallow" }, "geometry": { "type": "Point", "coordinates": [ 144.6358, -37.9516 ] } },
{ "type": "Feature", "properties": { "decimalLatitude": -35.5611, "decimalLongitude": 138.6131, "month": 8, "species_sci": "Hirundo neoxena", "species_com": "Welcome Swallow" }, "geometry": { "type": "Point", "coordinates": [ 138.6131, -35.5611 ] } },
{ "type": "Feature", "properties": { "decimalLatitude": -34.6871, "decimalLongitude": 138.8729, "month": 8, "species_sci": "Hirundo neoxena", "species_com": "Welcome Swallow" }, "geometry": { "type": "Point", "coordinates": [ 138.8729, -34.6871 ] } },
{ "type": "Feature", "properties": { "decimalLatitude": -37.6473, "decimalLongitude": 144.4394, "month": 8, "species_sci": "Hirundo neoxena", "species_com": "Welcome Swallow" }, "geometry": { "type": "Point", "coordinates": [ 144.4394, -37.6473 ] } },
{ "type": "Feature", "properties": { "decimalLatitude": -38.4622, "decimalLongitude": 145.2839, "month": 8, "species_sci": "Hirundo neoxena", "species_com": "Welcome Swallow" }, "geometry": { "type": "Point", "coordinates": [ 145.2839, -38.4622 ] } },
{ "type": "Feature", "properties": { "decimalLatitude": -34.3254, "decimalLongitude": 150.9234, "month": 8, "species_sci": "Hirundo neoxena", "species_com": "Welcome Swallow" }, "geometry": { "type": "Point", "coordinates": [ 150.9234, -34.3254 ] } },
{ "type": "Feature", "properties": { "decimalLatitude": -32.0322, "decimalLongitude": 126.235, "month": 8, "species_sci": "Hirundo neoxena", "species_com": "Welcome Swallow" }, "geometry": { "type": "Point", "coordinates": [ 126.235, -32.0322 ] } },
{ "type": "Feature", "properties": { "decimalLatitude": -38.1447, "decimalLongitude": 144.3651, "month": 8, "species_sci": "Hirundo neoxena", "species_com": "Welcome Swallow" }, "geometry": { "type": "Point", "coordinates": [ 144.3651, -38.1447 ] } },
{ "type": "Feature", "properties": { "decimalLatitude": -29.5021, "decimalLongitude": 153.0667, "month": 8, "species_sci": "Hirundo neoxena", "species_com": "Welcome Swallow" }, "geometry": { "type": "Point", "coordinates": [ 153.0667, -29.5021 ] } },
{ "type": "Feature", "properties": { "decimalLatitude": -16.9186, "decimalLongitude": 145.7766, "month": 8, "species_sci": "Hirundo neoxena", "species_com": "Welcome Swallow" }, "geometry": { "type": "Point", "coordinates": [ 145.7766, -16.9186 ] } },
{ "type": "Feature", "properties": { "decimalLatitude": -16.809, "decimalLongitude": 145.7156, "month": 8, "species_sci": "Hirundo neoxena", "species_com": "Welcome Swallow" }, "geometry": { "type": "Point", "coordinates": [ 145.7156, -16.809 ] } },
{ "type": "Feature", "properties": { "decimalLatitude": -35.5269, "decimalLongitude": 138.6733, "month": 8, "species_sci": "Hirundo neoxena", "species_com": "Welcome Swallow" }, "geometry": { "type": "Point", "coordinates": [ 138.6733, -35.5269 ] } },
{ "type": "Feature", "properties": { "decimalLatitude": -41.6744, "decimalLongitude": 146.9106, "month": 8, "species_sci": "Hirundo neoxena", "species_com": "Welcome Swallow" }, "geometry": { "type": "Point", "coordinates": [ 146.9106, -41.6744 ] } },
{ "type": "Feature", "properties": { "decimalLatitude": -27.4741, "decimalLongitude": 152.9828, "month": 8, "species_sci": "Hirundo neoxena", "species_com": "Welcome Swallow" }, "geometry": { "type": "Point", "coordinates": [ 152.9828, -27.4741 ] } },
{ "type": "Feature", "properties": { "decimalLatitude": -34.4648, "decimalLongitude": 150.7965, "month": 8, "species_sci": "Hirundo neoxena", "species_com": "Welcome Swallow" }, "geometry": { "type": "Point", "coordinates": [ 150.7965, -34.4648 ] } },
{ "type": "Feature", "properties": { "decimalLatitude": -36.0979, "decimalLongitude": 173.8702, "month": 8, "species_sci": "Hirundo neoxena", "species_com": "Welcome Swallow" }, "geometry": { "type": "Point", "coordinates": [ 173.8702, -36.0979 ] } },
{ "type": "Feature", "properties": { "decimalLatitude": -36.227, "decimalLongitude": 140.2753, "month": 8, "species_sci": "Hirundo neoxena", "species_com": "Welcome Swallow" }, "geometry": { "type": "Point", "coordinates": [ 140.2753, -36.227 ] } },
{ "type": "Feature", "properties": { "decimalLatitude": -34.7914, "decimalLongitude": 135.8017, "month": 8, "species_sci": "Hirundo neoxena", "species_com": "Welcome Swallow" }, "geometry": { "type": "Point", "coordinates": [ 135.8017, -34.7914 ] } },
{ "type": "Feature", "properties": { "decimalLatitude": -34.8643, "decimalLongitude": 135.7161, "month": 8, "species_sci": "Hirundo neoxena", "species_com": "Welcome Swallow" }, "geometry": { "type": "Point", "coordinates": [ 135.7161, -34.8643 ] } },
{ "type": "Feature", "properties": { "decimalLatitude": -37.5648, "decimalLongitude": 144.9133, "month": 8, "species_sci": "Hirundo neoxena", "species_com": "Welcome Swallow" }, "geometry": { "type": "Point", "coordinates": [ 144.9133, -37.5648 ] } },
{ "type": "Feature", "properties": { "decimalLatitude": -34.4097, "decimalLongitude": 150.8982, "month": 8, "species_sci": "Hirundo neoxena", "species_com": "Welcome Swallow" }, "geometry": { "type": "Point", "coordinates": [ 150.8982, -34.4097 ] } },
{ "type": "Feature", "properties": { "decimalLatitude": -23.4083, "decimalLongitude": 144.2284, "month": 8, "species_sci": "Hirundo neoxena", "species_com": "Welcome Swallow" }, "geometry": { "type": "Point", "coordinates": [ 144.2284, -23.4083 ] } },
{ "type": "Feature", "properties": { "decimalLatitude": -36.1377, "decimalLongitude": 146.6477, "month": 8, "species_sci": "Hirundo neoxena", "species_com": "Welcome Swallow" }, "geometry": { "type": "Point", "coordinates": [ 146.6477, -36.1377 ] } },
{ "type": "Feature", "properties": { "decimalLatitude": -36.0348, "decimalLongitude": 146.9923, "month": 8, "species_sci": "Hirundo neoxena", "species_com": "Welcome Swallow" }, "geometry": { "type": "Point", "coordinates": [ 146.9923, -36.0348 ] } },
{ "type": "Feature", "properties": { "decimalLatitude": -27.3923, "decimalLongitude": 152.859, "month": 8, "species_sci": "Hirundo neoxena", "species_com": "Welcome Swallow" }, "geometry": { "type": "Point", "coordinates": [ 152.859, -27.3923 ] } },
{ "type": "Feature", "properties": { "decimalLatitude": -27.5147, "decimalLongitude": 151.8612, "month": 8, "species_sci": "Hirundo neoxena", "species_com": "Welcome Swallow" }, "geometry": { "type": "Point", "coordinates": [ 151.8612, -27.5147 ] } },
{ "type": "Feature", "properties": { "decimalLatitude": -33.8871, "decimalLongitude": 151.1842, "month": 8, "species_sci": "Hirundo neoxena", "species_com": "Welcome Swallow" }, "geometry": { "type": "Point", "coordinates": [ 151.1842, -33.8871 ] } },
{ "type": "Feature", "properties": { "decimalLatitude": -35.3662, "decimalLongitude": 138.9021, "month": 8, "species_sci": "Hirundo neoxena", "species_com": "Welcome Swallow" }, "geometry": { "type": "Point", "coordinates": [ 138.9021, -35.3662 ] } },
{ "type": "Feature", "properties": { "decimalLatitude": -16.5525, "decimalLongitude": 145.4813, "month": 8, "species_sci": "Hirundo neoxena", "species_com": "Welcome Swallow" }, "geometry": { "type": "Point", "coordinates": [ 145.4813, -16.5525 ] } },
{ "type": "Feature", "properties": { "decimalLatitude": -37.8132, "decimalLongitude": 144.9814, "month": 8, "species_sci": "Hirundo neoxena", "species_com": "Welcome Swallow" }, "geometry": { "type": "Point", "coordinates": [ 144.9814, -37.8132 ] } },
{ "type": "Feature", "properties": { "decimalLatitude": -33.9275, "decimalLongitude": 136.572, "month": 8, "species_sci": "Hirundo neoxena", "species_com": "Welcome Swallow" }, "geometry": { "type": "Point", "coordinates": [ 136.572, -33.9275 ] } },
{ "type": "Feature", "properties": { "decimalLatitude": -17.2428, "decimalLongitude": 145.9481, "month": 8, "species_sci": "Hirundo neoxena", "species_com": "Welcome Swallow" }, "geometry": { "type": "Point", "coordinates": [ 145.9481, -17.2428 ] } },
{ "type": "Feature", "properties": { "decimalLatitude": -27.6015, "decimalLongitude": 153.1457, "month": 8, "species_sci": "Hirundo neoxena", "species_com": "Welcome Swallow" }, "geometry": { "type": "Point", "coordinates": [ 153.1457, -27.6015 ] } },
{ "type": "Feature", "properties": { "decimalLatitude": -36.0698, "decimalLongitude": 146.8454, "month": 8, "species_sci": "Hirundo neoxena", "species_com": "Welcome Swallow" }, "geometry": { "type": "Point", "coordinates": [ 146.8454, -36.0698 ] } },
{ "type": "Feature", "properties": { "decimalLatitude": -35.1061, "decimalLongitude": 148.3157, "month": 8, "species_sci": "Hirundo neoxena", "species_com": "Welcome Swallow" }, "geometry": { "type": "Point", "coordinates": [ 148.3157, -35.1061 ] } },
{ "type": "Feature", "properties": { "decimalLatitude": -38.0474, "decimalLongitude": 144.504, "month": 8, "species_sci": "Hirundo neoxena", "species_com": "Welcome Swallow" }, "geometry": { "type": "Point", "coordinates": [ 144.504, -38.0474 ] } },
{ "type": "Feature", "properties": { "decimalLatitude": -35.3161, "decimalLongitude": 139.0926, "month": 8, "species_sci": "Hirundo neoxena", "species_com": "Welcome Swallow" }, "geometry": { "type": "Point", "coordinates": [ 139.0926, -35.3161 ] } },
{ "type": "Feature", "properties": { "decimalLatitude": -35.0885, "decimalLongitude": 138.5558, "month": 8, "species_sci": "Hirundo neoxena", "species_com": "Welcome Swallow" }, "geometry": { "type": "Point", "coordinates": [ 138.5558, -35.0885 ] } },
{ "type": "Feature", "properties": { "decimalLatitude": -16.9048, "decimalLongitude": 145.7477, "month": 8, "species_sci": "Hirundo neoxena", "species_com": "Welcome Swallow" }, "geometry": { "type": "Point", "coordinates": [ 145.7477, -16.9048 ] } },
{ "type": "Feature", "properties": { "decimalLatitude": -34.5143, "decimalLongitude": 144.0244, "month": 8, "species_sci": "Hirundo neoxena", "species_com": "Welcome Swallow" }, "geometry": { "type": "Point", "coordinates": [ 144.0244, -34.5143 ] } },
{ "type": "Feature", "properties": { "decimalLatitude": -32.671, "decimalLongitude": 152.1707, "month": 8, "species_sci": "Hirundo neoxena", "species_com": "Welcome Swallow" }, "geometry": { "type": "Point", "coordinates": [ 152.1707, -32.671 ] } },
{ "type": "Feature", "properties": { "decimalLatitude": -27.9347, "decimalLongitude": 152.746, "month": 8, "species_sci": "Hirundo neoxena", "species_com": "Welcome Swallow" }, "geometry": { "type": "Point", "coordinates": [ 152.746, -27.9347 ] } },
{ "type": "Feature", "properties": { "decimalLatitude": -37.5319, "decimalLongitude": 144.7348, "month": 8, "species_sci": "Hirundo neoxena", "species_com": "Welcome Swallow" }, "geometry": { "type": "Point", "coordinates": [ 144.7348, -37.5319 ] } },
{ "type": "Feature", "properties": { "decimalLatitude": -32.0583, "decimalLongitude": 152.5457, "month": 8, "species_sci": "Hirundo neoxena", "species_com": "Welcome Swallow" }, "geometry": { "type": "Point", "coordinates": [ 152.5457, -32.0583 ] } },
{ "type": "Feature", "properties": { "decimalLatitude": -27.6579, "decimalLongitude": 153.2229, "month": 8, "species_sci": "Hirundo neoxena", "species_com": "Welcome Swallow" }, "geometry": { "type": "Point", "coordinates": [ 153.2229, -27.6579 ] } },
{ "type": "Feature", "properties": { "decimalLatitude": -37.7939, "decimalLongitude": 144.9618, "month": 8, "species_sci": "Hirundo neoxena", "species_com": "Welcome Swallow" }, "geometry": { "type": "Point", "coordinates": [ 144.9618, -37.7939 ] } },
{ "type": "Feature", "properties": { "decimalLatitude": -35.5304, "decimalLongitude": 138.8173, "month": 8, "species_sci": "Hirundo neoxena", "species_com": "Welcome Swallow" }, "geometry": { "type": "Point", "coordinates": [ 138.8173, -35.5304 ] } },
{ "type": "Feature", "properties": { "decimalLatitude": -34.5917, "decimalLongitude": 150.525, "month": 8, "species_sci": "Hirundo neoxena", "species_com": "Welcome Swallow" }, "geometry": { "type": "Point", "coordinates": [ 150.525, -34.5917 ] } },
{ "type": "Feature", "properties": { "decimalLatitude": -27.9195, "decimalLongitude": 153.3771, "month": 8, "species_sci": "Hirundo neoxena", "species_com": "Welcome Swallow" }, "geometry": { "type": "Point", "coordinates": [ 153.3771, -27.9195 ] } },
{ "type": "Feature", "properties": { "decimalLatitude": -35.3069, "decimalLongitude": 139.2086, "month": 8, "species_sci": "Hirundo neoxena", "species_com": "Welcome Swallow" }, "geometry": { "type": "Point", "coordinates": [ 139.2086, -35.3069 ] } },
{ "type": "Feature", "properties": { "decimalLatitude": -34.8601, "decimalLongitude": 135.7209, "month": 8, "species_sci": "Hirundo neoxena", "species_com": "Welcome Swallow" }, "geometry": { "type": "Point", "coordinates": [ 135.7209, -34.8601 ] } },
{ "type": "Feature", "properties": { "decimalLatitude": -34.6469, "decimalLongitude": 150.8183, "month": 8, "species_sci": "Hirundo neoxena", "species_com": "Welcome Swallow" }, "geometry": { "type": "Point", "coordinates": [ 150.8183, -34.6469 ] } },
{ "type": "Feature", "properties": { "decimalLatitude": -35.2861, "decimalLongitude": 138.4601, "month": 8, "species_sci": "Hirundo neoxena", "species_com": "Welcome Swallow" }, "geometry": { "type": "Point", "coordinates": [ 138.4601, -35.2861 ] } },
{ "type": "Feature", "properties": { "decimalLatitude": -38.4566, "decimalLongitude": 145.2248, "month": 8, "species_sci": "Hirundo neoxena", "species_com": "Welcome Swallow" }, "geometry": { "type": "Point", "coordinates": [ 145.2248, -38.4566 ] } },
{ "type": "Feature", "properties": { "decimalLatitude": -38.3033, "decimalLongitude": 144.6529, "month": 8, "species_sci": "Hirundo neoxena", "species_com": "Welcome Swallow" }, "geometry": { "type": "Point", "coordinates": [ 144.6529, -38.3033 ] } },
{ "type": "Feature", "properties": { "decimalLatitude": -40.9311, "decimalLongitude": 145.1053, "month": 8, "species_sci": "Hirundo neoxena", "species_com": "Welcome Swallow" }, "geometry": { "type": "Point", "coordinates": [ 145.1053, -40.9311 ] } },
{ "type": "Feature", "properties": { "decimalLatitude": -36.3754, "decimalLongitude": 145.3556, "month": 8, "species_sci": "Hirundo neoxena", "species_com": "Welcome Swallow" }, "geometry": { "type": "Point", "coordinates": [ 145.3556, -36.3754 ] } },
{ "type": "Feature", "properties": { "decimalLatitude": -37.9434, "decimalLongitude": 145.0857, "month": 8, "species_sci": "Hirundo neoxena", "species_com": "Welcome Swallow" }, "geometry": { "type": "Point", "coordinates": [ 145.0857, -37.9434 ] } },
{ "type": "Feature", "properties": { "decimalLatitude": -43.6429, "decimalLongitude": 172.4678, "month": 8, "species_sci": "Hirundo neoxena", "species_com": "Welcome Swallow" }, "geometry": { "type": "Point", "coordinates": [ 172.4678, -43.6429 ] } },
{ "type": "Feature", "properties": { "decimalLatitude": -34.8047, "decimalLongitude": 138.5397, "month": 8, "species_sci": "Hirundo neoxena", "species_com": "Welcome Swallow" }, "geometry": { "type": "Point", "coordinates": [ 138.5397, -34.8047 ] } },
{ "type": "Feature", "properties": { "decimalLatitude": -43.5879, "decimalLongitude": 172.8025, "month": 8, "species_sci": "Hirundo neoxena", "species_com": "Welcome Swallow" }, "geometry": { "type": "Point", "coordinates": [ 172.8025, -43.5879 ] } },
{ "type": "Feature", "properties": { "decimalLatitude": -33.4423, "decimalLongitude": 150.8828, "month": 8, "species_sci": "Hirundo neoxena", "species_com": "Welcome Swallow" }, "geometry": { "type": "Point", "coordinates": [ 150.8828, -33.4423 ] } },
{ "type": "Feature", "properties": { "decimalLatitude": -35.13, "decimalLongitude": 139.2932, "month": 8, "species_sci": "Hirundo neoxena", "species_com": "Welcome Swallow" }, "geometry": { "type": "Point", "coordinates": [ 139.2932, -35.13 ] } },
{ "type": "Feature", "properties": { "decimalLatitude": -36.1255, "decimalLongitude": 139.6697, "month": 8, "species_sci": "Hirundo neoxena", "species_com": "Welcome Swallow" }, "geometry": { "type": "Point", "coordinates": [ 139.6697, -36.1255 ] } },
{ "type": "Feature", "properties": { "decimalLatitude": -35.2563, "decimalLongitude": 139.453, "month": 8, "species_sci": "Hirundo neoxena", "species_com": "Welcome Swallow" }, "geometry": { "type": "Point", "coordinates": [ 139.453, -35.2563 ] } },
{ "type": "Feature", "properties": { "decimalLatitude": -36.3754, "decimalLongitude": 145.3556, "month": 8, "species_sci": "Hirundo neoxena", "species_com": "Welcome Swallow" }, "geometry": { "type": "Point", "coordinates": [ 145.3556, -36.3754 ] } },
{ "type": "Feature", "properties": { "decimalLatitude": -34.0765, "decimalLongitude": 150.7181, "month": 8, "species_sci": "Hirundo neoxena", "species_com": "Welcome Swallow" }, "geometry": { "type": "Point", "coordinates": [ 150.7181, -34.0765 ] } },
{ "type": "Feature", "properties": { "decimalLatitude": -35.0015, "decimalLongitude": 138.5544, "month": 8, "species_sci": "Hirundo neoxena", "species_com": "Welcome Swallow" }, "geometry": { "type": "Point", "coordinates": [ 138.5544, -35.0015 ] } },
{ "type": "Feature", "properties": { "decimalLatitude": -33.8524, "decimalLongitude": 151.1543, "month": 8, "species_sci": "Hirundo neoxena", "species_com": "Welcome Swallow" }, "geometry": { "type": "Point", "coordinates": [ 151.1543, -33.8524 ] } },
{ "type": "Feature", "properties": { "decimalLatitude": -38.0702, "decimalLongitude": 146.1787, "month": 9, "species_sci": "Hirundo neoxena", "species_com": "Welcome Swallow" }, "geometry": { "type": "Point", "coordinates": [ 146.1787, -38.0702 ] } },
{ "type": "Feature", "properties": { "decimalLatitude": -23.9473, "decimalLongitude": 151.3757, "month": 9, "species_sci": "Hirundo neoxena", "species_com": "Welcome Swallow" }, "geometry": { "type": "Point", "coordinates": [ 151.3757, -23.9473 ] } },
{ "type": "Feature", "properties": { "decimalLatitude": -40.7163, "decimalLongitude": 175.8303, "month": 9, "species_sci": "Hirundo neoxena", "species_com": "Welcome Swallow" }, "geometry": { "type": "Point", "coordinates": [ 175.8303, -40.7163 ] } },
{ "type": "Feature", "properties": { "decimalLatitude": -32.9284, "decimalLongitude": 151.7631, "month": 9, "species_sci": "Hirundo neoxena", "species_com": "Welcome Swallow" }, "geometry": { "type": "Point", "coordinates": [ 151.7631, -32.9284 ] } },
{ "type": "Feature", "properties": { "decimalLatitude": -38.6401, "decimalLongitude": 145.7178, "month": 9, "species_sci": "Hirundo neoxena", "species_com": "Welcome Swallow" }, "geometry": { "type": "Point", "coordinates": [ 145.7178, -38.6401 ] } },
{ "type": "Feature", "properties": { "decimalLatitude": -37.9253, "decimalLongitude": 145.3366, "month": 9, "species_sci": "Hirundo neoxena", "species_com": "Welcome Swallow" }, "geometry": { "type": "Point", "coordinates": [ 145.3366, -37.9253 ] } },
{ "type": "Feature", "properties": { "decimalLatitude": -27.4852, "decimalLongitude": 153.1156, "month": 9, "species_sci": "Hirundo neoxena", "species_com": "Welcome Swallow" }, "geometry": { "type": "Point", "coordinates": [ 153.1156, -27.4852 ] } },
{ "type": "Feature", "properties": { "decimalLatitude": -45.036, "decimalLongitude": 168.6503, "month": 9, "species_sci": "Hirundo neoxena", "species_com": "Welcome Swallow" }, "geometry": { "type": "Point", "coordinates": [ 168.6503, -45.036 ] } },
{ "type": "Feature", "properties": { "decimalLatitude": -36.215, "decimalLongitude": 150.1306, "month": 9, "species_sci": "Hirundo neoxena", "species_com": "Welcome Swallow" }, "geometry": { "type": "Point", "coordinates": [ 150.1306, -36.215 ] } },
{ "type": "Feature", "properties": { "decimalLatitude": -36.2152, "decimalLongitude": 150.1308, "month": 9, "species_sci": "Hirundo neoxena", "species_com": "Welcome Swallow" }, "geometry": { "type": "Point", "coordinates": [ 150.1308, -36.2152 ] } },
{ "type": "Feature", "properties": { "decimalLatitude": -33.1458, "decimalLongitude": 149.9815, "month": 9, "species_sci": "Hirundo neoxena", "species_com": "Welcome Swallow" }, "geometry": { "type": "Point", "coordinates": [ 149.9815, -33.1458 ] } },
{ "type": "Feature", "properties": { "decimalLatitude": -36.5074, "decimalLongitude": 146.2393, "month": 9, "species_sci": "Hirundo neoxena", "species_com": "Welcome Swallow" }, "geometry": { "type": "Point", "coordinates": [ 146.2393, -36.5074 ] } },
{ "type": "Feature", "properties": { "decimalLatitude": -38.322, "decimalLongitude": 145.1902, "month": 9, "species_sci": "Hirundo neoxena", "species_com": "Welcome Swallow" }, "geometry": { "type": "Point", "coordinates": [ 145.1902, -38.322 ] } },
{ "type": "Feature", "properties": { "decimalLatitude": -34.933, "decimalLongitude": 138.5441, "month": 9, "species_sci": "Hirundo neoxena", "species_com": "Welcome Swallow" }, "geometry": { "type": "Point", "coordinates": [ 138.5441, -34.933 ] } },
{ "type": "Feature", "properties": { "decimalLatitude": -38.5842, "decimalLongitude": 145.5339, "month": 9, "species_sci": "Hirundo neoxena", "species_com": "Welcome Swallow" }, "geometry": { "type": "Point", "coordinates": [ 145.5339, -38.5842 ] } },
{ "type": "Feature", "properties": { "decimalLatitude": -25.8986, "decimalLongitude": 153.0577, "month": 9, "species_sci": "Hirundo neoxena", "species_com": "Welcome Swallow" }, "geometry": { "type": "Point", "coordinates": [ 153.0577, -25.8986 ] } },
{ "type": "Feature", "properties": { "decimalLatitude": -31.9573, "decimalLongitude": 115.8476, "month": 9, "species_sci": "Hirundo neoxena", "species_com": "Welcome Swallow" }, "geometry": { "type": "Point", "coordinates": [ 115.8476, -31.9573 ] } },
{ "type": "Feature", "properties": { "decimalLatitude": -31.4737, "decimalLongitude": 131.1133, "month": 9, "species_sci": "Hirundo neoxena", "species_com": "Welcome Swallow" }, "geometry": { "type": "Point", "coordinates": [ 131.1133, -31.4737 ] } },
{ "type": "Feature", "properties": { "decimalLatitude": -19.159, "decimalLongitude": 146.8555, "month": 9, "species_sci": "Hirundo neoxena", "species_com": "Welcome Swallow" }, "geometry": { "type": "Point", "coordinates": [ 146.8555, -19.159 ] } },
{ "type": "Feature", "properties": { "decimalLatitude": -26.167, "decimalLongitude": 113.4349, "month": 9, "species_sci": "Hirundo neoxena", "species_com": "Welcome Swallow" }, "geometry": { "type": "Point", "coordinates": [ 113.4349, -26.167 ] } },
{ "type": "Feature", "properties": { "decimalLatitude": -34.0494, "decimalLongitude": 150.6946, "month": 9, "species_sci": "Hirundo neoxena", "species_com": "Welcome Swallow" }, "geometry": { "type": "Point", "coordinates": [ 150.6946, -34.0494 ] } },
{ "type": "Feature", "properties": { "decimalLatitude": -31.4735, "decimalLongitude": 131.1132, "month": 9, "species_sci": "Hirundo neoxena", "species_com": "Welcome Swallow" }, "geometry": { "type": "Point", "coordinates": [ 131.1132, -31.4735 ] } },
{ "type": "Feature", "properties": { "decimalLatitude": -20.2677, "decimalLongitude": 148.7169, "month": 9, "species_sci": "Hirundo neoxena", "species_com": "Welcome Swallow" }, "geometry": { "type": "Point", "coordinates": [ 148.7169, -20.2677 ] } },
{ "type": "Feature", "properties": { "decimalLatitude": -36.9445, "decimalLongitude": 174.7566, "month": 9, "species_sci": "Hirundo neoxena", "species_com": "Welcome Swallow" }, "geometry": { "type": "Point", "coordinates": [ 174.7566, -36.9445 ] } },
{ "type": "Feature", "properties": { "decimalLatitude": -29.7459, "decimalLongitude": 117.3043, "month": 9, "species_sci": "Hirundo neoxena", "species_com": "Welcome Swallow" }, "geometry": { "type": "Point", "coordinates": [ 117.3043, -29.7459 ] } },
{ "type": "Feature", "properties": { "decimalLatitude": -38.0314, "decimalLongitude": 176.2631, "month": 9, "species_sci": "Hirundo neoxena", "species_com": "Welcome Swallow" }, "geometry": { "type": "Point", "coordinates": [ 176.2631, -38.0314 ] } },
{ "type": "Feature", "properties": { "decimalLatitude": -37.6768, "decimalLongitude": 145.0819, "month": 9, "species_sci": "Hirundo neoxena", "species_com": "Welcome Swallow" }, "geometry": { "type": "Point", "coordinates": [ 145.0819, -37.6768 ] } },
{ "type": "Feature", "properties": { "decimalLatitude": -32.0582, "decimalLongitude": 115.7311, "month": 9, "species_sci": "Hirundo neoxena", "species_com": "Welcome Swallow" }, "geometry": { "type": "Point", "coordinates": [ 115.7311, -32.0582 ] } },
{ "type": "Feature", "properties": { "decimalLatitude": -27.446, "decimalLongitude": 153.1861, "month": 9, "species_sci": "Hirundo neoxena", "species_com": "Welcome Swallow" }, "geometry": { "type": "Point", "coordinates": [ 153.1861, -27.446 ] } },
{ "type": "Feature", "properties": { "decimalLatitude": -30.5102, "decimalLongitude": 149.8832, "month": 9, "species_sci": "Hirundo neoxena", "species_com": "Welcome Swallow" }, "geometry": { "type": "Point", "coordinates": [ 149.8832, -30.5102 ] } },
{ "type": "Feature", "properties": { "decimalLatitude": -37.832, "decimalLongitude": 144.9071, "month": 9, "species_sci": "Hirundo neoxena", "species_com": "Welcome Swallow" }, "geometry": { "type": "Point", "coordinates": [ 144.9071, -37.832 ] } },
{ "type": "Feature", "properties": { "decimalLatitude": -28.322, "decimalLongitude": 153.5713, "month": 9, "species_sci": "Hirundo neoxena", "species_com": "Welcome Swallow" }, "geometry": { "type": "Point", "coordinates": [ 153.5713, -28.322 ] } },
{ "type": "Feature", "properties": { "decimalLatitude": -32.8507, "decimalLongitude": 151.6721, "month": 9, "species_sci": "Hirundo neoxena", "species_com": "Welcome Swallow" }, "geometry": { "type": "Point", "coordinates": [ 151.6721, -32.8507 ] } },
{ "type": "Feature", "properties": { "decimalLatitude": -31.9683, "decimalLongitude": 115.9828, "month": 9, "species_sci": "Hirundo neoxena", "species_com": "Welcome Swallow" }, "geometry": { "type": "Point", "coordinates": [ 115.9828, -31.9683 ] } },
{ "type": "Feature", "properties": { "decimalLatitude": -38.0392, "decimalLongitude": 144.5154, "month": 9, "species_sci": "Hirundo neoxena", "species_com": "Welcome Swallow" }, "geometry": { "type": "Point", "coordinates": [ 144.5154, -38.0392 ] } },
{ "type": "Feature", "properties": { "decimalLatitude": -38.34, "decimalLongitude": 144.7372, "month": 9, "species_sci": "Hirundo neoxena", "species_com": "Welcome Swallow" }, "geometry": { "type": "Point", "coordinates": [ 144.7372, -38.34 ] } },
{ "type": "Feature", "properties": { "decimalLatitude": -25.392, "decimalLongitude": 153.0287, "month": 9, "species_sci": "Hirundo neoxena", "species_com": "Welcome Swallow" }, "geometry": { "type": "Point", "coordinates": [ 153.0287, -25.392 ] } },
{ "type": "Feature", "properties": { "decimalLatitude": -32.7466, "decimalLongitude": 138.0762, "month": 9, "species_sci": "Hirundo neoxena", "species_com": "Welcome Swallow" }, "geometry": { "type": "Point", "coordinates": [ 138.0762, -32.7466 ] } },
{ "type": "Feature", "properties": { "decimalLatitude": -28.8142, "decimalLongitude": 153.5385, "month": 9, "species_sci": "Hirundo neoxena", "species_com": "Welcome Swallow" }, "geometry": { "type": "Point", "coordinates": [ 153.5385, -28.8142 ] } },
{ "type": "Feature", "properties": { "decimalLatitude": -31.8803, "decimalLongitude": 115.7909, "month": 9, "species_sci": "Hirundo neoxena", "species_com": "Welcome Swallow" }, "geometry": { "type": "Point", "coordinates": [ 115.7909, -31.8803 ] } },
{ "type": "Feature", "properties": { "decimalLatitude": -37.1032, "decimalLongitude": 149.8803, "month": 9, "species_sci": "Hirundo neoxena", "species_com": "Welcome Swallow" }, "geometry": { "type": "Point", "coordinates": [ 149.8803, -37.1032 ] } },
{ "type": "Feature", "properties": { "decimalLatitude": -33.8676, "decimalLongitude": 121.895, "month": 9, "species_sci": "Hirundo neoxena", "species_com": "Welcome Swallow" }, "geometry": { "type": "Point", "coordinates": [ 121.895, -33.8676 ] } },
{ "type": "Feature", "properties": { "decimalLatitude": -42.8435, "decimalLongitude": 147.4637, "month": 9, "species_sci": "Hirundo neoxena", "species_com": "Welcome Swallow" }, "geometry": { "type": "Point", "coordinates": [ 147.4637, -42.8435 ] } },
{ "type": "Feature", "properties": { "decimalLatitude": -30.5914, "decimalLongitude": 115.0989, "month": 9, "species_sci": "Hirundo neoxena", "species_com": "Welcome Swallow" }, "geometry": { "type": "Point", "coordinates": [ 115.0989, -30.5914 ] } },
{ "type": "Feature", "properties": { "decimalLatitude": -38.3687, "decimalLongitude": 142.4982, "month": 9, "species_sci": "Hirundo neoxena", "species_com": "Welcome Swallow" }, "geometry": { "type": "Point", "coordinates": [ 142.4982, -38.3687 ] } },
{ "type": "Feature", "properties": { "decimalLatitude": -33.9781, "decimalLongitude": 151.3215, "month": 9, "species_sci": "Hirundo neoxena", "species_com": "Welcome Swallow" }, "geometry": { "type": "Point", "coordinates": [ 151.3215, -33.9781 ] } },
{ "type": "Feature", "properties": { "decimalLatitude": -17.2779, "decimalLongitude": 145.6146, "month": 9, "species_sci": "Hirundo neoxena", "species_com": "Welcome Swallow" }, "geometry": { "type": "Point", "coordinates": [ 145.6146, -17.2779 ] } },
{ "type": "Feature", "properties": { "decimalLatitude": -38.6346, "decimalLongitude": 145.7415, "month": 9, "species_sci": "Hirundo neoxena", "species_com": "Welcome Swallow" }, "geometry": { "type": "Point", "coordinates": [ 145.7415, -38.6346 ] } },
{ "type": "Feature", "properties": { "decimalLatitude": -34.4101, "decimalLongitude": 150.8753, "month": 9, "species_sci": "Hirundo neoxena", "species_com": "Welcome Swallow" }, "geometry": { "type": "Point", "coordinates": [ 150.8753, -34.4101 ] } },
{ "type": "Feature", "properties": { "decimalLatitude": -38.0093, "decimalLongitude": 145.1296, "month": 9, "species_sci": "Hirundo neoxena", "species_com": "Welcome Swallow" }, "geometry": { "type": "Point", "coordinates": [ 145.1296, -38.0093 ] } },
{ "type": "Feature", "properties": { "decimalLatitude": -27.0655, "decimalLongitude": 152.7812, "month": 9, "species_sci": "Hirundo neoxena", "species_com": "Welcome Swallow" }, "geometry": { "type": "Point", "coordinates": [ 152.7812, -27.0655 ] } },
{ "type": "Feature", "properties": { "decimalLatitude": -40.8736, "decimalLongitude": 175.2325, "month": 9, "species_sci": "Hirundo neoxena", "species_com": "Welcome Swallow" }, "geometry": { "type": "Point", "coordinates": [ 175.2325, -40.8736 ] } },
{ "type": "Feature", "properties": { "decimalLatitude": -33.9464, "decimalLongitude": 151.1718, "month": 9, "species_sci": "Hirundo neoxena", "species_com": "Welcome Swallow" }, "geometry": { "type": "Point", "coordinates": [ 151.1718, -33.9464 ] } },
{ "type": "Feature", "properties": { "decimalLatitude": -27.4847, "decimalLongitude": 153.1147, "month": 9, "species_sci": "Hirundo neoxena", "species_com": "Welcome Swallow" }, "geometry": { "type": "Point", "coordinates": [ 153.1147, -27.4847 ] } },
{ "type": "Feature", "properties": { "decimalLatitude": -16.9046, "decimalLongitude": 145.7624, "month": 9, "species_sci": "Hirundo neoxena", "species_com": "Welcome Swallow" }, "geometry": { "type": "Point", "coordinates": [ 145.7624, -16.9046 ] } },
{ "type": "Feature", "properties": { "decimalLatitude": -33.8462, "decimalLongitude": 151.2395, "month": 9, "species_sci": "Hirundo neoxena", "species_com": "Welcome Swallow" }, "geometry": { "type": "Point", "coordinates": [ 151.2395, -33.8462 ] } },
{ "type": "Feature", "properties": { "decimalLatitude": -43.5862, "decimalLongitude": 172.5872, "month": 9, "species_sci": "Hirundo neoxena", "species_com": "Welcome Swallow" }, "geometry": { "type": "Point", "coordinates": [ 172.5872, -43.5862 ] } },
{ "type": "Feature", "properties": { "decimalLatitude": -42.3044, "decimalLongitude": 147.3749, "month": 9, "species_sci": "Hirundo neoxena", "species_com": "Welcome Swallow" }, "geometry": { "type": "Point", "coordinates": [ 147.3749, -42.3044 ] } },
{ "type": "Feature", "properties": { "decimalLatitude": -41.2717, "decimalLongitude": 146.4225, "month": 9, "species_sci": "Hirundo neoxena", "species_com": "Welcome Swallow" }, "geometry": { "type": "Point", "coordinates": [ 146.4225, -41.2717 ] } },
{ "type": "Feature", "properties": { "decimalLatitude": -35.486, "decimalLongitude": 149.0907, "month": 9, "species_sci": "Hirundo neoxena", "species_com": "Welcome Swallow" }, "geometry": { "type": "Point", "coordinates": [ 149.0907, -35.486 ] } },
{ "type": "Feature", "properties": { "decimalLatitude": -36.3161, "decimalLongitude": 140.7415, "month": 9, "species_sci": "Hirundo neoxena", "species_com": "Welcome Swallow" }, "geometry": { "type": "Point", "coordinates": [ 140.7415, -36.3161 ] } },
{ "type": "Feature", "properties": { "decimalLatitude": -35.4547, "decimalLongitude": 149.0749, "month": 9, "species_sci": "Hirundo neoxena", "species_com": "Welcome Swallow" }, "geometry": { "type": "Point", "coordinates": [ 149.0749, -35.4547 ] } },
{ "type": "Feature", "properties": { "decimalLatitude": -40.8771, "decimalLongitude": 175.0128, "month": 9, "species_sci": "Hirundo neoxena", "species_com": "Welcome Swallow" }, "geometry": { "type": "Point", "coordinates": [ 175.0128, -40.8771 ] } },
{ "type": "Feature", "properties": { "decimalLatitude": -16.9164, "decimalLongitude": 145.7753, "month": 9, "species_sci": "Hirundo neoxena", "species_com": "Welcome Swallow" }, "geometry": { "type": "Point", "coordinates": [ 145.7753, -16.9164 ] } },
{ "type": "Feature", "properties": { "decimalLatitude": -43.643, "decimalLongitude": 172.4698, "month": 9, "species_sci": "Hirundo neoxena", "species_com": "Welcome Swallow" }, "geometry": { "type": "Point", "coordinates": [ 172.4698, -43.643 ] } },
{ "type": "Feature", "properties": { "decimalLatitude": -38.2268, "decimalLongitude": 144.6509, "month": 9, "species_sci": "Hirundo neoxena", "species_com": "Welcome Swallow" }, "geometry": { "type": "Point", "coordinates": [ 144.6509, -38.2268 ] } },
{ "type": "Feature", "properties": { "decimalLatitude": -27.6409, "decimalLongitude": 152.5931, "month": 9, "species_sci": "Hirundo neoxena", "species_com": "Welcome Swallow" }, "geometry": { "type": "Point", "coordinates": [ 152.5931, -27.6409 ] } },
{ "type": "Feature", "properties": { "decimalLatitude": -38.3715, "decimalLongitude": 146.2763, "month": 9, "species_sci": "Hirundo neoxena", "species_com": "Welcome Swallow" }, "geometry": { "type": "Point", "coordinates": [ 146.2763, -38.3715 ] } },
{ "type": "Feature", "properties": { "decimalLatitude": -16.7649, "decimalLongitude": 145.6691, "month": 9, "species_sci": "Hirundo neoxena", "species_com": "Welcome Swallow" }, "geometry": { "type": "Point", "coordinates": [ 145.6691, -16.7649 ] } },
{ "type": "Feature", "properties": { "decimalLatitude": -45.6007, "decimalLongitude": 170.6762, "month": 9, "species_sci": "Hirundo neoxena", "species_com": "Welcome Swallow" }, "geometry": { "type": "Point", "coordinates": [ 170.6762, -45.6007 ] } },
{ "type": "Feature", "properties": { "decimalLatitude": -38.3857, "decimalLongitude": 142.4847, "month": 9, "species_sci": "Hirundo neoxena", "species_com": "Welcome Swallow" }, "geometry": { "type": "Point", "coordinates": [ 142.4847, -38.3857 ] } },
{ "type": "Feature", "properties": { "decimalLatitude": -32.0177, "decimalLongitude": 115.7524, "month": 9, "species_sci": "Hirundo neoxena", "species_com": "Welcome Swallow" }, "geometry": { "type": "Point", "coordinates": [ 115.7524, -32.0177 ] } },
{ "type": "Feature", "properties": { "decimalLatitude": -33.6421, "decimalLongitude": 149.7611, "month": 9, "species_sci": "Hirundo neoxena", "species_com": "Welcome Swallow" }, "geometry": { "type": "Point", "coordinates": [ 149.7611, -33.6421 ] } },
{ "type": "Feature", "properties": { "decimalLatitude": -43.5359, "decimalLongitude": 172.6241, "month": 9, "species_sci": "Hirundo neoxena", "species_com": "Welcome Swallow" }, "geometry": { "type": "Point", "coordinates": [ 172.6241, -43.5359 ] } },
{ "type": "Feature", "properties": { "decimalLatitude": -37.8316, "decimalLongitude": 144.9069, "month": 9, "species_sci": "Hirundo neoxena", "species_com": "Welcome Swallow" }, "geometry": { "type": "Point", "coordinates": [ 144.9069, -37.8316 ] } },
{ "type": "Feature", "properties": { "decimalLatitude": -28.0102, "decimalLongitude": 153.3877, "month": 9, "species_sci": "Hirundo neoxena", "species_com": "Welcome Swallow" }, "geometry": { "type": "Point", "coordinates": [ 153.3877, -28.0102 ] } },
{ "type": "Feature", "properties": { "decimalLatitude": -44.1377, "decimalLongitude": 171.2975, "month": 9, "species_sci": "Hirundo neoxena", "species_com": "Welcome Swallow" }, "geometry": { "type": "Point", "coordinates": [ 171.2975, -44.1377 ] } },
{ "type": "Feature", "properties": { "decimalLatitude": -34.8261, "decimalLongitude": 150.6544, "month": 9, "species_sci": "Hirundo neoxena", "species_com": "Welcome Swallow" }, "geometry": { "type": "Point", "coordinates": [ 150.6544, -34.8261 ] } },
{ "type": "Feature", "properties": { "decimalLatitude": -33.1048, "decimalLongitude": 115.8856, "month": 9, "species_sci": "Hirundo neoxena", "species_com": "Welcome Swallow" }, "geometry": { "type": "Point", "coordinates": [ 115.8856, -33.1048 ] } },
{ "type": "Feature", "properties": { "decimalLatitude": -40.8698, "decimalLongitude": 175.0147, "month": 9, "species_sci": "Hirundo neoxena", "species_com": "Welcome Swallow" }, "geometry": { "type": "Point", "coordinates": [ 175.0147, -40.8698 ] } },
{ "type": "Feature", "properties": { "decimalLatitude": -26.8502, "decimalLongitude": 152.7279, "month": 9, "species_sci": "Hirundo neoxena", "species_com": "Welcome Swallow" }, "geometry": { "type": "Point", "coordinates": [ 152.7279, -26.8502 ] } },
{ "type": "Feature", "properties": { "decimalLatitude": -37.0376, "decimalLongitude": 145.1453, "month": 9, "species_sci": "Hirundo neoxena", "species_com": "Welcome Swallow" }, "geometry": { "type": "Point", "coordinates": [ 145.1453, -37.0376 ] } },
{ "type": "Feature", "properties": { "decimalLatitude": -32.364, "decimalLongitude": 149.9507, "month": 9, "species_sci": "Hirundo neoxena", "species_com": "Welcome Swallow" }, "geometry": { "type": "Point", "coordinates": [ 149.9507, -32.364 ] } },
{ "type": "Feature", "properties": { "decimalLatitude": -32.093, "decimalLongitude": 115.8216, "month": 9, "species_sci": "Hirundo neoxena", "species_com": "Welcome Swallow" }, "geometry": { "type": "Point", "coordinates": [ 115.8216, -32.093 ] } },
{ "type": "Feature", "properties": { "decimalLatitude": -37.9917, "decimalLongitude": 177.141, "month": 9, "species_sci": "Hirundo neoxena", "species_com": "Welcome Swallow" }, "geometry": { "type": "Point", "coordinates": [ 177.141, -37.9917 ] } },
{ "type": "Feature", "properties": { "decimalLatitude": -41.0941, "decimalLongitude": 174.9078, "month": 9, "species_sci": "Hirundo neoxena", "species_com": "Welcome Swallow" }, "geometry": { "type": "Point", "coordinates": [ 174.9078, -41.0941 ] } },
{ "type": "Feature", "properties": { "decimalLatitude": -19.3038, "decimalLongitude": 146.7822, "month": 9, "species_sci": "Hirundo neoxena", "species_com": "Welcome Swallow" }, "geometry": { "type": "Point", "coordinates": [ 146.7822, -19.3038 ] } },
{ "type": "Feature", "properties": { "decimalLatitude": -34.5436, "decimalLongitude": 150.8383, "month": 9, "species_sci": "Hirundo neoxena", "species_com": "Welcome Swallow" }, "geometry": { "type": "Point", "coordinates": [ 150.8383, -34.5436 ] } },
{ "type": "Feature", "properties": { "decimalLatitude": -31.8802, "decimalLongitude": 115.7909, "month": 9, "species_sci": "Hirundo neoxena", "species_com": "Welcome Swallow" }, "geometry": { "type": "Point", "coordinates": [ 115.7909, -31.8802 ] } },
{ "type": "Feature", "properties": { "decimalLatitude": -36.7982, "decimalLongitude": 174.7306, "month": 9, "species_sci": "Hirundo neoxena", "species_com": "Welcome Swallow" }, "geometry": { "type": "Point", "coordinates": [ 174.7306, -36.7982 ] } },
{ "type": "Feature", "properties": { "decimalLatitude": -35.3165, "decimalLongitude": 149.1634, "month": 9, "species_sci": "Hirundo neoxena", "species_com": "Welcome Swallow" }, "geometry": { "type": "Point", "coordinates": [ 149.1634, -35.3165 ] } },
{ "type": "Feature", "properties": { "decimalLatitude": -33.0689, "decimalLongitude": 151.5079, "month": 9, "species_sci": "Hirundo neoxena", "species_com": "Welcome Swallow" }, "geometry": { "type": "Point", "coordinates": [ 151.5079, -33.0689 ] } },
{ "type": "Feature", "properties": { "decimalLatitude": -38.0618, "decimalLongitude": 145.1345, "month": 9, "species_sci": "Hirundo neoxena", "species_com": "Welcome Swallow" }, "geometry": { "type": "Point", "coordinates": [ 145.1345, -38.0618 ] } },
{ "type": "Feature", "properties": { "decimalLatitude": -27.4905, "decimalLongitude": 153.0033, "month": 9, "species_sci": "Hirundo neoxena", "species_com": "Welcome Swallow" }, "geometry": { "type": "Point", "coordinates": [ 153.0033, -27.4905 ] } },
{ "type": "Feature", "properties": { "decimalLatitude": -34.0432, "decimalLongitude": 140.7118, "month": 9, "species_sci": "Hirundo neoxena", "species_com": "Welcome Swallow" }, "geometry": { "type": "Point", "coordinates": [ 140.7118, -34.0432 ] } },
{ "type": "Feature", "properties": { "decimalLatitude": -27.186, "decimalLongitude": 151.2645, "month": 9, "species_sci": "Hirundo neoxena", "species_com": "Welcome Swallow" }, "geometry": { "type": "Point", "coordinates": [ 151.2645, -27.186 ] } },
{ "type": "Feature", "properties": { "decimalLatitude": -25.9283, "decimalLongitude": 153.0136, "month": 9, "species_sci": "Hirundo neoxena", "species_com": "Welcome Swallow" }, "geometry": { "type": "Point", "coordinates": [ 153.0136, -25.9283 ] } },
{ "type": "Feature", "properties": { "decimalLatitude": -31.6394, "decimalLongitude": 129.3604, "month": 9, "species_sci": "Hirundo neoxena", "species_com": "Welcome Swallow" }, "geometry": { "type": "Point", "coordinates": [ 129.3604, -31.6394 ] } },
{ "type": "Feature", "properties": { "decimalLatitude": -33.8249, "decimalLongitude": 151.0649, "month": 9, "species_sci": "Hirundo neoxena", "species_com": "Welcome Swallow" }, "geometry": { "type": "Point", "coordinates": [ 151.0649, -33.8249 ] } },
{ "type": "Feature", "properties": { "decimalLatitude": -30.1704, "decimalLongitude": 153.1891, "month": 9, "species_sci": "Hirundo neoxena", "species_com": "Welcome Swallow" }, "geometry": { "type": "Point", "coordinates": [ 153.1891, -30.1704 ] } },
{ "type": "Feature", "properties": { "decimalLatitude": -37.8786, "decimalLongitude": 145.2489, "month": 9, "species_sci": "Hirundo neoxena", "species_com": "Welcome Swallow" }, "geometry": { "type": "Point", "coordinates": [ 145.2489, -37.8786 ] } },
{ "type": "Feature", "properties": { "decimalLatitude": -33.9805, "decimalLongitude": 151.2294, "month": 9, "species_sci": "Hirundo neoxena", "species_com": "Welcome Swallow" }, "geometry": { "type": "Point", "coordinates": [ 151.2294, -33.9805 ] } },
{ "type": "Feature", "properties": { "decimalLatitude": -38.2169, "decimalLongitude": 146.4584, "month": 9, "species_sci": "Hirundo neoxena", "species_com": "Welcome Swallow" }, "geometry": { "type": "Point", "coordinates": [ 146.4584, -38.2169 ] } },
{ "type": "Feature", "properties": { "decimalLatitude": -38.9073, "decimalLongitude": 145.9228, "month": 9, "species_sci": "Hirundo neoxena", "species_com": "Welcome Swallow" }, "geometry": { "type": "Point", "coordinates": [ 145.9228, -38.9073 ] } },
{ "type": "Feature", "properties": { "decimalLatitude": -41.4342, "decimalLongitude": 173.9877, "month": 9, "species_sci": "Hirundo neoxena", "species_com": "Welcome Swallow" }, "geometry": { "type": "Point", "coordinates": [ 173.9877, -41.4342 ] } },
{ "type": "Feature", "properties": { "decimalLatitude": -31.2598, "decimalLongitude": 148.9601, "month": 9, "species_sci": "Hirundo neoxena", "species_com": "Welcome Swallow" }, "geometry": { "type": "Point", "coordinates": [ 148.9601, -31.2598 ] } },
{ "type": "Feature", "properties": { "decimalLatitude": -36.6825, "decimalLongitude": 174.7462, "month": 9, "species_sci": "Hirundo neoxena", "species_com": "Welcome Swallow" }, "geometry": { "type": "Point", "coordinates": [ 174.7462, -36.6825 ] } },
{ "type": "Feature", "properties": { "decimalLatitude": -33.4072, "decimalLongitude": 147.977, "month": 9, "species_sci": "Hirundo neoxena", "species_com": "Welcome Swallow" }, "geometry": { "type": "Point", "coordinates": [ 147.977, -33.4072 ] } },
{ "type": "Feature", "properties": { "decimalLatitude": -28.8389, "decimalLongitude": 153.4541, "month": 9, "species_sci": "Hirundo neoxena", "species_com": "Welcome Swallow" }, "geometry": { "type": "Point", "coordinates": [ 153.4541, -28.8389 ] } },
{ "type": "Feature", "properties": { "decimalLatitude": -35.1811, "decimalLongitude": 149.1594, "month": 9, "species_sci": "Hirundo neoxena", "species_com": "Welcome Swallow" }, "geometry": { "type": "Point", "coordinates": [ 149.1594, -35.1811 ] } },
{ "type": "Feature", "properties": { "decimalLatitude": -41.3368, "decimalLongitude": 146.8393, "month": 9, "species_sci": "Hirundo neoxena", "species_com": "Welcome Swallow" }, "geometry": { "type": "Point", "coordinates": [ 146.8393, -41.3368 ] } },
{ "type": "Feature", "properties": { "decimalLatitude": -37.7657, "decimalLongitude": 145.3566, "month": 9, "species_sci": "Hirundo neoxena", "species_com": "Welcome Swallow" }, "geometry": { "type": "Point", "coordinates": [ 145.3566, -37.7657 ] } },
{ "type": "Feature", "properties": { "decimalLatitude": -38.1736, "decimalLongitude": 144.7195, "month": 9, "species_sci": "Hirundo neoxena", "species_com": "Welcome Swallow" }, "geometry": { "type": "Point", "coordinates": [ 144.7195, -38.1736 ] } },
{ "type": "Feature", "properties": { "decimalLatitude": -34.8261, "decimalLongitude": 150.6544, "month": 9, "species_sci": "Hirundo neoxena", "species_com": "Welcome Swallow" }, "geometry": { "type": "Point", "coordinates": [ 150.6544, -34.8261 ] } },
{ "type": "Feature", "properties": { "decimalLatitude": -34.2788, "decimalLongitude": 148.8133, "month": 9, "species_sci": "Hirundo neoxena", "species_com": "Welcome Swallow" }, "geometry": { "type": "Point", "coordinates": [ 148.8133, -34.2788 ] } },
{ "type": "Feature", "properties": { "decimalLatitude": -34.8261, "decimalLongitude": 150.6544, "month": 9, "species_sci": "Hirundo neoxena", "species_com": "Welcome Swallow" }, "geometry": { "type": "Point", "coordinates": [ 150.6544, -34.8261 ] } },
{ "type": "Feature", "properties": { "decimalLatitude": -35.1748, "decimalLongitude": 149.1296, "month": 9, "species_sci": "Hirundo neoxena", "species_com": "Welcome Swallow" }, "geometry": { "type": "Point", "coordinates": [ 149.1296, -35.1748 ] } },
{ "type": "Feature", "properties": { "decimalLatitude": -34.9354, "decimalLongitude": 138.6188, "month": 9, "species_sci": "Hirundo neoxena", "species_com": "Welcome Swallow" }, "geometry": { "type": "Point", "coordinates": [ 138.6188, -34.9354 ] } },
{ "type": "Feature", "properties": { "decimalLatitude": -33.9501, "decimalLongitude": 120.1213, "month": 9, "species_sci": "Hirundo neoxena", "species_com": "Welcome Swallow" }, "geometry": { "type": "Point", "coordinates": [ 120.1213, -33.9501 ] } },
{ "type": "Feature", "properties": { "decimalLatitude": -35.092, "decimalLongitude": 147.3562, "month": 9, "species_sci": "Hirundo neoxena", "species_com": "Welcome Swallow" }, "geometry": { "type": "Point", "coordinates": [ 147.3562, -35.092 ] } },
{ "type": "Feature", "properties": { "decimalLatitude": -25.794, "decimalLongitude": 113.7175, "month": 9, "species_sci": "Hirundo neoxena", "species_com": "Welcome Swallow" }, "geometry": { "type": "Point", "coordinates": [ 113.7175, -25.794 ] } },
{ "type": "Feature", "properties": { "decimalLatitude": -41.2689, "decimalLongitude": 146.4205, "month": 9, "species_sci": "Hirundo neoxena", "species_com": "Welcome Swallow" }, "geometry": { "type": "Point", "coordinates": [ 146.4205, -41.2689 ] } },
{ "type": "Feature", "properties": { "decimalLatitude": -37.6572, "decimalLongitude": 145.3771, "month": 9, "species_sci": "Hirundo neoxena", "species_com": "Welcome Swallow" }, "geometry": { "type": "Point", "coordinates": [ 145.3771, -37.6572 ] } },
{ "type": "Feature", "properties": { "decimalLatitude": -38.0563, "decimalLongitude": 141.9389, "month": 9, "species_sci": "Hirundo neoxena", "species_com": "Welcome Swallow" }, "geometry": { "type": "Point", "coordinates": [ 141.9389, -38.0563 ] } },
{ "type": "Feature", "properties": { "decimalLatitude": -41.4313, "decimalLongitude": 147.1894, "month": 9, "species_sci": "Hirundo neoxena", "species_com": "Welcome Swallow" }, "geometry": { "type": "Point", "coordinates": [ 147.1894, -41.4313 ] } },
{ "type": "Feature", "properties": { "decimalLatitude": -36.2906, "decimalLongitude": 146.7314, "month": 9, "species_sci": "Hirundo neoxena", "species_com": "Welcome Swallow" }, "geometry": { "type": "Point", "coordinates": [ 146.7314, -36.2906 ] } },
{ "type": "Feature", "properties": { "decimalLatitude": -35.6866, "decimalLongitude": 139.339, "month": 9, "species_sci": "Hirundo neoxena", "species_com": "Welcome Swallow" }, "geometry": { "type": "Point", "coordinates": [ 139.339, -35.6866 ] } },
{ "type": "Feature", "properties": { "decimalLatitude": -28.8434, "decimalLongitude": 153.4524, "month": 9, "species_sci": "Hirundo neoxena", "species_com": "Welcome Swallow" }, "geometry": { "type": "Point", "coordinates": [ 153.4524, -28.8434 ] } },
{ "type": "Feature", "properties": { "decimalLatitude": -37.7244, "decimalLongitude": 141.2156, "month": 9, "species_sci": "Hirundo neoxena", "species_com": "Welcome Swallow" }, "geometry": { "type": "Point", "coordinates": [ 141.2156, -37.7244 ] } },
{ "type": "Feature", "properties": { "decimalLatitude": -35.3149, "decimalLongitude": 149.1626, "month": 9, "species_sci": "Hirundo neoxena", "species_com": "Welcome Swallow" }, "geometry": { "type": "Point", "coordinates": [ 149.1626, -35.3149 ] } },
{ "type": "Feature", "properties": { "decimalLatitude": -37.7318, "decimalLongitude": 145.2367, "month": 9, "species_sci": "Hirundo neoxena", "species_com": "Welcome Swallow" }, "geometry": { "type": "Point", "coordinates": [ 145.2367, -37.7318 ] } },
{ "type": "Feature", "properties": { "decimalLatitude": -36.9127, "decimalLongitude": 174.8725, "month": 9, "species_sci": "Hirundo neoxena", "species_com": "Welcome Swallow" }, "geometry": { "type": "Point", "coordinates": [ 174.8725, -36.9127 ] } },
{ "type": "Feature", "properties": { "decimalLatitude": -42.795, "decimalLongitude": 170.9019, "month": 9, "species_sci": "Hirundo neoxena", "species_com": "Welcome Swallow" }, "geometry": { "type": "Point", "coordinates": [ 170.9019, -42.795 ] } },
{ "type": "Feature", "properties": { "decimalLatitude": -35.5034, "decimalLongitude": 138.7804, "month": 9, "species_sci": "Hirundo neoxena", "species_com": "Welcome Swallow" }, "geometry": { "type": "Point", "coordinates": [ 138.7804, -35.5034 ] } },
{ "type": "Feature", "properties": { "decimalLatitude": -33.8174, "decimalLongitude": 121.1491, "month": 9, "species_sci": "Hirundo neoxena", "species_com": "Welcome Swallow" }, "geometry": { "type": "Point", "coordinates": [ 121.1491, -33.8174 ] } },
{ "type": "Feature", "properties": { "decimalLatitude": -43.536, "decimalLongitude": 172.6239, "month": 9, "species_sci": "Hirundo neoxena", "species_com": "Welcome Swallow" }, "geometry": { "type": "Point", "coordinates": [ 172.6239, -43.536 ] } },
{ "type": "Feature", "properties": { "decimalLatitude": -32.3455, "decimalLongitude": 115.818, "month": 9, "species_sci": "Hirundo neoxena", "species_com": "Welcome Swallow" }, "geometry": { "type": "Point", "coordinates": [ 115.818, -32.3455 ] } },
{ "type": "Feature", "properties": { "decimalLatitude": -40.4477, "decimalLongitude": 175.2515, "month": 9, "species_sci": "Hirundo neoxena", "species_com": "Welcome Swallow" }, "geometry": { "type": "Point", "coordinates": [ 175.2515, -40.4477 ] } },
{ "type": "Feature", "properties": { "decimalLatitude": -34.8326, "decimalLongitude": 150.5989, "month": 9, "species_sci": "Hirundo neoxena", "species_com": "Welcome Swallow" }, "geometry": { "type": "Point", "coordinates": [ 150.5989, -34.8326 ] } },
{ "type": "Feature", "properties": { "decimalLatitude": -43.5219, "decimalLongitude": 172.5839, "month": 9, "species_sci": "Hirundo neoxena", "species_com": "Welcome Swallow" }, "geometry": { "type": "Point", "coordinates": [ 172.5839, -43.5219 ] } },
{ "type": "Feature", "properties": { "decimalLatitude": -16.9057, "decimalLongitude": 145.7639, "month": 9, "species_sci": "Hirundo neoxena", "species_com": "Welcome Swallow" }, "geometry": { "type": "Point", "coordinates": [ 145.7639, -16.9057 ] } },
{ "type": "Feature", "properties": { "decimalLatitude": -33.7346, "decimalLongitude": 151.0029, "month": 9, "species_sci": "Hirundo neoxena", "species_com": "Welcome Swallow" }, "geometry": { "type": "Point", "coordinates": [ 151.0029, -33.7346 ] } },
{ "type": "Feature", "properties": { "decimalLatitude": -35.0721, "decimalLongitude": 138.502, "month": 9, "species_sci": "Hirundo neoxena", "species_com": "Welcome Swallow" }, "geometry": { "type": "Point", "coordinates": [ 138.502, -35.0721 ] } },
{ "type": "Feature", "properties": { "decimalLatitude": -27.4407, "decimalLongitude": 153.0241, "month": 9, "species_sci": "Hirundo neoxena", "species_com": "Welcome Swallow" }, "geometry": { "type": "Point", "coordinates": [ 153.0241, -27.4407 ] } },
{ "type": "Feature", "properties": { "decimalLatitude": -34.9485, "decimalLongitude": 138.5117, "month": 9, "species_sci": "Hirundo neoxena", "species_com": "Welcome Swallow" }, "geometry": { "type": "Point", "coordinates": [ 138.5117, -34.9485 ] } },
{ "type": "Feature", "properties": { "decimalLatitude": -37.8549, "decimalLongitude": 175.8141, "month": 9, "species_sci": "Hirundo neoxena", "species_com": "Welcome Swallow" }, "geometry": { "type": "Point", "coordinates": [ 175.8141, -37.8549 ] } },
{ "type": "Feature", "properties": { "decimalLatitude": -37.8058, "decimalLongitude": 176.0447, "month": 9, "species_sci": "Hirundo neoxena", "species_com": "Welcome Swallow" }, "geometry": { "type": "Point", "coordinates": [ 176.0447, -37.8058 ] } },
{ "type": "Feature", "properties": { "decimalLatitude": -17.2647, "decimalLongitude": 145.4764, "month": 9, "species_sci": "Hirundo neoxena", "species_com": "Welcome Swallow" }, "geometry": { "type": "Point", "coordinates": [ 145.4764, -17.2647 ] } },
{ "type": "Feature", "properties": { "decimalLatitude": -38.5301, "decimalLongitude": 145.946, "month": 9, "species_sci": "Hirundo neoxena", "species_com": "Welcome Swallow" }, "geometry": { "type": "Point", "coordinates": [ 145.946, -38.5301 ] } },
{ "type": "Feature", "properties": { "decimalLatitude": -27.5107, "decimalLongitude": 153.0794, "month": 9, "species_sci": "Hirundo neoxena", "species_com": "Welcome Swallow" }, "geometry": { "type": "Point", "coordinates": [ 153.0794, -27.5107 ] } },
{ "type": "Feature", "properties": { "decimalLatitude": -32.0707, "decimalLongitude": 152.5449, "month": 10, "species_sci": "Hirundo neoxena", "species_com": "Welcome Swallow" }, "geometry": { "type": "Point", "coordinates": [ 152.5449, -32.0707 ] } },
{ "type": "Feature", "properties": { "decimalLatitude": -43.6359, "decimalLongitude": 171.0365, "month": 10, "species_sci": "Hirundo neoxena", "species_com": "Welcome Swallow" }, "geometry": { "type": "Point", "coordinates": [ 171.0365, -43.6359 ] } },
{ "type": "Feature", "properties": { "decimalLatitude": -30.4971, "decimalLongitude": 152.0207, "month": 10, "species_sci": "Hirundo neoxena", "species_com": "Welcome Swallow" }, "geometry": { "type": "Point", "coordinates": [ 152.0207, -30.4971 ] } },
{ "type": "Feature", "properties": { "decimalLatitude": -34.8261, "decimalLongitude": 150.6544, "month": 10, "species_sci": "Hirundo neoxena", "species_com": "Welcome Swallow" }, "geometry": { "type": "Point", "coordinates": [ 150.6544, -34.8261 ] } },
{ "type": "Feature", "properties": { "decimalLatitude": -37.8442, "decimalLongitude": 175.0712, "month": 10, "species_sci": "Hirundo neoxena", "species_com": "Welcome Swallow" }, "geometry": { "type": "Point", "coordinates": [ 175.0712, -37.8442 ] } },
{ "type": "Feature", "properties": { "decimalLatitude": -43.8828, "decimalLongitude": 169.0442, "month": 10, "species_sci": "Hirundo neoxena", "species_com": "Welcome Swallow" }, "geometry": { "type": "Point", "coordinates": [ 169.0442, -43.8828 ] } },
{ "type": "Feature", "properties": { "decimalLatitude": -33.7389, "decimalLongitude": 150.952, "month": 10, "species_sci": "Hirundo neoxena", "species_com": "Welcome Swallow" }, "geometry": { "type": "Point", "coordinates": [ 150.952, -33.7389 ] } },
{ "type": "Feature", "properties": { "decimalLatitude": -40.9553, "decimalLongitude": 175.693, "month": 10, "species_sci": "Hirundo neoxena", "species_com": "Welcome Swallow" }, "geometry": { "type": "Point", "coordinates": [ 175.693, -40.9553 ] } },
{ "type": "Feature", "properties": { "decimalLatitude": -27.4695, "decimalLongitude": 153.0179, "month": 10, "species_sci": "Hirundo neoxena", "species_com": "Welcome Swallow" }, "geometry": { "type": "Point", "coordinates": [ 153.0179, -27.4695 ] } },
{ "type": "Feature", "properties": { "decimalLatitude": -27.1095, "decimalLongitude": 153.0666, "month": 10, "species_sci": "Hirundo neoxena", "species_com": "Welcome Swallow" }, "geometry": { "type": "Point", "coordinates": [ 153.0666, -27.1095 ] } },
{ "type": "Feature", "properties": { "decimalLatitude": -33.8, "decimalLongitude": 150.7, "month": 10, "species_sci": "Hirundo neoxena", "species_com": "Welcome Swallow" }, "geometry": { "type": "Point", "coordinates": [ 150.7, -33.8 ] } },
{ "type": "Feature", "properties": { "decimalLatitude": -38.241, "decimalLongitude": 145.1859, "month": 10, "species_sci": "Hirundo neoxena", "species_com": "Welcome Swallow" }, "geometry": { "type": "Point", "coordinates": [ 145.1859, -38.241 ] } },
{ "type": "Feature", "properties": { "decimalLatitude": -27.5095, "decimalLongitude": 153.2365, "month": 10, "species_sci": "Hirundo neoxena", "species_com": "Welcome Swallow" }, "geometry": { "type": "Point", "coordinates": [ 153.2365, -27.5095 ] } },
{ "type": "Feature", "properties": { "decimalLatitude": -36.7389, "decimalLongitude": 144.2706, "month": 10, "species_sci": "Hirundo neoxena", "species_com": "Welcome Swallow" }, "geometry": { "type": "Point", "coordinates": [ 144.2706, -36.7389 ] } },
{ "type": "Feature", "properties": { "decimalLatitude": -35.6232, "decimalLongitude": 138.0724, "month": 10, "species_sci": "Hirundo neoxena", "species_com": "Welcome Swallow" }, "geometry": { "type": "Point", "coordinates": [ 138.0724, -35.6232 ] } },
{ "type": "Feature", "properties": { "decimalLatitude": -34.6611, "decimalLongitude": 150.8477, "month": 10, "species_sci": "Hirundo neoxena", "species_com": "Welcome Swallow" }, "geometry": { "type": "Point", "coordinates": [ 150.8477, -34.6611 ] } },
{ "type": "Feature", "properties": { "decimalLatitude": -27.4269, "decimalLongitude": 153.1691, "month": 10, "species_sci": "Hirundo neoxena", "species_com": "Welcome Swallow" }, "geometry": { "type": "Point", "coordinates": [ 153.1691, -27.4269 ] } },
{ "type": "Feature", "properties": { "decimalLatitude": -30.305, "decimalLongitude": 153.152, "month": 10, "species_sci": "Hirundo neoxena", "species_com": "Welcome Swallow" }, "geometry": { "type": "Point", "coordinates": [ 153.152, -30.305 ] } },
{ "type": "Feature", "properties": { "decimalLatitude": -28.871, "decimalLongitude": 153.5835, "month": 10, "species_sci": "Hirundo neoxena", "species_com": "Welcome Swallow" }, "geometry": { "type": "Point", "coordinates": [ 153.5835, -28.871 ] } },
{ "type": "Feature", "properties": { "decimalLatitude": -35.3144, "decimalLongitude": 149.1614, "month": 10, "species_sci": "Hirundo neoxena", "species_com": "Welcome Swallow" }, "geometry": { "type": "Point", "coordinates": [ 149.1614, -35.3144 ] } },
{ "type": "Feature", "properties": { "decimalLatitude": -21.1343, "decimalLongitude": 148.5273, "month": 10, "species_sci": "Hirundo neoxena", "species_com": "Welcome Swallow" }, "geometry": { "type": "Point", "coordinates": [ 148.5273, -21.1343 ] } },
{ "type": "Feature", "properties": { "decimalLatitude": -38.269, "decimalLongitude": 145.0465, "month": 10, "species_sci": "Hirundo neoxena", "species_com": "Welcome Swallow" }, "geometry": { "type": "Point", "coordinates": [ 145.0465, -38.269 ] } },
{ "type": "Feature", "properties": { "decimalLatitude": -33.6978, "decimalLongitude": 151.0929, "month": 10, "species_sci": "Hirundo neoxena", "species_com": "Welcome Swallow" }, "geometry": { "type": "Point", "coordinates": [ 151.0929, -33.6978 ] } },
{ "type": "Feature", "properties": { "decimalLatitude": -33.8743, "decimalLongitude": 151.2123, "month": 10, "species_sci": "Hirundo neoxena", "species_com": "Welcome Swallow" }, "geometry": { "type": "Point", "coordinates": [ 151.2123, -33.8743 ] } },
{ "type": "Feature", "properties": { "decimalLatitude": -34.7792, "decimalLongitude": 150.8215, "month": 10, "species_sci": "Hirundo neoxena", "species_com": "Welcome Swallow" }, "geometry": { "type": "Point", "coordinates": [ 150.8215, -34.7792 ] } },
{ "type": "Feature", "properties": { "decimalLatitude": -25.3914, "decimalLongitude": 153.0286, "month": 10, "species_sci": "Hirundo neoxena", "species_com": "Welcome Swallow" }, "geometry": { "type": "Point", "coordinates": [ 153.0286, -25.3914 ] } },
{ "type": "Feature", "properties": { "decimalLatitude": -37.831, "decimalLongitude": 145.0048, "month": 10, "species_sci": "Hirundo neoxena", "species_com": "Welcome Swallow" }, "geometry": { "type": "Point", "coordinates": [ 145.0048, -37.831 ] } },
{ "type": "Feature", "properties": { "decimalLatitude": -34.7915, "decimalLongitude": 149.6235, "month": 10, "species_sci": "Hirundo neoxena", "species_com": "Welcome Swallow" }, "geometry": { "type": "Point", "coordinates": [ 149.6235, -34.7915 ] } },
{ "type": "Feature", "properties": { "decimalLatitude": -32.0915, "decimalLongitude": 138.0284, "month": 10, "species_sci": "Hirundo neoxena", "species_com": "Welcome Swallow" }, "geometry": { "type": "Point", "coordinates": [ 138.0284, -32.0915 ] } },
{ "type": "Feature", "properties": { "decimalLatitude": -37.909, "decimalLongitude": 145.3545, "month": 10, "species_sci": "Hirundo neoxena", "species_com": "Welcome Swallow" }, "geometry": { "type": "Point", "coordinates": [ 145.3545, -37.909 ] } },
{ "type": "Feature", "properties": { "decimalLatitude": -28.6472, "decimalLongitude": 153.6102, "month": 10, "species_sci": "Hirundo neoxena", "species_com": "Welcome Swallow" }, "geometry": { "type": "Point", "coordinates": [ 153.6102, -28.6472 ] } },
{ "type": "Feature", "properties": { "decimalLatitude": -34.8391, "decimalLongitude": 148.9072, "month": 10, "species_sci": "Hirundo neoxena", "species_com": "Welcome Swallow" }, "geometry": { "type": "Point", "coordinates": [ 148.9072, -34.8391 ] } },
{ "type": "Feature", "properties": { "decimalLatitude": -30.6479, "decimalLongitude": 153.0125, "month": 10, "species_sci": "Hirundo neoxena", "species_com": "Welcome Swallow" }, "geometry": { "type": "Point", "coordinates": [ 153.0125, -30.6479 ] } },
{ "type": "Feature", "properties": { "decimalLatitude": -28.1922, "decimalLongitude": 153.1885, "month": 10, "species_sci": "Hirundo neoxena", "species_com": "Welcome Swallow" }, "geometry": { "type": "Point", "coordinates": [ 153.1885, -28.1922 ] } },
{ "type": "Feature", "properties": { "decimalLatitude": -36.3841, "decimalLongitude": 145.398, "month": 10, "species_sci": "Hirundo neoxena", "species_com": "Welcome Swallow" }, "geometry": { "type": "Point", "coordinates": [ 145.398, -36.3841 ] } },
{ "type": "Feature", "properties": { "decimalLatitude": -35.2725, "decimalLongitude": 136.8881, "month": 10, "species_sci": "Hirundo neoxena", "species_com": "Welcome Swallow" }, "geometry": { "type": "Point", "coordinates": [ 136.8881, -35.2725 ] } },
{ "type": "Feature", "properties": { "decimalLatitude": -31.0452, "decimalLongitude": 149.3184, "month": 10, "species_sci": "Hirundo neoxena", "species_com": "Welcome Swallow" }, "geometry": { "type": "Point", "coordinates": [ 149.3184, -31.0452 ] } },
{ "type": "Feature", "properties": { "decimalLatitude": -34.4648, "decimalLongitude": 150.7965, "month": 10, "species_sci": "Hirundo neoxena", "species_com": "Welcome Swallow" }, "geometry": { "type": "Point", "coordinates": [ 150.7965, -34.4648 ] } },
{ "type": "Feature", "properties": { "decimalLatitude": -37.7974, "decimalLongitude": 144.8223, "month": 10, "species_sci": "Hirundo neoxena", "species_com": "Welcome Swallow" }, "geometry": { "type": "Point", "coordinates": [ 144.8223, -37.7974 ] } },
{ "type": "Feature", "properties": { "decimalLatitude": -33.858, "decimalLongitude": 151.1279, "month": 10, "species_sci": "Hirundo neoxena", "species_com": "Welcome Swallow" }, "geometry": { "type": "Point", "coordinates": [ 151.1279, -33.858 ] } },
{ "type": "Feature", "properties": { "decimalLatitude": -35.2518, "decimalLongitude": 149.1359, "month": 10, "species_sci": "Hirundo neoxena", "species_com": "Welcome Swallow" }, "geometry": { "type": "Point", "coordinates": [ 149.1359, -35.2518 ] } },
{ "type": "Feature", "properties": { "decimalLatitude": -30.3034, "decimalLongitude": 153.1472, "month": 10, "species_sci": "Hirundo neoxena", "species_com": "Welcome Swallow" }, "geometry": { "type": "Point", "coordinates": [ 153.1472, -30.3034 ] } },
{ "type": "Feature", "properties": { "decimalLatitude": -35.3151, "decimalLongitude": 149.1631, "month": 10, "species_sci": "Hirundo neoxena", "species_com": "Welcome Swallow" }, "geometry": { "type": "Point", "coordinates": [ 149.1631, -35.3151 ] } },
{ "type": "Feature", "properties": { "decimalLatitude": -34.978, "decimalLongitude": 116.7249, "month": 10, "species_sci": "Hirundo neoxena", "species_com": "Welcome Swallow" }, "geometry": { "type": "Point", "coordinates": [ 116.7249, -34.978 ] } },
{ "type": "Feature", "properties": { "decimalLatitude": -29.7459, "decimalLongitude": 117.3043, "month": 10, "species_sci": "Hirundo neoxena", "species_com": "Welcome Swallow" }, "geometry": { "type": "Point", "coordinates": [ 117.3043, -29.7459 ] } },
{ "type": "Feature", "properties": { "decimalLatitude": -30.5027, "decimalLongitude": 149.8818, "month": 10, "species_sci": "Hirundo neoxena", "species_com": "Welcome Swallow" }, "geometry": { "type": "Point", "coordinates": [ 149.8818, -30.5027 ] } },
{ "type": "Feature", "properties": { "decimalLatitude": -37.7709, "decimalLongitude": 144.9366, "month": 10, "species_sci": "Hirundo neoxena", "species_com": "Welcome Swallow" }, "geometry": { "type": "Point", "coordinates": [ 144.9366, -37.7709 ] } },
{ "type": "Feature", "properties": { "decimalLatitude": -38.2026, "decimalLongitude": 141.7748, "month": 10, "species_sci": "Hirundo neoxena", "species_com": "Welcome Swallow" }, "geometry": { "type": "Point", "coordinates": [ 141.7748, -38.2026 ] } },
{ "type": "Feature", "properties": { "decimalLatitude": -37.7014, "decimalLongitude": 144.7928, "month": 10, "species_sci": "Hirundo neoxena", "species_com": "Welcome Swallow" }, "geometry": { "type": "Point", "coordinates": [ 144.7928, -37.7014 ] } },
{ "type": "Feature", "properties": { "decimalLatitude": -33.6548, "decimalLongitude": 142.9417, "month": 10, "species_sci": "Hirundo neoxena", "species_com": "Welcome Swallow" }, "geometry": { "type": "Point", "coordinates": [ 142.9417, -33.6548 ] } },
{ "type": "Feature", "properties": { "decimalLatitude": -30.3086, "decimalLongitude": 153.0116, "month": 10, "species_sci": "Hirundo neoxena", "species_com": "Welcome Swallow" }, "geometry": { "type": "Point", "coordinates": [ 153.0116, -30.3086 ] } },
{ "type": "Feature", "properties": { "decimalLatitude": -37.11, "decimalLongitude": 144.0013, "month": 10, "species_sci": "Hirundo neoxena", "species_com": "Welcome Swallow" }, "geometry": { "type": "Point", "coordinates": [ 144.0013, -37.11 ] } },
{ "type": "Feature", "properties": { "decimalLatitude": -34.8261, "decimalLongitude": 150.6544, "month": 10, "species_sci": "Hirundo neoxena", "species_com": "Welcome Swallow" }, "geometry": { "type": "Point", "coordinates": [ 150.6544, -34.8261 ] } },
{ "type": "Feature", "properties": { "decimalLatitude": -35.2375, "decimalLongitude": 137.1585, "month": 10, "species_sci": "Hirundo neoxena", "species_com": "Welcome Swallow" }, "geometry": { "type": "Point", "coordinates": [ 137.1585, -35.2375 ] } },
{ "type": "Feature", "properties": { "decimalLatitude": -25.5144, "decimalLongitude": 153.1145, "month": 10, "species_sci": "Hirundo neoxena", "species_com": "Welcome Swallow" }, "geometry": { "type": "Point", "coordinates": [ 153.1145, -25.5144 ] } },
{ "type": "Feature", "properties": { "decimalLatitude": -36.7041, "decimalLongitude": 149.981, "month": 10, "species_sci": "Hirundo neoxena", "species_com": "Welcome Swallow" }, "geometry": { "type": "Point", "coordinates": [ 149.981, -36.7041 ] } },
{ "type": "Feature", "properties": { "decimalLatitude": -28.6473, "decimalLongitude": 153.6102, "month": 10, "species_sci": "Hirundo neoxena", "species_com": "Welcome Swallow" }, "geometry": { "type": "Point", "coordinates": [ 153.6102, -28.6473 ] } },
{ "type": "Feature", "properties": { "decimalLatitude": -28.2309, "decimalLongitude": 153.1357, "month": 10, "species_sci": "Hirundo neoxena", "species_com": "Welcome Swallow" }, "geometry": { "type": "Point", "coordinates": [ 153.1357, -28.2309 ] } },
{ "type": "Feature", "properties": { "decimalLatitude": -33.7002, "decimalLongitude": 150.9275, "month": 10, "species_sci": "Hirundo neoxena", "species_com": "Welcome Swallow" }, "geometry": { "type": "Point", "coordinates": [ 150.9275, -33.7002 ] } },
{ "type": "Feature", "properties": { "decimalLatitude": -34.4771, "decimalLongitude": 150.7687, "month": 10, "species_sci": "Hirundo neoxena", "species_com": "Welcome Swallow" }, "geometry": { "type": "Point", "coordinates": [ 150.7687, -34.4771 ] } },
{ "type": "Feature", "properties": { "decimalLatitude": -27.409, "decimalLongitude": 153.2519, "month": 10, "species_sci": "Hirundo neoxena", "species_com": "Welcome Swallow" }, "geometry": { "type": "Point", "coordinates": [ 153.2519, -27.409 ] } },
{ "type": "Feature", "properties": { "decimalLatitude": -35.3146, "decimalLongitude": 149.1622, "month": 10, "species_sci": "Hirundo neoxena", "species_com": "Welcome Swallow" }, "geometry": { "type": "Point", "coordinates": [ 149.1622, -35.3146 ] } },
{ "type": "Feature", "properties": { "decimalLatitude": -37.1765, "decimalLongitude": 175.3218, "month": 10, "species_sci": "Hirundo neoxena", "species_com": "Welcome Swallow" }, "geometry": { "type": "Point", "coordinates": [ 175.3218, -37.1765 ] } },
{ "type": "Feature", "properties": { "decimalLatitude": -35.3145, "decimalLongitude": 149.1622, "month": 10, "species_sci": "Hirundo neoxena", "species_com": "Welcome Swallow" }, "geometry": { "type": "Point", "coordinates": [ 149.1622, -35.3145 ] } },
{ "type": "Feature", "properties": { "decimalLatitude": -38.9895, "decimalLongitude": 175.7998, "month": 10, "species_sci": "Hirundo neoxena", "species_com": "Welcome Swallow" }, "geometry": { "type": "Point", "coordinates": [ 175.7998, -38.9895 ] } },
{ "type": "Feature", "properties": { "decimalLatitude": -26.782, "decimalLongitude": 152.9927, "month": 10, "species_sci": "Hirundo neoxena", "species_com": "Welcome Swallow" }, "geometry": { "type": "Point", "coordinates": [ 152.9927, -26.782 ] } },
{ "type": "Feature", "properties": { "decimalLatitude": -36.4257, "decimalLongitude": 150.0638, "month": 10, "species_sci": "Hirundo neoxena", "species_com": "Welcome Swallow" }, "geometry": { "type": "Point", "coordinates": [ 150.0638, -36.4257 ] } },
{ "type": "Feature", "properties": { "decimalLatitude": -37.1586, "decimalLongitude": 139.7475, "month": 10, "species_sci": "Hirundo neoxena", "species_com": "Welcome Swallow" }, "geometry": { "type": "Point", "coordinates": [ 139.7475, -37.1586 ] } },
{ "type": "Feature", "properties": { "decimalLatitude": -41.2228, "decimalLongitude": 146.9129, "month": 10, "species_sci": "Hirundo neoxena", "species_com": "Welcome Swallow" }, "geometry": { "type": "Point", "coordinates": [ 146.9129, -41.2228 ] } },
{ "type": "Feature", "properties": { "decimalLatitude": -35.298, "decimalLongitude": 174.1363, "month": 10, "species_sci": "Hirundo neoxena", "species_com": "Welcome Swallow" }, "geometry": { "type": "Point", "coordinates": [ 174.1363, -35.298 ] } },
{ "type": "Feature", "properties": { "decimalLatitude": -31.1215, "decimalLongitude": 146.9155, "month": 10, "species_sci": "Hirundo neoxena", "species_com": "Welcome Swallow" }, "geometry": { "type": "Point", "coordinates": [ 146.9155, -31.1215 ] } },
{ "type": "Feature", "properties": { "decimalLatitude": -34.829, "decimalLongitude": 150.6152, "month": 10, "species_sci": "Hirundo neoxena", "species_com": "Welcome Swallow" }, "geometry": { "type": "Point", "coordinates": [ 150.6152, -34.829 ] } },
{ "type": "Feature", "properties": { "decimalLatitude": -40.8492, "decimalLongitude": 175.0472, "month": 10, "species_sci": "Hirundo neoxena", "species_com": "Welcome Swallow" }, "geometry": { "type": "Point", "coordinates": [ 175.0472, -40.8492 ] } },
{ "type": "Feature", "properties": { "decimalLatitude": -35.0908, "decimalLongitude": 147.3576, "month": 10, "species_sci": "Hirundo neoxena", "species_com": "Welcome Swallow" }, "geometry": { "type": "Point", "coordinates": [ 147.3576, -35.0908 ] } },
{ "type": "Feature", "properties": { "decimalLatitude": -16.9034, "decimalLongitude": 145.7626, "month": 10, "species_sci": "Hirundo neoxena", "species_com": "Welcome Swallow" }, "geometry": { "type": "Point", "coordinates": [ 145.7626, -16.9034 ] } },
{ "type": "Feature", "properties": { "decimalLatitude": -33.234, "decimalLongitude": 150.0287, "month": 10, "species_sci": "Hirundo neoxena", "species_com": "Welcome Swallow" }, "geometry": { "type": "Point", "coordinates": [ 150.0287, -33.234 ] } },
{ "type": "Feature", "properties": { "decimalLatitude": -37.1823, "decimalLongitude": 175.3235, "month": 10, "species_sci": "Hirundo neoxena", "species_com": "Welcome Swallow" }, "geometry": { "type": "Point", "coordinates": [ 175.3235, -37.1823 ] } },
{ "type": "Feature", "properties": { "decimalLatitude": -37.9504, "decimalLongitude": 143.2283, "month": 10, "species_sci": "Hirundo neoxena", "species_com": "Welcome Swallow" }, "geometry": { "type": "Point", "coordinates": [ 143.2283, -37.9504 ] } },
{ "type": "Feature", "properties": { "decimalLatitude": -27.3798, "decimalLongitude": 153.0458, "month": 10, "species_sci": "Hirundo neoxena", "species_com": "Welcome Swallow" }, "geometry": { "type": "Point", "coordinates": [ 153.0458, -27.3798 ] } },
{ "type": "Feature", "properties": { "decimalLatitude": -35.3151, "decimalLongitude": 149.1631, "month": 10, "species_sci": "Hirundo neoxena", "species_com": "Welcome Swallow" }, "geometry": { "type": "Point", "coordinates": [ 149.1631, -35.3151 ] } },
{ "type": "Feature", "properties": { "decimalLatitude": -38.3871, "decimalLongitude": 142.4679, "month": 10, "species_sci": "Hirundo neoxena", "species_com": "Welcome Swallow" }, "geometry": { "type": "Point", "coordinates": [ 142.4679, -38.3871 ] } },
{ "type": "Feature", "properties": { "decimalLatitude": -32.1079, "decimalLongitude": 116.9273, "month": 10, "species_sci": "Hirundo neoxena", "species_com": "Welcome Swallow" }, "geometry": { "type": "Point", "coordinates": [ 116.9273, -32.1079 ] } },
{ "type": "Feature", "properties": { "decimalLatitude": -36.3708, "decimalLongitude": 150.0725, "month": 10, "species_sci": "Hirundo neoxena", "species_com": "Welcome Swallow" }, "geometry": { "type": "Point", "coordinates": [ 150.0725, -36.3708 ] } },
{ "type": "Feature", "properties": { "decimalLatitude": -31.9566, "decimalLongitude": 116.1652, "month": 10, "species_sci": "Hirundo neoxena", "species_com": "Welcome Swallow" }, "geometry": { "type": "Point", "coordinates": [ 116.1652, -31.9566 ] } },
{ "type": "Feature", "properties": { "decimalLatitude": -36.0936, "decimalLongitude": 144.6828, "month": 10, "species_sci": "Hirundo neoxena", "species_com": "Welcome Swallow" }, "geometry": { "type": "Point", "coordinates": [ 144.6828, -36.0936 ] } },
{ "type": "Feature", "properties": { "decimalLatitude": -30.4782, "decimalLongitude": 151.7309, "month": 10, "species_sci": "Hirundo neoxena", "species_com": "Welcome Swallow" }, "geometry": { "type": "Point", "coordinates": [ 151.7309, -30.4782 ] } },
{ "type": "Feature", "properties": { "decimalLatitude": -34.059, "decimalLongitude": 150.7738, "month": 10, "species_sci": "Hirundo neoxena", "species_com": "Welcome Swallow" }, "geometry": { "type": "Point", "coordinates": [ 150.7738, -34.059 ] } },
{ "type": "Feature", "properties": { "decimalLatitude": -43.5614, "decimalLongitude": 172.6479, "month": 10, "species_sci": "Hirundo neoxena", "species_com": "Welcome Swallow" }, "geometry": { "type": "Point", "coordinates": [ 172.6479, -43.5614 ] } },
{ "type": "Feature", "properties": { "decimalLatitude": -33.6942, "decimalLongitude": 151.2914, "month": 10, "species_sci": "Hirundo neoxena", "species_com": "Welcome Swallow" }, "geometry": { "type": "Point", "coordinates": [ 151.2914, -33.6942 ] } },
{ "type": "Feature", "properties": { "decimalLatitude": -34.4916, "decimalLongitude": 150.8201, "month": 10, "species_sci": "Hirundo neoxena", "species_com": "Welcome Swallow" }, "geometry": { "type": "Point", "coordinates": [ 150.8201, -34.4916 ] } },
{ "type": "Feature", "properties": { "decimalLatitude": -37.8753, "decimalLongitude": 144.8139, "month": 10, "species_sci": "Hirundo neoxena", "species_com": "Welcome Swallow" }, "geometry": { "type": "Point", "coordinates": [ 144.8139, -37.8753 ] } },
{ "type": "Feature", "properties": { "decimalLatitude": -34.4672, "decimalLongitude": 150.7667, "month": 10, "species_sci": "Hirundo neoxena", "species_com": "Welcome Swallow" }, "geometry": { "type": "Point", "coordinates": [ 150.7667, -34.4672 ] } },
{ "type": "Feature", "properties": { "decimalLatitude": -35.2749, "decimalLongitude": 136.941, "month": 10, "species_sci": "Hirundo neoxena", "species_com": "Welcome Swallow" }, "geometry": { "type": "Point", "coordinates": [ 136.941, -35.2749 ] } },
{ "type": "Feature", "properties": { "decimalLatitude": -41.2701, "decimalLongitude": 146.4203, "month": 10, "species_sci": "Hirundo neoxena", "species_com": "Welcome Swallow" }, "geometry": { "type": "Point", "coordinates": [ 146.4203, -41.2701 ] } },
{ "type": "Feature", "properties": { "decimalLatitude": -33.888, "decimalLongitude": 151.1859, "month": 10, "species_sci": "Hirundo neoxena", "species_com": "Welcome Swallow" }, "geometry": { "type": "Point", "coordinates": [ 151.1859, -33.888 ] } },
{ "type": "Feature", "properties": { "decimalLatitude": -38.1444, "decimalLongitude": 145.1191, "month": 10, "species_sci": "Hirundo neoxena", "species_com": "Welcome Swallow" }, "geometry": { "type": "Point", "coordinates": [ 145.1191, -38.1444 ] } },
{ "type": "Feature", "properties": { "decimalLatitude": -38.389, "decimalLongitude": 145.1463, "month": 10, "species_sci": "Hirundo neoxena", "species_com": "Welcome Swallow" }, "geometry": { "type": "Point", "coordinates": [ 145.1463, -38.389 ] } },
{ "type": "Feature", "properties": { "decimalLatitude": -33.7811, "decimalLongitude": 151.2557, "month": 10, "species_sci": "Hirundo neoxena", "species_com": "Welcome Swallow" }, "geometry": { "type": "Point", "coordinates": [ 151.2557, -33.7811 ] } },
{ "type": "Feature", "properties": { "decimalLatitude": -18.2669, "decimalLongitude": 146.0292, "month": 10, "species_sci": "Hirundo neoxena", "species_com": "Welcome Swallow" }, "geometry": { "type": "Point", "coordinates": [ 146.0292, -18.2669 ] } },
{ "type": "Feature", "properties": { "decimalLatitude": -36.8685, "decimalLongitude": 174.7189, "month": 10, "species_sci": "Hirundo neoxena", "species_com": "Welcome Swallow" }, "geometry": { "type": "Point", "coordinates": [ 174.7189, -36.8685 ] } },
{ "type": "Feature", "properties": { "decimalLatitude": -34.8261, "decimalLongitude": 150.6544, "month": 10, "species_sci": "Hirundo neoxena", "species_com": "Welcome Swallow" }, "geometry": { "type": "Point", "coordinates": [ 150.6544, -34.8261 ] } },
{ "type": "Feature", "properties": { "decimalLatitude": -33.3411, "decimalLongitude": 115.6329, "month": 10, "species_sci": "Hirundo neoxena", "species_com": "Welcome Swallow" }, "geometry": { "type": "Point", "coordinates": [ 115.6329, -33.3411 ] } },
{ "type": "Feature", "properties": { "decimalLatitude": -27.4356, "decimalLongitude": 153.1493, "month": 10, "species_sci": "Hirundo neoxena", "species_com": "Welcome Swallow" }, "geometry": { "type": "Point", "coordinates": [ 153.1493, -27.4356 ] } },
{ "type": "Feature", "properties": { "decimalLatitude": -27.9436, "decimalLongitude": 153.4269, "month": 10, "species_sci": "Hirundo neoxena", "species_com": "Welcome Swallow" }, "geometry": { "type": "Point", "coordinates": [ 153.4269, -27.9436 ] } },
{ "type": "Feature", "properties": { "decimalLatitude": -37.6599, "decimalLongitude": 144.4807, "month": 10, "species_sci": "Hirundo neoxena", "species_com": "Welcome Swallow" }, "geometry": { "type": "Point", "coordinates": [ 144.4807, -37.6599 ] } },
{ "type": "Feature", "properties": { "decimalLatitude": -33.8426, "decimalLongitude": 151.1543, "month": 10, "species_sci": "Hirundo neoxena", "species_com": "Welcome Swallow" }, "geometry": { "type": "Point", "coordinates": [ 151.1543, -33.8426 ] } },
{ "type": "Feature", "properties": { "decimalLatitude": -37.6798, "decimalLongitude": 145.0595, "month": 10, "species_sci": "Hirundo neoxena", "species_com": "Welcome Swallow" }, "geometry": { "type": "Point", "coordinates": [ 145.0595, -37.6798 ] } },
{ "type": "Feature", "properties": { "decimalLatitude": -38.2272, "decimalLongitude": 145.1849, "month": 10, "species_sci": "Hirundo neoxena", "species_com": "Welcome Swallow" }, "geometry": { "type": "Point", "coordinates": [ 145.1849, -38.2272 ] } },
{ "type": "Feature", "properties": { "decimalLatitude": -36.2906, "decimalLongitude": 146.7314, "month": 10, "species_sci": "Hirundo neoxena", "species_com": "Welcome Swallow" }, "geometry": { "type": "Point", "coordinates": [ 146.7314, -36.2906 ] } },
{ "type": "Feature", "properties": { "decimalLatitude": -32.5611, "decimalLongitude": 151.4188, "month": 10, "species_sci": "Hirundo neoxena", "species_com": "Welcome Swallow" }, "geometry": { "type": "Point", "coordinates": [ 151.4188, -32.5611 ] } },
{ "type": "Feature", "properties": { "decimalLatitude": -37.5739, "decimalLongitude": 143.8734, "month": 10, "species_sci": "Hirundo neoxena", "species_com": "Welcome Swallow" }, "geometry": { "type": "Point", "coordinates": [ 143.8734, -37.5739 ] } },
{ "type": "Feature", "properties": { "decimalLatitude": -34.0068, "decimalLongitude": 150.842, "month": 10, "species_sci": "Hirundo neoxena", "species_com": "Welcome Swallow" }, "geometry": { "type": "Point", "coordinates": [ 150.842, -34.0068 ] } },
{ "type": "Feature", "properties": { "decimalLatitude": -35.3151, "decimalLongitude": 149.1631, "month": 10, "species_sci": "Hirundo neoxena", "species_com": "Welcome Swallow" }, "geometry": { "type": "Point", "coordinates": [ 149.1631, -35.3151 ] } },
{ "type": "Feature", "properties": { "decimalLatitude": -27.0923, "decimalLongitude": 153.1646, "month": 10, "species_sci": "Hirundo neoxena", "species_com": "Welcome Swallow" }, "geometry": { "type": "Point", "coordinates": [ 153.1646, -27.0923 ] } },
{ "type": "Feature", "properties": { "decimalLatitude": -37.6931, "decimalLongitude": 144.9072, "month": 10, "species_sci": "Hirundo neoxena", "species_com": "Welcome Swallow" }, "geometry": { "type": "Point", "coordinates": [ 144.9072, -37.6931 ] } },
{ "type": "Feature", "properties": { "decimalLatitude": -35.1008, "decimalLongitude": 139.2871, "month": 10, "species_sci": "Hirundo neoxena", "species_com": "Welcome Swallow" }, "geometry": { "type": "Point", "coordinates": [ 139.2871, -35.1008 ] } },
{ "type": "Feature", "properties": { "decimalLatitude": -37.8568, "decimalLongitude": 144.8705, "month": 10, "species_sci": "Hirundo neoxena", "species_com": "Welcome Swallow" }, "geometry": { "type": "Point", "coordinates": [ 144.8705, -37.8568 ] } },
{ "type": "Feature", "properties": { "decimalLatitude": -16.8311, "decimalLongitude": 145.7053, "month": 10, "species_sci": "Hirundo neoxena", "species_com": "Welcome Swallow" }, "geometry": { "type": "Point", "coordinates": [ 145.7053, -16.8311 ] } },
{ "type": "Feature", "properties": { "decimalLatitude": -16.2604, "decimalLongitude": 145.3977, "month": 10, "species_sci": "Hirundo neoxena", "species_com": "Welcome Swallow" }, "geometry": { "type": "Point", "coordinates": [ 145.3977, -16.2604 ] } },
{ "type": "Feature", "properties": { "decimalLatitude": -37.979, "decimalLongitude": 145.1387, "month": 10, "species_sci": "Hirundo neoxena", "species_com": "Welcome Swallow" }, "geometry": { "type": "Point", "coordinates": [ 145.1387, -37.979 ] } },
{ "type": "Feature", "properties": { "decimalLatitude": -16.9203, "decimalLongitude": 145.771, "month": 10, "species_sci": "Hirundo neoxena", "species_com": "Welcome Swallow" }, "geometry": { "type": "Point", "coordinates": [ 145.771, -16.9203 ] } },
{ "type": "Feature", "properties": { "decimalLatitude": -36.1378, "decimalLongitude": 146.6479, "month": 10, "species_sci": "Hirundo neoxena", "species_com": "Welcome Swallow" }, "geometry": { "type": "Point", "coordinates": [ 146.6479, -36.1378 ] } },
{ "type": "Feature", "properties": { "decimalLatitude": -26.397, "decimalLongitude": 153.0655, "month": 10, "species_sci": "Hirundo neoxena", "species_com": "Welcome Swallow" }, "geometry": { "type": "Point", "coordinates": [ 153.0655, -26.397 ] } },
{ "type": "Feature", "properties": { "decimalLatitude": -39.6331, "decimalLongitude": 176.9849, "month": 10, "species_sci": "Hirundo neoxena", "species_com": "Welcome Swallow" }, "geometry": { "type": "Point", "coordinates": [ 176.9849, -39.6331 ] } },
{ "type": "Feature", "properties": { "decimalLatitude": -38.1504, "decimalLongitude": 145.1362, "month": 10, "species_sci": "Hirundo neoxena", "species_com": "Welcome Swallow" }, "geometry": { "type": "Point", "coordinates": [ 145.1362, -38.1504 ] } },
{ "type": "Feature", "properties": { "decimalLatitude": -38.0814, "decimalLongitude": 175.6395, "month": 10, "species_sci": "Hirundo neoxena", "species_com": "Welcome Swallow" }, "geometry": { "type": "Point", "coordinates": [ 175.6395, -38.0814 ] } },
{ "type": "Feature", "properties": { "decimalLatitude": -43.026, "decimalLongitude": 147.926, "month": 10, "species_sci": "Hirundo neoxena", "species_com": "Welcome Swallow" }, "geometry": { "type": "Point", "coordinates": [ 147.926, -43.026 ] } },
{ "type": "Feature", "properties": { "decimalLatitude": -33.9647, "decimalLongitude": 151.2584, "month": 10, "species_sci": "Hirundo neoxena", "species_com": "Welcome Swallow" }, "geometry": { "type": "Point", "coordinates": [ 151.2584, -33.9647 ] } },
{ "type": "Feature", "properties": { "decimalLatitude": -38.1642, "decimalLongitude": 144.3316, "month": 10, "species_sci": "Hirundo neoxena", "species_com": "Welcome Swallow" }, "geometry": { "type": "Point", "coordinates": [ 144.3316, -38.1642 ] } },
{ "type": "Feature", "properties": { "decimalLatitude": -41.3876, "decimalLongitude": 147.0732, "month": 10, "species_sci": "Hirundo neoxena", "species_com": "Welcome Swallow" }, "geometry": { "type": "Point", "coordinates": [ 147.0732, -41.3876 ] } },
{ "type": "Feature", "properties": { "decimalLatitude": -34.8261, "decimalLongitude": 150.6544, "month": 10, "species_sci": "Hirundo neoxena", "species_com": "Welcome Swallow" }, "geometry": { "type": "Point", "coordinates": [ 150.6544, -34.8261 ] } },
{ "type": "Feature", "properties": { "decimalLatitude": -28.072, "decimalLongitude": 153.1334, "month": 10, "species_sci": "Hirundo neoxena", "species_com": "Welcome Swallow" }, "geometry": { "type": "Point", "coordinates": [ 153.1334, -28.072 ] } },
{ "type": "Feature", "properties": { "decimalLatitude": -36.0835, "decimalLongitude": 146.9246, "month": 10, "species_sci": "Hirundo neoxena", "species_com": "Welcome Swallow" }, "geometry": { "type": "Point", "coordinates": [ 146.9246, -36.0835 ] } },
{ "type": "Feature", "properties": { "decimalLatitude": -37.8308, "decimalLongitude": 144.9093, "month": 10, "species_sci": "Hirundo neoxena", "species_com": "Welcome Swallow" }, "geometry": { "type": "Point", "coordinates": [ 144.9093, -37.8308 ] } },
{ "type": "Feature", "properties": { "decimalLatitude": -27.4852, "decimalLongitude": 153.1156, "month": 10, "species_sci": "Hirundo neoxena", "species_com": "Welcome Swallow" }, "geometry": { "type": "Point", "coordinates": [ 153.1156, -27.4852 ] } },
{ "type": "Feature", "properties": { "decimalLatitude": -17.0852, "decimalLongitude": 145.7624, "month": 10, "species_sci": "Hirundo neoxena", "species_com": "Welcome Swallow" }, "geometry": { "type": "Point", "coordinates": [ 145.7624, -17.0852 ] } },
{ "type": "Feature", "properties": { "decimalLatitude": -34.4916, "decimalLongitude": 150.8201, "month": 10, "species_sci": "Hirundo neoxena", "species_com": "Welcome Swallow" }, "geometry": { "type": "Point", "coordinates": [ 150.8201, -34.4916 ] } },
{ "type": "Feature", "properties": { "decimalLatitude": -27.4571, "decimalLongitude": 153.0442, "month": 10, "species_sci": "Hirundo neoxena", "species_com": "Welcome Swallow" }, "geometry": { "type": "Point", "coordinates": [ 153.0442, -27.4571 ] } },
{ "type": "Feature", "properties": { "decimalLatitude": -36.0838, "decimalLongitude": 140.4081, "month": 10, "species_sci": "Hirundo neoxena", "species_com": "Welcome Swallow" }, "geometry": { "type": "Point", "coordinates": [ 140.4081, -36.0838 ] } },
{ "type": "Feature", "properties": { "decimalLatitude": -35.3165, "decimalLongitude": 149.1634, "month": 10, "species_sci": "Hirundo neoxena", "species_com": "Welcome Swallow" }, "geometry": { "type": "Point", "coordinates": [ 149.1634, -35.3165 ] } },
{ "type": "Feature", "properties": { "decimalLatitude": -43.8039, "decimalLongitude": 172.9674, "month": 10, "species_sci": "Hirundo neoxena", "species_com": "Welcome Swallow" }, "geometry": { "type": "Point", "coordinates": [ 172.9674, -43.8039 ] } },
{ "type": "Feature", "properties": { "decimalLatitude": -27.514, "decimalLongitude": 153.1564, "month": 10, "species_sci": "Hirundo neoxena", "species_com": "Welcome Swallow" }, "geometry": { "type": "Point", "coordinates": [ 153.1564, -27.514 ] } },
{ "type": "Feature", "properties": { "decimalLatitude": -25.8886, "decimalLongitude": 113.9188, "month": 10, "species_sci": "Hirundo neoxena", "species_com": "Welcome Swallow" }, "geometry": { "type": "Point", "coordinates": [ 113.9188, -25.8886 ] } },
{ "type": "Feature", "properties": { "decimalLatitude": -37.1827, "decimalLongitude": 175.3222, "month": 10, "species_sci": "Hirundo neoxena", "species_com": "Welcome Swallow" }, "geometry": { "type": "Point", "coordinates": [ 175.3222, -37.1827 ] } },
{ "type": "Feature", "properties": { "decimalLatitude": -38.4017, "decimalLongitude": 144.1843, "month": 10, "species_sci": "Hirundo neoxena", "species_com": "Welcome Swallow" }, "geometry": { "type": "Point", "coordinates": [ 144.1843, -38.4017 ] } },
{ "type": "Feature", "properties": { "decimalLatitude": -35.5215, "decimalLongitude": 138.7886, "month": 10, "species_sci": "Hirundo neoxena", "species_com": "Welcome Swallow" }, "geometry": { "type": "Point", "coordinates": [ 138.7886, -35.5215 ] } },
{ "type": "Feature", "properties": { "decimalLatitude": -27.4177, "decimalLongitude": 152.949, "month": 10, "species_sci": "Hirundo neoxena", "species_com": "Welcome Swallow" }, "geometry": { "type": "Point", "coordinates": [ 152.949, -27.4177 ] } },
{ "type": "Feature", "properties": { "decimalLatitude": -27.4982, "decimalLongitude": 153.0168, "month": 10, "species_sci": "Hirundo neoxena", "species_com": "Welcome Swallow" }, "geometry": { "type": "Point", "coordinates": [ 153.0168, -27.4982 ] } },
{ "type": "Feature", "properties": { "decimalLatitude": -34.9079, "decimalLongitude": 139.3191, "month": 10, "species_sci": "Hirundo neoxena", "species_com": "Welcome Swallow" }, "geometry": { "type": "Point", "coordinates": [ 139.3191, -34.9079 ] } },
{ "type": "Feature", "properties": { "decimalLatitude": -37.855, "decimalLongitude": 175.814, "month": 10, "species_sci": "Hirundo neoxena", "species_com": "Welcome Swallow" }, "geometry": { "type": "Point", "coordinates": [ 175.814, -37.855 ] } },
{ "type": "Feature", "properties": { "decimalLatitude": -27.446, "decimalLongitude": 152.952, "month": 11, "species_sci": "Hirundo neoxena", "species_com": "Welcome Swallow" }, "geometry": { "type": "Point", "coordinates": [ 152.952, -27.446 ] } },
{ "type": "Feature", "properties": { "decimalLatitude": -35.3732, "decimalLongitude": 139.1426, "month": 11, "species_sci": "Hirundo neoxena", "species_com": "Welcome Swallow" }, "geometry": { "type": "Point", "coordinates": [ 139.1426, -35.3732 ] } },
{ "type": "Feature", "properties": { "decimalLatitude": -38.0395, "decimalLongitude": 144.5151, "month": 11, "species_sci": "Hirundo neoxena", "species_com": "Welcome Swallow" }, "geometry": { "type": "Point", "coordinates": [ 144.5151, -38.0395 ] } },
{ "type": "Feature", "properties": { "decimalLatitude": -38.1984, "decimalLongitude": 145.4878, "month": 11, "species_sci": "Hirundo neoxena", "species_com": "Welcome Swallow" }, "geometry": { "type": "Point", "coordinates": [ 145.4878, -38.1984 ] } },
{ "type": "Feature", "properties": { "decimalLatitude": -38.2754, "decimalLongitude": 144.3812, "month": 11, "species_sci": "Hirundo neoxena", "species_com": "Welcome Swallow" }, "geometry": { "type": "Point", "coordinates": [ 144.3812, -38.2754 ] } },
{ "type": "Feature", "properties": { "decimalLatitude": -35.1803, "decimalLongitude": 149.1598, "month": 11, "species_sci": "Hirundo neoxena", "species_com": "Welcome Swallow" }, "geometry": { "type": "Point", "coordinates": [ 149.1598, -35.1803 ] } },
{ "type": "Feature", "properties": { "decimalLatitude": -27.503, "decimalLongitude": 152.8033, "month": 11, "species_sci": "Hirundo neoxena", "species_com": "Welcome Swallow" }, "geometry": { "type": "Point", "coordinates": [ 152.8033, -27.503 ] } },
{ "type": "Feature", "properties": { "decimalLatitude": -38.0538, "decimalLongitude": 147.5701, "month": 11, "species_sci": "Hirundo neoxena", "species_com": "Welcome Swallow" }, "geometry": { "type": "Point", "coordinates": [ 147.5701, -38.0538 ] } },
{ "type": "Feature", "properties": { "decimalLatitude": -46.4742, "decimalLongitude": 169.674, "month": 11, "species_sci": "Hirundo neoxena", "species_com": "Welcome Swallow" }, "geometry": { "type": "Point", "coordinates": [ 169.674, -46.4742 ] } },
{ "type": "Feature", "properties": { "decimalLatitude": -35.1296, "decimalLongitude": 139.293, "month": 11, "species_sci": "Hirundo neoxena", "species_com": "Welcome Swallow" }, "geometry": { "type": "Point", "coordinates": [ 139.293, -35.1296 ] } },
{ "type": "Feature", "properties": { "decimalLatitude": -33.8607, "decimalLongitude": 151.2101, "month": 11, "species_sci": "Hirundo neoxena", "species_com": "Welcome Swallow" }, "geometry": { "type": "Point", "coordinates": [ 151.2101, -33.8607 ] } },
{ "type": "Feature", "properties": { "decimalLatitude": -28.2312, "decimalLongitude": 153.1344, "month": 11, "species_sci": "Hirundo neoxena", "species_com": "Welcome Swallow" }, "geometry": { "type": "Point", "coordinates": [ 153.1344, -28.2312 ] } },
{ "type": "Feature", "properties": { "decimalLatitude": -27.1971, "decimalLongitude": 152.8227, "month": 11, "species_sci": "Hirundo neoxena", "species_com": "Welcome Swallow" }, "geometry": { "type": "Point", "coordinates": [ 152.8227, -27.1971 ] } },
{ "type": "Feature", "properties": { "decimalLatitude": -37.782, "decimalLongitude": 144.9438, "month": 11, "species_sci": "Hirundo neoxena", "species_com": "Welcome Swallow" }, "geometry": { "type": "Point", "coordinates": [ 144.9438, -37.782 ] } },
{ "type": "Feature", "properties": { "decimalLatitude": -26.6737, "decimalLongitude": 152.0036, "month": 11, "species_sci": "Hirundo neoxena", "species_com": "Welcome Swallow" }, "geometry": { "type": "Point", "coordinates": [ 152.0036, -26.6737 ] } },
{ "type": "Feature", "properties": { "decimalLatitude": -38.3839, "decimalLongitude": 145.2725, "month": 11, "species_sci": "Hirundo neoxena", "species_com": "Welcome Swallow" }, "geometry": { "type": "Point", "coordinates": [ 145.2725, -38.3839 ] } },
{ "type": "Feature", "properties": { "decimalLatitude": -41.2613, "decimalLongitude": 175.2649, "month": 11, "species_sci": "Hirundo neoxena", "species_com": "Welcome Swallow" }, "geometry": { "type": "Point", "coordinates": [ 175.2649, -41.2613 ] } },
{ "type": "Feature", "properties": { "decimalLatitude": -37.8505, "decimalLongitude": 144.9772, "month": 11, "species_sci": "Hirundo neoxena", "species_com": "Welcome Swallow" }, "geometry": { "type": "Point", "coordinates": [ 144.9772, -37.8505 ] } },
{ "type": "Feature", "properties": { "decimalLatitude": -34.7792, "decimalLongitude": 150.8215, "month": 11, "species_sci": "Hirundo neoxena", "species_com": "Welcome Swallow" }, "geometry": { "type": "Point", "coordinates": [ 150.8215, -34.7792 ] } },
{ "type": "Feature", "properties": { "decimalLatitude": -36.1854, "decimalLongitude": 147.8964, "month": 11, "species_sci": "Hirundo neoxena", "species_com": "Welcome Swallow" }, "geometry": { "type": "Point", "coordinates": [ 147.8964, -36.1854 ] } },
{ "type": "Feature", "properties": { "decimalLatitude": -38.2673, "decimalLongitude": 144.5228, "month": 11, "species_sci": "Hirundo neoxena", "species_com": "Welcome Swallow" }, "geometry": { "type": "Point", "coordinates": [ 144.5228, -38.2673 ] } },
{ "type": "Feature", "properties": { "decimalLatitude": -27.3719, "decimalLongitude": 153.041, "month": 11, "species_sci": "Hirundo neoxena", "species_com": "Welcome Swallow" }, "geometry": { "type": "Point", "coordinates": [ 153.041, -27.3719 ] } },
{ "type": "Feature", "properties": { "decimalLatitude": -33.1455, "decimalLongitude": 149.9819, "month": 11, "species_sci": "Hirundo neoxena", "species_com": "Welcome Swallow" }, "geometry": { "type": "Point", "coordinates": [ 149.9819, -33.1455 ] } },
{ "type": "Feature", "properties": { "decimalLatitude": -37.6884, "decimalLongitude": 144.9043, "month": 11, "species_sci": "Hirundo neoxena", "species_com": "Welcome Swallow" }, "geometry": { "type": "Point", "coordinates": [ 144.9043, -37.6884 ] } },
{ "type": "Feature", "properties": { "decimalLatitude": -28.2312, "decimalLongitude": 153.1344, "month": 11, "species_sci": "Hirundo neoxena", "species_com": "Welcome Swallow" }, "geometry": { "type": "Point", "coordinates": [ 153.1344, -28.2312 ] } },
{ "type": "Feature", "properties": { "decimalLatitude": -35.2964, "decimalLongitude": 149.1339, "month": 11, "species_sci": "Hirundo neoxena", "species_com": "Welcome Swallow" }, "geometry": { "type": "Point", "coordinates": [ 149.1339, -35.2964 ] } },
{ "type": "Feature", "properties": { "decimalLatitude": -38.5072, "decimalLongitude": 145.148, "month": 11, "species_sci": "Hirundo neoxena", "species_com": "Welcome Swallow" }, "geometry": { "type": "Point", "coordinates": [ 145.148, -38.5072 ] } },
{ "type": "Feature", "properties": { "decimalLatitude": -43.4648, "decimalLongitude": 172.6092, "month": 11, "species_sci": "Hirundo neoxena", "species_com": "Welcome Swallow" }, "geometry": { "type": "Point", "coordinates": [ 172.6092, -43.4648 ] } },
{ "type": "Feature", "properties": { "decimalLatitude": -42.1272, "decimalLongitude": 148.2886, "month": 11, "species_sci": "Hirundo neoxena", "species_com": "Welcome Swallow" }, "geometry": { "type": "Point", "coordinates": [ 148.2886, -42.1272 ] } },
{ "type": "Feature", "properties": { "decimalLatitude": -32.7311, "decimalLongitude": 149.2297, "month": 11, "species_sci": "Hirundo neoxena", "species_com": "Welcome Swallow" }, "geometry": { "type": "Point", "coordinates": [ 149.2297, -32.7311 ] } },
{ "type": "Feature", "properties": { "decimalLatitude": -37.9957, "decimalLongitude": 145.2672, "month": 11, "species_sci": "Hirundo neoxena", "species_com": "Welcome Swallow" }, "geometry": { "type": "Point", "coordinates": [ 145.2672, -37.9957 ] } },
{ "type": "Feature", "properties": { "decimalLatitude": -35.3152, "decimalLongitude": 149.1631, "month": 11, "species_sci": "Hirundo neoxena", "species_com": "Welcome Swallow" }, "geometry": { "type": "Point", "coordinates": [ 149.1631, -35.3152 ] } },
{ "type": "Feature", "properties": { "decimalLatitude": -17.8988, "decimalLongitude": 146.0922, "month": 11, "species_sci": "Hirundo neoxena", "species_com": "Welcome Swallow" }, "geometry": { "type": "Point", "coordinates": [ 146.0922, -17.8988 ] } },
{ "type": "Feature", "properties": { "decimalLatitude": -28.2313, "decimalLongitude": 153.1366, "month": 11, "species_sci": "Hirundo neoxena", "species_com": "Welcome Swallow" }, "geometry": { "type": "Point", "coordinates": [ 153.1366, -28.2313 ] } },
{ "type": "Feature", "properties": { "decimalLatitude": -35.1887, "decimalLongitude": 149.0149, "month": 11, "species_sci": "Hirundo neoxena", "species_com": "Welcome Swallow" }, "geometry": { "type": "Point", "coordinates": [ 149.0149, -35.1887 ] } },
{ "type": "Feature", "properties": { "decimalLatitude": -28.2645, "decimalLongitude": 153.5828, "month": 11, "species_sci": "Hirundo neoxena", "species_com": "Welcome Swallow" }, "geometry": { "type": "Point", "coordinates": [ 153.5828, -28.2645 ] } },
{ "type": "Feature", "properties": { "decimalLatitude": -31.2598, "decimalLongitude": 148.9601, "month": 11, "species_sci": "Hirundo neoxena", "species_com": "Welcome Swallow" }, "geometry": { "type": "Point", "coordinates": [ 148.9601, -31.2598 ] } },
{ "type": "Feature", "properties": { "decimalLatitude": -43.4867, "decimalLongitude": 172.6977, "month": 11, "species_sci": "Hirundo neoxena", "species_com": "Welcome Swallow" }, "geometry": { "type": "Point", "coordinates": [ 172.6977, -43.4867 ] } },
{ "type": "Feature", "properties": { "decimalLatitude": -42.5417, "decimalLongitude": 147.9145, "month": 11, "species_sci": "Hirundo neoxena", "species_com": "Welcome Swallow" }, "geometry": { "type": "Point", "coordinates": [ 147.9145, -42.5417 ] } },
{ "type": "Feature", "properties": { "decimalLatitude": -41.2933, "decimalLongitude": 174.7514, "month": 11, "species_sci": "Hirundo neoxena", "species_com": "Welcome Swallow" }, "geometry": { "type": "Point", "coordinates": [ 174.7514, -41.2933 ] } },
{ "type": "Feature", "properties": { "decimalLatitude": -41.0945, "decimalLongitude": 174.2343, "month": 11, "species_sci": "Hirundo neoxena", "species_com": "Welcome Swallow" }, "geometry": { "type": "Point", "coordinates": [ 174.2343, -41.0945 ] } },
{ "type": "Feature", "properties": { "decimalLatitude": -43.4797, "decimalLongitude": 170.0116, "month": 11, "species_sci": "Hirundo neoxena", "species_com": "Welcome Swallow" }, "geometry": { "type": "Point", "coordinates": [ 170.0116, -43.4797 ] } },
{ "type": "Feature", "properties": { "decimalLatitude": -42.5519, "decimalLongitude": 147.8794, "month": 11, "species_sci": "Hirundo neoxena", "species_com": "Welcome Swallow" }, "geometry": { "type": "Point", "coordinates": [ 147.8794, -42.5519 ] } },
{ "type": "Feature", "properties": { "decimalLatitude": -27.2187, "decimalLongitude": 153.0296, "month": 11, "species_sci": "Hirundo neoxena", "species_com": "Welcome Swallow" }, "geometry": { "type": "Point", "coordinates": [ 153.0296, -27.2187 ] } },
{ "type": "Feature", "properties": { "decimalLatitude": -38.0396, "decimalLongitude": 144.5151, "month": 11, "species_sci": "Hirundo neoxena", "species_com": "Welcome Swallow" }, "geometry": { "type": "Point", "coordinates": [ 144.5151, -38.0396 ] } },
{ "type": "Feature", "properties": { "decimalLatitude": -35.0213, "decimalLongitude": 149.2881, "month": 11, "species_sci": "Hirundo neoxena", "species_com": "Welcome Swallow" }, "geometry": { "type": "Point", "coordinates": [ 149.2881, -35.0213 ] } },
{ "type": "Feature", "properties": { "decimalLatitude": -43.4225, "decimalLongitude": 170.1692, "month": 11, "species_sci": "Hirundo neoxena", "species_com": "Welcome Swallow" }, "geometry": { "type": "Point", "coordinates": [ 170.1692, -43.4225 ] } },
{ "type": "Feature", "properties": { "decimalLatitude": -18.2645, "decimalLongitude": 146.0241, "month": 11, "species_sci": "Hirundo neoxena", "species_com": "Welcome Swallow" }, "geometry": { "type": "Point", "coordinates": [ 146.0241, -18.2645 ] } },
{ "type": "Feature", "properties": { "decimalLatitude": -34.8326, "decimalLongitude": 150.5989, "month": 11, "species_sci": "Hirundo neoxena", "species_com": "Welcome Swallow" }, "geometry": { "type": "Point", "coordinates": [ 150.5989, -34.8326 ] } },
{ "type": "Feature", "properties": { "decimalLatitude": -36.8894, "decimalLongitude": 174.8028, "month": 11, "species_sci": "Hirundo neoxena", "species_com": "Welcome Swallow" }, "geometry": { "type": "Point", "coordinates": [ 174.8028, -36.8894 ] } },
{ "type": "Feature", "properties": { "decimalLatitude": -34.8509, "decimalLongitude": 150.749, "month": 11, "species_sci": "Hirundo neoxena", "species_com": "Welcome Swallow" }, "geometry": { "type": "Point", "coordinates": [ 150.749, -34.8509 ] } },
{ "type": "Feature", "properties": { "decimalLatitude": -33.9626, "decimalLongitude": 151.1173, "month": 11, "species_sci": "Hirundo neoxena", "species_com": "Welcome Swallow" }, "geometry": { "type": "Point", "coordinates": [ 151.1173, -33.9626 ] } },
{ "type": "Feature", "properties": { "decimalLatitude": -28.6414, "decimalLongitude": 153.6051, "month": 11, "species_sci": "Hirundo neoxena", "species_com": "Welcome Swallow" }, "geometry": { "type": "Point", "coordinates": [ 153.6051, -28.6414 ] } },
{ "type": "Feature", "properties": { "decimalLatitude": -28.2137, "decimalLongitude": 153.1647, "month": 11, "species_sci": "Hirundo neoxena", "species_com": "Welcome Swallow" }, "geometry": { "type": "Point", "coordinates": [ 153.1647, -28.2137 ] } },
{ "type": "Feature", "properties": { "decimalLatitude": -32.0531, "decimalLongitude": 115.7414, "month": 11, "species_sci": "Hirundo neoxena", "species_com": "Welcome Swallow" }, "geometry": { "type": "Point", "coordinates": [ 115.7414, -32.0531 ] } },
{ "type": "Feature", "properties": { "decimalLatitude": -37.909, "decimalLongitude": 145.3537, "month": 11, "species_sci": "Hirundo neoxena", "species_com": "Welcome Swallow" }, "geometry": { "type": "Point", "coordinates": [ 145.3537, -37.909 ] } },
{ "type": "Feature", "properties": { "decimalLatitude": -17.0189, "decimalLongitude": 145.7277, "month": 11, "species_sci": "Hirundo neoxena", "species_com": "Welcome Swallow" }, "geometry": { "type": "Point", "coordinates": [ 145.7277, -17.0189 ] } },
{ "type": "Feature", "properties": { "decimalLatitude": -34.3534, "decimalLongitude": 115.1258, "month": 11, "species_sci": "Hirundo neoxena", "species_com": "Welcome Swallow" }, "geometry": { "type": "Point", "coordinates": [ 115.1258, -34.3534 ] } },
{ "type": "Feature", "properties": { "decimalLatitude": -40.5475, "decimalLongitude": 175.4107, "month": 11, "species_sci": "Hirundo neoxena", "species_com": "Welcome Swallow" }, "geometry": { "type": "Point", "coordinates": [ 175.4107, -40.5475 ] } },
{ "type": "Feature", "properties": { "decimalLatitude": -31.9959, "decimalLongitude": 115.5407, "month": 11, "species_sci": "Hirundo neoxena", "species_com": "Welcome Swallow" }, "geometry": { "type": "Point", "coordinates": [ 115.5407, -31.9959 ] } },
{ "type": "Feature", "properties": { "decimalLatitude": -36.1289, "decimalLongitude": 174.0362, "month": 11, "species_sci": "Hirundo neoxena", "species_com": "Welcome Swallow" }, "geometry": { "type": "Point", "coordinates": [ 174.0362, -36.1289 ] } },
{ "type": "Feature", "properties": { "decimalLatitude": -36.8656, "decimalLongitude": 174.722, "month": 11, "species_sci": "Hirundo neoxena", "species_com": "Welcome Swallow" }, "geometry": { "type": "Point", "coordinates": [ 174.722, -36.8656 ] } },
{ "type": "Feature", "properties": { "decimalLatitude": -37.2497, "decimalLongitude": 149.9184, "month": 11, "species_sci": "Hirundo neoxena", "species_com": "Welcome Swallow" }, "geometry": { "type": "Point", "coordinates": [ 149.9184, -37.2497 ] } },
{ "type": "Feature", "properties": { "decimalLatitude": -34.3652, "decimalLongitude": 150.9219, "month": 11, "species_sci": "Hirundo neoxena", "species_com": "Welcome Swallow" }, "geometry": { "type": "Point", "coordinates": [ 150.9219, -34.3652 ] } },
{ "type": "Feature", "properties": { "decimalLatitude": -38.5207, "decimalLongitude": 145.3659, "month": 11, "species_sci": "Hirundo neoxena", "species_com": "Welcome Swallow" }, "geometry": { "type": "Point", "coordinates": [ 145.3659, -38.5207 ] } },
{ "type": "Feature", "properties": { "decimalLatitude": -35.3164, "decimalLongitude": 149.1634, "month": 11, "species_sci": "Hirundo neoxena", "species_com": "Welcome Swallow" }, "geometry": { "type": "Point", "coordinates": [ 149.1634, -35.3164 ] } },
{ "type": "Feature", "properties": { "decimalLatitude": -41.1702, "decimalLongitude": 173.8377, "month": 11, "species_sci": "Hirundo neoxena", "species_com": "Welcome Swallow" }, "geometry": { "type": "Point", "coordinates": [ 173.8377, -41.1702 ] } },
{ "type": "Feature", "properties": { "decimalLatitude": -35.6692, "decimalLongitude": 143.8751, "month": 11, "species_sci": "Hirundo neoxena", "species_com": "Welcome Swallow" }, "geometry": { "type": "Point", "coordinates": [ 143.8751, -35.6692 ] } },
{ "type": "Feature", "properties": { "decimalLatitude": -37.9551, "decimalLongitude": 145.1506, "month": 11, "species_sci": "Hirundo neoxena", "species_com": "Welcome Swallow" }, "geometry": { "type": "Point", "coordinates": [ 145.1506, -37.9551 ] } },
{ "type": "Feature", "properties": { "decimalLatitude": -34.4648, "decimalLongitude": 150.7965, "month": 11, "species_sci": "Hirundo neoxena", "species_com": "Welcome Swallow" }, "geometry": { "type": "Point", "coordinates": [ 150.7965, -34.4648 ] } },
{ "type": "Feature", "properties": { "decimalLatitude": -38.3906, "decimalLongitude": 142.2444, "month": 11, "species_sci": "Hirundo neoxena", "species_com": "Welcome Swallow" }, "geometry": { "type": "Point", "coordinates": [ 142.2444, -38.3906 ] } },
{ "type": "Feature", "properties": { "decimalLatitude": -33.7325, "decimalLongitude": 151.1297, "month": 11, "species_sci": "Hirundo neoxena", "species_com": "Welcome Swallow" }, "geometry": { "type": "Point", "coordinates": [ 151.1297, -33.7325 ] } },
{ "type": "Feature", "properties": { "decimalLatitude": -26.1957, "decimalLongitude": 152.6635, "month": 11, "species_sci": "Hirundo neoxena", "species_com": "Welcome Swallow" }, "geometry": { "type": "Point", "coordinates": [ 152.6635, -26.1957 ] } },
{ "type": "Feature", "properties": { "decimalLatitude": -36.8672, "decimalLongitude": 174.7252, "month": 11, "species_sci": "Hirundo neoxena", "species_com": "Welcome Swallow" }, "geometry": { "type": "Point", "coordinates": [ 174.7252, -36.8672 ] } },
{ "type": "Feature", "properties": { "decimalLatitude": -43.6508, "decimalLongitude": 172.4977, "month": 11, "species_sci": "Hirundo neoxena", "species_com": "Welcome Swallow" }, "geometry": { "type": "Point", "coordinates": [ 172.4977, -43.6508 ] } },
{ "type": "Feature", "properties": { "decimalLatitude": -41.4369, "decimalLongitude": 147.1309, "month": 11, "species_sci": "Hirundo neoxena", "species_com": "Welcome Swallow" }, "geometry": { "type": "Point", "coordinates": [ 147.1309, -41.4369 ] } },
{ "type": "Feature", "properties": { "decimalLatitude": -35.3668, "decimalLongitude": 149.0941, "month": 11, "species_sci": "Hirundo neoxena", "species_com": "Welcome Swallow" }, "geometry": { "type": "Point", "coordinates": [ 149.0941, -35.3668 ] } },
{ "type": "Feature", "properties": { "decimalLatitude": -34.5344, "decimalLongitude": 150.7921, "month": 11, "species_sci": "Hirundo neoxena", "species_com": "Welcome Swallow" }, "geometry": { "type": "Point", "coordinates": [ 150.7921, -34.5344 ] } },
{ "type": "Feature", "properties": { "decimalLatitude": -34.9985, "decimalLongitude": 138.5469, "month": 11, "species_sci": "Hirundo neoxena", "species_com": "Welcome Swallow" }, "geometry": { "type": "Point", "coordinates": [ 138.5469, -34.9985 ] } },
{ "type": "Feature", "properties": { "decimalLatitude": -27.5711, "decimalLongitude": 153.095, "month": 11, "species_sci": "Hirundo neoxena", "species_com": "Welcome Swallow" }, "geometry": { "type": "Point", "coordinates": [ 153.095, -27.5711 ] } },
{ "type": "Feature", "properties": { "decimalLatitude": -35.2449, "decimalLongitude": 148.3762, "month": 11, "species_sci": "Hirundo neoxena", "species_com": "Welcome Swallow" }, "geometry": { "type": "Point", "coordinates": [ 148.3762, -35.2449 ] } },
{ "type": "Feature", "properties": { "decimalLatitude": -31.64, "decimalLongitude": 152.8212, "month": 11, "species_sci": "Hirundo neoxena", "species_com": "Welcome Swallow" }, "geometry": { "type": "Point", "coordinates": [ 152.8212, -31.64 ] } },
{ "type": "Feature", "properties": { "decimalLatitude": -27.4047, "decimalLongitude": 153.1086, "month": 11, "species_sci": "Hirundo neoxena", "species_com": "Welcome Swallow" }, "geometry": { "type": "Point", "coordinates": [ 153.1086, -27.4047 ] } },
{ "type": "Feature", "properties": { "decimalLatitude": -17.0176, "decimalLongitude": 145.744, "month": 11, "species_sci": "Hirundo neoxena", "species_com": "Welcome Swallow" }, "geometry": { "type": "Point", "coordinates": [ 145.744, -17.0176 ] } },
{ "type": "Feature", "properties": { "decimalLatitude": -27.5363, "decimalLongitude": 153.1102, "month": 11, "species_sci": "Hirundo neoxena", "species_com": "Welcome Swallow" }, "geometry": { "type": "Point", "coordinates": [ 153.1102, -27.5363 ] } },
{ "type": "Feature", "properties": { "decimalLatitude": -37.7088, "decimalLongitude": 145.4279, "month": 11, "species_sci": "Hirundo neoxena", "species_com": "Welcome Swallow" }, "geometry": { "type": "Point", "coordinates": [ 145.4279, -37.7088 ] } },
{ "type": "Feature", "properties": { "decimalLatitude": -43.363, "decimalLongitude": 147.3573, "month": 11, "species_sci": "Hirundo neoxena", "species_com": "Welcome Swallow" }, "geometry": { "type": "Point", "coordinates": [ 147.3573, -43.363 ] } },
{ "type": "Feature", "properties": { "decimalLatitude": -34.5056, "decimalLongitude": 150.759, "month": 11, "species_sci": "Hirundo neoxena", "species_com": "Welcome Swallow" }, "geometry": { "type": "Point", "coordinates": [ 150.759, -34.5056 ] } },
{ "type": "Feature", "properties": { "decimalLatitude": -33.8559, "decimalLongitude": 151.2057, "month": 11, "species_sci": "Hirundo neoxena", "species_com": "Welcome Swallow" }, "geometry": { "type": "Point", "coordinates": [ 151.2057, -33.8559 ] } },
{ "type": "Feature", "properties": { "decimalLatitude": -32.4988, "decimalLongitude": 151.1565, "month": 11, "species_sci": "Hirundo neoxena", "species_com": "Welcome Swallow" }, "geometry": { "type": "Point", "coordinates": [ 151.1565, -32.4988 ] } },
{ "type": "Feature", "properties": { "decimalLatitude": -37.179, "decimalLongitude": 175.3225, "month": 11, "species_sci": "Hirundo neoxena", "species_com": "Welcome Swallow" }, "geometry": { "type": "Point", "coordinates": [ 175.3225, -37.179 ] } },
{ "type": "Feature", "properties": { "decimalLatitude": -43.4218, "decimalLongitude": 146.1628, "month": 11, "species_sci": "Hirundo neoxena", "species_com": "Welcome Swallow" }, "geometry": { "type": "Point", "coordinates": [ 146.1628, -43.4218 ] } },
{ "type": "Feature", "properties": { "decimalLatitude": -41.2517, "decimalLongitude": 148.3037, "month": 11, "species_sci": "Hirundo neoxena", "species_com": "Welcome Swallow" }, "geometry": { "type": "Point", "coordinates": [ 148.3037, -41.2517 ] } },
{ "type": "Feature", "properties": { "decimalLatitude": -30.3038, "decimalLongitude": 153.1475, "month": 11, "species_sci": "Hirundo neoxena", "species_com": "Welcome Swallow" }, "geometry": { "type": "Point", "coordinates": [ 153.1475, -30.3038 ] } },
{ "type": "Feature", "properties": { "decimalLatitude": -38.0473, "decimalLongitude": 144.5064, "month": 11, "species_sci": "Hirundo neoxena", "species_com": "Welcome Swallow" }, "geometry": { "type": "Point", "coordinates": [ 144.5064, -38.0473 ] } },
{ "type": "Feature", "properties": { "decimalLatitude": -34.3081, "decimalLongitude": 149.9687, "month": 11, "species_sci": "Hirundo neoxena", "species_com": "Welcome Swallow" }, "geometry": { "type": "Point", "coordinates": [ 149.9687, -34.3081 ] } },
{ "type": "Feature", "properties": { "decimalLatitude": -27.3165, "decimalLongitude": 153.0639, "month": 11, "species_sci": "Hirundo neoxena", "species_com": "Welcome Swallow" }, "geometry": { "type": "Point", "coordinates": [ 153.0639, -27.3165 ] } },
{ "type": "Feature", "properties": { "decimalLatitude": -37.5859, "decimalLongitude": 148.9424, "month": 11, "species_sci": "Hirundo neoxena", "species_com": "Welcome Swallow" }, "geometry": { "type": "Point", "coordinates": [ 148.9424, -37.5859 ] } },
{ "type": "Feature", "properties": { "decimalLatitude": -35.3143, "decimalLongitude": 149.1624, "month": 11, "species_sci": "Hirundo neoxena", "species_com": "Welcome Swallow" }, "geometry": { "type": "Point", "coordinates": [ 149.1624, -35.3143 ] } },
{ "type": "Feature", "properties": { "decimalLatitude": -33.3724, "decimalLongitude": 151.4877, "month": 11, "species_sci": "Hirundo neoxena", "species_com": "Welcome Swallow" }, "geometry": { "type": "Point", "coordinates": [ 151.4877, -33.3724 ] } },
{ "type": "Feature", "properties": { "decimalLatitude": -33.1566, "decimalLongitude": 137.4424, "month": 11, "species_sci": "Hirundo neoxena", "species_com": "Welcome Swallow" }, "geometry": { "type": "Point", "coordinates": [ 137.4424, -33.1566 ] } },
{ "type": "Feature", "properties": { "decimalLatitude": -42.7646, "decimalLongitude": 147.2407, "month": 11, "species_sci": "Hirundo neoxena", "species_com": "Welcome Swallow" }, "geometry": { "type": "Point", "coordinates": [ 147.2407, -42.7646 ] } },
{ "type": "Feature", "properties": { "decimalLatitude": -28.8398, "decimalLongitude": 167.9011, "month": 11, "species_sci": "Hirundo neoxena", "species_com": "Welcome Swallow" }, "geometry": { "type": "Point", "coordinates": [ 167.9011, -28.8398 ] } },
{ "type": "Feature", "properties": { "decimalLatitude": -33.7388, "decimalLongitude": 150.7406, "month": 11, "species_sci": "Hirundo neoxena", "species_com": "Welcome Swallow" }, "geometry": { "type": "Point", "coordinates": [ 150.7406, -33.7388 ] } },
{ "type": "Feature", "properties": { "decimalLatitude": -35.9939, "decimalLongitude": 174.4792, "month": 11, "species_sci": "Hirundo neoxena", "species_com": "Welcome Swallow" }, "geometry": { "type": "Point", "coordinates": [ 174.4792, -35.9939 ] } },
{ "type": "Feature", "properties": { "decimalLatitude": -34.0037, "decimalLongitude": 122.1695, "month": 11, "species_sci": "Hirundo neoxena", "species_com": "Welcome Swallow" }, "geometry": { "type": "Point", "coordinates": [ 122.1695, -34.0037 ] } },
{ "type": "Feature", "properties": { "decimalLatitude": -36.8404, "decimalLongitude": 174.7401, "month": 11, "species_sci": "Hirundo neoxena", "species_com": "Welcome Swallow" }, "geometry": { "type": "Point", "coordinates": [ 174.7401, -36.8404 ] } },
{ "type": "Feature", "properties": { "decimalLatitude": -42.8194, "decimalLongitude": 147.2661, "month": 11, "species_sci": "Hirundo neoxena", "species_com": "Welcome Swallow" }, "geometry": { "type": "Point", "coordinates": [ 147.2661, -42.8194 ] } },
{ "type": "Feature", "properties": { "decimalLatitude": -38.1466, "decimalLongitude": 145.1357, "month": 11, "species_sci": "Hirundo neoxena", "species_com": "Welcome Swallow" }, "geometry": { "type": "Point", "coordinates": [ 145.1357, -38.1466 ] } },
{ "type": "Feature", "properties": { "decimalLatitude": -33.687, "decimalLongitude": 139.041, "month": 11, "species_sci": "Hirundo neoxena", "species_com": "Welcome Swallow" }, "geometry": { "type": "Point", "coordinates": [ 139.041, -33.687 ] } },
{ "type": "Feature", "properties": { "decimalLatitude": -33.7905, "decimalLongitude": 151.1299, "month": 11, "species_sci": "Hirundo neoxena", "species_com": "Welcome Swallow" }, "geometry": { "type": "Point", "coordinates": [ 151.1299, -33.7905 ] } },
{ "type": "Feature", "properties": { "decimalLatitude": -16.9053, "decimalLongitude": 145.7637, "month": 11, "species_sci": "Hirundo neoxena", "species_com": "Welcome Swallow" }, "geometry": { "type": "Point", "coordinates": [ 145.7637, -16.9053 ] } },
{ "type": "Feature", "properties": { "decimalLatitude": -29.7783, "decimalLongitude": 151.324, "month": 11, "species_sci": "Hirundo neoxena", "species_com": "Welcome Swallow" }, "geometry": { "type": "Point", "coordinates": [ 151.324, -29.7783 ] } },
{ "type": "Feature", "properties": { "decimalLatitude": -34.8379, "decimalLongitude": 150.6591, "month": 11, "species_sci": "Hirundo neoxena", "species_com": "Welcome Swallow" }, "geometry": { "type": "Point", "coordinates": [ 150.6591, -34.8379 ] } },
{ "type": "Feature", "properties": { "decimalLatitude": -35.3181, "decimalLongitude": 139.0884, "month": 11, "species_sci": "Hirundo neoxena", "species_com": "Welcome Swallow" }, "geometry": { "type": "Point", "coordinates": [ 139.0884, -35.3181 ] } },
{ "type": "Feature", "properties": { "decimalLatitude": -34.2573, "decimalLongitude": 150.9412, "month": 11, "species_sci": "Hirundo neoxena", "species_com": "Welcome Swallow" }, "geometry": { "type": "Point", "coordinates": [ 150.9412, -34.2573 ] } },
{ "type": "Feature", "properties": { "decimalLatitude": -33.7186, "decimalLongitude": 151.272, "month": 11, "species_sci": "Hirundo neoxena", "species_com": "Welcome Swallow" }, "geometry": { "type": "Point", "coordinates": [ 151.272, -33.7186 ] } },
{ "type": "Feature", "properties": { "decimalLatitude": -33.7242, "decimalLongitude": 150.4168, "month": 11, "species_sci": "Hirundo neoxena", "species_com": "Welcome Swallow" }, "geometry": { "type": "Point", "coordinates": [ 150.4168, -33.7242 ] } },
{ "type": "Feature", "properties": { "decimalLatitude": -27.2574, "decimalLongitude": 152.1893, "month": 11, "species_sci": "Hirundo neoxena", "species_com": "Welcome Swallow" }, "geometry": { "type": "Point", "coordinates": [ 152.1893, -27.2574 ] } },
{ "type": "Feature", "properties": { "decimalLatitude": -34.7645, "decimalLongitude": 150.7795, "month": 11, "species_sci": "Hirundo neoxena", "species_com": "Welcome Swallow" }, "geometry": { "type": "Point", "coordinates": [ 150.7795, -34.7645 ] } },
{ "type": "Feature", "properties": { "decimalLatitude": -35.4581, "decimalLongitude": 149.083, "month": 11, "species_sci": "Hirundo neoxena", "species_com": "Welcome Swallow" }, "geometry": { "type": "Point", "coordinates": [ 149.083, -35.4581 ] } },
{ "type": "Feature", "properties": { "decimalLatitude": -41.2585, "decimalLongitude": 147.1885, "month": 11, "species_sci": "Hirundo neoxena", "species_com": "Welcome Swallow" }, "geometry": { "type": "Point", "coordinates": [ 147.1885, -41.2585 ] } },
{ "type": "Feature", "properties": { "decimalLatitude": -33.6216, "decimalLongitude": 115.3292, "month": 11, "species_sci": "Hirundo neoxena", "species_com": "Welcome Swallow" }, "geometry": { "type": "Point", "coordinates": [ 115.3292, -33.6216 ] } },
{ "type": "Feature", "properties": { "decimalLatitude": -34.3061, "decimalLongitude": 150.9352, "month": 11, "species_sci": "Hirundo neoxena", "species_com": "Welcome Swallow" }, "geometry": { "type": "Point", "coordinates": [ 150.9352, -34.3061 ] } },
{ "type": "Feature", "properties": { "decimalLatitude": -34.3967, "decimalLongitude": 150.701, "month": 11, "species_sci": "Hirundo neoxena", "species_com": "Welcome Swallow" }, "geometry": { "type": "Point", "coordinates": [ 150.701, -34.3967 ] } },
{ "type": "Feature", "properties": { "decimalLatitude": -43.0184, "decimalLongitude": 171.5953, "month": 11, "species_sci": "Hirundo neoxena", "species_com": "Welcome Swallow" }, "geometry": { "type": "Point", "coordinates": [ 171.5953, -43.0184 ] } },
{ "type": "Feature", "properties": { "decimalLatitude": -28.5394, "decimalLongitude": 153.5529, "month": 11, "species_sci": "Hirundo neoxena", "species_com": "Welcome Swallow" }, "geometry": { "type": "Point", "coordinates": [ 153.5529, -28.5394 ] } },
{ "type": "Feature", "properties": { "decimalLatitude": -41.3786, "decimalLongitude": 145.5077, "month": 11, "species_sci": "Hirundo neoxena", "species_com": "Welcome Swallow" }, "geometry": { "type": "Point", "coordinates": [ 145.5077, -41.3786 ] } },
{ "type": "Feature", "properties": { "decimalLatitude": -38.0112, "decimalLongitude": 144.5816, "month": 11, "species_sci": "Hirundo neoxena", "species_com": "Welcome Swallow" }, "geometry": { "type": "Point", "coordinates": [ 144.5816, -38.0112 ] } },
{ "type": "Feature", "properties": { "decimalLatitude": -45.9081, "decimalLongitude": 170.533, "month": 11, "species_sci": "Hirundo neoxena", "species_com": "Welcome Swallow" }, "geometry": { "type": "Point", "coordinates": [ 170.533, -45.9081 ] } },
{ "type": "Feature", "properties": { "decimalLatitude": -28.3322, "decimalLongitude": 153.3828, "month": 11, "species_sci": "Hirundo neoxena", "species_com": "Welcome Swallow" }, "geometry": { "type": "Point", "coordinates": [ 153.3828, -28.3322 ] } },
{ "type": "Feature", "properties": { "decimalLatitude": -27.4987, "decimalLongitude": 153.0079, "month": 11, "species_sci": "Hirundo neoxena", "species_com": "Welcome Swallow" }, "geometry": { "type": "Point", "coordinates": [ 153.0079, -27.4987 ] } },
{ "type": "Feature", "properties": { "decimalLatitude": -34.9181, "decimalLongitude": 138.5869, "month": 11, "species_sci": "Hirundo neoxena", "species_com": "Welcome Swallow" }, "geometry": { "type": "Point", "coordinates": [ 138.5869, -34.9181 ] } },
{ "type": "Feature", "properties": { "decimalLatitude": -37.7692, "decimalLongitude": 145.0001, "month": 11, "species_sci": "Hirundo neoxena", "species_com": "Welcome Swallow" }, "geometry": { "type": "Point", "coordinates": [ 145.0001, -37.7692 ] } },
{ "type": "Feature", "properties": { "decimalLatitude": -35.2659, "decimalLongitude": 149.3089, "month": 11, "species_sci": "Hirundo neoxena", "species_com": "Welcome Swallow" }, "geometry": { "type": "Point", "coordinates": [ 149.3089, -35.2659 ] } },
{ "type": "Feature", "properties": { "decimalLatitude": -34.9755, "decimalLongitude": 138.5093, "month": 11, "species_sci": "Hirundo neoxena", "species_com": "Welcome Swallow" }, "geometry": { "type": "Point", "coordinates": [ 138.5093, -34.9755 ] } },
{ "type": "Feature", "properties": { "decimalLatitude": -35.3715, "decimalLongitude": 138.4824, "month": 11, "species_sci": "Hirundo neoxena", "species_com": "Welcome Swallow" }, "geometry": { "type": "Point", "coordinates": [ 138.4824, -35.3715 ] } },
{ "type": "Feature", "properties": { "decimalLatitude": -27.4561, "decimalLongitude": 153.0199, "month": 11, "species_sci": "Hirundo neoxena", "species_com": "Welcome Swallow" }, "geometry": { "type": "Point", "coordinates": [ 153.0199, -27.4561 ] } },
{ "type": "Feature", "properties": { "decimalLatitude": -34.2364, "decimalLongitude": 150.9174, "month": 11, "species_sci": "Hirundo neoxena", "species_com": "Welcome Swallow" }, "geometry": { "type": "Point", "coordinates": [ 150.9174, -34.2364 ] } },
{ "type": "Feature", "properties": { "decimalLatitude": -42.7521, "decimalLongitude": 146.6219, "month": 11, "species_sci": "Hirundo neoxena", "species_com": "Welcome Swallow" }, "geometry": { "type": "Point", "coordinates": [ 146.6219, -42.7521 ] } },
{ "type": "Feature", "properties": { "decimalLatitude": -28.6471, "decimalLongitude": 153.6102, "month": 11, "species_sci": "Hirundo neoxena", "species_com": "Welcome Swallow" }, "geometry": { "type": "Point", "coordinates": [ 153.6102, -28.6471 ] } },
{ "type": "Feature", "properties": { "decimalLatitude": -35.3135, "decimalLongitude": 149.1552, "month": 11, "species_sci": "Hirundo neoxena", "species_com": "Welcome Swallow" }, "geometry": { "type": "Point", "coordinates": [ 149.1552, -35.3135 ] } },
{ "type": "Feature", "properties": { "decimalLatitude": -41.1613, "decimalLongitude": 172.8974, "month": 11, "species_sci": "Hirundo neoxena", "species_com": "Welcome Swallow" }, "geometry": { "type": "Point", "coordinates": [ 172.8974, -41.1613 ] } },
{ "type": "Feature", "properties": { "decimalLatitude": -41.291, "decimalLongitude": 174.7529, "month": 11, "species_sci": "Hirundo neoxena", "species_com": "Welcome Swallow" }, "geometry": { "type": "Point", "coordinates": [ 174.7529, -41.291 ] } },
{ "type": "Feature", "properties": { "decimalLatitude": -38.7571, "decimalLongitude": 143.6706, "month": 11, "species_sci": "Hirundo neoxena", "species_com": "Welcome Swallow" }, "geometry": { "type": "Point", "coordinates": [ 143.6706, -38.7571 ] } },
{ "type": "Feature", "properties": { "decimalLatitude": -36.2543, "decimalLongitude": 150.1419, "month": 11, "species_sci": "Hirundo neoxena", "species_com": "Welcome Swallow" }, "geometry": { "type": "Point", "coordinates": [ 150.1419, -36.2543 ] } },
{ "type": "Feature", "properties": { "decimalLatitude": -41.2912, "decimalLongitude": 174.7557, "month": 11, "species_sci": "Hirundo neoxena", "species_com": "Welcome Swallow" }, "geometry": { "type": "Point", "coordinates": [ 174.7557, -41.2912 ] } },
{ "type": "Feature", "properties": { "decimalLatitude": -38.1273, "decimalLongitude": 144.3577, "month": 11, "species_sci": "Hirundo neoxena", "species_com": "Welcome Swallow" }, "geometry": { "type": "Point", "coordinates": [ 144.3577, -38.1273 ] } },
{ "type": "Feature", "properties": { "decimalLatitude": -36.3891, "decimalLongitude": 145.3966, "month": 11, "species_sci": "Hirundo neoxena", "species_com": "Welcome Swallow" }, "geometry": { "type": "Point", "coordinates": [ 145.3966, -36.3891 ] } },
{ "type": "Feature", "properties": { "decimalLatitude": -36.9976, "decimalLongitude": 144.0689, "month": 11, "species_sci": "Hirundo neoxena", "species_com": "Welcome Swallow" }, "geometry": { "type": "Point", "coordinates": [ 144.0689, -36.9976 ] } },
{ "type": "Feature", "properties": { "decimalLatitude": -40.4149, "decimalLongitude": 175.6637, "month": 12, "species_sci": "Hirundo neoxena", "species_com": "Welcome Swallow" }, "geometry": { "type": "Point", "coordinates": [ 175.6637, -40.4149 ] } },
{ "type": "Feature", "properties": { "decimalLatitude": -35.3067, "decimalLongitude": 149.1573, "month": 12, "species_sci": "Hirundo neoxena", "species_com": "Welcome Swallow" }, "geometry": { "type": "Point", "coordinates": [ 149.1573, -35.3067 ] } },
{ "type": "Feature", "properties": { "decimalLatitude": -32.2228, "decimalLongitude": 152.4555, "month": 12, "species_sci": "Hirundo neoxena", "species_com": "Welcome Swallow" }, "geometry": { "type": "Point", "coordinates": [ 152.4555, -32.2228 ] } },
{ "type": "Feature", "properties": { "decimalLatitude": -36.9101, "decimalLongitude": 174.7302, "month": 12, "species_sci": "Hirundo neoxena", "species_com": "Welcome Swallow" }, "geometry": { "type": "Point", "coordinates": [ 174.7302, -36.9101 ] } },
{ "type": "Feature", "properties": { "decimalLatitude": -33.7215, "decimalLongitude": 150.4527, "month": 12, "species_sci": "Hirundo neoxena", "species_com": "Welcome Swallow" }, "geometry": { "type": "Point", "coordinates": [ 150.4527, -33.7215 ] } },
{ "type": "Feature", "properties": { "decimalLatitude": -34.9488, "decimalLongitude": 117.9762, "month": 12, "species_sci": "Hirundo neoxena", "species_com": "Welcome Swallow" }, "geometry": { "type": "Point", "coordinates": [ 117.9762, -34.9488 ] } },
{ "type": "Feature", "properties": { "decimalLatitude": -31.3986, "decimalLongitude": 119.2244, "month": 12, "species_sci": "Hirundo neoxena", "species_com": "Welcome Swallow" }, "geometry": { "type": "Point", "coordinates": [ 119.2244, -31.3986 ] } },
{ "type": "Feature", "properties": { "decimalLatitude": -38.0195, "decimalLongitude": 145.3051, "month": 12, "species_sci": "Hirundo neoxena", "species_com": "Welcome Swallow" }, "geometry": { "type": "Point", "coordinates": [ 145.3051, -38.0195 ] } },
{ "type": "Feature", "properties": { "decimalLatitude": -37.9251, "decimalLongitude": 145.1198, "month": 12, "species_sci": "Hirundo neoxena", "species_com": "Welcome Swallow" }, "geometry": { "type": "Point", "coordinates": [ 145.1198, -37.9251 ] } },
{ "type": "Feature", "properties": { "decimalLatitude": -46.4456, "decimalLongitude": 169.8036, "month": 12, "species_sci": "Hirundo neoxena", "species_com": "Welcome Swallow" }, "geometry": { "type": "Point", "coordinates": [ 169.8036, -46.4456 ] } },
{ "type": "Feature", "properties": { "decimalLatitude": -30.3027, "decimalLongitude": 153.1455, "month": 12, "species_sci": "Hirundo neoxena", "species_com": "Welcome Swallow" }, "geometry": { "type": "Point", "coordinates": [ 153.1455, -30.3027 ] } },
{ "type": "Feature", "properties": { "decimalLatitude": -43.7168, "decimalLongitude": 172.8941, "month": 12, "species_sci": "Hirundo neoxena", "species_com": "Welcome Swallow" }, "geometry": { "type": "Point", "coordinates": [ 172.8941, -43.7168 ] } },
{ "type": "Feature", "properties": { "decimalLatitude": -33.8381, "decimalLongitude": 151.0731, "month": 12, "species_sci": "Hirundo neoxena", "species_com": "Welcome Swallow" }, "geometry": { "type": "Point", "coordinates": [ 151.0731, -33.8381 ] } },
{ "type": "Feature", "properties": { "decimalLatitude": -45.1111, "decimalLongitude": 168.5433, "month": 12, "species_sci": "Hirundo neoxena", "species_com": "Welcome Swallow" }, "geometry": { "type": "Point", "coordinates": [ 168.5433, -45.1111 ] } },
{ "type": "Feature", "properties": { "decimalLatitude": -37.8068, "decimalLongitude": 175.305, "month": 12, "species_sci": "Hirundo neoxena", "species_com": "Welcome Swallow" }, "geometry": { "type": "Point", "coordinates": [ 175.305, -37.8068 ] } },
{ "type": "Feature", "properties": { "decimalLatitude": -38.2235, "decimalLongitude": 144.6512, "month": 12, "species_sci": "Hirundo neoxena", "species_com": "Welcome Swallow" }, "geometry": { "type": "Point", "coordinates": [ 144.6512, -38.2235 ] } },
{ "type": "Feature", "properties": { "decimalLatitude": -34.8894, "decimalLongitude": 150.6261, "month": 12, "species_sci": "Hirundo neoxena", "species_com": "Welcome Swallow" }, "geometry": { "type": "Point", "coordinates": [ 150.6261, -34.8894 ] } },
{ "type": "Feature", "properties": { "decimalLatitude": -43.4287, "decimalLongitude": 169.9814, "month": 12, "species_sci": "Hirundo neoxena", "species_com": "Welcome Swallow" }, "geometry": { "type": "Point", "coordinates": [ 169.9814, -43.4287 ] } },
{ "type": "Feature", "properties": { "decimalLatitude": -31.9551, "decimalLongitude": 115.8943, "month": 12, "species_sci": "Hirundo neoxena", "species_com": "Welcome Swallow" }, "geometry": { "type": "Point", "coordinates": [ 115.8943, -31.9551 ] } },
{ "type": "Feature", "properties": { "decimalLatitude": -21.1344, "decimalLongitude": 148.5273, "month": 12, "species_sci": "Hirundo neoxena", "species_com": "Welcome Swallow" }, "geometry": { "type": "Point", "coordinates": [ 148.5273, -21.1344 ] } },
{ "type": "Feature", "properties": { "decimalLatitude": -32.7178, "decimalLongitude": 152.1467, "month": 12, "species_sci": "Hirundo neoxena", "species_com": "Welcome Swallow" }, "geometry": { "type": "Point", "coordinates": [ 152.1467, -32.7178 ] } },
{ "type": "Feature", "properties": { "decimalLatitude": -44.8575, "decimalLongitude": 169.918, "month": 12, "species_sci": "Hirundo neoxena", "species_com": "Welcome Swallow" }, "geometry": { "type": "Point", "coordinates": [ 169.918, -44.8575 ] } },
{ "type": "Feature", "properties": { "decimalLatitude": -33.634, "decimalLongitude": 115.3367, "month": 12, "species_sci": "Hirundo neoxena", "species_com": "Welcome Swallow" }, "geometry": { "type": "Point", "coordinates": [ 115.3367, -33.634 ] } },
{ "type": "Feature", "properties": { "decimalLatitude": -27.4878, "decimalLongitude": 153.2238, "month": 12, "species_sci": "Hirundo neoxena", "species_com": "Welcome Swallow" }, "geometry": { "type": "Point", "coordinates": [ 153.2238, -27.4878 ] } },
{ "type": "Feature", "properties": { "decimalLatitude": -37.8731, "decimalLongitude": 145.1895, "month": 12, "species_sci": "Hirundo neoxena", "species_com": "Welcome Swallow" }, "geometry": { "type": "Point", "coordinates": [ 145.1895, -37.8731 ] } },
{ "type": "Feature", "properties": { "decimalLatitude": -34.2113, "decimalLongitude": 149.7721, "month": 12, "species_sci": "Hirundo neoxena", "species_com": "Welcome Swallow" }, "geometry": { "type": "Point", "coordinates": [ 149.7721, -34.2113 ] } },
{ "type": "Feature", "properties": { "decimalLatitude": -28.6452, "decimalLongitude": 153.6203, "month": 12, "species_sci": "Hirundo neoxena", "species_com": "Welcome Swallow" }, "geometry": { "type": "Point", "coordinates": [ 153.6203, -28.6452 ] } },
{ "type": "Feature", "properties": { "decimalLatitude": -31.5433, "decimalLongitude": 159.0794, "month": 12, "species_sci": "Hirundo neoxena", "species_com": "Welcome Swallow" }, "geometry": { "type": "Point", "coordinates": [ 159.0794, -31.5433 ] } },
{ "type": "Feature", "properties": { "decimalLatitude": -27.3797, "decimalLongitude": 153.046, "month": 12, "species_sci": "Hirundo neoxena", "species_com": "Welcome Swallow" }, "geometry": { "type": "Point", "coordinates": [ 153.046, -27.3797 ] } },
{ "type": "Feature", "properties": { "decimalLatitude": -35.2218, "decimalLongitude": 174.2316, "month": 12, "species_sci": "Hirundo neoxena", "species_com": "Welcome Swallow" }, "geometry": { "type": "Point", "coordinates": [ 174.2316, -35.2218 ] } },
{ "type": "Feature", "properties": { "decimalLatitude": -27.0869, "decimalLongitude": 152.9482, "month": 12, "species_sci": "Hirundo neoxena", "species_com": "Welcome Swallow" }, "geometry": { "type": "Point", "coordinates": [ 152.9482, -27.0869 ] } },
{ "type": "Feature", "properties": { "decimalLatitude": -31.9586, "decimalLongitude": 115.8594, "month": 12, "species_sci": "Hirundo neoxena", "species_com": "Welcome Swallow" }, "geometry": { "type": "Point", "coordinates": [ 115.8594, -31.9586 ] } },
{ "type": "Feature", "properties": { "decimalLatitude": -36.1157, "decimalLongitude": 146.8873, "month": 12, "species_sci": "Hirundo neoxena", "species_com": "Welcome Swallow" }, "geometry": { "type": "Point", "coordinates": [ 146.8873, -36.1157 ] } },
{ "type": "Feature", "properties": { "decimalLatitude": -36.1106, "decimalLongitude": 149.4902, "month": 12, "species_sci": "Hirundo neoxena", "species_com": "Welcome Swallow" }, "geometry": { "type": "Point", "coordinates": [ 149.4902, -36.1106 ] } },
{ "type": "Feature", "properties": { "decimalLatitude": -37.7851, "decimalLongitude": 145.1271, "month": 12, "species_sci": "Hirundo neoxena", "species_com": "Welcome Swallow" }, "geometry": { "type": "Point", "coordinates": [ 145.1271, -37.7851 ] } },
{ "type": "Feature", "properties": { "decimalLatitude": -43.4289, "decimalLongitude": 169.9885, "month": 12, "species_sci": "Hirundo neoxena", "species_com": "Welcome Swallow" }, "geometry": { "type": "Point", "coordinates": [ 169.9885, -43.4289 ] } },
{ "type": "Feature", "properties": { "decimalLatitude": -37.8802, "decimalLongitude": 144.8031, "month": 12, "species_sci": "Hirundo neoxena", "species_com": "Welcome Swallow" }, "geometry": { "type": "Point", "coordinates": [ 144.8031, -37.8802 ] } },
{ "type": "Feature", "properties": { "decimalLatitude": -36.6022, "decimalLongitude": 174.8962, "month": 12, "species_sci": "Hirundo neoxena", "species_com": "Welcome Swallow" }, "geometry": { "type": "Point", "coordinates": [ 174.8962, -36.6022 ] } },
{ "type": "Feature", "properties": { "decimalLatitude": -43.3897, "decimalLongitude": 147.2531, "month": 12, "species_sci": "Hirundo neoxena", "species_com": "Welcome Swallow" }, "geometry": { "type": "Point", "coordinates": [ 147.2531, -43.3897 ] } },
{ "type": "Feature", "properties": { "decimalLatitude": -38.1324, "decimalLongitude": 176.1512, "month": 12, "species_sci": "Hirundo neoxena", "species_com": "Welcome Swallow" }, "geometry": { "type": "Point", "coordinates": [ 176.1512, -38.1324 ] } },
{ "type": "Feature", "properties": { "decimalLatitude": -42.7965, "decimalLongitude": 170.9026, "month": 12, "species_sci": "Hirundo neoxena", "species_com": "Welcome Swallow" }, "geometry": { "type": "Point", "coordinates": [ 170.9026, -42.7965 ] } },
{ "type": "Feature", "properties": { "decimalLatitude": -35.9854, "decimalLongitude": 146.3926, "month": 12, "species_sci": "Hirundo neoxena", "species_com": "Welcome Swallow" }, "geometry": { "type": "Point", "coordinates": [ 146.3926, -35.9854 ] } },
{ "type": "Feature", "properties": { "decimalLatitude": -34.5018, "decimalLongitude": 150.8311, "month": 12, "species_sci": "Hirundo neoxena", "species_com": "Welcome Swallow" }, "geometry": { "type": "Point", "coordinates": [ 150.8311, -34.5018 ] } },
{ "type": "Feature", "properties": { "decimalLatitude": -33.0189, "decimalLongitude": 150.0321, "month": 12, "species_sci": "Hirundo neoxena", "species_com": "Welcome Swallow" }, "geometry": { "type": "Point", "coordinates": [ 150.0321, -33.0189 ] } },
{ "type": "Feature", "properties": { "decimalLatitude": -27.3796, "decimalLongitude": 153.046, "month": 12, "species_sci": "Hirundo neoxena", "species_com": "Welcome Swallow" }, "geometry": { "type": "Point", "coordinates": [ 153.046, -27.3796 ] } },
{ "type": "Feature", "properties": { "decimalLatitude": -36.6895, "decimalLongitude": 174.751, "month": 12, "species_sci": "Hirundo neoxena", "species_com": "Welcome Swallow" }, "geometry": { "type": "Point", "coordinates": [ 174.751, -36.6895 ] } },
{ "type": "Feature", "properties": { "decimalLatitude": -33.8991, "decimalLongitude": 151.2735, "month": 12, "species_sci": "Hirundo neoxena", "species_com": "Welcome Swallow" }, "geometry": { "type": "Point", "coordinates": [ 151.2735, -33.8991 ] } },
{ "type": "Feature", "properties": { "decimalLatitude": -33.9807, "decimalLongitude": 150.9952, "month": 12, "species_sci": "Hirundo neoxena", "species_com": "Welcome Swallow" }, "geometry": { "type": "Point", "coordinates": [ 150.9952, -33.9807 ] } },
{ "type": "Feature", "properties": { "decimalLatitude": -34.8337, "decimalLongitude": 138.5812, "month": 12, "species_sci": "Hirundo neoxena", "species_com": "Welcome Swallow" }, "geometry": { "type": "Point", "coordinates": [ 138.5812, -34.8337 ] } },
{ "type": "Feature", "properties": { "decimalLatitude": -28.0984, "decimalLongitude": 153.4543, "month": 12, "species_sci": "Hirundo neoxena", "species_com": "Welcome Swallow" }, "geometry": { "type": "Point", "coordinates": [ 153.4543, -28.0984 ] } },
{ "type": "Feature", "properties": { "decimalLatitude": -38.1365, "decimalLongitude": 145.8389, "month": 12, "species_sci": "Hirundo neoxena", "species_com": "Welcome Swallow" }, "geometry": { "type": "Point", "coordinates": [ 145.8389, -38.1365 ] } },
{ "type": "Feature", "properties": { "decimalLatitude": -34.2269, "decimalLongitude": 116.7046, "month": 12, "species_sci": "Hirundo neoxena", "species_com": "Welcome Swallow" }, "geometry": { "type": "Point", "coordinates": [ 116.7046, -34.2269 ] } },
{ "type": "Feature", "properties": { "decimalLatitude": -41.9327, "decimalLongitude": 147.4933, "month": 12, "species_sci": "Hirundo neoxena", "species_com": "Welcome Swallow" }, "geometry": { "type": "Point", "coordinates": [ 147.4933, -41.9327 ] } },
{ "type": "Feature", "properties": { "decimalLatitude": -32.8419, "decimalLongitude": 151.7811, "month": 12, "species_sci": "Hirundo neoxena", "species_com": "Welcome Swallow" }, "geometry": { "type": "Point", "coordinates": [ 151.7811, -32.8419 ] } },
{ "type": "Feature", "properties": { "decimalLatitude": -38.013, "decimalLongitude": 145.2937, "month": 12, "species_sci": "Hirundo neoxena", "species_com": "Welcome Swallow" }, "geometry": { "type": "Point", "coordinates": [ 145.2937, -38.013 ] } },
{ "type": "Feature", "properties": { "decimalLatitude": -38.0167, "decimalLongitude": 175.7435, "month": 12, "species_sci": "Hirundo neoxena", "species_com": "Welcome Swallow" }, "geometry": { "type": "Point", "coordinates": [ 175.7435, -38.0167 ] } },
{ "type": "Feature", "properties": { "decimalLatitude": -34.4264, "decimalLongitude": 119.4001, "month": 12, "species_sci": "Hirundo neoxena", "species_com": "Welcome Swallow" }, "geometry": { "type": "Point", "coordinates": [ 119.4001, -34.4264 ] } },
{ "type": "Feature", "properties": { "decimalLatitude": -34.8326, "decimalLongitude": 150.5989, "month": 12, "species_sci": "Hirundo neoxena", "species_com": "Welcome Swallow" }, "geometry": { "type": "Point", "coordinates": [ 150.5989, -34.8326 ] } },
{ "type": "Feature", "properties": { "decimalLatitude": -45.4909, "decimalLongitude": 167.6631, "month": 12, "species_sci": "Hirundo neoxena", "species_com": "Welcome Swallow" }, "geometry": { "type": "Point", "coordinates": [ 167.6631, -45.4909 ] } },
{ "type": "Feature", "properties": { "decimalLatitude": -28.2002, "decimalLongitude": 153.1833, "month": 12, "species_sci": "Hirundo neoxena", "species_com": "Welcome Swallow" }, "geometry": { "type": "Point", "coordinates": [ 153.1833, -28.2002 ] } },
{ "type": "Feature", "properties": { "decimalLatitude": -37.9931, "decimalLongitude": 145.0301, "month": 12, "species_sci": "Hirundo neoxena", "species_com": "Welcome Swallow" }, "geometry": { "type": "Point", "coordinates": [ 145.0301, -37.9931 ] } },
{ "type": "Feature", "properties": { "decimalLatitude": -34.5621, "decimalLongitude": 150.873, "month": 12, "species_sci": "Hirundo neoxena", "species_com": "Welcome Swallow" }, "geometry": { "type": "Point", "coordinates": [ 150.873, -34.5621 ] } },
{ "type": "Feature", "properties": { "decimalLatitude": -38.1988, "decimalLongitude": 145.4895, "month": 12, "species_sci": "Hirundo neoxena", "species_com": "Welcome Swallow" }, "geometry": { "type": "Point", "coordinates": [ 145.4895, -38.1988 ] } },
{ "type": "Feature", "properties": { "decimalLatitude": -35.2988, "decimalLongitude": 149.1183, "month": 12, "species_sci": "Hirundo neoxena", "species_com": "Welcome Swallow" }, "geometry": { "type": "Point", "coordinates": [ 149.1183, -35.2988 ] } },
{ "type": "Feature", "properties": { "decimalLatitude": -16.7648, "decimalLongitude": 145.6692, "month": 12, "species_sci": "Hirundo neoxena", "species_com": "Welcome Swallow" }, "geometry": { "type": "Point", "coordinates": [ 145.6692, -16.7648 ] } },
{ "type": "Feature", "properties": { "decimalLatitude": -35.2771, "decimalLongitude": 136.9424, "month": 12, "species_sci": "Hirundo neoxena", "species_com": "Welcome Swallow" }, "geometry": { "type": "Point", "coordinates": [ 136.9424, -35.2771 ] } },
{ "type": "Feature", "properties": { "decimalLatitude": -41.3807, "decimalLongitude": 173.019, "month": 12, "species_sci": "Hirundo neoxena", "species_com": "Welcome Swallow" }, "geometry": { "type": "Point", "coordinates": [ 173.019, -41.3807 ] } },
{ "type": "Feature", "properties": { "decimalLatitude": -37.9844, "decimalLongitude": 146.7822, "month": 12, "species_sci": "Hirundo neoxena", "species_com": "Welcome Swallow" }, "geometry": { "type": "Point", "coordinates": [ 146.7822, -37.9844 ] } },
{ "type": "Feature", "properties": { "decimalLatitude": -35.8326, "decimalLongitude": 150.23, "month": 12, "species_sci": "Hirundo neoxena", "species_com": "Welcome Swallow" }, "geometry": { "type": "Point", "coordinates": [ 150.23, -35.8326 ] } },
{ "type": "Feature", "properties": { "decimalLatitude": -42.4245, "decimalLongitude": 173.716, "month": 12, "species_sci": "Hirundo neoxena", "species_com": "Welcome Swallow" }, "geometry": { "type": "Point", "coordinates": [ 173.716, -42.4245 ] } },
{ "type": "Feature", "properties": { "decimalLatitude": -37.2906, "decimalLongitude": 142.9866, "month": 12, "species_sci": "Hirundo neoxena", "species_com": "Welcome Swallow" }, "geometry": { "type": "Point", "coordinates": [ 142.9866, -37.2906 ] } },
{ "type": "Feature", "properties": { "decimalLatitude": -37.784, "decimalLongitude": 145.6307, "month": 12, "species_sci": "Hirundo neoxena", "species_com": "Welcome Swallow" }, "geometry": { "type": "Point", "coordinates": [ 145.6307, -37.784 ] } },
{ "type": "Feature", "properties": { "decimalLatitude": -37.9236, "decimalLongitude": 145.3262, "month": 12, "species_sci": "Hirundo neoxena", "species_com": "Welcome Swallow" }, "geometry": { "type": "Point", "coordinates": [ 145.3262, -37.9236 ] } },
{ "type": "Feature", "properties": { "decimalLatitude": -43.7961, "decimalLongitude": 172.9155, "month": 12, "species_sci": "Hirundo neoxena", "species_com": "Welcome Swallow" }, "geometry": { "type": "Point", "coordinates": [ 172.9155, -43.7961 ] } },
{ "type": "Feature", "properties": { "decimalLatitude": -37.8861, "decimalLongitude": 144.799, "month": 12, "species_sci": "Hirundo neoxena", "species_com": "Welcome Swallow" }, "geometry": { "type": "Point", "coordinates": [ 144.799, -37.8861 ] } },
{ "type": "Feature", "properties": { "decimalLatitude": -33.8374, "decimalLongitude": 151.075, "month": 12, "species_sci": "Hirundo neoxena", "species_com": "Welcome Swallow" }, "geometry": { "type": "Point", "coordinates": [ 151.075, -33.8374 ] } },
{ "type": "Feature", "properties": { "decimalLatitude": -27.6595, "decimalLongitude": 153.0498, "month": 12, "species_sci": "Hirundo neoxena", "species_com": "Welcome Swallow" }, "geometry": { "type": "Point", "coordinates": [ 153.0498, -27.6595 ] } },
{ "type": "Feature", "properties": { "decimalLatitude": -34.0071, "decimalLongitude": 151.1906, "month": 12, "species_sci": "Hirundo neoxena", "species_com": "Welcome Swallow" }, "geometry": { "type": "Point", "coordinates": [ 151.1906, -34.0071 ] } },
{ "type": "Feature", "properties": { "decimalLatitude": -41.1012, "decimalLongitude": 174.9153, "month": 12, "species_sci": "Hirundo neoxena", "species_com": "Welcome Swallow" }, "geometry": { "type": "Point", "coordinates": [ 174.9153, -41.1012 ] } },
{ "type": "Feature", "properties": { "decimalLatitude": -27.4664, "decimalLongitude": 153.0311, "month": 12, "species_sci": "Hirundo neoxena", "species_com": "Welcome Swallow" }, "geometry": { "type": "Point", "coordinates": [ 153.0311, -27.4664 ] } },
{ "type": "Feature", "properties": { "decimalLatitude": -38.0335, "decimalLongitude": 145.124, "month": 12, "species_sci": "Hirundo neoxena", "species_com": "Welcome Swallow" }, "geometry": { "type": "Point", "coordinates": [ 145.124, -38.0335 ] } },
{ "type": "Feature", "properties": { "decimalLatitude": -37.6841, "decimalLongitude": 143.3695, "month": 12, "species_sci": "Hirundo neoxena", "species_com": "Welcome Swallow" }, "geometry": { "type": "Point", "coordinates": [ 143.3695, -37.6841 ] } },
{ "type": "Feature", "properties": { "decimalLatitude": -31.6376, "decimalLongitude": 152.8372, "month": 12, "species_sci": "Hirundo neoxena", "species_com": "Welcome Swallow" }, "geometry": { "type": "Point", "coordinates": [ 152.8372, -31.6376 ] } },
{ "type": "Feature", "properties": { "decimalLatitude": -30.3065, "decimalLongitude": 115.0374, "month": 12, "species_sci": "Hirundo neoxena", "species_com": "Welcome Swallow" }, "geometry": { "type": "Point", "coordinates": [ 115.0374, -30.3065 ] } },
{ "type": "Feature", "properties": { "decimalLatitude": -28.0984, "decimalLongitude": 153.4543, "month": 12, "species_sci": "Hirundo neoxena", "species_com": "Welcome Swallow" }, "geometry": { "type": "Point", "coordinates": [ 153.4543, -28.0984 ] } },
{ "type": "Feature", "properties": { "decimalLatitude": -35.5331, "decimalLongitude": 138.6237, "month": 12, "species_sci": "Hirundo neoxena", "species_com": "Welcome Swallow" }, "geometry": { "type": "Point", "coordinates": [ 138.6237, -35.5331 ] } },
{ "type": "Feature", "properties": { "decimalLatitude": -34.4299, "decimalLongitude": 150.8276, "month": 12, "species_sci": "Hirundo neoxena", "species_com": "Welcome Swallow" }, "geometry": { "type": "Point", "coordinates": [ 150.8276, -34.4299 ] } },
{ "type": "Feature", "properties": { "decimalLatitude": -35.2748, "decimalLongitude": 149.0791, "month": 12, "species_sci": "Hirundo neoxena", "species_com": "Welcome Swallow" }, "geometry": { "type": "Point", "coordinates": [ 149.0791, -35.2748 ] } },
{ "type": "Feature", "properties": { "decimalLatitude": -35.4401, "decimalLongitude": 148.9426, "month": 12, "species_sci": "Hirundo neoxena", "species_com": "Welcome Swallow" }, "geometry": { "type": "Point", "coordinates": [ 148.9426, -35.4401 ] } },
{ "type": "Feature", "properties": { "decimalLatitude": -41.337, "decimalLongitude": 174.7601, "month": 12, "species_sci": "Hirundo neoxena", "species_com": "Welcome Swallow" }, "geometry": { "type": "Point", "coordinates": [ 174.7601, -41.337 ] } },
{ "type": "Feature", "properties": { "decimalLatitude": -33.9136, "decimalLongitude": 151.1341, "month": 12, "species_sci": "Hirundo neoxena", "species_com": "Welcome Swallow" }, "geometry": { "type": "Point", "coordinates": [ 151.1341, -33.9136 ] } },
{ "type": "Feature", "properties": { "decimalLatitude": -30.5954, "decimalLongitude": 151.7992, "month": 12, "species_sci": "Hirundo neoxena", "species_com": "Welcome Swallow" }, "geometry": { "type": "Point", "coordinates": [ 151.7992, -30.5954 ] } },
{ "type": "Feature", "properties": { "decimalLatitude": -31.5406, "decimalLongitude": 159.0782, "month": 12, "species_sci": "Hirundo neoxena", "species_com": "Welcome Swallow" }, "geometry": { "type": "Point", "coordinates": [ 159.0782, -31.5406 ] } },
{ "type": "Feature", "properties": { "decimalLatitude": -31.525, "decimalLongitude": 159.067, "month": 12, "species_sci": "Hirundo neoxena", "species_com": "Welcome Swallow" }, "geometry": { "type": "Point", "coordinates": [ 159.067, -31.525 ] } },
{ "type": "Feature", "properties": { "decimalLatitude": -35.5331, "decimalLongitude": 138.6237, "month": 12, "species_sci": "Hirundo neoxena", "species_com": "Welcome Swallow" }, "geometry": { "type": "Point", "coordinates": [ 138.6237, -35.5331 ] } },
{ "type": "Feature", "properties": { "decimalLatitude": -34.5917, "decimalLongitude": 150.525, "month": 12, "species_sci": "Hirundo neoxena", "species_com": "Welcome Swallow" }, "geometry": { "type": "Point", "coordinates": [ 150.525, -34.5917 ] } },
{ "type": "Feature", "properties": { "decimalLatitude": -37.3147, "decimalLongitude": 144.3438, "month": 12, "species_sci": "Hirundo neoxena", "species_com": "Welcome Swallow" }, "geometry": { "type": "Point", "coordinates": [ 144.3438, -37.3147 ] } },
{ "type": "Feature", "properties": { "decimalLatitude": -36.445, "decimalLongitude": 148.4508, "month": 12, "species_sci": "Hirundo neoxena", "species_com": "Welcome Swallow" }, "geometry": { "type": "Point", "coordinates": [ 148.4508, -36.445 ] } },
{ "type": "Feature", "properties": { "decimalLatitude": -27.2187, "decimalLongitude": 153.0296, "month": 12, "species_sci": "Hirundo neoxena", "species_com": "Welcome Swallow" }, "geometry": { "type": "Point", "coordinates": [ 153.0296, -27.2187 ] } },
{ "type": "Feature", "properties": { "decimalLatitude": -34.9886, "decimalLongitude": 173.5276, "month": 12, "species_sci": "Hirundo neoxena", "species_com": "Welcome Swallow" }, "geometry": { "type": "Point", "coordinates": [ 173.5276, -34.9886 ] } },
{ "type": "Feature", "properties": { "decimalLatitude": -33.7733, "decimalLongitude": 151.0824, "month": 12, "species_sci": "Hirundo neoxena", "species_com": "Welcome Swallow" }, "geometry": { "type": "Point", "coordinates": [ 151.0824, -33.7733 ] } },
{ "type": "Feature", "properties": { "decimalLatitude": -37.9975, "decimalLongitude": 145.1575, "month": 12, "species_sci": "Hirundo neoxena", "species_com": "Welcome Swallow" }, "geometry": { "type": "Point", "coordinates": [ 145.1575, -37.9975 ] } },
{ "type": "Feature", "properties": { "decimalLatitude": -36.9029, "decimalLongitude": 174.6413, "month": 12, "species_sci": "Hirundo neoxena", "species_com": "Welcome Swallow" }, "geometry": { "type": "Point", "coordinates": [ 174.6413, -36.9029 ] } },
{ "type": "Feature", "properties": { "decimalLatitude": -28.3884, "decimalLongitude": 153.3245, "month": 12, "species_sci": "Hirundo neoxena", "species_com": "Welcome Swallow" }, "geometry": { "type": "Point", "coordinates": [ 153.3245, -28.3884 ] } },
{ "type": "Feature", "properties": { "decimalLatitude": -27.5291, "decimalLongitude": 153.2836, "month": 12, "species_sci": "Hirundo neoxena", "species_com": "Welcome Swallow" }, "geometry": { "type": "Point", "coordinates": [ 153.2836, -27.5291 ] } },
{ "type": "Feature", "properties": { "decimalLatitude": -37.9199, "decimalLongitude": 145.2043, "month": 12, "species_sci": "Hirundo neoxena", "species_com": "Welcome Swallow" }, "geometry": { "type": "Point", "coordinates": [ 145.2043, -37.9199 ] } },
{ "type": "Feature", "properties": { "decimalLatitude": -36.3614, "decimalLongitude": 144.8181, "month": 12, "species_sci": "Hirundo neoxena", "species_com": "Welcome Swallow" }, "geometry": { "type": "Point", "coordinates": [ 144.8181, -36.3614 ] } },
{ "type": "Feature", "properties": { "decimalLatitude": -35.2733, "decimalLongitude": 136.942, "month": 12, "species_sci": "Hirundo neoxena", "species_com": "Welcome Swallow" }, "geometry": { "type": "Point", "coordinates": [ 136.942, -35.2733 ] } },
{ "type": "Feature", "properties": { "decimalLatitude": -25.4054, "decimalLongitude": 152.9062, "month": 12, "species_sci": "Hirundo neoxena", "species_com": "Welcome Swallow" }, "geometry": { "type": "Point", "coordinates": [ 152.9062, -25.4054 ] } },
{ "type": "Feature", "properties": { "decimalLatitude": -42.1051, "decimalLongitude": 146.2023, "month": 12, "species_sci": "Hirundo neoxena", "species_com": "Welcome Swallow" }, "geometry": { "type": "Point", "coordinates": [ 146.2023, -42.1051 ] } },
{ "type": "Feature", "properties": { "decimalLatitude": -28.6394, "decimalLongitude": 153.636, "month": 12, "species_sci": "Hirundo neoxena", "species_com": "Welcome Swallow" }, "geometry": { "type": "Point", "coordinates": [ 153.636, -28.6394 ] } },
{ "type": "Feature", "properties": { "decimalLatitude": -35.2416, "decimalLongitude": 148.1904, "month": 12, "species_sci": "Hirundo neoxena", "species_com": "Welcome Swallow" }, "geometry": { "type": "Point", "coordinates": [ 148.1904, -35.2416 ] } },
{ "type": "Feature", "properties": { "decimalLatitude": -38.0213, "decimalLongitude": 145.3116, "month": 12, "species_sci": "Hirundo neoxena", "species_com": "Welcome Swallow" }, "geometry": { "type": "Point", "coordinates": [ 145.3116, -38.0213 ] } },
{ "type": "Feature", "properties": { "decimalLatitude": -29.7459, "decimalLongitude": 117.3043, "month": 12, "species_sci": "Hirundo neoxena", "species_com": "Welcome Swallow" }, "geometry": { "type": "Point", "coordinates": [ 117.3043, -29.7459 ] } },
{ "type": "Feature", "properties": { "decimalLatitude": -31.523, "decimalLongitude": 159.0702, "month": 12, "species_sci": "Hirundo neoxena", "species_com": "Welcome Swallow" }, "geometry": { "type": "Point", "coordinates": [ 159.0702, -31.523 ] } },
{ "type": "Feature", "properties": { "decimalLatitude": -32.0056, "decimalLongitude": 150.3487, "month": 12, "species_sci": "Hirundo neoxena", "species_com": "Welcome Swallow" }, "geometry": { "type": "Point", "coordinates": [ 150.3487, -32.0056 ] } },
{ "type": "Feature", "properties": { "decimalLatitude": -26.6974, "decimalLongitude": 153.1364, "month": 12, "species_sci": "Hirundo neoxena", "species_com": "Welcome Swallow" }, "geometry": { "type": "Point", "coordinates": [ 153.1364, -26.6974 ] } },
{ "type": "Feature", "properties": { "decimalLatitude": -31.525, "decimalLongitude": 159.067, "month": 12, "species_sci": "Hirundo neoxena", "species_com": "Welcome Swallow" }, "geometry": { "type": "Point", "coordinates": [ 159.067, -31.525 ] } },
{ "type": "Feature", "properties": { "decimalLatitude": -43.4194, "decimalLongitude": 170.1725, "month": 12, "species_sci": "Hirundo neoxena", "species_com": "Welcome Swallow" }, "geometry": { "type": "Point", "coordinates": [ 170.1725, -43.4194 ] } },
{ "type": "Feature", "properties": { "decimalLatitude": -37.0958, "decimalLongitude": 174.9394, "month": 12, "species_sci": "Hirundo neoxena", "species_com": "Welcome Swallow" }, "geometry": { "type": "Point", "coordinates": [ 174.9394, -37.0958 ] } },
{ "type": "Feature", "properties": { "decimalLatitude": -43.2577, "decimalLongitude": 171.6903, "month": 12, "species_sci": "Hirundo neoxena", "species_com": "Welcome Swallow" }, "geometry": { "type": "Point", "coordinates": [ 171.6903, -43.2577 ] } },
{ "type": "Feature", "properties": { "decimalLatitude": -33.8899, "decimalLongitude": 151.2227, "month": 12, "species_sci": "Hirundo neoxena", "species_com": "Welcome Swallow" }, "geometry": { "type": "Point", "coordinates": [ 151.2227, -33.8899 ] } },
{ "type": "Feature", "properties": { "decimalLatitude": -27.3789, "decimalLongitude": 153.0393, "month": 12, "species_sci": "Hirundo neoxena", "species_com": "Welcome Swallow" }, "geometry": { "type": "Point", "coordinates": [ 153.0393, -27.3789 ] } },
{ "type": "Feature", "properties": { "decimalLatitude": -38.062, "decimalLongitude": 147.2493, "month": 12, "species_sci": "Hirundo neoxena", "species_com": "Welcome Swallow" }, "geometry": { "type": "Point", "coordinates": [ 147.2493, -38.062 ] } },
{ "type": "Feature", "properties": { "decimalLatitude": -45.8429, "decimalLongitude": 168.3681, "month": 12, "species_sci": "Hirundo neoxena", "species_com": "Welcome Swallow" }, "geometry": { "type": "Point", "coordinates": [ 168.3681, -45.8429 ] } },
{ "type": "Feature", "properties": { "decimalLatitude": -27.2351, "decimalLongitude": 153.016, "month": 12, "species_sci": "Hirundo neoxena", "species_com": "Welcome Swallow" }, "geometry": { "type": "Point", "coordinates": [ 153.016, -27.2351 ] } },
{ "type": "Feature", "properties": { "decimalLatitude": -43.5285, "decimalLongitude": 172.6207, "month": 12, "species_sci": "Hirundo neoxena", "species_com": "Welcome Swallow" }, "geometry": { "type": "Point", "coordinates": [ 172.6207, -43.5285 ] } },
{ "type": "Feature", "properties": { "decimalLatitude": -32.5714, "decimalLongitude": 151.7903, "month": 12, "species_sci": "Hirundo neoxena", "species_com": "Welcome Swallow" }, "geometry": { "type": "Point", "coordinates": [ 151.7903, -32.5714 ] } },
{ "type": "Feature", "properties": { "decimalLatitude": -35.5281, "decimalLongitude": 138.8077, "month": 12, "species_sci": "Hirundo neoxena", "species_com": "Welcome Swallow" }, "geometry": { "type": "Point", "coordinates": [ 138.8077, -35.5281 ] } },
{ "type": "Feature", "properties": { "decimalLatitude": -42.4146, "decimalLongitude": 173.7021, "month": 12, "species_sci": "Hirundo neoxena", "species_com": "Welcome Swallow" }, "geometry": { "type": "Point", "coordinates": [ 173.7021, -42.4146 ] } },
{ "type": "Feature", "properties": { "decimalLatitude": -42.4251, "decimalLongitude": 173.6875, "month": 12, "species_sci": "Hirundo neoxena", "species_com": "Welcome Swallow" }, "geometry": { "type": "Point", "coordinates": [ 173.6875, -42.4251 ] } },
{ "type": "Feature", "properties": { "decimalLatitude": -37.7688, "decimalLongitude": 145.5423, "month": 12, "species_sci": "Hirundo neoxena", "species_com": "Welcome Swallow" }, "geometry": { "type": "Point", "coordinates": [ 145.5423, -37.7688 ] } },
{ "type": "Feature", "properties": { "decimalLatitude": -34.5344, "decimalLongitude": 150.7921, "month": 12, "species_sci": "Hirundo neoxena", "species_com": "Welcome Swallow" }, "geometry": { "type": "Point", "coordinates": [ 150.7921, -34.5344 ] } },
{ "type": "Feature", "properties": { "decimalLatitude": -43.4863, "decimalLongitude": 172.6967, "month": 12, "species_sci": "Hirundo neoxena", "species_com": "Welcome Swallow" }, "geometry": { "type": "Point", "coordinates": [ 172.6967, -43.4863 ] } },
{ "type": "Feature", "properties": { "decimalLatitude": -43.0584, "decimalLongitude": 170.6353, "month": 12, "species_sci": "Hirundo neoxena", "species_com": "Welcome Swallow" }, "geometry": { "type": "Point", "coordinates": [ 170.6353, -43.0584 ] } },
{ "type": "Feature", "properties": { "decimalLatitude": -37.8423, "decimalLongitude": 145.2676, "month": 12, "species_sci": "Hirundo neoxena", "species_com": "Welcome Swallow" }, "geometry": { "type": "Point", "coordinates": [ 145.2676, -37.8423 ] } },
{ "type": "Feature", "properties": { "decimalLatitude": -35.4643, "decimalLongitude": 148.9075, "month": 12, "species_sci": "Hirundo neoxena", "species_com": "Welcome Swallow" }, "geometry": { "type": "Point", "coordinates": [ 148.9075, -35.4643 ] } },
{ "type": "Feature", "properties": { "decimalLatitude": -42.0769, "decimalLongitude": 145.559, "month": 12, "species_sci": "Hirundo neoxena", "species_com": "Welcome Swallow" }, "geometry": { "type": "Point", "coordinates": [ 145.559, -42.0769 ] } },
{ "type": "Feature", "properties": { "decimalLatitude": -35.4637, "decimalLongitude": 148.907, "month": 12, "species_sci": "Hirundo neoxena", "species_com": "Welcome Swallow" }, "geometry": { "type": "Point", "coordinates": [ 148.907, -35.4637 ] } },
{ "type": "Feature", "properties": { "decimalLatitude": -40.2368, "decimalLongitude": 175.5534, "month": 12, "species_sci": "Hirundo neoxena", "species_com": "Welcome Swallow" }, "geometry": { "type": "Point", "coordinates": [ 175.5534, -40.2368 ] } },
{ "type": "Feature", "properties": { "decimalLatitude": -35.4638, "decimalLongitude": 148.9069, "month": 12, "species_sci": "Hirundo neoxena", "species_com": "Welcome Swallow" }, "geometry": { "type": "Point", "coordinates": [ 148.9069, -35.4638 ] } },
{ "type": "Feature", "properties": { "decimalLatitude": -42.8998, "decimalLongitude": 147.3318, "month": 12, "species_sci": "Hirundo neoxena", "species_com": "Welcome Swallow" }, "geometry": { "type": "Point", "coordinates": [ 147.3318, -42.8998 ] } },
{ "type": "Feature", "properties": { "decimalLatitude": -27.22, "decimalLongitude": 153.0054, "month": 12, "species_sci": "Hirundo neoxena", "species_com": "Welcome Swallow" }, "geometry": { "type": "Point", "coordinates": [ 153.0054, -27.22 ] } },
{ "type": "Feature", "properties": { "decimalLatitude": -37.6176, "decimalLongitude": 145.0755, "month": 12, "species_sci": "Hirundo neoxena", "species_com": "Welcome Swallow" }, "geometry": { "type": "Point", "coordinates": [ 145.0755, -37.6176 ] } },
{ "type": "Feature", "properties": { "decimalLatitude": -27.3092, "decimalLongitude": 152.9527, "month": 12, "species_sci": "Hirundo neoxena", "species_com": "Welcome Swallow" }, "geometry": { "type": "Point", "coordinates": [ 152.9527, -27.3092 ] } },
{ "type": "Feature", "properties": { "decimalLatitude": -37.2923, "decimalLongitude": 144.4959, "month": 12, "species_sci": "Hirundo neoxena", "species_com": "Welcome Swallow" }, "geometry": { "type": "Point", "coordinates": [ 144.4959, -37.2923 ] } },
{ "type": "Feature", "properties": { "decimalLatitude": -38.2204, "decimalLongitude": 145.403, "month": 12, "species_sci": "Hirundo neoxena", "species_com": "Welcome Swallow" }, "geometry": { "type": "Point", "coordinates": [ 145.403, -38.2204 ] } },
{ "type": "Feature", "properties": { "decimalLatitude": -34.0042, "decimalLongitude": 122.1699, "month": 12, "species_sci": "Hirundo neoxena", "species_com": "Welcome Swallow" }, "geometry": { "type": "Point", "coordinates": [ 122.1699, -34.0042 ] } },
{ "type": "Feature", "properties": { "decimalLatitude": -19.3828, "decimalLongitude": 146.9287, "month": 12, "species_sci": "Hirundo neoxena", "species_com": "Welcome Swallow" }, "geometry": { "type": "Point", "coordinates": [ 146.9287, -19.3828 ] } },
{ "type": "Feature", "properties": { "decimalLatitude": -38.4735, "decimalLongitude": 176.147, "month": 12, "species_sci": "Hirundo neoxena", "species_com": "Welcome Swallow" }, "geometry": { "type": "Point", "coordinates": [ 176.147, -38.4735 ] } }
]
}
