{
"type": "FeatureCollection",
"name": "Spilopelia_chinensis_points",
"crs": { "type": "name", "properties": { "name": "urn:ogc:def:crs:OGC:1.3:CRS84" } },
"features": [
{ "type": "Feature", "properties": { "decimalLatitude": -27.3001, "decimalLongitude": 153.0, "month": 1, "species_sci": "Spilopelia chinensis", "species_com": "Spotted Dove" }, "geometry": { "type": "Point", "coordinates": [ 153.0, -27.3001 ] } },
{ "type": "Feature", "properties": { "decimalLatitude": 7.8196, "decimalLongitude": 98.2985, "month": 1, "species_sci": "Spilopelia chinensis", "species_com": "Spotted Dove" }, "geometry": { "type": "Point", "coordinates": [ 98.2985, 7.8196 ] } },
{ "type": "Feature", "properties": { "decimalLatitude": 37.8662, "decimalLongitude": 112.5636, "month": 1, "species_sci": "Spilopelia chinensis", "species_com": "Spotted Dove" }, "geometry": { "type": "Point", "coordinates": [ 112.5636, 37.8662 ] } },
{ "type": "Feature", "properties": { "decimalLatitude": 31.475, "decimalLongitude": 120.3723, "month": 1, "species_sci": "Spilopelia chinensis", "species_com": "Spotted Dove" }, "geometry": { "type": "Point", "coordinates": [ 120.3723, 31.475 ] } },
{ "type": "Feature", "properties": { "decimalLatitude": -6.2441, "decimalLongitude": 106.7999, "month": 1, "species_sci": "Spilopelia chinensis", "species_com": "Spotted Dove" }, "geometry": { "type": "Point", "coordinates": [ 106.7999, -6.2441 ] } },
{ "type": "Feature", "properties": { "decimalLatitude": 37.8004, "decimalLongitude": 118.6132, "month": 1, "species_sci": "Spilopelia chinensis", "species_com": "Spotted Dove" }, "geometry": { "type": "Point", "coordinates": [ 118.6132, 37.8004 ] } },
{ "type": "Feature", "properties": { "decimalLatitude": -16.9104, "decimalLongitude": 145.7602, "month": 1, "species_sci": "Spilopelia chinensis", "species_com": "Spotted Dove" }, "geometry": { "type": "Point", "coordinates": [ 145.7602, -16.9104 ] } },
{ "type": "Feature", "properties": { "decimalLatitude": 8.4266, "decimalLongitude": 77.5959, "month": 1, "species_sci": "Spilopelia chinensis", "species_com": "Spotted Dove" }, "geometry": { "type": "Point", "coordinates": [ 77.5959, 8.4266 ] } },
{ "type": "Feature", "properties": { "decimalLatitude": -17.352, "decimalLongitude": 177.1422, "month": 1, "species_sci": "Spilopelia chinensis", "species_com": "Spotted Dove" }, "geometry": { "type": "Point", "coordinates": [ 177.1422, -17.352 ] } },
{ "type": "Feature", "properties": { "decimalLatitude": 30.254, "decimalLongitude": 120.1235, "month": 1, "species_sci": "Spilopelia chinensis", "species_com": "Spotted Dove" }, "geometry": { "type": "Point", "coordinates": [ 120.1235, 30.254 ] } },
{ "type": "Feature", "properties": { "decimalLatitude": 31.476, "decimalLongitude": 120.3732, "month": 1, "species_sci": "Spilopelia chinensis", "species_com": "Spotted Dove" }, "geometry": { "type": "Point", "coordinates": [ 120.3732, 31.476 ] } },
{ "type": "Feature", "properties": { "decimalLatitude": 31.6037, "decimalLongitude": 120.7411, "month": 1, "species_sci": "Spilopelia chinensis", "species_com": "Spotted Dove" }, "geometry": { "type": "Point", "coordinates": [ 120.7411, 31.6037 ] } },
{ "type": "Feature", "properties": { "decimalLatitude": 31.4163, "decimalLongitude": 119.9998, "month": 1, "species_sci": "Spilopelia chinensis", "species_com": "Spotted Dove" }, "geometry": { "type": "Point", "coordinates": [ 119.9998, 31.4163 ] } },
{ "type": "Feature", "properties": { "decimalLatitude": 17.4323, "decimalLongitude": 78.4772, "month": 1, "species_sci": "Spilopelia chinensis", "species_com": "Spotted Dove" }, "geometry": { "type": "Point", "coordinates": [ 78.4772, 17.4323 ] } },
{ "type": "Feature", "properties": { "decimalLatitude": -27.544, "decimalLongitude": 153.0962, "month": 1, "species_sci": "Spilopelia chinensis", "species_com": "Spotted Dove" }, "geometry": { "type": "Point", "coordinates": [ 153.0962, -27.544 ] } },
{ "type": "Feature", "properties": { "decimalLatitude": 36.4645, "decimalLongitude": 116.0246, "month": 1, "species_sci": "Spilopelia chinensis", "species_com": "Spotted Dove" }, "geometry": { "type": "Point", "coordinates": [ 116.0246, 36.4645 ] } },
{ "type": "Feature", "properties": { "decimalLatitude": -35.5313, "decimalLongitude": 138.6543, "month": 1, "species_sci": "Spilopelia chinensis", "species_com": "Spotted Dove" }, "geometry": { "type": "Point", "coordinates": [ 138.6543, -35.5313 ] } },
{ "type": "Feature", "properties": { "decimalLatitude": 32.1004, "decimalLongitude": 118.9012, "month": 1, "species_sci": "Spilopelia chinensis", "species_com": "Spotted Dove" }, "geometry": { "type": "Point", "coordinates": [ 118.9012, 32.1004 ] } },
{ "type": "Feature", "properties": { "decimalLatitude": 22.5744, "decimalLongitude": 88.3629, "month": 1, "species_sci": "Spilopelia chinensis", "species_com": "Spotted Dove" }, "geometry": { "type": "Point", "coordinates": [ 88.3629, 22.5744 ] } },
{ "type": "Feature", "properties": { "decimalLatitude": 31.2404, "decimalLongitude": 121.4861, "month": 1, "species_sci": "Spilopelia chinensis", "species_com": "Spotted Dove" }, "geometry": { "type": "Point", "coordinates": [ 121.4861, 31.2404 ] } },
{ "type": "Feature", "properties": { "decimalLatitude": 27.5726, "decimalLongitude": 84.5011, "month": 1, "species_sci": "Spilopelia chinensis", "species_com": "Spotted Dove" }, "geometry": { "type": "Point", "coordinates": [ 84.5011, 27.5726 ] } },
{ "type": "Feature", "properties": { "decimalLatitude": -38.3169, "decimalLongitude": 144.3478, "month": 1, "species_sci": "Spilopelia chinensis", "species_com": "Spotted Dove" }, "geometry": { "type": "Point", "coordinates": [ 144.3478, -38.3169 ] } },
{ "type": "Feature", "properties": { "decimalLatitude": 17.3967, "decimalLongitude": 78.3548, "month": 1, "species_sci": "Spilopelia chinensis", "species_com": "Spotted Dove" }, "geometry": { "type": "Point", "coordinates": [ 78.3548, 17.3967 ] } },
{ "type": "Feature", "properties": { "decimalLatitude": 21.3052, "decimalLongitude": -157.6551, "month": 1, "species_sci": "Spilopelia chinensis", "species_com": "Spotted Dove" }, "geometry": { "type": "Point", "coordinates": [ -157.6551, 21.3052 ] } },
{ "type": "Feature", "properties": { "decimalLatitude": 31.475, "decimalLongitude": 120.3725, "month": 1, "species_sci": "Spilopelia chinensis", "species_com": "Spotted Dove" }, "geometry": { "type": "Point", "coordinates": [ 120.3725, 31.475 ] } },
{ "type": "Feature", "properties": { "decimalLatitude": 13.7948, "decimalLongitude": 101.6755, "month": 1, "species_sci": "Spilopelia chinensis", "species_com": "Spotted Dove" }, "geometry": { "type": "Point", "coordinates": [ 101.6755, 13.7948 ] } },
{ "type": "Feature", "properties": { "decimalLatitude": 37.8742, "decimalLongitude": 112.5237, "month": 1, "species_sci": "Spilopelia chinensis", "species_com": "Spotted Dove" }, "geometry": { "type": "Point", "coordinates": [ 112.5237, 37.8742 ] } },
{ "type": "Feature", "properties": { "decimalLatitude": 13.7327, "decimalLongitude": 100.5399, "month": 1, "species_sci": "Spilopelia chinensis", "species_com": "Spotted Dove" }, "geometry": { "type": "Point", "coordinates": [ 100.5399, 13.7327 ] } },
{ "type": "Feature", "properties": { "decimalLatitude": -27.5658, "decimalLongitude": 153.0997, "month": 1, "species_sci": "Spilopelia chinensis", "species_com": "Spotted Dove" }, "geometry": { "type": "Point", "coordinates": [ 153.0997, -27.5658 ] } },
{ "type": "Feature", "properties": { "decimalLatitude": 20.7052, "decimalLongitude": -156.4461, "month": 1, "species_sci": "Spilopelia chinensis", "species_com": "Spotted Dove" }, "geometry": { "type": "Point", "coordinates": [ -156.4461, 20.7052 ] } },
{ "type": "Feature", "properties": { "decimalLatitude": 24.8973, "decimalLongitude": 121.5706, "month": 1, "species_sci": "Spilopelia chinensis", "species_com": "Spotted Dove" }, "geometry": { "type": "Point", "coordinates": [ 121.5706, 24.8973 ] } },
{ "type": "Feature", "properties": { "decimalLatitude": -37.8393, "decimalLongitude": 145.235, "month": 1, "species_sci": "Spilopelia chinensis", "species_com": "Spotted Dove" }, "geometry": { "type": "Point", "coordinates": [ 145.235, -37.8393 ] } },
{ "type": "Feature", "properties": { "decimalLatitude": 40.0268, "decimalLongitude": 116.377, "month": 1, "species_sci": "Spilopelia chinensis", "species_com": "Spotted Dove" }, "geometry": { "type": "Point", "coordinates": [ 116.377, 40.0268 ] } },
{ "type": "Feature", "properties": { "decimalLatitude": -32.6921, "decimalLongitude": 151.5365, "month": 1, "species_sci": "Spilopelia chinensis", "species_com": "Spotted Dove" }, "geometry": { "type": "Point", "coordinates": [ 151.5365, -32.6921 ] } },
{ "type": "Feature", "properties": { "decimalLatitude": 12.7877, "decimalLongitude": 77.8361, "month": 1, "species_sci": "Spilopelia chinensis", "species_com": "Spotted Dove" }, "geometry": { "type": "Point", "coordinates": [ 77.8361, 12.7877 ] } },
{ "type": "Feature", "properties": { "decimalLatitude": -27.1446, "decimalLongitude": 152.9709, "month": 1, "species_sci": "Spilopelia chinensis", "species_com": "Spotted Dove" }, "geometry": { "type": "Point", "coordinates": [ 152.9709, -27.1446 ] } },
{ "type": "Feature", "properties": { "decimalLatitude": -37.8045, "decimalLongitude": 145.2048, "month": 1, "species_sci": "Spilopelia chinensis", "species_com": "Spotted Dove" }, "geometry": { "type": "Point", "coordinates": [ 145.2048, -37.8045 ] } },
{ "type": "Feature", "properties": { "decimalLatitude": 31.4754, "decimalLongitude": 120.3726, "month": 1, "species_sci": "Spilopelia chinensis", "species_com": "Spotted Dove" }, "geometry": { "type": "Point", "coordinates": [ 120.3726, 31.4754 ] } },
{ "type": "Feature", "properties": { "decimalLatitude": 31.4748, "decimalLongitude": 120.3725, "month": 1, "species_sci": "Spilopelia chinensis", "species_com": "Spotted Dove" }, "geometry": { "type": "Point", "coordinates": [ 120.3725, 31.4748 ] } },
{ "type": "Feature", "properties": { "decimalLatitude": 22.5747, "decimalLongitude": 113.848, "month": 1, "species_sci": "Spilopelia chinensis", "species_com": "Spotted Dove" }, "geometry": { "type": "Point", "coordinates": [ 113.848, 22.5747 ] } },
{ "type": "Feature", "properties": { "decimalLatitude": 1.358, "decimalLongitude": 103.8501, "month": 1, "species_sci": "Spilopelia chinensis", "species_com": "Spotted Dove" }, "geometry": { "type": "Point", "coordinates": [ 103.8501, 1.358 ] } },
{ "type": "Feature", "properties": { "decimalLatitude": -38.4667, "decimalLongitude": 175.0107, "month": 1, "species_sci": "Spilopelia chinensis", "species_com": "Spotted Dove" }, "geometry": { "type": "Point", "coordinates": [ 175.0107, -38.4667 ] } },
{ "type": "Feature", "properties": { "decimalLatitude": 26.0599, "decimalLongitude": 119.179, "month": 1, "species_sci": "Spilopelia chinensis", "species_com": "Spotted Dove" }, "geometry": { "type": "Point", "coordinates": [ 119.179, 26.0599 ] } },
{ "type": "Feature", "properties": { "decimalLatitude": -37.8295, "decimalLongitude": 144.9801, "month": 1, "species_sci": "Spilopelia chinensis", "species_com": "Spotted Dove" }, "geometry": { "type": "Point", "coordinates": [ 144.9801, -37.8295 ] } },
{ "type": "Feature", "properties": { "decimalLatitude": -32.7294, "decimalLongitude": 151.5599, "month": 1, "species_sci": "Spilopelia chinensis", "species_com": "Spotted Dove" }, "geometry": { "type": "Point", "coordinates": [ 151.5599, -32.7294 ] } },
{ "type": "Feature", "properties": { "decimalLatitude": -37.8263, "decimalLongitude": 145.1631, "month": 1, "species_sci": "Spilopelia chinensis", "species_com": "Spotted Dove" }, "geometry": { "type": "Point", "coordinates": [ 145.1631, -37.8263 ] } },
{ "type": "Feature", "properties": { "decimalLatitude": 22.2836, "decimalLongitude": 114.1342, "month": 1, "species_sci": "Spilopelia chinensis", "species_com": "Spotted Dove" }, "geometry": { "type": "Point", "coordinates": [ 114.1342, 22.2836 ] } },
{ "type": "Feature", "properties": { "decimalLatitude": -37.1376, "decimalLongitude": 175.5499, "month": 1, "species_sci": "Spilopelia chinensis", "species_com": "Spotted Dove" }, "geometry": { "type": "Point", "coordinates": [ 175.5499, -37.1376 ] } },
{ "type": "Feature", "properties": { "decimalLatitude": 22.4143, "decimalLongitude": 114.1019, "month": 1, "species_sci": "Spilopelia chinensis", "species_com": "Spotted Dove" }, "geometry": { "type": "Point", "coordinates": [ 114.1019, 22.4143 ] } },
{ "type": "Feature", "properties": { "decimalLatitude": 31.2057, "decimalLongitude": 121.5559, "month": 1, "species_sci": "Spilopelia chinensis", "species_com": "Spotted Dove" }, "geometry": { "type": "Point", "coordinates": [ 121.5559, 31.2057 ] } },
{ "type": "Feature", "properties": { "decimalLatitude": -16.9245, "decimalLongitude": 145.7804, "month": 1, "species_sci": "Spilopelia chinensis", "species_com": "Spotted Dove" }, "geometry": { "type": "Point", "coordinates": [ 145.7804, -16.9245 ] } },
{ "type": "Feature", "properties": { "decimalLatitude": 1.4243, "decimalLongitude": 103.8386, "month": 1, "species_sci": "Spilopelia chinensis", "species_com": "Spotted Dove" }, "geometry": { "type": "Point", "coordinates": [ 103.8386, 1.4243 ] } },
{ "type": "Feature", "properties": { "decimalLatitude": 9.5323, "decimalLongitude": 99.9358, "month": 1, "species_sci": "Spilopelia chinensis", "species_com": "Spotted Dove" }, "geometry": { "type": "Point", "coordinates": [ 99.9358, 9.5323 ] } },
{ "type": "Feature", "properties": { "decimalLatitude": 22.2011, "decimalLongitude": 113.5396, "month": 1, "species_sci": "Spilopelia chinensis", "species_com": "Spotted Dove" }, "geometry": { "type": "Point", "coordinates": [ 113.5396, 22.2011 ] } },
{ "type": "Feature", "properties": { "decimalLatitude": 22.3001, "decimalLongitude": 114.1712, "month": 1, "species_sci": "Spilopelia chinensis", "species_com": "Spotted Dove" }, "geometry": { "type": "Point", "coordinates": [ 114.1712, 22.3001 ] } },
{ "type": "Feature", "properties": { "decimalLatitude": 39.9291, "decimalLongitude": 116.3919, "month": 1, "species_sci": "Spilopelia chinensis", "species_com": "Spotted Dove" }, "geometry": { "type": "Point", "coordinates": [ 116.3919, 39.9291 ] } },
{ "type": "Feature", "properties": { "decimalLatitude": 22.5116, "decimalLongitude": 114.0356, "month": 1, "species_sci": "Spilopelia chinensis", "species_com": "Spotted Dove" }, "geometry": { "type": "Point", "coordinates": [ 114.0356, 22.5116 ] } },
{ "type": "Feature", "properties": { "decimalLatitude": -42.8372, "decimalLongitude": 147.3429, "month": 1, "species_sci": "Spilopelia chinensis", "species_com": "Spotted Dove" }, "geometry": { "type": "Point", "coordinates": [ 147.3429, -42.8372 ] } },
{ "type": "Feature", "properties": { "decimalLatitude": 9.0849, "decimalLongitude": 99.3621, "month": 1, "species_sci": "Spilopelia chinensis", "species_com": "Spotted Dove" }, "geometry": { "type": "Point", "coordinates": [ 99.3621, 9.0849 ] } },
{ "type": "Feature", "properties": { "decimalLatitude": 26.6741, "decimalLongitude": 119.5003, "month": 1, "species_sci": "Spilopelia chinensis", "species_com": "Spotted Dove" }, "geometry": { "type": "Point", "coordinates": [ 119.5003, 26.6741 ] } },
{ "type": "Feature", "properties": { "decimalLatitude": 22.4484, "decimalLongitude": 114.3193, "month": 1, "species_sci": "Spilopelia chinensis", "species_com": "Spotted Dove" }, "geometry": { "type": "Point", "coordinates": [ 114.3193, 22.4484 ] } },
{ "type": "Feature", "properties": { "decimalLatitude": -37.6962, "decimalLongitude": 145.1267, "month": 1, "species_sci": "Spilopelia chinensis", "species_com": "Spotted Dove" }, "geometry": { "type": "Point", "coordinates": [ 145.1267, -37.6962 ] } },
{ "type": "Feature", "properties": { "decimalLatitude": 31.206, "decimalLongitude": 121.5747, "month": 1, "species_sci": "Spilopelia chinensis", "species_com": "Spotted Dove" }, "geometry": { "type": "Point", "coordinates": [ 121.5747, 31.206 ] } },
{ "type": "Feature", "properties": { "decimalLatitude": 26.0249, "decimalLongitude": 119.3094, "month": 1, "species_sci": "Spilopelia chinensis", "species_com": "Spotted Dove" }, "geometry": { "type": "Point", "coordinates": [ 119.3094, 26.0249 ] } },
{ "type": "Feature", "properties": { "decimalLatitude": 22.2772, "decimalLongitude": 114.1613, "month": 1, "species_sci": "Spilopelia chinensis", "species_com": "Spotted Dove" }, "geometry": { "type": "Point", "coordinates": [ 114.1613, 22.2772 ] } },
{ "type": "Feature", "properties": { "decimalLatitude": -34.1704, "decimalLongitude": 139.9618, "month": 1, "species_sci": "Spilopelia chinensis", "species_com": "Spotted Dove" }, "geometry": { "type": "Point", "coordinates": [ 139.9618, -34.1704 ] } },
{ "type": "Feature", "properties": { "decimalLatitude": -37.9394, "decimalLongitude": 144.6531, "month": 1, "species_sci": "Spilopelia chinensis", "species_com": "Spotted Dove" }, "geometry": { "type": "Point", "coordinates": [ 144.6531, -37.9394 ] } },
{ "type": "Feature", "properties": { "decimalLatitude": 1.2777, "decimalLongitude": 103.864, "month": 1, "species_sci": "Spilopelia chinensis", "species_com": "Spotted Dove" }, "geometry": { "type": "Point", "coordinates": [ 103.864, 1.2777 ] } },
{ "type": "Feature", "properties": { "decimalLatitude": 31.4749, "decimalLongitude": 120.3726, "month": 1, "species_sci": "Spilopelia chinensis", "species_com": "Spotted Dove" }, "geometry": { "type": "Point", "coordinates": [ 120.3726, 31.4749 ] } },
{ "type": "Feature", "properties": { "decimalLatitude": 17.397, "decimalLongitude": 78.3545, "month": 1, "species_sci": "Spilopelia chinensis", "species_com": "Spotted Dove" }, "geometry": { "type": "Point", "coordinates": [ 78.3545, 17.397 ] } },
{ "type": "Feature", "properties": { "decimalLatitude": 1.2819, "decimalLongitude": 103.8654, "month": 1, "species_sci": "Spilopelia chinensis", "species_com": "Spotted Dove" }, "geometry": { "type": "Point", "coordinates": [ 103.8654, 1.2819 ] } },
{ "type": "Feature", "properties": { "decimalLatitude": 22.3127, "decimalLongitude": 114.1739, "month": 1, "species_sci": "Spilopelia chinensis", "species_com": "Spotted Dove" }, "geometry": { "type": "Point", "coordinates": [ 114.1739, 22.3127 ] } },
{ "type": "Feature", "properties": { "decimalLatitude": 31.4749, "decimalLongitude": 120.3724, "month": 1, "species_sci": "Spilopelia chinensis", "species_com": "Spotted Dove" }, "geometry": { "type": "Point", "coordinates": [ 120.3724, 31.4749 ] } },
{ "type": "Feature", "properties": { "decimalLatitude": 20.7135, "decimalLongitude": -156.444, "month": 1, "species_sci": "Spilopelia chinensis", "species_com": "Spotted Dove" }, "geometry": { "type": "Point", "coordinates": [ -156.444, 20.7135 ] } },
{ "type": "Feature", "properties": { "decimalLatitude": -27.4499, "decimalLongitude": 152.9404, "month": 1, "species_sci": "Spilopelia chinensis", "species_com": "Spotted Dove" }, "geometry": { "type": "Point", "coordinates": [ 152.9404, -27.4499 ] } },
{ "type": "Feature", "properties": { "decimalLatitude": -37.8254, "decimalLongitude": 145.1637, "month": 1, "species_sci": "Spilopelia chinensis", "species_com": "Spotted Dove" }, "geometry": { "type": "Point", "coordinates": [ 145.1637, -37.8254 ] } },
{ "type": "Feature", "properties": { "decimalLatitude": 5.4395, "decimalLongitude": 100.2891, "month": 1, "species_sci": "Spilopelia chinensis", "species_com": "Spotted Dove" }, "geometry": { "type": "Point", "coordinates": [ 100.2891, 5.4395 ] } },
{ "type": "Feature", "properties": { "decimalLatitude": 31.475, "decimalLongitude": 120.3722, "month": 1, "species_sci": "Spilopelia chinensis", "species_com": "Spotted Dove" }, "geometry": { "type": "Point", "coordinates": [ 120.3722, 31.475 ] } },
{ "type": "Feature", "properties": { "decimalLatitude": 31.2909, "decimalLongitude": 118.3525, "month": 1, "species_sci": "Spilopelia chinensis", "species_com": "Spotted Dove" }, "geometry": { "type": "Point", "coordinates": [ 118.3525, 31.2909 ] } },
{ "type": "Feature", "properties": { "decimalLatitude": 22.965, "decimalLongitude": 120.1877, "month": 1, "species_sci": "Spilopelia chinensis", "species_com": "Spotted Dove" }, "geometry": { "type": "Point", "coordinates": [ 120.1877, 22.965 ] } },
{ "type": "Feature", "properties": { "decimalLatitude": 30.6627, "decimalLongitude": 103.9506, "month": 1, "species_sci": "Spilopelia chinensis", "species_com": "Spotted Dove" }, "geometry": { "type": "Point", "coordinates": [ 103.9506, 30.6627 ] } },
{ "type": "Feature", "properties": { "decimalLatitude": 22.997, "decimalLongitude": 120.2024, "month": 1, "species_sci": "Spilopelia chinensis", "species_com": "Spotted Dove" }, "geometry": { "type": "Point", "coordinates": [ 120.2024, 22.997 ] } },
{ "type": "Feature", "properties": { "decimalLatitude": 31.4748, "decimalLongitude": 120.3728, "month": 1, "species_sci": "Spilopelia chinensis", "species_com": "Spotted Dove" }, "geometry": { "type": "Point", "coordinates": [ 120.3728, 31.4748 ] } },
{ "type": "Feature", "properties": { "decimalLatitude": -37.7966, "decimalLongitude": 175.3328, "month": 1, "species_sci": "Spilopelia chinensis", "species_com": "Spotted Dove" }, "geometry": { "type": "Point", "coordinates": [ 175.3328, -37.7966 ] } },
{ "type": "Feature", "properties": { "decimalLatitude": -6.2431, "decimalLongitude": 106.7905, "month": 1, "species_sci": "Spilopelia chinensis", "species_com": "Spotted Dove" }, "geometry": { "type": "Point", "coordinates": [ 106.7905, -6.2431 ] } },
{ "type": "Feature", "properties": { "decimalLatitude": 31.3998, "decimalLongitude": 121.4415, "month": 1, "species_sci": "Spilopelia chinensis", "species_com": "Spotted Dove" }, "geometry": { "type": "Point", "coordinates": [ 121.4415, 31.3998 ] } },
{ "type": "Feature", "properties": { "decimalLatitude": -6.9048, "decimalLongitude": 107.6267, "month": 1, "species_sci": "Spilopelia chinensis", "species_com": "Spotted Dove" }, "geometry": { "type": "Point", "coordinates": [ 107.6267, -6.9048 ] } },
{ "type": "Feature", "properties": { "decimalLatitude": 31.4756, "decimalLongitude": 120.3729, "month": 1, "species_sci": "Spilopelia chinensis", "species_com": "Spotted Dove" }, "geometry": { "type": "Point", "coordinates": [ 120.3729, 31.4756 ] } },
{ "type": "Feature", "properties": { "decimalLatitude": 22.3038, "decimalLongitude": 114.2664, "month": 1, "species_sci": "Spilopelia chinensis", "species_com": "Spotted Dove" }, "geometry": { "type": "Point", "coordinates": [ 114.2664, 22.3038 ] } },
{ "type": "Feature", "properties": { "decimalLatitude": 24.6707, "decimalLongitude": 121.6323, "month": 1, "species_sci": "Spilopelia chinensis", "species_com": "Spotted Dove" }, "geometry": { "type": "Point", "coordinates": [ 121.6323, 24.6707 ] } },
{ "type": "Feature", "properties": { "decimalLatitude": 31.4752, "decimalLongitude": 120.3727, "month": 1, "species_sci": "Spilopelia chinensis", "species_com": "Spotted Dove" }, "geometry": { "type": "Point", "coordinates": [ 120.3727, 31.4752 ] } },
{ "type": "Feature", "properties": { "decimalLatitude": 31.2541, "decimalLongitude": 120.5064, "month": 1, "species_sci": "Spilopelia chinensis", "species_com": "Spotted Dove" }, "geometry": { "type": "Point", "coordinates": [ 120.5064, 31.2541 ] } },
{ "type": "Feature", "properties": { "decimalLatitude": -6.8844, "decimalLongitude": 107.6069, "month": 1, "species_sci": "Spilopelia chinensis", "species_com": "Spotted Dove" }, "geometry": { "type": "Point", "coordinates": [ 107.6069, -6.8844 ] } },
{ "type": "Feature", "properties": { "decimalLatitude": 40.0318, "decimalLongitude": 116.3947, "month": 1, "species_sci": "Spilopelia chinensis", "species_com": "Spotted Dove" }, "geometry": { "type": "Point", "coordinates": [ 116.3947, 40.0318 ] } },
{ "type": "Feature", "properties": { "decimalLatitude": -6.9022, "decimalLongitude": 107.6229, "month": 1, "species_sci": "Spilopelia chinensis", "species_com": "Spotted Dove" }, "geometry": { "type": "Point", "coordinates": [ 107.6229, -6.9022 ] } },
{ "type": "Feature", "properties": { "decimalLatitude": -37.7715, "decimalLongitude": 145.0345, "month": 1, "species_sci": "Spilopelia chinensis", "species_com": "Spotted Dove" }, "geometry": { "type": "Point", "coordinates": [ 145.0345, -37.7715 ] } },
{ "type": "Feature", "properties": { "decimalLatitude": -35.1703, "decimalLongitude": 149.125, "month": 1, "species_sci": "Spilopelia chinensis", "species_com": "Spotted Dove" }, "geometry": { "type": "Point", "coordinates": [ 149.125, -35.1703 ] } },
{ "type": "Feature", "properties": { "decimalLatitude": 40.6433, "decimalLongitude": 109.9356, "month": 1, "species_sci": "Spilopelia chinensis", "species_com": "Spotted Dove" }, "geometry": { "type": "Point", "coordinates": [ 109.9356, 40.6433 ] } },
{ "type": "Feature", "properties": { "decimalLatitude": 21.2543, "decimalLongitude": 76.5938, "month": 1, "species_sci": "Spilopelia chinensis", "species_com": "Spotted Dove" }, "geometry": { "type": "Point", "coordinates": [ 76.5938, 21.2543 ] } },
{ "type": "Feature", "properties": { "decimalLatitude": 19.7261, "decimalLongitude": -155.063, "month": 1, "species_sci": "Spilopelia chinensis", "species_com": "Spotted Dove" }, "geometry": { "type": "Point", "coordinates": [ -155.063, 19.7261 ] } },
{ "type": "Feature", "properties": { "decimalLatitude": -37.7621, "decimalLongitude": 144.9235, "month": 1, "species_sci": "Spilopelia chinensis", "species_com": "Spotted Dove" }, "geometry": { "type": "Point", "coordinates": [ 144.9235, -37.7621 ] } },
{ "type": "Feature", "properties": { "decimalLatitude": 30.3719, "decimalLongitude": 120.0138, "month": 1, "species_sci": "Spilopelia chinensis", "species_com": "Spotted Dove" }, "geometry": { "type": "Point", "coordinates": [ 120.0138, 30.3719 ] } },
{ "type": "Feature", "properties": { "decimalLatitude": 20.8715, "decimalLongitude": -156.169, "month": 1, "species_sci": "Spilopelia chinensis", "species_com": "Spotted Dove" }, "geometry": { "type": "Point", "coordinates": [ -156.169, 20.8715 ] } },
{ "type": "Feature", "properties": { "decimalLatitude": 31.4754, "decimalLongitude": 120.3742, "month": 1, "species_sci": "Spilopelia chinensis", "species_com": "Spotted Dove" }, "geometry": { "type": "Point", "coordinates": [ 120.3742, 31.4754 ] } },
{ "type": "Feature", "properties": { "decimalLatitude": 31.4756, "decimalLongitude": 120.373, "month": 1, "species_sci": "Spilopelia chinensis", "species_com": "Spotted Dove" }, "geometry": { "type": "Point", "coordinates": [ 120.373, 31.4756 ] } },
{ "type": "Feature", "properties": { "decimalLatitude": 17.3968, "decimalLongitude": 78.3546, "month": 1, "species_sci": "Spilopelia chinensis", "species_com": "Spotted Dove" }, "geometry": { "type": "Point", "coordinates": [ 78.3546, 17.3968 ] } },
{ "type": "Feature", "properties": { "decimalLatitude": 31.4759, "decimalLongitude": 120.3729, "month": 1, "species_sci": "Spilopelia chinensis", "species_com": "Spotted Dove" }, "geometry": { "type": "Point", "coordinates": [ 120.3729, 31.4759 ] } },
{ "type": "Feature", "properties": { "decimalLatitude": 31.2041, "decimalLongitude": 121.5943, "month": 1, "species_sci": "Spilopelia chinensis", "species_com": "Spotted Dove" }, "geometry": { "type": "Point", "coordinates": [ 121.5943, 31.2041 ] } },
{ "type": "Feature", "properties": { "decimalLatitude": 16.0958, "decimalLongitude": 108.275, "month": 1, "species_sci": "Spilopelia chinensis", "species_com": "Spotted Dove" }, "geometry": { "type": "Point", "coordinates": [ 108.275, 16.0958 ] } },
{ "type": "Feature", "properties": { "decimalLatitude": 31.3207, "decimalLongitude": 121.4803, "month": 1, "species_sci": "Spilopelia chinensis", "species_com": "Spotted Dove" }, "geometry": { "type": "Point", "coordinates": [ 121.4803, 31.3207 ] } },
{ "type": "Feature", "properties": { "decimalLatitude": 22.2904, "decimalLongitude": 114.2119, "month": 1, "species_sci": "Spilopelia chinensis", "species_com": "Spotted Dove" }, "geometry": { "type": "Point", "coordinates": [ 114.2119, 22.2904 ] } },
{ "type": "Feature", "properties": { "decimalLatitude": 31.6035, "decimalLongitude": 120.7409, "month": 1, "species_sci": "Spilopelia chinensis", "species_com": "Spotted Dove" }, "geometry": { "type": "Point", "coordinates": [ 120.7409, 31.6035 ] } },
{ "type": "Feature", "properties": { "decimalLatitude": 31.15, "decimalLongitude": 121.4499, "month": 1, "species_sci": "Spilopelia chinensis", "species_com": "Spotted Dove" }, "geometry": { "type": "Point", "coordinates": [ 121.4499, 31.15 ] } },
{ "type": "Feature", "properties": { "decimalLatitude": 37.8737, "decimalLongitude": 112.5269, "month": 1, "species_sci": "Spilopelia chinensis", "species_com": "Spotted Dove" }, "geometry": { "type": "Point", "coordinates": [ 112.5269, 37.8737 ] } },
{ "type": "Feature", "properties": { "decimalLatitude": 20.5607, "decimalLongitude": 84.7945, "month": 1, "species_sci": "Spilopelia chinensis", "species_com": "Spotted Dove" }, "geometry": { "type": "Point", "coordinates": [ 84.7945, 20.5607 ] } },
{ "type": "Feature", "properties": { "decimalLatitude": 10.8774, "decimalLongitude": 106.7963, "month": 1, "species_sci": "Spilopelia chinensis", "species_com": "Spotted Dove" }, "geometry": { "type": "Point", "coordinates": [ 106.7963, 10.8774 ] } },
{ "type": "Feature", "properties": { "decimalLatitude": 16.0533, "decimalLongitude": 108.2402, "month": 1, "species_sci": "Spilopelia chinensis", "species_com": "Spotted Dove" }, "geometry": { "type": "Point", "coordinates": [ 108.2402, 16.0533 ] } },
{ "type": "Feature", "properties": { "decimalLatitude": 13.7307, "decimalLongitude": 100.5675, "month": 1, "species_sci": "Spilopelia chinensis", "species_com": "Spotted Dove" }, "geometry": { "type": "Point", "coordinates": [ 100.5675, 13.7307 ] } },
{ "type": "Feature", "properties": { "decimalLatitude": -36.8624, "decimalLongitude": 174.7193, "month": 1, "species_sci": "Spilopelia chinensis", "species_com": "Spotted Dove" }, "geometry": { "type": "Point", "coordinates": [ 174.7193, -36.8624 ] } },
{ "type": "Feature", "properties": { "decimalLatitude": -32.8757, "decimalLongitude": 151.6946, "month": 1, "species_sci": "Spilopelia chinensis", "species_com": "Spotted Dove" }, "geometry": { "type": "Point", "coordinates": [ 151.6946, -32.8757 ] } },
{ "type": "Feature", "properties": { "decimalLatitude": 5.4307, "decimalLongitude": 100.3144, "month": 1, "species_sci": "Spilopelia chinensis", "species_com": "Spotted Dove" }, "geometry": { "type": "Point", "coordinates": [ 100.3144, 5.4307 ] } },
{ "type": "Feature", "properties": { "decimalLatitude": 25.0352, "decimalLongitude": 121.5484, "month": 1, "species_sci": "Spilopelia chinensis", "species_com": "Spotted Dove" }, "geometry": { "type": "Point", "coordinates": [ 121.5484, 25.0352 ] } },
{ "type": "Feature", "properties": { "decimalLatitude": 31.4755, "decimalLongitude": 120.3735, "month": 1, "species_sci": "Spilopelia chinensis", "species_com": "Spotted Dove" }, "geometry": { "type": "Point", "coordinates": [ 120.3735, 31.4755 ] } },
{ "type": "Feature", "properties": { "decimalLatitude": 24.9723, "decimalLongitude": 121.42, "month": 1, "species_sci": "Spilopelia chinensis", "species_com": "Spotted Dove" }, "geometry": { "type": "Point", "coordinates": [ 121.42, 24.9723 ] } },
{ "type": "Feature", "properties": { "decimalLatitude": 22.0487, "decimalLongitude": -159.3699, "month": 1, "species_sci": "Spilopelia chinensis", "species_com": "Spotted Dove" }, "geometry": { "type": "Point", "coordinates": [ -159.3699, 22.0487 ] } },
{ "type": "Feature", "properties": { "decimalLatitude": 9.0303, "decimalLongitude": 76.896, "month": 1, "species_sci": "Spilopelia chinensis", "species_com": "Spotted Dove" }, "geometry": { "type": "Point", "coordinates": [ 76.896, 9.0303 ] } },
{ "type": "Feature", "properties": { "decimalLatitude": 1.4019, "decimalLongitude": 103.8225, "month": 1, "species_sci": "Spilopelia chinensis", "species_com": "Spotted Dove" }, "geometry": { "type": "Point", "coordinates": [ 103.8225, 1.4019 ] } },
{ "type": "Feature", "properties": { "decimalLatitude": 19.9916, "decimalLongitude": -155.8251, "month": 1, "species_sci": "Spilopelia chinensis", "species_com": "Spotted Dove" }, "geometry": { "type": "Point", "coordinates": [ -155.8251, 19.9916 ] } },
{ "type": "Feature", "properties": { "decimalLatitude": 19.7341, "decimalLongitude": -155.028, "month": 1, "species_sci": "Spilopelia chinensis", "species_com": "Spotted Dove" }, "geometry": { "type": "Point", "coordinates": [ -155.028, 19.7341 ] } },
{ "type": "Feature", "properties": { "decimalLatitude": 37.8783, "decimalLongitude": 112.5246, "month": 1, "species_sci": "Spilopelia chinensis", "species_com": "Spotted Dove" }, "geometry": { "type": "Point", "coordinates": [ 112.5246, 37.8783 ] } },
{ "type": "Feature", "properties": { "decimalLatitude": -37.7967, "decimalLongitude": 144.9991, "month": 1, "species_sci": "Spilopelia chinensis", "species_com": "Spotted Dove" }, "geometry": { "type": "Point", "coordinates": [ 144.9991, -37.7967 ] } },
{ "type": "Feature", "properties": { "decimalLatitude": 30.9069, "decimalLongitude": 121.638, "month": 1, "species_sci": "Spilopelia chinensis", "species_com": "Spotted Dove" }, "geometry": { "type": "Point", "coordinates": [ 121.638, 30.9069 ] } },
{ "type": "Feature", "properties": { "decimalLatitude": -41.4403, "decimalLongitude": 147.1401, "month": 1, "species_sci": "Spilopelia chinensis", "species_com": "Spotted Dove" }, "geometry": { "type": "Point", "coordinates": [ 147.1401, -41.4403 ] } },
{ "type": "Feature", "properties": { "decimalLatitude": 39.9779, "decimalLongitude": 116.3066, "month": 1, "species_sci": "Spilopelia chinensis", "species_com": "Spotted Dove" }, "geometry": { "type": "Point", "coordinates": [ 116.3066, 39.9779 ] } },
{ "type": "Feature", "properties": { "decimalLatitude": 37.8763, "decimalLongitude": 112.5239, "month": 1, "species_sci": "Spilopelia chinensis", "species_com": "Spotted Dove" }, "geometry": { "type": "Point", "coordinates": [ 112.5239, 37.8763 ] } },
{ "type": "Feature", "properties": { "decimalLatitude": -38.0719, "decimalLongitude": 145.3344, "month": 1, "species_sci": "Spilopelia chinensis", "species_com": "Spotted Dove" }, "geometry": { "type": "Point", "coordinates": [ 145.3344, -38.0719 ] } },
{ "type": "Feature", "properties": { "decimalLatitude": -30.3291, "decimalLongitude": 149.7814, "month": 1, "species_sci": "Spilopelia chinensis", "species_com": "Spotted Dove" }, "geometry": { "type": "Point", "coordinates": [ 149.7814, -30.3291 ] } },
{ "type": "Feature", "properties": { "decimalLatitude": 30.7394, "decimalLongitude": 104.144, "month": 1, "species_sci": "Spilopelia chinensis", "species_com": "Spotted Dove" }, "geometry": { "type": "Point", "coordinates": [ 104.144, 30.7394 ] } },
{ "type": "Feature", "properties": { "decimalLatitude": 31.4734, "decimalLongitude": 120.3716, "month": 1, "species_sci": "Spilopelia chinensis", "species_com": "Spotted Dove" }, "geometry": { "type": "Point", "coordinates": [ 120.3716, 31.4734 ] } },
{ "type": "Feature", "properties": { "decimalLatitude": 30.7469, "decimalLongitude": 104.1311, "month": 1, "species_sci": "Spilopelia chinensis", "species_com": "Spotted Dove" }, "geometry": { "type": "Point", "coordinates": [ 104.1311, 30.7469 ] } },
{ "type": "Feature", "properties": { "decimalLatitude": 25.0191, "decimalLongitude": 121.4279, "month": 1, "species_sci": "Spilopelia chinensis", "species_com": "Spotted Dove" }, "geometry": { "type": "Point", "coordinates": [ 121.4279, 25.0191 ] } },
{ "type": "Feature", "properties": { "decimalLatitude": 0.1098, "decimalLongitude": 101.6613, "month": 1, "species_sci": "Spilopelia chinensis", "species_com": "Spotted Dove" }, "geometry": { "type": "Point", "coordinates": [ 101.6613, 0.1098 ] } },
{ "type": "Feature", "properties": { "decimalLatitude": 15.972, "decimalLongitude": 108.2574, "month": 1, "species_sci": "Spilopelia chinensis", "species_com": "Spotted Dove" }, "geometry": { "type": "Point", "coordinates": [ 108.2574, 15.972 ] } },
{ "type": "Feature", "properties": { "decimalLatitude": -37.864, "decimalLongitude": 145.0622, "month": 1, "species_sci": "Spilopelia chinensis", "species_com": "Spotted Dove" }, "geometry": { "type": "Point", "coordinates": [ 145.0622, -37.864 ] } },
{ "type": "Feature", "properties": { "decimalLatitude": 8.0181, "decimalLongitude": 98.8322, "month": 1, "species_sci": "Spilopelia chinensis", "species_com": "Spotted Dove" }, "geometry": { "type": "Point", "coordinates": [ 98.8322, 8.0181 ] } },
{ "type": "Feature", "properties": { "decimalLatitude": 21.3727, "decimalLongitude": 80.1117, "month": 1, "species_sci": "Spilopelia chinensis", "species_com": "Spotted Dove" }, "geometry": { "type": "Point", "coordinates": [ 80.1117, 21.3727 ] } },
{ "type": "Feature", "properties": { "decimalLatitude": 31.4758, "decimalLongitude": 120.3731, "month": 1, "species_sci": "Spilopelia chinensis", "species_com": "Spotted Dove" }, "geometry": { "type": "Point", "coordinates": [ 120.3731, 31.4758 ] } },
{ "type": "Feature", "properties": { "decimalLatitude": 25.0814, "decimalLongitude": 121.4612, "month": 1, "species_sci": "Spilopelia chinensis", "species_com": "Spotted Dove" }, "geometry": { "type": "Point", "coordinates": [ 121.4612, 25.0814 ] } },
{ "type": "Feature", "properties": { "decimalLatitude": 22.7253, "decimalLongitude": 108.2813, "month": 1, "species_sci": "Spilopelia chinensis", "species_com": "Spotted Dove" }, "geometry": { "type": "Point", "coordinates": [ 108.2813, 22.7253 ] } },
{ "type": "Feature", "properties": { "decimalLatitude": -36.9433, "decimalLongitude": 174.8937, "month": 1, "species_sci": "Spilopelia chinensis", "species_com": "Spotted Dove" }, "geometry": { "type": "Point", "coordinates": [ 174.8937, -36.9433 ] } },
{ "type": "Feature", "properties": { "decimalLatitude": 21.2856, "decimalLongitude": -157.8452, "month": 2, "species_sci": "Spilopelia chinensis", "species_com": "Spotted Dove" }, "geometry": { "type": "Point", "coordinates": [ -157.8452, 21.2856 ] } },
{ "type": "Feature", "properties": { "decimalLatitude": -35.3294, "decimalLongitude": 138.4515, "month": 2, "species_sci": "Spilopelia chinensis", "species_com": "Spotted Dove" }, "geometry": { "type": "Point", "coordinates": [ 138.4515, -35.3294 ] } },
{ "type": "Feature", "properties": { "decimalLatitude": 26.1505, "decimalLongitude": 119.2909, "month": 2, "species_sci": "Spilopelia chinensis", "species_com": "Spotted Dove" }, "geometry": { "type": "Point", "coordinates": [ 119.2909, 26.1505 ] } },
{ "type": "Feature", "properties": { "decimalLatitude": 26.1122, "decimalLongitude": 91.7242, "month": 2, "species_sci": "Spilopelia chinensis", "species_com": "Spotted Dove" }, "geometry": { "type": "Point", "coordinates": [ 91.7242, 26.1122 ] } },
{ "type": "Feature", "properties": { "decimalLatitude": -34.6541, "decimalLongitude": 138.7318, "month": 2, "species_sci": "Spilopelia chinensis", "species_com": "Spotted Dove" }, "geometry": { "type": "Point", "coordinates": [ 138.7318, -34.6541 ] } },
{ "type": "Feature", "properties": { "decimalLatitude": -20.9466, "decimalLongitude": 164.6854, "month": 2, "species_sci": "Spilopelia chinensis", "species_com": "Spotted Dove" }, "geometry": { "type": "Point", "coordinates": [ 164.6854, -20.9466 ] } },
{ "type": "Feature", "properties": { "decimalLatitude": -35.7116, "decimalLongitude": 174.3286, "month": 2, "species_sci": "Spilopelia chinensis", "species_com": "Spotted Dove" }, "geometry": { "type": "Point", "coordinates": [ 174.3286, -35.7116 ] } },
{ "type": "Feature", "properties": { "decimalLatitude": 22.4525, "decimalLongitude": 113.9985, "month": 2, "species_sci": "Spilopelia chinensis", "species_com": "Spotted Dove" }, "geometry": { "type": "Point", "coordinates": [ 113.9985, 22.4525 ] } },
{ "type": "Feature", "properties": { "decimalLatitude": 30.5988, "decimalLongitude": 121.1426, "month": 2, "species_sci": "Spilopelia chinensis", "species_com": "Spotted Dove" }, "geometry": { "type": "Point", "coordinates": [ 121.1426, 30.5988 ] } },
{ "type": "Feature", "properties": { "decimalLatitude": 4.3986, "decimalLongitude": 98.0583, "month": 2, "species_sci": "Spilopelia chinensis", "species_com": "Spotted Dove" }, "geometry": { "type": "Point", "coordinates": [ 98.0583, 4.3986 ] } },
{ "type": "Feature", "properties": { "decimalLatitude": 22.5581, "decimalLongitude": 114.1803, "month": 2, "species_sci": "Spilopelia chinensis", "species_com": "Spotted Dove" }, "geometry": { "type": "Point", "coordinates": [ 114.1803, 22.5581 ] } },
{ "type": "Feature", "properties": { "decimalLatitude": -38.3184, "decimalLongitude": 145.1953, "month": 2, "species_sci": "Spilopelia chinensis", "species_com": "Spotted Dove" }, "geometry": { "type": "Point", "coordinates": [ 145.1953, -38.3184 ] } },
{ "type": "Feature", "properties": { "decimalLatitude": 25.8402, "decimalLongitude": 114.6862, "month": 2, "species_sci": "Spilopelia chinensis", "species_com": "Spotted Dove" }, "geometry": { "type": "Point", "coordinates": [ 114.6862, 25.8402 ] } },
{ "type": "Feature", "properties": { "decimalLatitude": -28.0641, "decimalLongitude": 153.5497, "month": 2, "species_sci": "Spilopelia chinensis", "species_com": "Spotted Dove" }, "geometry": { "type": "Point", "coordinates": [ 153.5497, -28.0641 ] } },
{ "type": "Feature", "properties": { "decimalLatitude": -17.6029, "decimalLongitude": 177.4439, "month": 2, "species_sci": "Spilopelia chinensis", "species_com": "Spotted Dove" }, "geometry": { "type": "Point", "coordinates": [ 177.4439, -17.6029 ] } },
{ "type": "Feature", "properties": { "decimalLatitude": 22.882, "decimalLongitude": 121.2465, "month": 2, "species_sci": "Spilopelia chinensis", "species_com": "Spotted Dove" }, "geometry": { "type": "Point", "coordinates": [ 121.2465, 22.882 ] } },
{ "type": "Feature", "properties": { "decimalLatitude": 22.2774, "decimalLongitude": 114.156, "month": 2, "species_sci": "Spilopelia chinensis", "species_com": "Spotted Dove" }, "geometry": { "type": "Point", "coordinates": [ 114.156, 22.2774 ] } },
{ "type": "Feature", "properties": { "decimalLatitude": 24.9502, "decimalLongitude": 121.3848, "month": 2, "species_sci": "Spilopelia chinensis", "species_com": "Spotted Dove" }, "geometry": { "type": "Point", "coordinates": [ 121.3848, 24.9502 ] } },
{ "type": "Feature", "properties": { "decimalLatitude": 31.3972, "decimalLongitude": 121.4263, "month": 2, "species_sci": "Spilopelia chinensis", "species_com": "Spotted Dove" }, "geometry": { "type": "Point", "coordinates": [ 121.4263, 31.3972 ] } },
{ "type": "Feature", "properties": { "decimalLatitude": 1.3029, "decimalLongitude": 103.7777, "month": 2, "species_sci": "Spilopelia chinensis", "species_com": "Spotted Dove" }, "geometry": { "type": "Point", "coordinates": [ 103.7777, 1.3029 ] } },
{ "type": "Feature", "properties": { "decimalLatitude": 17.3967, "decimalLongitude": 78.3544, "month": 2, "species_sci": "Spilopelia chinensis", "species_com": "Spotted Dove" }, "geometry": { "type": "Point", "coordinates": [ 78.3544, 17.3967 ] } },
{ "type": "Feature", "properties": { "decimalLatitude": 14.4204, "decimalLongitude": 101.3857, "month": 2, "species_sci": "Spilopelia chinensis", "species_com": "Spotted Dove" }, "geometry": { "type": "Point", "coordinates": [ 101.3857, 14.4204 ] } },
{ "type": "Feature", "properties": { "decimalLatitude": 1.397, "decimalLongitude": 103.8997, "month": 2, "species_sci": "Spilopelia chinensis", "species_com": "Spotted Dove" }, "geometry": { "type": "Point", "coordinates": [ 103.8997, 1.397 ] } },
{ "type": "Feature", "properties": { "decimalLatitude": 23.0027, "decimalLongitude": 120.2122, "month": 2, "species_sci": "Spilopelia chinensis", "species_com": "Spotted Dove" }, "geometry": { "type": "Point", "coordinates": [ 120.2122, 23.0027 ] } },
{ "type": "Feature", "properties": { "decimalLatitude": 6.0446, "decimalLongitude": 80.2501, "month": 2, "species_sci": "Spilopelia chinensis", "species_com": "Spotted Dove" }, "geometry": { "type": "Point", "coordinates": [ 80.2501, 6.0446 ] } },
{ "type": "Feature", "properties": { "decimalLatitude": 1.3655, "decimalLongitude": 103.8356, "month": 2, "species_sci": "Spilopelia chinensis", "species_com": "Spotted Dove" }, "geometry": { "type": "Point", "coordinates": [ 103.8356, 1.3655 ] } },
{ "type": "Feature", "properties": { "decimalLatitude": 29.4055, "decimalLongitude": 79.0072, "month": 2, "species_sci": "Spilopelia chinensis", "species_com": "Spotted Dove" }, "geometry": { "type": "Point", "coordinates": [ 79.0072, 29.4055 ] } },
{ "type": "Feature", "properties": { "decimalLatitude": 31.6857, "decimalLongitude": 118.5251, "month": 2, "species_sci": "Spilopelia chinensis", "species_com": "Spotted Dove" }, "geometry": { "type": "Point", "coordinates": [ 118.5251, 31.6857 ] } },
{ "type": "Feature", "properties": { "decimalLatitude": 17.4156, "decimalLongitude": 78.54, "month": 2, "species_sci": "Spilopelia chinensis", "species_com": "Spotted Dove" }, "geometry": { "type": "Point", "coordinates": [ 78.54, 17.4156 ] } },
{ "type": "Feature", "properties": { "decimalLatitude": 12.2046, "decimalLongitude": 77.5503, "month": 2, "species_sci": "Spilopelia chinensis", "species_com": "Spotted Dove" }, "geometry": { "type": "Point", "coordinates": [ 77.5503, 12.2046 ] } },
{ "type": "Feature", "properties": { "decimalLatitude": 7.8575, "decimalLongitude": 80.6519, "month": 2, "species_sci": "Spilopelia chinensis", "species_com": "Spotted Dove" }, "geometry": { "type": "Point", "coordinates": [ 80.6519, 7.8575 ] } },
{ "type": "Feature", "properties": { "decimalLatitude": 14.4204, "decimalLongitude": 101.3857, "month": 2, "species_sci": "Spilopelia chinensis", "species_com": "Spotted Dove" }, "geometry": { "type": "Point", "coordinates": [ 101.3857, 14.4204 ] } },
{ "type": "Feature", "properties": { "decimalLatitude": 8.2455, "decimalLongitude": 80.151, "month": 2, "species_sci": "Spilopelia chinensis", "species_com": "Spotted Dove" }, "geometry": { "type": "Point", "coordinates": [ 80.151, 8.2455 ] } },
{ "type": "Feature", "properties": { "decimalLatitude": 22.3035, "decimalLongitude": 114.2535, "month": 2, "species_sci": "Spilopelia chinensis", "species_com": "Spotted Dove" }, "geometry": { "type": "Point", "coordinates": [ 114.2535, 22.3035 ] } },
{ "type": "Feature", "properties": { "decimalLatitude": 23.003, "decimalLongitude": 120.1365, "month": 2, "species_sci": "Spilopelia chinensis", "species_com": "Spotted Dove" }, "geometry": { "type": "Point", "coordinates": [ 120.1365, 23.003 ] } },
{ "type": "Feature", "properties": { "decimalLatitude": 31.5507, "decimalLongitude": 118.478, "month": 2, "species_sci": "Spilopelia chinensis", "species_com": "Spotted Dove" }, "geometry": { "type": "Point", "coordinates": [ 118.478, 31.5507 ] } },
{ "type": "Feature", "properties": { "decimalLatitude": 1.3381, "decimalLongitude": 103.7716, "month": 2, "species_sci": "Spilopelia chinensis", "species_com": "Spotted Dove" }, "geometry": { "type": "Point", "coordinates": [ 103.7716, 1.3381 ] } },
{ "type": "Feature", "properties": { "decimalLatitude": 18.2341, "decimalLongitude": 109.3732, "month": 2, "species_sci": "Spilopelia chinensis", "species_com": "Spotted Dove" }, "geometry": { "type": "Point", "coordinates": [ 109.3732, 18.2341 ] } },
{ "type": "Feature", "properties": { "decimalLatitude": 12.9502, "decimalLongitude": 77.7409, "month": 2, "species_sci": "Spilopelia chinensis", "species_com": "Spotted Dove" }, "geometry": { "type": "Point", "coordinates": [ 77.7409, 12.9502 ] } },
{ "type": "Feature", "properties": { "decimalLatitude": 31.4749, "decimalLongitude": 120.3732, "month": 2, "species_sci": "Spilopelia chinensis", "species_com": "Spotted Dove" }, "geometry": { "type": "Point", "coordinates": [ 120.3732, 31.4749 ] } },
{ "type": "Feature", "properties": { "decimalLatitude": 31.4752, "decimalLongitude": 120.3728, "month": 2, "species_sci": "Spilopelia chinensis", "species_com": "Spotted Dove" }, "geometry": { "type": "Point", "coordinates": [ 120.3728, 31.4752 ] } },
{ "type": "Feature", "properties": { "decimalLatitude": -38.1245, "decimalLongitude": 145.1259, "month": 2, "species_sci": "Spilopelia chinensis", "species_com": "Spotted Dove" }, "geometry": { "type": "Point", "coordinates": [ 145.1259, -38.1245 ] } },
{ "type": "Feature", "properties": { "decimalLatitude": 12.0066, "decimalLongitude": 79.8048, "month": 2, "species_sci": "Spilopelia chinensis", "species_com": "Spotted Dove" }, "geometry": { "type": "Point", "coordinates": [ 79.8048, 12.0066 ] } },
{ "type": "Feature", "properties": { "decimalLatitude": 20.0481, "decimalLongitude": 99.3811, "month": 2, "species_sci": "Spilopelia chinensis", "species_com": "Spotted Dove" }, "geometry": { "type": "Point", "coordinates": [ 99.3811, 20.0481 ] } },
{ "type": "Feature", "properties": { "decimalLatitude": 30.9199, "decimalLongitude": 121.6427, "month": 2, "species_sci": "Spilopelia chinensis", "species_com": "Spotted Dove" }, "geometry": { "type": "Point", "coordinates": [ 121.6427, 30.9199 ] } },
{ "type": "Feature", "properties": { "decimalLatitude": 22.3191, "decimalLongitude": 114.1694, "month": 2, "species_sci": "Spilopelia chinensis", "species_com": "Spotted Dove" }, "geometry": { "type": "Point", "coordinates": [ 114.1694, 22.3191 ] } },
{ "type": "Feature", "properties": { "decimalLatitude": -34.8825, "decimalLongitude": 138.6463, "month": 2, "species_sci": "Spilopelia chinensis", "species_com": "Spotted Dove" }, "geometry": { "type": "Point", "coordinates": [ 138.6463, -34.8825 ] } },
{ "type": "Feature", "properties": { "decimalLatitude": 38.8666, "decimalLongitude": 115.4629, "month": 2, "species_sci": "Spilopelia chinensis", "species_com": "Spotted Dove" }, "geometry": { "type": "Point", "coordinates": [ 115.4629, 38.8666 ] } },
{ "type": "Feature", "properties": { "decimalLatitude": 30.4635, "decimalLongitude": 120.6974, "month": 2, "species_sci": "Spilopelia chinensis", "species_com": "Spotted Dove" }, "geometry": { "type": "Point", "coordinates": [ 120.6974, 30.4635 ] } },
{ "type": "Feature", "properties": { "decimalLatitude": -32.6959, "decimalLongitude": 151.5423, "month": 2, "species_sci": "Spilopelia chinensis", "species_com": "Spotted Dove" }, "geometry": { "type": "Point", "coordinates": [ 151.5423, -32.6959 ] } },
{ "type": "Feature", "properties": { "decimalLatitude": -26.5408, "decimalLongitude": 151.846, "month": 2, "species_sci": "Spilopelia chinensis", "species_com": "Spotted Dove" }, "geometry": { "type": "Point", "coordinates": [ 151.846, -26.5408 ] } },
{ "type": "Feature", "properties": { "decimalLatitude": 12.2764, "decimalLongitude": 76.6057, "month": 2, "species_sci": "Spilopelia chinensis", "species_com": "Spotted Dove" }, "geometry": { "type": "Point", "coordinates": [ 76.6057, 12.2764 ] } },
{ "type": "Feature", "properties": { "decimalLatitude": 22.2899, "decimalLongitude": 113.9393, "month": 2, "species_sci": "Spilopelia chinensis", "species_com": "Spotted Dove" }, "geometry": { "type": "Point", "coordinates": [ 113.9393, 22.2899 ] } },
{ "type": "Feature", "properties": { "decimalLatitude": 1.3027, "decimalLongitude": 103.7625, "month": 2, "species_sci": "Spilopelia chinensis", "species_com": "Spotted Dove" }, "geometry": { "type": "Point", "coordinates": [ 103.7625, 1.3027 ] } },
{ "type": "Feature", "properties": { "decimalLatitude": -38.83, "decimalLongitude": 146.1243, "month": 2, "species_sci": "Spilopelia chinensis", "species_com": "Spotted Dove" }, "geometry": { "type": "Point", "coordinates": [ 146.1243, -38.83 ] } },
{ "type": "Feature", "properties": { "decimalLatitude": 22.2902, "decimalLongitude": 114.2116, "month": 2, "species_sci": "Spilopelia chinensis", "species_com": "Spotted Dove" }, "geometry": { "type": "Point", "coordinates": [ 114.2116, 22.2902 ] } },
{ "type": "Feature", "properties": { "decimalLatitude": 22.3096, "decimalLongitude": 114.253, "month": 2, "species_sci": "Spilopelia chinensis", "species_com": "Spotted Dove" }, "geometry": { "type": "Point", "coordinates": [ 114.253, 22.3096 ] } },
{ "type": "Feature", "properties": { "decimalLatitude": 27.3943, "decimalLongitude": 95.6061, "month": 2, "species_sci": "Spilopelia chinensis", "species_com": "Spotted Dove" }, "geometry": { "type": "Point", "coordinates": [ 95.6061, 27.3943 ] } },
{ "type": "Feature", "properties": { "decimalLatitude": 31.2438, "decimalLongitude": 121.5747, "month": 2, "species_sci": "Spilopelia chinensis", "species_com": "Spotted Dove" }, "geometry": { "type": "Point", "coordinates": [ 121.5747, 31.2438 ] } },
{ "type": "Feature", "properties": { "decimalLatitude": 28.1072, "decimalLongitude": 114.4689, "month": 2, "species_sci": "Spilopelia chinensis", "species_com": "Spotted Dove" }, "geometry": { "type": "Point", "coordinates": [ 114.4689, 28.1072 ] } },
{ "type": "Feature", "properties": { "decimalLatitude": -36.1201, "decimalLongitude": 146.8373, "month": 2, "species_sci": "Spilopelia chinensis", "species_com": "Spotted Dove" }, "geometry": { "type": "Point", "coordinates": [ 146.8373, -36.1201 ] } },
{ "type": "Feature", "properties": { "decimalLatitude": 13.7323, "decimalLongitude": 100.5395, "month": 2, "species_sci": "Spilopelia chinensis", "species_com": "Spotted Dove" }, "geometry": { "type": "Point", "coordinates": [ 100.5395, 13.7323 ] } },
{ "type": "Feature", "properties": { "decimalLatitude": -20.9466, "decimalLongitude": 164.6854, "month": 2, "species_sci": "Spilopelia chinensis", "species_com": "Spotted Dove" }, "geometry": { "type": "Point", "coordinates": [ 164.6854, -20.9466 ] } },
{ "type": "Feature", "properties": { "decimalLatitude": -6.8674, "decimalLongitude": 107.6194, "month": 2, "species_sci": "Spilopelia chinensis", "species_com": "Spotted Dove" }, "geometry": { "type": "Point", "coordinates": [ 107.6194, -6.8674 ] } },
{ "type": "Feature", "properties": { "decimalLatitude": 17.3965, "decimalLongitude": 78.3544, "month": 2, "species_sci": "Spilopelia chinensis", "species_com": "Spotted Dove" }, "geometry": { "type": "Point", "coordinates": [ 78.3544, 17.3965 ] } },
{ "type": "Feature", "properties": { "decimalLatitude": 31.4745, "decimalLongitude": 120.3738, "month": 2, "species_sci": "Spilopelia chinensis", "species_com": "Spotted Dove" }, "geometry": { "type": "Point", "coordinates": [ 120.3738, 31.4745 ] } },
{ "type": "Feature", "properties": { "decimalLatitude": -27.5857, "decimalLongitude": 151.9445, "month": 2, "species_sci": "Spilopelia chinensis", "species_com": "Spotted Dove" }, "geometry": { "type": "Point", "coordinates": [ 151.9445, -27.5857 ] } },
{ "type": "Feature", "properties": { "decimalLatitude": -27.2621, "decimalLongitude": 153.0382, "month": 2, "species_sci": "Spilopelia chinensis", "species_com": "Spotted Dove" }, "geometry": { "type": "Point", "coordinates": [ 153.0382, -27.2621 ] } },
{ "type": "Feature", "properties": { "decimalLatitude": 1.3431, "decimalLongitude": 103.8424, "month": 2, "species_sci": "Spilopelia chinensis", "species_com": "Spotted Dove" }, "geometry": { "type": "Point", "coordinates": [ 103.8424, 1.3431 ] } },
{ "type": "Feature", "properties": { "decimalLatitude": 6.8711, "decimalLongitude": 81.0456, "month": 2, "species_sci": "Spilopelia chinensis", "species_com": "Spotted Dove" }, "geometry": { "type": "Point", "coordinates": [ 81.0456, 6.8711 ] } },
{ "type": "Feature", "properties": { "decimalLatitude": 25.0141, "decimalLongitude": 121.4673, "month": 2, "species_sci": "Spilopelia chinensis", "species_com": "Spotted Dove" }, "geometry": { "type": "Point", "coordinates": [ 121.4673, 25.0141 ] } },
{ "type": "Feature", "properties": { "decimalLatitude": 37.8317, "decimalLongitude": 112.5331, "month": 2, "species_sci": "Spilopelia chinensis", "species_com": "Spotted Dove" }, "geometry": { "type": "Point", "coordinates": [ 112.5331, 37.8317 ] } },
{ "type": "Feature", "properties": { "decimalLatitude": -37.844, "decimalLongitude": 145.3165, "month": 2, "species_sci": "Spilopelia chinensis", "species_com": "Spotted Dove" }, "geometry": { "type": "Point", "coordinates": [ 145.3165, -37.844 ] } },
{ "type": "Feature", "properties": { "decimalLatitude": 10.0975, "decimalLongitude": 76.8058, "month": 2, "species_sci": "Spilopelia chinensis", "species_com": "Spotted Dove" }, "geometry": { "type": "Point", "coordinates": [ 76.8058, 10.0975 ] } },
{ "type": "Feature", "properties": { "decimalLatitude": 4.481, "decimalLongitude": 118.6059, "month": 2, "species_sci": "Spilopelia chinensis", "species_com": "Spotted Dove" }, "geometry": { "type": "Point", "coordinates": [ 118.6059, 4.481 ] } },
{ "type": "Feature", "properties": { "decimalLatitude": -35.3293, "decimalLongitude": 138.4521, "month": 2, "species_sci": "Spilopelia chinensis", "species_com": "Spotted Dove" }, "geometry": { "type": "Point", "coordinates": [ 138.4521, -35.3293 ] } },
{ "type": "Feature", "properties": { "decimalLatitude": 1.2912, "decimalLongitude": 103.8477, "month": 2, "species_sci": "Spilopelia chinensis", "species_com": "Spotted Dove" }, "geometry": { "type": "Point", "coordinates": [ 103.8477, 1.2912 ] } },
{ "type": "Feature", "properties": { "decimalLatitude": 1.3385, "decimalLongitude": 103.7304, "month": 2, "species_sci": "Spilopelia chinensis", "species_com": "Spotted Dove" }, "geometry": { "type": "Point", "coordinates": [ 103.7304, 1.3385 ] } },
{ "type": "Feature", "properties": { "decimalLatitude": 31.4744, "decimalLongitude": 120.3765, "month": 2, "species_sci": "Spilopelia chinensis", "species_com": "Spotted Dove" }, "geometry": { "type": "Point", "coordinates": [ 120.3765, 31.4744 ] } },
{ "type": "Feature", "properties": { "decimalLatitude": -37.8253, "decimalLongitude": 145.1643, "month": 2, "species_sci": "Spilopelia chinensis", "species_com": "Spotted Dove" }, "geometry": { "type": "Point", "coordinates": [ 145.1643, -37.8253 ] } },
{ "type": "Feature", "properties": { "decimalLatitude": 13.7309, "decimalLongitude": 100.5575, "month": 2, "species_sci": "Spilopelia chinensis", "species_com": "Spotted Dove" }, "geometry": { "type": "Point", "coordinates": [ 100.5575, 13.7309 ] } },
{ "type": "Feature", "properties": { "decimalLatitude": -6.2174, "decimalLongitude": 106.8015, "month": 2, "species_sci": "Spilopelia chinensis", "species_com": "Spotted Dove" }, "geometry": { "type": "Point", "coordinates": [ 106.8015, -6.2174 ] } },
{ "type": "Feature", "properties": { "decimalLatitude": 24.0865, "decimalLongitude": 120.5488, "month": 2, "species_sci": "Spilopelia chinensis", "species_com": "Spotted Dove" }, "geometry": { "type": "Point", "coordinates": [ 120.5488, 24.0865 ] } },
{ "type": "Feature", "properties": { "decimalLatitude": -38.1802, "decimalLongitude": 145.1367, "month": 2, "species_sci": "Spilopelia chinensis", "species_com": "Spotted Dove" }, "geometry": { "type": "Point", "coordinates": [ 145.1367, -38.1802 ] } },
{ "type": "Feature", "properties": { "decimalLatitude": 13.7068, "decimalLongitude": 75.2318, "month": 2, "species_sci": "Spilopelia chinensis", "species_com": "Spotted Dove" }, "geometry": { "type": "Point", "coordinates": [ 75.2318, 13.7068 ] } },
{ "type": "Feature", "properties": { "decimalLatitude": 32.5289, "decimalLongitude": 119.9784, "month": 2, "species_sci": "Spilopelia chinensis", "species_com": "Spotted Dove" }, "geometry": { "type": "Point", "coordinates": [ 119.9784, 32.5289 ] } },
{ "type": "Feature", "properties": { "decimalLatitude": 22.4407, "decimalLongitude": 114.0399, "month": 2, "species_sci": "Spilopelia chinensis", "species_com": "Spotted Dove" }, "geometry": { "type": "Point", "coordinates": [ 114.0399, 22.4407 ] } },
{ "type": "Feature", "properties": { "decimalLatitude": -6.5553, "decimalLongitude": 106.7229, "month": 2, "species_sci": "Spilopelia chinensis", "species_com": "Spotted Dove" }, "geometry": { "type": "Point", "coordinates": [ 106.7229, -6.5553 ] } },
{ "type": "Feature", "properties": { "decimalLatitude": -6.8921, "decimalLongitude": 107.6096, "month": 2, "species_sci": "Spilopelia chinensis", "species_com": "Spotted Dove" }, "geometry": { "type": "Point", "coordinates": [ 107.6096, -6.8921 ] } },
{ "type": "Feature", "properties": { "decimalLatitude": 23.6776, "decimalLongitude": 87.6852, "month": 2, "species_sci": "Spilopelia chinensis", "species_com": "Spotted Dove" }, "geometry": { "type": "Point", "coordinates": [ 87.6852, 23.6776 ] } },
{ "type": "Feature", "properties": { "decimalLatitude": 18.7927, "decimalLongitude": 98.9925, "month": 2, "species_sci": "Spilopelia chinensis", "species_com": "Spotted Dove" }, "geometry": { "type": "Point", "coordinates": [ 98.9925, 18.7927 ] } },
{ "type": "Feature", "properties": { "decimalLatitude": -38.3133, "decimalLongitude": 144.6934, "month": 2, "species_sci": "Spilopelia chinensis", "species_com": "Spotted Dove" }, "geometry": { "type": "Point", "coordinates": [ 144.6934, -38.3133 ] } },
{ "type": "Feature", "properties": { "decimalLatitude": 29.2742, "decimalLongitude": 117.2577, "month": 2, "species_sci": "Spilopelia chinensis", "species_com": "Spotted Dove" }, "geometry": { "type": "Point", "coordinates": [ 117.2577, 29.2742 ] } },
{ "type": "Feature", "properties": { "decimalLatitude": 25.5558, "decimalLongitude": 114.033, "month": 2, "species_sci": "Spilopelia chinensis", "species_com": "Spotted Dove" }, "geometry": { "type": "Point", "coordinates": [ 114.033, 25.5558 ] } },
{ "type": "Feature", "properties": { "decimalLatitude": -33.9281, "decimalLongitude": 151.1385, "month": 2, "species_sci": "Spilopelia chinensis", "species_com": "Spotted Dove" }, "geometry": { "type": "Point", "coordinates": [ 151.1385, -33.9281 ] } },
{ "type": "Feature", "properties": { "decimalLatitude": -38.4073, "decimalLongitude": 144.186, "month": 2, "species_sci": "Spilopelia chinensis", "species_com": "Spotted Dove" }, "geometry": { "type": "Point", "coordinates": [ 144.186, -38.4073 ] } },
{ "type": "Feature", "properties": { "decimalLatitude": 1.223, "decimalLongitude": 103.8542, "month": 2, "species_sci": "Spilopelia chinensis", "species_com": "Spotted Dove" }, "geometry": { "type": "Point", "coordinates": [ 103.8542, 1.223 ] } },
{ "type": "Feature", "properties": { "decimalLatitude": 13.7337, "decimalLongitude": 100.5284, "month": 2, "species_sci": "Spilopelia chinensis", "species_com": "Spotted Dove" }, "geometry": { "type": "Point", "coordinates": [ 100.5284, 13.7337 ] } },
{ "type": "Feature", "properties": { "decimalLatitude": 15.7089, "decimalLongitude": 100.2839, "month": 2, "species_sci": "Spilopelia chinensis", "species_com": "Spotted Dove" }, "geometry": { "type": "Point", "coordinates": [ 100.2839, 15.7089 ] } },
{ "type": "Feature", "properties": { "decimalLatitude": 5.9694, "decimalLongitude": 116.0712, "month": 2, "species_sci": "Spilopelia chinensis", "species_com": "Spotted Dove" }, "geometry": { "type": "Point", "coordinates": [ 116.0712, 5.9694 ] } },
{ "type": "Feature", "properties": { "decimalLatitude": 13.6963, "decimalLongitude": 100.5645, "month": 2, "species_sci": "Spilopelia chinensis", "species_com": "Spotted Dove" }, "geometry": { "type": "Point", "coordinates": [ 100.5645, 13.6963 ] } },
{ "type": "Feature", "properties": { "decimalLatitude": 12.254, "decimalLongitude": 77.6063, "month": 2, "species_sci": "Spilopelia chinensis", "species_com": "Spotted Dove" }, "geometry": { "type": "Point", "coordinates": [ 77.6063, 12.254 ] } },
{ "type": "Feature", "properties": { "decimalLatitude": -37.8642, "decimalLongitude": 145.0617, "month": 2, "species_sci": "Spilopelia chinensis", "species_com": "Spotted Dove" }, "geometry": { "type": "Point", "coordinates": [ 145.0617, -37.8642 ] } },
{ "type": "Feature", "properties": { "decimalLatitude": -37.8264, "decimalLongitude": 145.163, "month": 2, "species_sci": "Spilopelia chinensis", "species_com": "Spotted Dove" }, "geometry": { "type": "Point", "coordinates": [ 145.163, -37.8264 ] } },
{ "type": "Feature", "properties": { "decimalLatitude": 31.2862, "decimalLongitude": 121.5795, "month": 2, "species_sci": "Spilopelia chinensis", "species_com": "Spotted Dove" }, "geometry": { "type": "Point", "coordinates": [ 121.5795, 31.2862 ] } },
{ "type": "Feature", "properties": { "decimalLatitude": -8.6688, "decimalLongitude": 115.5708, "month": 2, "species_sci": "Spilopelia chinensis", "species_com": "Spotted Dove" }, "geometry": { "type": "Point", "coordinates": [ 115.5708, -8.6688 ] } },
{ "type": "Feature", "properties": { "decimalLatitude": 22.6798, "decimalLongitude": 120.3009, "month": 2, "species_sci": "Spilopelia chinensis", "species_com": "Spotted Dove" }, "geometry": { "type": "Point", "coordinates": [ 120.3009, 22.6798 ] } },
{ "type": "Feature", "properties": { "decimalLatitude": 14.5529, "decimalLongitude": 121.1257, "month": 2, "species_sci": "Spilopelia chinensis", "species_com": "Spotted Dove" }, "geometry": { "type": "Point", "coordinates": [ 121.1257, 14.5529 ] } },
{ "type": "Feature", "properties": { "decimalLatitude": 7.9668, "decimalLongitude": 80.7681, "month": 2, "species_sci": "Spilopelia chinensis", "species_com": "Spotted Dove" }, "geometry": { "type": "Point", "coordinates": [ 80.7681, 7.9668 ] } },
{ "type": "Feature", "properties": { "decimalLatitude": 31.4651, "decimalLongitude": 120.3579, "month": 2, "species_sci": "Spilopelia chinensis", "species_com": "Spotted Dove" }, "geometry": { "type": "Point", "coordinates": [ 120.3579, 31.4651 ] } },
{ "type": "Feature", "properties": { "decimalLatitude": -37.9692, "decimalLongitude": 145.1925, "month": 2, "species_sci": "Spilopelia chinensis", "species_com": "Spotted Dove" }, "geometry": { "type": "Point", "coordinates": [ 145.1925, -37.9692 ] } },
{ "type": "Feature", "properties": { "decimalLatitude": 35.9634, "decimalLongitude": 119.4219, "month": 2, "species_sci": "Spilopelia chinensis", "species_com": "Spotted Dove" }, "geometry": { "type": "Point", "coordinates": [ 119.4219, 35.9634 ] } },
{ "type": "Feature", "properties": { "decimalLatitude": 31.2157, "decimalLongitude": 121.5418, "month": 2, "species_sci": "Spilopelia chinensis", "species_com": "Spotted Dove" }, "geometry": { "type": "Point", "coordinates": [ 121.5418, 31.2157 ] } },
{ "type": "Feature", "properties": { "decimalLatitude": 31.3674, "decimalLongitude": 120.5713, "month": 2, "species_sci": "Spilopelia chinensis", "species_com": "Spotted Dove" }, "geometry": { "type": "Point", "coordinates": [ 120.5713, 31.3674 ] } },
{ "type": "Feature", "properties": { "decimalLatitude": 24.1502, "decimalLongitude": 120.6873, "month": 2, "species_sci": "Spilopelia chinensis", "species_com": "Spotted Dove" }, "geometry": { "type": "Point", "coordinates": [ 120.6873, 24.1502 ] } },
{ "type": "Feature", "properties": { "decimalLatitude": 23.8022, "decimalLongitude": 120.4494, "month": 2, "species_sci": "Spilopelia chinensis", "species_com": "Spotted Dove" }, "geometry": { "type": "Point", "coordinates": [ 120.4494, 23.8022 ] } },
{ "type": "Feature", "properties": { "decimalLatitude": 37.8765, "decimalLongitude": 112.522, "month": 2, "species_sci": "Spilopelia chinensis", "species_com": "Spotted Dove" }, "geometry": { "type": "Point", "coordinates": [ 112.522, 37.8765 ] } },
{ "type": "Feature", "properties": { "decimalLatitude": 21.3327, "decimalLongitude": -157.9241, "month": 2, "species_sci": "Spilopelia chinensis", "species_com": "Spotted Dove" }, "geometry": { "type": "Point", "coordinates": [ -157.9241, 21.3327 ] } },
{ "type": "Feature", "properties": { "decimalLatitude": 22.6597, "decimalLongitude": 120.2841, "month": 2, "species_sci": "Spilopelia chinensis", "species_com": "Spotted Dove" }, "geometry": { "type": "Point", "coordinates": [ 120.2841, 22.6597 ] } },
{ "type": "Feature", "properties": { "decimalLatitude": 10.0848, "decimalLongitude": 99.8265, "month": 2, "species_sci": "Spilopelia chinensis", "species_com": "Spotted Dove" }, "geometry": { "type": "Point", "coordinates": [ 99.8265, 10.0848 ] } },
{ "type": "Feature", "properties": { "decimalLatitude": 24.1756, "decimalLongitude": 120.6807, "month": 2, "species_sci": "Spilopelia chinensis", "species_com": "Spotted Dove" }, "geometry": { "type": "Point", "coordinates": [ 120.6807, 24.1756 ] } },
{ "type": "Feature", "properties": { "decimalLatitude": 5.9435, "decimalLongitude": 116.0467, "month": 2, "species_sci": "Spilopelia chinensis", "species_com": "Spotted Dove" }, "geometry": { "type": "Point", "coordinates": [ 116.0467, 5.9435 ] } },
{ "type": "Feature", "properties": { "decimalLatitude": 25.0329, "decimalLongitude": 121.5096, "month": 2, "species_sci": "Spilopelia chinensis", "species_com": "Spotted Dove" }, "geometry": { "type": "Point", "coordinates": [ 121.5096, 25.0329 ] } },
{ "type": "Feature", "properties": { "decimalLatitude": 24.9505, "decimalLongitude": 121.3836, "month": 2, "species_sci": "Spilopelia chinensis", "species_com": "Spotted Dove" }, "geometry": { "type": "Point", "coordinates": [ 121.3836, 24.9505 ] } },
{ "type": "Feature", "properties": { "decimalLatitude": 31.4753, "decimalLongitude": 120.3726, "month": 2, "species_sci": "Spilopelia chinensis", "species_com": "Spotted Dove" }, "geometry": { "type": "Point", "coordinates": [ 120.3726, 31.4753 ] } },
{ "type": "Feature", "properties": { "decimalLatitude": 31.4751, "decimalLongitude": 120.3729, "month": 2, "species_sci": "Spilopelia chinensis", "species_com": "Spotted Dove" }, "geometry": { "type": "Point", "coordinates": [ 120.3729, 31.4751 ] } },
{ "type": "Feature", "properties": { "decimalLatitude": 6.9593, "decimalLongitude": 80.7986, "month": 2, "species_sci": "Spilopelia chinensis", "species_com": "Spotted Dove" }, "geometry": { "type": "Point", "coordinates": [ 80.7986, 6.9593 ] } },
{ "type": "Feature", "properties": { "decimalLatitude": 1.2934, "decimalLongitude": 103.7743, "month": 2, "species_sci": "Spilopelia chinensis", "species_com": "Spotted Dove" }, "geometry": { "type": "Point", "coordinates": [ 103.7743, 1.2934 ] } },
{ "type": "Feature", "properties": { "decimalLatitude": 22.1958, "decimalLongitude": 113.5497, "month": 2, "species_sci": "Spilopelia chinensis", "species_com": "Spotted Dove" }, "geometry": { "type": "Point", "coordinates": [ 113.5497, 22.1958 ] } },
{ "type": "Feature", "properties": { "decimalLatitude": 13.8087, "decimalLongitude": 100.5554, "month": 2, "species_sci": "Spilopelia chinensis", "species_com": "Spotted Dove" }, "geometry": { "type": "Point", "coordinates": [ 100.5554, 13.8087 ] } },
{ "type": "Feature", "properties": { "decimalLatitude": 16.9732, "decimalLongitude": 82.2373, "month": 2, "species_sci": "Spilopelia chinensis", "species_com": "Spotted Dove" }, "geometry": { "type": "Point", "coordinates": [ 82.2373, 16.9732 ] } },
{ "type": "Feature", "properties": { "decimalLatitude": 1.3134, "decimalLongitude": 103.8148, "month": 2, "species_sci": "Spilopelia chinensis", "species_com": "Spotted Dove" }, "geometry": { "type": "Point", "coordinates": [ 103.8148, 1.3134 ] } },
{ "type": "Feature", "properties": { "decimalLatitude": 21.8743, "decimalLongitude": -159.4494, "month": 2, "species_sci": "Spilopelia chinensis", "species_com": "Spotted Dove" }, "geometry": { "type": "Point", "coordinates": [ -159.4494, 21.8743 ] } },
{ "type": "Feature", "properties": { "decimalLatitude": -16.7867, "decimalLongitude": 145.6894, "month": 2, "species_sci": "Spilopelia chinensis", "species_com": "Spotted Dove" }, "geometry": { "type": "Point", "coordinates": [ 145.6894, -16.7867 ] } },
{ "type": "Feature", "properties": { "decimalLatitude": 24.6201, "decimalLongitude": 121.8029, "month": 2, "species_sci": "Spilopelia chinensis", "species_com": "Spotted Dove" }, "geometry": { "type": "Point", "coordinates": [ 121.8029, 24.6201 ] } },
{ "type": "Feature", "properties": { "decimalLatitude": 6.2874, "decimalLongitude": 81.2773, "month": 2, "species_sci": "Spilopelia chinensis", "species_com": "Spotted Dove" }, "geometry": { "type": "Point", "coordinates": [ 81.2773, 6.2874 ] } },
{ "type": "Feature", "properties": { "decimalLatitude": 23.6153, "decimalLongitude": 120.2498, "month": 2, "species_sci": "Spilopelia chinensis", "species_com": "Spotted Dove" }, "geometry": { "type": "Point", "coordinates": [ 120.2498, 23.6153 ] } },
{ "type": "Feature", "properties": { "decimalLatitude": 15.8247, "decimalLongitude": 108.2847, "month": 2, "species_sci": "Spilopelia chinensis", "species_com": "Spotted Dove" }, "geometry": { "type": "Point", "coordinates": [ 108.2847, 15.8247 ] } },
{ "type": "Feature", "properties": { "decimalLatitude": 7.8456, "decimalLongitude": 98.2967, "month": 2, "species_sci": "Spilopelia chinensis", "species_com": "Spotted Dove" }, "geometry": { "type": "Point", "coordinates": [ 98.2967, 7.8456 ] } },
{ "type": "Feature", "properties": { "decimalLatitude": 31.3037, "decimalLongitude": 120.3999, "month": 2, "species_sci": "Spilopelia chinensis", "species_com": "Spotted Dove" }, "geometry": { "type": "Point", "coordinates": [ 120.3999, 31.3037 ] } },
{ "type": "Feature", "properties": { "decimalLatitude": -31.9267, "decimalLongitude": 115.814, "month": 2, "species_sci": "Spilopelia chinensis", "species_com": "Spotted Dove" }, "geometry": { "type": "Point", "coordinates": [ 115.814, -31.9267 ] } },
{ "type": "Feature", "properties": { "decimalLatitude": -28.3779, "decimalLongitude": 153.3911, "month": 2, "species_sci": "Spilopelia chinensis", "species_com": "Spotted Dove" }, "geometry": { "type": "Point", "coordinates": [ 153.3911, -28.3779 ] } },
{ "type": "Feature", "properties": { "decimalLatitude": 30.5593, "decimalLongitude": 104.2777, "month": 2, "species_sci": "Spilopelia chinensis", "species_com": "Spotted Dove" }, "geometry": { "type": "Point", "coordinates": [ 104.2777, 30.5593 ] } },
{ "type": "Feature", "properties": { "decimalLatitude": 27.3937, "decimalLongitude": 95.606, "month": 2, "species_sci": "Spilopelia chinensis", "species_com": "Spotted Dove" }, "geometry": { "type": "Point", "coordinates": [ 95.606, 27.3937 ] } },
{ "type": "Feature", "properties": { "decimalLatitude": 24.2396, "decimalLongitude": 120.6943, "month": 2, "species_sci": "Spilopelia chinensis", "species_com": "Spotted Dove" }, "geometry": { "type": "Point", "coordinates": [ 120.6943, 24.2396 ] } },
{ "type": "Feature", "properties": { "decimalLatitude": 7.9511, "decimalLongitude": 80.7643, "month": 2, "species_sci": "Spilopelia chinensis", "species_com": "Spotted Dove" }, "geometry": { "type": "Point", "coordinates": [ 80.7643, 7.9511 ] } },
{ "type": "Feature", "properties": { "decimalLatitude": 29.2192, "decimalLongitude": 116.0868, "month": 2, "species_sci": "Spilopelia chinensis", "species_com": "Spotted Dove" }, "geometry": { "type": "Point", "coordinates": [ 116.0868, 29.2192 ] } },
{ "type": "Feature", "properties": { "decimalLatitude": -8.4963, "decimalLongitude": 115.2619, "month": 2, "species_sci": "Spilopelia chinensis", "species_com": "Spotted Dove" }, "geometry": { "type": "Point", "coordinates": [ 115.2619, -8.4963 ] } },
{ "type": "Feature", "properties": { "decimalLatitude": 1.3194, "decimalLongitude": 103.7504, "month": 2, "species_sci": "Spilopelia chinensis", "species_com": "Spotted Dove" }, "geometry": { "type": "Point", "coordinates": [ 103.7504, 1.3194 ] } },
{ "type": "Feature", "properties": { "decimalLatitude": 30.7897, "decimalLongitude": 114.255, "month": 2, "species_sci": "Spilopelia chinensis", "species_com": "Spotted Dove" }, "geometry": { "type": "Point", "coordinates": [ 114.255, 30.7897 ] } },
{ "type": "Feature", "properties": { "decimalLatitude": -34.4817, "decimalLongitude": 150.9136, "month": 3, "species_sci": "Spilopelia chinensis", "species_com": "Spotted Dove" }, "geometry": { "type": "Point", "coordinates": [ 150.9136, -34.4817 ] } },
{ "type": "Feature", "properties": { "decimalLatitude": 31.3176, "decimalLongitude": 121.5582, "month": 3, "species_sci": "Spilopelia chinensis", "species_com": "Spotted Dove" }, "geometry": { "type": "Point", "coordinates": [ 121.5582, 31.3176 ] } },
{ "type": "Feature", "properties": { "decimalLatitude": 1.2794, "decimalLongitude": 103.8706, "month": 3, "species_sci": "Spilopelia chinensis", "species_com": "Spotted Dove" }, "geometry": { "type": "Point", "coordinates": [ 103.8706, 1.2794 ] } },
{ "type": "Feature", "properties": { "decimalLatitude": 22.2038, "decimalLongitude": 113.5487, "month": 3, "species_sci": "Spilopelia chinensis", "species_com": "Spotted Dove" }, "geometry": { "type": "Point", "coordinates": [ 113.5487, 22.2038 ] } },
{ "type": "Feature", "properties": { "decimalLatitude": 13.7894, "decimalLongitude": 100.5414, "month": 3, "species_sci": "Spilopelia chinensis", "species_com": "Spotted Dove" }, "geometry": { "type": "Point", "coordinates": [ 100.5414, 13.7894 ] } },
{ "type": "Feature", "properties": { "decimalLatitude": -38.1301, "decimalLongitude": 144.3567, "month": 3, "species_sci": "Spilopelia chinensis", "species_com": "Spotted Dove" }, "geometry": { "type": "Point", "coordinates": [ 144.3567, -38.1301 ] } },
{ "type": "Feature", "properties": { "decimalLatitude": 11.78, "decimalLongitude": 76.0044, "month": 3, "species_sci": "Spilopelia chinensis", "species_com": "Spotted Dove" }, "geometry": { "type": "Point", "coordinates": [ 76.0044, 11.78 ] } },
{ "type": "Feature", "properties": { "decimalLatitude": -6.2201, "decimalLongitude": 106.837, "month": 3, "species_sci": "Spilopelia chinensis", "species_com": "Spotted Dove" }, "geometry": { "type": "Point", "coordinates": [ 106.837, -6.2201 ] } },
{ "type": "Feature", "properties": { "decimalLatitude": -37.6814, "decimalLongitude": 145.0755, "month": 3, "species_sci": "Spilopelia chinensis", "species_com": "Spotted Dove" }, "geometry": { "type": "Point", "coordinates": [ 145.0755, -37.6814 ] } },
{ "type": "Feature", "properties": { "decimalLatitude": -35.2884, "decimalLongitude": 138.4467, "month": 3, "species_sci": "Spilopelia chinensis", "species_com": "Spotted Dove" }, "geometry": { "type": "Point", "coordinates": [ 138.4467, -35.2884 ] } },
{ "type": "Feature", "properties": { "decimalLatitude": 8.5502, "decimalLongitude": 77.9725, "month": 3, "species_sci": "Spilopelia chinensis", "species_com": "Spotted Dove" }, "geometry": { "type": "Point", "coordinates": [ 77.9725, 8.5502 ] } },
{ "type": "Feature", "properties": { "decimalLatitude": -32.6962, "decimalLongitude": 151.5429, "month": 3, "species_sci": "Spilopelia chinensis", "species_com": "Spotted Dove" }, "geometry": { "type": "Point", "coordinates": [ 151.5429, -32.6962 ] } },
{ "type": "Feature", "properties": { "decimalLatitude": 1.3129, "decimalLongitude": 103.8142, "month": 3, "species_sci": "Spilopelia chinensis", "species_com": "Spotted Dove" }, "geometry": { "type": "Point", "coordinates": [ 103.8142, 1.3129 ] } },
{ "type": "Feature", "properties": { "decimalLatitude": 5.4377, "decimalLongitude": 100.2907, "month": 3, "species_sci": "Spilopelia chinensis", "species_com": "Spotted Dove" }, "geometry": { "type": "Point", "coordinates": [ 100.2907, 5.4377 ] } },
{ "type": "Feature", "properties": { "decimalLatitude": -37.8271, "decimalLongitude": 145.1621, "month": 3, "species_sci": "Spilopelia chinensis", "species_com": "Spotted Dove" }, "geometry": { "type": "Point", "coordinates": [ 145.1621, -37.8271 ] } },
{ "type": "Feature", "properties": { "decimalLatitude": -37.7929, "decimalLongitude": 144.8697, "month": 3, "species_sci": "Spilopelia chinensis", "species_com": "Spotted Dove" }, "geometry": { "type": "Point", "coordinates": [ 144.8697, -37.7929 ] } },
{ "type": "Feature", "properties": { "decimalLatitude": -37.8276, "decimalLongitude": 145.1599, "month": 3, "species_sci": "Spilopelia chinensis", "species_com": "Spotted Dove" }, "geometry": { "type": "Point", "coordinates": [ 145.1599, -37.8276 ] } },
{ "type": "Feature", "properties": { "decimalLatitude": 6.0269, "decimalLongitude": 80.2144, "month": 3, "species_sci": "Spilopelia chinensis", "species_com": "Spotted Dove" }, "geometry": { "type": "Point", "coordinates": [ 80.2144, 6.0269 ] } },
{ "type": "Feature", "properties": { "decimalLatitude": 26.5939, "decimalLongitude": 93.4493, "month": 3, "species_sci": "Spilopelia chinensis", "species_com": "Spotted Dove" }, "geometry": { "type": "Point", "coordinates": [ 93.4493, 26.5939 ] } },
{ "type": "Feature", "properties": { "decimalLatitude": 51.0934, "decimalLongitude": 3.6624, "month": 3, "species_sci": "Spilopelia chinensis", "species_com": "Spotted Dove" }, "geometry": { "type": "Point", "coordinates": [ 3.6624, 51.0934 ] } },
{ "type": "Feature", "properties": { "decimalLatitude": 24.682, "decimalLongitude": 121.7615, "month": 3, "species_sci": "Spilopelia chinensis", "species_com": "Spotted Dove" }, "geometry": { "type": "Point", "coordinates": [ 121.7615, 24.682 ] } },
{ "type": "Feature", "properties": { "decimalLatitude": -16.9011, "decimalLongitude": 145.716, "month": 3, "species_sci": "Spilopelia chinensis", "species_com": "Spotted Dove" }, "geometry": { "type": "Point", "coordinates": [ 145.716, -16.9011 ] } },
{ "type": "Feature", "properties": { "decimalLatitude": 25.0349, "decimalLongitude": 121.502, "month": 3, "species_sci": "Spilopelia chinensis", "species_com": "Spotted Dove" }, "geometry": { "type": "Point", "coordinates": [ 121.502, 25.0349 ] } },
{ "type": "Feature", "properties": { "decimalLatitude": 17.399, "decimalLongitude": 78.3535, "month": 3, "species_sci": "Spilopelia chinensis", "species_com": "Spotted Dove" }, "geometry": { "type": "Point", "coordinates": [ 78.3535, 17.399 ] } },
{ "type": "Feature", "properties": { "decimalLatitude": -31.8286, "decimalLongitude": 115.8637, "month": 3, "species_sci": "Spilopelia chinensis", "species_com": "Spotted Dove" }, "geometry": { "type": "Point", "coordinates": [ 115.8637, -31.8286 ] } },
{ "type": "Feature", "properties": { "decimalLatitude": -37.8265, "decimalLongitude": 145.1629, "month": 3, "species_sci": "Spilopelia chinensis", "species_com": "Spotted Dove" }, "geometry": { "type": "Point", "coordinates": [ 145.1629, -37.8265 ] } },
{ "type": "Feature", "properties": { "decimalLatitude": 30.9068, "decimalLongitude": 121.637, "month": 3, "species_sci": "Spilopelia chinensis", "species_com": "Spotted Dove" }, "geometry": { "type": "Point", "coordinates": [ 121.637, 30.9068 ] } },
{ "type": "Feature", "properties": { "decimalLatitude": 21.5009, "decimalLongitude": 70.4536, "month": 3, "species_sci": "Spilopelia chinensis", "species_com": "Spotted Dove" }, "geometry": { "type": "Point", "coordinates": [ 70.4536, 21.5009 ] } },
{ "type": "Feature", "properties": { "decimalLatitude": 13.7522, "decimalLongitude": 100.4701, "month": 3, "species_sci": "Spilopelia chinensis", "species_com": "Spotted Dove" }, "geometry": { "type": "Point", "coordinates": [ 100.4701, 13.7522 ] } },
{ "type": "Feature", "properties": { "decimalLatitude": -27.636, "decimalLongitude": 153.0344, "month": 3, "species_sci": "Spilopelia chinensis", "species_com": "Spotted Dove" }, "geometry": { "type": "Point", "coordinates": [ 153.0344, -27.636 ] } },
{ "type": "Feature", "properties": { "decimalLatitude": -37.7035, "decimalLongitude": 145.0141, "month": 3, "species_sci": "Spilopelia chinensis", "species_com": "Spotted Dove" }, "geometry": { "type": "Point", "coordinates": [ 145.0141, -37.7035 ] } },
{ "type": "Feature", "properties": { "decimalLatitude": -30.4568, "decimalLongitude": 152.9049, "month": 3, "species_sci": "Spilopelia chinensis", "species_com": "Spotted Dove" }, "geometry": { "type": "Point", "coordinates": [ 152.9049, -30.4568 ] } },
{ "type": "Feature", "properties": { "decimalLatitude": 31.318, "decimalLongitude": 121.4685, "month": 3, "species_sci": "Spilopelia chinensis", "species_com": "Spotted Dove" }, "geometry": { "type": "Point", "coordinates": [ 121.4685, 31.318 ] } },
{ "type": "Feature", "properties": { "decimalLatitude": 24.1208, "decimalLongitude": 120.6738, "month": 3, "species_sci": "Spilopelia chinensis", "species_com": "Spotted Dove" }, "geometry": { "type": "Point", "coordinates": [ 120.6738, 24.1208 ] } },
{ "type": "Feature", "properties": { "decimalLatitude": -35.2862, "decimalLongitude": 138.4476, "month": 3, "species_sci": "Spilopelia chinensis", "species_com": "Spotted Dove" }, "geometry": { "type": "Point", "coordinates": [ 138.4476, -35.2862 ] } },
{ "type": "Feature", "properties": { "decimalLatitude": -31.6529, "decimalLongitude": 152.7992, "month": 3, "species_sci": "Spilopelia chinensis", "species_com": "Spotted Dove" }, "geometry": { "type": "Point", "coordinates": [ 152.7992, -31.6529 ] } },
{ "type": "Feature", "properties": { "decimalLatitude": 13.7283, "decimalLongitude": 100.5544, "month": 3, "species_sci": "Spilopelia chinensis", "species_com": "Spotted Dove" }, "geometry": { "type": "Point", "coordinates": [ 100.5544, 13.7283 ] } },
{ "type": "Feature", "properties": { "decimalLatitude": 1.4441, "decimalLongitude": 103.7248, "month": 3, "species_sci": "Spilopelia chinensis", "species_com": "Spotted Dove" }, "geometry": { "type": "Point", "coordinates": [ 103.7248, 1.4441 ] } },
{ "type": "Feature", "properties": { "decimalLatitude": -20.9467, "decimalLongitude": 164.6854, "month": 3, "species_sci": "Spilopelia chinensis", "species_com": "Spotted Dove" }, "geometry": { "type": "Point", "coordinates": [ 164.6854, -20.9467 ] } },
{ "type": "Feature", "properties": { "decimalLatitude": 13.7335, "decimalLongitude": 100.5616, "month": 3, "species_sci": "Spilopelia chinensis", "species_com": "Spotted Dove" }, "geometry": { "type": "Point", "coordinates": [ 100.5616, 13.7335 ] } },
{ "type": "Feature", "properties": { "decimalLatitude": -27.6354, "decimalLongitude": 153.2454, "month": 3, "species_sci": "Spilopelia chinensis", "species_com": "Spotted Dove" }, "geometry": { "type": "Point", "coordinates": [ 153.2454, -27.6354 ] } },
{ "type": "Feature", "properties": { "decimalLatitude": 36.4601, "decimalLongitude": 115.9877, "month": 3, "species_sci": "Spilopelia chinensis", "species_com": "Spotted Dove" }, "geometry": { "type": "Point", "coordinates": [ 115.9877, 36.4601 ] } },
{ "type": "Feature", "properties": { "decimalLatitude": 17.3978, "decimalLongitude": 78.3534, "month": 3, "species_sci": "Spilopelia chinensis", "species_com": "Spotted Dove" }, "geometry": { "type": "Point", "coordinates": [ 78.3534, 17.3978 ] } },
{ "type": "Feature", "properties": { "decimalLatitude": -27.0337, "decimalLongitude": 153.1602, "month": 3, "species_sci": "Spilopelia chinensis", "species_com": "Spotted Dove" }, "geometry": { "type": "Point", "coordinates": [ 153.1602, -27.0337 ] } },
{ "type": "Feature", "properties": { "decimalLatitude": 1.4276, "decimalLongitude": 103.8403, "month": 3, "species_sci": "Spilopelia chinensis", "species_com": "Spotted Dove" }, "geometry": { "type": "Point", "coordinates": [ 103.8403, 1.4276 ] } },
{ "type": "Feature", "properties": { "decimalLatitude": -34.8825, "decimalLongitude": 138.6463, "month": 3, "species_sci": "Spilopelia chinensis", "species_com": "Spotted Dove" }, "geometry": { "type": "Point", "coordinates": [ 138.6463, -34.8825 ] } },
{ "type": "Feature", "properties": { "decimalLatitude": 31.6068, "decimalLongitude": 120.738, "month": 3, "species_sci": "Spilopelia chinensis", "species_com": "Spotted Dove" }, "geometry": { "type": "Point", "coordinates": [ 120.738, 31.6068 ] } },
{ "type": "Feature", "properties": { "decimalLatitude": 22.3216, "decimalLongitude": 114.2641, "month": 3, "species_sci": "Spilopelia chinensis", "species_com": "Spotted Dove" }, "geometry": { "type": "Point", "coordinates": [ 114.2641, 22.3216 ] } },
{ "type": "Feature", "properties": { "decimalLatitude": 30.2757, "decimalLongitude": 120.1593, "month": 3, "species_sci": "Spilopelia chinensis", "species_com": "Spotted Dove" }, "geometry": { "type": "Point", "coordinates": [ 120.1593, 30.2757 ] } },
{ "type": "Feature", "properties": { "decimalLatitude": 15.3243, "decimalLongitude": 74.0298, "month": 3, "species_sci": "Spilopelia chinensis", "species_com": "Spotted Dove" }, "geometry": { "type": "Point", "coordinates": [ 74.0298, 15.3243 ] } },
{ "type": "Feature", "properties": { "decimalLatitude": -6.1699, "decimalLongitude": 106.8325, "month": 3, "species_sci": "Spilopelia chinensis", "species_com": "Spotted Dove" }, "geometry": { "type": "Point", "coordinates": [ 106.8325, -6.1699 ] } },
{ "type": "Feature", "properties": { "decimalLatitude": -8.6683, "decimalLongitude": 115.4504, "month": 3, "species_sci": "Spilopelia chinensis", "species_com": "Spotted Dove" }, "geometry": { "type": "Point", "coordinates": [ 115.4504, -8.6683 ] } },
{ "type": "Feature", "properties": { "decimalLatitude": 21.286, "decimalLongitude": -157.8334, "month": 3, "species_sci": "Spilopelia chinensis", "species_com": "Spotted Dove" }, "geometry": { "type": "Point", "coordinates": [ -157.8334, 21.286 ] } },
{ "type": "Feature", "properties": { "decimalLatitude": 12.8585, "decimalLongitude": 77.5084, "month": 3, "species_sci": "Spilopelia chinensis", "species_com": "Spotted Dove" }, "geometry": { "type": "Point", "coordinates": [ 77.5084, 12.8585 ] } },
{ "type": "Feature", "properties": { "decimalLatitude": 22.6219, "decimalLongitude": 120.2938, "month": 3, "species_sci": "Spilopelia chinensis", "species_com": "Spotted Dove" }, "geometry": { "type": "Point", "coordinates": [ 120.2938, 22.6219 ] } },
{ "type": "Feature", "properties": { "decimalLatitude": 40.0014, "decimalLongitude": 116.3139, "month": 3, "species_sci": "Spilopelia chinensis", "species_com": "Spotted Dove" }, "geometry": { "type": "Point", "coordinates": [ 116.3139, 40.0014 ] } },
{ "type": "Feature", "properties": { "decimalLatitude": 1.3067, "decimalLongitude": 103.7724, "month": 3, "species_sci": "Spilopelia chinensis", "species_com": "Spotted Dove" }, "geometry": { "type": "Point", "coordinates": [ 103.7724, 1.3067 ] } },
{ "type": "Feature", "properties": { "decimalLatitude": 22.2008, "decimalLongitude": 113.5506, "month": 3, "species_sci": "Spilopelia chinensis", "species_com": "Spotted Dove" }, "geometry": { "type": "Point", "coordinates": [ 113.5506, 22.2008 ] } },
{ "type": "Feature", "properties": { "decimalLatitude": 23.8963, "decimalLongitude": 91.319, "month": 3, "species_sci": "Spilopelia chinensis", "species_com": "Spotted Dove" }, "geometry": { "type": "Point", "coordinates": [ 91.319, 23.8963 ] } },
{ "type": "Feature", "properties": { "decimalLatitude": 24.9638, "decimalLongitude": 121.1903, "month": 3, "species_sci": "Spilopelia chinensis", "species_com": "Spotted Dove" }, "geometry": { "type": "Point", "coordinates": [ 121.1903, 24.9638 ] } },
{ "type": "Feature", "properties": { "decimalLatitude": 12.8449, "decimalLongitude": 77.7768, "month": 3, "species_sci": "Spilopelia chinensis", "species_com": "Spotted Dove" }, "geometry": { "type": "Point", "coordinates": [ 77.7768, 12.8449 ] } },
{ "type": "Feature", "properties": { "decimalLatitude": 19.9671, "decimalLongitude": -155.8496, "month": 3, "species_sci": "Spilopelia chinensis", "species_com": "Spotted Dove" }, "geometry": { "type": "Point", "coordinates": [ -155.8496, 19.9671 ] } },
{ "type": "Feature", "properties": { "decimalLatitude": 22.4805, "decimalLongitude": 114.1264, "month": 3, "species_sci": "Spilopelia chinensis", "species_com": "Spotted Dove" }, "geometry": { "type": "Point", "coordinates": [ 114.1264, 22.4805 ] } },
{ "type": "Feature", "properties": { "decimalLatitude": 22.3388, "decimalLongitude": 114.2051, "month": 3, "species_sci": "Spilopelia chinensis", "species_com": "Spotted Dove" }, "geometry": { "type": "Point", "coordinates": [ 114.2051, 22.3388 ] } },
{ "type": "Feature", "properties": { "decimalLatitude": -6.2373, "decimalLongitude": 106.8529, "month": 3, "species_sci": "Spilopelia chinensis", "species_com": "Spotted Dove" }, "geometry": { "type": "Point", "coordinates": [ 106.8529, -6.2373 ] } },
{ "type": "Feature", "properties": { "decimalLatitude": 22.2032, "decimalLongitude": 113.551, "month": 3, "species_sci": "Spilopelia chinensis", "species_com": "Spotted Dove" }, "geometry": { "type": "Point", "coordinates": [ 113.551, 22.2032 ] } },
{ "type": "Feature", "properties": { "decimalLatitude": 27.6714, "decimalLongitude": 85.3017, "month": 3, "species_sci": "Spilopelia chinensis", "species_com": "Spotted Dove" }, "geometry": { "type": "Point", "coordinates": [ 85.3017, 27.6714 ] } },
{ "type": "Feature", "properties": { "decimalLatitude": 22.4276, "decimalLongitude": 114.1142, "month": 3, "species_sci": "Spilopelia chinensis", "species_com": "Spotted Dove" }, "geometry": { "type": "Point", "coordinates": [ 114.1142, 22.4276 ] } },
{ "type": "Feature", "properties": { "decimalLatitude": -36.3178, "decimalLongitude": 146.83, "month": 3, "species_sci": "Spilopelia chinensis", "species_com": "Spotted Dove" }, "geometry": { "type": "Point", "coordinates": [ 146.83, -36.3178 ] } },
{ "type": "Feature", "properties": { "decimalLatitude": 1.3576, "decimalLongitude": 103.7691, "month": 3, "species_sci": "Spilopelia chinensis", "species_com": "Spotted Dove" }, "geometry": { "type": "Point", "coordinates": [ 103.7691, 1.3576 ] } },
{ "type": "Feature", "properties": { "decimalLatitude": 30.6532, "decimalLongitude": 104.0852, "month": 3, "species_sci": "Spilopelia chinensis", "species_com": "Spotted Dove" }, "geometry": { "type": "Point", "coordinates": [ 104.0852, 30.6532 ] } },
{ "type": "Feature", "properties": { "decimalLatitude": 22.243, "decimalLongitude": 114.1482, "month": 3, "species_sci": "Spilopelia chinensis", "species_com": "Spotted Dove" }, "geometry": { "type": "Point", "coordinates": [ 114.1482, 22.243 ] } },
{ "type": "Feature", "properties": { "decimalLatitude": 12.9509, "decimalLongitude": 77.7421, "month": 3, "species_sci": "Spilopelia chinensis", "species_com": "Spotted Dove" }, "geometry": { "type": "Point", "coordinates": [ 77.7421, 12.9509 ] } },
{ "type": "Feature", "properties": { "decimalLatitude": 28.3712, "decimalLongitude": 119.8177, "month": 3, "species_sci": "Spilopelia chinensis", "species_com": "Spotted Dove" }, "geometry": { "type": "Point", "coordinates": [ 119.8177, 28.3712 ] } },
{ "type": "Feature", "properties": { "decimalLatitude": 22.4242, "decimalLongitude": 114.1043, "month": 3, "species_sci": "Spilopelia chinensis", "species_com": "Spotted Dove" }, "geometry": { "type": "Point", "coordinates": [ 114.1043, 22.4242 ] } },
{ "type": "Feature", "properties": { "decimalLatitude": 32.0602, "decimalLongitude": 118.7368, "month": 3, "species_sci": "Spilopelia chinensis", "species_com": "Spotted Dove" }, "geometry": { "type": "Point", "coordinates": [ 118.7368, 32.0602 ] } },
{ "type": "Feature", "properties": { "decimalLatitude": 13.8133, "decimalLongitude": 100.5528, "month": 3, "species_sci": "Spilopelia chinensis", "species_com": "Spotted Dove" }, "geometry": { "type": "Point", "coordinates": [ 100.5528, 13.8133 ] } },
{ "type": "Feature", "properties": { "decimalLatitude": 26.3304, "decimalLongitude": 91.0048, "month": 3, "species_sci": "Spilopelia chinensis", "species_com": "Spotted Dove" }, "geometry": { "type": "Point", "coordinates": [ 91.0048, 26.3304 ] } },
{ "type": "Feature", "properties": { "decimalLatitude": 1.4243, "decimalLongitude": 103.8386, "month": 3, "species_sci": "Spilopelia chinensis", "species_com": "Spotted Dove" }, "geometry": { "type": "Point", "coordinates": [ 103.8386, 1.4243 ] } },
{ "type": "Feature", "properties": { "decimalLatitude": -38.008, "decimalLongitude": 145.1273, "month": 3, "species_sci": "Spilopelia chinensis", "species_com": "Spotted Dove" }, "geometry": { "type": "Point", "coordinates": [ 145.1273, -38.008 ] } },
{ "type": "Feature", "properties": { "decimalLatitude": 17.3988, "decimalLongitude": 78.353, "month": 3, "species_sci": "Spilopelia chinensis", "species_com": "Spotted Dove" }, "geometry": { "type": "Point", "coordinates": [ 78.353, 17.3988 ] } },
{ "type": "Feature", "properties": { "decimalLatitude": 22.2865, "decimalLongitude": 113.9411, "month": 3, "species_sci": "Spilopelia chinensis", "species_com": "Spotted Dove" }, "geometry": { "type": "Point", "coordinates": [ 113.9411, 22.2865 ] } },
{ "type": "Feature", "properties": { "decimalLatitude": 12.3587, "decimalLongitude": 109.2782, "month": 3, "species_sci": "Spilopelia chinensis", "species_com": "Spotted Dove" }, "geometry": { "type": "Point", "coordinates": [ 109.2782, 12.3587 ] } },
{ "type": "Feature", "properties": { "decimalLatitude": 26.3079, "decimalLongitude": 91.0834, "month": 3, "species_sci": "Spilopelia chinensis", "species_com": "Spotted Dove" }, "geometry": { "type": "Point", "coordinates": [ 91.0834, 26.3079 ] } },
{ "type": "Feature", "properties": { "decimalLatitude": 31.2314, "decimalLongitude": 121.3533, "month": 3, "species_sci": "Spilopelia chinensis", "species_com": "Spotted Dove" }, "geometry": { "type": "Point", "coordinates": [ 121.3533, 31.2314 ] } },
{ "type": "Feature", "properties": { "decimalLatitude": 31.3199, "decimalLongitude": 121.3891, "month": 3, "species_sci": "Spilopelia chinensis", "species_com": "Spotted Dove" }, "geometry": { "type": "Point", "coordinates": [ 121.3891, 31.3199 ] } },
{ "type": "Feature", "properties": { "decimalLatitude": -38.482, "decimalLongitude": 145.9417, "month": 3, "species_sci": "Spilopelia chinensis", "species_com": "Spotted Dove" }, "geometry": { "type": "Point", "coordinates": [ 145.9417, -38.482 ] } },
{ "type": "Feature", "properties": { "decimalLatitude": -8.7105, "decimalLongitude": 115.257, "month": 3, "species_sci": "Spilopelia chinensis", "species_com": "Spotted Dove" }, "geometry": { "type": "Point", "coordinates": [ 115.257, -8.7105 ] } },
{ "type": "Feature", "properties": { "decimalLatitude": 22.2806, "decimalLongitude": 114.1416, "month": 3, "species_sci": "Spilopelia chinensis", "species_com": "Spotted Dove" }, "geometry": { "type": "Point", "coordinates": [ 114.1416, 22.2806 ] } },
{ "type": "Feature", "properties": { "decimalLatitude": 31.466, "decimalLongitude": 120.3042, "month": 3, "species_sci": "Spilopelia chinensis", "species_com": "Spotted Dove" }, "geometry": { "type": "Point", "coordinates": [ 120.3042, 31.466 ] } },
{ "type": "Feature", "properties": { "decimalLatitude": 31.1925, "decimalLongitude": 121.4164, "month": 3, "species_sci": "Spilopelia chinensis", "species_com": "Spotted Dove" }, "geometry": { "type": "Point", "coordinates": [ 121.4164, 31.1925 ] } },
{ "type": "Feature", "properties": { "decimalLatitude": 31.2448, "decimalLongitude": 121.4245, "month": 3, "species_sci": "Spilopelia chinensis", "species_com": "Spotted Dove" }, "geometry": { "type": "Point", "coordinates": [ 121.4245, 31.2448 ] } },
{ "type": "Feature", "properties": { "decimalLatitude": 25.0455, "decimalLongitude": 121.452, "month": 3, "species_sci": "Spilopelia chinensis", "species_com": "Spotted Dove" }, "geometry": { "type": "Point", "coordinates": [ 121.452, 25.0455 ] } },
{ "type": "Feature", "properties": { "decimalLatitude": 22.1874, "decimalLongitude": 113.5572, "month": 3, "species_sci": "Spilopelia chinensis", "species_com": "Spotted Dove" }, "geometry": { "type": "Point", "coordinates": [ 113.5572, 22.1874 ] } },
{ "type": "Feature", "properties": { "decimalLatitude": 22.4888, "decimalLongitude": 114.0076, "month": 3, "species_sci": "Spilopelia chinensis", "species_com": "Spotted Dove" }, "geometry": { "type": "Point", "coordinates": [ 114.0076, 22.4888 ] } },
{ "type": "Feature", "properties": { "decimalLatitude": 1.2951, "decimalLongitude": 103.8541, "month": 3, "species_sci": "Spilopelia chinensis", "species_com": "Spotted Dove" }, "geometry": { "type": "Point", "coordinates": [ 103.8541, 1.2951 ] } },
{ "type": "Feature", "properties": { "decimalLatitude": -36.8631, "decimalLongitude": 174.9003, "month": 3, "species_sci": "Spilopelia chinensis", "species_com": "Spotted Dove" }, "geometry": { "type": "Point", "coordinates": [ 174.9003, -36.8631 ] } },
{ "type": "Feature", "properties": { "decimalLatitude": -6.3013, "decimalLongitude": 106.8918, "month": 3, "species_sci": "Spilopelia chinensis", "species_com": "Spotted Dove" }, "geometry": { "type": "Point", "coordinates": [ 106.8918, -6.3013 ] } },
{ "type": "Feature", "properties": { "decimalLatitude": 13.764, "decimalLongitude": 100.5002, "month": 3, "species_sci": "Spilopelia chinensis", "species_com": "Spotted Dove" }, "geometry": { "type": "Point", "coordinates": [ 100.5002, 13.764 ] } },
{ "type": "Feature", "properties": { "decimalLatitude": -38.2299, "decimalLongitude": 145.0609, "month": 3, "species_sci": "Spilopelia chinensis", "species_com": "Spotted Dove" }, "geometry": { "type": "Point", "coordinates": [ 145.0609, -38.2299 ] } },
{ "type": "Feature", "properties": { "decimalLatitude": 1.2913, "decimalLongitude": 103.8434, "month": 3, "species_sci": "Spilopelia chinensis", "species_com": "Spotted Dove" }, "geometry": { "type": "Point", "coordinates": [ 103.8434, 1.2913 ] } },
{ "type": "Feature", "properties": { "decimalLatitude": 22.1878, "decimalLongitude": 113.5558, "month": 3, "species_sci": "Spilopelia chinensis", "species_com": "Spotted Dove" }, "geometry": { "type": "Point", "coordinates": [ 113.5558, 22.1878 ] } },
{ "type": "Feature", "properties": { "decimalLatitude": 13.0127, "decimalLongitude": 80.276, "month": 3, "species_sci": "Spilopelia chinensis", "species_com": "Spotted Dove" }, "geometry": { "type": "Point", "coordinates": [ 80.276, 13.0127 ] } },
{ "type": "Feature", "properties": { "decimalLatitude": 25.0011, "decimalLongitude": 121.4556, "month": 3, "species_sci": "Spilopelia chinensis", "species_com": "Spotted Dove" }, "geometry": { "type": "Point", "coordinates": [ 121.4556, 25.0011 ] } },
{ "type": "Feature", "properties": { "decimalLatitude": 25.0572, "decimalLongitude": 121.4543, "month": 3, "species_sci": "Spilopelia chinensis", "species_com": "Spotted Dove" }, "geometry": { "type": "Point", "coordinates": [ 121.4543, 25.0572 ] } },
{ "type": "Feature", "properties": { "decimalLatitude": 20.834, "decimalLongitude": 80.9709, "month": 3, "species_sci": "Spilopelia chinensis", "species_com": "Spotted Dove" }, "geometry": { "type": "Point", "coordinates": [ 80.9709, 20.834 ] } },
{ "type": "Feature", "properties": { "decimalLatitude": 22.198, "decimalLongitude": 113.5468, "month": 3, "species_sci": "Spilopelia chinensis", "species_com": "Spotted Dove" }, "geometry": { "type": "Point", "coordinates": [ 113.5468, 22.198 ] } },
{ "type": "Feature", "properties": { "decimalLatitude": 22.1975, "decimalLongitude": 113.5471, "month": 3, "species_sci": "Spilopelia chinensis", "species_com": "Spotted Dove" }, "geometry": { "type": "Point", "coordinates": [ 113.5471, 22.1975 ] } },
{ "type": "Feature", "properties": { "decimalLatitude": 13.5442, "decimalLongitude": 100.4157, "month": 3, "species_sci": "Spilopelia chinensis", "species_com": "Spotted Dove" }, "geometry": { "type": "Point", "coordinates": [ 100.4157, 13.5442 ] } },
{ "type": "Feature", "properties": { "decimalLatitude": -32.9076, "decimalLongitude": 151.6865, "month": 3, "species_sci": "Spilopelia chinensis", "species_com": "Spotted Dove" }, "geometry": { "type": "Point", "coordinates": [ 151.6865, -32.9076 ] } },
{ "type": "Feature", "properties": { "decimalLatitude": -33.9772, "decimalLongitude": 151.1419, "month": 3, "species_sci": "Spilopelia chinensis", "species_com": "Spotted Dove" }, "geometry": { "type": "Point", "coordinates": [ 151.1419, -33.9772 ] } },
{ "type": "Feature", "properties": { "decimalLatitude": 31.4572, "decimalLongitude": 120.4049, "month": 3, "species_sci": "Spilopelia chinensis", "species_com": "Spotted Dove" }, "geometry": { "type": "Point", "coordinates": [ 120.4049, 31.4572 ] } },
{ "type": "Feature", "properties": { "decimalLatitude": 28.2128, "decimalLongitude": 107.1701, "month": 3, "species_sci": "Spilopelia chinensis", "species_com": "Spotted Dove" }, "geometry": { "type": "Point", "coordinates": [ 107.1701, 28.2128 ] } },
{ "type": "Feature", "properties": { "decimalLatitude": 26.3204, "decimalLongitude": 91.0109, "month": 3, "species_sci": "Spilopelia chinensis", "species_com": "Spotted Dove" }, "geometry": { "type": "Point", "coordinates": [ 91.0109, 26.3204 ] } },
{ "type": "Feature", "properties": { "decimalLatitude": 12.0809, "decimalLongitude": 79.867, "month": 3, "species_sci": "Spilopelia chinensis", "species_com": "Spotted Dove" }, "geometry": { "type": "Point", "coordinates": [ 79.867, 12.0809 ] } },
{ "type": "Feature", "properties": { "decimalLatitude": 22.8849, "decimalLongitude": 121.238, "month": 3, "species_sci": "Spilopelia chinensis", "species_com": "Spotted Dove" }, "geometry": { "type": "Point", "coordinates": [ 121.238, 22.8849 ] } },
{ "type": "Feature", "properties": { "decimalLatitude": 19.4456, "decimalLongitude": 73.4542, "month": 3, "species_sci": "Spilopelia chinensis", "species_com": "Spotted Dove" }, "geometry": { "type": "Point", "coordinates": [ 73.4542, 19.4456 ] } },
{ "type": "Feature", "properties": { "decimalLatitude": 29.7249, "decimalLongitude": 115.983, "month": 3, "species_sci": "Spilopelia chinensis", "species_com": "Spotted Dove" }, "geometry": { "type": "Point", "coordinates": [ 115.983, 29.7249 ] } },
{ "type": "Feature", "properties": { "decimalLatitude": 31.475, "decimalLongitude": 120.3729, "month": 3, "species_sci": "Spilopelia chinensis", "species_com": "Spotted Dove" }, "geometry": { "type": "Point", "coordinates": [ 120.3729, 31.475 ] } },
{ "type": "Feature", "properties": { "decimalLatitude": 22.2043, "decimalLongitude": 113.552, "month": 3, "species_sci": "Spilopelia chinensis", "species_com": "Spotted Dove" }, "geometry": { "type": "Point", "coordinates": [ 113.552, 22.2043 ] } },
{ "type": "Feature", "properties": { "decimalLatitude": -34.5939, "decimalLongitude": 150.8535, "month": 3, "species_sci": "Spilopelia chinensis", "species_com": "Spotted Dove" }, "geometry": { "type": "Point", "coordinates": [ 150.8535, -34.5939 ] } },
{ "type": "Feature", "properties": { "decimalLatitude": -36.1132, "decimalLongitude": 146.8418, "month": 3, "species_sci": "Spilopelia chinensis", "species_com": "Spotted Dove" }, "geometry": { "type": "Point", "coordinates": [ 146.8418, -36.1132 ] } },
{ "type": "Feature", "properties": { "decimalLatitude": -6.8898, "decimalLongitude": 107.61, "month": 3, "species_sci": "Spilopelia chinensis", "species_com": "Spotted Dove" }, "geometry": { "type": "Point", "coordinates": [ 107.61, -6.8898 ] } },
{ "type": "Feature", "properties": { "decimalLatitude": 12.8479, "decimalLongitude": 99.5226, "month": 3, "species_sci": "Spilopelia chinensis", "species_com": "Spotted Dove" }, "geometry": { "type": "Point", "coordinates": [ 99.5226, 12.8479 ] } },
{ "type": "Feature", "properties": { "decimalLatitude": 6.0059, "decimalLongitude": 80.2614, "month": 3, "species_sci": "Spilopelia chinensis", "species_com": "Spotted Dove" }, "geometry": { "type": "Point", "coordinates": [ 80.2614, 6.0059 ] } },
{ "type": "Feature", "properties": { "decimalLatitude": 22.1878, "decimalLongitude": 113.5557, "month": 3, "species_sci": "Spilopelia chinensis", "species_com": "Spotted Dove" }, "geometry": { "type": "Point", "coordinates": [ 113.5557, 22.1878 ] } },
{ "type": "Feature", "properties": { "decimalLatitude": 6.8773, "decimalLongitude": 81.0605, "month": 3, "species_sci": "Spilopelia chinensis", "species_com": "Spotted Dove" }, "geometry": { "type": "Point", "coordinates": [ 81.0605, 6.8773 ] } },
{ "type": "Feature", "properties": { "decimalLatitude": 22.6262, "decimalLongitude": 120.2728, "month": 3, "species_sci": "Spilopelia chinensis", "species_com": "Spotted Dove" }, "geometry": { "type": "Point", "coordinates": [ 120.2728, 22.6262 ] } },
{ "type": "Feature", "properties": { "decimalLatitude": -20.9467, "decimalLongitude": 164.6853, "month": 3, "species_sci": "Spilopelia chinensis", "species_com": "Spotted Dove" }, "geometry": { "type": "Point", "coordinates": [ 164.6853, -20.9467 ] } },
{ "type": "Feature", "properties": { "decimalLatitude": 31.3167, "decimalLongitude": 121.5824, "month": 3, "species_sci": "Spilopelia chinensis", "species_com": "Spotted Dove" }, "geometry": { "type": "Point", "coordinates": [ 121.5824, 31.3167 ] } },
{ "type": "Feature", "properties": { "decimalLatitude": 22.2038, "decimalLongitude": 113.5487, "month": 3, "species_sci": "Spilopelia chinensis", "species_com": "Spotted Dove" }, "geometry": { "type": "Point", "coordinates": [ 113.5487, 22.2038 ] } },
{ "type": "Feature", "properties": { "decimalLatitude": 1.2944, "decimalLongitude": 103.8458, "month": 3, "species_sci": "Spilopelia chinensis", "species_com": "Spotted Dove" }, "geometry": { "type": "Point", "coordinates": [ 103.8458, 1.2944 ] } },
{ "type": "Feature", "properties": { "decimalLatitude": -37.8275, "decimalLongitude": 145.1621, "month": 3, "species_sci": "Spilopelia chinensis", "species_com": "Spotted Dove" }, "geometry": { "type": "Point", "coordinates": [ 145.1621, -37.8275 ] } },
{ "type": "Feature", "properties": { "decimalLatitude": -33.8719, "decimalLongitude": 151.1929, "month": 3, "species_sci": "Spilopelia chinensis", "species_com": "Spotted Dove" }, "geometry": { "type": "Point", "coordinates": [ 151.1929, -33.8719 ] } },
{ "type": "Feature", "properties": { "decimalLatitude": 26.2815, "decimalLongitude": 90.9725, "month": 3, "species_sci": "Spilopelia chinensis", "species_com": "Spotted Dove" }, "geometry": { "type": "Point", "coordinates": [ 90.9725, 26.2815 ] } },
{ "type": "Feature", "properties": { "decimalLatitude": -6.8878, "decimalLongitude": 107.6102, "month": 3, "species_sci": "Spilopelia chinensis", "species_com": "Spotted Dove" }, "geometry": { "type": "Point", "coordinates": [ 107.6102, -6.8878 ] } },
{ "type": "Feature", "properties": { "decimalLatitude": 13.6916, "decimalLongitude": 100.7037, "month": 3, "species_sci": "Spilopelia chinensis", "species_com": "Spotted Dove" }, "geometry": { "type": "Point", "coordinates": [ 100.7037, 13.6916 ] } },
{ "type": "Feature", "properties": { "decimalLatitude": -37.8687, "decimalLongitude": 145.2808, "month": 3, "species_sci": "Spilopelia chinensis", "species_com": "Spotted Dove" }, "geometry": { "type": "Point", "coordinates": [ 145.2808, -37.8687 ] } },
{ "type": "Feature", "properties": { "decimalLatitude": 1.3051, "decimalLongitude": 103.7733, "month": 3, "species_sci": "Spilopelia chinensis", "species_com": "Spotted Dove" }, "geometry": { "type": "Point", "coordinates": [ 103.7733, 1.3051 ] } },
{ "type": "Feature", "properties": { "decimalLatitude": 22.1994, "decimalLongitude": 113.5525, "month": 3, "species_sci": "Spilopelia chinensis", "species_com": "Spotted Dove" }, "geometry": { "type": "Point", "coordinates": [ 113.5525, 22.1994 ] } },
{ "type": "Feature", "properties": { "decimalLatitude": 8.4285, "decimalLongitude": 77.5894, "month": 3, "species_sci": "Spilopelia chinensis", "species_com": "Spotted Dove" }, "geometry": { "type": "Point", "coordinates": [ 77.5894, 8.4285 ] } },
{ "type": "Feature", "properties": { "decimalLatitude": 13.6964, "decimalLongitude": 100.5644, "month": 3, "species_sci": "Spilopelia chinensis", "species_com": "Spotted Dove" }, "geometry": { "type": "Point", "coordinates": [ 100.5644, 13.6964 ] } },
{ "type": "Feature", "properties": { "decimalLatitude": -6.2431, "decimalLongitude": 106.7912, "month": 3, "species_sci": "Spilopelia chinensis", "species_com": "Spotted Dove" }, "geometry": { "type": "Point", "coordinates": [ 106.7912, -6.2431 ] } },
{ "type": "Feature", "properties": { "decimalLatitude": 22.3322, "decimalLongitude": 114.1907, "month": 3, "species_sci": "Spilopelia chinensis", "species_com": "Spotted Dove" }, "geometry": { "type": "Point", "coordinates": [ 114.1907, 22.3322 ] } },
{ "type": "Feature", "properties": { "decimalLatitude": 22.6471, "decimalLongitude": 120.3055, "month": 3, "species_sci": "Spilopelia chinensis", "species_com": "Spotted Dove" }, "geometry": { "type": "Point", "coordinates": [ 120.3055, 22.6471 ] } },
{ "type": "Feature", "properties": { "decimalLatitude": 13.8359, "decimalLongitude": 100.4575, "month": 3, "species_sci": "Spilopelia chinensis", "species_com": "Spotted Dove" }, "geometry": { "type": "Point", "coordinates": [ 100.4575, 13.8359 ] } },
{ "type": "Feature", "properties": { "decimalLatitude": 22.1974, "decimalLongitude": 113.5524, "month": 3, "species_sci": "Spilopelia chinensis", "species_com": "Spotted Dove" }, "geometry": { "type": "Point", "coordinates": [ 113.5524, 22.1974 ] } },
{ "type": "Feature", "properties": { "decimalLatitude": -37.8267, "decimalLongitude": 145.1628, "month": 3, "species_sci": "Spilopelia chinensis", "species_com": "Spotted Dove" }, "geometry": { "type": "Point", "coordinates": [ 145.1628, -37.8267 ] } },
{ "type": "Feature", "properties": { "decimalLatitude": 39.9793, "decimalLongitude": 116.3042, "month": 3, "species_sci": "Spilopelia chinensis", "species_com": "Spotted Dove" }, "geometry": { "type": "Point", "coordinates": [ 116.3042, 39.9793 ] } },
{ "type": "Feature", "properties": { "decimalLatitude": 32.0687, "decimalLongitude": 118.7842, "month": 3, "species_sci": "Spilopelia chinensis", "species_com": "Spotted Dove" }, "geometry": { "type": "Point", "coordinates": [ 118.7842, 32.0687 ] } },
{ "type": "Feature", "properties": { "decimalLatitude": -34.7784, "decimalLongitude": 138.4982, "month": 4, "species_sci": "Spilopelia chinensis", "species_com": "Spotted Dove" }, "geometry": { "type": "Point", "coordinates": [ 138.4982, -34.7784 ] } },
{ "type": "Feature", "properties": { "decimalLatitude": -8.7072, "decimalLongitude": 115.2626, "month": 4, "species_sci": "Spilopelia chinensis", "species_com": "Spotted Dove" }, "geometry": { "type": "Point", "coordinates": [ 115.2626, -8.7072 ] } },
{ "type": "Feature", "properties": { "decimalLatitude": 22.6557, "decimalLongitude": 120.6114, "month": 4, "species_sci": "Spilopelia chinensis", "species_com": "Spotted Dove" }, "geometry": { "type": "Point", "coordinates": [ 120.6114, 22.6557 ] } },
{ "type": "Feature", "properties": { "decimalLatitude": 22.4316, "decimalLongitude": 114.1849, "month": 4, "species_sci": "Spilopelia chinensis", "species_com": "Spotted Dove" }, "geometry": { "type": "Point", "coordinates": [ 114.1849, 22.4316 ] } },
{ "type": "Feature", "properties": { "decimalLatitude": 24.6686, "decimalLongitude": 121.6345, "month": 4, "species_sci": "Spilopelia chinensis", "species_com": "Spotted Dove" }, "geometry": { "type": "Point", "coordinates": [ 121.6345, 24.6686 ] } },
{ "type": "Feature", "properties": { "decimalLatitude": -31.8838, "decimalLongitude": 116.01, "month": 4, "species_sci": "Spilopelia chinensis", "species_com": "Spotted Dove" }, "geometry": { "type": "Point", "coordinates": [ 116.01, -31.8838 ] } },
{ "type": "Feature", "properties": { "decimalLatitude": 12.3571, "decimalLongitude": 109.2795, "month": 4, "species_sci": "Spilopelia chinensis", "species_com": "Spotted Dove" }, "geometry": { "type": "Point", "coordinates": [ 109.2795, 12.3571 ] } },
{ "type": "Feature", "properties": { "decimalLatitude": 17.3955, "decimalLongitude": 78.3543, "month": 4, "species_sci": "Spilopelia chinensis", "species_com": "Spotted Dove" }, "geometry": { "type": "Point", "coordinates": [ 78.3543, 17.3955 ] } },
{ "type": "Feature", "properties": { "decimalLatitude": 31.3555, "decimalLongitude": 121.4687, "month": 4, "species_sci": "Spilopelia chinensis", "species_com": "Spotted Dove" }, "geometry": { "type": "Point", "coordinates": [ 121.4687, 31.3555 ] } },
{ "type": "Feature", "properties": { "decimalLatitude": 22.4242, "decimalLongitude": 114.2315, "month": 4, "species_sci": "Spilopelia chinensis", "species_com": "Spotted Dove" }, "geometry": { "type": "Point", "coordinates": [ 114.2315, 22.4242 ] } },
{ "type": "Feature", "properties": { "decimalLatitude": 31.33, "decimalLongitude": 120.7323, "month": 4, "species_sci": "Spilopelia chinensis", "species_com": "Spotted Dove" }, "geometry": { "type": "Point", "coordinates": [ 120.7323, 31.33 ] } },
{ "type": "Feature", "properties": { "decimalLatitude": 22.9995, "decimalLongitude": 120.218, "month": 4, "species_sci": "Spilopelia chinensis", "species_com": "Spotted Dove" }, "geometry": { "type": "Point", "coordinates": [ 120.218, 22.9995 ] } },
{ "type": "Feature", "properties": { "decimalLatitude": -35.0489, "decimalLongitude": 138.6201, "month": 4, "species_sci": "Spilopelia chinensis", "species_com": "Spotted Dove" }, "geometry": { "type": "Point", "coordinates": [ 138.6201, -35.0489 ] } },
{ "type": "Feature", "properties": { "decimalLatitude": 1.3196, "decimalLongitude": 103.754, "month": 4, "species_sci": "Spilopelia chinensis", "species_com": "Spotted Dove" }, "geometry": { "type": "Point", "coordinates": [ 103.754, 1.3196 ] } },
{ "type": "Feature", "properties": { "decimalLatitude": 13.8127, "decimalLongitude": 100.554, "month": 4, "species_sci": "Spilopelia chinensis", "species_com": "Spotted Dove" }, "geometry": { "type": "Point", "coordinates": [ 100.554, 13.8127 ] } },
{ "type": "Feature", "properties": { "decimalLatitude": 22.2135, "decimalLongitude": 113.5454, "month": 4, "species_sci": "Spilopelia chinensis", "species_com": "Spotted Dove" }, "geometry": { "type": "Point", "coordinates": [ 113.5454, 22.2135 ] } },
{ "type": "Feature", "properties": { "decimalLatitude": 25.0345, "decimalLongitude": 121.5443, "month": 4, "species_sci": "Spilopelia chinensis", "species_com": "Spotted Dove" }, "geometry": { "type": "Point", "coordinates": [ 121.5443, 25.0345 ] } },
{ "type": "Feature", "properties": { "decimalLatitude": 22.3328, "decimalLongitude": 114.1907, "month": 4, "species_sci": "Spilopelia chinensis", "species_com": "Spotted Dove" }, "geometry": { "type": "Point", "coordinates": [ 114.1907, 22.3328 ] } },
{ "type": "Feature", "properties": { "decimalLatitude": 22.1562, "decimalLongitude": 113.5569, "month": 4, "species_sci": "Spilopelia chinensis", "species_com": "Spotted Dove" }, "geometry": { "type": "Point", "coordinates": [ 113.5569, 22.1562 ] } },
{ "type": "Feature", "properties": { "decimalLatitude": 28.2992, "decimalLongitude": 119.7558, "month": 4, "species_sci": "Spilopelia chinensis", "species_com": "Spotted Dove" }, "geometry": { "type": "Point", "coordinates": [ 119.7558, 28.2992 ] } },
{ "type": "Feature", "properties": { "decimalLatitude": 31.3653, "decimalLongitude": 120.7338, "month": 4, "species_sci": "Spilopelia chinensis", "species_com": "Spotted Dove" }, "geometry": { "type": "Point", "coordinates": [ 120.7338, 31.3653 ] } },
{ "type": "Feature", "properties": { "decimalLatitude": 22.3123, "decimalLongitude": 114.1826, "month": 4, "species_sci": "Spilopelia chinensis", "species_com": "Spotted Dove" }, "geometry": { "type": "Point", "coordinates": [ 114.1826, 22.3123 ] } },
{ "type": "Feature", "properties": { "decimalLatitude": -37.786, "decimalLongitude": 144.9249, "month": 4, "species_sci": "Spilopelia chinensis", "species_com": "Spotted Dove" }, "geometry": { "type": "Point", "coordinates": [ 144.9249, -37.786 ] } },
{ "type": "Feature", "properties": { "decimalLatitude": 22.2035, "decimalLongitude": 113.5583, "month": 4, "species_sci": "Spilopelia chinensis", "species_com": "Spotted Dove" }, "geometry": { "type": "Point", "coordinates": [ 113.5583, 22.2035 ] } },
{ "type": "Feature", "properties": { "decimalLatitude": 22.1976, "decimalLongitude": 113.5511, "month": 4, "species_sci": "Spilopelia chinensis", "species_com": "Spotted Dove" }, "geometry": { "type": "Point", "coordinates": [ 113.5511, 22.1976 ] } },
{ "type": "Feature", "properties": { "decimalLatitude": 22.2036, "decimalLongitude": 113.5608, "month": 4, "species_sci": "Spilopelia chinensis", "species_com": "Spotted Dove" }, "geometry": { "type": "Point", "coordinates": [ 113.5608, 22.2036 ] } },
{ "type": "Feature", "properties": { "decimalLatitude": -38.3301, "decimalLongitude": 146.326, "month": 4, "species_sci": "Spilopelia chinensis", "species_com": "Spotted Dove" }, "geometry": { "type": "Point", "coordinates": [ 146.326, -38.3301 ] } },
{ "type": "Feature", "properties": { "decimalLatitude": 22.2041, "decimalLongitude": 113.5524, "month": 4, "species_sci": "Spilopelia chinensis", "species_com": "Spotted Dove" }, "geometry": { "type": "Point", "coordinates": [ 113.5524, 22.2041 ] } },
{ "type": "Feature", "properties": { "decimalLatitude": 22.3054, "decimalLongitude": 114.2514, "month": 4, "species_sci": "Spilopelia chinensis", "species_com": "Spotted Dove" }, "geometry": { "type": "Point", "coordinates": [ 114.2514, 22.3054 ] } },
{ "type": "Feature", "properties": { "decimalLatitude": 22.9871, "decimalLongitude": 120.2081, "month": 4, "species_sci": "Spilopelia chinensis", "species_com": "Spotted Dove" }, "geometry": { "type": "Point", "coordinates": [ 120.2081, 22.9871 ] } },
{ "type": "Feature", "properties": { "decimalLatitude": -37.6859, "decimalLongitude": 145.0414, "month": 4, "species_sci": "Spilopelia chinensis", "species_com": "Spotted Dove" }, "geometry": { "type": "Point", "coordinates": [ 145.0414, -37.6859 ] } },
{ "type": "Feature", "properties": { "decimalLatitude": 22.2781, "decimalLongitude": 113.9328, "month": 4, "species_sci": "Spilopelia chinensis", "species_com": "Spotted Dove" }, "geometry": { "type": "Point", "coordinates": [ 113.9328, 22.2781 ] } },
{ "type": "Feature", "properties": { "decimalLatitude": -17.6371, "decimalLongitude": 177.0647, "month": 4, "species_sci": "Spilopelia chinensis", "species_com": "Spotted Dove" }, "geometry": { "type": "Point", "coordinates": [ 177.0647, -17.6371 ] } },
{ "type": "Feature", "properties": { "decimalLatitude": -37.5878, "decimalLongitude": 144.7548, "month": 4, "species_sci": "Spilopelia chinensis", "species_com": "Spotted Dove" }, "geometry": { "type": "Point", "coordinates": [ 144.7548, -37.5878 ] } },
{ "type": "Feature", "properties": { "decimalLatitude": 18.791, "decimalLongitude": 99.0015, "month": 4, "species_sci": "Spilopelia chinensis", "species_com": "Spotted Dove" }, "geometry": { "type": "Point", "coordinates": [ 99.0015, 18.791 ] } },
{ "type": "Feature", "properties": { "decimalLatitude": -37.7133, "decimalLongitude": 144.9918, "month": 4, "species_sci": "Spilopelia chinensis", "species_com": "Spotted Dove" }, "geometry": { "type": "Point", "coordinates": [ 144.9918, -37.7133 ] } },
{ "type": "Feature", "properties": { "decimalLatitude": 26.3109, "decimalLongitude": 91.0063, "month": 4, "species_sci": "Spilopelia chinensis", "species_com": "Spotted Dove" }, "geometry": { "type": "Point", "coordinates": [ 91.0063, 26.3109 ] } },
{ "type": "Feature", "properties": { "decimalLatitude": 27.6107, "decimalLongitude": 85.3554, "month": 4, "species_sci": "Spilopelia chinensis", "species_com": "Spotted Dove" }, "geometry": { "type": "Point", "coordinates": [ 85.3554, 27.6107 ] } },
{ "type": "Feature", "properties": { "decimalLatitude": 22.2122, "decimalLongitude": 113.5428, "month": 4, "species_sci": "Spilopelia chinensis", "species_com": "Spotted Dove" }, "geometry": { "type": "Point", "coordinates": [ 113.5428, 22.2122 ] } },
{ "type": "Feature", "properties": { "decimalLatitude": 17.3964, "decimalLongitude": 78.3538, "month": 4, "species_sci": "Spilopelia chinensis", "species_com": "Spotted Dove" }, "geometry": { "type": "Point", "coordinates": [ 78.3538, 17.3964 ] } },
{ "type": "Feature", "properties": { "decimalLatitude": 22.5492, "decimalLongitude": 88.3564, "month": 4, "species_sci": "Spilopelia chinensis", "species_com": "Spotted Dove" }, "geometry": { "type": "Point", "coordinates": [ 88.3564, 22.5492 ] } },
{ "type": "Feature", "properties": { "decimalLatitude": 12.8448, "decimalLongitude": 77.777, "month": 4, "species_sci": "Spilopelia chinensis", "species_com": "Spotted Dove" }, "geometry": { "type": "Point", "coordinates": [ 77.777, 12.8448 ] } },
{ "type": "Feature", "properties": { "decimalLatitude": 25.0345, "decimalLongitude": 121.5443, "month": 4, "species_sci": "Spilopelia chinensis", "species_com": "Spotted Dove" }, "geometry": { "type": "Point", "coordinates": [ 121.5443, 25.0345 ] } },
{ "type": "Feature", "properties": { "decimalLatitude": 22.328, "decimalLongitude": 114.174, "month": 4, "species_sci": "Spilopelia chinensis", "species_com": "Spotted Dove" }, "geometry": { "type": "Point", "coordinates": [ 114.174, 22.328 ] } },
{ "type": "Feature", "properties": { "decimalLatitude": -37.8612, "decimalLongitude": 144.8807, "month": 4, "species_sci": "Spilopelia chinensis", "species_com": "Spotted Dove" }, "geometry": { "type": "Point", "coordinates": [ 144.8807, -37.8612 ] } },
{ "type": "Feature", "properties": { "decimalLatitude": 22.2003, "decimalLongitude": 113.551, "month": 4, "species_sci": "Spilopelia chinensis", "species_com": "Spotted Dove" }, "geometry": { "type": "Point", "coordinates": [ 113.551, 22.2003 ] } },
{ "type": "Feature", "properties": { "decimalLatitude": -33.7001, "decimalLongitude": 150.9272, "month": 4, "species_sci": "Spilopelia chinensis", "species_com": "Spotted Dove" }, "geometry": { "type": "Point", "coordinates": [ 150.9272, -33.7001 ] } },
{ "type": "Feature", "properties": { "decimalLatitude": 22.2003, "decimalLongitude": 113.5477, "month": 4, "species_sci": "Spilopelia chinensis", "species_com": "Spotted Dove" }, "geometry": { "type": "Point", "coordinates": [ 113.5477, 22.2003 ] } },
{ "type": "Feature", "properties": { "decimalLatitude": 22.203, "decimalLongitude": 113.552, "month": 4, "species_sci": "Spilopelia chinensis", "species_com": "Spotted Dove" }, "geometry": { "type": "Point", "coordinates": [ 113.552, 22.203 ] } },
{ "type": "Feature", "properties": { "decimalLatitude": 23.0024, "decimalLongitude": 120.2179, "month": 4, "species_sci": "Spilopelia chinensis", "species_com": "Spotted Dove" }, "geometry": { "type": "Point", "coordinates": [ 120.2179, 23.0024 ] } },
{ "type": "Feature", "properties": { "decimalLatitude": 22.325, "decimalLongitude": 114.2544, "month": 4, "species_sci": "Spilopelia chinensis", "species_com": "Spotted Dove" }, "geometry": { "type": "Point", "coordinates": [ 114.2544, 22.325 ] } },
{ "type": "Feature", "properties": { "decimalLatitude": -33.8933, "decimalLongitude": 151.1956, "month": 4, "species_sci": "Spilopelia chinensis", "species_com": "Spotted Dove" }, "geometry": { "type": "Point", "coordinates": [ 151.1956, -33.8933 ] } },
{ "type": "Feature", "properties": { "decimalLatitude": 16.7181, "decimalLongitude": 81.1196, "month": 4, "species_sci": "Spilopelia chinensis", "species_com": "Spotted Dove" }, "geometry": { "type": "Point", "coordinates": [ 81.1196, 16.7181 ] } },
{ "type": "Feature", "properties": { "decimalLatitude": 22.2124, "decimalLongitude": 113.5442, "month": 4, "species_sci": "Spilopelia chinensis", "species_com": "Spotted Dove" }, "geometry": { "type": "Point", "coordinates": [ 113.5442, 22.2124 ] } },
{ "type": "Feature", "properties": { "decimalLatitude": 19.6397, "decimalLongitude": -155.9976, "month": 4, "species_sci": "Spilopelia chinensis", "species_com": "Spotted Dove" }, "geometry": { "type": "Point", "coordinates": [ -155.9976, 19.6397 ] } },
{ "type": "Feature", "properties": { "decimalLatitude": -37.8214, "decimalLongitude": 145.0554, "month": 4, "species_sci": "Spilopelia chinensis", "species_com": "Spotted Dove" }, "geometry": { "type": "Point", "coordinates": [ 145.0554, -37.8214 ] } },
{ "type": "Feature", "properties": { "decimalLatitude": -32.7261, "decimalLongitude": 151.5535, "month": 4, "species_sci": "Spilopelia chinensis", "species_com": "Spotted Dove" }, "geometry": { "type": "Point", "coordinates": [ 151.5535, -32.7261 ] } },
{ "type": "Feature", "properties": { "decimalLatitude": 22.8832, "decimalLongitude": 121.2386, "month": 4, "species_sci": "Spilopelia chinensis", "species_com": "Spotted Dove" }, "geometry": { "type": "Point", "coordinates": [ 121.2386, 22.8832 ] } },
{ "type": "Feature", "properties": { "decimalLatitude": 21.2832, "decimalLongitude": -157.8383, "month": 4, "species_sci": "Spilopelia chinensis", "species_com": "Spotted Dove" }, "geometry": { "type": "Point", "coordinates": [ -157.8383, 21.2832 ] } },
{ "type": "Feature", "properties": { "decimalLatitude": 17.3974, "decimalLongitude": 78.3535, "month": 4, "species_sci": "Spilopelia chinensis", "species_com": "Spotted Dove" }, "geometry": { "type": "Point", "coordinates": [ 78.3535, 17.3974 ] } },
{ "type": "Feature", "properties": { "decimalLatitude": -18.1049, "decimalLongitude": 178.488, "month": 4, "species_sci": "Spilopelia chinensis", "species_com": "Spotted Dove" }, "geometry": { "type": "Point", "coordinates": [ 178.488, -18.1049 ] } },
{ "type": "Feature", "properties": { "decimalLatitude": -36.9599, "decimalLongitude": 174.911, "month": 4, "species_sci": "Spilopelia chinensis", "species_com": "Spotted Dove" }, "geometry": { "type": "Point", "coordinates": [ 174.911, -36.9599 ] } },
{ "type": "Feature", "properties": { "decimalLatitude": 23.6008, "decimalLongitude": 120.4996, "month": 4, "species_sci": "Spilopelia chinensis", "species_com": "Spotted Dove" }, "geometry": { "type": "Point", "coordinates": [ 120.4996, 23.6008 ] } },
{ "type": "Feature", "properties": { "decimalLatitude": 25.0347, "decimalLongitude": 121.434, "month": 4, "species_sci": "Spilopelia chinensis", "species_com": "Spotted Dove" }, "geometry": { "type": "Point", "coordinates": [ 121.434, 25.0347 ] } },
{ "type": "Feature", "properties": { "decimalLatitude": 23.1344, "decimalLongitude": 120.4642, "month": 4, "species_sci": "Spilopelia chinensis", "species_com": "Spotted Dove" }, "geometry": { "type": "Point", "coordinates": [ 120.4642, 23.1344 ] } },
{ "type": "Feature", "properties": { "decimalLatitude": 9.5695, "decimalLongitude": 99.9704, "month": 4, "species_sci": "Spilopelia chinensis", "species_com": "Spotted Dove" }, "geometry": { "type": "Point", "coordinates": [ 99.9704, 9.5695 ] } },
{ "type": "Feature", "properties": { "decimalLatitude": 40.0045, "decimalLongitude": 116.3111, "month": 4, "species_sci": "Spilopelia chinensis", "species_com": "Spotted Dove" }, "geometry": { "type": "Point", "coordinates": [ 116.3111, 40.0045 ] } },
{ "type": "Feature", "properties": { "decimalLatitude": 22.3428, "decimalLongitude": 114.198, "month": 4, "species_sci": "Spilopelia chinensis", "species_com": "Spotted Dove" }, "geometry": { "type": "Point", "coordinates": [ 114.198, 22.3428 ] } },
{ "type": "Feature", "properties": { "decimalLatitude": 22.2002, "decimalLongitude": 113.5476, "month": 4, "species_sci": "Spilopelia chinensis", "species_com": "Spotted Dove" }, "geometry": { "type": "Point", "coordinates": [ 113.5476, 22.2002 ] } },
{ "type": "Feature", "properties": { "decimalLatitude": 22.4609, "decimalLongitude": 114.3285, "month": 4, "species_sci": "Spilopelia chinensis", "species_com": "Spotted Dove" }, "geometry": { "type": "Point", "coordinates": [ 114.3285, 22.4609 ] } },
{ "type": "Feature", "properties": { "decimalLatitude": -6.219, "decimalLongitude": 106.7999, "month": 4, "species_sci": "Spilopelia chinensis", "species_com": "Spotted Dove" }, "geometry": { "type": "Point", "coordinates": [ 106.7999, -6.219 ] } },
{ "type": "Feature", "properties": { "decimalLatitude": 22.3227, "decimalLongitude": 114.2488, "month": 4, "species_sci": "Spilopelia chinensis", "species_com": "Spotted Dove" }, "geometry": { "type": "Point", "coordinates": [ 114.2488, 22.3227 ] } },
{ "type": "Feature", "properties": { "decimalLatitude": 31.1745, "decimalLongitude": 121.464, "month": 4, "species_sci": "Spilopelia chinensis", "species_com": "Spotted Dove" }, "geometry": { "type": "Point", "coordinates": [ 121.464, 31.1745 ] } },
{ "type": "Feature", "properties": { "decimalLatitude": 11.7905, "decimalLongitude": 76.1018, "month": 4, "species_sci": "Spilopelia chinensis", "species_com": "Spotted Dove" }, "geometry": { "type": "Point", "coordinates": [ 76.1018, 11.7905 ] } },
{ "type": "Feature", "properties": { "decimalLatitude": -34.812, "decimalLongitude": 138.6904, "month": 4, "species_sci": "Spilopelia chinensis", "species_com": "Spotted Dove" }, "geometry": { "type": "Point", "coordinates": [ 138.6904, -34.812 ] } },
{ "type": "Feature", "properties": { "decimalLatitude": 22.2435, "decimalLongitude": 114.1505, "month": 4, "species_sci": "Spilopelia chinensis", "species_com": "Spotted Dove" }, "geometry": { "type": "Point", "coordinates": [ 114.1505, 22.2435 ] } },
{ "type": "Feature", "properties": { "decimalLatitude": -37.8322, "decimalLongitude": 145.0015, "month": 4, "species_sci": "Spilopelia chinensis", "species_com": "Spotted Dove" }, "geometry": { "type": "Point", "coordinates": [ 145.0015, -37.8322 ] } },
{ "type": "Feature", "properties": { "decimalLatitude": 24.9556, "decimalLongitude": 118.6045, "month": 4, "species_sci": "Spilopelia chinensis", "species_com": "Spotted Dove" }, "geometry": { "type": "Point", "coordinates": [ 118.6045, 24.9556 ] } },
{ "type": "Feature", "properties": { "decimalLatitude": 31.3769, "decimalLongitude": 121.3522, "month": 4, "species_sci": "Spilopelia chinensis", "species_com": "Spotted Dove" }, "geometry": { "type": "Point", "coordinates": [ 121.3522, 31.3769 ] } },
{ "type": "Feature", "properties": { "decimalLatitude": 22.2079, "decimalLongitude": 113.5435, "month": 4, "species_sci": "Spilopelia chinensis", "species_com": "Spotted Dove" }, "geometry": { "type": "Point", "coordinates": [ 113.5435, 22.2079 ] } },
{ "type": "Feature", "properties": { "decimalLatitude": 26.365, "decimalLongitude": 91.1983, "month": 4, "species_sci": "Spilopelia chinensis", "species_com": "Spotted Dove" }, "geometry": { "type": "Point", "coordinates": [ 91.1983, 26.365 ] } },
{ "type": "Feature", "properties": { "decimalLatitude": 25.0345, "decimalLongitude": 121.5443, "month": 4, "species_sci": "Spilopelia chinensis", "species_com": "Spotted Dove" }, "geometry": { "type": "Point", "coordinates": [ 121.5443, 25.0345 ] } },
{ "type": "Feature", "properties": { "decimalLatitude": 25.0591, "decimalLongitude": 121.4904, "month": 4, "species_sci": "Spilopelia chinensis", "species_com": "Spotted Dove" }, "geometry": { "type": "Point", "coordinates": [ 121.4904, 25.0591 ] } },
{ "type": "Feature", "properties": { "decimalLatitude": -8.5183, "decimalLongitude": 115.2637, "month": 4, "species_sci": "Spilopelia chinensis", "species_com": "Spotted Dove" }, "geometry": { "type": "Point", "coordinates": [ 115.2637, -8.5183 ] } },
{ "type": "Feature", "properties": { "decimalLatitude": -37.8255, "decimalLongitude": 145.1636, "month": 4, "species_sci": "Spilopelia chinensis", "species_com": "Spotted Dove" }, "geometry": { "type": "Point", "coordinates": [ 145.1636, -37.8255 ] } },
{ "type": "Feature", "properties": { "decimalLatitude": -16.9187, "decimalLongitude": 145.7766, "month": 4, "species_sci": "Spilopelia chinensis", "species_com": "Spotted Dove" }, "geometry": { "type": "Point", "coordinates": [ 145.7766, -16.9187 ] } },
{ "type": "Feature", "properties": { "decimalLatitude": -38.0281, "decimalLongitude": 145.3235, "month": 4, "species_sci": "Spilopelia chinensis", "species_com": "Spotted Dove" }, "geometry": { "type": "Point", "coordinates": [ 145.3235, -38.0281 ] } },
{ "type": "Feature", "properties": { "decimalLatitude": -34.987, "decimalLongitude": 138.5119, "month": 4, "species_sci": "Spilopelia chinensis", "species_com": "Spotted Dove" }, "geometry": { "type": "Point", "coordinates": [ 138.5119, -34.987 ] } },
{ "type": "Feature", "properties": { "decimalLatitude": 6.4501, "decimalLongitude": 80.8948, "month": 4, "species_sci": "Spilopelia chinensis", "species_com": "Spotted Dove" }, "geometry": { "type": "Point", "coordinates": [ 80.8948, 6.4501 ] } },
{ "type": "Feature", "properties": { "decimalLatitude": -37.9433, "decimalLongitude": 145.0356, "month": 4, "species_sci": "Spilopelia chinensis", "species_com": "Spotted Dove" }, "geometry": { "type": "Point", "coordinates": [ 145.0356, -37.9433 ] } },
{ "type": "Feature", "properties": { "decimalLatitude": -37.8276, "decimalLongitude": 145.1635, "month": 4, "species_sci": "Spilopelia chinensis", "species_com": "Spotted Dove" }, "geometry": { "type": "Point", "coordinates": [ 145.1635, -37.8276 ] } },
{ "type": "Feature", "properties": { "decimalLatitude": 36.0472, "decimalLongitude": 103.854, "month": 4, "species_sci": "Spilopelia chinensis", "species_com": "Spotted Dove" }, "geometry": { "type": "Point", "coordinates": [ 103.854, 36.0472 ] } },
{ "type": "Feature", "properties": { "decimalLatitude": 22.3743, "decimalLongitude": 114.2663, "month": 4, "species_sci": "Spilopelia chinensis", "species_com": "Spotted Dove" }, "geometry": { "type": "Point", "coordinates": [ 114.2663, 22.3743 ] } },
{ "type": "Feature", "properties": { "decimalLatitude": 39.8854, "decimalLongitude": 116.4063, "month": 4, "species_sci": "Spilopelia chinensis", "species_com": "Spotted Dove" }, "geometry": { "type": "Point", "coordinates": [ 116.4063, 39.8854 ] } },
{ "type": "Feature", "properties": { "decimalLatitude": 22.3257, "decimalLongitude": 114.2541, "month": 4, "species_sci": "Spilopelia chinensis", "species_com": "Spotted Dove" }, "geometry": { "type": "Point", "coordinates": [ 114.2541, 22.3257 ] } },
{ "type": "Feature", "properties": { "decimalLatitude": 11.4154, "decimalLongitude": 77.6716, "month": 4, "species_sci": "Spilopelia chinensis", "species_com": "Spotted Dove" }, "geometry": { "type": "Point", "coordinates": [ 77.6716, 11.4154 ] } },
{ "type": "Feature", "properties": { "decimalLatitude": 24.1725, "decimalLongitude": 81.524, "month": 4, "species_sci": "Spilopelia chinensis", "species_com": "Spotted Dove" }, "geometry": { "type": "Point", "coordinates": [ 81.524, 24.1725 ] } },
{ "type": "Feature", "properties": { "decimalLatitude": 19.3224, "decimalLongitude": 83.8694, "month": 4, "species_sci": "Spilopelia chinensis", "species_com": "Spotted Dove" }, "geometry": { "type": "Point", "coordinates": [ 83.8694, 19.3224 ] } },
{ "type": "Feature", "properties": { "decimalLatitude": 22.2161, "decimalLongitude": 113.5461, "month": 4, "species_sci": "Spilopelia chinensis", "species_com": "Spotted Dove" }, "geometry": { "type": "Point", "coordinates": [ 113.5461, 22.2161 ] } },
{ "type": "Feature", "properties": { "decimalLatitude": -35.3133, "decimalLongitude": 149.1634, "month": 4, "species_sci": "Spilopelia chinensis", "species_com": "Spotted Dove" }, "geometry": { "type": "Point", "coordinates": [ 149.1634, -35.3133 ] } },
{ "type": "Feature", "properties": { "decimalLatitude": 22.3445, "decimalLongitude": 114.2046, "month": 4, "species_sci": "Spilopelia chinensis", "species_com": "Spotted Dove" }, "geometry": { "type": "Point", "coordinates": [ 114.2046, 22.3445 ] } },
{ "type": "Feature", "properties": { "decimalLatitude": 19.3467, "decimalLongitude": 83.7752, "month": 4, "species_sci": "Spilopelia chinensis", "species_com": "Spotted Dove" }, "geometry": { "type": "Point", "coordinates": [ 83.7752, 19.3467 ] } },
{ "type": "Feature", "properties": { "decimalLatitude": 22.2159, "decimalLongitude": 113.5454, "month": 4, "species_sci": "Spilopelia chinensis", "species_com": "Spotted Dove" }, "geometry": { "type": "Point", "coordinates": [ 113.5454, 22.2159 ] } },
{ "type": "Feature", "properties": { "decimalLatitude": 29.5788, "decimalLongitude": 106.5834, "month": 4, "species_sci": "Spilopelia chinensis", "species_com": "Spotted Dove" }, "geometry": { "type": "Point", "coordinates": [ 106.5834, 29.5788 ] } },
{ "type": "Feature", "properties": { "decimalLatitude": 22.212, "decimalLongitude": 113.5542, "month": 4, "species_sci": "Spilopelia chinensis", "species_com": "Spotted Dove" }, "geometry": { "type": "Point", "coordinates": [ 113.5542, 22.212 ] } },
{ "type": "Feature", "properties": { "decimalLatitude": 31.5009, "decimalLongitude": 119.7869, "month": 4, "species_sci": "Spilopelia chinensis", "species_com": "Spotted Dove" }, "geometry": { "type": "Point", "coordinates": [ 119.7869, 31.5009 ] } },
{ "type": "Feature", "properties": { "decimalLatitude": 22.278, "decimalLongitude": 113.9329, "month": 4, "species_sci": "Spilopelia chinensis", "species_com": "Spotted Dove" }, "geometry": { "type": "Point", "coordinates": [ 113.9329, 22.278 ] } },
{ "type": "Feature", "properties": { "decimalLatitude": -6.3077, "decimalLongitude": 106.8186, "month": 4, "species_sci": "Spilopelia chinensis", "species_com": "Spotted Dove" }, "geometry": { "type": "Point", "coordinates": [ 106.8186, -6.3077 ] } },
{ "type": "Feature", "properties": { "decimalLatitude": 23.9873, "decimalLongitude": 121.5602, "month": 4, "species_sci": "Spilopelia chinensis", "species_com": "Spotted Dove" }, "geometry": { "type": "Point", "coordinates": [ 121.5602, 23.9873 ] } },
{ "type": "Feature", "properties": { "decimalLatitude": 31.2003, "decimalLongitude": 121.5363, "month": 4, "species_sci": "Spilopelia chinensis", "species_com": "Spotted Dove" }, "geometry": { "type": "Point", "coordinates": [ 121.5363, 31.2003 ] } },
{ "type": "Feature", "properties": { "decimalLatitude": -37.8299, "decimalLongitude": 144.9788, "month": 4, "species_sci": "Spilopelia chinensis", "species_com": "Spotted Dove" }, "geometry": { "type": "Point", "coordinates": [ 144.9788, -37.8299 ] } },
{ "type": "Feature", "properties": { "decimalLatitude": 22.3227, "decimalLongitude": 114.2584, "month": 4, "species_sci": "Spilopelia chinensis", "species_com": "Spotted Dove" }, "geometry": { "type": "Point", "coordinates": [ 114.2584, 22.3227 ] } },
{ "type": "Feature", "properties": { "decimalLatitude": 22.3444, "decimalLongitude": 114.2047, "month": 4, "species_sci": "Spilopelia chinensis", "species_com": "Spotted Dove" }, "geometry": { "type": "Point", "coordinates": [ 114.2047, 22.3444 ] } },
{ "type": "Feature", "properties": { "decimalLatitude": 22.2105, "decimalLongitude": 113.5464, "month": 4, "species_sci": "Spilopelia chinensis", "species_com": "Spotted Dove" }, "geometry": { "type": "Point", "coordinates": [ 113.5464, 22.2105 ] } },
{ "type": "Feature", "properties": { "decimalLatitude": 22.4606, "decimalLongitude": 114.33, "month": 4, "species_sci": "Spilopelia chinensis", "species_com": "Spotted Dove" }, "geometry": { "type": "Point", "coordinates": [ 114.33, 22.4606 ] } },
{ "type": "Feature", "properties": { "decimalLatitude": 17.7032, "decimalLongitude": 83.3067, "month": 4, "species_sci": "Spilopelia chinensis", "species_com": "Spotted Dove" }, "geometry": { "type": "Point", "coordinates": [ 83.3067, 17.7032 ] } },
{ "type": "Feature", "properties": { "decimalLatitude": 22.3575, "decimalLongitude": 114.106, "month": 4, "species_sci": "Spilopelia chinensis", "species_com": "Spotted Dove" }, "geometry": { "type": "Point", "coordinates": [ 114.106, 22.3575 ] } },
{ "type": "Feature", "properties": { "decimalLatitude": 22.356, "decimalLongitude": 114.1088, "month": 4, "species_sci": "Spilopelia chinensis", "species_com": "Spotted Dove" }, "geometry": { "type": "Point", "coordinates": [ 114.1088, 22.356 ] } },
{ "type": "Feature", "properties": { "decimalLatitude": -17.6381, "decimalLongitude": 177.065, "month": 4, "species_sci": "Spilopelia chinensis", "species_com": "Spotted Dove" }, "geometry": { "type": "Point", "coordinates": [ 177.065, -17.6381 ] } },
{ "type": "Feature", "properties": { "decimalLatitude": 22.3444, "decimalLongitude": 114.2059, "month": 4, "species_sci": "Spilopelia chinensis", "species_com": "Spotted Dove" }, "geometry": { "type": "Point", "coordinates": [ 114.2059, 22.3444 ] } },
{ "type": "Feature", "properties": { "decimalLatitude": 22.1596, "decimalLongitude": 113.5543, "month": 4, "species_sci": "Spilopelia chinensis", "species_com": "Spotted Dove" }, "geometry": { "type": "Point", "coordinates": [ 113.5543, 22.1596 ] } },
{ "type": "Feature", "properties": { "decimalLatitude": 22.2445, "decimalLongitude": 114.1536, "month": 4, "species_sci": "Spilopelia chinensis", "species_com": "Spotted Dove" }, "geometry": { "type": "Point", "coordinates": [ 114.1536, 22.2445 ] } },
{ "type": "Feature", "properties": { "decimalLatitude": -37.8279, "decimalLongitude": 145.1623, "month": 4, "species_sci": "Spilopelia chinensis", "species_com": "Spotted Dove" }, "geometry": { "type": "Point", "coordinates": [ 145.1623, -37.8279 ] } },
{ "type": "Feature", "properties": { "decimalLatitude": 22.2004, "decimalLongitude": 113.5475, "month": 4, "species_sci": "Spilopelia chinensis", "species_com": "Spotted Dove" }, "geometry": { "type": "Point", "coordinates": [ 113.5475, 22.2004 ] } },
{ "type": "Feature", "properties": { "decimalLatitude": 18.6951, "decimalLongitude": 72.9228, "month": 4, "species_sci": "Spilopelia chinensis", "species_com": "Spotted Dove" }, "geometry": { "type": "Point", "coordinates": [ 72.9228, 18.6951 ] } },
{ "type": "Feature", "properties": { "decimalLatitude": -37.8001, "decimalLongitude": 144.9634, "month": 4, "species_sci": "Spilopelia chinensis", "species_com": "Spotted Dove" }, "geometry": { "type": "Point", "coordinates": [ 144.9634, -37.8001 ] } },
{ "type": "Feature", "properties": { "decimalLatitude": 30.3043, "decimalLongitude": 120.2295, "month": 4, "species_sci": "Spilopelia chinensis", "species_com": "Spotted Dove" }, "geometry": { "type": "Point", "coordinates": [ 120.2295, 30.3043 ] } },
{ "type": "Feature", "properties": { "decimalLatitude": 16.4752, "decimalLongitude": 102.8234, "month": 4, "species_sci": "Spilopelia chinensis", "species_com": "Spotted Dove" }, "geometry": { "type": "Point", "coordinates": [ 102.8234, 16.4752 ] } },
{ "type": "Feature", "properties": { "decimalLatitude": -34.3935, "decimalLongitude": 150.9053, "month": 4, "species_sci": "Spilopelia chinensis", "species_com": "Spotted Dove" }, "geometry": { "type": "Point", "coordinates": [ 150.9053, -34.3935 ] } },
{ "type": "Feature", "properties": { "decimalLatitude": 21.2631, "decimalLongitude": -157.8047, "month": 4, "species_sci": "Spilopelia chinensis", "species_com": "Spotted Dove" }, "geometry": { "type": "Point", "coordinates": [ -157.8047, 21.2631 ] } },
{ "type": "Feature", "properties": { "decimalLatitude": 22.3386, "decimalLongitude": 114.2051, "month": 4, "species_sci": "Spilopelia chinensis", "species_com": "Spotted Dove" }, "geometry": { "type": "Point", "coordinates": [ 114.2051, 22.3386 ] } },
{ "type": "Feature", "properties": { "decimalLatitude": 28.4459, "decimalLongitude": 119.9128, "month": 4, "species_sci": "Spilopelia chinensis", "species_com": "Spotted Dove" }, "geometry": { "type": "Point", "coordinates": [ 119.9128, 28.4459 ] } },
{ "type": "Feature", "properties": { "decimalLatitude": 22.2044, "decimalLongitude": 113.5604, "month": 4, "species_sci": "Spilopelia chinensis", "species_com": "Spotted Dove" }, "geometry": { "type": "Point", "coordinates": [ 113.5604, 22.2044 ] } },
{ "type": "Feature", "properties": { "decimalLatitude": 17.396, "decimalLongitude": 78.3546, "month": 4, "species_sci": "Spilopelia chinensis", "species_com": "Spotted Dove" }, "geometry": { "type": "Point", "coordinates": [ 78.3546, 17.396 ] } },
{ "type": "Feature", "properties": { "decimalLatitude": 24.1667, "decimalLongitude": 120.6632, "month": 4, "species_sci": "Spilopelia chinensis", "species_com": "Spotted Dove" }, "geometry": { "type": "Point", "coordinates": [ 120.6632, 24.1667 ] } },
{ "type": "Feature", "properties": { "decimalLatitude": 13.7369, "decimalLongitude": 100.5287, "month": 4, "species_sci": "Spilopelia chinensis", "species_com": "Spotted Dove" }, "geometry": { "type": "Point", "coordinates": [ 100.5287, 13.7369 ] } },
{ "type": "Feature", "properties": { "decimalLatitude": 22.1984, "decimalLongitude": 113.5518, "month": 4, "species_sci": "Spilopelia chinensis", "species_com": "Spotted Dove" }, "geometry": { "type": "Point", "coordinates": [ 113.5518, 22.1984 ] } },
{ "type": "Feature", "properties": { "decimalLatitude": 22.4305, "decimalLongitude": 114.1827, "month": 4, "species_sci": "Spilopelia chinensis", "species_com": "Spotted Dove" }, "geometry": { "type": "Point", "coordinates": [ 114.1827, 22.4305 ] } },
{ "type": "Feature", "properties": { "decimalLatitude": 22.2166, "decimalLongitude": 113.5467, "month": 4, "species_sci": "Spilopelia chinensis", "species_com": "Spotted Dove" }, "geometry": { "type": "Point", "coordinates": [ 113.5467, 22.2166 ] } },
{ "type": "Feature", "properties": { "decimalLatitude": -37.8281, "decimalLongitude": 145.1633, "month": 4, "species_sci": "Spilopelia chinensis", "species_com": "Spotted Dove" }, "geometry": { "type": "Point", "coordinates": [ 145.1633, -37.8281 ] } },
{ "type": "Feature", "properties": { "decimalLatitude": 24.5527, "decimalLongitude": 120.816, "month": 4, "species_sci": "Spilopelia chinensis", "species_com": "Spotted Dove" }, "geometry": { "type": "Point", "coordinates": [ 120.816, 24.5527 ] } },
{ "type": "Feature", "properties": { "decimalLatitude": 22.2206, "decimalLongitude": 113.9164, "month": 4, "species_sci": "Spilopelia chinensis", "species_com": "Spotted Dove" }, "geometry": { "type": "Point", "coordinates": [ 113.9164, 22.2206 ] } },
{ "type": "Feature", "properties": { "decimalLatitude": 22.1521, "decimalLongitude": 113.56, "month": 4, "species_sci": "Spilopelia chinensis", "species_com": "Spotted Dove" }, "geometry": { "type": "Point", "coordinates": [ 113.56, 22.1521 ] } },
{ "type": "Feature", "properties": { "decimalLatitude": -38.1559, "decimalLongitude": 145.9272, "month": 4, "species_sci": "Spilopelia chinensis", "species_com": "Spotted Dove" }, "geometry": { "type": "Point", "coordinates": [ 145.9272, -38.1559 ] } },
{ "type": "Feature", "properties": { "decimalLatitude": 22.1546, "decimalLongitude": 113.5596, "month": 4, "species_sci": "Spilopelia chinensis", "species_com": "Spotted Dove" }, "geometry": { "type": "Point", "coordinates": [ 113.5596, 22.1546 ] } },
{ "type": "Feature", "properties": { "decimalLatitude": 12.8453, "decimalLongitude": 77.7769, "month": 4, "species_sci": "Spilopelia chinensis", "species_com": "Spotted Dove" }, "geometry": { "type": "Point", "coordinates": [ 77.7769, 12.8453 ] } },
{ "type": "Feature", "properties": { "decimalLatitude": 22.3562, "decimalLongitude": 114.2514, "month": 4, "species_sci": "Spilopelia chinensis", "species_com": "Spotted Dove" }, "geometry": { "type": "Point", "coordinates": [ 114.2514, 22.3562 ] } },
{ "type": "Feature", "properties": { "decimalLatitude": -20.9465, "decimalLongitude": 164.6854, "month": 4, "species_sci": "Spilopelia chinensis", "species_com": "Spotted Dove" }, "geometry": { "type": "Point", "coordinates": [ 164.6854, -20.9465 ] } },
{ "type": "Feature", "properties": { "decimalLatitude": 22.2068, "decimalLongitude": 113.5407, "month": 4, "species_sci": "Spilopelia chinensis", "species_com": "Spotted Dove" }, "geometry": { "type": "Point", "coordinates": [ 113.5407, 22.2068 ] } },
{ "type": "Feature", "properties": { "decimalLatitude": 20.9158, "decimalLongitude": -156.6956, "month": 4, "species_sci": "Spilopelia chinensis", "species_com": "Spotted Dove" }, "geometry": { "type": "Point", "coordinates": [ -156.6956, 20.9158 ] } },
{ "type": "Feature", "properties": { "decimalLatitude": -8.6718, "decimalLongitude": 115.2329, "month": 5, "species_sci": "Spilopelia chinensis", "species_com": "Spotted Dove" }, "geometry": { "type": "Point", "coordinates": [ 115.2329, -8.6718 ] } },
{ "type": "Feature", "properties": { "decimalLatitude": 22.4242, "decimalLongitude": 114.2315, "month": 5, "species_sci": "Spilopelia chinensis", "species_com": "Spotted Dove" }, "geometry": { "type": "Point", "coordinates": [ 114.2315, 22.4242 ] } },
{ "type": "Feature", "properties": { "decimalLatitude": 26.3273, "decimalLongitude": 91.0013, "month": 5, "species_sci": "Spilopelia chinensis", "species_com": "Spotted Dove" }, "geometry": { "type": "Point", "coordinates": [ 91.0013, 26.3273 ] } },
{ "type": "Feature", "properties": { "decimalLatitude": -41.3892, "decimalLongitude": 147.1301, "month": 5, "species_sci": "Spilopelia chinensis", "species_com": "Spotted Dove" }, "geometry": { "type": "Point", "coordinates": [ 147.1301, -41.3892 ] } },
{ "type": "Feature", "properties": { "decimalLatitude": 1.3301, "decimalLongitude": 103.8441, "month": 5, "species_sci": "Spilopelia chinensis", "species_com": "Spotted Dove" }, "geometry": { "type": "Point", "coordinates": [ 103.8441, 1.3301 ] } },
{ "type": "Feature", "properties": { "decimalLatitude": 13.7343, "decimalLongitude": 100.5577, "month": 5, "species_sci": "Spilopelia chinensis", "species_com": "Spotted Dove" }, "geometry": { "type": "Point", "coordinates": [ 100.5577, 13.7343 ] } },
{ "type": "Feature", "properties": { "decimalLatitude": 22.2009, "decimalLongitude": 113.5477, "month": 5, "species_sci": "Spilopelia chinensis", "species_com": "Spotted Dove" }, "geometry": { "type": "Point", "coordinates": [ 113.5477, 22.2009 ] } },
{ "type": "Feature", "properties": { "decimalLatitude": 25.1275, "decimalLongitude": 121.5318, "month": 5, "species_sci": "Spilopelia chinensis", "species_com": "Spotted Dove" }, "geometry": { "type": "Point", "coordinates": [ 121.5318, 25.1275 ] } },
{ "type": "Feature", "properties": { "decimalLatitude": 21.3091, "decimalLongitude": -157.6571, "month": 5, "species_sci": "Spilopelia chinensis", "species_com": "Spotted Dove" }, "geometry": { "type": "Point", "coordinates": [ -157.6571, 21.3091 ] } },
{ "type": "Feature", "properties": { "decimalLatitude": 1.3951, "decimalLongitude": 103.8326, "month": 5, "species_sci": "Spilopelia chinensis", "species_com": "Spotted Dove" }, "geometry": { "type": "Point", "coordinates": [ 103.8326, 1.3951 ] } },
{ "type": "Feature", "properties": { "decimalLatitude": 22.3772, "decimalLongitude": 114.1779, "month": 5, "species_sci": "Spilopelia chinensis", "species_com": "Spotted Dove" }, "geometry": { "type": "Point", "coordinates": [ 114.1779, 22.3772 ] } },
{ "type": "Feature", "properties": { "decimalLatitude": 31.5834, "decimalLongitude": 120.4664, "month": 5, "species_sci": "Spilopelia chinensis", "species_com": "Spotted Dove" }, "geometry": { "type": "Point", "coordinates": [ 120.4664, 31.5834 ] } },
{ "type": "Feature", "properties": { "decimalLatitude": -37.8264, "decimalLongitude": 145.0546, "month": 5, "species_sci": "Spilopelia chinensis", "species_com": "Spotted Dove" }, "geometry": { "type": "Point", "coordinates": [ 145.0546, -37.8264 ] } },
{ "type": "Feature", "properties": { "decimalLatitude": 22.2001, "decimalLongitude": 113.5513, "month": 5, "species_sci": "Spilopelia chinensis", "species_com": "Spotted Dove" }, "geometry": { "type": "Point", "coordinates": [ 113.5513, 22.2001 ] } },
{ "type": "Feature", "properties": { "decimalLatitude": -20.9466, "decimalLongitude": 164.6853, "month": 5, "species_sci": "Spilopelia chinensis", "species_com": "Spotted Dove" }, "geometry": { "type": "Point", "coordinates": [ 164.6853, -20.9466 ] } },
{ "type": "Feature", "properties": { "decimalLatitude": 12.219, "decimalLongitude": 99.8766, "month": 5, "species_sci": "Spilopelia chinensis", "species_com": "Spotted Dove" }, "geometry": { "type": "Point", "coordinates": [ 99.8766, 12.219 ] } },
{ "type": "Feature", "properties": { "decimalLatitude": 21.3312, "decimalLongitude": -157.8139, "month": 5, "species_sci": "Spilopelia chinensis", "species_com": "Spotted Dove" }, "geometry": { "type": "Point", "coordinates": [ -157.8139, 21.3312 ] } },
{ "type": "Feature", "properties": { "decimalLatitude": 10.2332, "decimalLongitude": 77.491, "month": 5, "species_sci": "Spilopelia chinensis", "species_com": "Spotted Dove" }, "geometry": { "type": "Point", "coordinates": [ 77.491, 10.2332 ] } },
{ "type": "Feature", "properties": { "decimalLatitude": 23.7604, "decimalLongitude": 91.2622, "month": 5, "species_sci": "Spilopelia chinensis", "species_com": "Spotted Dove" }, "geometry": { "type": "Point", "coordinates": [ 91.2622, 23.7604 ] } },
{ "type": "Feature", "properties": { "decimalLatitude": 1.4455, "decimalLongitude": 103.7311, "month": 5, "species_sci": "Spilopelia chinensis", "species_com": "Spotted Dove" }, "geometry": { "type": "Point", "coordinates": [ 103.7311, 1.4455 ] } },
{ "type": "Feature", "properties": { "decimalLatitude": 22.3773, "decimalLongitude": 113.9661, "month": 5, "species_sci": "Spilopelia chinensis", "species_com": "Spotted Dove" }, "geometry": { "type": "Point", "coordinates": [ 113.9661, 22.3773 ] } },
{ "type": "Feature", "properties": { "decimalLatitude": 25.085, "decimalLongitude": 121.6004, "month": 5, "species_sci": "Spilopelia chinensis", "species_com": "Spotted Dove" }, "geometry": { "type": "Point", "coordinates": [ 121.6004, 25.085 ] } },
{ "type": "Feature", "properties": { "decimalLatitude": -28.5764, "decimalLongitude": 150.7557, "month": 5, "species_sci": "Spilopelia chinensis", "species_com": "Spotted Dove" }, "geometry": { "type": "Point", "coordinates": [ 150.7557, -28.5764 ] } },
{ "type": "Feature", "properties": { "decimalLatitude": 17.3963, "decimalLongitude": 78.3544, "month": 5, "species_sci": "Spilopelia chinensis", "species_com": "Spotted Dove" }, "geometry": { "type": "Point", "coordinates": [ 78.3544, 17.3963 ] } },
{ "type": "Feature", "properties": { "decimalLatitude": 22.1964, "decimalLongitude": 113.5497, "month": 5, "species_sci": "Spilopelia chinensis", "species_com": "Spotted Dove" }, "geometry": { "type": "Point", "coordinates": [ 113.5497, 22.1964 ] } },
{ "type": "Feature", "properties": { "decimalLatitude": 22.2076, "decimalLongitude": 113.5481, "month": 5, "species_sci": "Spilopelia chinensis", "species_com": "Spotted Dove" }, "geometry": { "type": "Point", "coordinates": [ 113.5481, 22.2076 ] } },
{ "type": "Feature", "properties": { "decimalLatitude": 1.3394, "decimalLongitude": 103.8746, "month": 5, "species_sci": "Spilopelia chinensis", "species_com": "Spotted Dove" }, "geometry": { "type": "Point", "coordinates": [ 103.8746, 1.3394 ] } },
{ "type": "Feature", "properties": { "decimalLatitude": 21.2978, "decimalLongitude": -157.8167, "month": 5, "species_sci": "Spilopelia chinensis", "species_com": "Spotted Dove" }, "geometry": { "type": "Point", "coordinates": [ -157.8167, 21.2978 ] } },
{ "type": "Feature", "properties": { "decimalLatitude": 23.0014, "decimalLongitude": 120.2128, "month": 5, "species_sci": "Spilopelia chinensis", "species_com": "Spotted Dove" }, "geometry": { "type": "Point", "coordinates": [ 120.2128, 23.0014 ] } },
{ "type": "Feature", "properties": { "decimalLatitude": 3.0622, "decimalLongitude": 101.8083, "month": 5, "species_sci": "Spilopelia chinensis", "species_com": "Spotted Dove" }, "geometry": { "type": "Point", "coordinates": [ 101.8083, 3.0622 ] } },
{ "type": "Feature", "properties": { "decimalLatitude": 31.4872, "decimalLongitude": 120.508, "month": 5, "species_sci": "Spilopelia chinensis", "species_com": "Spotted Dove" }, "geometry": { "type": "Point", "coordinates": [ 120.508, 31.4872 ] } },
{ "type": "Feature", "properties": { "decimalLatitude": -27.4381, "decimalLongitude": 151.7092, "month": 5, "species_sci": "Spilopelia chinensis", "species_com": "Spotted Dove" }, "geometry": { "type": "Point", "coordinates": [ 151.7092, -27.4381 ] } },
{ "type": "Feature", "properties": { "decimalLatitude": 22.2006, "decimalLongitude": 113.5508, "month": 5, "species_sci": "Spilopelia chinensis", "species_com": "Spotted Dove" }, "geometry": { "type": "Point", "coordinates": [ 113.5508, 22.2006 ] } },
{ "type": "Feature", "properties": { "decimalLatitude": 26.5853, "decimalLongitude": 93.4114, "month": 5, "species_sci": "Spilopelia chinensis", "species_com": "Spotted Dove" }, "geometry": { "type": "Point", "coordinates": [ 93.4114, 26.5853 ] } },
{ "type": "Feature", "properties": { "decimalLatitude": 30.25, "decimalLongitude": 119.911, "month": 5, "species_sci": "Spilopelia chinensis", "species_com": "Spotted Dove" }, "geometry": { "type": "Point", "coordinates": [ 119.911, 30.25 ] } },
{ "type": "Feature", "properties": { "decimalLatitude": -32.154, "decimalLongitude": 115.7647, "month": 5, "species_sci": "Spilopelia chinensis", "species_com": "Spotted Dove" }, "geometry": { "type": "Point", "coordinates": [ 115.7647, -32.154 ] } },
{ "type": "Feature", "properties": { "decimalLatitude": -37.8063, "decimalLongitude": 145.2056, "month": 5, "species_sci": "Spilopelia chinensis", "species_com": "Spotted Dove" }, "geometry": { "type": "Point", "coordinates": [ 145.2056, -37.8063 ] } },
{ "type": "Feature", "properties": { "decimalLatitude": -34.9015, "decimalLongitude": 138.6492, "month": 5, "species_sci": "Spilopelia chinensis", "species_com": "Spotted Dove" }, "geometry": { "type": "Point", "coordinates": [ 138.6492, -34.9015 ] } },
{ "type": "Feature", "properties": { "decimalLatitude": -33.9506, "decimalLongitude": 150.8567, "month": 5, "species_sci": "Spilopelia chinensis", "species_com": "Spotted Dove" }, "geometry": { "type": "Point", "coordinates": [ 150.8567, -33.9506 ] } },
{ "type": "Feature", "properties": { "decimalLatitude": 22.9975, "decimalLongitude": 120.219, "month": 5, "species_sci": "Spilopelia chinensis", "species_com": "Spotted Dove" }, "geometry": { "type": "Point", "coordinates": [ 120.219, 22.9975 ] } },
{ "type": "Feature", "properties": { "decimalLatitude": -23.9659, "decimalLongitude": 151.3168, "month": 5, "species_sci": "Spilopelia chinensis", "species_com": "Spotted Dove" }, "geometry": { "type": "Point", "coordinates": [ 151.3168, -23.9659 ] } },
{ "type": "Feature", "properties": { "decimalLatitude": 22.1968, "decimalLongitude": 113.5535, "month": 5, "species_sci": "Spilopelia chinensis", "species_com": "Spotted Dove" }, "geometry": { "type": "Point", "coordinates": [ 113.5535, 22.1968 ] } },
{ "type": "Feature", "properties": { "decimalLatitude": 22.2131, "decimalLongitude": 113.5545, "month": 5, "species_sci": "Spilopelia chinensis", "species_com": "Spotted Dove" }, "geometry": { "type": "Point", "coordinates": [ 113.5545, 22.2131 ] } },
{ "type": "Feature", "properties": { "decimalLatitude": 24.047, "decimalLongitude": 120.6736, "month": 5, "species_sci": "Spilopelia chinensis", "species_com": "Spotted Dove" }, "geometry": { "type": "Point", "coordinates": [ 120.6736, 24.047 ] } },
{ "type": "Feature", "properties": { "decimalLatitude": 13.7276, "decimalLongitude": 100.5445, "month": 5, "species_sci": "Spilopelia chinensis", "species_com": "Spotted Dove" }, "geometry": { "type": "Point", "coordinates": [ 100.5445, 13.7276 ] } },
{ "type": "Feature", "properties": { "decimalLatitude": 21.1259, "decimalLongitude": 72.7339, "month": 5, "species_sci": "Spilopelia chinensis", "species_com": "Spotted Dove" }, "geometry": { "type": "Point", "coordinates": [ 72.7339, 21.1259 ] } },
{ "type": "Feature", "properties": { "decimalLatitude": 22.3875, "decimalLongitude": 113.9769, "month": 5, "species_sci": "Spilopelia chinensis", "species_com": "Spotted Dove" }, "geometry": { "type": "Point", "coordinates": [ 113.9769, 22.3875 ] } },
{ "type": "Feature", "properties": { "decimalLatitude": 31.4752, "decimalLongitude": 120.3726, "month": 5, "species_sci": "Spilopelia chinensis", "species_com": "Spotted Dove" }, "geometry": { "type": "Point", "coordinates": [ 120.3726, 31.4752 ] } },
{ "type": "Feature", "properties": { "decimalLatitude": -32.0476, "decimalLongitude": 115.7727, "month": 5, "species_sci": "Spilopelia chinensis", "species_com": "Spotted Dove" }, "geometry": { "type": "Point", "coordinates": [ 115.7727, -32.0476 ] } },
{ "type": "Feature", "properties": { "decimalLatitude": -33.946, "decimalLongitude": 150.8563, "month": 5, "species_sci": "Spilopelia chinensis", "species_com": "Spotted Dove" }, "geometry": { "type": "Point", "coordinates": [ 150.8563, -33.946 ] } },
{ "type": "Feature", "properties": { "decimalLatitude": 22.3664, "decimalLongitude": 114.1404, "month": 5, "species_sci": "Spilopelia chinensis", "species_com": "Spotted Dove" }, "geometry": { "type": "Point", "coordinates": [ 114.1404, 22.3664 ] } },
{ "type": "Feature", "properties": { "decimalLatitude": -6.9028, "decimalLongitude": 107.6227, "month": 5, "species_sci": "Spilopelia chinensis", "species_com": "Spotted Dove" }, "geometry": { "type": "Point", "coordinates": [ 107.6227, -6.9028 ] } },
{ "type": "Feature", "properties": { "decimalLatitude": 31.0218, "decimalLongitude": 121.425, "month": 5, "species_sci": "Spilopelia chinensis", "species_com": "Spotted Dove" }, "geometry": { "type": "Point", "coordinates": [ 121.425, 31.0218 ] } },
{ "type": "Feature", "properties": { "decimalLatitude": 20.6805, "decimalLongitude": -156.4428, "month": 5, "species_sci": "Spilopelia chinensis", "species_com": "Spotted Dove" }, "geometry": { "type": "Point", "coordinates": [ -156.4428, 20.6805 ] } },
{ "type": "Feature", "properties": { "decimalLatitude": -37.8274, "decimalLongitude": 145.1626, "month": 5, "species_sci": "Spilopelia chinensis", "species_com": "Spotted Dove" }, "geometry": { "type": "Point", "coordinates": [ 145.1626, -37.8274 ] } },
{ "type": "Feature", "properties": { "decimalLatitude": 21.3063, "decimalLongitude": -157.8632, "month": 5, "species_sci": "Spilopelia chinensis", "species_com": "Spotted Dove" }, "geometry": { "type": "Point", "coordinates": [ -157.8632, 21.3063 ] } },
{ "type": "Feature", "properties": { "decimalLatitude": -37.7601, "decimalLongitude": 145.041, "month": 5, "species_sci": "Spilopelia chinensis", "species_com": "Spotted Dove" }, "geometry": { "type": "Point", "coordinates": [ 145.041, -37.7601 ] } },
{ "type": "Feature", "properties": { "decimalLatitude": -37.8274, "decimalLongitude": 145.1626, "month": 5, "species_sci": "Spilopelia chinensis", "species_com": "Spotted Dove" }, "geometry": { "type": "Point", "coordinates": [ 145.1626, -37.8274 ] } },
{ "type": "Feature", "properties": { "decimalLatitude": -34.8435, "decimalLongitude": 138.5005, "month": 5, "species_sci": "Spilopelia chinensis", "species_com": "Spotted Dove" }, "geometry": { "type": "Point", "coordinates": [ 138.5005, -34.8435 ] } },
{ "type": "Feature", "properties": { "decimalLatitude": 20.788, "decimalLongitude": -156.004, "month": 5, "species_sci": "Spilopelia chinensis", "species_com": "Spotted Dove" }, "geometry": { "type": "Point", "coordinates": [ -156.004, 20.788 ] } },
{ "type": "Feature", "properties": { "decimalLatitude": -17.7607, "decimalLongitude": 177.1578, "month": 5, "species_sci": "Spilopelia chinensis", "species_com": "Spotted Dove" }, "geometry": { "type": "Point", "coordinates": [ 177.1578, -17.7607 ] } },
{ "type": "Feature", "properties": { "decimalLatitude": 28.1724, "decimalLongitude": 112.9415, "month": 5, "species_sci": "Spilopelia chinensis", "species_com": "Spotted Dove" }, "geometry": { "type": "Point", "coordinates": [ 112.9415, 28.1724 ] } },
{ "type": "Feature", "properties": { "decimalLatitude": -8.6422, "decimalLongitude": 115.1451, "month": 5, "species_sci": "Spilopelia chinensis", "species_com": "Spotted Dove" }, "geometry": { "type": "Point", "coordinates": [ 115.1451, -8.6422 ] } },
{ "type": "Feature", "properties": { "decimalLatitude": 16.4206, "decimalLongitude": 74.0429, "month": 5, "species_sci": "Spilopelia chinensis", "species_com": "Spotted Dove" }, "geometry": { "type": "Point", "coordinates": [ 74.0429, 16.4206 ] } },
{ "type": "Feature", "properties": { "decimalLatitude": 30.2742, "decimalLongitude": 120.1552, "month": 5, "species_sci": "Spilopelia chinensis", "species_com": "Spotted Dove" }, "geometry": { "type": "Point", "coordinates": [ 120.1552, 30.2742 ] } },
{ "type": "Feature", "properties": { "decimalLatitude": 25.0532, "decimalLongitude": 121.2905, "month": 5, "species_sci": "Spilopelia chinensis", "species_com": "Spotted Dove" }, "geometry": { "type": "Point", "coordinates": [ 121.2905, 25.0532 ] } },
{ "type": "Feature", "properties": { "decimalLatitude": 14.4836, "decimalLongitude": 100.5724, "month": 5, "species_sci": "Spilopelia chinensis", "species_com": "Spotted Dove" }, "geometry": { "type": "Point", "coordinates": [ 100.5724, 14.4836 ] } },
{ "type": "Feature", "properties": { "decimalLatitude": -37.8247, "decimalLongitude": 145.1647, "month": 5, "species_sci": "Spilopelia chinensis", "species_com": "Spotted Dove" }, "geometry": { "type": "Point", "coordinates": [ 145.1647, -37.8247 ] } },
{ "type": "Feature", "properties": { "decimalLatitude": -6.9083, "decimalLongitude": 107.7297, "month": 5, "species_sci": "Spilopelia chinensis", "species_com": "Spotted Dove" }, "geometry": { "type": "Point", "coordinates": [ 107.7297, -6.9083 ] } },
{ "type": "Feature", "properties": { "decimalLatitude": 31.591, "decimalLongitude": 120.7309, "month": 5, "species_sci": "Spilopelia chinensis", "species_com": "Spotted Dove" }, "geometry": { "type": "Point", "coordinates": [ 120.7309, 31.591 ] } },
{ "type": "Feature", "properties": { "decimalLatitude": 3.1392, "decimalLongitude": 101.686, "month": 5, "species_sci": "Spilopelia chinensis", "species_com": "Spotted Dove" }, "geometry": { "type": "Point", "coordinates": [ 101.686, 3.1392 ] } },
{ "type": "Feature", "properties": { "decimalLatitude": 31.1554, "decimalLongitude": 121.3797, "month": 5, "species_sci": "Spilopelia chinensis", "species_com": "Spotted Dove" }, "geometry": { "type": "Point", "coordinates": [ 121.3797, 31.1554 ] } },
{ "type": "Feature", "properties": { "decimalLatitude": -37.8278, "decimalLongitude": 145.1634, "month": 5, "species_sci": "Spilopelia chinensis", "species_com": "Spotted Dove" }, "geometry": { "type": "Point", "coordinates": [ 145.1634, -37.8278 ] } },
{ "type": "Feature", "properties": { "decimalLatitude": 22.4229, "decimalLongitude": 114.2362, "month": 5, "species_sci": "Spilopelia chinensis", "species_com": "Spotted Dove" }, "geometry": { "type": "Point", "coordinates": [ 114.2362, 22.4229 ] } },
{ "type": "Feature", "properties": { "decimalLatitude": 31.3248, "decimalLongitude": 120.6841, "month": 5, "species_sci": "Spilopelia chinensis", "species_com": "Spotted Dove" }, "geometry": { "type": "Point", "coordinates": [ 120.6841, 31.3248 ] } },
{ "type": "Feature", "properties": { "decimalLatitude": -28.8457, "decimalLongitude": 153.5834, "month": 5, "species_sci": "Spilopelia chinensis", "species_com": "Spotted Dove" }, "geometry": { "type": "Point", "coordinates": [ 153.5834, -28.8457 ] } },
{ "type": "Feature", "properties": { "decimalLatitude": -37.8642, "decimalLongitude": 145.0617, "month": 5, "species_sci": "Spilopelia chinensis", "species_com": "Spotted Dove" }, "geometry": { "type": "Point", "coordinates": [ 145.0617, -37.8642 ] } },
{ "type": "Feature", "properties": { "decimalLatitude": -37.782, "decimalLongitude": 144.944, "month": 5, "species_sci": "Spilopelia chinensis", "species_com": "Spotted Dove" }, "geometry": { "type": "Point", "coordinates": [ 144.944, -37.782 ] } },
{ "type": "Feature", "properties": { "decimalLatitude": 22.1579, "decimalLongitude": 113.5617, "month": 5, "species_sci": "Spilopelia chinensis", "species_com": "Spotted Dove" }, "geometry": { "type": "Point", "coordinates": [ 113.5617, 22.1579 ] } },
{ "type": "Feature", "properties": { "decimalLatitude": -36.9017, "decimalLongitude": 174.9302, "month": 5, "species_sci": "Spilopelia chinensis", "species_com": "Spotted Dove" }, "geometry": { "type": "Point", "coordinates": [ 174.9302, -36.9017 ] } },
{ "type": "Feature", "properties": { "decimalLatitude": -33.7002, "decimalLongitude": 150.9269, "month": 5, "species_sci": "Spilopelia chinensis", "species_com": "Spotted Dove" }, "geometry": { "type": "Point", "coordinates": [ 150.9269, -33.7002 ] } },
{ "type": "Feature", "properties": { "decimalLatitude": 22.1974, "decimalLongitude": 113.5501, "month": 5, "species_sci": "Spilopelia chinensis", "species_com": "Spotted Dove" }, "geometry": { "type": "Point", "coordinates": [ 113.5501, 22.1974 ] } },
{ "type": "Feature", "properties": { "decimalLatitude": 20.7555, "decimalLongitude": -156.4589, "month": 5, "species_sci": "Spilopelia chinensis", "species_com": "Spotted Dove" }, "geometry": { "type": "Point", "coordinates": [ -156.4589, 20.7555 ] } },
{ "type": "Feature", "properties": { "decimalLatitude": -33.9139, "decimalLongitude": 151.2684, "month": 5, "species_sci": "Spilopelia chinensis", "species_com": "Spotted Dove" }, "geometry": { "type": "Point", "coordinates": [ 151.2684, -33.9139 ] } },
{ "type": "Feature", "properties": { "decimalLatitude": 31.2008, "decimalLongitude": 121.5311, "month": 5, "species_sci": "Spilopelia chinensis", "species_com": "Spotted Dove" }, "geometry": { "type": "Point", "coordinates": [ 121.5311, 31.2008 ] } },
{ "type": "Feature", "properties": { "decimalLatitude": 22.6315, "decimalLongitude": 120.2936, "month": 5, "species_sci": "Spilopelia chinensis", "species_com": "Spotted Dove" }, "geometry": { "type": "Point", "coordinates": [ 120.2936, 22.6315 ] } },
{ "type": "Feature", "properties": { "decimalLatitude": 1.3621, "decimalLongitude": 103.8896, "month": 5, "species_sci": "Spilopelia chinensis", "species_com": "Spotted Dove" }, "geometry": { "type": "Point", "coordinates": [ 103.8896, 1.3621 ] } },
{ "type": "Feature", "properties": { "decimalLatitude": -38.0783, "decimalLongitude": 145.3746, "month": 5, "species_sci": "Spilopelia chinensis", "species_com": "Spotted Dove" }, "geometry": { "type": "Point", "coordinates": [ 145.3746, -38.0783 ] } },
{ "type": "Feature", "properties": { "decimalLatitude": 30.5513, "decimalLongitude": 119.003, "month": 5, "species_sci": "Spilopelia chinensis", "species_com": "Spotted Dove" }, "geometry": { "type": "Point", "coordinates": [ 119.003, 30.5513 ] } },
{ "type": "Feature", "properties": { "decimalLatitude": 12.8544, "decimalLongitude": 77.51, "month": 5, "species_sci": "Spilopelia chinensis", "species_com": "Spotted Dove" }, "geometry": { "type": "Point", "coordinates": [ 77.51, 12.8544 ] } },
{ "type": "Feature", "properties": { "decimalLatitude": -38.4046, "decimalLongitude": 144.1971, "month": 5, "species_sci": "Spilopelia chinensis", "species_com": "Spotted Dove" }, "geometry": { "type": "Point", "coordinates": [ 144.1971, -38.4046 ] } },
{ "type": "Feature", "properties": { "decimalLatitude": 21.2842, "decimalLongitude": -157.7226, "month": 5, "species_sci": "Spilopelia chinensis", "species_com": "Spotted Dove" }, "geometry": { "type": "Point", "coordinates": [ -157.7226, 21.2842 ] } },
{ "type": "Feature", "properties": { "decimalLatitude": 30.5163, "decimalLongitude": 114.4257, "month": 5, "species_sci": "Spilopelia chinensis", "species_com": "Spotted Dove" }, "geometry": { "type": "Point", "coordinates": [ 114.4257, 30.5163 ] } },
{ "type": "Feature", "properties": { "decimalLatitude": 31.105, "decimalLongitude": 77.164, "month": 5, "species_sci": "Spilopelia chinensis", "species_com": "Spotted Dove" }, "geometry": { "type": "Point", "coordinates": [ 77.164, 31.105 ] } },
{ "type": "Feature", "properties": { "decimalLatitude": 21.8858, "decimalLongitude": -159.4609, "month": 5, "species_sci": "Spilopelia chinensis", "species_com": "Spotted Dove" }, "geometry": { "type": "Point", "coordinates": [ -159.4609, 21.8858 ] } },
{ "type": "Feature", "properties": { "decimalLatitude": 22.6161, "decimalLongitude": 120.3035, "month": 5, "species_sci": "Spilopelia chinensis", "species_com": "Spotted Dove" }, "geometry": { "type": "Point", "coordinates": [ 120.3035, 22.6161 ] } },
{ "type": "Feature", "properties": { "decimalLatitude": 22.1974, "decimalLongitude": 113.5522, "month": 5, "species_sci": "Spilopelia chinensis", "species_com": "Spotted Dove" }, "geometry": { "type": "Point", "coordinates": [ 113.5522, 22.1974 ] } },
{ "type": "Feature", "properties": { "decimalLatitude": 10.5097, "decimalLongitude": 103.5653, "month": 5, "species_sci": "Spilopelia chinensis", "species_com": "Spotted Dove" }, "geometry": { "type": "Point", "coordinates": [ 103.5653, 10.5097 ] } },
{ "type": "Feature", "properties": { "decimalLatitude": 13.6889, "decimalLongitude": 100.5786, "month": 5, "species_sci": "Spilopelia chinensis", "species_com": "Spotted Dove" }, "geometry": { "type": "Point", "coordinates": [ 100.5786, 13.6889 ] } },
{ "type": "Feature", "properties": { "decimalLatitude": 22.5288, "decimalLongitude": 113.9891, "month": 5, "species_sci": "Spilopelia chinensis", "species_com": "Spotted Dove" }, "geometry": { "type": "Point", "coordinates": [ 113.9891, 22.5288 ] } },
{ "type": "Feature", "properties": { "decimalLatitude": 39.942, "decimalLongitude": 116.417, "month": 5, "species_sci": "Spilopelia chinensis", "species_com": "Spotted Dove" }, "geometry": { "type": "Point", "coordinates": [ 116.417, 39.942 ] } },
{ "type": "Feature", "properties": { "decimalLatitude": 24.1778, "decimalLongitude": 120.6505, "month": 5, "species_sci": "Spilopelia chinensis", "species_com": "Spotted Dove" }, "geometry": { "type": "Point", "coordinates": [ 120.6505, 24.1778 ] } },
{ "type": "Feature", "properties": { "decimalLatitude": 25.9103, "decimalLongitude": 119.5868, "month": 5, "species_sci": "Spilopelia chinensis", "species_com": "Spotted Dove" }, "geometry": { "type": "Point", "coordinates": [ 119.5868, 25.9103 ] } },
{ "type": "Feature", "properties": { "decimalLatitude": 10.7879, "decimalLongitude": 106.7075, "month": 5, "species_sci": "Spilopelia chinensis", "species_com": "Spotted Dove" }, "geometry": { "type": "Point", "coordinates": [ 106.7075, 10.7879 ] } },
{ "type": "Feature", "properties": { "decimalLatitude": 24.482, "decimalLongitude": 118.1025, "month": 5, "species_sci": "Spilopelia chinensis", "species_com": "Spotted Dove" }, "geometry": { "type": "Point", "coordinates": [ 118.1025, 24.482 ] } },
{ "type": "Feature", "properties": { "decimalLatitude": -37.8287, "decimalLongitude": 145.1622, "month": 5, "species_sci": "Spilopelia chinensis", "species_com": "Spotted Dove" }, "geometry": { "type": "Point", "coordinates": [ 145.1622, -37.8287 ] } },
{ "type": "Feature", "properties": { "decimalLatitude": 22.1982, "decimalLongitude": 113.5477, "month": 5, "species_sci": "Spilopelia chinensis", "species_com": "Spotted Dove" }, "geometry": { "type": "Point", "coordinates": [ 113.5477, 22.1982 ] } },
{ "type": "Feature", "properties": { "decimalLatitude": 22.2001, "decimalLongitude": 113.5515, "month": 5, "species_sci": "Spilopelia chinensis", "species_com": "Spotted Dove" }, "geometry": { "type": "Point", "coordinates": [ 113.5515, 22.2001 ] } },
{ "type": "Feature", "properties": { "decimalLatitude": 22.6601, "decimalLongitude": 120.2986, "month": 5, "species_sci": "Spilopelia chinensis", "species_com": "Spotted Dove" }, "geometry": { "type": "Point", "coordinates": [ 120.2986, 22.6601 ] } },
{ "type": "Feature", "properties": { "decimalLatitude": 31.3177, "decimalLongitude": 120.5889, "month": 5, "species_sci": "Spilopelia chinensis", "species_com": "Spotted Dove" }, "geometry": { "type": "Point", "coordinates": [ 120.5889, 31.3177 ] } },
{ "type": "Feature", "properties": { "decimalLatitude": 4.3941, "decimalLongitude": 113.9815, "month": 5, "species_sci": "Spilopelia chinensis", "species_com": "Spotted Dove" }, "geometry": { "type": "Point", "coordinates": [ 113.9815, 4.3941 ] } },
{ "type": "Feature", "properties": { "decimalLatitude": -34.9243, "decimalLongitude": 138.6332, "month": 5, "species_sci": "Spilopelia chinensis", "species_com": "Spotted Dove" }, "geometry": { "type": "Point", "coordinates": [ 138.6332, -34.9243 ] } },
{ "type": "Feature", "properties": { "decimalLatitude": 22.4472, "decimalLongitude": 114.0251, "month": 5, "species_sci": "Spilopelia chinensis", "species_com": "Spotted Dove" }, "geometry": { "type": "Point", "coordinates": [ 114.0251, 22.4472 ] } },
{ "type": "Feature", "properties": { "decimalLatitude": -33.9503, "decimalLongitude": 150.8567, "month": 5, "species_sci": "Spilopelia chinensis", "species_com": "Spotted Dove" }, "geometry": { "type": "Point", "coordinates": [ 150.8567, -33.9503 ] } },
{ "type": "Feature", "properties": { "decimalLatitude": 40.0155, "decimalLongitude": 116.3904, "month": 5, "species_sci": "Spilopelia chinensis", "species_com": "Spotted Dove" }, "geometry": { "type": "Point", "coordinates": [ 116.3904, 40.0155 ] } },
{ "type": "Feature", "properties": { "decimalLatitude": 30.7499, "decimalLongitude": 104.1939, "month": 5, "species_sci": "Spilopelia chinensis", "species_com": "Spotted Dove" }, "geometry": { "type": "Point", "coordinates": [ 104.1939, 30.7499 ] } },
{ "type": "Feature", "properties": { "decimalLatitude": 22.631, "decimalLongitude": 120.3002, "month": 5, "species_sci": "Spilopelia chinensis", "species_com": "Spotted Dove" }, "geometry": { "type": "Point", "coordinates": [ 120.3002, 22.631 ] } },
{ "type": "Feature", "properties": { "decimalLatitude": -35.4296, "decimalLongitude": 149.0714, "month": 5, "species_sci": "Spilopelia chinensis", "species_com": "Spotted Dove" }, "geometry": { "type": "Point", "coordinates": [ 149.0714, -35.4296 ] } },
{ "type": "Feature", "properties": { "decimalLatitude": -36.8544, "decimalLongitude": 174.7623, "month": 5, "species_sci": "Spilopelia chinensis", "species_com": "Spotted Dove" }, "geometry": { "type": "Point", "coordinates": [ 174.7623, -36.8544 ] } },
{ "type": "Feature", "properties": { "decimalLatitude": 21.2872, "decimalLongitude": -157.834, "month": 5, "species_sci": "Spilopelia chinensis", "species_com": "Spotted Dove" }, "geometry": { "type": "Point", "coordinates": [ -157.834, 21.2872 ] } },
{ "type": "Feature", "properties": { "decimalLatitude": 29.3898, "decimalLongitude": 78.1485, "month": 5, "species_sci": "Spilopelia chinensis", "species_com": "Spotted Dove" }, "geometry": { "type": "Point", "coordinates": [ 78.1485, 29.3898 ] } },
{ "type": "Feature", "properties": { "decimalLatitude": 22.1987, "decimalLongitude": 113.5518, "month": 5, "species_sci": "Spilopelia chinensis", "species_com": "Spotted Dove" }, "geometry": { "type": "Point", "coordinates": [ 113.5518, 22.1987 ] } },
{ "type": "Feature", "properties": { "decimalLatitude": 22.2818, "decimalLongitude": 113.9812, "month": 5, "species_sci": "Spilopelia chinensis", "species_com": "Spotted Dove" }, "geometry": { "type": "Point", "coordinates": [ 113.9812, 22.2818 ] } },
{ "type": "Feature", "properties": { "decimalLatitude": 29.6752, "decimalLongitude": 79.5142, "month": 5, "species_sci": "Spilopelia chinensis", "species_com": "Spotted Dove" }, "geometry": { "type": "Point", "coordinates": [ 79.5142, 29.6752 ] } },
{ "type": "Feature", "properties": { "decimalLatitude": 23.2219, "decimalLongitude": 120.3988, "month": 5, "species_sci": "Spilopelia chinensis", "species_com": "Spotted Dove" }, "geometry": { "type": "Point", "coordinates": [ 120.3988, 23.2219 ] } },
{ "type": "Feature", "properties": { "decimalLatitude": -8.6825, "decimalLongitude": 115.2643, "month": 5, "species_sci": "Spilopelia chinensis", "species_com": "Spotted Dove" }, "geometry": { "type": "Point", "coordinates": [ 115.2643, -8.6825 ] } },
{ "type": "Feature", "properties": { "decimalLatitude": 22.1957, "decimalLongitude": 113.5494, "month": 5, "species_sci": "Spilopelia chinensis", "species_com": "Spotted Dove" }, "geometry": { "type": "Point", "coordinates": [ 113.5494, 22.1957 ] } },
{ "type": "Feature", "properties": { "decimalLatitude": -37.8239, "decimalLongitude": 145.0551, "month": 5, "species_sci": "Spilopelia chinensis", "species_com": "Spotted Dove" }, "geometry": { "type": "Point", "coordinates": [ 145.0551, -37.8239 ] } },
{ "type": "Feature", "properties": { "decimalLatitude": 22.2003, "decimalLongitude": 113.5475, "month": 5, "species_sci": "Spilopelia chinensis", "species_com": "Spotted Dove" }, "geometry": { "type": "Point", "coordinates": [ 113.5475, 22.2003 ] } },
{ "type": "Feature", "properties": { "decimalLatitude": 27.5685, "decimalLongitude": 84.521, "month": 5, "species_sci": "Spilopelia chinensis", "species_com": "Spotted Dove" }, "geometry": { "type": "Point", "coordinates": [ 84.521, 27.5685 ] } },
{ "type": "Feature", "properties": { "decimalLatitude": -30.2928, "decimalLongitude": 153.124, "month": 5, "species_sci": "Spilopelia chinensis", "species_com": "Spotted Dove" }, "geometry": { "type": "Point", "coordinates": [ 153.124, -30.2928 ] } },
{ "type": "Feature", "properties": { "decimalLatitude": 2.6775, "decimalLongitude": 98.8527, "month": 5, "species_sci": "Spilopelia chinensis", "species_com": "Spotted Dove" }, "geometry": { "type": "Point", "coordinates": [ 98.8527, 2.6775 ] } },
{ "type": "Feature", "properties": { "decimalLatitude": 24.1161, "decimalLongitude": 120.7502, "month": 5, "species_sci": "Spilopelia chinensis", "species_com": "Spotted Dove" }, "geometry": { "type": "Point", "coordinates": [ 120.7502, 24.1161 ] } },
{ "type": "Feature", "properties": { "decimalLatitude": 23.1315, "decimalLongitude": 120.3103, "month": 5, "species_sci": "Spilopelia chinensis", "species_com": "Spotted Dove" }, "geometry": { "type": "Point", "coordinates": [ 120.3103, 23.1315 ] } },
{ "type": "Feature", "properties": { "decimalLatitude": -22.2921, "decimalLongitude": 166.444, "month": 5, "species_sci": "Spilopelia chinensis", "species_com": "Spotted Dove" }, "geometry": { "type": "Point", "coordinates": [ 166.444, -22.2921 ] } },
{ "type": "Feature", "properties": { "decimalLatitude": 39.93, "decimalLongitude": 116.3854, "month": 5, "species_sci": "Spilopelia chinensis", "species_com": "Spotted Dove" }, "geometry": { "type": "Point", "coordinates": [ 116.3854, 39.93 ] } },
{ "type": "Feature", "properties": { "decimalLatitude": 1.3384, "decimalLongitude": 103.8745, "month": 5, "species_sci": "Spilopelia chinensis", "species_com": "Spotted Dove" }, "geometry": { "type": "Point", "coordinates": [ 103.8745, 1.3384 ] } },
{ "type": "Feature", "properties": { "decimalLatitude": 1.4439, "decimalLongitude": 103.7846, "month": 5, "species_sci": "Spilopelia chinensis", "species_com": "Spotted Dove" }, "geometry": { "type": "Point", "coordinates": [ 103.7846, 1.4439 ] } },
{ "type": "Feature", "properties": { "decimalLatitude": 30.6599, "decimalLongitude": 104.1039, "month": 5, "species_sci": "Spilopelia chinensis", "species_com": "Spotted Dove" }, "geometry": { "type": "Point", "coordinates": [ 104.1039, 30.6599 ] } },
{ "type": "Feature", "properties": { "decimalLatitude": 25.0454, "decimalLongitude": 121.4463, "month": 5, "species_sci": "Spilopelia chinensis", "species_com": "Spotted Dove" }, "geometry": { "type": "Point", "coordinates": [ 121.4463, 25.0454 ] } },
{ "type": "Feature", "properties": { "decimalLatitude": 22.256, "decimalLongitude": 114.1394, "month": 5, "species_sci": "Spilopelia chinensis", "species_com": "Spotted Dove" }, "geometry": { "type": "Point", "coordinates": [ 114.1394, 22.256 ] } },
{ "type": "Feature", "properties": { "decimalLatitude": 8.1181, "decimalLongitude": 98.6213, "month": 5, "species_sci": "Spilopelia chinensis", "species_com": "Spotted Dove" }, "geometry": { "type": "Point", "coordinates": [ 98.6213, 8.1181 ] } },
{ "type": "Feature", "properties": { "decimalLatitude": 24.316, "decimalLongitude": 120.5515, "month": 5, "species_sci": "Spilopelia chinensis", "species_com": "Spotted Dove" }, "geometry": { "type": "Point", "coordinates": [ 120.5515, 24.316 ] } },
{ "type": "Feature", "properties": { "decimalLatitude": 22.9768, "decimalLongitude": 120.2073, "month": 5, "species_sci": "Spilopelia chinensis", "species_com": "Spotted Dove" }, "geometry": { "type": "Point", "coordinates": [ 120.2073, 22.9768 ] } },
{ "type": "Feature", "properties": { "decimalLatitude": 1.3147, "decimalLongitude": 103.8149, "month": 5, "species_sci": "Spilopelia chinensis", "species_com": "Spotted Dove" }, "geometry": { "type": "Point", "coordinates": [ 103.8149, 1.3147 ] } },
{ "type": "Feature", "properties": { "decimalLatitude": 22.2003, "decimalLongitude": 113.5523, "month": 5, "species_sci": "Spilopelia chinensis", "species_com": "Spotted Dove" }, "geometry": { "type": "Point", "coordinates": [ 113.5523, 22.2003 ] } },
{ "type": "Feature", "properties": { "decimalLatitude": 13.4344, "decimalLongitude": 123.5239, "month": 5, "species_sci": "Spilopelia chinensis", "species_com": "Spotted Dove" }, "geometry": { "type": "Point", "coordinates": [ 123.5239, 13.4344 ] } },
{ "type": "Feature", "properties": { "decimalLatitude": 22.7234, "decimalLongitude": 88.4703, "month": 5, "species_sci": "Spilopelia chinensis", "species_com": "Spotted Dove" }, "geometry": { "type": "Point", "coordinates": [ 88.4703, 22.7234 ] } },
{ "type": "Feature", "properties": { "decimalLatitude": -37.8262, "decimalLongitude": 145.1631, "month": 5, "species_sci": "Spilopelia chinensis", "species_com": "Spotted Dove" }, "geometry": { "type": "Point", "coordinates": [ 145.1631, -37.8262 ] } },
{ "type": "Feature", "properties": { "decimalLatitude": 4.309, "decimalLongitude": 113.985, "month": 5, "species_sci": "Spilopelia chinensis", "species_com": "Spotted Dove" }, "geometry": { "type": "Point", "coordinates": [ 113.985, 4.309 ] } },
{ "type": "Feature", "properties": { "decimalLatitude": 21.3188, "decimalLongitude": -157.7952, "month": 6, "species_sci": "Spilopelia chinensis", "species_com": "Spotted Dove" }, "geometry": { "type": "Point", "coordinates": [ -157.7952, 21.3188 ] } },
{ "type": "Feature", "properties": { "decimalLatitude": 13.8235, "decimalLongitude": 100.5962, "month": 6, "species_sci": "Spilopelia chinensis", "species_com": "Spotted Dove" }, "geometry": { "type": "Point", "coordinates": [ 100.5962, 13.8235 ] } },
{ "type": "Feature", "properties": { "decimalLatitude": 19.3605, "decimalLongitude": 98.446, "month": 6, "species_sci": "Spilopelia chinensis", "species_com": "Spotted Dove" }, "geometry": { "type": "Point", "coordinates": [ 98.446, 19.3605 ] } },
{ "type": "Feature", "properties": { "decimalLatitude": 31.3883, "decimalLongitude": 120.922, "month": 6, "species_sci": "Spilopelia chinensis", "species_com": "Spotted Dove" }, "geometry": { "type": "Point", "coordinates": [ 120.922, 31.3883 ] } },
{ "type": "Feature", "properties": { "decimalLatitude": -38.26, "decimalLongitude": 144.5167, "month": 6, "species_sci": "Spilopelia chinensis", "species_com": "Spotted Dove" }, "geometry": { "type": "Point", "coordinates": [ 144.5167, -38.26 ] } },
{ "type": "Feature", "properties": { "decimalLatitude": 21.4307, "decimalLongitude": -157.8322, "month": 6, "species_sci": "Spilopelia chinensis", "species_com": "Spotted Dove" }, "geometry": { "type": "Point", "coordinates": [ -157.8322, 21.4307 ] } },
{ "type": "Feature", "properties": { "decimalLatitude": -28.3779, "decimalLongitude": 153.391, "month": 6, "species_sci": "Spilopelia chinensis", "species_com": "Spotted Dove" }, "geometry": { "type": "Point", "coordinates": [ 153.391, -28.3779 ] } },
{ "type": "Feature", "properties": { "decimalLatitude": 18.3277, "decimalLongitude": 109.4034, "month": 6, "species_sci": "Spilopelia chinensis", "species_com": "Spotted Dove" }, "geometry": { "type": "Point", "coordinates": [ 109.4034, 18.3277 ] } },
{ "type": "Feature", "properties": { "decimalLatitude": 1.3223, "decimalLongitude": 103.8149, "month": 6, "species_sci": "Spilopelia chinensis", "species_com": "Spotted Dove" }, "geometry": { "type": "Point", "coordinates": [ 103.8149, 1.3223 ] } },
{ "type": "Feature", "properties": { "decimalLatitude": 19.7165, "decimalLongitude": -155.0869, "month": 6, "species_sci": "Spilopelia chinensis", "species_com": "Spotted Dove" }, "geometry": { "type": "Point", "coordinates": [ -155.0869, 19.7165 ] } },
{ "type": "Feature", "properties": { "decimalLatitude": 1.2899, "decimalLongitude": 103.8539, "month": 6, "species_sci": "Spilopelia chinensis", "species_com": "Spotted Dove" }, "geometry": { "type": "Point", "coordinates": [ 103.8539, 1.2899 ] } },
{ "type": "Feature", "properties": { "decimalLatitude": -25.5477, "decimalLongitude": 152.6799, "month": 6, "species_sci": "Spilopelia chinensis", "species_com": "Spotted Dove" }, "geometry": { "type": "Point", "coordinates": [ 152.6799, -25.5477 ] } },
{ "type": "Feature", "properties": { "decimalLatitude": 30.5238, "decimalLongitude": 119.6237, "month": 6, "species_sci": "Spilopelia chinensis", "species_com": "Spotted Dove" }, "geometry": { "type": "Point", "coordinates": [ 119.6237, 30.5238 ] } },
{ "type": "Feature", "properties": { "decimalLatitude": 6.8704, "decimalLongitude": 81.0595, "month": 6, "species_sci": "Spilopelia chinensis", "species_com": "Spotted Dove" }, "geometry": { "type": "Point", "coordinates": [ 81.0595, 6.8704 ] } },
{ "type": "Feature", "properties": { "decimalLatitude": 22.2172, "decimalLongitude": -159.5765, "month": 6, "species_sci": "Spilopelia chinensis", "species_com": "Spotted Dove" }, "geometry": { "type": "Point", "coordinates": [ -159.5765, 22.2172 ] } },
{ "type": "Feature", "properties": { "decimalLatitude": 22.2203, "decimalLongitude": 113.9163, "month": 6, "species_sci": "Spilopelia chinensis", "species_com": "Spotted Dove" }, "geometry": { "type": "Point", "coordinates": [ 113.9163, 22.2203 ] } },
{ "type": "Feature", "properties": { "decimalLatitude": 1.3429, "decimalLongitude": 103.7221, "month": 6, "species_sci": "Spilopelia chinensis", "species_com": "Spotted Dove" }, "geometry": { "type": "Point", "coordinates": [ 103.7221, 1.3429 ] } },
{ "type": "Feature", "properties": { "decimalLatitude": -36.6031, "decimalLongitude": 174.8057, "month": 6, "species_sci": "Spilopelia chinensis", "species_com": "Spotted Dove" }, "geometry": { "type": "Point", "coordinates": [ 174.8057, -36.6031 ] } },
{ "type": "Feature", "properties": { "decimalLatitude": 7.2745, "decimalLongitude": 80.6364, "month": 6, "species_sci": "Spilopelia chinensis", "species_com": "Spotted Dove" }, "geometry": { "type": "Point", "coordinates": [ 80.6364, 7.2745 ] } },
{ "type": "Feature", "properties": { "decimalLatitude": 30.7147, "decimalLongitude": 103.8569, "month": 6, "species_sci": "Spilopelia chinensis", "species_com": "Spotted Dove" }, "geometry": { "type": "Point", "coordinates": [ 103.8569, 30.7147 ] } },
{ "type": "Feature", "properties": { "decimalLatitude": -6.1633, "decimalLongitude": 106.8969, "month": 6, "species_sci": "Spilopelia chinensis", "species_com": "Spotted Dove" }, "geometry": { "type": "Point", "coordinates": [ 106.8969, -6.1633 ] } },
{ "type": "Feature", "properties": { "decimalLatitude": -37.8309, "decimalLongitude": 144.9802, "month": 6, "species_sci": "Spilopelia chinensis", "species_com": "Spotted Dove" }, "geometry": { "type": "Point", "coordinates": [ 144.9802, -37.8309 ] } },
{ "type": "Feature", "properties": { "decimalLatitude": -38.2067, "decimalLongitude": 144.3275, "month": 6, "species_sci": "Spilopelia chinensis", "species_com": "Spotted Dove" }, "geometry": { "type": "Point", "coordinates": [ 144.3275, -38.2067 ] } },
{ "type": "Feature", "properties": { "decimalLatitude": 31.0562, "decimalLongitude": 121.7157, "month": 6, "species_sci": "Spilopelia chinensis", "species_com": "Spotted Dove" }, "geometry": { "type": "Point", "coordinates": [ 121.7157, 31.0562 ] } },
{ "type": "Feature", "properties": { "decimalLatitude": 30.6784, "decimalLongitude": 104.0704, "month": 6, "species_sci": "Spilopelia chinensis", "species_com": "Spotted Dove" }, "geometry": { "type": "Point", "coordinates": [ 104.0704, 30.6784 ] } },
{ "type": "Feature", "properties": { "decimalLatitude": 24.2338, "decimalLongitude": 120.7466, "month": 6, "species_sci": "Spilopelia chinensis", "species_com": "Spotted Dove" }, "geometry": { "type": "Point", "coordinates": [ 120.7466, 24.2338 ] } },
{ "type": "Feature", "properties": { "decimalLatitude": -37.799, "decimalLongitude": 144.8257, "month": 6, "species_sci": "Spilopelia chinensis", "species_com": "Spotted Dove" }, "geometry": { "type": "Point", "coordinates": [ 144.8257, -37.799 ] } },
{ "type": "Feature", "properties": { "decimalLatitude": -38.5993, "decimalLongitude": 145.5883, "month": 6, "species_sci": "Spilopelia chinensis", "species_com": "Spotted Dove" }, "geometry": { "type": "Point", "coordinates": [ 145.5883, -38.5993 ] } },
{ "type": "Feature", "properties": { "decimalLatitude": 25.0414, "decimalLongitude": 121.5219, "month": 6, "species_sci": "Spilopelia chinensis", "species_com": "Spotted Dove" }, "geometry": { "type": "Point", "coordinates": [ 121.5219, 25.0414 ] } },
{ "type": "Feature", "properties": { "decimalLatitude": 22.3029, "decimalLongitude": 87.9615, "month": 6, "species_sci": "Spilopelia chinensis", "species_com": "Spotted Dove" }, "geometry": { "type": "Point", "coordinates": [ 87.9615, 22.3029 ] } },
{ "type": "Feature", "properties": { "decimalLatitude": 29.0121, "decimalLongitude": 113.0125, "month": 6, "species_sci": "Spilopelia chinensis", "species_com": "Spotted Dove" }, "geometry": { "type": "Point", "coordinates": [ 113.0125, 29.0121 ] } },
{ "type": "Feature", "properties": { "decimalLatitude": 1.312, "decimalLongitude": 103.8121, "month": 6, "species_sci": "Spilopelia chinensis", "species_com": "Spotted Dove" }, "geometry": { "type": "Point", "coordinates": [ 103.8121, 1.312 ] } },
{ "type": "Feature", "properties": { "decimalLatitude": -37.7965, "decimalLongitude": 144.9431, "month": 6, "species_sci": "Spilopelia chinensis", "species_com": "Spotted Dove" }, "geometry": { "type": "Point", "coordinates": [ 144.9431, -37.7965 ] } },
{ "type": "Feature", "properties": { "decimalLatitude": 13.8363, "decimalLongitude": 100.611, "month": 6, "species_sci": "Spilopelia chinensis", "species_com": "Spotted Dove" }, "geometry": { "type": "Point", "coordinates": [ 100.611, 13.8363 ] } },
{ "type": "Feature", "properties": { "decimalLatitude": 22.2199, "decimalLongitude": 113.9173, "month": 6, "species_sci": "Spilopelia chinensis", "species_com": "Spotted Dove" }, "geometry": { "type": "Point", "coordinates": [ 113.9173, 22.2199 ] } },
{ "type": "Feature", "properties": { "decimalLatitude": -34.9394, "decimalLongitude": 150.7746, "month": 6, "species_sci": "Spilopelia chinensis", "species_com": "Spotted Dove" }, "geometry": { "type": "Point", "coordinates": [ 150.7746, -34.9394 ] } },
{ "type": "Feature", "properties": { "decimalLatitude": -34.482, "decimalLongitude": 150.885, "month": 6, "species_sci": "Spilopelia chinensis", "species_com": "Spotted Dove" }, "geometry": { "type": "Point", "coordinates": [ 150.885, -34.482 ] } },
{ "type": "Feature", "properties": { "decimalLatitude": 22.2842, "decimalLongitude": 114.159, "month": 6, "species_sci": "Spilopelia chinensis", "species_com": "Spotted Dove" }, "geometry": { "type": "Point", "coordinates": [ 114.159, 22.2842 ] } },
{ "type": "Feature", "properties": { "decimalLatitude": -35.2861, "decimalLongitude": 138.4594, "month": 6, "species_sci": "Spilopelia chinensis", "species_com": "Spotted Dove" }, "geometry": { "type": "Point", "coordinates": [ 138.4594, -35.2861 ] } },
{ "type": "Feature", "properties": { "decimalLatitude": -33.7178, "decimalLongitude": 151.2997, "month": 6, "species_sci": "Spilopelia chinensis", "species_com": "Spotted Dove" }, "geometry": { "type": "Point", "coordinates": [ 151.2997, -33.7178 ] } },
{ "type": "Feature", "properties": { "decimalLatitude": 1.2849, "decimalLongitude": 103.8323, "month": 6, "species_sci": "Spilopelia chinensis", "species_com": "Spotted Dove" }, "geometry": { "type": "Point", "coordinates": [ 103.8323, 1.2849 ] } },
{ "type": "Feature", "properties": { "decimalLatitude": 23.7172, "decimalLongitude": 120.37, "month": 6, "species_sci": "Spilopelia chinensis", "species_com": "Spotted Dove" }, "geometry": { "type": "Point", "coordinates": [ 120.37, 23.7172 ] } },
{ "type": "Feature", "properties": { "decimalLatitude": 23.6537, "decimalLongitude": 120.5138, "month": 6, "species_sci": "Spilopelia chinensis", "species_com": "Spotted Dove" }, "geometry": { "type": "Point", "coordinates": [ 120.5138, 23.6537 ] } },
{ "type": "Feature", "properties": { "decimalLatitude": 22.4464, "decimalLongitude": 114.0263, "month": 6, "species_sci": "Spilopelia chinensis", "species_com": "Spotted Dove" }, "geometry": { "type": "Point", "coordinates": [ 114.0263, 22.4464 ] } },
{ "type": "Feature", "properties": { "decimalLatitude": -24.7714, "decimalLongitude": 152.4143, "month": 6, "species_sci": "Spilopelia chinensis", "species_com": "Spotted Dove" }, "geometry": { "type": "Point", "coordinates": [ 152.4143, -24.7714 ] } },
{ "type": "Feature", "properties": { "decimalLatitude": 22.4981, "decimalLongitude": 114.1337, "month": 6, "species_sci": "Spilopelia chinensis", "species_com": "Spotted Dove" }, "geometry": { "type": "Point", "coordinates": [ 114.1337, 22.4981 ] } },
{ "type": "Feature", "properties": { "decimalLatitude": 22.3391, "decimalLongitude": 114.2047, "month": 6, "species_sci": "Spilopelia chinensis", "species_com": "Spotted Dove" }, "geometry": { "type": "Point", "coordinates": [ 114.2047, 22.3391 ] } },
{ "type": "Feature", "properties": { "decimalLatitude": 1.3361, "decimalLongitude": 103.87, "month": 6, "species_sci": "Spilopelia chinensis", "species_com": "Spotted Dove" }, "geometry": { "type": "Point", "coordinates": [ 103.87, 1.3361 ] } },
{ "type": "Feature", "properties": { "decimalLatitude": -6.1253, "decimalLongitude": 106.844, "month": 6, "species_sci": "Spilopelia chinensis", "species_com": "Spotted Dove" }, "geometry": { "type": "Point", "coordinates": [ 106.844, -6.1253 ] } },
{ "type": "Feature", "properties": { "decimalLatitude": 1.3831, "decimalLongitude": 103.9482, "month": 6, "species_sci": "Spilopelia chinensis", "species_com": "Spotted Dove" }, "geometry": { "type": "Point", "coordinates": [ 103.9482, 1.3831 ] } },
{ "type": "Feature", "properties": { "decimalLatitude": 8.4362, "decimalLongitude": 80.0732, "month": 6, "species_sci": "Spilopelia chinensis", "species_com": "Spotted Dove" }, "geometry": { "type": "Point", "coordinates": [ 80.0732, 8.4362 ] } },
{ "type": "Feature", "properties": { "decimalLatitude": -33.9334, "decimalLongitude": 150.8594, "month": 6, "species_sci": "Spilopelia chinensis", "species_com": "Spotted Dove" }, "geometry": { "type": "Point", "coordinates": [ 150.8594, -33.9334 ] } },
{ "type": "Feature", "properties": { "decimalLatitude": 28.3288, "decimalLongitude": 83.8734, "month": 6, "species_sci": "Spilopelia chinensis", "species_com": "Spotted Dove" }, "geometry": { "type": "Point", "coordinates": [ 83.8734, 28.3288 ] } },
{ "type": "Feature", "properties": { "decimalLatitude": -6.8744, "decimalLongitude": 107.6099, "month": 6, "species_sci": "Spilopelia chinensis", "species_com": "Spotted Dove" }, "geometry": { "type": "Point", "coordinates": [ 107.6099, -6.8744 ] } },
{ "type": "Feature", "properties": { "decimalLatitude": 40.0109, "decimalLongitude": 116.3925, "month": 6, "species_sci": "Spilopelia chinensis", "species_com": "Spotted Dove" }, "geometry": { "type": "Point", "coordinates": [ 116.3925, 40.0109 ] } },
{ "type": "Feature", "properties": { "decimalLatitude": 20.6806, "decimalLongitude": -156.4427, "month": 6, "species_sci": "Spilopelia chinensis", "species_com": "Spotted Dove" }, "geometry": { "type": "Point", "coordinates": [ -156.4427, 20.6806 ] } },
{ "type": "Feature", "properties": { "decimalLatitude": 20.6805, "decimalLongitude": -156.442, "month": 6, "species_sci": "Spilopelia chinensis", "species_com": "Spotted Dove" }, "geometry": { "type": "Point", "coordinates": [ -156.442, 20.6805 ] } },
{ "type": "Feature", "properties": { "decimalLatitude": 31.4138, "decimalLongitude": 120.8985, "month": 6, "species_sci": "Spilopelia chinensis", "species_com": "Spotted Dove" }, "geometry": { "type": "Point", "coordinates": [ 120.8985, 31.4138 ] } },
{ "type": "Feature", "properties": { "decimalLatitude": 20.907, "decimalLongitude": -156.4841, "month": 6, "species_sci": "Spilopelia chinensis", "species_com": "Spotted Dove" }, "geometry": { "type": "Point", "coordinates": [ -156.4841, 20.907 ] } },
{ "type": "Feature", "properties": { "decimalLatitude": 39.8792, "decimalLongitude": 116.4008, "month": 6, "species_sci": "Spilopelia chinensis", "species_com": "Spotted Dove" }, "geometry": { "type": "Point", "coordinates": [ 116.4008, 39.8792 ] } },
{ "type": "Feature", "properties": { "decimalLatitude": 22.4242, "decimalLongitude": 114.2315, "month": 6, "species_sci": "Spilopelia chinensis", "species_com": "Spotted Dove" }, "geometry": { "type": "Point", "coordinates": [ 114.2315, 22.4242 ] } },
{ "type": "Feature", "properties": { "decimalLatitude": 39.9909, "decimalLongitude": 116.2095, "month": 6, "species_sci": "Spilopelia chinensis", "species_com": "Spotted Dove" }, "geometry": { "type": "Point", "coordinates": [ 116.2095, 39.9909 ] } },
{ "type": "Feature", "properties": { "decimalLatitude": 20.2292, "decimalLongitude": 85.8633, "month": 6, "species_sci": "Spilopelia chinensis", "species_com": "Spotted Dove" }, "geometry": { "type": "Point", "coordinates": [ 85.8633, 20.2292 ] } },
{ "type": "Feature", "properties": { "decimalLatitude": 32.0766, "decimalLongitude": 118.788, "month": 6, "species_sci": "Spilopelia chinensis", "species_com": "Spotted Dove" }, "geometry": { "type": "Point", "coordinates": [ 118.788, 32.0766 ] } },
{ "type": "Feature", "properties": { "decimalLatitude": 1.3493, "decimalLongitude": 103.7762, "month": 6, "species_sci": "Spilopelia chinensis", "species_com": "Spotted Dove" }, "geometry": { "type": "Point", "coordinates": [ 103.7762, 1.3493 ] } },
{ "type": "Feature", "properties": { "decimalLatitude": 3.1531, "decimalLongitude": 101.685, "month": 6, "species_sci": "Spilopelia chinensis", "species_com": "Spotted Dove" }, "geometry": { "type": "Point", "coordinates": [ 101.685, 3.1531 ] } },
{ "type": "Feature", "properties": { "decimalLatitude": 21.2821, "decimalLongitude": -157.8373, "month": 6, "species_sci": "Spilopelia chinensis", "species_com": "Spotted Dove" }, "geometry": { "type": "Point", "coordinates": [ -157.8373, 21.2821 ] } },
{ "type": "Feature", "properties": { "decimalLatitude": -24.847, "decimalLongitude": 152.4735, "month": 6, "species_sci": "Spilopelia chinensis", "species_com": "Spotted Dove" }, "geometry": { "type": "Point", "coordinates": [ 152.4735, -24.847 ] } },
{ "type": "Feature", "properties": { "decimalLatitude": 14.5094, "decimalLongitude": 101.3777, "month": 6, "species_sci": "Spilopelia chinensis", "species_com": "Spotted Dove" }, "geometry": { "type": "Point", "coordinates": [ 101.3777, 14.5094 ] } },
{ "type": "Feature", "properties": { "decimalLatitude": 1.309, "decimalLongitude": 103.8157, "month": 6, "species_sci": "Spilopelia chinensis", "species_com": "Spotted Dove" }, "geometry": { "type": "Point", "coordinates": [ 103.8157, 1.309 ] } },
{ "type": "Feature", "properties": { "decimalLatitude": 21.2826, "decimalLongitude": -157.8369, "month": 6, "species_sci": "Spilopelia chinensis", "species_com": "Spotted Dove" }, "geometry": { "type": "Point", "coordinates": [ -157.8369, 21.2826 ] } },
{ "type": "Feature", "properties": { "decimalLatitude": -37.85, "decimalLongitude": 145.2907, "month": 6, "species_sci": "Spilopelia chinensis", "species_com": "Spotted Dove" }, "geometry": { "type": "Point", "coordinates": [ 145.2907, -37.85 ] } },
{ "type": "Feature", "properties": { "decimalLatitude": 21.2968, "decimalLongitude": 76.5098, "month": 6, "species_sci": "Spilopelia chinensis", "species_com": "Spotted Dove" }, "geometry": { "type": "Point", "coordinates": [ 76.5098, 21.2968 ] } },
{ "type": "Feature", "properties": { "decimalLatitude": 30.7399, "decimalLongitude": 104.1389, "month": 6, "species_sci": "Spilopelia chinensis", "species_com": "Spotted Dove" }, "geometry": { "type": "Point", "coordinates": [ 104.1389, 30.7399 ] } },
{ "type": "Feature", "properties": { "decimalLatitude": -38.3998, "decimalLongitude": 145.2174, "month": 6, "species_sci": "Spilopelia chinensis", "species_com": "Spotted Dove" }, "geometry": { "type": "Point", "coordinates": [ 145.2174, -38.3998 ] } },
{ "type": "Feature", "properties": { "decimalLatitude": -33.8809, "decimalLongitude": 151.1756, "month": 6, "species_sci": "Spilopelia chinensis", "species_com": "Spotted Dove" }, "geometry": { "type": "Point", "coordinates": [ 151.1756, -33.8809 ] } },
{ "type": "Feature", "properties": { "decimalLatitude": 8.5369, "decimalLongitude": 99.7233, "month": 6, "species_sci": "Spilopelia chinensis", "species_com": "Spotted Dove" }, "geometry": { "type": "Point", "coordinates": [ 99.7233, 8.5369 ] } },
{ "type": "Feature", "properties": { "decimalLatitude": 17.3959, "decimalLongitude": 78.3543, "month": 6, "species_sci": "Spilopelia chinensis", "species_com": "Spotted Dove" }, "geometry": { "type": "Point", "coordinates": [ 78.3543, 17.3959 ] } },
{ "type": "Feature", "properties": { "decimalLatitude": 1.3616, "decimalLongitude": 103.8484, "month": 6, "species_sci": "Spilopelia chinensis", "species_com": "Spotted Dove" }, "geometry": { "type": "Point", "coordinates": [ 103.8484, 1.3616 ] } },
{ "type": "Feature", "properties": { "decimalLatitude": 22.3377, "decimalLongitude": 114.1706, "month": 6, "species_sci": "Spilopelia chinensis", "species_com": "Spotted Dove" }, "geometry": { "type": "Point", "coordinates": [ 114.1706, 22.3377 ] } },
{ "type": "Feature", "properties": { "decimalLatitude": 22.219, "decimalLongitude": 114.2093, "month": 6, "species_sci": "Spilopelia chinensis", "species_com": "Spotted Dove" }, "geometry": { "type": "Point", "coordinates": [ 114.2093, 22.219 ] } },
{ "type": "Feature", "properties": { "decimalLatitude": -41.428, "decimalLongitude": 147.1388, "month": 6, "species_sci": "Spilopelia chinensis", "species_com": "Spotted Dove" }, "geometry": { "type": "Point", "coordinates": [ 147.1388, -41.428 ] } },
{ "type": "Feature", "properties": { "decimalLatitude": 23.6526, "decimalLongitude": 120.3086, "month": 6, "species_sci": "Spilopelia chinensis", "species_com": "Spotted Dove" }, "geometry": { "type": "Point", "coordinates": [ 120.3086, 23.6526 ] } },
{ "type": "Feature", "properties": { "decimalLatitude": 24.1464, "decimalLongitude": 120.6017, "month": 6, "species_sci": "Spilopelia chinensis", "species_com": "Spotted Dove" }, "geometry": { "type": "Point", "coordinates": [ 120.6017, 24.1464 ] } },
{ "type": "Feature", "properties": { "decimalLatitude": -37.8274, "decimalLongitude": 145.162, "month": 6, "species_sci": "Spilopelia chinensis", "species_com": "Spotted Dove" }, "geometry": { "type": "Point", "coordinates": [ 145.162, -37.8274 ] } },
{ "type": "Feature", "properties": { "decimalLatitude": -37.7963, "decimalLongitude": 144.9591, "month": 6, "species_sci": "Spilopelia chinensis", "species_com": "Spotted Dove" }, "geometry": { "type": "Point", "coordinates": [ 144.9591, -37.7963 ] } },
{ "type": "Feature", "properties": { "decimalLatitude": 13.7104, "decimalLongitude": 100.5088, "month": 6, "species_sci": "Spilopelia chinensis", "species_com": "Spotted Dove" }, "geometry": { "type": "Point", "coordinates": [ 100.5088, 13.7104 ] } },
{ "type": "Feature", "properties": { "decimalLatitude": 22.468, "decimalLongitude": 114.0031, "month": 6, "species_sci": "Spilopelia chinensis", "species_com": "Spotted Dove" }, "geometry": { "type": "Point", "coordinates": [ 114.0031, 22.468 ] } },
{ "type": "Feature", "properties": { "decimalLatitude": -22.3036, "decimalLongitude": 166.435, "month": 6, "species_sci": "Spilopelia chinensis", "species_com": "Spotted Dove" }, "geometry": { "type": "Point", "coordinates": [ 166.435, -22.3036 ] } },
{ "type": "Feature", "properties": { "decimalLatitude": -33.9461, "decimalLongitude": 150.8577, "month": 6, "species_sci": "Spilopelia chinensis", "species_com": "Spotted Dove" }, "geometry": { "type": "Point", "coordinates": [ 150.8577, -33.9461 ] } },
{ "type": "Feature", "properties": { "decimalLatitude": -6.2159, "decimalLongitude": 106.8028, "month": 6, "species_sci": "Spilopelia chinensis", "species_com": "Spotted Dove" }, "geometry": { "type": "Point", "coordinates": [ 106.8028, -6.2159 ] } },
{ "type": "Feature", "properties": { "decimalLatitude": -7.733, "decimalLongitude": 112.6567, "month": 6, "species_sci": "Spilopelia chinensis", "species_com": "Spotted Dove" }, "geometry": { "type": "Point", "coordinates": [ 112.6567, -7.733 ] } },
{ "type": "Feature", "properties": { "decimalLatitude": -6.2408, "decimalLongitude": 106.8523, "month": 6, "species_sci": "Spilopelia chinensis", "species_com": "Spotted Dove" }, "geometry": { "type": "Point", "coordinates": [ 106.8523, -6.2408 ] } },
{ "type": "Feature", "properties": { "decimalLatitude": 1.3796, "decimalLongitude": 103.9509, "month": 6, "species_sci": "Spilopelia chinensis", "species_com": "Spotted Dove" }, "geometry": { "type": "Point", "coordinates": [ 103.9509, 1.3796 ] } },
{ "type": "Feature", "properties": { "decimalLatitude": 1.3109, "decimalLongitude": 103.8137, "month": 6, "species_sci": "Spilopelia chinensis", "species_com": "Spotted Dove" }, "geometry": { "type": "Point", "coordinates": [ 103.8137, 1.3109 ] } },
{ "type": "Feature", "properties": { "decimalLatitude": -37.8273, "decimalLongitude": 145.1626, "month": 6, "species_sci": "Spilopelia chinensis", "species_com": "Spotted Dove" }, "geometry": { "type": "Point", "coordinates": [ 145.1626, -37.8273 ] } },
{ "type": "Feature", "properties": { "decimalLatitude": 25.07, "decimalLongitude": 121.3679, "month": 6, "species_sci": "Spilopelia chinensis", "species_com": "Spotted Dove" }, "geometry": { "type": "Point", "coordinates": [ 121.3679, 25.07 ] } },
{ "type": "Feature", "properties": { "decimalLatitude": -27.5477, "decimalLongitude": 153.0385, "month": 6, "species_sci": "Spilopelia chinensis", "species_com": "Spotted Dove" }, "geometry": { "type": "Point", "coordinates": [ 153.0385, -27.5477 ] } },
{ "type": "Feature", "properties": { "decimalLatitude": 23.0809, "decimalLongitude": 120.2009, "month": 6, "species_sci": "Spilopelia chinensis", "species_com": "Spotted Dove" }, "geometry": { "type": "Point", "coordinates": [ 120.2009, 23.0809 ] } },
{ "type": "Feature", "properties": { "decimalLatitude": 18.5306, "decimalLongitude": 73.7827, "month": 6, "species_sci": "Spilopelia chinensis", "species_com": "Spotted Dove" }, "geometry": { "type": "Point", "coordinates": [ 73.7827, 18.5306 ] } },
{ "type": "Feature", "properties": { "decimalLatitude": 6.3691, "decimalLongitude": 99.669, "month": 6, "species_sci": "Spilopelia chinensis", "species_com": "Spotted Dove" }, "geometry": { "type": "Point", "coordinates": [ 99.669, 6.3691 ] } },
{ "type": "Feature", "properties": { "decimalLatitude": 27.395, "decimalLongitude": 95.6287, "month": 6, "species_sci": "Spilopelia chinensis", "species_com": "Spotted Dove" }, "geometry": { "type": "Point", "coordinates": [ 95.6287, 27.395 ] } },
{ "type": "Feature", "properties": { "decimalLatitude": 25.0728, "decimalLongitude": 121.5163, "month": 6, "species_sci": "Spilopelia chinensis", "species_com": "Spotted Dove" }, "geometry": { "type": "Point", "coordinates": [ 121.5163, 25.0728 ] } },
{ "type": "Feature", "properties": { "decimalLatitude": -8.7857, "decimalLongitude": 115.2257, "month": 6, "species_sci": "Spilopelia chinensis", "species_com": "Spotted Dove" }, "geometry": { "type": "Point", "coordinates": [ 115.2257, -8.7857 ] } },
{ "type": "Feature", "properties": { "decimalLatitude": 22.2758, "decimalLongitude": 113.4483, "month": 6, "species_sci": "Spilopelia chinensis", "species_com": "Spotted Dove" }, "geometry": { "type": "Point", "coordinates": [ 113.4483, 22.2758 ] } },
{ "type": "Feature", "properties": { "decimalLatitude": 27.3972, "decimalLongitude": 95.612, "month": 6, "species_sci": "Spilopelia chinensis", "species_com": "Spotted Dove" }, "geometry": { "type": "Point", "coordinates": [ 95.612, 27.3972 ] } },
{ "type": "Feature", "properties": { "decimalLatitude": -28.146, "decimalLongitude": 153.4985, "month": 6, "species_sci": "Spilopelia chinensis", "species_com": "Spotted Dove" }, "geometry": { "type": "Point", "coordinates": [ 153.4985, -28.146 ] } },
{ "type": "Feature", "properties": { "decimalLatitude": 33.345, "decimalLongitude": -118.3287, "month": 6, "species_sci": "Spilopelia chinensis", "species_com": "Spotted Dove" }, "geometry": { "type": "Point", "coordinates": [ -118.3287, 33.345 ] } },
{ "type": "Feature", "properties": { "decimalLatitude": 20.9123, "decimalLongitude": -156.6916, "month": 6, "species_sci": "Spilopelia chinensis", "species_com": "Spotted Dove" }, "geometry": { "type": "Point", "coordinates": [ -156.6916, 20.9123 ] } },
{ "type": "Feature", "properties": { "decimalLatitude": 31.2877, "decimalLongitude": 118.3604, "month": 6, "species_sci": "Spilopelia chinensis", "species_com": "Spotted Dove" }, "geometry": { "type": "Point", "coordinates": [ 118.3604, 31.2877 ] } },
{ "type": "Feature", "properties": { "decimalLatitude": 21.4328, "decimalLongitude": 109.1279, "month": 6, "species_sci": "Spilopelia chinensis", "species_com": "Spotted Dove" }, "geometry": { "type": "Point", "coordinates": [ 109.1279, 21.4328 ] } },
{ "type": "Feature", "properties": { "decimalLatitude": 1.3631, "decimalLongitude": 103.8459, "month": 6, "species_sci": "Spilopelia chinensis", "species_com": "Spotted Dove" }, "geometry": { "type": "Point", "coordinates": [ 103.8459, 1.3631 ] } },
{ "type": "Feature", "properties": { "decimalLatitude": 22.4538, "decimalLongitude": 114.1527, "month": 6, "species_sci": "Spilopelia chinensis", "species_com": "Spotted Dove" }, "geometry": { "type": "Point", "coordinates": [ 114.1527, 22.4538 ] } },
{ "type": "Feature", "properties": { "decimalLatitude": 31.1653, "decimalLongitude": 121.4148, "month": 6, "species_sci": "Spilopelia chinensis", "species_com": "Spotted Dove" }, "geometry": { "type": "Point", "coordinates": [ 121.4148, 31.1653 ] } },
{ "type": "Feature", "properties": { "decimalLatitude": 8.0854, "decimalLongitude": 98.2935, "month": 6, "species_sci": "Spilopelia chinensis", "species_com": "Spotted Dove" }, "geometry": { "type": "Point", "coordinates": [ 98.2935, 8.0854 ] } },
{ "type": "Feature", "properties": { "decimalLatitude": 25.0418, "decimalLongitude": 121.5152, "month": 6, "species_sci": "Spilopelia chinensis", "species_com": "Spotted Dove" }, "geometry": { "type": "Point", "coordinates": [ 121.5152, 25.0418 ] } },
{ "type": "Feature", "properties": { "decimalLatitude": 22.4538, "decimalLongitude": 114.1527, "month": 6, "species_sci": "Spilopelia chinensis", "species_com": "Spotted Dove" }, "geometry": { "type": "Point", "coordinates": [ 114.1527, 22.4538 ] } },
{ "type": "Feature", "properties": { "decimalLatitude": -37.687, "decimalLongitude": 145.0431, "month": 6, "species_sci": "Spilopelia chinensis", "species_com": "Spotted Dove" }, "geometry": { "type": "Point", "coordinates": [ 145.0431, -37.687 ] } },
{ "type": "Feature", "properties": { "decimalLatitude": -32.1296, "decimalLongitude": 115.6056, "month": 6, "species_sci": "Spilopelia chinensis", "species_com": "Spotted Dove" }, "geometry": { "type": "Point", "coordinates": [ 115.6056, -32.1296 ] } },
{ "type": "Feature", "properties": { "decimalLatitude": -37.6866, "decimalLongitude": 145.0419, "month": 6, "species_sci": "Spilopelia chinensis", "species_com": "Spotted Dove" }, "geometry": { "type": "Point", "coordinates": [ 145.0419, -37.6866 ] } },
{ "type": "Feature", "properties": { "decimalLatitude": 1.2816, "decimalLongitude": 103.8636, "month": 6, "species_sci": "Spilopelia chinensis", "species_com": "Spotted Dove" }, "geometry": { "type": "Point", "coordinates": [ 103.8636, 1.2816 ] } },
{ "type": "Feature", "properties": { "decimalLatitude": 22.4242, "decimalLongitude": 114.2315, "month": 6, "species_sci": "Spilopelia chinensis", "species_com": "Spotted Dove" }, "geometry": { "type": "Point", "coordinates": [ 114.2315, 22.4242 ] } },
{ "type": "Feature", "properties": { "decimalLatitude": 24.4654, "decimalLongitude": 118.2976, "month": 6, "species_sci": "Spilopelia chinensis", "species_com": "Spotted Dove" }, "geometry": { "type": "Point", "coordinates": [ 118.2976, 24.4654 ] } },
{ "type": "Feature", "properties": { "decimalLatitude": -37.7102, "decimalLongitude": 144.9964, "month": 6, "species_sci": "Spilopelia chinensis", "species_com": "Spotted Dove" }, "geometry": { "type": "Point", "coordinates": [ 144.9964, -37.7102 ] } },
{ "type": "Feature", "properties": { "decimalLatitude": 1.3138, "decimalLongitude": 103.8159, "month": 6, "species_sci": "Spilopelia chinensis", "species_com": "Spotted Dove" }, "geometry": { "type": "Point", "coordinates": [ 103.8159, 1.3138 ] } },
{ "type": "Feature", "properties": { "decimalLatitude": 23.2653, "decimalLongitude": 120.1221, "month": 6, "species_sci": "Spilopelia chinensis", "species_com": "Spotted Dove" }, "geometry": { "type": "Point", "coordinates": [ 120.1221, 23.2653 ] } },
{ "type": "Feature", "properties": { "decimalLatitude": 24.9781, "decimalLongitude": 121.5285, "month": 6, "species_sci": "Spilopelia chinensis", "species_com": "Spotted Dove" }, "geometry": { "type": "Point", "coordinates": [ 121.5285, 24.9781 ] } },
{ "type": "Feature", "properties": { "decimalLatitude": 1.3611, "decimalLongitude": 103.8458, "month": 6, "species_sci": "Spilopelia chinensis", "species_com": "Spotted Dove" }, "geometry": { "type": "Point", "coordinates": [ 103.8458, 1.3611 ] } },
{ "type": "Feature", "properties": { "decimalLatitude": 23.6535, "decimalLongitude": 120.514, "month": 6, "species_sci": "Spilopelia chinensis", "species_com": "Spotted Dove" }, "geometry": { "type": "Point", "coordinates": [ 120.514, 23.6535 ] } },
{ "type": "Feature", "properties": { "decimalLatitude": 19.6544, "decimalLongitude": 85.0991, "month": 6, "species_sci": "Spilopelia chinensis", "species_com": "Spotted Dove" }, "geometry": { "type": "Point", "coordinates": [ 85.0991, 19.6544 ] } },
{ "type": "Feature", "properties": { "decimalLatitude": 30.6778, "decimalLongitude": 104.0692, "month": 6, "species_sci": "Spilopelia chinensis", "species_com": "Spotted Dove" }, "geometry": { "type": "Point", "coordinates": [ 104.0692, 30.6778 ] } },
{ "type": "Feature", "properties": { "decimalLatitude": -6.888, "decimalLongitude": 107.6112, "month": 6, "species_sci": "Spilopelia chinensis", "species_com": "Spotted Dove" }, "geometry": { "type": "Point", "coordinates": [ 107.6112, -6.888 ] } },
{ "type": "Feature", "properties": { "decimalLatitude": 21.3322, "decimalLongitude": -157.9191, "month": 6, "species_sci": "Spilopelia chinensis", "species_com": "Spotted Dove" }, "geometry": { "type": "Point", "coordinates": [ -157.9191, 21.3322 ] } },
{ "type": "Feature", "properties": { "decimalLatitude": 1.3216, "decimalLongitude": 103.8173, "month": 6, "species_sci": "Spilopelia chinensis", "species_com": "Spotted Dove" }, "geometry": { "type": "Point", "coordinates": [ 103.8173, 1.3216 ] } },
{ "type": "Feature", "properties": { "decimalLatitude": -27.546, "decimalLongitude": 153.0902, "month": 6, "species_sci": "Spilopelia chinensis", "species_com": "Spotted Dove" }, "geometry": { "type": "Point", "coordinates": [ 153.0902, -27.546 ] } },
{ "type": "Feature", "properties": { "decimalLatitude": -33.0552, "decimalLongitude": 151.6482, "month": 6, "species_sci": "Spilopelia chinensis", "species_com": "Spotted Dove" }, "geometry": { "type": "Point", "coordinates": [ 151.6482, -33.0552 ] } },
{ "type": "Feature", "properties": { "decimalLatitude": -27.0475, "decimalLongitude": 153.1084, "month": 6, "species_sci": "Spilopelia chinensis", "species_com": "Spotted Dove" }, "geometry": { "type": "Point", "coordinates": [ 153.1084, -27.0475 ] } },
{ "type": "Feature", "properties": { "decimalLatitude": 20.7319, "decimalLongitude": -156.4516, "month": 6, "species_sci": "Spilopelia chinensis", "species_com": "Spotted Dove" }, "geometry": { "type": "Point", "coordinates": [ -156.4516, 20.7319 ] } },
{ "type": "Feature", "properties": { "decimalLatitude": 20.9391, "decimalLongitude": -156.6916, "month": 6, "species_sci": "Spilopelia chinensis", "species_com": "Spotted Dove" }, "geometry": { "type": "Point", "coordinates": [ -156.6916, 20.9391 ] } },
{ "type": "Feature", "properties": { "decimalLatitude": 24.8825, "decimalLongitude": 75.8772, "month": 6, "species_sci": "Spilopelia chinensis", "species_com": "Spotted Dove" }, "geometry": { "type": "Point", "coordinates": [ 75.8772, 24.8825 ] } },
{ "type": "Feature", "properties": { "decimalLatitude": 35.9687, "decimalLongitude": 119.4296, "month": 6, "species_sci": "Spilopelia chinensis", "species_com": "Spotted Dove" }, "geometry": { "type": "Point", "coordinates": [ 119.4296, 35.9687 ] } },
{ "type": "Feature", "properties": { "decimalLatitude": -8.1542, "decimalLongitude": 115.03, "month": 6, "species_sci": "Spilopelia chinensis", "species_com": "Spotted Dove" }, "geometry": { "type": "Point", "coordinates": [ 115.03, -8.1542 ] } },
{ "type": "Feature", "properties": { "decimalLatitude": 22.6397, "decimalLongitude": 120.2974, "month": 6, "species_sci": "Spilopelia chinensis", "species_com": "Spotted Dove" }, "geometry": { "type": "Point", "coordinates": [ 120.2974, 22.6397 ] } },
{ "type": "Feature", "properties": { "decimalLatitude": 30.657, "decimalLongitude": 104.0576, "month": 6, "species_sci": "Spilopelia chinensis", "species_com": "Spotted Dove" }, "geometry": { "type": "Point", "coordinates": [ 104.0576, 30.657 ] } },
{ "type": "Feature", "properties": { "decimalLatitude": 7.8509, "decimalLongitude": 98.296, "month": 6, "species_sci": "Spilopelia chinensis", "species_com": "Spotted Dove" }, "geometry": { "type": "Point", "coordinates": [ 98.296, 7.8509 ] } },
{ "type": "Feature", "properties": { "decimalLatitude": 24.1787, "decimalLongitude": 88.2692, "month": 6, "species_sci": "Spilopelia chinensis", "species_com": "Spotted Dove" }, "geometry": { "type": "Point", "coordinates": [ 88.2692, 24.1787 ] } },
{ "type": "Feature", "properties": { "decimalLatitude": 18.7809, "decimalLongitude": 98.9803, "month": 6, "species_sci": "Spilopelia chinensis", "species_com": "Spotted Dove" }, "geometry": { "type": "Point", "coordinates": [ 98.9803, 18.7809 ] } },
{ "type": "Feature", "properties": { "decimalLatitude": 40.3826, "decimalLongitude": 116.2223, "month": 6, "species_sci": "Spilopelia chinensis", "species_com": "Spotted Dove" }, "geometry": { "type": "Point", "coordinates": [ 116.2223, 40.3826 ] } },
{ "type": "Feature", "properties": { "decimalLatitude": -37.8272, "decimalLongitude": 145.1627, "month": 6, "species_sci": "Spilopelia chinensis", "species_com": "Spotted Dove" }, "geometry": { "type": "Point", "coordinates": [ 145.1627, -37.8272 ] } },
{ "type": "Feature", "properties": { "decimalLatitude": 1.3213, "decimalLongitude": 103.8165, "month": 6, "species_sci": "Spilopelia chinensis", "species_com": "Spotted Dove" }, "geometry": { "type": "Point", "coordinates": [ 103.8165, 1.3213 ] } },
{ "type": "Feature", "properties": { "decimalLatitude": 24.1475, "decimalLongitude": 120.6935, "month": 7, "species_sci": "Spilopelia chinensis", "species_com": "Spotted Dove" }, "geometry": { "type": "Point", "coordinates": [ 120.6935, 24.1475 ] } },
{ "type": "Feature", "properties": { "decimalLatitude": 17.4405, "decimalLongitude": 78.3628, "month": 7, "species_sci": "Spilopelia chinensis", "species_com": "Spotted Dove" }, "geometry": { "type": "Point", "coordinates": [ 78.3628, 17.4405 ] } },
{ "type": "Feature", "properties": { "decimalLatitude": 31.2843, "decimalLongitude": 121.6304, "month": 7, "species_sci": "Spilopelia chinensis", "species_com": "Spotted Dove" }, "geometry": { "type": "Point", "coordinates": [ 121.6304, 31.2843 ] } },
{ "type": "Feature", "properties": { "decimalLatitude": -8.5116, "decimalLongitude": 115.2576, "month": 7, "species_sci": "Spilopelia chinensis", "species_com": "Spotted Dove" }, "geometry": { "type": "Point", "coordinates": [ 115.2576, -8.5116 ] } },
{ "type": "Feature", "properties": { "decimalLatitude": -16.8579, "decimalLongitude": 145.7553, "month": 7, "species_sci": "Spilopelia chinensis", "species_com": "Spotted Dove" }, "geometry": { "type": "Point", "coordinates": [ 145.7553, -16.8579 ] } },
{ "type": "Feature", "properties": { "decimalLatitude": 1.3339, "decimalLongitude": 103.9327, "month": 7, "species_sci": "Spilopelia chinensis", "species_com": "Spotted Dove" }, "geometry": { "type": "Point", "coordinates": [ 103.9327, 1.3339 ] } },
{ "type": "Feature", "properties": { "decimalLatitude": 22.293, "decimalLongitude": 113.9415, "month": 7, "species_sci": "Spilopelia chinensis", "species_com": "Spotted Dove" }, "geometry": { "type": "Point", "coordinates": [ 113.9415, 22.293 ] } },
{ "type": "Feature", "properties": { "decimalLatitude": -37.9224, "decimalLongitude": 144.6651, "month": 7, "species_sci": "Spilopelia chinensis", "species_com": "Spotted Dove" }, "geometry": { "type": "Point", "coordinates": [ 144.6651, -37.9224 ] } },
{ "type": "Feature", "properties": { "decimalLatitude": -27.1818, "decimalLongitude": 151.2696, "month": 7, "species_sci": "Spilopelia chinensis", "species_com": "Spotted Dove" }, "geometry": { "type": "Point", "coordinates": [ 151.2696, -27.1818 ] } },
{ "type": "Feature", "properties": { "decimalLatitude": 28.1266, "decimalLongitude": 112.9819, "month": 7, "species_sci": "Spilopelia chinensis", "species_com": "Spotted Dove" }, "geometry": { "type": "Point", "coordinates": [ 112.9819, 28.1266 ] } },
{ "type": "Feature", "properties": { "decimalLatitude": 22.685, "decimalLongitude": 113.8205, "month": 7, "species_sci": "Spilopelia chinensis", "species_com": "Spotted Dove" }, "geometry": { "type": "Point", "coordinates": [ 113.8205, 22.685 ] } },
{ "type": "Feature", "properties": { "decimalLatitude": 34.0636, "decimalLongitude": 108.3653, "month": 7, "species_sci": "Spilopelia chinensis", "species_com": "Spotted Dove" }, "geometry": { "type": "Point", "coordinates": [ 108.3653, 34.0636 ] } },
{ "type": "Feature", "properties": { "decimalLatitude": -37.9152, "decimalLongitude": 145.2329, "month": 7, "species_sci": "Spilopelia chinensis", "species_com": "Spotted Dove" }, "geometry": { "type": "Point", "coordinates": [ 145.2329, -37.9152 ] } },
{ "type": "Feature", "properties": { "decimalLatitude": 22.3921, "decimalLongitude": 113.9736, "month": 7, "species_sci": "Spilopelia chinensis", "species_com": "Spotted Dove" }, "geometry": { "type": "Point", "coordinates": [ 113.9736, 22.3921 ] } },
{ "type": "Feature", "properties": { "decimalLatitude": 7.2748, "decimalLongitude": 80.6266, "month": 7, "species_sci": "Spilopelia chinensis", "species_com": "Spotted Dove" }, "geometry": { "type": "Point", "coordinates": [ 80.6266, 7.2748 ] } },
{ "type": "Feature", "properties": { "decimalLatitude": -8.7116, "decimalLongitude": 115.2538, "month": 7, "species_sci": "Spilopelia chinensis", "species_com": "Spotted Dove" }, "geometry": { "type": "Point", "coordinates": [ 115.2538, -8.7116 ] } },
{ "type": "Feature", "properties": { "decimalLatitude": 31.2551, "decimalLongitude": 120.4425, "month": 7, "species_sci": "Spilopelia chinensis", "species_com": "Spotted Dove" }, "geometry": { "type": "Point", "coordinates": [ 120.4425, 31.2551 ] } },
{ "type": "Feature", "properties": { "decimalLatitude": 25.2804, "decimalLongitude": 86.5948, "month": 7, "species_sci": "Spilopelia chinensis", "species_com": "Spotted Dove" }, "geometry": { "type": "Point", "coordinates": [ 86.5948, 25.2804 ] } },
{ "type": "Feature", "properties": { "decimalLatitude": 21.2864, "decimalLongitude": -157.8459, "month": 7, "species_sci": "Spilopelia chinensis", "species_com": "Spotted Dove" }, "geometry": { "type": "Point", "coordinates": [ -157.8459, 21.2864 ] } },
{ "type": "Feature", "properties": { "decimalLatitude": 21.4309, "decimalLongitude": -157.8325, "month": 7, "species_sci": "Spilopelia chinensis", "species_com": "Spotted Dove" }, "geometry": { "type": "Point", "coordinates": [ -157.8325, 21.4309 ] } },
{ "type": "Feature", "properties": { "decimalLatitude": 21.331, "decimalLongitude": -157.9198, "month": 7, "species_sci": "Spilopelia chinensis", "species_com": "Spotted Dove" }, "geometry": { "type": "Point", "coordinates": [ -157.9198, 21.331 ] } },
{ "type": "Feature", "properties": { "decimalLatitude": 31.395, "decimalLongitude": 121.5109, "month": 7, "species_sci": "Spilopelia chinensis", "species_com": "Spotted Dove" }, "geometry": { "type": "Point", "coordinates": [ 121.5109, 31.395 ] } },
{ "type": "Feature", "properties": { "decimalLatitude": 7.1619, "decimalLongitude": 80.2406, "month": 7, "species_sci": "Spilopelia chinensis", "species_com": "Spotted Dove" }, "geometry": { "type": "Point", "coordinates": [ 80.2406, 7.1619 ] } },
{ "type": "Feature", "properties": { "decimalLatitude": 19.7355, "decimalLongitude": -156.0415, "month": 7, "species_sci": "Spilopelia chinensis", "species_com": "Spotted Dove" }, "geometry": { "type": "Point", "coordinates": [ -156.0415, 19.7355 ] } },
{ "type": "Feature", "properties": { "decimalLatitude": -36.8199, "decimalLongitude": 174.7247, "month": 7, "species_sci": "Spilopelia chinensis", "species_com": "Spotted Dove" }, "geometry": { "type": "Point", "coordinates": [ 174.7247, -36.8199 ] } },
{ "type": "Feature", "properties": { "decimalLatitude": 22.3, "decimalLongitude": 114.17, "month": 7, "species_sci": "Spilopelia chinensis", "species_com": "Spotted Dove" }, "geometry": { "type": "Point", "coordinates": [ 114.17, 22.3 ] } },
{ "type": "Feature", "properties": { "decimalLatitude": 12.9183, "decimalLongitude": 77.6801, "month": 7, "species_sci": "Spilopelia chinensis", "species_com": "Spotted Dove" }, "geometry": { "type": "Point", "coordinates": [ 77.6801, 12.9183 ] } },
{ "type": "Feature", "properties": { "decimalLatitude": -27.8975, "decimalLongitude": 153.3677, "month": 7, "species_sci": "Spilopelia chinensis", "species_com": "Spotted Dove" }, "geometry": { "type": "Point", "coordinates": [ 153.3677, -27.8975 ] } },
{ "type": "Feature", "properties": { "decimalLatitude": 7.805, "decimalLongitude": 98.4065, "month": 7, "species_sci": "Spilopelia chinensis", "species_com": "Spotted Dove" }, "geometry": { "type": "Point", "coordinates": [ 98.4065, 7.805 ] } },
{ "type": "Feature", "properties": { "decimalLatitude": 1.3062, "decimalLongitude": 103.7688, "month": 7, "species_sci": "Spilopelia chinensis", "species_com": "Spotted Dove" }, "geometry": { "type": "Point", "coordinates": [ 103.7688, 1.3062 ] } },
{ "type": "Feature", "properties": { "decimalLatitude": 1.3328, "decimalLongitude": 103.7276, "month": 7, "species_sci": "Spilopelia chinensis", "species_com": "Spotted Dove" }, "geometry": { "type": "Point", "coordinates": [ 103.7276, 1.3328 ] } },
{ "type": "Feature", "properties": { "decimalLatitude": 22.5801, "decimalLongitude": 120.3432, "month": 7, "species_sci": "Spilopelia chinensis", "species_com": "Spotted Dove" }, "geometry": { "type": "Point", "coordinates": [ 120.3432, 22.5801 ] } },
{ "type": "Feature", "properties": { "decimalLatitude": -32.7319, "decimalLongitude": 151.8779, "month": 7, "species_sci": "Spilopelia chinensis", "species_com": "Spotted Dove" }, "geometry": { "type": "Point", "coordinates": [ 151.8779, -32.7319 ] } },
{ "type": "Feature", "properties": { "decimalLatitude": 21.8061, "decimalLongitude": 83.3181, "month": 7, "species_sci": "Spilopelia chinensis", "species_com": "Spotted Dove" }, "geometry": { "type": "Point", "coordinates": [ 83.3181, 21.8061 ] } },
{ "type": "Feature", "properties": { "decimalLatitude": 6.9702, "decimalLongitude": 80.769, "month": 7, "species_sci": "Spilopelia chinensis", "species_com": "Spotted Dove" }, "geometry": { "type": "Point", "coordinates": [ 80.769, 6.9702 ] } },
{ "type": "Feature", "properties": { "decimalLatitude": 22.2602, "decimalLongitude": 114.1692, "month": 7, "species_sci": "Spilopelia chinensis", "species_com": "Spotted Dove" }, "geometry": { "type": "Point", "coordinates": [ 114.1692, 22.2602 ] } },
{ "type": "Feature", "properties": { "decimalLatitude": -27.0681, "decimalLongitude": 153.1003, "month": 7, "species_sci": "Spilopelia chinensis", "species_com": "Spotted Dove" }, "geometry": { "type": "Point", "coordinates": [ 153.1003, -27.0681 ] } },
{ "type": "Feature", "properties": { "decimalLatitude": 15.8881, "decimalLongitude": 108.3285, "month": 7, "species_sci": "Spilopelia chinensis", "species_com": "Spotted Dove" }, "geometry": { "type": "Point", "coordinates": [ 108.3285, 15.8881 ] } },
{ "type": "Feature", "properties": { "decimalLatitude": 6.9198, "decimalLongitude": 79.8742, "month": 7, "species_sci": "Spilopelia chinensis", "species_com": "Spotted Dove" }, "geometry": { "type": "Point", "coordinates": [ 79.8742, 6.9198 ] } },
{ "type": "Feature", "properties": { "decimalLatitude": 22.2836, "decimalLongitude": 114.136, "month": 7, "species_sci": "Spilopelia chinensis", "species_com": "Spotted Dove" }, "geometry": { "type": "Point", "coordinates": [ 114.136, 22.2836 ] } },
{ "type": "Feature", "properties": { "decimalLatitude": -26.4483, "decimalLongitude": 152.9607, "month": 7, "species_sci": "Spilopelia chinensis", "species_com": "Spotted Dove" }, "geometry": { "type": "Point", "coordinates": [ 152.9607, -26.4483 ] } },
{ "type": "Feature", "properties": { "decimalLatitude": 20.9064, "decimalLongitude": -156.3081, "month": 7, "species_sci": "Spilopelia chinensis", "species_com": "Spotted Dove" }, "geometry": { "type": "Point", "coordinates": [ -156.3081, 20.9064 ] } },
{ "type": "Feature", "properties": { "decimalLatitude": 22.597, "decimalLongitude": 120.338, "month": 7, "species_sci": "Spilopelia chinensis", "species_com": "Spotted Dove" }, "geometry": { "type": "Point", "coordinates": [ 120.338, 22.597 ] } },
{ "type": "Feature", "properties": { "decimalLatitude": 32.6169, "decimalLongitude": 120.0786, "month": 7, "species_sci": "Spilopelia chinensis", "species_com": "Spotted Dove" }, "geometry": { "type": "Point", "coordinates": [ 120.0786, 32.6169 ] } },
{ "type": "Feature", "properties": { "decimalLatitude": 30.2552, "decimalLongitude": 120.1123, "month": 7, "species_sci": "Spilopelia chinensis", "species_com": "Spotted Dove" }, "geometry": { "type": "Point", "coordinates": [ 120.1123, 30.2552 ] } },
{ "type": "Feature", "properties": { "decimalLatitude": -8.7025, "decimalLongitude": 115.2643, "month": 7, "species_sci": "Spilopelia chinensis", "species_com": "Spotted Dove" }, "geometry": { "type": "Point", "coordinates": [ 115.2643, -8.7025 ] } },
{ "type": "Feature", "properties": { "decimalLatitude": -37.9068, "decimalLongitude": 144.7804, "month": 7, "species_sci": "Spilopelia chinensis", "species_com": "Spotted Dove" }, "geometry": { "type": "Point", "coordinates": [ 144.7804, -37.9068 ] } },
{ "type": "Feature", "properties": { "decimalLatitude": -7.8584, "decimalLongitude": 112.5378, "month": 7, "species_sci": "Spilopelia chinensis", "species_com": "Spotted Dove" }, "geometry": { "type": "Point", "coordinates": [ 112.5378, -7.8584 ] } },
{ "type": "Feature", "properties": { "decimalLatitude": 22.596, "decimalLongitude": 120.3387, "month": 7, "species_sci": "Spilopelia chinensis", "species_com": "Spotted Dove" }, "geometry": { "type": "Point", "coordinates": [ 120.3387, 22.596 ] } },
{ "type": "Feature", "properties": { "decimalLatitude": -8.4397, "decimalLongitude": 115.2809, "month": 7, "species_sci": "Spilopelia chinensis", "species_com": "Spotted Dove" }, "geometry": { "type": "Point", "coordinates": [ 115.2809, -8.4397 ] } },
{ "type": "Feature", "properties": { "decimalLatitude": -38.1764, "decimalLongitude": 144.3068, "month": 7, "species_sci": "Spilopelia chinensis", "species_com": "Spotted Dove" }, "geometry": { "type": "Point", "coordinates": [ 144.3068, -38.1764 ] } },
{ "type": "Feature", "properties": { "decimalLatitude": -8.7099, "decimalLongitude": 115.2565, "month": 7, "species_sci": "Spilopelia chinensis", "species_com": "Spotted Dove" }, "geometry": { "type": "Point", "coordinates": [ 115.2565, -8.7099 ] } },
{ "type": "Feature", "properties": { "decimalLatitude": 12.2729, "decimalLongitude": 75.1137, "month": 7, "species_sci": "Spilopelia chinensis", "species_com": "Spotted Dove" }, "geometry": { "type": "Point", "coordinates": [ 75.1137, 12.2729 ] } },
{ "type": "Feature", "properties": { "decimalLatitude": -37.8279, "decimalLongitude": 145.1623, "month": 7, "species_sci": "Spilopelia chinensis", "species_com": "Spotted Dove" }, "geometry": { "type": "Point", "coordinates": [ 145.1623, -37.8279 ] } },
{ "type": "Feature", "properties": { "decimalLatitude": 18.7574, "decimalLongitude": 99.0145, "month": 7, "species_sci": "Spilopelia chinensis", "species_com": "Spotted Dove" }, "geometry": { "type": "Point", "coordinates": [ 99.0145, 18.7574 ] } },
{ "type": "Feature", "properties": { "decimalLatitude": 29.3899, "decimalLongitude": 78.1486, "month": 7, "species_sci": "Spilopelia chinensis", "species_com": "Spotted Dove" }, "geometry": { "type": "Point", "coordinates": [ 78.1486, 29.3899 ] } },
{ "type": "Feature", "properties": { "decimalLatitude": 26.3181, "decimalLongitude": 92.607, "month": 7, "species_sci": "Spilopelia chinensis", "species_com": "Spotted Dove" }, "geometry": { "type": "Point", "coordinates": [ 92.607, 26.3181 ] } },
{ "type": "Feature", "properties": { "decimalLatitude": 15.8187, "decimalLongitude": 108.4694, "month": 7, "species_sci": "Spilopelia chinensis", "species_com": "Spotted Dove" }, "geometry": { "type": "Point", "coordinates": [ 108.4694, 15.8187 ] } },
{ "type": "Feature", "properties": { "decimalLatitude": -37.803, "decimalLongitude": 175.2956, "month": 7, "species_sci": "Spilopelia chinensis", "species_com": "Spotted Dove" }, "geometry": { "type": "Point", "coordinates": [ 175.2956, -37.803 ] } },
{ "type": "Feature", "properties": { "decimalLatitude": -29.4063, "decimalLongitude": 153.3618, "month": 7, "species_sci": "Spilopelia chinensis", "species_com": "Spotted Dove" }, "geometry": { "type": "Point", "coordinates": [ 153.3618, -29.4063 ] } },
{ "type": "Feature", "properties": { "decimalLatitude": 24.2414, "decimalLongitude": 120.6915, "month": 7, "species_sci": "Spilopelia chinensis", "species_com": "Spotted Dove" }, "geometry": { "type": "Point", "coordinates": [ 120.6915, 24.2414 ] } },
{ "type": "Feature", "properties": { "decimalLatitude": -42.9089, "decimalLongitude": 147.3191, "month": 7, "species_sci": "Spilopelia chinensis", "species_com": "Spotted Dove" }, "geometry": { "type": "Point", "coordinates": [ 147.3191, -42.9089 ] } },
{ "type": "Feature", "properties": { "decimalLatitude": -33.8891, "decimalLongitude": 151.2704, "month": 7, "species_sci": "Spilopelia chinensis", "species_com": "Spotted Dove" }, "geometry": { "type": "Point", "coordinates": [ 151.2704, -33.8891 ] } },
{ "type": "Feature", "properties": { "decimalLatitude": 1.3355, "decimalLongitude": 103.7278, "month": 7, "species_sci": "Spilopelia chinensis", "species_com": "Spotted Dove" }, "geometry": { "type": "Point", "coordinates": [ 103.7278, 1.3355 ] } },
{ "type": "Feature", "properties": { "decimalLatitude": 22.4527, "decimalLongitude": 114.1866, "month": 7, "species_sci": "Spilopelia chinensis", "species_com": "Spotted Dove" }, "geometry": { "type": "Point", "coordinates": [ 114.1866, 22.4527 ] } },
{ "type": "Feature", "properties": { "decimalLatitude": 25.0041, "decimalLongitude": 121.4751, "month": 7, "species_sci": "Spilopelia chinensis", "species_com": "Spotted Dove" }, "geometry": { "type": "Point", "coordinates": [ 121.4751, 25.0041 ] } },
{ "type": "Feature", "properties": { "decimalLatitude": 31.3798, "decimalLongitude": 121.5538, "month": 7, "species_sci": "Spilopelia chinensis", "species_com": "Spotted Dove" }, "geometry": { "type": "Point", "coordinates": [ 121.5538, 31.3798 ] } },
{ "type": "Feature", "properties": { "decimalLatitude": 22.1566, "decimalLongitude": 113.5572, "month": 7, "species_sci": "Spilopelia chinensis", "species_com": "Spotted Dove" }, "geometry": { "type": "Point", "coordinates": [ 113.5572, 22.1566 ] } },
{ "type": "Feature", "properties": { "decimalLatitude": 19.7254, "decimalLongitude": -155.0678, "month": 7, "species_sci": "Spilopelia chinensis", "species_com": "Spotted Dove" }, "geometry": { "type": "Point", "coordinates": [ -155.0678, 19.7254 ] } },
{ "type": "Feature", "properties": { "decimalLatitude": 1.2822, "decimalLongitude": 103.8759, "month": 7, "species_sci": "Spilopelia chinensis", "species_com": "Spotted Dove" }, "geometry": { "type": "Point", "coordinates": [ 103.8759, 1.2822 ] } },
{ "type": "Feature", "properties": { "decimalLatitude": 8.0402, "decimalLongitude": 80.7418, "month": 7, "species_sci": "Spilopelia chinensis", "species_com": "Spotted Dove" }, "geometry": { "type": "Point", "coordinates": [ 80.7418, 8.0402 ] } },
{ "type": "Feature", "properties": { "decimalLatitude": 12.0323, "decimalLongitude": 75.2567, "month": 7, "species_sci": "Spilopelia chinensis", "species_com": "Spotted Dove" }, "geometry": { "type": "Point", "coordinates": [ 75.2567, 12.0323 ] } },
{ "type": "Feature", "properties": { "decimalLatitude": -37.9413, "decimalLongitude": 145.1582, "month": 7, "species_sci": "Spilopelia chinensis", "species_com": "Spotted Dove" }, "geometry": { "type": "Point", "coordinates": [ 145.1582, -37.9413 ] } },
{ "type": "Feature", "properties": { "decimalLatitude": 39.8977, "decimalLongitude": 116.4219, "month": 7, "species_sci": "Spilopelia chinensis", "species_com": "Spotted Dove" }, "geometry": { "type": "Point", "coordinates": [ 116.4219, 39.8977 ] } },
{ "type": "Feature", "properties": { "decimalLatitude": 31.3233, "decimalLongitude": 121.5194, "month": 7, "species_sci": "Spilopelia chinensis", "species_com": "Spotted Dove" }, "geometry": { "type": "Point", "coordinates": [ 121.5194, 31.3233 ] } },
{ "type": "Feature", "properties": { "decimalLatitude": -33.9526, "decimalLongitude": 150.8531, "month": 7, "species_sci": "Spilopelia chinensis", "species_com": "Spotted Dove" }, "geometry": { "type": "Point", "coordinates": [ 150.8531, -33.9526 ] } },
{ "type": "Feature", "properties": { "decimalLatitude": 1.313, "decimalLongitude": 103.8142, "month": 7, "species_sci": "Spilopelia chinensis", "species_com": "Spotted Dove" }, "geometry": { "type": "Point", "coordinates": [ 103.8142, 1.313 ] } },
{ "type": "Feature", "properties": { "decimalLatitude": 21.8061, "decimalLongitude": 83.3181, "month": 7, "species_sci": "Spilopelia chinensis", "species_com": "Spotted Dove" }, "geometry": { "type": "Point", "coordinates": [ 83.3181, 21.8061 ] } },
{ "type": "Feature", "properties": { "decimalLatitude": 14.5529, "decimalLongitude": 121.1257, "month": 7, "species_sci": "Spilopelia chinensis", "species_com": "Spotted Dove" }, "geometry": { "type": "Point", "coordinates": [ 121.1257, 14.5529 ] } },
{ "type": "Feature", "properties": { "decimalLatitude": -8.8195, "decimalLongitude": 115.0904, "month": 7, "species_sci": "Spilopelia chinensis", "species_com": "Spotted Dove" }, "geometry": { "type": "Point", "coordinates": [ 115.0904, -8.8195 ] } },
{ "type": "Feature", "properties": { "decimalLatitude": 30.6723, "decimalLongitude": 104.1233, "month": 7, "species_sci": "Spilopelia chinensis", "species_com": "Spotted Dove" }, "geometry": { "type": "Point", "coordinates": [ 104.1233, 30.6723 ] } },
{ "type": "Feature", "properties": { "decimalLatitude": 9.5664, "decimalLongitude": 99.9988, "month": 7, "species_sci": "Spilopelia chinensis", "species_com": "Spotted Dove" }, "geometry": { "type": "Point", "coordinates": [ 99.9988, 9.5664 ] } },
{ "type": "Feature", "properties": { "decimalLatitude": 22.3045, "decimalLongitude": 114.1612, "month": 7, "species_sci": "Spilopelia chinensis", "species_com": "Spotted Dove" }, "geometry": { "type": "Point", "coordinates": [ 114.1612, 22.3045 ] } },
{ "type": "Feature", "properties": { "decimalLatitude": 1.3401, "decimalLongitude": 103.7253, "month": 7, "species_sci": "Spilopelia chinensis", "species_com": "Spotted Dove" }, "geometry": { "type": "Point", "coordinates": [ 103.7253, 1.3401 ] } },
{ "type": "Feature", "properties": { "decimalLatitude": -33.7251, "decimalLongitude": 150.8808, "month": 7, "species_sci": "Spilopelia chinensis", "species_com": "Spotted Dove" }, "geometry": { "type": "Point", "coordinates": [ 150.8808, -33.7251 ] } },
{ "type": "Feature", "properties": { "decimalLatitude": -37.6864, "decimalLongitude": 145.1379, "month": 7, "species_sci": "Spilopelia chinensis", "species_com": "Spotted Dove" }, "geometry": { "type": "Point", "coordinates": [ 145.1379, -37.6864 ] } },
{ "type": "Feature", "properties": { "decimalLatitude": 18.5279, "decimalLongitude": 73.8152, "month": 7, "species_sci": "Spilopelia chinensis", "species_com": "Spotted Dove" }, "geometry": { "type": "Point", "coordinates": [ 73.8152, 18.5279 ] } },
{ "type": "Feature", "properties": { "decimalLatitude": -36.9066, "decimalLongitude": 174.6898, "month": 7, "species_sci": "Spilopelia chinensis", "species_com": "Spotted Dove" }, "geometry": { "type": "Point", "coordinates": [ 174.6898, -36.9066 ] } },
{ "type": "Feature", "properties": { "decimalLatitude": 22.671, "decimalLongitude": 120.3516, "month": 7, "species_sci": "Spilopelia chinensis", "species_com": "Spotted Dove" }, "geometry": { "type": "Point", "coordinates": [ 120.3516, 22.671 ] } },
{ "type": "Feature", "properties": { "decimalLatitude": 20.9395, "decimalLongitude": -156.6912, "month": 7, "species_sci": "Spilopelia chinensis", "species_com": "Spotted Dove" }, "geometry": { "type": "Point", "coordinates": [ -156.6912, 20.9395 ] } },
{ "type": "Feature", "properties": { "decimalLatitude": -32.082, "decimalLongitude": 115.9497, "month": 7, "species_sci": "Spilopelia chinensis", "species_com": "Spotted Dove" }, "geometry": { "type": "Point", "coordinates": [ 115.9497, -32.082 ] } },
{ "type": "Feature", "properties": { "decimalLatitude": -37.8267, "decimalLongitude": 145.1622, "month": 7, "species_sci": "Spilopelia chinensis", "species_com": "Spotted Dove" }, "geometry": { "type": "Point", "coordinates": [ 145.1622, -37.8267 ] } },
{ "type": "Feature", "properties": { "decimalLatitude": -31.7413, "decimalLongitude": 115.7432, "month": 7, "species_sci": "Spilopelia chinensis", "species_com": "Spotted Dove" }, "geometry": { "type": "Point", "coordinates": [ 115.7432, -31.7413 ] } },
{ "type": "Feature", "properties": { "decimalLatitude": 22.5812, "decimalLongitude": 120.3496, "month": 7, "species_sci": "Spilopelia chinensis", "species_com": "Spotted Dove" }, "geometry": { "type": "Point", "coordinates": [ 120.3496, 22.5812 ] } },
{ "type": "Feature", "properties": { "decimalLatitude": 1.2899, "decimalLongitude": 103.8804, "month": 7, "species_sci": "Spilopelia chinensis", "species_com": "Spotted Dove" }, "geometry": { "type": "Point", "coordinates": [ 103.8804, 1.2899 ] } },
{ "type": "Feature", "properties": { "decimalLatitude": 13.731, "decimalLongitude": 100.556, "month": 7, "species_sci": "Spilopelia chinensis", "species_com": "Spotted Dove" }, "geometry": { "type": "Point", "coordinates": [ 100.556, 13.731 ] } },
{ "type": "Feature", "properties": { "decimalLatitude": 8.0225, "decimalLongitude": 98.3842, "month": 7, "species_sci": "Spilopelia chinensis", "species_com": "Spotted Dove" }, "geometry": { "type": "Point", "coordinates": [ 98.3842, 8.0225 ] } },
{ "type": "Feature", "properties": { "decimalLatitude": 10.1004, "decimalLongitude": 99.8279, "month": 7, "species_sci": "Spilopelia chinensis", "species_com": "Spotted Dove" }, "geometry": { "type": "Point", "coordinates": [ 99.8279, 10.1004 ] } },
{ "type": "Feature", "properties": { "decimalLatitude": 6.2015, "decimalLongitude": 81.2234, "month": 7, "species_sci": "Spilopelia chinensis", "species_com": "Spotted Dove" }, "geometry": { "type": "Point", "coordinates": [ 81.2234, 6.2015 ] } },
{ "type": "Feature", "properties": { "decimalLatitude": 39.9161, "decimalLongitude": 116.3955, "month": 7, "species_sci": "Spilopelia chinensis", "species_com": "Spotted Dove" }, "geometry": { "type": "Point", "coordinates": [ 116.3955, 39.9161 ] } },
{ "type": "Feature", "properties": { "decimalLatitude": 1.3151, "decimalLongitude": 103.8161, "month": 7, "species_sci": "Spilopelia chinensis", "species_com": "Spotted Dove" }, "geometry": { "type": "Point", "coordinates": [ 103.8161, 1.3151 ] } },
{ "type": "Feature", "properties": { "decimalLatitude": 12.9183, "decimalLongitude": 77.6801, "month": 7, "species_sci": "Spilopelia chinensis", "species_com": "Spotted Dove" }, "geometry": { "type": "Point", "coordinates": [ 77.6801, 12.9183 ] } },
{ "type": "Feature", "properties": { "decimalLatitude": 12.8231, "decimalLongitude": 77.7807, "month": 7, "species_sci": "Spilopelia chinensis", "species_com": "Spotted Dove" }, "geometry": { "type": "Point", "coordinates": [ 77.7807, 12.8231 ] } },
{ "type": "Feature", "properties": { "decimalLatitude": 22.3039, "decimalLongitude": 114.1612, "month": 7, "species_sci": "Spilopelia chinensis", "species_com": "Spotted Dove" }, "geometry": { "type": "Point", "coordinates": [ 114.1612, 22.3039 ] } },
{ "type": "Feature", "properties": { "decimalLatitude": 7.2755, "decimalLongitude": 80.6261, "month": 7, "species_sci": "Spilopelia chinensis", "species_com": "Spotted Dove" }, "geometry": { "type": "Point", "coordinates": [ 80.6261, 7.2755 ] } },
{ "type": "Feature", "properties": { "decimalLatitude": 17.396, "decimalLongitude": 78.3549, "month": 7, "species_sci": "Spilopelia chinensis", "species_com": "Spotted Dove" }, "geometry": { "type": "Point", "coordinates": [ 78.3549, 17.396 ] } },
{ "type": "Feature", "properties": { "decimalLatitude": -35.1222, "decimalLongitude": 138.5132, "month": 7, "species_sci": "Spilopelia chinensis", "species_com": "Spotted Dove" }, "geometry": { "type": "Point", "coordinates": [ 138.5132, -35.1222 ] } },
{ "type": "Feature", "properties": { "decimalLatitude": 2.6704, "decimalLongitude": 98.8564, "month": 7, "species_sci": "Spilopelia chinensis", "species_com": "Spotted Dove" }, "geometry": { "type": "Point", "coordinates": [ 98.8564, 2.6704 ] } },
{ "type": "Feature", "properties": { "decimalLatitude": 24.1556, "decimalLongitude": 120.6398, "month": 7, "species_sci": "Spilopelia chinensis", "species_com": "Spotted Dove" }, "geometry": { "type": "Point", "coordinates": [ 120.6398, 24.1556 ] } },
{ "type": "Feature", "properties": { "decimalLatitude": 30.6592, "decimalLongitude": 104.0562, "month": 7, "species_sci": "Spilopelia chinensis", "species_com": "Spotted Dove" }, "geometry": { "type": "Point", "coordinates": [ 104.0562, 30.6592 ] } },
{ "type": "Feature", "properties": { "decimalLatitude": -37.6877, "decimalLongitude": 145.126, "month": 7, "species_sci": "Spilopelia chinensis", "species_com": "Spotted Dove" }, "geometry": { "type": "Point", "coordinates": [ 145.126, -37.6877 ] } },
{ "type": "Feature", "properties": { "decimalLatitude": 6.2631, "decimalLongitude": 81.3913, "month": 7, "species_sci": "Spilopelia chinensis", "species_com": "Spotted Dove" }, "geometry": { "type": "Point", "coordinates": [ 81.3913, 6.2631 ] } },
{ "type": "Feature", "properties": { "decimalLatitude": -33.6239, "decimalLongitude": 150.8015, "month": 7, "species_sci": "Spilopelia chinensis", "species_com": "Spotted Dove" }, "geometry": { "type": "Point", "coordinates": [ 150.8015, -33.6239 ] } },
{ "type": "Feature", "properties": { "decimalLatitude": 1.3354, "decimalLongitude": 103.8664, "month": 7, "species_sci": "Spilopelia chinensis", "species_com": "Spotted Dove" }, "geometry": { "type": "Point", "coordinates": [ 103.8664, 1.3354 ] } },
{ "type": "Feature", "properties": { "decimalLatitude": 22.5677, "decimalLongitude": 120.3455, "month": 7, "species_sci": "Spilopelia chinensis", "species_com": "Spotted Dove" }, "geometry": { "type": "Point", "coordinates": [ 120.3455, 22.5677 ] } },
{ "type": "Feature", "properties": { "decimalLatitude": 20.9393, "decimalLongitude": -156.6912, "month": 7, "species_sci": "Spilopelia chinensis", "species_com": "Spotted Dove" }, "geometry": { "type": "Point", "coordinates": [ -156.6912, 20.9393 ] } },
{ "type": "Feature", "properties": { "decimalLatitude": 20.9506, "decimalLongitude": -156.6891, "month": 7, "species_sci": "Spilopelia chinensis", "species_com": "Spotted Dove" }, "geometry": { "type": "Point", "coordinates": [ -156.6891, 20.9506 ] } },
{ "type": "Feature", "properties": { "decimalLatitude": 22.5683, "decimalLongitude": 120.3466, "month": 7, "species_sci": "Spilopelia chinensis", "species_com": "Spotted Dove" }, "geometry": { "type": "Point", "coordinates": [ 120.3466, 22.5683 ] } },
{ "type": "Feature", "properties": { "decimalLatitude": 22.6702, "decimalLongitude": 120.3519, "month": 7, "species_sci": "Spilopelia chinensis", "species_com": "Spotted Dove" }, "geometry": { "type": "Point", "coordinates": [ 120.3519, 22.6702 ] } },
{ "type": "Feature", "properties": { "decimalLatitude": 11.7347, "decimalLongitude": 104.8208, "month": 7, "species_sci": "Spilopelia chinensis", "species_com": "Spotted Dove" }, "geometry": { "type": "Point", "coordinates": [ 104.8208, 11.7347 ] } },
{ "type": "Feature", "properties": { "decimalLatitude": 13.6653, "decimalLongitude": 100.6515, "month": 7, "species_sci": "Spilopelia chinensis", "species_com": "Spotted Dove" }, "geometry": { "type": "Point", "coordinates": [ 100.6515, 13.6653 ] } },
{ "type": "Feature", "properties": { "decimalLatitude": 22.3797, "decimalLongitude": 114.1897, "month": 7, "species_sci": "Spilopelia chinensis", "species_com": "Spotted Dove" }, "geometry": { "type": "Point", "coordinates": [ 114.1897, 22.3797 ] } },
{ "type": "Feature", "properties": { "decimalLatitude": 21.4309, "decimalLongitude": -157.8322, "month": 7, "species_sci": "Spilopelia chinensis", "species_com": "Spotted Dove" }, "geometry": { "type": "Point", "coordinates": [ -157.8322, 21.4309 ] } },
{ "type": "Feature", "properties": { "decimalLatitude": 22.2813, "decimalLongitude": 113.9369, "month": 7, "species_sci": "Spilopelia chinensis", "species_com": "Spotted Dove" }, "geometry": { "type": "Point", "coordinates": [ 113.9369, 22.2813 ] } },
{ "type": "Feature", "properties": { "decimalLatitude": 22.5802, "decimalLongitude": 120.348, "month": 7, "species_sci": "Spilopelia chinensis", "species_com": "Spotted Dove" }, "geometry": { "type": "Point", "coordinates": [ 120.348, 22.5802 ] } },
{ "type": "Feature", "properties": { "decimalLatitude": -25.9152, "decimalLongitude": 152.9978, "month": 7, "species_sci": "Spilopelia chinensis", "species_com": "Spotted Dove" }, "geometry": { "type": "Point", "coordinates": [ 152.9978, -25.9152 ] } },
{ "type": "Feature", "properties": { "decimalLatitude": 1.3383, "decimalLongitude": 103.7296, "month": 7, "species_sci": "Spilopelia chinensis", "species_com": "Spotted Dove" }, "geometry": { "type": "Point", "coordinates": [ 103.7296, 1.3383 ] } },
{ "type": "Feature", "properties": { "decimalLatitude": 6.8052, "decimalLongitude": 81.0786, "month": 7, "species_sci": "Spilopelia chinensis", "species_com": "Spotted Dove" }, "geometry": { "type": "Point", "coordinates": [ 81.0786, 6.8052 ] } },
{ "type": "Feature", "properties": { "decimalLatitude": 22.3173, "decimalLongitude": 114.1833, "month": 7, "species_sci": "Spilopelia chinensis", "species_com": "Spotted Dove" }, "geometry": { "type": "Point", "coordinates": [ 114.1833, 22.3173 ] } },
{ "type": "Feature", "properties": { "decimalLatitude": 31.2562, "decimalLongitude": 120.4425, "month": 7, "species_sci": "Spilopelia chinensis", "species_com": "Spotted Dove" }, "geometry": { "type": "Point", "coordinates": [ 120.4425, 31.2562 ] } },
{ "type": "Feature", "properties": { "decimalLatitude": -8.6974, "decimalLongitude": 115.163, "month": 7, "species_sci": "Spilopelia chinensis", "species_com": "Spotted Dove" }, "geometry": { "type": "Point", "coordinates": [ 115.163, -8.6974 ] } },
{ "type": "Feature", "properties": { "decimalLatitude": 20.8918, "decimalLongitude": -156.4766, "month": 7, "species_sci": "Spilopelia chinensis", "species_com": "Spotted Dove" }, "geometry": { "type": "Point", "coordinates": [ -156.4766, 20.8918 ] } },
{ "type": "Feature", "properties": { "decimalLatitude": -6.1804, "decimalLongitude": 106.7243, "month": 7, "species_sci": "Spilopelia chinensis", "species_com": "Spotted Dove" }, "geometry": { "type": "Point", "coordinates": [ 106.7243, -6.1804 ] } },
{ "type": "Feature", "properties": { "decimalLatitude": -6.1632, "decimalLongitude": 106.8931, "month": 7, "species_sci": "Spilopelia chinensis", "species_com": "Spotted Dove" }, "geometry": { "type": "Point", "coordinates": [ 106.8931, -6.1632 ] } },
{ "type": "Feature", "properties": { "decimalLatitude": -34.9089, "decimalLongitude": 138.6381, "month": 7, "species_sci": "Spilopelia chinensis", "species_com": "Spotted Dove" }, "geometry": { "type": "Point", "coordinates": [ 138.6381, -34.9089 ] } },
{ "type": "Feature", "properties": { "decimalLatitude": 22.2805, "decimalLongitude": 114.161, "month": 7, "species_sci": "Spilopelia chinensis", "species_com": "Spotted Dove" }, "geometry": { "type": "Point", "coordinates": [ 114.161, 22.2805 ] } },
{ "type": "Feature", "properties": { "decimalLatitude": 19.7374, "decimalLongitude": -156.0415, "month": 7, "species_sci": "Spilopelia chinensis", "species_com": "Spotted Dove" }, "geometry": { "type": "Point", "coordinates": [ -156.0415, 19.7374 ] } },
{ "type": "Feature", "properties": { "decimalLatitude": -33.7007, "decimalLongitude": 150.8345, "month": 7, "species_sci": "Spilopelia chinensis", "species_com": "Spotted Dove" }, "geometry": { "type": "Point", "coordinates": [ 150.8345, -33.7007 ] } },
{ "type": "Feature", "properties": { "decimalLatitude": -27.5705, "decimalLongitude": 153.095, "month": 7, "species_sci": "Spilopelia chinensis", "species_com": "Spotted Dove" }, "geometry": { "type": "Point", "coordinates": [ 153.095, -27.5705 ] } },
{ "type": "Feature", "properties": { "decimalLatitude": 23.229, "decimalLongitude": 77.364, "month": 7, "species_sci": "Spilopelia chinensis", "species_com": "Spotted Dove" }, "geometry": { "type": "Point", "coordinates": [ 77.364, 23.229 ] } },
{ "type": "Feature", "properties": { "decimalLatitude": -33.7007, "decimalLongitude": 150.928, "month": 7, "species_sci": "Spilopelia chinensis", "species_com": "Spotted Dove" }, "geometry": { "type": "Point", "coordinates": [ 150.928, -33.7007 ] } },
{ "type": "Feature", "properties": { "decimalLatitude": -38.1765, "decimalLongitude": 144.307, "month": 7, "species_sci": "Spilopelia chinensis", "species_com": "Spotted Dove" }, "geometry": { "type": "Point", "coordinates": [ 144.307, -38.1765 ] } },
{ "type": "Feature", "properties": { "decimalLatitude": 18.6861, "decimalLongitude": 98.9057, "month": 7, "species_sci": "Spilopelia chinensis", "species_com": "Spotted Dove" }, "geometry": { "type": "Point", "coordinates": [ 98.9057, 18.6861 ] } },
{ "type": "Feature", "properties": { "decimalLatitude": 22.2922, "decimalLongitude": 113.9466, "month": 7, "species_sci": "Spilopelia chinensis", "species_com": "Spotted Dove" }, "geometry": { "type": "Point", "coordinates": [ 113.9466, 22.2922 ] } },
{ "type": "Feature", "properties": { "decimalLatitude": -37.8267, "decimalLongitude": 145.1609, "month": 7, "species_sci": "Spilopelia chinensis", "species_com": "Spotted Dove" }, "geometry": { "type": "Point", "coordinates": [ 145.1609, -37.8267 ] } },
{ "type": "Feature", "properties": { "decimalLatitude": 24.7479, "decimalLongitude": 97.5597, "month": 7, "species_sci": "Spilopelia chinensis", "species_com": "Spotted Dove" }, "geometry": { "type": "Point", "coordinates": [ 97.5597, 24.7479 ] } },
{ "type": "Feature", "properties": { "decimalLatitude": 18.4244, "decimalLongitude": 72.9487, "month": 7, "species_sci": "Spilopelia chinensis", "species_com": "Spotted Dove" }, "geometry": { "type": "Point", "coordinates": [ 72.9487, 18.4244 ] } },
{ "type": "Feature", "properties": { "decimalLatitude": 1.3398, "decimalLongitude": 103.7267, "month": 7, "species_sci": "Spilopelia chinensis", "species_com": "Spotted Dove" }, "geometry": { "type": "Point", "coordinates": [ 103.7267, 1.3398 ] } },
{ "type": "Feature", "properties": { "decimalLatitude": 20.6752, "decimalLongitude": -156.4418, "month": 7, "species_sci": "Spilopelia chinensis", "species_com": "Spotted Dove" }, "geometry": { "type": "Point", "coordinates": [ -156.4418, 20.6752 ] } },
{ "type": "Feature", "properties": { "decimalLatitude": 40.1006, "decimalLongitude": 116.3661, "month": 7, "species_sci": "Spilopelia chinensis", "species_com": "Spotted Dove" }, "geometry": { "type": "Point", "coordinates": [ 116.3661, 40.1006 ] } },
{ "type": "Feature", "properties": { "decimalLatitude": 21.2633, "decimalLongitude": 76.5186, "month": 8, "species_sci": "Spilopelia chinensis", "species_com": "Spotted Dove" }, "geometry": { "type": "Point", "coordinates": [ 76.5186, 21.2633 ] } },
{ "type": "Feature", "properties": { "decimalLatitude": -8.2835, "decimalLongitude": 115.1772, "month": 8, "species_sci": "Spilopelia chinensis", "species_com": "Spotted Dove" }, "geometry": { "type": "Point", "coordinates": [ 115.1772, -8.2835 ] } },
{ "type": "Feature", "properties": { "decimalLatitude": 17.4427, "decimalLongitude": 78.3673, "month": 8, "species_sci": "Spilopelia chinensis", "species_com": "Spotted Dove" }, "geometry": { "type": "Point", "coordinates": [ 78.3673, 17.4427 ] } },
{ "type": "Feature", "properties": { "decimalLatitude": -27.4455, "decimalLongitude": 152.9458, "month": 8, "species_sci": "Spilopelia chinensis", "species_com": "Spotted Dove" }, "geometry": { "type": "Point", "coordinates": [ 152.9458, -27.4455 ] } },
{ "type": "Feature", "properties": { "decimalLatitude": 22.2863, "decimalLongitude": 114.1616, "month": 8, "species_sci": "Spilopelia chinensis", "species_com": "Spotted Dove" }, "geometry": { "type": "Point", "coordinates": [ 114.1616, 22.2863 ] } },
{ "type": "Feature", "properties": { "decimalLatitude": -34.5472, "decimalLongitude": 150.7931, "month": 8, "species_sci": "Spilopelia chinensis", "species_com": "Spotted Dove" }, "geometry": { "type": "Point", "coordinates": [ 150.7931, -34.5472 ] } },
{ "type": "Feature", "properties": { "decimalLatitude": -33.9239, "decimalLongitude": 151.166, "month": 8, "species_sci": "Spilopelia chinensis", "species_com": "Spotted Dove" }, "geometry": { "type": "Point", "coordinates": [ 151.166, -33.9239 ] } },
{ "type": "Feature", "properties": { "decimalLatitude": -35.0877, "decimalLongitude": 138.5569, "month": 8, "species_sci": "Spilopelia chinensis", "species_com": "Spotted Dove" }, "geometry": { "type": "Point", "coordinates": [ 138.5569, -35.0877 ] } },
{ "type": "Feature", "properties": { "decimalLatitude": 37.8733, "decimalLongitude": 112.5463, "month": 8, "species_sci": "Spilopelia chinensis", "species_com": "Spotted Dove" }, "geometry": { "type": "Point", "coordinates": [ 112.5463, 37.8733 ] } },
{ "type": "Feature", "properties": { "decimalLatitude": -33.7646, "decimalLongitude": 150.64, "month": 8, "species_sci": "Spilopelia chinensis", "species_com": "Spotted Dove" }, "geometry": { "type": "Point", "coordinates": [ 150.64, -33.7646 ] } },
{ "type": "Feature", "properties": { "decimalLatitude": -37.7504, "decimalLongitude": 145.0475, "month": 8, "species_sci": "Spilopelia chinensis", "species_com": "Spotted Dove" }, "geometry": { "type": "Point", "coordinates": [ 145.0475, -37.7504 ] } },
{ "type": "Feature", "properties": { "decimalLatitude": 22.4924, "decimalLongitude": 114.0359, "month": 8, "species_sci": "Spilopelia chinensis", "species_com": "Spotted Dove" }, "geometry": { "type": "Point", "coordinates": [ 114.0359, 22.4924 ] } },
{ "type": "Feature", "properties": { "decimalLatitude": 39.89, "decimalLongitude": 116.4028, "month": 8, "species_sci": "Spilopelia chinensis", "species_com": "Spotted Dove" }, "geometry": { "type": "Point", "coordinates": [ 116.4028, 39.89 ] } },
{ "type": "Feature", "properties": { "decimalLatitude": -33.9675, "decimalLongitude": 151.1536, "month": 8, "species_sci": "Spilopelia chinensis", "species_com": "Spotted Dove" }, "geometry": { "type": "Point", "coordinates": [ 151.1536, -33.9675 ] } },
{ "type": "Feature", "properties": { "decimalLatitude": -16.8084, "decimalLongitude": 145.7173, "month": 8, "species_sci": "Spilopelia chinensis", "species_com": "Spotted Dove" }, "geometry": { "type": "Point", "coordinates": [ 145.7173, -16.8084 ] } },
{ "type": "Feature", "properties": { "decimalLatitude": 11.7204, "decimalLongitude": 77.7395, "month": 8, "species_sci": "Spilopelia chinensis", "species_com": "Spotted Dove" }, "geometry": { "type": "Point", "coordinates": [ 77.7395, 11.7204 ] } },
{ "type": "Feature", "properties": { "decimalLatitude": 22.2871, "decimalLongitude": 114.1591, "month": 8, "species_sci": "Spilopelia chinensis", "species_com": "Spotted Dove" }, "geometry": { "type": "Point", "coordinates": [ 114.1591, 22.2871 ] } },
{ "type": "Feature", "properties": { "decimalLatitude": -37.767, "decimalLongitude": 144.984, "month": 8, "species_sci": "Spilopelia chinensis", "species_com": "Spotted Dove" }, "geometry": { "type": "Point", "coordinates": [ 144.984, -37.767 ] } },
{ "type": "Feature", "properties": { "decimalLatitude": 21.0352, "decimalLongitude": 105.8345, "month": 8, "species_sci": "Spilopelia chinensis", "species_com": "Spotted Dove" }, "geometry": { "type": "Point", "coordinates": [ 105.8345, 21.0352 ] } },
{ "type": "Feature", "properties": { "decimalLatitude": -37.8276, "decimalLongitude": 145.1621, "month": 8, "species_sci": "Spilopelia chinensis", "species_com": "Spotted Dove" }, "geometry": { "type": "Point", "coordinates": [ 145.1621, -37.8276 ] } },
{ "type": "Feature", "properties": { "decimalLatitude": -37.8278, "decimalLongitude": 145.1621, "month": 8, "species_sci": "Spilopelia chinensis", "species_com": "Spotted Dove" }, "geometry": { "type": "Point", "coordinates": [ 145.1621, -37.8278 ] } },
{ "type": "Feature", "properties": { "decimalLatitude": -34.4916, "decimalLongitude": 150.8201, "month": 8, "species_sci": "Spilopelia chinensis", "species_com": "Spotted Dove" }, "geometry": { "type": "Point", "coordinates": [ 150.8201, -34.4916 ] } },
{ "type": "Feature", "properties": { "decimalLatitude": -37.9154, "decimalLongitude": 145.1061, "month": 8, "species_sci": "Spilopelia chinensis", "species_com": "Spotted Dove" }, "geometry": { "type": "Point", "coordinates": [ 145.1061, -37.9154 ] } },
{ "type": "Feature", "properties": { "decimalLatitude": -31.9462, "decimalLongitude": 115.9764, "month": 8, "species_sci": "Spilopelia chinensis", "species_com": "Spotted Dove" }, "geometry": { "type": "Point", "coordinates": [ 115.9764, -31.9462 ] } },
{ "type": "Feature", "properties": { "decimalLatitude": -42.9089, "decimalLongitude": 147.3191, "month": 8, "species_sci": "Spilopelia chinensis", "species_com": "Spotted Dove" }, "geometry": { "type": "Point", "coordinates": [ 147.3191, -42.9089 ] } },
{ "type": "Feature", "properties": { "decimalLatitude": -33.7117, "decimalLongitude": 150.9515, "month": 8, "species_sci": "Spilopelia chinensis", "species_com": "Spotted Dove" }, "geometry": { "type": "Point", "coordinates": [ 150.9515, -33.7117 ] } },
{ "type": "Feature", "properties": { "decimalLatitude": 21.3057, "decimalLongitude": 76.5042, "month": 8, "species_sci": "Spilopelia chinensis", "species_com": "Spotted Dove" }, "geometry": { "type": "Point", "coordinates": [ 76.5042, 21.3057 ] } },
{ "type": "Feature", "properties": { "decimalLatitude": 31.1945, "decimalLongitude": 121.3609, "month": 8, "species_sci": "Spilopelia chinensis", "species_com": "Spotted Dove" }, "geometry": { "type": "Point", "coordinates": [ 121.3609, 31.1945 ] } },
{ "type": "Feature", "properties": { "decimalLatitude": 1.4395, "decimalLongitude": 103.7351, "month": 8, "species_sci": "Spilopelia chinensis", "species_com": "Spotted Dove" }, "geometry": { "type": "Point", "coordinates": [ 103.7351, 1.4395 ] } },
{ "type": "Feature", "properties": { "decimalLatitude": 12.8702, "decimalLongitude": 77.769, "month": 8, "species_sci": "Spilopelia chinensis", "species_com": "Spotted Dove" }, "geometry": { "type": "Point", "coordinates": [ 77.769, 12.8702 ] } },
{ "type": "Feature", "properties": { "decimalLatitude": 1.3132, "decimalLongitude": 103.7641, "month": 8, "species_sci": "Spilopelia chinensis", "species_com": "Spotted Dove" }, "geometry": { "type": "Point", "coordinates": [ 103.7641, 1.3132 ] } },
{ "type": "Feature", "properties": { "decimalLatitude": -34.5301, "decimalLongitude": 150.35, "month": 8, "species_sci": "Spilopelia chinensis", "species_com": "Spotted Dove" }, "geometry": { "type": "Point", "coordinates": [ 150.35, -34.5301 ] } },
{ "type": "Feature", "properties": { "decimalLatitude": -37.8181, "decimalLongitude": 144.9688, "month": 8, "species_sci": "Spilopelia chinensis", "species_com": "Spotted Dove" }, "geometry": { "type": "Point", "coordinates": [ 144.9688, -37.8181 ] } },
{ "type": "Feature", "properties": { "decimalLatitude": -27.6794, "decimalLongitude": 153.078, "month": 8, "species_sci": "Spilopelia chinensis", "species_com": "Spotted Dove" }, "geometry": { "type": "Point", "coordinates": [ 153.078, -27.6794 ] } },
{ "type": "Feature", "properties": { "decimalLatitude": 23.2986, "decimalLongitude": 120.3817, "month": 8, "species_sci": "Spilopelia chinensis", "species_com": "Spotted Dove" }, "geometry": { "type": "Point", "coordinates": [ 120.3817, 23.2986 ] } },
{ "type": "Feature", "properties": { "decimalLatitude": 24.2061, "decimalLongitude": 120.4913, "month": 8, "species_sci": "Spilopelia chinensis", "species_com": "Spotted Dove" }, "geometry": { "type": "Point", "coordinates": [ 120.4913, 24.2061 ] } },
{ "type": "Feature", "properties": { "decimalLatitude": -34.0122, "decimalLongitude": 150.7708, "month": 8, "species_sci": "Spilopelia chinensis", "species_com": "Spotted Dove" }, "geometry": { "type": "Point", "coordinates": [ 150.7708, -34.0122 ] } },
{ "type": "Feature", "properties": { "decimalLatitude": 31.4466, "decimalLongitude": 120.4043, "month": 8, "species_sci": "Spilopelia chinensis", "species_com": "Spotted Dove" }, "geometry": { "type": "Point", "coordinates": [ 120.4043, 31.4466 ] } },
{ "type": "Feature", "properties": { "decimalLatitude": -37.8, "decimalLongitude": 144.9628, "month": 8, "species_sci": "Spilopelia chinensis", "species_com": "Spotted Dove" }, "geometry": { "type": "Point", "coordinates": [ 144.9628, -37.8 ] } },
{ "type": "Feature", "properties": { "decimalLatitude": -38.2604, "decimalLongitude": 144.5171, "month": 8, "species_sci": "Spilopelia chinensis", "species_com": "Spotted Dove" }, "geometry": { "type": "Point", "coordinates": [ 144.5171, -38.2604 ] } },
{ "type": "Feature", "properties": { "decimalLatitude": 31.1517, "decimalLongitude": 120.6614, "month": 8, "species_sci": "Spilopelia chinensis", "species_com": "Spotted Dove" }, "geometry": { "type": "Point", "coordinates": [ 120.6614, 31.1517 ] } },
{ "type": "Feature", "properties": { "decimalLatitude": -33.7618, "decimalLongitude": 150.8452, "month": 8, "species_sci": "Spilopelia chinensis", "species_com": "Spotted Dove" }, "geometry": { "type": "Point", "coordinates": [ 150.8452, -33.7618 ] } },
{ "type": "Feature", "properties": { "decimalLatitude": 1.3209, "decimalLongitude": 103.7694, "month": 8, "species_sci": "Spilopelia chinensis", "species_com": "Spotted Dove" }, "geometry": { "type": "Point", "coordinates": [ 103.7694, 1.3209 ] } },
{ "type": "Feature", "properties": { "decimalLatitude": -34.5917, "decimalLongitude": 150.525, "month": 8, "species_sci": "Spilopelia chinensis", "species_com": "Spotted Dove" }, "geometry": { "type": "Point", "coordinates": [ 150.525, -34.5917 ] } },
{ "type": "Feature", "properties": { "decimalLatitude": -8.7232, "decimalLongitude": 115.1705, "month": 8, "species_sci": "Spilopelia chinensis", "species_com": "Spotted Dove" }, "geometry": { "type": "Point", "coordinates": [ 115.1705, -8.7232 ] } },
{ "type": "Feature", "properties": { "decimalLatitude": 1.4459, "decimalLongitude": 103.8209, "month": 8, "species_sci": "Spilopelia chinensis", "species_com": "Spotted Dove" }, "geometry": { "type": "Point", "coordinates": [ 103.8209, 1.4459 ] } },
{ "type": "Feature", "properties": { "decimalLatitude": 40.0481, "decimalLongitude": 116.602, "month": 8, "species_sci": "Spilopelia chinensis", "species_com": "Spotted Dove" }, "geometry": { "type": "Point", "coordinates": [ 116.602, 40.0481 ] } },
{ "type": "Feature", "properties": { "decimalLatitude": 30.7644, "decimalLongitude": 104.1289, "month": 8, "species_sci": "Spilopelia chinensis", "species_com": "Spotted Dove" }, "geometry": { "type": "Point", "coordinates": [ 104.1289, 30.7644 ] } },
{ "type": "Feature", "properties": { "decimalLatitude": 26.7025, "decimalLongitude": 92.3248, "month": 8, "species_sci": "Spilopelia chinensis", "species_com": "Spotted Dove" }, "geometry": { "type": "Point", "coordinates": [ 92.3248, 26.7025 ] } },
{ "type": "Feature", "properties": { "decimalLatitude": -8.2727, "decimalLongitude": 115.1535, "month": 8, "species_sci": "Spilopelia chinensis", "species_com": "Spotted Dove" }, "geometry": { "type": "Point", "coordinates": [ 115.1535, -8.2727 ] } },
{ "type": "Feature", "properties": { "decimalLatitude": -37.6864, "decimalLongitude": 145.1023, "month": 8, "species_sci": "Spilopelia chinensis", "species_com": "Spotted Dove" }, "geometry": { "type": "Point", "coordinates": [ 145.1023, -37.6864 ] } },
{ "type": "Feature", "properties": { "decimalLatitude": 27.7913, "decimalLongitude": 102.3398, "month": 8, "species_sci": "Spilopelia chinensis", "species_com": "Spotted Dove" }, "geometry": { "type": "Point", "coordinates": [ 102.3398, 27.7913 ] } },
{ "type": "Feature", "properties": { "decimalLatitude": 25.0983, "decimalLongitude": 121.4574, "month": 8, "species_sci": "Spilopelia chinensis", "species_com": "Spotted Dove" }, "geometry": { "type": "Point", "coordinates": [ 121.4574, 25.0983 ] } },
{ "type": "Feature", "properties": { "decimalLatitude": 34.2423, "decimalLongitude": 108.9377, "month": 8, "species_sci": "Spilopelia chinensis", "species_com": "Spotted Dove" }, "geometry": { "type": "Point", "coordinates": [ 108.9377, 34.2423 ] } },
{ "type": "Feature", "properties": { "decimalLatitude": -38.1382, "decimalLongitude": 145.283, "month": 8, "species_sci": "Spilopelia chinensis", "species_com": "Spotted Dove" }, "geometry": { "type": "Point", "coordinates": [ 145.283, -38.1382 ] } },
{ "type": "Feature", "properties": { "decimalLatitude": -38.2107, "decimalLongitude": 146.5309, "month": 8, "species_sci": "Spilopelia chinensis", "species_com": "Spotted Dove" }, "geometry": { "type": "Point", "coordinates": [ 146.5309, -38.2107 ] } },
{ "type": "Feature", "properties": { "decimalLatitude": 14.5329, "decimalLongitude": 101.3703, "month": 8, "species_sci": "Spilopelia chinensis", "species_com": "Spotted Dove" }, "geometry": { "type": "Point", "coordinates": [ 101.3703, 14.5329 ] } },
{ "type": "Feature", "properties": { "decimalLatitude": 1.3322, "decimalLongitude": 103.7275, "month": 8, "species_sci": "Spilopelia chinensis", "species_com": "Spotted Dove" }, "geometry": { "type": "Point", "coordinates": [ 103.7275, 1.3322 ] } },
{ "type": "Feature", "properties": { "decimalLatitude": 1.3434, "decimalLongitude": 103.8431, "month": 8, "species_sci": "Spilopelia chinensis", "species_com": "Spotted Dove" }, "geometry": { "type": "Point", "coordinates": [ 103.8431, 1.3434 ] } },
{ "type": "Feature", "properties": { "decimalLatitude": 22.2677, "decimalLongitude": 113.9964, "month": 8, "species_sci": "Spilopelia chinensis", "species_com": "Spotted Dove" }, "geometry": { "type": "Point", "coordinates": [ 113.9964, 22.2677 ] } },
{ "type": "Feature", "properties": { "decimalLatitude": -6.7233, "decimalLongitude": 107.038, "month": 8, "species_sci": "Spilopelia chinensis", "species_com": "Spotted Dove" }, "geometry": { "type": "Point", "coordinates": [ 107.038, -6.7233 ] } },
{ "type": "Feature", "properties": { "decimalLatitude": -8.1301, "decimalLongitude": 114.575, "month": 8, "species_sci": "Spilopelia chinensis", "species_com": "Spotted Dove" }, "geometry": { "type": "Point", "coordinates": [ 114.575, -8.1301 ] } },
{ "type": "Feature", "properties": { "decimalLatitude": -34.4847, "decimalLongitude": 150.8358, "month": 8, "species_sci": "Spilopelia chinensis", "species_com": "Spotted Dove" }, "geometry": { "type": "Point", "coordinates": [ 150.8358, -34.4847 ] } },
{ "type": "Feature", "properties": { "decimalLatitude": 22.6315, "decimalLongitude": 120.2935, "month": 8, "species_sci": "Spilopelia chinensis", "species_com": "Spotted Dove" }, "geometry": { "type": "Point", "coordinates": [ 120.2935, 22.6315 ] } },
{ "type": "Feature", "properties": { "decimalLatitude": 21.2635, "decimalLongitude": -157.8057, "month": 8, "species_sci": "Spilopelia chinensis", "species_com": "Spotted Dove" }, "geometry": { "type": "Point", "coordinates": [ -157.8057, 21.2635 ] } },
{ "type": "Feature", "properties": { "decimalLatitude": 24.2716, "decimalLongitude": 120.8123, "month": 8, "species_sci": "Spilopelia chinensis", "species_com": "Spotted Dove" }, "geometry": { "type": "Point", "coordinates": [ 120.8123, 24.2716 ] } },
{ "type": "Feature", "properties": { "decimalLatitude": 31.6998, "decimalLongitude": 120.2989, "month": 8, "species_sci": "Spilopelia chinensis", "species_com": "Spotted Dove" }, "geometry": { "type": "Point", "coordinates": [ 120.2989, 31.6998 ] } },
{ "type": "Feature", "properties": { "decimalLatitude": -27.6108, "decimalLongitude": 152.9719, "month": 8, "species_sci": "Spilopelia chinensis", "species_com": "Spotted Dove" }, "geometry": { "type": "Point", "coordinates": [ 152.9719, -27.6108 ] } },
{ "type": "Feature", "properties": { "decimalLatitude": 22.3081, "decimalLongitude": 114.1694, "month": 8, "species_sci": "Spilopelia chinensis", "species_com": "Spotted Dove" }, "geometry": { "type": "Point", "coordinates": [ 114.1694, 22.3081 ] } },
{ "type": "Feature", "properties": { "decimalLatitude": 30.7939, "decimalLongitude": 106.1015, "month": 8, "species_sci": "Spilopelia chinensis", "species_com": "Spotted Dove" }, "geometry": { "type": "Point", "coordinates": [ 106.1015, 30.7939 ] } },
{ "type": "Feature", "properties": { "decimalLatitude": 11.0973, "decimalLongitude": 76.8854, "month": 8, "species_sci": "Spilopelia chinensis", "species_com": "Spotted Dove" }, "geometry": { "type": "Point", "coordinates": [ 76.8854, 11.0973 ] } },
{ "type": "Feature", "properties": { "decimalLatitude": 31.604, "decimalLongitude": 120.7395, "month": 8, "species_sci": "Spilopelia chinensis", "species_com": "Spotted Dove" }, "geometry": { "type": "Point", "coordinates": [ 120.7395, 31.604 ] } },
{ "type": "Feature", "properties": { "decimalLatitude": 23.7058, "decimalLongitude": 120.5427, "month": 8, "species_sci": "Spilopelia chinensis", "species_com": "Spotted Dove" }, "geometry": { "type": "Point", "coordinates": [ 120.5427, 23.7058 ] } },
{ "type": "Feature", "properties": { "decimalLatitude": 17.4426, "decimalLongitude": 78.3676, "month": 8, "species_sci": "Spilopelia chinensis", "species_com": "Spotted Dove" }, "geometry": { "type": "Point", "coordinates": [ 78.3676, 17.4426 ] } },
{ "type": "Feature", "properties": { "decimalLatitude": 21.3098, "decimalLongitude": -157.8101, "month": 8, "species_sci": "Spilopelia chinensis", "species_com": "Spotted Dove" }, "geometry": { "type": "Point", "coordinates": [ -157.8101, 21.3098 ] } },
{ "type": "Feature", "properties": { "decimalLatitude": 25.1123, "decimalLongitude": 121.4928, "month": 8, "species_sci": "Spilopelia chinensis", "species_com": "Spotted Dove" }, "geometry": { "type": "Point", "coordinates": [ 121.4928, 25.1123 ] } },
{ "type": "Feature", "properties": { "decimalLatitude": -37.8263, "decimalLongitude": 145.1599, "month": 8, "species_sci": "Spilopelia chinensis", "species_com": "Spotted Dove" }, "geometry": { "type": "Point", "coordinates": [ 145.1599, -37.8263 ] } },
{ "type": "Feature", "properties": { "decimalLatitude": 19.6611, "decimalLongitude": -156.0155, "month": 8, "species_sci": "Spilopelia chinensis", "species_com": "Spotted Dove" }, "geometry": { "type": "Point", "coordinates": [ -156.0155, 19.6611 ] } },
{ "type": "Feature", "properties": { "decimalLatitude": -37.8066, "decimalLongitude": 145.1534, "month": 8, "species_sci": "Spilopelia chinensis", "species_com": "Spotted Dove" }, "geometry": { "type": "Point", "coordinates": [ 145.1534, -37.8066 ] } },
{ "type": "Feature", "properties": { "decimalLatitude": 24.4795, "decimalLongitude": 118.0895, "month": 8, "species_sci": "Spilopelia chinensis", "species_com": "Spotted Dove" }, "geometry": { "type": "Point", "coordinates": [ 118.0895, 24.4795 ] } },
{ "type": "Feature", "properties": { "decimalLatitude": 31.4466, "decimalLongitude": 120.4038, "month": 8, "species_sci": "Spilopelia chinensis", "species_com": "Spotted Dove" }, "geometry": { "type": "Point", "coordinates": [ 120.4038, 31.4466 ] } },
{ "type": "Feature", "properties": { "decimalLatitude": 22.261, "decimalLongitude": 114.2392, "month": 8, "species_sci": "Spilopelia chinensis", "species_com": "Spotted Dove" }, "geometry": { "type": "Point", "coordinates": [ 114.2392, 22.261 ] } },
{ "type": "Feature", "properties": { "decimalLatitude": 22.9645, "decimalLongitude": 88.5228, "month": 8, "species_sci": "Spilopelia chinensis", "species_com": "Spotted Dove" }, "geometry": { "type": "Point", "coordinates": [ 88.5228, 22.9645 ] } },
{ "type": "Feature", "properties": { "decimalLatitude": 23.9643, "decimalLongitude": 120.9848, "month": 8, "species_sci": "Spilopelia chinensis", "species_com": "Spotted Dove" }, "geometry": { "type": "Point", "coordinates": [ 120.9848, 23.9643 ] } },
{ "type": "Feature", "properties": { "decimalLatitude": 22.675, "decimalLongitude": 121.469, "month": 8, "species_sci": "Spilopelia chinensis", "species_com": "Spotted Dove" }, "geometry": { "type": "Point", "coordinates": [ 121.469, 22.675 ] } },
{ "type": "Feature", "properties": { "decimalLatitude": 10.8214, "decimalLongitude": 106.61, "month": 8, "species_sci": "Spilopelia chinensis", "species_com": "Spotted Dove" }, "geometry": { "type": "Point", "coordinates": [ 106.61, 10.8214 ] } },
{ "type": "Feature", "properties": { "decimalLatitude": 21.2909, "decimalLongitude": -157.8537, "month": 8, "species_sci": "Spilopelia chinensis", "species_com": "Spotted Dove" }, "geometry": { "type": "Point", "coordinates": [ -157.8537, 21.2909 ] } },
{ "type": "Feature", "properties": { "decimalLatitude": 17.4218, "decimalLongitude": 78.55, "month": 8, "species_sci": "Spilopelia chinensis", "species_com": "Spotted Dove" }, "geometry": { "type": "Point", "coordinates": [ 78.55, 17.4218 ] } },
{ "type": "Feature", "properties": { "decimalLatitude": -37.7869, "decimalLongitude": 175.231, "month": 8, "species_sci": "Spilopelia chinensis", "species_com": "Spotted Dove" }, "geometry": { "type": "Point", "coordinates": [ 175.231, -37.7869 ] } },
{ "type": "Feature", "properties": { "decimalLatitude": 38.0534, "decimalLongitude": 117.1042, "month": 8, "species_sci": "Spilopelia chinensis", "species_com": "Spotted Dove" }, "geometry": { "type": "Point", "coordinates": [ 117.1042, 38.0534 ] } },
{ "type": "Feature", "properties": { "decimalLatitude": 1.3512, "decimalLongitude": 103.9514, "month": 8, "species_sci": "Spilopelia chinensis", "species_com": "Spotted Dove" }, "geometry": { "type": "Point", "coordinates": [ 103.9514, 1.3512 ] } },
{ "type": "Feature", "properties": { "decimalLatitude": -0.3821, "decimalLongitude": 117.051, "month": 8, "species_sci": "Spilopelia chinensis", "species_com": "Spotted Dove" }, "geometry": { "type": "Point", "coordinates": [ 117.051, -0.3821 ] } },
{ "type": "Feature", "properties": { "decimalLatitude": 14.9006, "decimalLongitude": 99.6209, "month": 8, "species_sci": "Spilopelia chinensis", "species_com": "Spotted Dove" }, "geometry": { "type": "Point", "coordinates": [ 99.6209, 14.9006 ] } },
{ "type": "Feature", "properties": { "decimalLatitude": 20.7275, "decimalLongitude": -156.4502, "month": 8, "species_sci": "Spilopelia chinensis", "species_com": "Spotted Dove" }, "geometry": { "type": "Point", "coordinates": [ -156.4502, 20.7275 ] } },
{ "type": "Feature", "properties": { "decimalLatitude": 10.8232, "decimalLongitude": 106.6141, "month": 8, "species_sci": "Spilopelia chinensis", "species_com": "Spotted Dove" }, "geometry": { "type": "Point", "coordinates": [ 106.6141, 10.8232 ] } },
{ "type": "Feature", "properties": { "decimalLatitude": 50.4699, "decimalLongitude": 4.8091, "month": 8, "species_sci": "Spilopelia chinensis", "species_com": "Spotted Dove" }, "geometry": { "type": "Point", "coordinates": [ 4.8091, 50.4699 ] } },
{ "type": "Feature", "properties": { "decimalLatitude": 17.7516, "decimalLongitude": 83.2567, "month": 8, "species_sci": "Spilopelia chinensis", "species_com": "Spotted Dove" }, "geometry": { "type": "Point", "coordinates": [ 83.2567, 17.7516 ] } },
{ "type": "Feature", "properties": { "decimalLatitude": 12.8952, "decimalLongitude": 77.5922, "month": 8, "species_sci": "Spilopelia chinensis", "species_com": "Spotted Dove" }, "geometry": { "type": "Point", "coordinates": [ 77.5922, 12.8952 ] } },
{ "type": "Feature", "properties": { "decimalLatitude": -32.0439, "decimalLongitude": 115.7994, "month": 8, "species_sci": "Spilopelia chinensis", "species_com": "Spotted Dove" }, "geometry": { "type": "Point", "coordinates": [ 115.7994, -32.0439 ] } },
{ "type": "Feature", "properties": { "decimalLatitude": -34.4101, "decimalLongitude": 150.8753, "month": 8, "species_sci": "Spilopelia chinensis", "species_com": "Spotted Dove" }, "geometry": { "type": "Point", "coordinates": [ 150.8753, -34.4101 ] } },
{ "type": "Feature", "properties": { "decimalLatitude": -38.3048, "decimalLongitude": 146.4249, "month": 8, "species_sci": "Spilopelia chinensis", "species_com": "Spotted Dove" }, "geometry": { "type": "Point", "coordinates": [ 146.4249, -38.3048 ] } },
{ "type": "Feature", "properties": { "decimalLatitude": 20.2859, "decimalLongitude": 73.0087, "month": 8, "species_sci": "Spilopelia chinensis", "species_com": "Spotted Dove" }, "geometry": { "type": "Point", "coordinates": [ 73.0087, 20.2859 ] } },
{ "type": "Feature", "properties": { "decimalLatitude": 38.0534, "decimalLongitude": 117.1042, "month": 8, "species_sci": "Spilopelia chinensis", "species_com": "Spotted Dove" }, "geometry": { "type": "Point", "coordinates": [ 117.1042, 38.0534 ] } },
{ "type": "Feature", "properties": { "decimalLatitude": -37.7979, "decimalLongitude": 145.0646, "month": 8, "species_sci": "Spilopelia chinensis", "species_com": "Spotted Dove" }, "geometry": { "type": "Point", "coordinates": [ 145.0646, -37.7979 ] } },
{ "type": "Feature", "properties": { "decimalLatitude": -20.9466, "decimalLongitude": 164.6849, "month": 8, "species_sci": "Spilopelia chinensis", "species_com": "Spotted Dove" }, "geometry": { "type": "Point", "coordinates": [ 164.6849, -20.9466 ] } },
{ "type": "Feature", "properties": { "decimalLatitude": 17.4426, "decimalLongitude": 78.3677, "month": 8, "species_sci": "Spilopelia chinensis", "species_com": "Spotted Dove" }, "geometry": { "type": "Point", "coordinates": [ 78.3677, 17.4426 ] } },
{ "type": "Feature", "properties": { "decimalLatitude": -34.8047, "decimalLongitude": 138.5996, "month": 8, "species_sci": "Spilopelia chinensis", "species_com": "Spotted Dove" }, "geometry": { "type": "Point", "coordinates": [ 138.5996, -34.8047 ] } },
{ "type": "Feature", "properties": { "decimalLatitude": -42.7658, "decimalLongitude": 147.2435, "month": 8, "species_sci": "Spilopelia chinensis", "species_com": "Spotted Dove" }, "geometry": { "type": "Point", "coordinates": [ 147.2435, -42.7658 ] } },
{ "type": "Feature", "properties": { "decimalLatitude": -34.8261, "decimalLongitude": 150.6544, "month": 8, "species_sci": "Spilopelia chinensis", "species_com": "Spotted Dove" }, "geometry": { "type": "Point", "coordinates": [ 150.6544, -34.8261 ] } },
{ "type": "Feature", "properties": { "decimalLatitude": 21.3366, "decimalLongitude": 76.5859, "month": 8, "species_sci": "Spilopelia chinensis", "species_com": "Spotted Dove" }, "geometry": { "type": "Point", "coordinates": [ 76.5859, 21.3366 ] } },
{ "type": "Feature", "properties": { "decimalLatitude": 8.773, "decimalLongitude": 81.1355, "month": 8, "species_sci": "Spilopelia chinensis", "species_com": "Spotted Dove" }, "geometry": { "type": "Point", "coordinates": [ 81.1355, 8.773 ] } },
{ "type": "Feature", "properties": { "decimalLatitude": 14.6845, "decimalLongitude": 99.9335, "month": 8, "species_sci": "Spilopelia chinensis", "species_com": "Spotted Dove" }, "geometry": { "type": "Point", "coordinates": [ 99.9335, 14.6845 ] } },
{ "type": "Feature", "properties": { "decimalLatitude": 6.5332, "decimalLongitude": 81.2598, "month": 8, "species_sci": "Spilopelia chinensis", "species_com": "Spotted Dove" }, "geometry": { "type": "Point", "coordinates": [ 81.2598, 6.5332 ] } },
{ "type": "Feature", "properties": { "decimalLatitude": 8.6392, "decimalLongitude": 77.4449, "month": 8, "species_sci": "Spilopelia chinensis", "species_com": "Spotted Dove" }, "geometry": { "type": "Point", "coordinates": [ 77.4449, 8.6392 ] } },
{ "type": "Feature", "properties": { "decimalLatitude": -33.5816, "decimalLongitude": 150.7531, "month": 8, "species_sci": "Spilopelia chinensis", "species_com": "Spotted Dove" }, "geometry": { "type": "Point", "coordinates": [ 150.7531, -33.5816 ] } },
{ "type": "Feature", "properties": { "decimalLatitude": -27.5699, "decimalLongitude": 153.093, "month": 8, "species_sci": "Spilopelia chinensis", "species_com": "Spotted Dove" }, "geometry": { "type": "Point", "coordinates": [ 153.093, -27.5699 ] } },
{ "type": "Feature", "properties": { "decimalLatitude": -33.6356, "decimalLongitude": 150.7997, "month": 8, "species_sci": "Spilopelia chinensis", "species_com": "Spotted Dove" }, "geometry": { "type": "Point", "coordinates": [ 150.7997, -33.6356 ] } },
{ "type": "Feature", "properties": { "decimalLatitude": -2.0744, "decimalLongitude": 101.4201, "month": 8, "species_sci": "Spilopelia chinensis", "species_com": "Spotted Dove" }, "geometry": { "type": "Point", "coordinates": [ 101.4201, -2.0744 ] } },
{ "type": "Feature", "properties": { "decimalLatitude": 19.3617, "decimalLongitude": 98.4434, "month": 8, "species_sci": "Spilopelia chinensis", "species_com": "Spotted Dove" }, "geometry": { "type": "Point", "coordinates": [ 98.4434, 19.3617 ] } },
{ "type": "Feature", "properties": { "decimalLatitude": -6.1785, "decimalLongitude": 106.8307, "month": 8, "species_sci": "Spilopelia chinensis", "species_com": "Spotted Dove" }, "geometry": { "type": "Point", "coordinates": [ 106.8307, -6.1785 ] } },
{ "type": "Feature", "properties": { "decimalLatitude": 21.3366, "decimalLongitude": 76.5859, "month": 8, "species_sci": "Spilopelia chinensis", "species_com": "Spotted Dove" }, "geometry": { "type": "Point", "coordinates": [ 76.5859, 21.3366 ] } },
{ "type": "Feature", "properties": { "decimalLatitude": 10.8002, "decimalLongitude": 106.7231, "month": 8, "species_sci": "Spilopelia chinensis", "species_com": "Spotted Dove" }, "geometry": { "type": "Point", "coordinates": [ 106.7231, 10.8002 ] } },
{ "type": "Feature", "properties": { "decimalLatitude": -37.7486, "decimalLongitude": 144.9885, "month": 8, "species_sci": "Spilopelia chinensis", "species_com": "Spotted Dove" }, "geometry": { "type": "Point", "coordinates": [ 144.9885, -37.7486 ] } },
{ "type": "Feature", "properties": { "decimalLatitude": 39.8976, "decimalLongitude": 116.3907, "month": 8, "species_sci": "Spilopelia chinensis", "species_com": "Spotted Dove" }, "geometry": { "type": "Point", "coordinates": [ 116.3907, 39.8976 ] } },
{ "type": "Feature", "properties": { "decimalLatitude": 52.15, "decimalLongitude": 5.05, "month": 8, "species_sci": "Spilopelia chinensis", "species_com": "Spotted Dove" }, "geometry": { "type": "Point", "coordinates": [ 5.05, 52.15 ] } },
{ "type": "Feature", "properties": { "decimalLatitude": -37.8265, "decimalLongitude": 145.1607, "month": 8, "species_sci": "Spilopelia chinensis", "species_com": "Spotted Dove" }, "geometry": { "type": "Point", "coordinates": [ 145.1607, -37.8265 ] } },
{ "type": "Feature", "properties": { "decimalLatitude": 21.3366, "decimalLongitude": 76.5859, "month": 8, "species_sci": "Spilopelia chinensis", "species_com": "Spotted Dove" }, "geometry": { "type": "Point", "coordinates": [ 76.5859, 21.3366 ] } },
{ "type": "Feature", "properties": { "decimalLatitude": -8.4976, "decimalLongitude": 115.2576, "month": 8, "species_sci": "Spilopelia chinensis", "species_com": "Spotted Dove" }, "geometry": { "type": "Point", "coordinates": [ 115.2576, -8.4976 ] } },
{ "type": "Feature", "properties": { "decimalLatitude": 31.4022, "decimalLongitude": 120.2192, "month": 8, "species_sci": "Spilopelia chinensis", "species_com": "Spotted Dove" }, "geometry": { "type": "Point", "coordinates": [ 120.2192, 31.4022 ] } },
{ "type": "Feature", "properties": { "decimalLatitude": 1.3323, "decimalLongitude": 103.842, "month": 8, "species_sci": "Spilopelia chinensis", "species_com": "Spotted Dove" }, "geometry": { "type": "Point", "coordinates": [ 103.842, 1.3323 ] } },
{ "type": "Feature", "properties": { "decimalLatitude": 13.4139, "decimalLongitude": 80.325, "month": 8, "species_sci": "Spilopelia chinensis", "species_com": "Spotted Dove" }, "geometry": { "type": "Point", "coordinates": [ 80.325, 13.4139 ] } },
{ "type": "Feature", "properties": { "decimalLatitude": -34.4491, "decimalLongitude": 150.8279, "month": 8, "species_sci": "Spilopelia chinensis", "species_com": "Spotted Dove" }, "geometry": { "type": "Point", "coordinates": [ 150.8279, -34.4491 ] } },
{ "type": "Feature", "properties": { "decimalLatitude": -16.9049, "decimalLongitude": 145.7632, "month": 8, "species_sci": "Spilopelia chinensis", "species_com": "Spotted Dove" }, "geometry": { "type": "Point", "coordinates": [ 145.7632, -16.9049 ] } },
{ "type": "Feature", "properties": { "decimalLatitude": 21.279, "decimalLongitude": 76.6109, "month": 8, "species_sci": "Spilopelia chinensis", "species_com": "Spotted Dove" }, "geometry": { "type": "Point", "coordinates": [ 76.6109, 21.279 ] } },
{ "type": "Feature", "properties": { "decimalLatitude": 10.7754, "decimalLongitude": 106.6927, "month": 8, "species_sci": "Spilopelia chinensis", "species_com": "Spotted Dove" }, "geometry": { "type": "Point", "coordinates": [ 106.6927, 10.7754 ] } },
{ "type": "Feature", "properties": { "decimalLatitude": -8.6748, "decimalLongitude": 115.2602, "month": 8, "species_sci": "Spilopelia chinensis", "species_com": "Spotted Dove" }, "geometry": { "type": "Point", "coordinates": [ 115.2602, -8.6748 ] } },
{ "type": "Feature", "properties": { "decimalLatitude": 4.4713, "decimalLongitude": 101.3809, "month": 8, "species_sci": "Spilopelia chinensis", "species_com": "Spotted Dove" }, "geometry": { "type": "Point", "coordinates": [ 101.3809, 4.4713 ] } },
{ "type": "Feature", "properties": { "decimalLatitude": 30.7361, "decimalLongitude": 114.2413, "month": 8, "species_sci": "Spilopelia chinensis", "species_com": "Spotted Dove" }, "geometry": { "type": "Point", "coordinates": [ 114.2413, 30.7361 ] } },
{ "type": "Feature", "properties": { "decimalLatitude": -34.9042, "decimalLongitude": 138.4896, "month": 8, "species_sci": "Spilopelia chinensis", "species_com": "Spotted Dove" }, "geometry": { "type": "Point", "coordinates": [ 138.4896, -34.9042 ] } },
{ "type": "Feature", "properties": { "decimalLatitude": 17.4426, "decimalLongitude": 78.3677, "month": 8, "species_sci": "Spilopelia chinensis", "species_com": "Spotted Dove" }, "geometry": { "type": "Point", "coordinates": [ 78.3677, 17.4426 ] } },
{ "type": "Feature", "properties": { "decimalLatitude": 38.857, "decimalLongitude": 115.4923, "month": 8, "species_sci": "Spilopelia chinensis", "species_com": "Spotted Dove" }, "geometry": { "type": "Point", "coordinates": [ 115.4923, 38.857 ] } },
{ "type": "Feature", "properties": { "decimalLatitude": -24.7663, "decimalLongitude": 152.4168, "month": 8, "species_sci": "Spilopelia chinensis", "species_com": "Spotted Dove" }, "geometry": { "type": "Point", "coordinates": [ 152.4168, -24.7663 ] } },
{ "type": "Feature", "properties": { "decimalLatitude": 34.2542, "decimalLongitude": 108.985, "month": 8, "species_sci": "Spilopelia chinensis", "species_com": "Spotted Dove" }, "geometry": { "type": "Point", "coordinates": [ 108.985, 34.2542 ] } },
{ "type": "Feature", "properties": { "decimalLatitude": 1.3669, "decimalLongitude": 103.9628, "month": 8, "species_sci": "Spilopelia chinensis", "species_com": "Spotted Dove" }, "geometry": { "type": "Point", "coordinates": [ 103.9628, 1.3669 ] } },
{ "type": "Feature", "properties": { "decimalLatitude": 31.6967, "decimalLongitude": 120.2998, "month": 8, "species_sci": "Spilopelia chinensis", "species_com": "Spotted Dove" }, "geometry": { "type": "Point", "coordinates": [ 120.2998, 31.6967 ] } },
{ "type": "Feature", "properties": { "decimalLatitude": 21.3004, "decimalLongitude": -157.8136, "month": 8, "species_sci": "Spilopelia chinensis", "species_com": "Spotted Dove" }, "geometry": { "type": "Point", "coordinates": [ -157.8136, 21.3004 ] } },
{ "type": "Feature", "properties": { "decimalLatitude": 6.0037, "decimalLongitude": 80.266, "month": 8, "species_sci": "Spilopelia chinensis", "species_com": "Spotted Dove" }, "geometry": { "type": "Point", "coordinates": [ 80.266, 6.0037 ] } },
{ "type": "Feature", "properties": { "decimalLatitude": -6.1032, "decimalLongitude": 106.7333, "month": 8, "species_sci": "Spilopelia chinensis", "species_com": "Spotted Dove" }, "geometry": { "type": "Point", "coordinates": [ 106.7333, -6.1032 ] } },
{ "type": "Feature", "properties": { "decimalLatitude": 12.6795, "decimalLongitude": 77.918, "month": 8, "species_sci": "Spilopelia chinensis", "species_com": "Spotted Dove" }, "geometry": { "type": "Point", "coordinates": [ 77.918, 12.6795 ] } },
{ "type": "Feature", "properties": { "decimalLatitude": 17.3897, "decimalLongitude": 78.3165, "month": 8, "species_sci": "Spilopelia chinensis", "species_com": "Spotted Dove" }, "geometry": { "type": "Point", "coordinates": [ 78.3165, 17.3897 ] } },
{ "type": "Feature", "properties": { "decimalLatitude": 37.4657, "decimalLongitude": 112.4617, "month": 9, "species_sci": "Spilopelia chinensis", "species_com": "Spotted Dove" }, "geometry": { "type": "Point", "coordinates": [ 112.4617, 37.4657 ] } },
{ "type": "Feature", "properties": { "decimalLatitude": 1.3402, "decimalLongitude": 103.8536, "month": 9, "species_sci": "Spilopelia chinensis", "species_com": "Spotted Dove" }, "geometry": { "type": "Point", "coordinates": [ 103.8536, 1.3402 ] } },
{ "type": "Feature", "properties": { "decimalLatitude": 21.3012, "decimalLongitude": -157.8159, "month": 9, "species_sci": "Spilopelia chinensis", "species_com": "Spotted Dove" }, "geometry": { "type": "Point", "coordinates": [ -157.8159, 21.3012 ] } },
{ "type": "Feature", "properties": { "decimalLatitude": 6.2593, "decimalLongitude": 81.405, "month": 9, "species_sci": "Spilopelia chinensis", "species_com": "Spotted Dove" }, "geometry": { "type": "Point", "coordinates": [ 81.405, 6.2593 ] } },
{ "type": "Feature", "properties": { "decimalLatitude": 18.2787, "decimalLongitude": 74.7595, "month": 9, "species_sci": "Spilopelia chinensis", "species_com": "Spotted Dove" }, "geometry": { "type": "Point", "coordinates": [ 74.7595, 18.2787 ] } },
{ "type": "Feature", "properties": { "decimalLatitude": -36.8788, "decimalLongitude": 174.8541, "month": 9, "species_sci": "Spilopelia chinensis", "species_com": "Spotted Dove" }, "geometry": { "type": "Point", "coordinates": [ 174.8541, -36.8788 ] } },
{ "type": "Feature", "properties": { "decimalLatitude": 12.7054, "decimalLongitude": 77.911, "month": 9, "species_sci": "Spilopelia chinensis", "species_com": "Spotted Dove" }, "geometry": { "type": "Point", "coordinates": [ 77.911, 12.7054 ] } },
{ "type": "Feature", "properties": { "decimalLatitude": 35.9259, "decimalLongitude": 120.1951, "month": 9, "species_sci": "Spilopelia chinensis", "species_com": "Spotted Dove" }, "geometry": { "type": "Point", "coordinates": [ 120.1951, 35.9259 ] } },
{ "type": "Feature", "properties": { "decimalLatitude": 36.3796, "decimalLongitude": 120.6924, "month": 9, "species_sci": "Spilopelia chinensis", "species_com": "Spotted Dove" }, "geometry": { "type": "Point", "coordinates": [ 120.6924, 36.3796 ] } },
{ "type": "Feature", "properties": { "decimalLatitude": -25.9433, "decimalLongitude": 153.0579, "month": 9, "species_sci": "Spilopelia chinensis", "species_com": "Spotted Dove" }, "geometry": { "type": "Point", "coordinates": [ 153.0579, -25.9433 ] } },
{ "type": "Feature", "properties": { "decimalLatitude": -37.8278, "decimalLongitude": 145.1602, "month": 9, "species_sci": "Spilopelia chinensis", "species_com": "Spotted Dove" }, "geometry": { "type": "Point", "coordinates": [ 145.1602, -37.8278 ] } },
{ "type": "Feature", "properties": { "decimalLatitude": -7.2967, "decimalLongitude": 112.8124, "month": 9, "species_sci": "Spilopelia chinensis", "species_com": "Spotted Dove" }, "geometry": { "type": "Point", "coordinates": [ 112.8124, -7.2967 ] } },
{ "type": "Feature", "properties": { "decimalLatitude": -32.8259, "decimalLongitude": 151.4813, "month": 9, "species_sci": "Spilopelia chinensis", "species_com": "Spotted Dove" }, "geometry": { "type": "Point", "coordinates": [ 151.4813, -32.8259 ] } },
{ "type": "Feature", "properties": { "decimalLatitude": -37.7969, "decimalLongitude": 144.9583, "month": 9, "species_sci": "Spilopelia chinensis", "species_com": "Spotted Dove" }, "geometry": { "type": "Point", "coordinates": [ 144.9583, -37.7969 ] } },
{ "type": "Feature", "properties": { "decimalLatitude": -25.9046, "decimalLongitude": 153.0108, "month": 9, "species_sci": "Spilopelia chinensis", "species_com": "Spotted Dove" }, "geometry": { "type": "Point", "coordinates": [ 153.0108, -25.9046 ] } },
{ "type": "Feature", "properties": { "decimalLatitude": -33.809, "decimalLongitude": 150.6849, "month": 9, "species_sci": "Spilopelia chinensis", "species_com": "Spotted Dove" }, "geometry": { "type": "Point", "coordinates": [ 150.6849, -33.809 ] } },
{ "type": "Feature", "properties": { "decimalLatitude": -37.8278, "decimalLongitude": 145.1624, "month": 9, "species_sci": "Spilopelia chinensis", "species_com": "Spotted Dove" }, "geometry": { "type": "Point", "coordinates": [ 145.1624, -37.8278 ] } },
{ "type": "Feature", "properties": { "decimalLatitude": 13.7062, "decimalLongitude": 79.592, "month": 9, "species_sci": "Spilopelia chinensis", "species_com": "Spotted Dove" }, "geometry": { "type": "Point", "coordinates": [ 79.592, 13.7062 ] } },
{ "type": "Feature", "properties": { "decimalLatitude": 22.3393, "decimalLongitude": 114.2056, "month": 9, "species_sci": "Spilopelia chinensis", "species_com": "Spotted Dove" }, "geometry": { "type": "Point", "coordinates": [ 114.2056, 22.3393 ] } },
{ "type": "Feature", "properties": { "decimalLatitude": 9.4715, "decimalLongitude": 100.065, "month": 9, "species_sci": "Spilopelia chinensis", "species_com": "Spotted Dove" }, "geometry": { "type": "Point", "coordinates": [ 100.065, 9.4715 ] } },
{ "type": "Feature", "properties": { "decimalLatitude": -38.2316, "decimalLongitude": 146.396, "month": 9, "species_sci": "Spilopelia chinensis", "species_com": "Spotted Dove" }, "geometry": { "type": "Point", "coordinates": [ 146.396, -38.2316 ] } },
{ "type": "Feature", "properties": { "decimalLatitude": 37.4435, "decimalLongitude": 112.5793, "month": 9, "species_sci": "Spilopelia chinensis", "species_com": "Spotted Dove" }, "geometry": { "type": "Point", "coordinates": [ 112.5793, 37.4435 ] } },
{ "type": "Feature", "properties": { "decimalLatitude": 24.6569, "decimalLongitude": 121.8159, "month": 9, "species_sci": "Spilopelia chinensis", "species_com": "Spotted Dove" }, "geometry": { "type": "Point", "coordinates": [ 121.8159, 24.6569 ] } },
{ "type": "Feature", "properties": { "decimalLatitude": 9.5787, "decimalLongitude": 77.0179, "month": 9, "species_sci": "Spilopelia chinensis", "species_com": "Spotted Dove" }, "geometry": { "type": "Point", "coordinates": [ 77.0179, 9.5787 ] } },
{ "type": "Feature", "properties": { "decimalLatitude": -8.508, "decimalLongitude": 115.2649, "month": 9, "species_sci": "Spilopelia chinensis", "species_com": "Spotted Dove" }, "geometry": { "type": "Point", "coordinates": [ 115.2649, -8.508 ] } },
{ "type": "Feature", "properties": { "decimalLatitude": -30.0318, "decimalLongitude": 153.1946, "month": 9, "species_sci": "Spilopelia chinensis", "species_com": "Spotted Dove" }, "geometry": { "type": "Point", "coordinates": [ 153.1946, -30.0318 ] } },
{ "type": "Feature", "properties": { "decimalLatitude": -37.7721, "decimalLongitude": 144.9856, "month": 9, "species_sci": "Spilopelia chinensis", "species_com": "Spotted Dove" }, "geometry": { "type": "Point", "coordinates": [ 144.9856, -37.7721 ] } },
{ "type": "Feature", "properties": { "decimalLatitude": -20.9442, "decimalLongitude": 164.6856, "month": 9, "species_sci": "Spilopelia chinensis", "species_com": "Spotted Dove" }, "geometry": { "type": "Point", "coordinates": [ 164.6856, -20.9442 ] } },
{ "type": "Feature", "properties": { "decimalLatitude": 1.4473, "decimalLongitude": 103.7276, "month": 9, "species_sci": "Spilopelia chinensis", "species_com": "Spotted Dove" }, "geometry": { "type": "Point", "coordinates": [ 103.7276, 1.4473 ] } },
{ "type": "Feature", "properties": { "decimalLatitude": 33.9595, "decimalLongitude": 118.266, "month": 9, "species_sci": "Spilopelia chinensis", "species_com": "Spotted Dove" }, "geometry": { "type": "Point", "coordinates": [ 118.266, 33.9595 ] } },
{ "type": "Feature", "properties": { "decimalLatitude": -37.8398, "decimalLongitude": 145.1091, "month": 9, "species_sci": "Spilopelia chinensis", "species_com": "Spotted Dove" }, "geometry": { "type": "Point", "coordinates": [ 145.1091, -37.8398 ] } },
{ "type": "Feature", "properties": { "decimalLatitude": 22.2744, "decimalLongitude": 114.1552, "month": 9, "species_sci": "Spilopelia chinensis", "species_com": "Spotted Dove" }, "geometry": { "type": "Point", "coordinates": [ 114.1552, 22.2744 ] } },
{ "type": "Feature", "properties": { "decimalLatitude": -35.0416, "decimalLongitude": 138.4447, "month": 9, "species_sci": "Spilopelia chinensis", "species_com": "Spotted Dove" }, "geometry": { "type": "Point", "coordinates": [ 138.4447, -35.0416 ] } },
{ "type": "Feature", "properties": { "decimalLatitude": 31.286, "decimalLongitude": 121.5687, "month": 9, "species_sci": "Spilopelia chinensis", "species_com": "Spotted Dove" }, "geometry": { "type": "Point", "coordinates": [ 121.5687, 31.286 ] } },
{ "type": "Feature", "properties": { "decimalLatitude": -8.7249, "decimalLongitude": 115.2328, "month": 9, "species_sci": "Spilopelia chinensis", "species_com": "Spotted Dove" }, "geometry": { "type": "Point", "coordinates": [ 115.2328, -8.7249 ] } },
{ "type": "Feature", "properties": { "decimalLatitude": -8.7065, "decimalLongitude": 115.2604, "month": 9, "species_sci": "Spilopelia chinensis", "species_com": "Spotted Dove" }, "geometry": { "type": "Point", "coordinates": [ 115.2604, -8.7065 ] } },
{ "type": "Feature", "properties": { "decimalLatitude": 1.2885, "decimalLongitude": 103.8769, "month": 9, "species_sci": "Spilopelia chinensis", "species_com": "Spotted Dove" }, "geometry": { "type": "Point", "coordinates": [ 103.8769, 1.2885 ] } },
{ "type": "Feature", "properties": { "decimalLatitude": 22.1964, "decimalLongitude": 113.5493, "month": 9, "species_sci": "Spilopelia chinensis", "species_com": "Spotted Dove" }, "geometry": { "type": "Point", "coordinates": [ 113.5493, 22.1964 ] } },
{ "type": "Feature", "properties": { "decimalLatitude": 13.1228, "decimalLongitude": 74.9933, "month": 9, "species_sci": "Spilopelia chinensis", "species_com": "Spotted Dove" }, "geometry": { "type": "Point", "coordinates": [ 74.9933, 13.1228 ] } },
{ "type": "Feature", "properties": { "decimalLatitude": 39.1331, "decimalLongitude": 117.1984, "month": 9, "species_sci": "Spilopelia chinensis", "species_com": "Spotted Dove" }, "geometry": { "type": "Point", "coordinates": [ 117.1984, 39.1331 ] } },
{ "type": "Feature", "properties": { "decimalLatitude": -37.7445, "decimalLongitude": 145.0063, "month": 9, "species_sci": "Spilopelia chinensis", "species_com": "Spotted Dove" }, "geometry": { "type": "Point", "coordinates": [ 145.0063, -37.7445 ] } },
{ "type": "Feature", "properties": { "decimalLatitude": 11.8082, "decimalLongitude": 77.0108, "month": 9, "species_sci": "Spilopelia chinensis", "species_com": "Spotted Dove" }, "geometry": { "type": "Point", "coordinates": [ 77.0108, 11.8082 ] } },
{ "type": "Feature", "properties": { "decimalLatitude": 21.431, "decimalLongitude": -157.8325, "month": 9, "species_sci": "Spilopelia chinensis", "species_com": "Spotted Dove" }, "geometry": { "type": "Point", "coordinates": [ -157.8325, 21.431 ] } },
{ "type": "Feature", "properties": { "decimalLatitude": -33.7643, "decimalLongitude": 150.7979, "month": 9, "species_sci": "Spilopelia chinensis", "species_com": "Spotted Dove" }, "geometry": { "type": "Point", "coordinates": [ 150.7979, -33.7643 ] } },
{ "type": "Feature", "properties": { "decimalLatitude": 1.3205, "decimalLongitude": 103.8165, "month": 9, "species_sci": "Spilopelia chinensis", "species_com": "Spotted Dove" }, "geometry": { "type": "Point", "coordinates": [ 103.8165, 1.3205 ] } },
{ "type": "Feature", "properties": { "decimalLatitude": 1.3314, "decimalLongitude": 103.7814, "month": 9, "species_sci": "Spilopelia chinensis", "species_com": "Spotted Dove" }, "geometry": { "type": "Point", "coordinates": [ 103.7814, 1.3314 ] } },
{ "type": "Feature", "properties": { "decimalLatitude": 22.2098, "decimalLongitude": 113.5433, "month": 9, "species_sci": "Spilopelia chinensis", "species_com": "Spotted Dove" }, "geometry": { "type": "Point", "coordinates": [ 113.5433, 22.2098 ] } },
{ "type": "Feature", "properties": { "decimalLatitude": -37.9148, "decimalLongitude": 145.3284, "month": 9, "species_sci": "Spilopelia chinensis", "species_com": "Spotted Dove" }, "geometry": { "type": "Point", "coordinates": [ 145.3284, -37.9148 ] } },
{ "type": "Feature", "properties": { "decimalLatitude": -34.9832, "decimalLongitude": 138.5103, "month": 9, "species_sci": "Spilopelia chinensis", "species_com": "Spotted Dove" }, "geometry": { "type": "Point", "coordinates": [ 138.5103, -34.9832 ] } },
{ "type": "Feature", "properties": { "decimalLatitude": -20.9394, "decimalLongitude": 164.686, "month": 9, "species_sci": "Spilopelia chinensis", "species_com": "Spotted Dove" }, "geometry": { "type": "Point", "coordinates": [ 164.686, -20.9394 ] } },
{ "type": "Feature", "properties": { "decimalLatitude": 23.3151, "decimalLongitude": 120.3676, "month": 9, "species_sci": "Spilopelia chinensis", "species_com": "Spotted Dove" }, "geometry": { "type": "Point", "coordinates": [ 120.3676, 23.3151 ] } },
{ "type": "Feature", "properties": { "decimalLatitude": 24.0408, "decimalLongitude": 120.6191, "month": 9, "species_sci": "Spilopelia chinensis", "species_com": "Spotted Dove" }, "geometry": { "type": "Point", "coordinates": [ 120.6191, 24.0408 ] } },
{ "type": "Feature", "properties": { "decimalLatitude": 6.8731, "decimalLongitude": 81.0491, "month": 9, "species_sci": "Spilopelia chinensis", "species_com": "Spotted Dove" }, "geometry": { "type": "Point", "coordinates": [ 81.0491, 6.8731 ] } },
{ "type": "Feature", "properties": { "decimalLatitude": 13.409, "decimalLongitude": 99.9761, "month": 9, "species_sci": "Spilopelia chinensis", "species_com": "Spotted Dove" }, "geometry": { "type": "Point", "coordinates": [ 99.9761, 13.409 ] } },
{ "type": "Feature", "properties": { "decimalLatitude": -38.2124, "decimalLongitude": 146.5313, "month": 9, "species_sci": "Spilopelia chinensis", "species_com": "Spotted Dove" }, "geometry": { "type": "Point", "coordinates": [ 146.5313, -38.2124 ] } },
{ "type": "Feature", "properties": { "decimalLatitude": 31.4668, "decimalLongitude": 120.3729, "month": 9, "species_sci": "Spilopelia chinensis", "species_com": "Spotted Dove" }, "geometry": { "type": "Point", "coordinates": [ 120.3729, 31.4668 ] } },
{ "type": "Feature", "properties": { "decimalLatitude": 21.3919, "decimalLongitude": -157.741, "month": 9, "species_sci": "Spilopelia chinensis", "species_com": "Spotted Dove" }, "geometry": { "type": "Point", "coordinates": [ -157.741, 21.3919 ] } },
{ "type": "Feature", "properties": { "decimalLatitude": -8.3477, "decimalLongitude": 116.0282, "month": 9, "species_sci": "Spilopelia chinensis", "species_com": "Spotted Dove" }, "geometry": { "type": "Point", "coordinates": [ 116.0282, -8.3477 ] } },
{ "type": "Feature", "properties": { "decimalLatitude": -37.8264, "decimalLongitude": 145.1605, "month": 9, "species_sci": "Spilopelia chinensis", "species_com": "Spotted Dove" }, "geometry": { "type": "Point", "coordinates": [ 145.1605, -37.8264 ] } },
{ "type": "Feature", "properties": { "decimalLatitude": 8.1182, "decimalLongitude": 98.621, "month": 9, "species_sci": "Spilopelia chinensis", "species_com": "Spotted Dove" }, "geometry": { "type": "Point", "coordinates": [ 98.621, 8.1182 ] } },
{ "type": "Feature", "properties": { "decimalLatitude": -38.2104, "decimalLongitude": 146.5187, "month": 9, "species_sci": "Spilopelia chinensis", "species_com": "Spotted Dove" }, "geometry": { "type": "Point", "coordinates": [ 146.5187, -38.2104 ] } },
{ "type": "Feature", "properties": { "decimalLatitude": 6.9196, "decimalLongitude": 79.8738, "month": 9, "species_sci": "Spilopelia chinensis", "species_com": "Spotted Dove" }, "geometry": { "type": "Point", "coordinates": [ 79.8738, 6.9196 ] } },
{ "type": "Feature", "properties": { "decimalLatitude": 2.3378, "decimalLongitude": 102.164, "month": 9, "species_sci": "Spilopelia chinensis", "species_com": "Spotted Dove" }, "geometry": { "type": "Point", "coordinates": [ 102.164, 2.3378 ] } },
{ "type": "Feature", "properties": { "decimalLatitude": 8.1185, "decimalLongitude": 98.6252, "month": 9, "species_sci": "Spilopelia chinensis", "species_com": "Spotted Dove" }, "geometry": { "type": "Point", "coordinates": [ 98.6252, 8.1185 ] } },
{ "type": "Feature", "properties": { "decimalLatitude": -37.8274, "decimalLongitude": 145.1621, "month": 9, "species_sci": "Spilopelia chinensis", "species_com": "Spotted Dove" }, "geometry": { "type": "Point", "coordinates": [ 145.1621, -37.8274 ] } },
{ "type": "Feature", "properties": { "decimalLatitude": -37.8286, "decimalLongitude": 145.1632, "month": 9, "species_sci": "Spilopelia chinensis", "species_com": "Spotted Dove" }, "geometry": { "type": "Point", "coordinates": [ 145.1632, -37.8286 ] } },
{ "type": "Feature", "properties": { "decimalLatitude": 31.1135, "decimalLongitude": 121.0535, "month": 9, "species_sci": "Spilopelia chinensis", "species_com": "Spotted Dove" }, "geometry": { "type": "Point", "coordinates": [ 121.0535, 31.1135 ] } },
{ "type": "Feature", "properties": { "decimalLatitude": 22.6859, "decimalLongitude": 120.3132, "month": 9, "species_sci": "Spilopelia chinensis", "species_com": "Spotted Dove" }, "geometry": { "type": "Point", "coordinates": [ 120.3132, 22.6859 ] } },
{ "type": "Feature", "properties": { "decimalLatitude": -6.183, "decimalLongitude": 106.8882, "month": 9, "species_sci": "Spilopelia chinensis", "species_com": "Spotted Dove" }, "geometry": { "type": "Point", "coordinates": [ 106.8882, -6.183 ] } },
{ "type": "Feature", "properties": { "decimalLatitude": -37.8248, "decimalLongitude": 145.1637, "month": 9, "species_sci": "Spilopelia chinensis", "species_com": "Spotted Dove" }, "geometry": { "type": "Point", "coordinates": [ 145.1637, -37.8248 ] } },
{ "type": "Feature", "properties": { "decimalLatitude": 1.5553, "decimalLongitude": 110.347, "month": 9, "species_sci": "Spilopelia chinensis", "species_com": "Spotted Dove" }, "geometry": { "type": "Point", "coordinates": [ 110.347, 1.5553 ] } },
{ "type": "Feature", "properties": { "decimalLatitude": -37.6725, "decimalLongitude": 176.1586, "month": 9, "species_sci": "Spilopelia chinensis", "species_com": "Spotted Dove" }, "geometry": { "type": "Point", "coordinates": [ 176.1586, -37.6725 ] } },
{ "type": "Feature", "properties": { "decimalLatitude": -38.6345, "decimalLongitude": 145.75, "month": 9, "species_sci": "Spilopelia chinensis", "species_com": "Spotted Dove" }, "geometry": { "type": "Point", "coordinates": [ 145.75, -38.6345 ] } },
{ "type": "Feature", "properties": { "decimalLatitude": 22.2942, "decimalLongitude": 113.8995, "month": 9, "species_sci": "Spilopelia chinensis", "species_com": "Spotted Dove" }, "geometry": { "type": "Point", "coordinates": [ 113.8995, 22.2942 ] } },
{ "type": "Feature", "properties": { "decimalLatitude": -37.85, "decimalLongitude": 145.2907, "month": 9, "species_sci": "Spilopelia chinensis", "species_com": "Spotted Dove" }, "geometry": { "type": "Point", "coordinates": [ 145.2907, -37.85 ] } },
{ "type": "Feature", "properties": { "decimalLatitude": -20.9466, "decimalLongitude": 164.6854, "month": 9, "species_sci": "Spilopelia chinensis", "species_com": "Spotted Dove" }, "geometry": { "type": "Point", "coordinates": [ 164.6854, -20.9466 ] } },
{ "type": "Feature", "properties": { "decimalLatitude": -31.9028, "decimalLongitude": 116.0482, "month": 9, "species_sci": "Spilopelia chinensis", "species_com": "Spotted Dove" }, "geometry": { "type": "Point", "coordinates": [ 116.0482, -31.9028 ] } },
{ "type": "Feature", "properties": { "decimalLatitude": -23.8835, "decimalLongitude": 151.2666, "month": 9, "species_sci": "Spilopelia chinensis", "species_com": "Spotted Dove" }, "geometry": { "type": "Point", "coordinates": [ 151.2666, -23.8835 ] } },
{ "type": "Feature", "properties": { "decimalLatitude": 22.8824, "decimalLongitude": 121.2453, "month": 9, "species_sci": "Spilopelia chinensis", "species_com": "Spotted Dove" }, "geometry": { "type": "Point", "coordinates": [ 121.2453, 22.8824 ] } },
{ "type": "Feature", "properties": { "decimalLatitude": -8.7975, "decimalLongitude": 115.1184, "month": 9, "species_sci": "Spilopelia chinensis", "species_com": "Spotted Dove" }, "geometry": { "type": "Point", "coordinates": [ 115.1184, -8.7975 ] } },
{ "type": "Feature", "properties": { "decimalLatitude": 22.2912, "decimalLongitude": 113.9484, "month": 9, "species_sci": "Spilopelia chinensis", "species_com": "Spotted Dove" }, "geometry": { "type": "Point", "coordinates": [ 113.9484, 22.2912 ] } },
{ "type": "Feature", "properties": { "decimalLatitude": -38.3765, "decimalLongitude": 144.8632, "month": 9, "species_sci": "Spilopelia chinensis", "species_com": "Spotted Dove" }, "geometry": { "type": "Point", "coordinates": [ 144.8632, -38.3765 ] } },
{ "type": "Feature", "properties": { "decimalLatitude": 13.0134, "decimalLongitude": 80.2774, "month": 9, "species_sci": "Spilopelia chinensis", "species_com": "Spotted Dove" }, "geometry": { "type": "Point", "coordinates": [ 80.2774, 13.0134 ] } },
{ "type": "Feature", "properties": { "decimalLatitude": 1.3813, "decimalLongitude": 103.9554, "month": 9, "species_sci": "Spilopelia chinensis", "species_com": "Spotted Dove" }, "geometry": { "type": "Point", "coordinates": [ 103.9554, 1.3813 ] } },
{ "type": "Feature", "properties": { "decimalLatitude": -38.6344, "decimalLongitude": 145.7428, "month": 9, "species_sci": "Spilopelia chinensis", "species_com": "Spotted Dove" }, "geometry": { "type": "Point", "coordinates": [ 145.7428, -38.6344 ] } },
{ "type": "Feature", "properties": { "decimalLatitude": -34.8261, "decimalLongitude": 150.6544, "month": 9, "species_sci": "Spilopelia chinensis", "species_com": "Spotted Dove" }, "geometry": { "type": "Point", "coordinates": [ 150.6544, -34.8261 ] } },
{ "type": "Feature", "properties": { "decimalLatitude": 1.3123, "decimalLongitude": 103.8156, "month": 9, "species_sci": "Spilopelia chinensis", "species_com": "Spotted Dove" }, "geometry": { "type": "Point", "coordinates": [ 103.8156, 1.3123 ] } },
{ "type": "Feature", "properties": { "decimalLatitude": -34.8122, "decimalLongitude": 138.6904, "month": 9, "species_sci": "Spilopelia chinensis", "species_com": "Spotted Dove" }, "geometry": { "type": "Point", "coordinates": [ 138.6904, -34.8122 ] } },
{ "type": "Feature", "properties": { "decimalLatitude": -31.9267, "decimalLongitude": 115.814, "month": 9, "species_sci": "Spilopelia chinensis", "species_com": "Spotted Dove" }, "geometry": { "type": "Point", "coordinates": [ 115.814, -31.9267 ] } },
{ "type": "Feature", "properties": { "decimalLatitude": 22.8029, "decimalLongitude": 88.442, "month": 9, "species_sci": "Spilopelia chinensis", "species_com": "Spotted Dove" }, "geometry": { "type": "Point", "coordinates": [ 88.442, 22.8029 ] } },
{ "type": "Feature", "properties": { "decimalLatitude": 17.4235, "decimalLongitude": 78.5275, "month": 9, "species_sci": "Spilopelia chinensis", "species_com": "Spotted Dove" }, "geometry": { "type": "Point", "coordinates": [ 78.5275, 17.4235 ] } },
{ "type": "Feature", "properties": { "decimalLatitude": 25.2094, "decimalLongitude": 82.7145, "month": 9, "species_sci": "Spilopelia chinensis", "species_com": "Spotted Dove" }, "geometry": { "type": "Point", "coordinates": [ 82.7145, 25.2094 ] } },
{ "type": "Feature", "properties": { "decimalLatitude": 6.0113, "decimalLongitude": 80.7842, "month": 9, "species_sci": "Spilopelia chinensis", "species_com": "Spotted Dove" }, "geometry": { "type": "Point", "coordinates": [ 80.7842, 6.0113 ] } },
{ "type": "Feature", "properties": { "decimalLatitude": -8.4821, "decimalLongitude": 119.4631, "month": 9, "species_sci": "Spilopelia chinensis", "species_com": "Spotted Dove" }, "geometry": { "type": "Point", "coordinates": [ 119.4631, -8.4821 ] } },
{ "type": "Feature", "properties": { "decimalLatitude": -34.5344, "decimalLongitude": 150.7921, "month": 9, "species_sci": "Spilopelia chinensis", "species_com": "Spotted Dove" }, "geometry": { "type": "Point", "coordinates": [ 150.7921, -34.5344 ] } },
{ "type": "Feature", "properties": { "decimalLatitude": 1.4459, "decimalLongitude": 103.7309, "month": 9, "species_sci": "Spilopelia chinensis", "species_com": "Spotted Dove" }, "geometry": { "type": "Point", "coordinates": [ 103.7309, 1.4459 ] } },
{ "type": "Feature", "properties": { "decimalLatitude": 1.2558, "decimalLongitude": 103.8222, "month": 9, "species_sci": "Spilopelia chinensis", "species_com": "Spotted Dove" }, "geometry": { "type": "Point", "coordinates": [ 103.8222, 1.2558 ] } },
{ "type": "Feature", "properties": { "decimalLatitude": 39.882, "decimalLongitude": 116.3982, "month": 9, "species_sci": "Spilopelia chinensis", "species_com": "Spotted Dove" }, "geometry": { "type": "Point", "coordinates": [ 116.3982, 39.882 ] } },
{ "type": "Feature", "properties": { "decimalLatitude": 12.9294, "decimalLongitude": 77.7347, "month": 9, "species_sci": "Spilopelia chinensis", "species_com": "Spotted Dove" }, "geometry": { "type": "Point", "coordinates": [ 77.7347, 12.9294 ] } },
{ "type": "Feature", "properties": { "decimalLatitude": -32.0263, "decimalLongitude": 115.8137, "month": 9, "species_sci": "Spilopelia chinensis", "species_com": "Spotted Dove" }, "geometry": { "type": "Point", "coordinates": [ 115.8137, -32.0263 ] } },
{ "type": "Feature", "properties": { "decimalLatitude": 31.248, "decimalLongitude": 121.541, "month": 9, "species_sci": "Spilopelia chinensis", "species_com": "Spotted Dove" }, "geometry": { "type": "Point", "coordinates": [ 121.541, 31.248 ] } },
{ "type": "Feature", "properties": { "decimalLatitude": -31.9333, "decimalLongitude": 115.9432, "month": 9, "species_sci": "Spilopelia chinensis", "species_com": "Spotted Dove" }, "geometry": { "type": "Point", "coordinates": [ 115.9432, -31.9333 ] } },
{ "type": "Feature", "properties": { "decimalLatitude": 11.3564, "decimalLongitude": 76.799, "month": 9, "species_sci": "Spilopelia chinensis", "species_com": "Spotted Dove" }, "geometry": { "type": "Point", "coordinates": [ 76.799, 11.3564 ] } },
{ "type": "Feature", "properties": { "decimalLatitude": 13.7333, "decimalLongitude": 100.5403, "month": 9, "species_sci": "Spilopelia chinensis", "species_com": "Spotted Dove" }, "geometry": { "type": "Point", "coordinates": [ 100.5403, 13.7333 ] } },
{ "type": "Feature", "properties": { "decimalLatitude": 22.4417, "decimalLongitude": 88.4636, "month": 9, "species_sci": "Spilopelia chinensis", "species_com": "Spotted Dove" }, "geometry": { "type": "Point", "coordinates": [ 88.4636, 22.4417 ] } },
{ "type": "Feature", "properties": { "decimalLatitude": 22.2091, "decimalLongitude": -159.5068, "month": 9, "species_sci": "Spilopelia chinensis", "species_com": "Spotted Dove" }, "geometry": { "type": "Point", "coordinates": [ -159.5068, 22.2091 ] } },
{ "type": "Feature", "properties": { "decimalLatitude": 27.7689, "decimalLongitude": 119.9948, "month": 9, "species_sci": "Spilopelia chinensis", "species_com": "Spotted Dove" }, "geometry": { "type": "Point", "coordinates": [ 119.9948, 27.7689 ] } },
{ "type": "Feature", "properties": { "decimalLatitude": 31.6065, "decimalLongitude": 120.7369, "month": 9, "species_sci": "Spilopelia chinensis", "species_com": "Spotted Dove" }, "geometry": { "type": "Point", "coordinates": [ 120.7369, 31.6065 ] } },
{ "type": "Feature", "properties": { "decimalLatitude": 13.8131, "decimalLongitude": 100.5533, "month": 9, "species_sci": "Spilopelia chinensis", "species_com": "Spotted Dove" }, "geometry": { "type": "Point", "coordinates": [ 100.5533, 13.8131 ] } },
{ "type": "Feature", "properties": { "decimalLatitude": 22.2099, "decimalLongitude": 113.5433, "month": 9, "species_sci": "Spilopelia chinensis", "species_com": "Spotted Dove" }, "geometry": { "type": "Point", "coordinates": [ 113.5433, 22.2099 ] } },
{ "type": "Feature", "properties": { "decimalLatitude": -34.9133, "decimalLongitude": 138.6069, "month": 9, "species_sci": "Spilopelia chinensis", "species_com": "Spotted Dove" }, "geometry": { "type": "Point", "coordinates": [ 138.6069, -34.9133 ] } },
{ "type": "Feature", "properties": { "decimalLatitude": 20.8254, "decimalLongitude": 73.7007, "month": 9, "species_sci": "Spilopelia chinensis", "species_com": "Spotted Dove" }, "geometry": { "type": "Point", "coordinates": [ 73.7007, 20.8254 ] } },
{ "type": "Feature", "properties": { "decimalLatitude": -34.4114, "decimalLongitude": 150.8197, "month": 9, "species_sci": "Spilopelia chinensis", "species_com": "Spotted Dove" }, "geometry": { "type": "Point", "coordinates": [ 150.8197, -34.4114 ] } },
{ "type": "Feature", "properties": { "decimalLatitude": 17.4274, "decimalLongitude": 78.4185, "month": 9, "species_sci": "Spilopelia chinensis", "species_com": "Spotted Dove" }, "geometry": { "type": "Point", "coordinates": [ 78.4185, 17.4274 ] } },
{ "type": "Feature", "properties": { "decimalLatitude": -31.8462, "decimalLongitude": 115.7727, "month": 9, "species_sci": "Spilopelia chinensis", "species_com": "Spotted Dove" }, "geometry": { "type": "Point", "coordinates": [ 115.7727, -31.8462 ] } },
{ "type": "Feature", "properties": { "decimalLatitude": 39.9525, "decimalLongitude": 116.4099, "month": 9, "species_sci": "Spilopelia chinensis", "species_com": "Spotted Dove" }, "geometry": { "type": "Point", "coordinates": [ 116.4099, 39.9525 ] } },
{ "type": "Feature", "properties": { "decimalLatitude": 27.6679, "decimalLongitude": 85.4249, "month": 9, "species_sci": "Spilopelia chinensis", "species_com": "Spotted Dove" }, "geometry": { "type": "Point", "coordinates": [ 85.4249, 27.6679 ] } },
{ "type": "Feature", "properties": { "decimalLatitude": 22.4417, "decimalLongitude": 88.4636, "month": 9, "species_sci": "Spilopelia chinensis", "species_com": "Spotted Dove" }, "geometry": { "type": "Point", "coordinates": [ 88.4636, 22.4417 ] } },
{ "type": "Feature", "properties": { "decimalLatitude": -37.8019, "decimalLongitude": 144.9856, "month": 9, "species_sci": "Spilopelia chinensis", "species_com": "Spotted Dove" }, "geometry": { "type": "Point", "coordinates": [ 144.9856, -37.8019 ] } },
{ "type": "Feature", "properties": { "decimalLatitude": 22.4417, "decimalLongitude": 88.4636, "month": 9, "species_sci": "Spilopelia chinensis", "species_com": "Spotted Dove" }, "geometry": { "type": "Point", "coordinates": [ 88.4636, 22.4417 ] } },
{ "type": "Feature", "properties": { "decimalLatitude": 13.4586, "decimalLongitude": 99.9439, "month": 9, "species_sci": "Spilopelia chinensis", "species_com": "Spotted Dove" }, "geometry": { "type": "Point", "coordinates": [ 99.9439, 13.4586 ] } },
{ "type": "Feature", "properties": { "decimalLatitude": -37.9532, "decimalLongitude": 144.9776, "month": 9, "species_sci": "Spilopelia chinensis", "species_com": "Spotted Dove" }, "geometry": { "type": "Point", "coordinates": [ 144.9776, -37.9532 ] } },
{ "type": "Feature", "properties": { "decimalLatitude": -38.2091, "decimalLongitude": 146.5296, "month": 9, "species_sci": "Spilopelia chinensis", "species_com": "Spotted Dove" }, "geometry": { "type": "Point", "coordinates": [ 146.5296, -38.2091 ] } },
{ "type": "Feature", "properties": { "decimalLatitude": -36.7549, "decimalLongitude": 174.445, "month": 9, "species_sci": "Spilopelia chinensis", "species_com": "Spotted Dove" }, "geometry": { "type": "Point", "coordinates": [ 174.445, -36.7549 ] } },
{ "type": "Feature", "properties": { "decimalLatitude": 25.1066, "decimalLongitude": 121.4719, "month": 9, "species_sci": "Spilopelia chinensis", "species_com": "Spotted Dove" }, "geometry": { "type": "Point", "coordinates": [ 121.4719, 25.1066 ] } },
{ "type": "Feature", "properties": { "decimalLatitude": -42.9089, "decimalLongitude": 147.3191, "month": 9, "species_sci": "Spilopelia chinensis", "species_com": "Spotted Dove" }, "geometry": { "type": "Point", "coordinates": [ 147.3191, -42.9089 ] } },
{ "type": "Feature", "properties": { "decimalLatitude": -38.2106, "decimalLongitude": 145.1568, "month": 9, "species_sci": "Spilopelia chinensis", "species_com": "Spotted Dove" }, "geometry": { "type": "Point", "coordinates": [ 145.1568, -38.2106 ] } },
{ "type": "Feature", "properties": { "decimalLatitude": 8.6837, "decimalLongitude": 81.1972, "month": 9, "species_sci": "Spilopelia chinensis", "species_com": "Spotted Dove" }, "geometry": { "type": "Point", "coordinates": [ 81.1972, 8.6837 ] } },
{ "type": "Feature", "properties": { "decimalLatitude": -37.8278, "decimalLongitude": 145.1602, "month": 9, "species_sci": "Spilopelia chinensis", "species_com": "Spotted Dove" }, "geometry": { "type": "Point", "coordinates": [ 145.1602, -37.8278 ] } },
{ "type": "Feature", "properties": { "decimalLatitude": 31.15, "decimalLongitude": 121.4499, "month": 9, "species_sci": "Spilopelia chinensis", "species_com": "Spotted Dove" }, "geometry": { "type": "Point", "coordinates": [ 121.4499, 31.15 ] } },
{ "type": "Feature", "properties": { "decimalLatitude": 22.5052, "decimalLongitude": 114.1104, "month": 9, "species_sci": "Spilopelia chinensis", "species_com": "Spotted Dove" }, "geometry": { "type": "Point", "coordinates": [ 114.1104, 22.5052 ] } },
{ "type": "Feature", "properties": { "decimalLatitude": 37.4239, "decimalLongitude": 112.582, "month": 9, "species_sci": "Spilopelia chinensis", "species_com": "Spotted Dove" }, "geometry": { "type": "Point", "coordinates": [ 112.582, 37.4239 ] } },
{ "type": "Feature", "properties": { "decimalLatitude": 22.6252, "decimalLongitude": 120.3599, "month": 9, "species_sci": "Spilopelia chinensis", "species_com": "Spotted Dove" }, "geometry": { "type": "Point", "coordinates": [ 120.3599, 22.6252 ] } },
{ "type": "Feature", "properties": { "decimalLatitude": 1.4243, "decimalLongitude": 103.8386, "month": 9, "species_sci": "Spilopelia chinensis", "species_com": "Spotted Dove" }, "geometry": { "type": "Point", "coordinates": [ 103.8386, 1.4243 ] } },
{ "type": "Feature", "properties": { "decimalLatitude": 25.1084, "decimalLongitude": 121.5213, "month": 9, "species_sci": "Spilopelia chinensis", "species_com": "Spotted Dove" }, "geometry": { "type": "Point", "coordinates": [ 121.5213, 25.1084 ] } },
{ "type": "Feature", "properties": { "decimalLatitude": 1.3667, "decimalLongitude": 103.8384, "month": 9, "species_sci": "Spilopelia chinensis", "species_com": "Spotted Dove" }, "geometry": { "type": "Point", "coordinates": [ 103.8384, 1.3667 ] } },
{ "type": "Feature", "properties": { "decimalLatitude": 12.6201, "decimalLongitude": 78.0328, "month": 9, "species_sci": "Spilopelia chinensis", "species_com": "Spotted Dove" }, "geometry": { "type": "Point", "coordinates": [ 78.0328, 12.6201 ] } },
{ "type": "Feature", "properties": { "decimalLatitude": -31.9596, "decimalLongitude": 115.8677, "month": 9, "species_sci": "Spilopelia chinensis", "species_com": "Spotted Dove" }, "geometry": { "type": "Point", "coordinates": [ 115.8677, -31.9596 ] } },
{ "type": "Feature", "properties": { "decimalLatitude": 39.9522, "decimalLongitude": 116.4108, "month": 9, "species_sci": "Spilopelia chinensis", "species_com": "Spotted Dove" }, "geometry": { "type": "Point", "coordinates": [ 116.4108, 39.9522 ] } },
{ "type": "Feature", "properties": { "decimalLatitude": -43.5207, "decimalLongitude": 172.1291, "month": 9, "species_sci": "Spilopelia chinensis", "species_com": "Spotted Dove" }, "geometry": { "type": "Point", "coordinates": [ 172.1291, -43.5207 ] } },
{ "type": "Feature", "properties": { "decimalLatitude": -26.3802, "decimalLongitude": 153.029, "month": 9, "species_sci": "Spilopelia chinensis", "species_com": "Spotted Dove" }, "geometry": { "type": "Point", "coordinates": [ 153.029, -26.3802 ] } },
{ "type": "Feature", "properties": { "decimalLatitude": -37.8432, "decimalLongitude": 145.2239, "month": 9, "species_sci": "Spilopelia chinensis", "species_com": "Spotted Dove" }, "geometry": { "type": "Point", "coordinates": [ 145.2239, -37.8432 ] } },
{ "type": "Feature", "properties": { "decimalLatitude": -36.9047, "decimalLongitude": 175.7492, "month": 9, "species_sci": "Spilopelia chinensis", "species_com": "Spotted Dove" }, "geometry": { "type": "Point", "coordinates": [ 175.7492, -36.9047 ] } },
{ "type": "Feature", "properties": { "decimalLatitude": 13.4041, "decimalLongitude": 99.9741, "month": 9, "species_sci": "Spilopelia chinensis", "species_com": "Spotted Dove" }, "geometry": { "type": "Point", "coordinates": [ 99.9741, 13.4041 ] } },
{ "type": "Feature", "properties": { "decimalLatitude": -26.6219, "decimalLongitude": 152.8641, "month": 9, "species_sci": "Spilopelia chinensis", "species_com": "Spotted Dove" }, "geometry": { "type": "Point", "coordinates": [ 152.8641, -26.6219 ] } },
{ "type": "Feature", "properties": { "decimalLatitude": -17.1002, "decimalLongitude": 145.7742, "month": 9, "species_sci": "Spilopelia chinensis", "species_com": "Spotted Dove" }, "geometry": { "type": "Point", "coordinates": [ 145.7742, -17.1002 ] } },
{ "type": "Feature", "properties": { "decimalLatitude": 22.4417, "decimalLongitude": 88.4636, "month": 9, "species_sci": "Spilopelia chinensis", "species_com": "Spotted Dove" }, "geometry": { "type": "Point", "coordinates": [ 88.4636, 22.4417 ] } },
{ "type": "Feature", "properties": { "decimalLatitude": 12.3171, "decimalLongitude": 76.6213, "month": 9, "species_sci": "Spilopelia chinensis", "species_com": "Spotted Dove" }, "geometry": { "type": "Point", "coordinates": [ 76.6213, 12.3171 ] } },
{ "type": "Feature", "properties": { "decimalLatitude": 21.2118, "decimalLongitude": 72.7714, "month": 9, "species_sci": "Spilopelia chinensis", "species_com": "Spotted Dove" }, "geometry": { "type": "Point", "coordinates": [ 72.7714, 21.2118 ] } },
{ "type": "Feature", "properties": { "decimalLatitude": 15.8282, "decimalLongitude": 74.4527, "month": 9, "species_sci": "Spilopelia chinensis", "species_com": "Spotted Dove" }, "geometry": { "type": "Point", "coordinates": [ 74.4527, 15.8282 ] } },
{ "type": "Feature", "properties": { "decimalLatitude": 31.2036, "decimalLongitude": 121.5468, "month": 10, "species_sci": "Spilopelia chinensis", "species_com": "Spotted Dove" }, "geometry": { "type": "Point", "coordinates": [ 121.5468, 31.2036 ] } },
{ "type": "Feature", "properties": { "decimalLatitude": 13.7949, "decimalLongitude": 100.4772, "month": 10, "species_sci": "Spilopelia chinensis", "species_com": "Spotted Dove" }, "geometry": { "type": "Point", "coordinates": [ 100.4772, 13.7949 ] } },
{ "type": "Feature", "properties": { "decimalLatitude": -37.826, "decimalLongitude": 145.1632, "month": 10, "species_sci": "Spilopelia chinensis", "species_com": "Spotted Dove" }, "geometry": { "type": "Point", "coordinates": [ 145.1632, -37.826 ] } },
{ "type": "Feature", "properties": { "decimalLatitude": 19.6719, "decimalLongitude": -156.0253, "month": 10, "species_sci": "Spilopelia chinensis", "species_com": "Spotted Dove" }, "geometry": { "type": "Point", "coordinates": [ -156.0253, 19.6719 ] } },
{ "type": "Feature", "properties": { "decimalLatitude": 31.3023, "decimalLongitude": 120.6083, "month": 10, "species_sci": "Spilopelia chinensis", "species_com": "Spotted Dove" }, "geometry": { "type": "Point", "coordinates": [ 120.6083, 31.3023 ] } },
{ "type": "Feature", "properties": { "decimalLatitude": 19.6732, "decimalLongitude": -156.0248, "month": 10, "species_sci": "Spilopelia chinensis", "species_com": "Spotted Dove" }, "geometry": { "type": "Point", "coordinates": [ -156.0248, 19.6732 ] } },
{ "type": "Feature", "properties": { "decimalLatitude": 1.3126, "decimalLongitude": 103.815, "month": 10, "species_sci": "Spilopelia chinensis", "species_com": "Spotted Dove" }, "geometry": { "type": "Point", "coordinates": [ 103.815, 1.3126 ] } },
{ "type": "Feature", "properties": { "decimalLatitude": 17.3211, "decimalLongitude": 78.3938, "month": 10, "species_sci": "Spilopelia chinensis", "species_com": "Spotted Dove" }, "geometry": { "type": "Point", "coordinates": [ 78.3938, 17.3211 ] } },
{ "type": "Feature", "properties": { "decimalLatitude": 20.2387, "decimalLongitude": 85.7997, "month": 10, "species_sci": "Spilopelia chinensis", "species_com": "Spotted Dove" }, "geometry": { "type": "Point", "coordinates": [ 85.7997, 20.2387 ] } },
{ "type": "Feature", "properties": { "decimalLatitude": 20.1996, "decimalLongitude": 85.794, "month": 10, "species_sci": "Spilopelia chinensis", "species_com": "Spotted Dove" }, "geometry": { "type": "Point", "coordinates": [ 85.794, 20.1996 ] } },
{ "type": "Feature", "properties": { "decimalLatitude": 7.9897, "decimalLongitude": 98.2901, "month": 10, "species_sci": "Spilopelia chinensis", "species_com": "Spotted Dove" }, "geometry": { "type": "Point", "coordinates": [ 98.2901, 7.9897 ] } },
{ "type": "Feature", "properties": { "decimalLatitude": -33.8774, "decimalLongitude": 151.1753, "month": 10, "species_sci": "Spilopelia chinensis", "species_com": "Spotted Dove" }, "geometry": { "type": "Point", "coordinates": [ 151.1753, -33.8774 ] } },
{ "type": "Feature", "properties": { "decimalLatitude": 7.8505, "decimalLongitude": 98.2938, "month": 10, "species_sci": "Spilopelia chinensis", "species_com": "Spotted Dove" }, "geometry": { "type": "Point", "coordinates": [ 98.2938, 7.8505 ] } },
{ "type": "Feature", "properties": { "decimalLatitude": 36.3666, "decimalLongitude": 120.6867, "month": 10, "species_sci": "Spilopelia chinensis", "species_com": "Spotted Dove" }, "geometry": { "type": "Point", "coordinates": [ 120.6867, 36.3666 ] } },
{ "type": "Feature", "properties": { "decimalLatitude": 6.233, "decimalLongitude": 81.358, "month": 10, "species_sci": "Spilopelia chinensis", "species_com": "Spotted Dove" }, "geometry": { "type": "Point", "coordinates": [ 81.358, 6.233 ] } },
{ "type": "Feature", "properties": { "decimalLatitude": -34.8572, "decimalLongitude": 138.6145, "month": 10, "species_sci": "Spilopelia chinensis", "species_com": "Spotted Dove" }, "geometry": { "type": "Point", "coordinates": [ 138.6145, -34.8572 ] } },
{ "type": "Feature", "properties": { "decimalLatitude": -34.662, "decimalLongitude": 150.8465, "month": 10, "species_sci": "Spilopelia chinensis", "species_com": "Spotted Dove" }, "geometry": { "type": "Point", "coordinates": [ 150.8465, -34.662 ] } },
{ "type": "Feature", "properties": { "decimalLatitude": 22.3049, "decimalLongitude": 114.1616, "month": 10, "species_sci": "Spilopelia chinensis", "species_com": "Spotted Dove" }, "geometry": { "type": "Point", "coordinates": [ 114.1616, 22.3049 ] } },
{ "type": "Feature", "properties": { "decimalLatitude": 23.3464, "decimalLongitude": 120.4802, "month": 10, "species_sci": "Spilopelia chinensis", "species_com": "Spotted Dove" }, "geometry": { "type": "Point", "coordinates": [ 120.4802, 23.3464 ] } },
{ "type": "Feature", "properties": { "decimalLatitude": 19.6538, "decimalLongitude": 85.1137, "month": 10, "species_sci": "Spilopelia chinensis", "species_com": "Spotted Dove" }, "geometry": { "type": "Point", "coordinates": [ 85.1137, 19.6538 ] } },
{ "type": "Feature", "properties": { "decimalLatitude": 1.2951, "decimalLongitude": 103.8538, "month": 10, "species_sci": "Spilopelia chinensis", "species_com": "Spotted Dove" }, "geometry": { "type": "Point", "coordinates": [ 103.8538, 1.2951 ] } },
{ "type": "Feature", "properties": { "decimalLatitude": 22.3051, "decimalLongitude": 114.1618, "month": 10, "species_sci": "Spilopelia chinensis", "species_com": "Spotted Dove" }, "geometry": { "type": "Point", "coordinates": [ 114.1618, 22.3051 ] } },
{ "type": "Feature", "properties": { "decimalLatitude": -26.5377, "decimalLongitude": 151.8299, "month": 10, "species_sci": "Spilopelia chinensis", "species_com": "Spotted Dove" }, "geometry": { "type": "Point", "coordinates": [ 151.8299, -26.5377 ] } },
{ "type": "Feature", "properties": { "decimalLatitude": 1.3194, "decimalLongitude": 103.7504, "month": 10, "species_sci": "Spilopelia chinensis", "species_com": "Spotted Dove" }, "geometry": { "type": "Point", "coordinates": [ 103.7504, 1.3194 ] } },
{ "type": "Feature", "properties": { "decimalLatitude": 22.2828, "decimalLongitude": 114.1383, "month": 10, "species_sci": "Spilopelia chinensis", "species_com": "Spotted Dove" }, "geometry": { "type": "Point", "coordinates": [ 114.1383, 22.2828 ] } },
{ "type": "Feature", "properties": { "decimalLatitude": 20.8673, "decimalLongitude": 75.6592, "month": 10, "species_sci": "Spilopelia chinensis", "species_com": "Spotted Dove" }, "geometry": { "type": "Point", "coordinates": [ 75.6592, 20.8673 ] } },
{ "type": "Feature", "properties": { "decimalLatitude": 31.3835, "decimalLongitude": 121.5275, "month": 10, "species_sci": "Spilopelia chinensis", "species_com": "Spotted Dove" }, "geometry": { "type": "Point", "coordinates": [ 121.5275, 31.3835 ] } },
{ "type": "Feature", "properties": { "decimalLatitude": 25.0166, "decimalLongitude": 121.5582, "month": 10, "species_sci": "Spilopelia chinensis", "species_com": "Spotted Dove" }, "geometry": { "type": "Point", "coordinates": [ 121.5582, 25.0166 ] } },
{ "type": "Feature", "properties": { "decimalLatitude": -38.1811, "decimalLongitude": 144.5564, "month": 10, "species_sci": "Spilopelia chinensis", "species_com": "Spotted Dove" }, "geometry": { "type": "Point", "coordinates": [ 144.5564, -38.1811 ] } },
{ "type": "Feature", "properties": { "decimalLatitude": -37.8259, "decimalLongitude": 145.1633, "month": 10, "species_sci": "Spilopelia chinensis", "species_com": "Spotted Dove" }, "geometry": { "type": "Point", "coordinates": [ 145.1633, -37.8259 ] } },
{ "type": "Feature", "properties": { "decimalLatitude": 31.4482, "decimalLongitude": 120.2343, "month": 10, "species_sci": "Spilopelia chinensis", "species_com": "Spotted Dove" }, "geometry": { "type": "Point", "coordinates": [ 120.2343, 31.4482 ] } },
{ "type": "Feature", "properties": { "decimalLatitude": 14.5437, "decimalLongitude": 121.3656, "month": 10, "species_sci": "Spilopelia chinensis", "species_com": "Spotted Dove" }, "geometry": { "type": "Point", "coordinates": [ 121.3656, 14.5437 ] } },
{ "type": "Feature", "properties": { "decimalLatitude": -8.7448, "decimalLongitude": 115.1588, "month": 10, "species_sci": "Spilopelia chinensis", "species_com": "Spotted Dove" }, "geometry": { "type": "Point", "coordinates": [ 115.1588, -8.7448 ] } },
{ "type": "Feature", "properties": { "decimalLatitude": -38.3458, "decimalLongitude": 144.3079, "month": 10, "species_sci": "Spilopelia chinensis", "species_com": "Spotted Dove" }, "geometry": { "type": "Point", "coordinates": [ 144.3079, -38.3458 ] } },
{ "type": "Feature", "properties": { "decimalLatitude": 13.8842, "decimalLongitude": 100.5696, "month": 10, "species_sci": "Spilopelia chinensis", "species_com": "Spotted Dove" }, "geometry": { "type": "Point", "coordinates": [ 100.5696, 13.8842 ] } },
{ "type": "Feature", "properties": { "decimalLatitude": -27.6757, "decimalLongitude": 152.9086, "month": 10, "species_sci": "Spilopelia chinensis", "species_com": "Spotted Dove" }, "geometry": { "type": "Point", "coordinates": [ 152.9086, -27.6757 ] } },
{ "type": "Feature", "properties": { "decimalLatitude": 26.3693, "decimalLongitude": 117.7676, "month": 10, "species_sci": "Spilopelia chinensis", "species_com": "Spotted Dove" }, "geometry": { "type": "Point", "coordinates": [ 117.7676, 26.3693 ] } },
{ "type": "Feature", "properties": { "decimalLatitude": -37.7939, "decimalLongitude": 175.3026, "month": 10, "species_sci": "Spilopelia chinensis", "species_com": "Spotted Dove" }, "geometry": { "type": "Point", "coordinates": [ 175.3026, -37.7939 ] } },
{ "type": "Feature", "properties": { "decimalLatitude": 19.6741, "decimalLongitude": -156.0247, "month": 10, "species_sci": "Spilopelia chinensis", "species_com": "Spotted Dove" }, "geometry": { "type": "Point", "coordinates": [ -156.0247, 19.6741 ] } },
{ "type": "Feature", "properties": { "decimalLatitude": 7.997, "decimalLongitude": 98.2932, "month": 10, "species_sci": "Spilopelia chinensis", "species_com": "Spotted Dove" }, "geometry": { "type": "Point", "coordinates": [ 98.2932, 7.997 ] } },
{ "type": "Feature", "properties": { "decimalLatitude": 8.545, "decimalLongitude": 78.0531, "month": 10, "species_sci": "Spilopelia chinensis", "species_com": "Spotted Dove" }, "geometry": { "type": "Point", "coordinates": [ 78.0531, 8.545 ] } },
{ "type": "Feature", "properties": { "decimalLatitude": 1.3142, "decimalLongitude": 103.8102, "month": 10, "species_sci": "Spilopelia chinensis", "species_com": "Spotted Dove" }, "geometry": { "type": "Point", "coordinates": [ 103.8102, 1.3142 ] } },
{ "type": "Feature", "properties": { "decimalLatitude": -34.9823, "decimalLongitude": 138.5102, "month": 10, "species_sci": "Spilopelia chinensis", "species_com": "Spotted Dove" }, "geometry": { "type": "Point", "coordinates": [ 138.5102, -34.9823 ] } },
{ "type": "Feature", "properties": { "decimalLatitude": -8.4422, "decimalLongitude": 115.2814, "month": 10, "species_sci": "Spilopelia chinensis", "species_com": "Spotted Dove" }, "geometry": { "type": "Point", "coordinates": [ 115.2814, -8.4422 ] } },
{ "type": "Feature", "properties": { "decimalLatitude": -35.2582, "decimalLongitude": 138.8917, "month": 10, "species_sci": "Spilopelia chinensis", "species_com": "Spotted Dove" }, "geometry": { "type": "Point", "coordinates": [ 138.8917, -35.2582 ] } },
{ "type": "Feature", "properties": { "decimalLatitude": -17.6368, "decimalLongitude": 177.0651, "month": 10, "species_sci": "Spilopelia chinensis", "species_com": "Spotted Dove" }, "geometry": { "type": "Point", "coordinates": [ 177.0651, -17.6368 ] } },
{ "type": "Feature", "properties": { "decimalLatitude": 30.5962, "decimalLongitude": 121.1062, "month": 10, "species_sci": "Spilopelia chinensis", "species_com": "Spotted Dove" }, "geometry": { "type": "Point", "coordinates": [ 121.1062, 30.5962 ] } },
{ "type": "Feature", "properties": { "decimalLatitude": -35.4295, "decimalLongitude": 149.0705, "month": 10, "species_sci": "Spilopelia chinensis", "species_com": "Spotted Dove" }, "geometry": { "type": "Point", "coordinates": [ 149.0705, -35.4295 ] } },
{ "type": "Feature", "properties": { "decimalLatitude": 10.538, "decimalLongitude": 76.6936, "month": 10, "species_sci": "Spilopelia chinensis", "species_com": "Spotted Dove" }, "geometry": { "type": "Point", "coordinates": [ 76.6936, 10.538 ] } },
{ "type": "Feature", "properties": { "decimalLatitude": 13.8112, "decimalLongitude": 100.4705, "month": 10, "species_sci": "Spilopelia chinensis", "species_com": "Spotted Dove" }, "geometry": { "type": "Point", "coordinates": [ 100.4705, 13.8112 ] } },
{ "type": "Feature", "properties": { "decimalLatitude": 19.674, "decimalLongitude": -156.0248, "month": 10, "species_sci": "Spilopelia chinensis", "species_com": "Spotted Dove" }, "geometry": { "type": "Point", "coordinates": [ -156.0248, 19.674 ] } },
{ "type": "Feature", "properties": { "decimalLatitude": 20.9274, "decimalLongitude": -156.6963, "month": 10, "species_sci": "Spilopelia chinensis", "species_com": "Spotted Dove" }, "geometry": { "type": "Point", "coordinates": [ -156.6963, 20.9274 ] } },
{ "type": "Feature", "properties": { "decimalLatitude": 12.9282, "decimalLongitude": 77.6351, "month": 10, "species_sci": "Spilopelia chinensis", "species_com": "Spotted Dove" }, "geometry": { "type": "Point", "coordinates": [ 77.6351, 12.9282 ] } },
{ "type": "Feature", "properties": { "decimalLatitude": 8.0016, "decimalLongitude": 98.2945, "month": 10, "species_sci": "Spilopelia chinensis", "species_com": "Spotted Dove" }, "geometry": { "type": "Point", "coordinates": [ 98.2945, 8.0016 ] } },
{ "type": "Feature", "properties": { "decimalLatitude": 17.3812, "decimalLongitude": 78.3157, "month": 10, "species_sci": "Spilopelia chinensis", "species_com": "Spotted Dove" }, "geometry": { "type": "Point", "coordinates": [ 78.3157, 17.3812 ] } },
{ "type": "Feature", "properties": { "decimalLatitude": 1.4037, "decimalLongitude": 103.7942, "month": 10, "species_sci": "Spilopelia chinensis", "species_com": "Spotted Dove" }, "geometry": { "type": "Point", "coordinates": [ 103.7942, 1.4037 ] } },
{ "type": "Feature", "properties": { "decimalLatitude": 11.2544, "decimalLongitude": 77.6577, "month": 10, "species_sci": "Spilopelia chinensis", "species_com": "Spotted Dove" }, "geometry": { "type": "Point", "coordinates": [ 77.6577, 11.2544 ] } },
{ "type": "Feature", "properties": { "decimalLatitude": 17.3958, "decimalLongitude": 78.3551, "month": 10, "species_sci": "Spilopelia chinensis", "species_com": "Spotted Dove" }, "geometry": { "type": "Point", "coordinates": [ 78.3551, 17.3958 ] } },
{ "type": "Feature", "properties": { "decimalLatitude": -27.6598, "decimalLongitude": 153.0781, "month": 10, "species_sci": "Spilopelia chinensis", "species_com": "Spotted Dove" }, "geometry": { "type": "Point", "coordinates": [ 153.0781, -27.6598 ] } },
{ "type": "Feature", "properties": { "decimalLatitude": -35.3203, "decimalLongitude": 139.3978, "month": 10, "species_sci": "Spilopelia chinensis", "species_com": "Spotted Dove" }, "geometry": { "type": "Point", "coordinates": [ 139.3978, -35.3203 ] } },
{ "type": "Feature", "properties": { "decimalLatitude": 29.6738, "decimalLongitude": 79.5106, "month": 10, "species_sci": "Spilopelia chinensis", "species_com": "Spotted Dove" }, "geometry": { "type": "Point", "coordinates": [ 79.5106, 29.6738 ] } },
{ "type": "Feature", "properties": { "decimalLatitude": 22.3727, "decimalLongitude": 114.1418, "month": 10, "species_sci": "Spilopelia chinensis", "species_com": "Spotted Dove" }, "geometry": { "type": "Point", "coordinates": [ 114.1418, 22.3727 ] } },
{ "type": "Feature", "properties": { "decimalLatitude": 21.6687, "decimalLongitude": 79.3765, "month": 10, "species_sci": "Spilopelia chinensis", "species_com": "Spotted Dove" }, "geometry": { "type": "Point", "coordinates": [ 79.3765, 21.6687 ] } },
{ "type": "Feature", "properties": { "decimalLatitude": 12.2826, "decimalLongitude": 77.3759, "month": 10, "species_sci": "Spilopelia chinensis", "species_com": "Spotted Dove" }, "geometry": { "type": "Point", "coordinates": [ 77.3759, 12.2826 ] } },
{ "type": "Feature", "properties": { "decimalLatitude": 31.6065, "decimalLongitude": 120.7369, "month": 10, "species_sci": "Spilopelia chinensis", "species_com": "Spotted Dove" }, "geometry": { "type": "Point", "coordinates": [ 120.7369, 31.6065 ] } },
{ "type": "Feature", "properties": { "decimalLatitude": -38.6716, "decimalLongitude": 146.1648, "month": 10, "species_sci": "Spilopelia chinensis", "species_com": "Spotted Dove" }, "geometry": { "type": "Point", "coordinates": [ 146.1648, -38.6716 ] } },
{ "type": "Feature", "properties": { "decimalLatitude": -27.912, "decimalLongitude": 153.2809, "month": 10, "species_sci": "Spilopelia chinensis", "species_com": "Spotted Dove" }, "geometry": { "type": "Point", "coordinates": [ 153.2809, -27.912 ] } },
{ "type": "Feature", "properties": { "decimalLatitude": 12.1973, "decimalLongitude": 109.2901, "month": 10, "species_sci": "Spilopelia chinensis", "species_com": "Spotted Dove" }, "geometry": { "type": "Point", "coordinates": [ 109.2901, 12.1973 ] } },
{ "type": "Feature", "properties": { "decimalLatitude": 22.3916, "decimalLongitude": 114.2068, "month": 10, "species_sci": "Spilopelia chinensis", "species_com": "Spotted Dove" }, "geometry": { "type": "Point", "coordinates": [ 114.2068, 22.3916 ] } },
{ "type": "Feature", "properties": { "decimalLatitude": 1.3385, "decimalLongitude": 103.7304, "month": 10, "species_sci": "Spilopelia chinensis", "species_com": "Spotted Dove" }, "geometry": { "type": "Point", "coordinates": [ 103.7304, 1.3385 ] } },
{ "type": "Feature", "properties": { "decimalLatitude": 13.7192, "decimalLongitude": 100.5307, "month": 10, "species_sci": "Spilopelia chinensis", "species_com": "Spotted Dove" }, "geometry": { "type": "Point", "coordinates": [ 100.5307, 13.7192 ] } },
{ "type": "Feature", "properties": { "decimalLatitude": -37.8279, "decimalLongitude": 145.1623, "month": 10, "species_sci": "Spilopelia chinensis", "species_com": "Spotted Dove" }, "geometry": { "type": "Point", "coordinates": [ 145.1623, -37.8279 ] } },
{ "type": "Feature", "properties": { "decimalLatitude": 13.8401, "decimalLongitude": 100.4873, "month": 10, "species_sci": "Spilopelia chinensis", "species_com": "Spotted Dove" }, "geometry": { "type": "Point", "coordinates": [ 100.4873, 13.8401 ] } },
{ "type": "Feature", "properties": { "decimalLatitude": 22.3176, "decimalLongitude": 114.1839, "month": 10, "species_sci": "Spilopelia chinensis", "species_com": "Spotted Dove" }, "geometry": { "type": "Point", "coordinates": [ 114.1839, 22.3176 ] } },
{ "type": "Feature", "properties": { "decimalLatitude": 11.1055, "decimalLongitude": 77.1766, "month": 10, "species_sci": "Spilopelia chinensis", "species_com": "Spotted Dove" }, "geometry": { "type": "Point", "coordinates": [ 77.1766, 11.1055 ] } },
{ "type": "Feature", "properties": { "decimalLatitude": -34.4491, "decimalLongitude": 150.8279, "month": 10, "species_sci": "Spilopelia chinensis", "species_com": "Spotted Dove" }, "geometry": { "type": "Point", "coordinates": [ 150.8279, -34.4491 ] } },
{ "type": "Feature", "properties": { "decimalLatitude": -6.0048, "decimalLongitude": 106.8174, "month": 10, "species_sci": "Spilopelia chinensis", "species_com": "Spotted Dove" }, "geometry": { "type": "Point", "coordinates": [ 106.8174, -6.0048 ] } },
{ "type": "Feature", "properties": { "decimalLatitude": -30.2926, "decimalLongitude": 153.1365, "month": 10, "species_sci": "Spilopelia chinensis", "species_com": "Spotted Dove" }, "geometry": { "type": "Point", "coordinates": [ 153.1365, -30.2926 ] } },
{ "type": "Feature", "properties": { "decimalLatitude": 17.3989, "decimalLongitude": 78.3534, "month": 10, "species_sci": "Spilopelia chinensis", "species_com": "Spotted Dove" }, "geometry": { "type": "Point", "coordinates": [ 78.3534, 17.3989 ] } },
{ "type": "Feature", "properties": { "decimalLatitude": -27.1163, "decimalLongitude": 152.9893, "month": 10, "species_sci": "Spilopelia chinensis", "species_com": "Spotted Dove" }, "geometry": { "type": "Point", "coordinates": [ 152.9893, -27.1163 ] } },
{ "type": "Feature", "properties": { "decimalLatitude": 39.9765, "decimalLongitude": 116.3962, "month": 10, "species_sci": "Spilopelia chinensis", "species_com": "Spotted Dove" }, "geometry": { "type": "Point", "coordinates": [ 116.3962, 39.9765 ] } },
{ "type": "Feature", "properties": { "decimalLatitude": 31.5505, "decimalLongitude": 120.2719, "month": 10, "species_sci": "Spilopelia chinensis", "species_com": "Spotted Dove" }, "geometry": { "type": "Point", "coordinates": [ 120.2719, 31.5505 ] } },
{ "type": "Feature", "properties": { "decimalLatitude": 13.7415, "decimalLongitude": 100.549, "month": 10, "species_sci": "Spilopelia chinensis", "species_com": "Spotted Dove" }, "geometry": { "type": "Point", "coordinates": [ 100.549, 13.7415 ] } },
{ "type": "Feature", "properties": { "decimalLatitude": 31.3932, "decimalLongitude": 121.5062, "month": 10, "species_sci": "Spilopelia chinensis", "species_com": "Spotted Dove" }, "geometry": { "type": "Point", "coordinates": [ 121.5062, 31.3932 ] } },
{ "type": "Feature", "properties": { "decimalLatitude": 13.8512, "decimalLongitude": 100.4799, "month": 10, "species_sci": "Spilopelia chinensis", "species_com": "Spotted Dove" }, "geometry": { "type": "Point", "coordinates": [ 100.4799, 13.8512 ] } },
{ "type": "Feature", "properties": { "decimalLatitude": 7.8295, "decimalLongitude": 98.3395, "month": 10, "species_sci": "Spilopelia chinensis", "species_com": "Spotted Dove" }, "geometry": { "type": "Point", "coordinates": [ 98.3395, 7.8295 ] } },
{ "type": "Feature", "properties": { "decimalLatitude": -37.7269, "decimalLongitude": 145.0359, "month": 10, "species_sci": "Spilopelia chinensis", "species_com": "Spotted Dove" }, "geometry": { "type": "Point", "coordinates": [ 145.0359, -37.7269 ] } },
{ "type": "Feature", "properties": { "decimalLatitude": -30.3073, "decimalLongitude": 153.0913, "month": 10, "species_sci": "Spilopelia chinensis", "species_com": "Spotted Dove" }, "geometry": { "type": "Point", "coordinates": [ 153.0913, -30.3073 ] } },
{ "type": "Feature", "properties": { "decimalLatitude": 21.2633, "decimalLongitude": -157.8055, "month": 10, "species_sci": "Spilopelia chinensis", "species_com": "Spotted Dove" }, "geometry": { "type": "Point", "coordinates": [ -157.8055, 21.2633 ] } },
{ "type": "Feature", "properties": { "decimalLatitude": -32.1, "decimalLongitude": 115.7893, "month": 10, "species_sci": "Spilopelia chinensis", "species_com": "Spotted Dove" }, "geometry": { "type": "Point", "coordinates": [ 115.7893, -32.1 ] } },
{ "type": "Feature", "properties": { "decimalLatitude": -8.682, "decimalLongitude": 115.4339, "month": 10, "species_sci": "Spilopelia chinensis", "species_com": "Spotted Dove" }, "geometry": { "type": "Point", "coordinates": [ 115.4339, -8.682 ] } },
{ "type": "Feature", "properties": { "decimalLatitude": 19.0763, "decimalLongitude": 77.3957, "month": 10, "species_sci": "Spilopelia chinensis", "species_com": "Spotted Dove" }, "geometry": { "type": "Point", "coordinates": [ 77.3957, 19.0763 ] } },
{ "type": "Feature", "properties": { "decimalLatitude": 7.8572, "decimalLongitude": 98.2966, "month": 10, "species_sci": "Spilopelia chinensis", "species_com": "Spotted Dove" }, "geometry": { "type": "Point", "coordinates": [ 98.2966, 7.8572 ] } },
{ "type": "Feature", "properties": { "decimalLatitude": 1.3176, "decimalLongitude": 103.9226, "month": 10, "species_sci": "Spilopelia chinensis", "species_com": "Spotted Dove" }, "geometry": { "type": "Point", "coordinates": [ 103.9226, 1.3176 ] } },
{ "type": "Feature", "properties": { "decimalLatitude": 7.8498, "decimalLongitude": 98.2927, "month": 10, "species_sci": "Spilopelia chinensis", "species_com": "Spotted Dove" }, "geometry": { "type": "Point", "coordinates": [ 98.2927, 7.8498 ] } },
{ "type": "Feature", "properties": { "decimalLatitude": 30.5412, "decimalLongitude": 114.3551, "month": 10, "species_sci": "Spilopelia chinensis", "species_com": "Spotted Dove" }, "geometry": { "type": "Point", "coordinates": [ 114.3551, 30.5412 ] } },
{ "type": "Feature", "properties": { "decimalLatitude": 22.1969, "decimalLongitude": 113.5502, "month": 10, "species_sci": "Spilopelia chinensis", "species_com": "Spotted Dove" }, "geometry": { "type": "Point", "coordinates": [ 113.5502, 22.1969 ] } },
{ "type": "Feature", "properties": { "decimalLatitude": 1.2769, "decimalLongitude": 103.8128, "month": 10, "species_sci": "Spilopelia chinensis", "species_com": "Spotted Dove" }, "geometry": { "type": "Point", "coordinates": [ 103.8128, 1.2769 ] } },
{ "type": "Feature", "properties": { "decimalLatitude": 31.4008, "decimalLongitude": 121.349, "month": 10, "species_sci": "Spilopelia chinensis", "species_com": "Spotted Dove" }, "geometry": { "type": "Point", "coordinates": [ 121.349, 31.4008 ] } },
{ "type": "Feature", "properties": { "decimalLatitude": -8.5015, "decimalLongitude": 115.2548, "month": 10, "species_sci": "Spilopelia chinensis", "species_com": "Spotted Dove" }, "geometry": { "type": "Point", "coordinates": [ 115.2548, -8.5015 ] } },
{ "type": "Feature", "properties": { "decimalLatitude": -20.105, "decimalLongitude": 57.5793, "month": 10, "species_sci": "Spilopelia chinensis", "species_com": "Spotted Dove" }, "geometry": { "type": "Point", "coordinates": [ 57.5793, -20.105 ] } },
{ "type": "Feature", "properties": { "decimalLatitude": 24.8406, "decimalLongitude": 121.2934, "month": 10, "species_sci": "Spilopelia chinensis", "species_com": "Spotted Dove" }, "geometry": { "type": "Point", "coordinates": [ 121.2934, 24.8406 ] } },
{ "type": "Feature", "properties": { "decimalLatitude": -6.3094, "decimalLongitude": 106.8197, "month": 10, "species_sci": "Spilopelia chinensis", "species_com": "Spotted Dove" }, "geometry": { "type": "Point", "coordinates": [ 106.8197, -6.3094 ] } },
{ "type": "Feature", "properties": { "decimalLatitude": 22.3352, "decimalLongitude": 114.1377, "month": 10, "species_sci": "Spilopelia chinensis", "species_com": "Spotted Dove" }, "geometry": { "type": "Point", "coordinates": [ 114.1377, 22.3352 ] } },
{ "type": "Feature", "properties": { "decimalLatitude": 12.7161, "decimalLongitude": 102.197, "month": 10, "species_sci": "Spilopelia chinensis", "species_com": "Spotted Dove" }, "geometry": { "type": "Point", "coordinates": [ 102.197, 12.7161 ] } },
{ "type": "Feature", "properties": { "decimalLatitude": -37.8178, "decimalLongitude": 145.2283, "month": 10, "species_sci": "Spilopelia chinensis", "species_com": "Spotted Dove" }, "geometry": { "type": "Point", "coordinates": [ 145.2283, -37.8178 ] } },
{ "type": "Feature", "properties": { "decimalLatitude": -22.3048, "decimalLongitude": 166.4477, "month": 10, "species_sci": "Spilopelia chinensis", "species_com": "Spotted Dove" }, "geometry": { "type": "Point", "coordinates": [ 166.4477, -22.3048 ] } },
{ "type": "Feature", "properties": { "decimalLatitude": 13.5441, "decimalLongitude": 100.4158, "month": 10, "species_sci": "Spilopelia chinensis", "species_com": "Spotted Dove" }, "geometry": { "type": "Point", "coordinates": [ 100.4158, 13.5441 ] } },
{ "type": "Feature", "properties": { "decimalLatitude": -8.5098, "decimalLongitude": 115.2517, "month": 10, "species_sci": "Spilopelia chinensis", "species_com": "Spotted Dove" }, "geometry": { "type": "Point", "coordinates": [ 115.2517, -8.5098 ] } },
{ "type": "Feature", "properties": { "decimalLatitude": -8.7432, "decimalLongitude": 115.1709, "month": 10, "species_sci": "Spilopelia chinensis", "species_com": "Spotted Dove" }, "geometry": { "type": "Point", "coordinates": [ 115.1709, -8.7432 ] } },
{ "type": "Feature", "properties": { "decimalLatitude": -34.494, "decimalLongitude": 150.7847, "month": 10, "species_sci": "Spilopelia chinensis", "species_com": "Spotted Dove" }, "geometry": { "type": "Point", "coordinates": [ 150.7847, -34.494 ] } },
{ "type": "Feature", "properties": { "decimalLatitude": 7.8751, "decimalLongitude": 98.3774, "month": 10, "species_sci": "Spilopelia chinensis", "species_com": "Spotted Dove" }, "geometry": { "type": "Point", "coordinates": [ 98.3774, 7.8751 ] } },
{ "type": "Feature", "properties": { "decimalLatitude": 7.8502, "decimalLongitude": 98.2934, "month": 10, "species_sci": "Spilopelia chinensis", "species_com": "Spotted Dove" }, "geometry": { "type": "Point", "coordinates": [ 98.2934, 7.8502 ] } },
{ "type": "Feature", "properties": { "decimalLatitude": -32.0276, "decimalLongitude": 115.8282, "month": 10, "species_sci": "Spilopelia chinensis", "species_com": "Spotted Dove" }, "geometry": { "type": "Point", "coordinates": [ 115.8282, -32.0276 ] } },
{ "type": "Feature", "properties": { "decimalLatitude": 25.0633, "decimalLongitude": 121.5384, "month": 10, "species_sci": "Spilopelia chinensis", "species_com": "Spotted Dove" }, "geometry": { "type": "Point", "coordinates": [ 121.5384, 25.0633 ] } },
{ "type": "Feature", "properties": { "decimalLatitude": 6.8215, "decimalLongitude": 80.0425, "month": 10, "species_sci": "Spilopelia chinensis", "species_com": "Spotted Dove" }, "geometry": { "type": "Point", "coordinates": [ 80.0425, 6.8215 ] } },
{ "type": "Feature", "properties": { "decimalLatitude": 5.9455, "decimalLongitude": 116.0483, "month": 10, "species_sci": "Spilopelia chinensis", "species_com": "Spotted Dove" }, "geometry": { "type": "Point", "coordinates": [ 116.0483, 5.9455 ] } },
{ "type": "Feature", "properties": { "decimalLatitude": -34.4985, "decimalLongitude": 150.8743, "month": 10, "species_sci": "Spilopelia chinensis", "species_com": "Spotted Dove" }, "geometry": { "type": "Point", "coordinates": [ 150.8743, -34.4985 ] } },
{ "type": "Feature", "properties": { "decimalLatitude": 17.5315, "decimalLongitude": 78.4286, "month": 10, "species_sci": "Spilopelia chinensis", "species_com": "Spotted Dove" }, "geometry": { "type": "Point", "coordinates": [ 78.4286, 17.5315 ] } },
{ "type": "Feature", "properties": { "decimalLatitude": -34.4916, "decimalLongitude": 150.8201, "month": 10, "species_sci": "Spilopelia chinensis", "species_com": "Spotted Dove" }, "geometry": { "type": "Point", "coordinates": [ 150.8201, -34.4916 ] } },
{ "type": "Feature", "properties": { "decimalLatitude": 21.4309, "decimalLongitude": -157.8325, "month": 10, "species_sci": "Spilopelia chinensis", "species_com": "Spotted Dove" }, "geometry": { "type": "Point", "coordinates": [ -157.8325, 21.4309 ] } },
{ "type": "Feature", "properties": { "decimalLatitude": 52.45, "decimalLongitude": 6.1, "month": 10, "species_sci": "Spilopelia chinensis", "species_com": "Spotted Dove" }, "geometry": { "type": "Point", "coordinates": [ 6.1, 52.45 ] } },
{ "type": "Feature", "properties": { "decimalLatitude": 1.3368, "decimalLongitude": 103.9385, "month": 10, "species_sci": "Spilopelia chinensis", "species_com": "Spotted Dove" }, "geometry": { "type": "Point", "coordinates": [ 103.9385, 1.3368 ] } },
{ "type": "Feature", "properties": { "decimalLatitude": 21.0017, "decimalLongitude": -156.6543, "month": 10, "species_sci": "Spilopelia chinensis", "species_com": "Spotted Dove" }, "geometry": { "type": "Point", "coordinates": [ -156.6543, 21.0017 ] } },
{ "type": "Feature", "properties": { "decimalLatitude": 3.1018, "decimalLongitude": 101.4555, "month": 10, "species_sci": "Spilopelia chinensis", "species_com": "Spotted Dove" }, "geometry": { "type": "Point", "coordinates": [ 101.4555, 3.1018 ] } },
{ "type": "Feature", "properties": { "decimalLatitude": 7.9958, "decimalLongitude": 98.2919, "month": 10, "species_sci": "Spilopelia chinensis", "species_com": "Spotted Dove" }, "geometry": { "type": "Point", "coordinates": [ 98.2919, 7.9958 ] } },
{ "type": "Feature", "properties": { "decimalLatitude": 1.2808, "decimalLongitude": 103.8463, "month": 10, "species_sci": "Spilopelia chinensis", "species_com": "Spotted Dove" }, "geometry": { "type": "Point", "coordinates": [ 103.8463, 1.2808 ] } },
{ "type": "Feature", "properties": { "decimalLatitude": 13.849, "decimalLongitude": 100.4845, "month": 10, "species_sci": "Spilopelia chinensis", "species_com": "Spotted Dove" }, "geometry": { "type": "Point", "coordinates": [ 100.4845, 13.849 ] } },
{ "type": "Feature", "properties": { "decimalLatitude": 11.5296, "decimalLongitude": 76.6469, "month": 10, "species_sci": "Spilopelia chinensis", "species_com": "Spotted Dove" }, "geometry": { "type": "Point", "coordinates": [ 76.6469, 11.5296 ] } },
{ "type": "Feature", "properties": { "decimalLatitude": 13.7282, "decimalLongitude": 100.5447, "month": 10, "species_sci": "Spilopelia chinensis", "species_com": "Spotted Dove" }, "geometry": { "type": "Point", "coordinates": [ 100.5447, 13.7282 ] } },
{ "type": "Feature", "properties": { "decimalLatitude": -38.2037, "decimalLongitude": 146.537, "month": 10, "species_sci": "Spilopelia chinensis", "species_com": "Spotted Dove" }, "geometry": { "type": "Point", "coordinates": [ 146.537, -38.2037 ] } },
{ "type": "Feature", "properties": { "decimalLatitude": -8.5098, "decimalLongitude": 115.2517, "month": 10, "species_sci": "Spilopelia chinensis", "species_com": "Spotted Dove" }, "geometry": { "type": "Point", "coordinates": [ 115.2517, -8.5098 ] } },
{ "type": "Feature", "properties": { "decimalLatitude": 32.0354, "decimalLongitude": 118.759, "month": 10, "species_sci": "Spilopelia chinensis", "species_com": "Spotted Dove" }, "geometry": { "type": "Point", "coordinates": [ 118.759, 32.0354 ] } },
{ "type": "Feature", "properties": { "decimalLatitude": 17.397, "decimalLongitude": 78.3543, "month": 10, "species_sci": "Spilopelia chinensis", "species_com": "Spotted Dove" }, "geometry": { "type": "Point", "coordinates": [ 78.3543, 17.397 ] } },
{ "type": "Feature", "properties": { "decimalLatitude": 16.8109, "decimalLongitude": 102.2419, "month": 10, "species_sci": "Spilopelia chinensis", "species_com": "Spotted Dove" }, "geometry": { "type": "Point", "coordinates": [ 102.2419, 16.8109 ] } },
{ "type": "Feature", "properties": { "decimalLatitude": -37.7445, "decimalLongitude": 145.0062, "month": 10, "species_sci": "Spilopelia chinensis", "species_com": "Spotted Dove" }, "geometry": { "type": "Point", "coordinates": [ 145.0062, -37.7445 ] } },
{ "type": "Feature", "properties": { "decimalLatitude": 7.808, "decimalLongitude": 98.2988, "month": 10, "species_sci": "Spilopelia chinensis", "species_com": "Spotted Dove" }, "geometry": { "type": "Point", "coordinates": [ 98.2988, 7.808 ] } },
{ "type": "Feature", "properties": { "decimalLatitude": -34.4916, "decimalLongitude": 150.8201, "month": 10, "species_sci": "Spilopelia chinensis", "species_com": "Spotted Dove" }, "geometry": { "type": "Point", "coordinates": [ 150.8201, -34.4916 ] } },
{ "type": "Feature", "properties": { "decimalLatitude": -37.728, "decimalLongitude": 175.2417, "month": 10, "species_sci": "Spilopelia chinensis", "species_com": "Spotted Dove" }, "geometry": { "type": "Point", "coordinates": [ 175.2417, -37.728 ] } },
{ "type": "Feature", "properties": { "decimalLatitude": 30.5536, "decimalLongitude": 114.2931, "month": 10, "species_sci": "Spilopelia chinensis", "species_com": "Spotted Dove" }, "geometry": { "type": "Point", "coordinates": [ 114.2931, 30.5536 ] } },
{ "type": "Feature", "properties": { "decimalLatitude": 9.5789, "decimalLongitude": 100.0799, "month": 10, "species_sci": "Spilopelia chinensis", "species_com": "Spotted Dove" }, "geometry": { "type": "Point", "coordinates": [ 100.0799, 9.5789 ] } },
{ "type": "Feature", "properties": { "decimalLatitude": 7.9907, "decimalLongitude": 98.2916, "month": 10, "species_sci": "Spilopelia chinensis", "species_com": "Spotted Dove" }, "geometry": { "type": "Point", "coordinates": [ 98.2916, 7.9907 ] } },
{ "type": "Feature", "properties": { "decimalLatitude": 11.79, "decimalLongitude": 76.0031, "month": 10, "species_sci": "Spilopelia chinensis", "species_com": "Spotted Dove" }, "geometry": { "type": "Point", "coordinates": [ 76.0031, 11.79 ] } },
{ "type": "Feature", "properties": { "decimalLatitude": -35.0603, "decimalLongitude": 138.6033, "month": 10, "species_sci": "Spilopelia chinensis", "species_com": "Spotted Dove" }, "geometry": { "type": "Point", "coordinates": [ 138.6033, -35.0603 ] } },
{ "type": "Feature", "properties": { "decimalLatitude": 31.4008, "decimalLongitude": 121.349, "month": 10, "species_sci": "Spilopelia chinensis", "species_com": "Spotted Dove" }, "geometry": { "type": "Point", "coordinates": [ 121.349, 31.4008 ] } },
{ "type": "Feature", "properties": { "decimalLatitude": -37.8265, "decimalLongitude": 145.0552, "month": 10, "species_sci": "Spilopelia chinensis", "species_com": "Spotted Dove" }, "geometry": { "type": "Point", "coordinates": [ 145.0552, -37.8265 ] } },
{ "type": "Feature", "properties": { "decimalLatitude": 1.3267, "decimalLongitude": 103.8431, "month": 10, "species_sci": "Spilopelia chinensis", "species_com": "Spotted Dove" }, "geometry": { "type": "Point", "coordinates": [ 103.8431, 1.3267 ] } },
{ "type": "Feature", "properties": { "decimalLatitude": -33.7001, "decimalLongitude": 150.9271, "month": 10, "species_sci": "Spilopelia chinensis", "species_com": "Spotted Dove" }, "geometry": { "type": "Point", "coordinates": [ 150.9271, -33.7001 ] } },
{ "type": "Feature", "properties": { "decimalLatitude": -41.4222, "decimalLongitude": 147.1839, "month": 10, "species_sci": "Spilopelia chinensis", "species_com": "Spotted Dove" }, "geometry": { "type": "Point", "coordinates": [ 147.1839, -41.4222 ] } },
{ "type": "Feature", "properties": { "decimalLatitude": 16.4582, "decimalLongitude": 102.8106, "month": 10, "species_sci": "Spilopelia chinensis", "species_com": "Spotted Dove" }, "geometry": { "type": "Point", "coordinates": [ 102.8106, 16.4582 ] } },
{ "type": "Feature", "properties": { "decimalLatitude": 5.9635, "decimalLongitude": 116.0679, "month": 11, "species_sci": "Spilopelia chinensis", "species_com": "Spotted Dove" }, "geometry": { "type": "Point", "coordinates": [ 116.0679, 5.9635 ] } },
{ "type": "Feature", "properties": { "decimalLatitude": -36.1289, "decimalLongitude": 174.0362, "month": 11, "species_sci": "Spilopelia chinensis", "species_com": "Spotted Dove" }, "geometry": { "type": "Point", "coordinates": [ 174.0362, -36.1289 ] } },
{ "type": "Feature", "properties": { "decimalLatitude": -38.345, "decimalLongitude": 144.3099, "month": 11, "species_sci": "Spilopelia chinensis", "species_com": "Spotted Dove" }, "geometry": { "type": "Point", "coordinates": [ 144.3099, -38.345 ] } },
{ "type": "Feature", "properties": { "decimalLatitude": -37.8259, "decimalLongitude": 145.1633, "month": 11, "species_sci": "Spilopelia chinensis", "species_com": "Spotted Dove" }, "geometry": { "type": "Point", "coordinates": [ 145.1633, -37.8259 ] } },
{ "type": "Feature", "properties": { "decimalLatitude": 30.8209, "decimalLongitude": 121.508, "month": 11, "species_sci": "Spilopelia chinensis", "species_com": "Spotted Dove" }, "geometry": { "type": "Point", "coordinates": [ 121.508, 30.8209 ] } },
{ "type": "Feature", "properties": { "decimalLatitude": 22.4049, "decimalLongitude": 113.9596, "month": 11, "species_sci": "Spilopelia chinensis", "species_com": "Spotted Dove" }, "geometry": { "type": "Point", "coordinates": [ 113.9596, 22.4049 ] } },
{ "type": "Feature", "properties": { "decimalLatitude": 30.2346, "decimalLongitude": 119.7461, "month": 11, "species_sci": "Spilopelia chinensis", "species_com": "Spotted Dove" }, "geometry": { "type": "Point", "coordinates": [ 119.7461, 30.2346 ] } },
{ "type": "Feature", "properties": { "decimalLatitude": 31.0514, "decimalLongitude": 121.5061, "month": 11, "species_sci": "Spilopelia chinensis", "species_com": "Spotted Dove" }, "geometry": { "type": "Point", "coordinates": [ 121.5061, 31.0514 ] } },
{ "type": "Feature", "properties": { "decimalLatitude": 17.3955, "decimalLongitude": 78.3531, "month": 11, "species_sci": "Spilopelia chinensis", "species_com": "Spotted Dove" }, "geometry": { "type": "Point", "coordinates": [ 78.3531, 17.3955 ] } },
{ "type": "Feature", "properties": { "decimalLatitude": 31.2195, "decimalLongitude": 121.5446, "month": 11, "species_sci": "Spilopelia chinensis", "species_com": "Spotted Dove" }, "geometry": { "type": "Point", "coordinates": [ 121.5446, 31.2195 ] } },
{ "type": "Feature", "properties": { "decimalLatitude": -38.1622, "decimalLongitude": 144.3922, "month": 11, "species_sci": "Spilopelia chinensis", "species_com": "Spotted Dove" }, "geometry": { "type": "Point", "coordinates": [ 144.3922, -38.1622 ] } },
{ "type": "Feature", "properties": { "decimalLatitude": 1.3411, "decimalLongitude": 103.8749, "month": 11, "species_sci": "Spilopelia chinensis", "species_com": "Spotted Dove" }, "geometry": { "type": "Point", "coordinates": [ 103.8749, 1.3411 ] } },
{ "type": "Feature", "properties": { "decimalLatitude": 13.0147, "decimalLongitude": 77.3881, "month": 11, "species_sci": "Spilopelia chinensis", "species_com": "Spotted Dove" }, "geometry": { "type": "Point", "coordinates": [ 77.3881, 13.0147 ] } },
{ "type": "Feature", "properties": { "decimalLatitude": 22.3178, "decimalLongitude": 114.1834, "month": 11, "species_sci": "Spilopelia chinensis", "species_com": "Spotted Dove" }, "geometry": { "type": "Point", "coordinates": [ 114.1834, 22.3178 ] } },
{ "type": "Feature", "properties": { "decimalLatitude": -6.89, "decimalLongitude": 107.61, "month": 11, "species_sci": "Spilopelia chinensis", "species_com": "Spotted Dove" }, "geometry": { "type": "Point", "coordinates": [ 107.61, -6.89 ] } },
{ "type": "Feature", "properties": { "decimalLatitude": 10.5298, "decimalLongitude": 76.348, "month": 11, "species_sci": "Spilopelia chinensis", "species_com": "Spotted Dove" }, "geometry": { "type": "Point", "coordinates": [ 76.348, 10.5298 ] } },
{ "type": "Feature", "properties": { "decimalLatitude": -17.7719, "decimalLongitude": 177.4143, "month": 11, "species_sci": "Spilopelia chinensis", "species_com": "Spotted Dove" }, "geometry": { "type": "Point", "coordinates": [ 177.4143, -17.7719 ] } },
{ "type": "Feature", "properties": { "decimalLatitude": 12.8483, "decimalLongitude": 99.591, "month": 11, "species_sci": "Spilopelia chinensis", "species_com": "Spotted Dove" }, "geometry": { "type": "Point", "coordinates": [ 99.591, 12.8483 ] } },
{ "type": "Feature", "properties": { "decimalLatitude": 12.8498, "decimalLongitude": 99.5726, "month": 11, "species_sci": "Spilopelia chinensis", "species_com": "Spotted Dove" }, "geometry": { "type": "Point", "coordinates": [ 99.5726, 12.8498 ] } },
{ "type": "Feature", "properties": { "decimalLatitude": 23.1886, "decimalLongitude": 120.1762, "month": 11, "species_sci": "Spilopelia chinensis", "species_com": "Spotted Dove" }, "geometry": { "type": "Point", "coordinates": [ 120.1762, 23.1886 ] } },
{ "type": "Feature", "properties": { "decimalLatitude": -29.6786, "decimalLongitude": 152.9385, "month": 11, "species_sci": "Spilopelia chinensis", "species_com": "Spotted Dove" }, "geometry": { "type": "Point", "coordinates": [ 152.9385, -29.6786 ] } },
{ "type": "Feature", "properties": { "decimalLatitude": -36.8094, "decimalLongitude": 174.6944, "month": 11, "species_sci": "Spilopelia chinensis", "species_com": "Spotted Dove" }, "geometry": { "type": "Point", "coordinates": [ 174.6944, -36.8094 ] } },
{ "type": "Feature", "properties": { "decimalLatitude": -36.8039, "decimalLongitude": 174.7044, "month": 11, "species_sci": "Spilopelia chinensis", "species_com": "Spotted Dove" }, "geometry": { "type": "Point", "coordinates": [ 174.7044, -36.8039 ] } },
{ "type": "Feature", "properties": { "decimalLatitude": -35.2924, "decimalLongitude": 138.4595, "month": 11, "species_sci": "Spilopelia chinensis", "species_com": "Spotted Dove" }, "geometry": { "type": "Point", "coordinates": [ 138.4595, -35.2924 ] } },
{ "type": "Feature", "properties": { "decimalLatitude": -36.8615, "decimalLongitude": 174.7196, "month": 11, "species_sci": "Spilopelia chinensis", "species_com": "Spotted Dove" }, "geometry": { "type": "Point", "coordinates": [ 174.7196, -36.8615 ] } },
{ "type": "Feature", "properties": { "decimalLatitude": 12.8367, "decimalLongitude": 99.5951, "month": 11, "species_sci": "Spilopelia chinensis", "species_com": "Spotted Dove" }, "geometry": { "type": "Point", "coordinates": [ 99.5951, 12.8367 ] } },
{ "type": "Feature", "properties": { "decimalLatitude": -27.4423, "decimalLongitude": 152.94, "month": 11, "species_sci": "Spilopelia chinensis", "species_com": "Spotted Dove" }, "geometry": { "type": "Point", "coordinates": [ 152.94, -27.4423 ] } },
{ "type": "Feature", "properties": { "decimalLatitude": -34.4491, "decimalLongitude": 150.8279, "month": 11, "species_sci": "Spilopelia chinensis", "species_com": "Spotted Dove" }, "geometry": { "type": "Point", "coordinates": [ 150.8279, -34.4491 ] } },
{ "type": "Feature", "properties": { "decimalLatitude": -37.9247, "decimalLongitude": 147.7103, "month": 11, "species_sci": "Spilopelia chinensis", "species_com": "Spotted Dove" }, "geometry": { "type": "Point", "coordinates": [ 147.7103, -37.9247 ] } },
{ "type": "Feature", "properties": { "decimalLatitude": 21.3187, "decimalLongitude": -157.9254, "month": 11, "species_sci": "Spilopelia chinensis", "species_com": "Spotted Dove" }, "geometry": { "type": "Point", "coordinates": [ -157.9254, 21.3187 ] } },
{ "type": "Feature", "properties": { "decimalLatitude": 7.8728, "decimalLongitude": 98.4291, "month": 11, "species_sci": "Spilopelia chinensis", "species_com": "Spotted Dove" }, "geometry": { "type": "Point", "coordinates": [ 98.4291, 7.8728 ] } },
{ "type": "Feature", "properties": { "decimalLatitude": 5.9514, "decimalLongitude": 80.4679, "month": 11, "species_sci": "Spilopelia chinensis", "species_com": "Spotted Dove" }, "geometry": { "type": "Point", "coordinates": [ 80.4679, 5.9514 ] } },
{ "type": "Feature", "properties": { "decimalLatitude": 7.8728, "decimalLongitude": 98.4291, "month": 11, "species_sci": "Spilopelia chinensis", "species_com": "Spotted Dove" }, "geometry": { "type": "Point", "coordinates": [ 98.4291, 7.8728 ] } },
{ "type": "Feature", "properties": { "decimalLatitude": 22.379, "decimalLongitude": 114.1895, "month": 11, "species_sci": "Spilopelia chinensis", "species_com": "Spotted Dove" }, "geometry": { "type": "Point", "coordinates": [ 114.1895, 22.379 ] } },
{ "type": "Feature", "properties": { "decimalLatitude": -34.9342, "decimalLongitude": 138.5099, "month": 11, "species_sci": "Spilopelia chinensis", "species_com": "Spotted Dove" }, "geometry": { "type": "Point", "coordinates": [ 138.5099, -34.9342 ] } },
{ "type": "Feature", "properties": { "decimalLatitude": 13.9908, "decimalLongitude": 100.3083, "month": 11, "species_sci": "Spilopelia chinensis", "species_com": "Spotted Dove" }, "geometry": { "type": "Point", "coordinates": [ 100.3083, 13.9908 ] } },
{ "type": "Feature", "properties": { "decimalLatitude": -37.577, "decimalLongitude": 144.7218, "month": 11, "species_sci": "Spilopelia chinensis", "species_com": "Spotted Dove" }, "geometry": { "type": "Point", "coordinates": [ 144.7218, -37.577 ] } },
{ "type": "Feature", "properties": { "decimalLatitude": 39.9234, "decimalLongitude": 116.3907, "month": 11, "species_sci": "Spilopelia chinensis", "species_com": "Spotted Dove" }, "geometry": { "type": "Point", "coordinates": [ 116.3907, 39.9234 ] } },
{ "type": "Feature", "properties": { "decimalLatitude": -8.7433, "decimalLongitude": 115.1707, "month": 11, "species_sci": "Spilopelia chinensis", "species_com": "Spotted Dove" }, "geometry": { "type": "Point", "coordinates": [ 115.1707, -8.7433 ] } },
{ "type": "Feature", "properties": { "decimalLatitude": 17.3955, "decimalLongitude": 78.3531, "month": 11, "species_sci": "Spilopelia chinensis", "species_com": "Spotted Dove" }, "geometry": { "type": "Point", "coordinates": [ 78.3531, 17.3955 ] } },
{ "type": "Feature", "properties": { "decimalLatitude": 39.9173, "decimalLongitude": 116.3086, "month": 11, "species_sci": "Spilopelia chinensis", "species_com": "Spotted Dove" }, "geometry": { "type": "Point", "coordinates": [ 116.3086, 39.9173 ] } },
{ "type": "Feature", "properties": { "decimalLatitude": 22.6254, "decimalLongitude": 120.2995, "month": 11, "species_sci": "Spilopelia chinensis", "species_com": "Spotted Dove" }, "geometry": { "type": "Point", "coordinates": [ 120.2995, 22.6254 ] } },
{ "type": "Feature", "properties": { "decimalLatitude": -37.8277, "decimalLongitude": 145.1621, "month": 11, "species_sci": "Spilopelia chinensis", "species_com": "Spotted Dove" }, "geometry": { "type": "Point", "coordinates": [ 145.1621, -37.8277 ] } },
{ "type": "Feature", "properties": { "decimalLatitude": 22.5494, "decimalLongitude": 72.6235, "month": 11, "species_sci": "Spilopelia chinensis", "species_com": "Spotted Dove" }, "geometry": { "type": "Point", "coordinates": [ 72.6235, 22.5494 ] } },
{ "type": "Feature", "properties": { "decimalLatitude": -6.903, "decimalLongitude": 107.6214, "month": 11, "species_sci": "Spilopelia chinensis", "species_com": "Spotted Dove" }, "geometry": { "type": "Point", "coordinates": [ 107.6214, -6.903 ] } },
{ "type": "Feature", "properties": { "decimalLatitude": 39.0974, "decimalLongitude": 117.1575, "month": 11, "species_sci": "Spilopelia chinensis", "species_com": "Spotted Dove" }, "geometry": { "type": "Point", "coordinates": [ 117.1575, 39.0974 ] } },
{ "type": "Feature", "properties": { "decimalLatitude": 31.4752, "decimalLongitude": 120.3724, "month": 11, "species_sci": "Spilopelia chinensis", "species_com": "Spotted Dove" }, "geometry": { "type": "Point", "coordinates": [ 120.3724, 31.4752 ] } },
{ "type": "Feature", "properties": { "decimalLatitude": -38.0494, "decimalLongitude": 145.1186, "month": 11, "species_sci": "Spilopelia chinensis", "species_com": "Spotted Dove" }, "geometry": { "type": "Point", "coordinates": [ 145.1186, -38.0494 ] } },
{ "type": "Feature", "properties": { "decimalLatitude": -36.7282, "decimalLongitude": 174.7472, "month": 11, "species_sci": "Spilopelia chinensis", "species_com": "Spotted Dove" }, "geometry": { "type": "Point", "coordinates": [ 174.7472, -36.7282 ] } },
{ "type": "Feature", "properties": { "decimalLatitude": -34.4101, "decimalLongitude": 150.8753, "month": 11, "species_sci": "Spilopelia chinensis", "species_com": "Spotted Dove" }, "geometry": { "type": "Point", "coordinates": [ 150.8753, -34.4101 ] } },
{ "type": "Feature", "properties": { "decimalLatitude": -8.8284, "decimalLongitude": 115.0882, "month": 11, "species_sci": "Spilopelia chinensis", "species_com": "Spotted Dove" }, "geometry": { "type": "Point", "coordinates": [ 115.0882, -8.8284 ] } },
{ "type": "Feature", "properties": { "decimalLatitude": 5.989, "decimalLongitude": 116.0865, "month": 11, "species_sci": "Spilopelia chinensis", "species_com": "Spotted Dove" }, "geometry": { "type": "Point", "coordinates": [ 116.0865, 5.989 ] } },
{ "type": "Feature", "properties": { "decimalLatitude": 12.68, "decimalLongitude": 101.2188, "month": 11, "species_sci": "Spilopelia chinensis", "species_com": "Spotted Dove" }, "geometry": { "type": "Point", "coordinates": [ 101.2188, 12.68 ] } },
{ "type": "Feature", "properties": { "decimalLatitude": 14.441, "decimalLongitude": 101.5645, "month": 11, "species_sci": "Spilopelia chinensis", "species_com": "Spotted Dove" }, "geometry": { "type": "Point", "coordinates": [ 101.5645, 14.441 ] } },
{ "type": "Feature", "properties": { "decimalLatitude": 10.7623, "decimalLongitude": 106.6924, "month": 11, "species_sci": "Spilopelia chinensis", "species_com": "Spotted Dove" }, "geometry": { "type": "Point", "coordinates": [ 106.6924, 10.7623 ] } },
{ "type": "Feature", "properties": { "decimalLatitude": -35.0383, "decimalLongitude": 138.5153, "month": 11, "species_sci": "Spilopelia chinensis", "species_com": "Spotted Dove" }, "geometry": { "type": "Point", "coordinates": [ 138.5153, -35.0383 ] } },
{ "type": "Feature", "properties": { "decimalLatitude": 23.0173, "decimalLongitude": 120.2049, "month": 11, "species_sci": "Spilopelia chinensis", "species_com": "Spotted Dove" }, "geometry": { "type": "Point", "coordinates": [ 120.2049, 23.0173 ] } },
{ "type": "Feature", "properties": { "decimalLatitude": 25.0472, "decimalLongitude": 121.4533, "month": 11, "species_sci": "Spilopelia chinensis", "species_com": "Spotted Dove" }, "geometry": { "type": "Point", "coordinates": [ 121.4533, 25.0472 ] } },
{ "type": "Feature", "properties": { "decimalLatitude": 24.9291, "decimalLongitude": 102.6954, "month": 11, "species_sci": "Spilopelia chinensis", "species_com": "Spotted Dove" }, "geometry": { "type": "Point", "coordinates": [ 102.6954, 24.9291 ] } },
{ "type": "Feature", "properties": { "decimalLatitude": 31.475, "decimalLongitude": 120.3725, "month": 11, "species_sci": "Spilopelia chinensis", "species_com": "Spotted Dove" }, "geometry": { "type": "Point", "coordinates": [ 120.3725, 31.475 ] } },
{ "type": "Feature", "properties": { "decimalLatitude": 13.7322, "decimalLongitude": 100.5571, "month": 11, "species_sci": "Spilopelia chinensis", "species_com": "Spotted Dove" }, "geometry": { "type": "Point", "coordinates": [ 100.5571, 13.7322 ] } },
{ "type": "Feature", "properties": { "decimalLatitude": 1.3194, "decimalLongitude": 103.7504, "month": 11, "species_sci": "Spilopelia chinensis", "species_com": "Spotted Dove" }, "geometry": { "type": "Point", "coordinates": [ 103.7504, 1.3194 ] } },
{ "type": "Feature", "properties": { "decimalLatitude": 1.3301, "decimalLongitude": 103.727, "month": 11, "species_sci": "Spilopelia chinensis", "species_com": "Spotted Dove" }, "geometry": { "type": "Point", "coordinates": [ 103.727, 1.3301 ] } },
{ "type": "Feature", "properties": { "decimalLatitude": 12.844, "decimalLongitude": 99.5896, "month": 11, "species_sci": "Spilopelia chinensis", "species_com": "Spotted Dove" }, "geometry": { "type": "Point", "coordinates": [ 99.5896, 12.844 ] } },
{ "type": "Feature", "properties": { "decimalLatitude": 22.3478, "decimalLongitude": 113.5866, "month": 11, "species_sci": "Spilopelia chinensis", "species_com": "Spotted Dove" }, "geometry": { "type": "Point", "coordinates": [ 113.5866, 22.3478 ] } },
{ "type": "Feature", "properties": { "decimalLatitude": 22.5957, "decimalLongitude": 120.3355, "month": 11, "species_sci": "Spilopelia chinensis", "species_com": "Spotted Dove" }, "geometry": { "type": "Point", "coordinates": [ 120.3355, 22.5957 ] } },
{ "type": "Feature", "properties": { "decimalLatitude": 19.4975, "decimalLongitude": 73.5746, "month": 11, "species_sci": "Spilopelia chinensis", "species_com": "Spotted Dove" }, "geometry": { "type": "Point", "coordinates": [ 73.5746, 19.4975 ] } },
{ "type": "Feature", "properties": { "decimalLatitude": 21.3308, "decimalLongitude": -157.9199, "month": 11, "species_sci": "Spilopelia chinensis", "species_com": "Spotted Dove" }, "geometry": { "type": "Point", "coordinates": [ -157.9199, 21.3308 ] } },
{ "type": "Feature", "properties": { "decimalLatitude": 13.7876, "decimalLongitude": 100.5047, "month": 11, "species_sci": "Spilopelia chinensis", "species_com": "Spotted Dove" }, "geometry": { "type": "Point", "coordinates": [ 100.5047, 13.7876 ] } },
{ "type": "Feature", "properties": { "decimalLatitude": 13.736, "decimalLongitude": 100.5074, "month": 11, "species_sci": "Spilopelia chinensis", "species_com": "Spotted Dove" }, "geometry": { "type": "Point", "coordinates": [ 100.5074, 13.736 ] } },
{ "type": "Feature", "properties": { "decimalLatitude": 21.3322, "decimalLongitude": -157.9242, "month": 11, "species_sci": "Spilopelia chinensis", "species_com": "Spotted Dove" }, "geometry": { "type": "Point", "coordinates": [ -157.9242, 21.3322 ] } },
{ "type": "Feature", "properties": { "decimalLatitude": -34.9089, "decimalLongitude": 138.6599, "month": 11, "species_sci": "Spilopelia chinensis", "species_com": "Spotted Dove" }, "geometry": { "type": "Point", "coordinates": [ 138.6599, -34.9089 ] } },
{ "type": "Feature", "properties": { "decimalLatitude": 22.1874, "decimalLongitude": 113.5561, "month": 11, "species_sci": "Spilopelia chinensis", "species_com": "Spotted Dove" }, "geometry": { "type": "Point", "coordinates": [ 113.5561, 22.1874 ] } },
{ "type": "Feature", "properties": { "decimalLatitude": 1.4057, "decimalLongitude": 103.7915, "month": 11, "species_sci": "Spilopelia chinensis", "species_com": "Spotted Dove" }, "geometry": { "type": "Point", "coordinates": [ 103.7915, 1.4057 ] } },
{ "type": "Feature", "properties": { "decimalLatitude": 17.3975, "decimalLongitude": 78.3601, "month": 11, "species_sci": "Spilopelia chinensis", "species_com": "Spotted Dove" }, "geometry": { "type": "Point", "coordinates": [ 78.3601, 17.3975 ] } },
{ "type": "Feature", "properties": { "decimalLatitude": -34.4426, "decimalLongitude": 150.8361, "month": 11, "species_sci": "Spilopelia chinensis", "species_com": "Spotted Dove" }, "geometry": { "type": "Point", "coordinates": [ 150.8361, -34.4426 ] } },
{ "type": "Feature", "properties": { "decimalLatitude": 1.3601, "decimalLongitude": 103.8269, "month": 11, "species_sci": "Spilopelia chinensis", "species_com": "Spotted Dove" }, "geometry": { "type": "Point", "coordinates": [ 103.8269, 1.3601 ] } },
{ "type": "Feature", "properties": { "decimalLatitude": 22.3743, "decimalLongitude": 113.9586, "month": 11, "species_sci": "Spilopelia chinensis", "species_com": "Spotted Dove" }, "geometry": { "type": "Point", "coordinates": [ 113.9586, 22.3743 ] } },
{ "type": "Feature", "properties": { "decimalLatitude": 17.3974, "decimalLongitude": 78.354, "month": 11, "species_sci": "Spilopelia chinensis", "species_com": "Spotted Dove" }, "geometry": { "type": "Point", "coordinates": [ 78.354, 17.3974 ] } },
{ "type": "Feature", "properties": { "decimalLatitude": 31.4286, "decimalLongitude": 120.2844, "month": 11, "species_sci": "Spilopelia chinensis", "species_com": "Spotted Dove" }, "geometry": { "type": "Point", "coordinates": [ 120.2844, 31.4286 ] } },
{ "type": "Feature", "properties": { "decimalLatitude": 31.3393, "decimalLongitude": 121.4768, "month": 11, "species_sci": "Spilopelia chinensis", "species_com": "Spotted Dove" }, "geometry": { "type": "Point", "coordinates": [ 121.4768, 31.3393 ] } },
{ "type": "Feature", "properties": { "decimalLatitude": 31.3195, "decimalLongitude": 121.4952, "month": 11, "species_sci": "Spilopelia chinensis", "species_com": "Spotted Dove" }, "geometry": { "type": "Point", "coordinates": [ 121.4952, 31.3195 ] } },
{ "type": "Feature", "properties": { "decimalLatitude": 24.9779, "decimalLongitude": 121.4446, "month": 11, "species_sci": "Spilopelia chinensis", "species_com": "Spotted Dove" }, "geometry": { "type": "Point", "coordinates": [ 121.4446, 24.9779 ] } },
{ "type": "Feature", "properties": { "decimalLatitude": 12.9621, "decimalLongitude": 77.899, "month": 11, "species_sci": "Spilopelia chinensis", "species_com": "Spotted Dove" }, "geometry": { "type": "Point", "coordinates": [ 77.899, 12.9621 ] } },
{ "type": "Feature", "properties": { "decimalLatitude": 15.9024, "decimalLongitude": 105.3418, "month": 11, "species_sci": "Spilopelia chinensis", "species_com": "Spotted Dove" }, "geometry": { "type": "Point", "coordinates": [ 105.3418, 15.9024 ] } },
{ "type": "Feature", "properties": { "decimalLatitude": -8.4793, "decimalLongitude": 115.2468, "month": 11, "species_sci": "Spilopelia chinensis", "species_com": "Spotted Dove" }, "geometry": { "type": "Point", "coordinates": [ 115.2468, -8.4793 ] } },
{ "type": "Feature", "properties": { "decimalLatitude": 12.029, "decimalLongitude": 120.1149, "month": 11, "species_sci": "Spilopelia chinensis", "species_com": "Spotted Dove" }, "geometry": { "type": "Point", "coordinates": [ 120.1149, 12.029 ] } },
{ "type": "Feature", "properties": { "decimalLatitude": 13.7465, "decimalLongitude": 100.4919, "month": 11, "species_sci": "Spilopelia chinensis", "species_com": "Spotted Dove" }, "geometry": { "type": "Point", "coordinates": [ 100.4919, 13.7465 ] } },
{ "type": "Feature", "properties": { "decimalLatitude": 22.2918, "decimalLongitude": 114.2421, "month": 11, "species_sci": "Spilopelia chinensis", "species_com": "Spotted Dove" }, "geometry": { "type": "Point", "coordinates": [ 114.2421, 22.2918 ] } },
{ "type": "Feature", "properties": { "decimalLatitude": 1.4049, "decimalLongitude": 103.7798, "month": 11, "species_sci": "Spilopelia chinensis", "species_com": "Spotted Dove" }, "geometry": { "type": "Point", "coordinates": [ 103.7798, 1.4049 ] } },
{ "type": "Feature", "properties": { "decimalLatitude": -31.6198, "decimalLongitude": 115.6366, "month": 11, "species_sci": "Spilopelia chinensis", "species_com": "Spotted Dove" }, "geometry": { "type": "Point", "coordinates": [ 115.6366, -31.6198 ] } },
{ "type": "Feature", "properties": { "decimalLatitude": 27.5667, "decimalLongitude": 84.3061, "month": 11, "species_sci": "Spilopelia chinensis", "species_com": "Spotted Dove" }, "geometry": { "type": "Point", "coordinates": [ 84.3061, 27.5667 ] } },
{ "type": "Feature", "properties": { "decimalLatitude": 37.4212, "decimalLongitude": 112.5842, "month": 11, "species_sci": "Spilopelia chinensis", "species_com": "Spotted Dove" }, "geometry": { "type": "Point", "coordinates": [ 112.5842, 37.4212 ] } },
{ "type": "Feature", "properties": { "decimalLatitude": 22.373, "decimalLongitude": 114.1793, "month": 11, "species_sci": "Spilopelia chinensis", "species_com": "Spotted Dove" }, "geometry": { "type": "Point", "coordinates": [ 114.1793, 22.373 ] } },
{ "type": "Feature", "properties": { "decimalLatitude": 12.7826, "decimalLongitude": 99.5562, "month": 11, "species_sci": "Spilopelia chinensis", "species_com": "Spotted Dove" }, "geometry": { "type": "Point", "coordinates": [ 99.5562, 12.7826 ] } },
{ "type": "Feature", "properties": { "decimalLatitude": 22.2534, "decimalLongitude": 114.1352, "month": 11, "species_sci": "Spilopelia chinensis", "species_com": "Spotted Dove" }, "geometry": { "type": "Point", "coordinates": [ 114.1352, 22.2534 ] } },
{ "type": "Feature", "properties": { "decimalLatitude": -32.7942, "decimalLongitude": 151.9101, "month": 11, "species_sci": "Spilopelia chinensis", "species_com": "Spotted Dove" }, "geometry": { "type": "Point", "coordinates": [ 151.9101, -32.7942 ] } },
{ "type": "Feature", "properties": { "decimalLatitude": -35.1487, "decimalLongitude": 139.3126, "month": 11, "species_sci": "Spilopelia chinensis", "species_com": "Spotted Dove" }, "geometry": { "type": "Point", "coordinates": [ 139.3126, -35.1487 ] } },
{ "type": "Feature", "properties": { "decimalLatitude": 13.7945, "decimalLongitude": 100.5497, "month": 11, "species_sci": "Spilopelia chinensis", "species_com": "Spotted Dove" }, "geometry": { "type": "Point", "coordinates": [ 100.5497, 13.7945 ] } },
{ "type": "Feature", "properties": { "decimalLatitude": 12.0379, "decimalLongitude": 75.2951, "month": 11, "species_sci": "Spilopelia chinensis", "species_com": "Spotted Dove" }, "geometry": { "type": "Point", "coordinates": [ 75.2951, 12.0379 ] } },
{ "type": "Feature", "properties": { "decimalLatitude": 24.6826, "decimalLongitude": 121.7694, "month": 11, "species_sci": "Spilopelia chinensis", "species_com": "Spotted Dove" }, "geometry": { "type": "Point", "coordinates": [ 121.7694, 24.6826 ] } },
{ "type": "Feature", "properties": { "decimalLatitude": -38.0116, "decimalLongitude": 145.2907, "month": 11, "species_sci": "Spilopelia chinensis", "species_com": "Spotted Dove" }, "geometry": { "type": "Point", "coordinates": [ 145.2907, -38.0116 ] } },
{ "type": "Feature", "properties": { "decimalLatitude": -42.8826, "decimalLongitude": 147.3257, "month": 11, "species_sci": "Spilopelia chinensis", "species_com": "Spotted Dove" }, "geometry": { "type": "Point", "coordinates": [ 147.3257, -42.8826 ] } },
{ "type": "Feature", "properties": { "decimalLatitude": -37.826, "decimalLongitude": 145.1632, "month": 11, "species_sci": "Spilopelia chinensis", "species_com": "Spotted Dove" }, "geometry": { "type": "Point", "coordinates": [ 145.1632, -37.826 ] } },
{ "type": "Feature", "properties": { "decimalLatitude": 13.7129, "decimalLongitude": 100.5232, "month": 11, "species_sci": "Spilopelia chinensis", "species_com": "Spotted Dove" }, "geometry": { "type": "Point", "coordinates": [ 100.5232, 13.7129 ] } },
{ "type": "Feature", "properties": { "decimalLatitude": 13.7285, "decimalLongitude": 100.5445, "month": 11, "species_sci": "Spilopelia chinensis", "species_com": "Spotted Dove" }, "geometry": { "type": "Point", "coordinates": [ 100.5445, 13.7285 ] } },
{ "type": "Feature", "properties": { "decimalLatitude": 1.3404, "decimalLongitude": 103.8745, "month": 11, "species_sci": "Spilopelia chinensis", "species_com": "Spotted Dove" }, "geometry": { "type": "Point", "coordinates": [ 103.8745, 1.3404 ] } },
{ "type": "Feature", "properties": { "decimalLatitude": 31.6929, "decimalLongitude": 120.3546, "month": 11, "species_sci": "Spilopelia chinensis", "species_com": "Spotted Dove" }, "geometry": { "type": "Point", "coordinates": [ 120.3546, 31.6929 ] } },
{ "type": "Feature", "properties": { "decimalLatitude": 39.7689, "decimalLongitude": 116.3192, "month": 11, "species_sci": "Spilopelia chinensis", "species_com": "Spotted Dove" }, "geometry": { "type": "Point", "coordinates": [ 116.3192, 39.7689 ] } },
{ "type": "Feature", "properties": { "decimalLatitude": 30.7087, "decimalLongitude": 103.8616, "month": 11, "species_sci": "Spilopelia chinensis", "species_com": "Spotted Dove" }, "geometry": { "type": "Point", "coordinates": [ 103.8616, 30.7087 ] } },
{ "type": "Feature", "properties": { "decimalLatitude": 27.4683, "decimalLongitude": 84.4796, "month": 11, "species_sci": "Spilopelia chinensis", "species_com": "Spotted Dove" }, "geometry": { "type": "Point", "coordinates": [ 84.4796, 27.4683 ] } },
{ "type": "Feature", "properties": { "decimalLatitude": 27.5687, "decimalLongitude": 84.3557, "month": 11, "species_sci": "Spilopelia chinensis", "species_com": "Spotted Dove" }, "geometry": { "type": "Point", "coordinates": [ 84.3557, 27.5687 ] } },
{ "type": "Feature", "properties": { "decimalLatitude": 23.1451, "decimalLongitude": 113.3495, "month": 11, "species_sci": "Spilopelia chinensis", "species_com": "Spotted Dove" }, "geometry": { "type": "Point", "coordinates": [ 113.3495, 23.1451 ] } },
{ "type": "Feature", "properties": { "decimalLatitude": -42.8792, "decimalLongitude": 147.3327, "month": 11, "species_sci": "Spilopelia chinensis", "species_com": "Spotted Dove" }, "geometry": { "type": "Point", "coordinates": [ 147.3327, -42.8792 ] } },
{ "type": "Feature", "properties": { "decimalLatitude": -34.4834, "decimalLongitude": 150.8517, "month": 11, "species_sci": "Spilopelia chinensis", "species_com": "Spotted Dove" }, "geometry": { "type": "Point", "coordinates": [ 150.8517, -34.4834 ] } },
{ "type": "Feature", "properties": { "decimalLatitude": -42.8639, "decimalLongitude": 147.3343, "month": 11, "species_sci": "Spilopelia chinensis", "species_com": "Spotted Dove" }, "geometry": { "type": "Point", "coordinates": [ 147.3343, -42.8639 ] } },
{ "type": "Feature", "properties": { "decimalLatitude": 6.176, "decimalLongitude": 81.1889, "month": 11, "species_sci": "Spilopelia chinensis", "species_com": "Spotted Dove" }, "geometry": { "type": "Point", "coordinates": [ 81.1889, 6.176 ] } },
{ "type": "Feature", "properties": { "decimalLatitude": 27.5767, "decimalLongitude": 84.2278, "month": 11, "species_sci": "Spilopelia chinensis", "species_com": "Spotted Dove" }, "geometry": { "type": "Point", "coordinates": [ 84.2278, 27.5767 ] } },
{ "type": "Feature", "properties": { "decimalLatitude": -36.908, "decimalLongitude": 175.1791, "month": 11, "species_sci": "Spilopelia chinensis", "species_com": "Spotted Dove" }, "geometry": { "type": "Point", "coordinates": [ 175.1791, -36.908 ] } },
{ "type": "Feature", "properties": { "decimalLatitude": -31.8692, "decimalLongitude": 115.8373, "month": 11, "species_sci": "Spilopelia chinensis", "species_com": "Spotted Dove" }, "geometry": { "type": "Point", "coordinates": [ 115.8373, -31.8692 ] } },
{ "type": "Feature", "properties": { "decimalLatitude": -38.3162, "decimalLongitude": 144.3495, "month": 11, "species_sci": "Spilopelia chinensis", "species_com": "Spotted Dove" }, "geometry": { "type": "Point", "coordinates": [ 144.3495, -38.3162 ] } },
{ "type": "Feature", "properties": { "decimalLatitude": -37.7014, "decimalLongitude": 144.8788, "month": 11, "species_sci": "Spilopelia chinensis", "species_com": "Spotted Dove" }, "geometry": { "type": "Point", "coordinates": [ 144.8788, -37.7014 ] } },
{ "type": "Feature", "properties": { "decimalLatitude": -6.8923, "decimalLongitude": 107.6095, "month": 11, "species_sci": "Spilopelia chinensis", "species_com": "Spotted Dove" }, "geometry": { "type": "Point", "coordinates": [ 107.6095, -6.8923 ] } },
{ "type": "Feature", "properties": { "decimalLatitude": -8.6886, "decimalLongitude": 115.4315, "month": 11, "species_sci": "Spilopelia chinensis", "species_com": "Spotted Dove" }, "geometry": { "type": "Point", "coordinates": [ 115.4315, -8.6886 ] } },
{ "type": "Feature", "properties": { "decimalLatitude": 13.7292, "decimalLongitude": 100.5586, "month": 11, "species_sci": "Spilopelia chinensis", "species_com": "Spotted Dove" }, "geometry": { "type": "Point", "coordinates": [ 100.5586, 13.7292 ] } },
{ "type": "Feature", "properties": { "decimalLatitude": -37.8583, "decimalLongitude": 144.8421, "month": 11, "species_sci": "Spilopelia chinensis", "species_com": "Spotted Dove" }, "geometry": { "type": "Point", "coordinates": [ 144.8421, -37.8583 ] } },
{ "type": "Feature", "properties": { "decimalLatitude": 23.0003, "decimalLongitude": 120.2127, "month": 11, "species_sci": "Spilopelia chinensis", "species_com": "Spotted Dove" }, "geometry": { "type": "Point", "coordinates": [ 120.2127, 23.0003 ] } },
{ "type": "Feature", "properties": { "decimalLatitude": -34.5005, "decimalLongitude": 150.8189, "month": 11, "species_sci": "Spilopelia chinensis", "species_com": "Spotted Dove" }, "geometry": { "type": "Point", "coordinates": [ 150.8189, -34.5005 ] } },
{ "type": "Feature", "properties": { "decimalLatitude": -28.6457, "decimalLongitude": 153.6084, "month": 11, "species_sci": "Spilopelia chinensis", "species_com": "Spotted Dove" }, "geometry": { "type": "Point", "coordinates": [ 153.6084, -28.6457 ] } },
{ "type": "Feature", "properties": { "decimalLatitude": -37.7733, "decimalLongitude": 145.0342, "month": 11, "species_sci": "Spilopelia chinensis", "species_com": "Spotted Dove" }, "geometry": { "type": "Point", "coordinates": [ 145.0342, -37.7733 ] } },
{ "type": "Feature", "properties": { "decimalLatitude": 12.0283, "decimalLongitude": 75.9671, "month": 11, "species_sci": "Spilopelia chinensis", "species_com": "Spotted Dove" }, "geometry": { "type": "Point", "coordinates": [ 75.9671, 12.0283 ] } },
{ "type": "Feature", "properties": { "decimalLatitude": 20.0248, "decimalLongitude": -155.8221, "month": 11, "species_sci": "Spilopelia chinensis", "species_com": "Spotted Dove" }, "geometry": { "type": "Point", "coordinates": [ -155.8221, 20.0248 ] } },
{ "type": "Feature", "properties": { "decimalLatitude": 17.8411, "decimalLongitude": 78.4772, "month": 11, "species_sci": "Spilopelia chinensis", "species_com": "Spotted Dove" }, "geometry": { "type": "Point", "coordinates": [ 78.4772, 17.8411 ] } },
{ "type": "Feature", "properties": { "decimalLatitude": 13.902, "decimalLongitude": 100.5331, "month": 11, "species_sci": "Spilopelia chinensis", "species_com": "Spotted Dove" }, "geometry": { "type": "Point", "coordinates": [ 100.5331, 13.902 ] } },
{ "type": "Feature", "properties": { "decimalLatitude": -37.1793, "decimalLongitude": 175.3229, "month": 11, "species_sci": "Spilopelia chinensis", "species_com": "Spotted Dove" }, "geometry": { "type": "Point", "coordinates": [ 175.3229, -37.1793 ] } },
{ "type": "Feature", "properties": { "decimalLatitude": 17.3971, "decimalLongitude": 78.3543, "month": 11, "species_sci": "Spilopelia chinensis", "species_com": "Spotted Dove" }, "geometry": { "type": "Point", "coordinates": [ 78.3543, 17.3971 ] } },
{ "type": "Feature", "properties": { "decimalLatitude": 22.6854, "decimalLongitude": 88.3212, "month": 11, "species_sci": "Spilopelia chinensis", "species_com": "Spotted Dove" }, "geometry": { "type": "Point", "coordinates": [ 88.3212, 22.6854 ] } },
{ "type": "Feature", "properties": { "decimalLatitude": -34.4491, "decimalLongitude": 150.8279, "month": 11, "species_sci": "Spilopelia chinensis", "species_com": "Spotted Dove" }, "geometry": { "type": "Point", "coordinates": [ 150.8279, -34.4491 ] } },
{ "type": "Feature", "properties": { "decimalLatitude": 13.7286, "decimalLongitude": 100.5447, "month": 11, "species_sci": "Spilopelia chinensis", "species_com": "Spotted Dove" }, "geometry": { "type": "Point", "coordinates": [ 100.5447, 13.7286 ] } },
{ "type": "Feature", "properties": { "decimalLatitude": 32.0781, "decimalLongitude": 118.8085, "month": 11, "species_sci": "Spilopelia chinensis", "species_com": "Spotted Dove" }, "geometry": { "type": "Point", "coordinates": [ 118.8085, 32.0781 ] } },
{ "type": "Feature", "properties": { "decimalLatitude": 13.7833, "decimalLongitude": 100.5018, "month": 11, "species_sci": "Spilopelia chinensis", "species_com": "Spotted Dove" }, "geometry": { "type": "Point", "coordinates": [ 100.5018, 13.7833 ] } },
{ "type": "Feature", "properties": { "decimalLatitude": 13.1363, "decimalLongitude": 77.5043, "month": 11, "species_sci": "Spilopelia chinensis", "species_com": "Spotted Dove" }, "geometry": { "type": "Point", "coordinates": [ 77.5043, 13.1363 ] } },
{ "type": "Feature", "properties": { "decimalLatitude": -36.8158, "decimalLongitude": 174.7072, "month": 11, "species_sci": "Spilopelia chinensis", "species_com": "Spotted Dove" }, "geometry": { "type": "Point", "coordinates": [ 174.7072, -36.8158 ] } },
{ "type": "Feature", "properties": { "decimalLatitude": 5.8731, "decimalLongitude": 117.9501, "month": 11, "species_sci": "Spilopelia chinensis", "species_com": "Spotted Dove" }, "geometry": { "type": "Point", "coordinates": [ 117.9501, 5.8731 ] } },
{ "type": "Feature", "properties": { "decimalLatitude": 37.8002, "decimalLongitude": 118.6959, "month": 11, "species_sci": "Spilopelia chinensis", "species_com": "Spotted Dove" }, "geometry": { "type": "Point", "coordinates": [ 118.6959, 37.8002 ] } },
{ "type": "Feature", "properties": { "decimalLatitude": 22.4499, "decimalLongitude": 114.18, "month": 11, "species_sci": "Spilopelia chinensis", "species_com": "Spotted Dove" }, "geometry": { "type": "Point", "coordinates": [ 114.18, 22.4499 ] } },
{ "type": "Feature", "properties": { "decimalLatitude": 16.0387, "decimalLongitude": 105.2474, "month": 11, "species_sci": "Spilopelia chinensis", "species_com": "Spotted Dove" }, "geometry": { "type": "Point", "coordinates": [ 105.2474, 16.0387 ] } },
{ "type": "Feature", "properties": { "decimalLatitude": 39.8809, "decimalLongitude": 116.4055, "month": 11, "species_sci": "Spilopelia chinensis", "species_com": "Spotted Dove" }, "geometry": { "type": "Point", "coordinates": [ 116.4055, 39.8809 ] } },
{ "type": "Feature", "properties": { "decimalLatitude": 7.2958, "decimalLongitude": 80.6314, "month": 11, "species_sci": "Spilopelia chinensis", "species_com": "Spotted Dove" }, "geometry": { "type": "Point", "coordinates": [ 80.6314, 7.2958 ] } },
{ "type": "Feature", "properties": { "decimalLatitude": 25.1305, "decimalLongitude": 121.4713, "month": 11, "species_sci": "Spilopelia chinensis", "species_com": "Spotted Dove" }, "geometry": { "type": "Point", "coordinates": [ 121.4713, 25.1305 ] } },
{ "type": "Feature", "properties": { "decimalLatitude": -38.1635, "decimalLongitude": 145.9309, "month": 12, "species_sci": "Spilopelia chinensis", "species_com": "Spotted Dove" }, "geometry": { "type": "Point", "coordinates": [ 145.9309, -38.1635 ] } },
{ "type": "Feature", "properties": { "decimalLatitude": 29.5654, "decimalLongitude": 106.4666, "month": 12, "species_sci": "Spilopelia chinensis", "species_com": "Spotted Dove" }, "geometry": { "type": "Point", "coordinates": [ 106.4666, 29.5654 ] } },
{ "type": "Feature", "properties": { "decimalLatitude": 31.2319, "decimalLongitude": 121.4717, "month": 12, "species_sci": "Spilopelia chinensis", "species_com": "Spotted Dove" }, "geometry": { "type": "Point", "coordinates": [ 121.4717, 31.2319 ] } },
{ "type": "Feature", "properties": { "decimalLatitude": 21.3162, "decimalLongitude": -157.6646, "month": 12, "species_sci": "Spilopelia chinensis", "species_com": "Spotted Dove" }, "geometry": { "type": "Point", "coordinates": [ -157.6646, 21.3162 ] } },
{ "type": "Feature", "properties": { "decimalLatitude": 21.9618, "decimalLongitude": -159.3506, "month": 12, "species_sci": "Spilopelia chinensis", "species_com": "Spotted Dove" }, "geometry": { "type": "Point", "coordinates": [ -159.3506, 21.9618 ] } },
{ "type": "Feature", "properties": { "decimalLatitude": -34.5018, "decimalLongitude": 150.8311, "month": 12, "species_sci": "Spilopelia chinensis", "species_com": "Spotted Dove" }, "geometry": { "type": "Point", "coordinates": [ 150.8311, -34.5018 ] } },
{ "type": "Feature", "properties": { "decimalLatitude": 40.0039, "decimalLongitude": 116.4026, "month": 12, "species_sci": "Spilopelia chinensis", "species_com": "Spotted Dove" }, "geometry": { "type": "Point", "coordinates": [ 116.4026, 40.0039 ] } },
{ "type": "Feature", "properties": { "decimalLatitude": 13.7934, "decimalLongitude": 100.5028, "month": 12, "species_sci": "Spilopelia chinensis", "species_com": "Spotted Dove" }, "geometry": { "type": "Point", "coordinates": [ 100.5028, 13.7934 ] } },
{ "type": "Feature", "properties": { "decimalLatitude": 19.6888, "decimalLongitude": 83.3689, "month": 12, "species_sci": "Spilopelia chinensis", "species_com": "Spotted Dove" }, "geometry": { "type": "Point", "coordinates": [ 83.3689, 19.6888 ] } },
{ "type": "Feature", "properties": { "decimalLatitude": 22.2533, "decimalLongitude": 114.1352, "month": 12, "species_sci": "Spilopelia chinensis", "species_com": "Spotted Dove" }, "geometry": { "type": "Point", "coordinates": [ 114.1352, 22.2533 ] } },
{ "type": "Feature", "properties": { "decimalLatitude": 31.3176, "decimalLongitude": 121.4627, "month": 12, "species_sci": "Spilopelia chinensis", "species_com": "Spotted Dove" }, "geometry": { "type": "Point", "coordinates": [ 121.4627, 31.3176 ] } },
{ "type": "Feature", "properties": { "decimalLatitude": 7.8492, "decimalLongitude": 98.2929, "month": 12, "species_sci": "Spilopelia chinensis", "species_com": "Spotted Dove" }, "geometry": { "type": "Point", "coordinates": [ 98.2929, 7.8492 ] } },
{ "type": "Feature", "properties": { "decimalLatitude": 24.2419, "decimalLongitude": 120.8631, "month": 12, "species_sci": "Spilopelia chinensis", "species_com": "Spotted Dove" }, "geometry": { "type": "Point", "coordinates": [ 120.8631, 24.2419 ] } },
{ "type": "Feature", "properties": { "decimalLatitude": -6.8903, "decimalLongitude": 107.611, "month": 12, "species_sci": "Spilopelia chinensis", "species_com": "Spotted Dove" }, "geometry": { "type": "Point", "coordinates": [ 107.611, -6.8903 ] } },
{ "type": "Feature", "properties": { "decimalLatitude": 9.3717, "decimalLongitude": 124.7496, "month": 12, "species_sci": "Spilopelia chinensis", "species_com": "Spotted Dove" }, "geometry": { "type": "Point", "coordinates": [ 124.7496, 9.3717 ] } },
{ "type": "Feature", "properties": { "decimalLatitude": -36.7017, "decimalLongitude": 144.334, "month": 12, "species_sci": "Spilopelia chinensis", "species_com": "Spotted Dove" }, "geometry": { "type": "Point", "coordinates": [ 144.334, -36.7017 ] } },
{ "type": "Feature", "properties": { "decimalLatitude": -37.9822, "decimalLongitude": 146.7821, "month": 12, "species_sci": "Spilopelia chinensis", "species_com": "Spotted Dove" }, "geometry": { "type": "Point", "coordinates": [ 146.7821, -37.9822 ] } },
{ "type": "Feature", "properties": { "decimalLatitude": 40.0164, "decimalLongitude": 116.3856, "month": 12, "species_sci": "Spilopelia chinensis", "species_com": "Spotted Dove" }, "geometry": { "type": "Point", "coordinates": [ 116.3856, 40.0164 ] } },
{ "type": "Feature", "properties": { "decimalLatitude": 17.4335, "decimalLongitude": 104.7617, "month": 12, "species_sci": "Spilopelia chinensis", "species_com": "Spotted Dove" }, "geometry": { "type": "Point", "coordinates": [ 104.7617, 17.4335 ] } },
{ "type": "Feature", "properties": { "decimalLatitude": 24.1381, "decimalLongitude": 120.6834, "month": 12, "species_sci": "Spilopelia chinensis", "species_com": "Spotted Dove" }, "geometry": { "type": "Point", "coordinates": [ 120.6834, 24.1381 ] } },
{ "type": "Feature", "properties": { "decimalLatitude": 22.5927, "decimalLongitude": 113.8534, "month": 12, "species_sci": "Spilopelia chinensis", "species_com": "Spotted Dove" }, "geometry": { "type": "Point", "coordinates": [ 113.8534, 22.5927 ] } },
{ "type": "Feature", "properties": { "decimalLatitude": -34.8326, "decimalLongitude": 150.5989, "month": 12, "species_sci": "Spilopelia chinensis", "species_com": "Spotted Dove" }, "geometry": { "type": "Point", "coordinates": [ 150.5989, -34.8326 ] } },
{ "type": "Feature", "properties": { "decimalLatitude": -28.6067, "decimalLongitude": 150.3554, "month": 12, "species_sci": "Spilopelia chinensis", "species_com": "Spotted Dove" }, "geometry": { "type": "Point", "coordinates": [ 150.3554, -28.6067 ] } },
{ "type": "Feature", "properties": { "decimalLatitude": 6.084, "decimalLongitude": 80.9343, "month": 12, "species_sci": "Spilopelia chinensis", "species_com": "Spotted Dove" }, "geometry": { "type": "Point", "coordinates": [ 80.9343, 6.084 ] } },
{ "type": "Feature", "properties": { "decimalLatitude": -38.1979, "decimalLongitude": 146.518, "month": 12, "species_sci": "Spilopelia chinensis", "species_com": "Spotted Dove" }, "geometry": { "type": "Point", "coordinates": [ 146.518, -38.1979 ] } },
{ "type": "Feature", "properties": { "decimalLatitude": 31.475, "decimalLongitude": 120.3725, "month": 12, "species_sci": "Spilopelia chinensis", "species_com": "Spotted Dove" }, "geometry": { "type": "Point", "coordinates": [ 120.3725, 31.475 ] } },
{ "type": "Feature", "properties": { "decimalLatitude": -37.8266, "decimalLongitude": 145.1623, "month": 12, "species_sci": "Spilopelia chinensis", "species_com": "Spotted Dove" }, "geometry": { "type": "Point", "coordinates": [ 145.1623, -37.8266 ] } },
{ "type": "Feature", "properties": { "decimalLatitude": 7.8393, "decimalLongitude": 98.3599, "month": 12, "species_sci": "Spilopelia chinensis", "species_com": "Spotted Dove" }, "geometry": { "type": "Point", "coordinates": [ 98.3599, 7.8393 ] } },
{ "type": "Feature", "properties": { "decimalLatitude": 18.787, "decimalLongitude": 98.9951, "month": 12, "species_sci": "Spilopelia chinensis", "species_com": "Spotted Dove" }, "geometry": { "type": "Point", "coordinates": [ 98.9951, 18.787 ] } },
{ "type": "Feature", "properties": { "decimalLatitude": -37.8295, "decimalLongitude": 144.9789, "month": 12, "species_sci": "Spilopelia chinensis", "species_com": "Spotted Dove" }, "geometry": { "type": "Point", "coordinates": [ 144.9789, -37.8295 ] } },
{ "type": "Feature", "properties": { "decimalLatitude": 10.7105, "decimalLongitude": 76.0058, "month": 12, "species_sci": "Spilopelia chinensis", "species_com": "Spotted Dove" }, "geometry": { "type": "Point", "coordinates": [ 76.0058, 10.7105 ] } },
{ "type": "Feature", "properties": { "decimalLatitude": 25.0596, "decimalLongitude": 121.5703, "month": 12, "species_sci": "Spilopelia chinensis", "species_com": "Spotted Dove" }, "geometry": { "type": "Point", "coordinates": [ 121.5703, 25.0596 ] } },
{ "type": "Feature", "properties": { "decimalLatitude": -37.8259, "decimalLongitude": 145.1633, "month": 12, "species_sci": "Spilopelia chinensis", "species_com": "Spotted Dove" }, "geometry": { "type": "Point", "coordinates": [ 145.1633, -37.8259 ] } },
{ "type": "Feature", "properties": { "decimalLatitude": 21.3139, "decimalLongitude": -157.6635, "month": 12, "species_sci": "Spilopelia chinensis", "species_com": "Spotted Dove" }, "geometry": { "type": "Point", "coordinates": [ -157.6635, 21.3139 ] } },
{ "type": "Feature", "properties": { "decimalLatitude": 22.5919, "decimalLongitude": 120.3355, "month": 12, "species_sci": "Spilopelia chinensis", "species_com": "Spotted Dove" }, "geometry": { "type": "Point", "coordinates": [ 120.3355, 22.5919 ] } },
{ "type": "Feature", "properties": { "decimalLatitude": 20.9069, "decimalLongitude": -156.2439, "month": 12, "species_sci": "Spilopelia chinensis", "species_com": "Spotted Dove" }, "geometry": { "type": "Point", "coordinates": [ -156.2439, 20.9069 ] } },
{ "type": "Feature", "properties": { "decimalLatitude": 22.2559, "decimalLongitude": 113.9077, "month": 12, "species_sci": "Spilopelia chinensis", "species_com": "Spotted Dove" }, "geometry": { "type": "Point", "coordinates": [ 113.9077, 22.2559 ] } },
{ "type": "Feature", "properties": { "decimalLatitude": -17.7768, "decimalLongitude": 177.1909, "month": 12, "species_sci": "Spilopelia chinensis", "species_com": "Spotted Dove" }, "geometry": { "type": "Point", "coordinates": [ 177.1909, -17.7768 ] } },
{ "type": "Feature", "properties": { "decimalLatitude": 12.9621, "decimalLongitude": 77.899, "month": 12, "species_sci": "Spilopelia chinensis", "species_com": "Spotted Dove" }, "geometry": { "type": "Point", "coordinates": [ 77.899, 12.9621 ] } },
{ "type": "Feature", "properties": { "decimalLatitude": 31.7708, "decimalLongitude": 120.3476, "month": 12, "species_sci": "Spilopelia chinensis", "species_com": "Spotted Dove" }, "geometry": { "type": "Point", "coordinates": [ 120.3476, 31.7708 ] } },
{ "type": "Feature", "properties": { "decimalLatitude": -38.1525, "decimalLongitude": 144.3793, "month": 12, "species_sci": "Spilopelia chinensis", "species_com": "Spotted Dove" }, "geometry": { "type": "Point", "coordinates": [ 144.3793, -38.1525 ] } },
{ "type": "Feature", "properties": { "decimalLatitude": -37.8277, "decimalLongitude": 145.1625, "month": 12, "species_sci": "Spilopelia chinensis", "species_com": "Spotted Dove" }, "geometry": { "type": "Point", "coordinates": [ 145.1625, -37.8277 ] } },
{ "type": "Feature", "properties": { "decimalLatitude": 8.6725, "decimalLongitude": 98.2783, "month": 12, "species_sci": "Spilopelia chinensis", "species_com": "Spotted Dove" }, "geometry": { "type": "Point", "coordinates": [ 98.2783, 8.6725 ] } },
{ "type": "Feature", "properties": { "decimalLatitude": -34.5984, "decimalLongitude": 150.8677, "month": 12, "species_sci": "Spilopelia chinensis", "species_com": "Spotted Dove" }, "geometry": { "type": "Point", "coordinates": [ 150.8677, -34.5984 ] } },
{ "type": "Feature", "properties": { "decimalLatitude": 39.9154, "decimalLongitude": 116.313, "month": 12, "species_sci": "Spilopelia chinensis", "species_com": "Spotted Dove" }, "geometry": { "type": "Point", "coordinates": [ 116.313, 39.9154 ] } },
{ "type": "Feature", "properties": { "decimalLatitude": 18.7858, "decimalLongitude": 98.9968, "month": 12, "species_sci": "Spilopelia chinensis", "species_com": "Spotted Dove" }, "geometry": { "type": "Point", "coordinates": [ 98.9968, 18.7858 ] } },
{ "type": "Feature", "properties": { "decimalLatitude": -37.9356, "decimalLongitude": 145.0465, "month": 12, "species_sci": "Spilopelia chinensis", "species_com": "Spotted Dove" }, "geometry": { "type": "Point", "coordinates": [ 145.0465, -37.9356 ] } },
{ "type": "Feature", "properties": { "decimalLatitude": 24.1211, "decimalLongitude": 120.6735, "month": 12, "species_sci": "Spilopelia chinensis", "species_com": "Spotted Dove" }, "geometry": { "type": "Point", "coordinates": [ 120.6735, 24.1211 ] } },
{ "type": "Feature", "properties": { "decimalLatitude": 21.5792, "decimalLongitude": -158.1059, "month": 12, "species_sci": "Spilopelia chinensis", "species_com": "Spotted Dove" }, "geometry": { "type": "Point", "coordinates": [ -158.1059, 21.5792 ] } },
{ "type": "Feature", "properties": { "decimalLatitude": 7.4915, "decimalLongitude": 99.345, "month": 12, "species_sci": "Spilopelia chinensis", "species_com": "Spotted Dove" }, "geometry": { "type": "Point", "coordinates": [ 99.345, 7.4915 ] } },
{ "type": "Feature", "properties": { "decimalLatitude": 24.3545, "decimalLongitude": 120.6464, "month": 12, "species_sci": "Spilopelia chinensis", "species_com": "Spotted Dove" }, "geometry": { "type": "Point", "coordinates": [ 120.6464, 24.3545 ] } },
{ "type": "Feature", "properties": { "decimalLatitude": 31.3168, "decimalLongitude": 121.5355, "month": 12, "species_sci": "Spilopelia chinensis", "species_com": "Spotted Dove" }, "geometry": { "type": "Point", "coordinates": [ 121.5355, 31.3168 ] } },
{ "type": "Feature", "properties": { "decimalLatitude": 8.659, "decimalLongitude": 98.2465, "month": 12, "species_sci": "Spilopelia chinensis", "species_com": "Spotted Dove" }, "geometry": { "type": "Point", "coordinates": [ 98.2465, 8.659 ] } },
{ "type": "Feature", "properties": { "decimalLatitude": 6.8868, "decimalLongitude": 79.9476, "month": 12, "species_sci": "Spilopelia chinensis", "species_com": "Spotted Dove" }, "geometry": { "type": "Point", "coordinates": [ 79.9476, 6.8868 ] } },
{ "type": "Feature", "properties": { "decimalLatitude": 35.9712, "decimalLongitude": 119.4166, "month": 12, "species_sci": "Spilopelia chinensis", "species_com": "Spotted Dove" }, "geometry": { "type": "Point", "coordinates": [ 119.4166, 35.9712 ] } },
{ "type": "Feature", "properties": { "decimalLatitude": 30.304, "decimalLongitude": 120.0635, "month": 12, "species_sci": "Spilopelia chinensis", "species_com": "Spotted Dove" }, "geometry": { "type": "Point", "coordinates": [ 120.0635, 30.304 ] } },
{ "type": "Feature", "properties": { "decimalLatitude": 21.3099, "decimalLongitude": -157.8581, "month": 12, "species_sci": "Spilopelia chinensis", "species_com": "Spotted Dove" }, "geometry": { "type": "Point", "coordinates": [ -157.8581, 21.3099 ] } },
{ "type": "Feature", "properties": { "decimalLatitude": 2.6081, "decimalLongitude": 98.6899, "month": 12, "species_sci": "Spilopelia chinensis", "species_com": "Spotted Dove" }, "geometry": { "type": "Point", "coordinates": [ 98.6899, 2.6081 ] } },
{ "type": "Feature", "properties": { "decimalLatitude": 37.8749, "decimalLongitude": 112.5274, "month": 12, "species_sci": "Spilopelia chinensis", "species_com": "Spotted Dove" }, "geometry": { "type": "Point", "coordinates": [ 112.5274, 37.8749 ] } },
{ "type": "Feature", "properties": { "decimalLatitude": 18.4868, "decimalLongitude": 98.6802, "month": 12, "species_sci": "Spilopelia chinensis", "species_com": "Spotted Dove" }, "geometry": { "type": "Point", "coordinates": [ 98.6802, 18.4868 ] } },
{ "type": "Feature", "properties": { "decimalLatitude": 1.3331, "decimalLongitude": 103.7281, "month": 12, "species_sci": "Spilopelia chinensis", "species_com": "Spotted Dove" }, "geometry": { "type": "Point", "coordinates": [ 103.7281, 1.3331 ] } },
{ "type": "Feature", "properties": { "decimalLatitude": 3.0408, "decimalLongitude": 101.8043, "month": 12, "species_sci": "Spilopelia chinensis", "species_com": "Spotted Dove" }, "geometry": { "type": "Point", "coordinates": [ 101.8043, 3.0408 ] } },
{ "type": "Feature", "properties": { "decimalLatitude": -34.4101, "decimalLongitude": 150.8753, "month": 12, "species_sci": "Spilopelia chinensis", "species_com": "Spotted Dove" }, "geometry": { "type": "Point", "coordinates": [ 150.8753, -34.4101 ] } },
{ "type": "Feature", "properties": { "decimalLatitude": 8.6307, "decimalLongitude": 98.2455, "month": 12, "species_sci": "Spilopelia chinensis", "species_com": "Spotted Dove" }, "geometry": { "type": "Point", "coordinates": [ 98.2455, 8.6307 ] } },
{ "type": "Feature", "properties": { "decimalLatitude": 22.64, "decimalLongitude": 120.3462, "month": 12, "species_sci": "Spilopelia chinensis", "species_com": "Spotted Dove" }, "geometry": { "type": "Point", "coordinates": [ 120.3462, 22.64 ] } },
{ "type": "Feature", "properties": { "decimalLatitude": -37.8923, "decimalLongitude": 145.1125, "month": 12, "species_sci": "Spilopelia chinensis", "species_com": "Spotted Dove" }, "geometry": { "type": "Point", "coordinates": [ 145.1125, -37.8923 ] } },
{ "type": "Feature", "properties": { "decimalLatitude": 8.4289, "decimalLongitude": 98.4719, "month": 12, "species_sci": "Spilopelia chinensis", "species_com": "Spotted Dove" }, "geometry": { "type": "Point", "coordinates": [ 98.4719, 8.4289 ] } },
{ "type": "Feature", "properties": { "decimalLatitude": 26.1009, "decimalLongitude": 119.3239, "month": 12, "species_sci": "Spilopelia chinensis", "species_com": "Spotted Dove" }, "geometry": { "type": "Point", "coordinates": [ 119.3239, 26.1009 ] } },
{ "type": "Feature", "properties": { "decimalLatitude": -27.5597, "decimalLongitude": 152.8791, "month": 12, "species_sci": "Spilopelia chinensis", "species_com": "Spotted Dove" }, "geometry": { "type": "Point", "coordinates": [ 152.8791, -27.5597 ] } },
{ "type": "Feature", "properties": { "decimalLatitude": 11.5978, "decimalLongitude": 78.1116, "month": 12, "species_sci": "Spilopelia chinensis", "species_com": "Spotted Dove" }, "geometry": { "type": "Point", "coordinates": [ 78.1116, 11.5978 ] } },
{ "type": "Feature", "properties": { "decimalLatitude": 29.246, "decimalLongitude": 117.8803, "month": 12, "species_sci": "Spilopelia chinensis", "species_com": "Spotted Dove" }, "geometry": { "type": "Point", "coordinates": [ 117.8803, 29.246 ] } },
{ "type": "Feature", "properties": { "decimalLatitude": -36.4759, "decimalLongitude": 174.4532, "month": 12, "species_sci": "Spilopelia chinensis", "species_com": "Spotted Dove" }, "geometry": { "type": "Point", "coordinates": [ 174.4532, -36.4759 ] } },
{ "type": "Feature", "properties": { "decimalLatitude": 30.9236, "decimalLongitude": 121.4612, "month": 12, "species_sci": "Spilopelia chinensis", "species_com": "Spotted Dove" }, "geometry": { "type": "Point", "coordinates": [ 121.4612, 30.9236 ] } },
{ "type": "Feature", "properties": { "decimalLatitude": 22.6701, "decimalLongitude": 120.3029, "month": 12, "species_sci": "Spilopelia chinensis", "species_com": "Spotted Dove" }, "geometry": { "type": "Point", "coordinates": [ 120.3029, 22.6701 ] } },
{ "type": "Feature", "properties": { "decimalLatitude": 32.0778, "decimalLongitude": 118.8299, "month": 12, "species_sci": "Spilopelia chinensis", "species_com": "Spotted Dove" }, "geometry": { "type": "Point", "coordinates": [ 118.8299, 32.0778 ] } },
{ "type": "Feature", "properties": { "decimalLatitude": 22.4281, "decimalLongitude": 89.4508, "month": 12, "species_sci": "Spilopelia chinensis", "species_com": "Spotted Dove" }, "geometry": { "type": "Point", "coordinates": [ 89.4508, 22.4281 ] } },
{ "type": "Feature", "properties": { "decimalLatitude": 20.7496, "decimalLongitude": -156.4578, "month": 12, "species_sci": "Spilopelia chinensis", "species_com": "Spotted Dove" }, "geometry": { "type": "Point", "coordinates": [ -156.4578, 20.7496 ] } },
{ "type": "Feature", "properties": { "decimalLatitude": 17.4508, "decimalLongitude": 73.7078, "month": 12, "species_sci": "Spilopelia chinensis", "species_com": "Spotted Dove" }, "geometry": { "type": "Point", "coordinates": [ 73.7078, 17.4508 ] } },
{ "type": "Feature", "properties": { "decimalLatitude": 6.2928, "decimalLongitude": 81.4301, "month": 12, "species_sci": "Spilopelia chinensis", "species_com": "Spotted Dove" }, "geometry": { "type": "Point", "coordinates": [ 81.4301, 6.2928 ] } },
{ "type": "Feature", "properties": { "decimalLatitude": 8.0121, "decimalLongitude": 98.8399, "month": 12, "species_sci": "Spilopelia chinensis", "species_com": "Spotted Dove" }, "geometry": { "type": "Point", "coordinates": [ 98.8399, 8.0121 ] } },
{ "type": "Feature", "properties": { "decimalLatitude": 6.866, "decimalLongitude": 81.0615, "month": 12, "species_sci": "Spilopelia chinensis", "species_com": "Spotted Dove" }, "geometry": { "type": "Point", "coordinates": [ 81.0615, 6.866 ] } },
{ "type": "Feature", "properties": { "decimalLatitude": -37.6999, "decimalLongitude": 145.1543, "month": 12, "species_sci": "Spilopelia chinensis", "species_com": "Spotted Dove" }, "geometry": { "type": "Point", "coordinates": [ 145.1543, -37.6999 ] } },
{ "type": "Feature", "properties": { "decimalLatitude": -32.2527, "decimalLongitude": 115.8234, "month": 12, "species_sci": "Spilopelia chinensis", "species_com": "Spotted Dove" }, "geometry": { "type": "Point", "coordinates": [ 115.8234, -32.2527 ] } },
{ "type": "Feature", "properties": { "decimalLatitude": 15.868, "decimalLongitude": 80.499, "month": 12, "species_sci": "Spilopelia chinensis", "species_com": "Spotted Dove" }, "geometry": { "type": "Point", "coordinates": [ 80.499, 15.868 ] } },
{ "type": "Feature", "properties": { "decimalLatitude": -8.5859, "decimalLongitude": 115.2532, "month": 12, "species_sci": "Spilopelia chinensis", "species_com": "Spotted Dove" }, "geometry": { "type": "Point", "coordinates": [ 115.2532, -8.5859 ] } },
{ "type": "Feature", "properties": { "decimalLatitude": -29.4753, "decimalLongitude": 149.8454, "month": 12, "species_sci": "Spilopelia chinensis", "species_com": "Spotted Dove" }, "geometry": { "type": "Point", "coordinates": [ 149.8454, -29.4753 ] } },
{ "type": "Feature", "properties": { "decimalLatitude": -37.8807, "decimalLongitude": 145.1352, "month": 12, "species_sci": "Spilopelia chinensis", "species_com": "Spotted Dove" }, "geometry": { "type": "Point", "coordinates": [ 145.1352, -37.8807 ] } },
{ "type": "Feature", "properties": { "decimalLatitude": 21.0425, "decimalLongitude": 105.836, "month": 12, "species_sci": "Spilopelia chinensis", "species_com": "Spotted Dove" }, "geometry": { "type": "Point", "coordinates": [ 105.836, 21.0425 ] } },
{ "type": "Feature", "properties": { "decimalLatitude": 12.2721, "decimalLongitude": 76.6176, "month": 12, "species_sci": "Spilopelia chinensis", "species_com": "Spotted Dove" }, "geometry": { "type": "Point", "coordinates": [ 76.6176, 12.2721 ] } },
{ "type": "Feature", "properties": { "decimalLatitude": 2.6713, "decimalLongitude": 98.8531, "month": 12, "species_sci": "Spilopelia chinensis", "species_com": "Spotted Dove" }, "geometry": { "type": "Point", "coordinates": [ 98.8531, 2.6713 ] } },
{ "type": "Feature", "properties": { "decimalLatitude": -37.8259, "decimalLongitude": 145.1646, "month": 12, "species_sci": "Spilopelia chinensis", "species_com": "Spotted Dove" }, "geometry": { "type": "Point", "coordinates": [ 145.1646, -37.8259 ] } },
{ "type": "Feature", "properties": { "decimalLatitude": 8.6782, "decimalLongitude": 98.2717, "month": 12, "species_sci": "Spilopelia chinensis", "species_com": "Spotted Dove" }, "geometry": { "type": "Point", "coordinates": [ 98.2717, 8.6782 ] } },
{ "type": "Feature", "properties": { "decimalLatitude": 30.3645, "decimalLongitude": 119.8822, "month": 12, "species_sci": "Spilopelia chinensis", "species_com": "Spotted Dove" }, "geometry": { "type": "Point", "coordinates": [ 119.8822, 30.3645 ] } },
{ "type": "Feature", "properties": { "decimalLatitude": 18.7859, "decimalLongitude": 98.9968, "month": 12, "species_sci": "Spilopelia chinensis", "species_com": "Spotted Dove" }, "geometry": { "type": "Point", "coordinates": [ 98.9968, 18.7859 ] } },
{ "type": "Feature", "properties": { "decimalLatitude": -37.916, "decimalLongitude": 145.2794, "month": 12, "species_sci": "Spilopelia chinensis", "species_com": "Spotted Dove" }, "geometry": { "type": "Point", "coordinates": [ 145.2794, -37.916 ] } },
{ "type": "Feature", "properties": { "decimalLatitude": 19.7232, "decimalLongitude": -155.1363, "month": 12, "species_sci": "Spilopelia chinensis", "species_com": "Spotted Dove" }, "geometry": { "type": "Point", "coordinates": [ -155.1363, 19.7232 ] } },
{ "type": "Feature", "properties": { "decimalLatitude": -37.6366, "decimalLongitude": 145.2206, "month": 12, "species_sci": "Spilopelia chinensis", "species_com": "Spotted Dove" }, "geometry": { "type": "Point", "coordinates": [ 145.2206, -37.6366 ] } },
{ "type": "Feature", "properties": { "decimalLatitude": 25.0529, "decimalLongitude": 121.5112, "month": 12, "species_sci": "Spilopelia chinensis", "species_com": "Spotted Dove" }, "geometry": { "type": "Point", "coordinates": [ 121.5112, 25.0529 ] } },
{ "type": "Feature", "properties": { "decimalLatitude": 12.0623, "decimalLongitude": 107.1829, "month": 12, "species_sci": "Spilopelia chinensis", "species_com": "Spotted Dove" }, "geometry": { "type": "Point", "coordinates": [ 107.1829, 12.0623 ] } },
{ "type": "Feature", "properties": { "decimalLatitude": -34.4491, "decimalLongitude": 150.8279, "month": 12, "species_sci": "Spilopelia chinensis", "species_com": "Spotted Dove" }, "geometry": { "type": "Point", "coordinates": [ 150.8279, -34.4491 ] } },
{ "type": "Feature", "properties": { "decimalLatitude": 12.9502, "decimalLongitude": 77.7409, "month": 12, "species_sci": "Spilopelia chinensis", "species_com": "Spotted Dove" }, "geometry": { "type": "Point", "coordinates": [ 77.7409, 12.9502 ] } },
{ "type": "Feature", "properties": { "decimalLatitude": 40.0162, "decimalLongitude": 116.3844, "month": 12, "species_sci": "Spilopelia chinensis", "species_com": "Spotted Dove" }, "geometry": { "type": "Point", "coordinates": [ 116.3844, 40.0162 ] } },
{ "type": "Feature", "properties": { "decimalLatitude": 20.9152, "decimalLongitude": -156.3792, "month": 12, "species_sci": "Spilopelia chinensis", "species_com": "Spotted Dove" }, "geometry": { "type": "Point", "coordinates": [ -156.3792, 20.9152 ] } },
{ "type": "Feature", "properties": { "decimalLatitude": 1.3111, "decimalLongitude": 103.8147, "month": 12, "species_sci": "Spilopelia chinensis", "species_com": "Spotted Dove" }, "geometry": { "type": "Point", "coordinates": [ 103.8147, 1.3111 ] } },
{ "type": "Feature", "properties": { "decimalLatitude": -6.2761, "decimalLongitude": 106.78, "month": 12, "species_sci": "Spilopelia chinensis", "species_com": "Spotted Dove" }, "geometry": { "type": "Point", "coordinates": [ 106.78, -6.2761 ] } },
{ "type": "Feature", "properties": { "decimalLatitude": 23.1228, "decimalLongitude": 113.3242, "month": 12, "species_sci": "Spilopelia chinensis", "species_com": "Spotted Dove" }, "geometry": { "type": "Point", "coordinates": [ 113.3242, 23.1228 ] } },
{ "type": "Feature", "properties": { "decimalLatitude": 22.2863, "decimalLongitude": 114.2127, "month": 12, "species_sci": "Spilopelia chinensis", "species_com": "Spotted Dove" }, "geometry": { "type": "Point", "coordinates": [ 114.2127, 22.2863 ] } },
{ "type": "Feature", "properties": { "decimalLatitude": 22.983, "decimalLongitude": 116.3133, "month": 12, "species_sci": "Spilopelia chinensis", "species_com": "Spotted Dove" }, "geometry": { "type": "Point", "coordinates": [ 116.3133, 22.983 ] } },
{ "type": "Feature", "properties": { "decimalLatitude": -34.457, "decimalLongitude": 150.8389, "month": 12, "species_sci": "Spilopelia chinensis", "species_com": "Spotted Dove" }, "geometry": { "type": "Point", "coordinates": [ 150.8389, -34.457 ] } },
{ "type": "Feature", "properties": { "decimalLatitude": 4.5637, "decimalLongitude": 101.1153, "month": 12, "species_sci": "Spilopelia chinensis", "species_com": "Spotted Dove" }, "geometry": { "type": "Point", "coordinates": [ 101.1153, 4.5637 ] } },
{ "type": "Feature", "properties": { "decimalLatitude": -38.1365, "decimalLongitude": 145.8392, "month": 12, "species_sci": "Spilopelia chinensis", "species_com": "Spotted Dove" }, "geometry": { "type": "Point", "coordinates": [ 145.8392, -38.1365 ] } },
{ "type": "Feature", "properties": { "decimalLatitude": 13.0703, "decimalLongitude": 77.7695, "month": 12, "species_sci": "Spilopelia chinensis", "species_com": "Spotted Dove" }, "geometry": { "type": "Point", "coordinates": [ 77.7695, 13.0703 ] } },
{ "type": "Feature", "properties": { "decimalLatitude": 1.2944, "decimalLongitude": 103.8458, "month": 12, "species_sci": "Spilopelia chinensis", "species_com": "Spotted Dove" }, "geometry": { "type": "Point", "coordinates": [ 103.8458, 1.2944 ] } },
{ "type": "Feature", "properties": { "decimalLatitude": 8.6532, "decimalLongitude": 98.253, "month": 12, "species_sci": "Spilopelia chinensis", "species_com": "Spotted Dove" }, "geometry": { "type": "Point", "coordinates": [ 98.253, 8.6532 ] } },
{ "type": "Feature", "properties": { "decimalLatitude": 6.3297, "decimalLongitude": 81.4785, "month": 12, "species_sci": "Spilopelia chinensis", "species_com": "Spotted Dove" }, "geometry": { "type": "Point", "coordinates": [ 81.4785, 6.3297 ] } },
{ "type": "Feature", "properties": { "decimalLatitude": -37.8607, "decimalLongitude": 145.306, "month": 12, "species_sci": "Spilopelia chinensis", "species_com": "Spotted Dove" }, "geometry": { "type": "Point", "coordinates": [ 145.306, -37.8607 ] } },
{ "type": "Feature", "properties": { "decimalLatitude": 12.0172, "decimalLongitude": 102.292, "month": 12, "species_sci": "Spilopelia chinensis", "species_com": "Spotted Dove" }, "geometry": { "type": "Point", "coordinates": [ 102.292, 12.0172 ] } },
{ "type": "Feature", "properties": { "decimalLatitude": 22.3509, "decimalLongitude": 80.43, "month": 12, "species_sci": "Spilopelia chinensis", "species_com": "Spotted Dove" }, "geometry": { "type": "Point", "coordinates": [ 80.43, 22.3509 ] } },
{ "type": "Feature", "properties": { "decimalLatitude": 31.2428, "decimalLongitude": 121.4859, "month": 12, "species_sci": "Spilopelia chinensis", "species_com": "Spotted Dove" }, "geometry": { "type": "Point", "coordinates": [ 121.4859, 31.2428 ] } },
{ "type": "Feature", "properties": { "decimalLatitude": 23.2941, "decimalLongitude": 120.225, "month": 12, "species_sci": "Spilopelia chinensis", "species_com": "Spotted Dove" }, "geometry": { "type": "Point", "coordinates": [ 120.225, 23.2941 ] } },
{ "type": "Feature", "properties": { "decimalLatitude": 7.2597, "decimalLongitude": 80.62, "month": 12, "species_sci": "Spilopelia chinensis", "species_com": "Spotted Dove" }, "geometry": { "type": "Point", "coordinates": [ 80.62, 7.2597 ] } },
{ "type": "Feature", "properties": { "decimalLatitude": 30.9193, "decimalLongitude": 121.6484, "month": 12, "species_sci": "Spilopelia chinensis", "species_com": "Spotted Dove" }, "geometry": { "type": "Point", "coordinates": [ 121.6484, 30.9193 ] } },
{ "type": "Feature", "properties": { "decimalLatitude": 21.947, "decimalLongitude": 120.798, "month": 12, "species_sci": "Spilopelia chinensis", "species_com": "Spotted Dove" }, "geometry": { "type": "Point", "coordinates": [ 120.798, 21.947 ] } },
{ "type": "Feature", "properties": { "decimalLatitude": 3.1748, "decimalLongitude": 101.812, "month": 12, "species_sci": "Spilopelia chinensis", "species_com": "Spotted Dove" }, "geometry": { "type": "Point", "coordinates": [ 101.812, 3.1748 ] } },
{ "type": "Feature", "properties": { "decimalLatitude": 22.3543, "decimalLongitude": 114.1594, "month": 12, "species_sci": "Spilopelia chinensis", "species_com": "Spotted Dove" }, "geometry": { "type": "Point", "coordinates": [ 114.1594, 22.3543 ] } },
{ "type": "Feature", "properties": { "decimalLatitude": -36.72, "decimalLongitude": 174.5104, "month": 12, "species_sci": "Spilopelia chinensis", "species_com": "Spotted Dove" }, "geometry": { "type": "Point", "coordinates": [ 174.5104, -36.72 ] } },
{ "type": "Feature", "properties": { "decimalLatitude": -35.2584, "decimalLongitude": 139.4547, "month": 12, "species_sci": "Spilopelia chinensis", "species_com": "Spotted Dove" }, "geometry": { "type": "Point", "coordinates": [ 139.4547, -35.2584 ] } },
{ "type": "Feature", "properties": { "decimalLatitude": 21.0352, "decimalLongitude": 105.826, "month": 12, "species_sci": "Spilopelia chinensis", "species_com": "Spotted Dove" }, "geometry": { "type": "Point", "coordinates": [ 105.826, 21.0352 ] } },
{ "type": "Feature", "properties": { "decimalLatitude": -37.8415, "decimalLongitude": 145.1386, "month": 12, "species_sci": "Spilopelia chinensis", "species_com": "Spotted Dove" }, "geometry": { "type": "Point", "coordinates": [ 145.1386, -37.8415 ] } },
{ "type": "Feature", "properties": { "decimalLatitude": 31.4534, "decimalLongitude": 121.5884, "month": 12, "species_sci": "Spilopelia chinensis", "species_com": "Spotted Dove" }, "geometry": { "type": "Point", "coordinates": [ 121.5884, 31.4534 ] } },
{ "type": "Feature", "properties": { "decimalLatitude": 6.2953, "decimalLongitude": 99.7005, "month": 12, "species_sci": "Spilopelia chinensis", "species_com": "Spotted Dove" }, "geometry": { "type": "Point", "coordinates": [ 99.7005, 6.2953 ] } },
{ "type": "Feature", "properties": { "decimalLatitude": -34.4101, "decimalLongitude": 150.8753, "month": 12, "species_sci": "Spilopelia chinensis", "species_com": "Spotted Dove" }, "geometry": { "type": "Point", "coordinates": [ 150.8753, -34.4101 ] } },
{ "type": "Feature", "properties": { "decimalLatitude": 22.2771, "decimalLongitude": 114.2411, "month": 12, "species_sci": "Spilopelia chinensis", "species_com": "Spotted Dove" }, "geometry": { "type": "Point", "coordinates": [ 114.2411, 22.2771 ] } },
{ "type": "Feature", "properties": { "decimalLatitude": 40.0056, "decimalLongitude": 116.3234, "month": 12, "species_sci": "Spilopelia chinensis", "species_com": "Spotted Dove" }, "geometry": { "type": "Point", "coordinates": [ 116.3234, 40.0056 ] } },
{ "type": "Feature", "properties": { "decimalLatitude": 30.6627, "decimalLongitude": 104.089, "month": 12, "species_sci": "Spilopelia chinensis", "species_com": "Spotted Dove" }, "geometry": { "type": "Point", "coordinates": [ 104.089, 30.6627 ] } },
{ "type": "Feature", "properties": { "decimalLatitude": 31.4756, "decimalLongitude": 120.373, "month": 12, "species_sci": "Spilopelia chinensis", "species_com": "Spotted Dove" }, "geometry": { "type": "Point", "coordinates": [ 120.373, 31.4756 ] } },
{ "type": "Feature", "properties": { "decimalLatitude": 21.2784, "decimalLongitude": -157.8232, "month": 12, "species_sci": "Spilopelia chinensis", "species_com": "Spotted Dove" }, "geometry": { "type": "Point", "coordinates": [ -157.8232, 21.2784 ] } },
{ "type": "Feature", "properties": { "decimalLatitude": 10.8045, "decimalLongitude": 78.761, "month": 12, "species_sci": "Spilopelia chinensis", "species_com": "Spotted Dove" }, "geometry": { "type": "Point", "coordinates": [ 78.761, 10.8045 ] } },
{ "type": "Feature", "properties": { "decimalLatitude": 8.605, "decimalLongitude": 98.9697, "month": 12, "species_sci": "Spilopelia chinensis", "species_com": "Spotted Dove" }, "geometry": { "type": "Point", "coordinates": [ 98.9697, 8.605 ] } },
{ "type": "Feature", "properties": { "decimalLatitude": -37.8587, "decimalLongitude": 144.9036, "month": 12, "species_sci": "Spilopelia chinensis", "species_com": "Spotted Dove" }, "geometry": { "type": "Point", "coordinates": [ 144.9036, -37.8587 ] } },
{ "type": "Feature", "properties": { "decimalLatitude": 31.1992, "decimalLongitude": 121.4471, "month": 12, "species_sci": "Spilopelia chinensis", "species_com": "Spotted Dove" }, "geometry": { "type": "Point", "coordinates": [ 121.4471, 31.1992 ] } },
{ "type": "Feature", "properties": { "decimalLatitude": 1.4464, "decimalLongitude": 103.7276, "month": 12, "species_sci": "Spilopelia chinensis", "species_com": "Spotted Dove" }, "geometry": { "type": "Point", "coordinates": [ 103.7276, 1.4464 ] } },
{ "type": "Feature", "properties": { "decimalLatitude": 28.8456, "decimalLongitude": 116.4854, "month": 12, "species_sci": "Spilopelia chinensis", "species_com": "Spotted Dove" }, "geometry": { "type": "Point", "coordinates": [ 116.4854, 28.8456 ] } },
{ "type": "Feature", "properties": { "decimalLatitude": 12.278, "decimalLongitude": 76.6184, "month": 12, "species_sci": "Spilopelia chinensis", "species_com": "Spotted Dove" }, "geometry": { "type": "Point", "coordinates": [ 76.6184, 12.278 ] } },
{ "type": "Feature", "properties": { "decimalLatitude": 12.8478, "decimalLongitude": 99.5222, "month": 12, "species_sci": "Spilopelia chinensis", "species_com": "Spotted Dove" }, "geometry": { "type": "Point", "coordinates": [ 99.5222, 12.8478 ] } },
{ "type": "Feature", "properties": { "decimalLatitude": 35.9712, "decimalLongitude": 119.4166, "month": 12, "species_sci": "Spilopelia chinensis", "species_com": "Spotted Dove" }, "geometry": { "type": "Point", "coordinates": [ 119.4166, 35.9712 ] } },
{ "type": "Feature", "properties": { "decimalLatitude": -36.3944, "decimalLongitude": 145.3983, "month": 12, "species_sci": "Spilopelia chinensis", "species_com": "Spotted Dove" }, "geometry": { "type": "Point", "coordinates": [ 145.3983, -36.3944 ] } },
{ "type": "Feature", "properties": { "decimalLatitude": -37.8259, "decimalLongitude": 145.1633, "month": 12, "species_sci": "Spilopelia chinensis", "species_com": "Spotted Dove" }, "geometry": { "type": "Point", "coordinates": [ 145.1633, -37.8259 ] } },
{ "type": "Feature", "properties": { "decimalLatitude": 35.966, "decimalLongitude": 119.423, "month": 12, "species_sci": "Spilopelia chinensis", "species_com": "Spotted Dove" }, "geometry": { "type": "Point", "coordinates": [ 119.423, 35.966 ] } },
{ "type": "Feature", "properties": { "decimalLatitude": 23.7038, "decimalLongitude": 120.3126, "month": 12, "species_sci": "Spilopelia chinensis", "species_com": "Spotted Dove" }, "geometry": { "type": "Point", "coordinates": [ 120.3126, 23.7038 ] } }
]
}
