{
"type": "FeatureCollection",
"name": "Threskiornis_molucca_points",
"crs": { "type": "name", "properties": { "name": "urn:ogc:def:crs:OGC:1.3:CRS84" } },
"features": [
{ "type": "Feature", "properties": { "decimalLatitude": -30.467, "decimalLongitude": 153.0434, "month": 1, "species_sci": "Threskiornis molucca", "species_com": "Australian White Ibis" }, "geometry": { "type": "Point", "coordinates": [ 153.0434, -30.467 ] } },
{ "type": "Feature", "properties": { "decimalLatitude": -27.3449, "decimalLongitude": 153.0962, "month": 1, "species_sci": "Threskiornis molucca", "species_com": "Australian White Ibis" }, "geometry": { "type": "Point", "coordinates": [ 153.0962, -27.3449 ] } },
{ "type": "Feature", "properties": { "decimalLatitude": -38.4559, "decimalLongitude": 145.2221, "month": 1, "species_sci": "Threskiornis molucca", "species_com": "Australian White Ibis" }, "geometry": { "type": "Point", "coordinates": [ 145.2221, -38.4559 ] } },
{ "type": "Feature", "properties": { "decimalLatitude": -27.4984, "decimalLongitude": 153.0171, "month": 1, "species_sci": "Threskiornis molucca", "species_com": "Australian White Ibis" }, "geometry": { "type": "Point", "coordinates": [ 153.0171, -27.4984 ] } },
{ "type": "Feature", "properties": { "decimalLatitude": -33.9174, "decimalLongitude": 151.2277, "month": 1, "species_sci": "Threskiornis molucca", "species_com": "Australian White Ibis" }, "geometry": { "type": "Point", "coordinates": [ 151.2277, -33.9174 ] } },
{ "type": "Feature", "properties": { "decimalLatitude": -27.4971, "decimalLongitude": 153.015, "month": 1, "species_sci": "Threskiornis molucca", "species_com": "Australian White Ibis" }, "geometry": { "type": "Point", "coordinates": [ 153.015, -27.4971 ] } },
{ "type": "Feature", "properties": { "decimalLatitude": -34.9979, "decimalLongitude": 138.5467, "month": 1, "species_sci": "Threskiornis molucca", "species_com": "Australian White Ibis" }, "geometry": { "type": "Point", "coordinates": [ 138.5467, -34.9979 ] } },
{ "type": "Feature", "properties": { "decimalLatitude": -36.3176, "decimalLongitude": 146.8302, "month": 1, "species_sci": "Threskiornis molucca", "species_com": "Australian White Ibis" }, "geometry": { "type": "Point", "coordinates": [ 146.8302, -36.3176 ] } },
{ "type": "Feature", "properties": { "decimalLatitude": -34.9937, "decimalLongitude": 117.9457, "month": 1, "species_sci": "Threskiornis molucca", "species_com": "Australian White Ibis" }, "geometry": { "type": "Point", "coordinates": [ 117.9457, -34.9937 ] } },
{ "type": "Feature", "properties": { "decimalLatitude": -36.1576, "decimalLongitude": 146.8763, "month": 1, "species_sci": "Threskiornis molucca", "species_com": "Australian White Ibis" }, "geometry": { "type": "Point", "coordinates": [ 146.8763, -36.1576 ] } },
{ "type": "Feature", "properties": { "decimalLatitude": -27.4977, "decimalLongitude": 153.0111, "month": 1, "species_sci": "Threskiornis molucca", "species_com": "Australian White Ibis" }, "geometry": { "type": "Point", "coordinates": [ 153.0111, -27.4977 ] } },
{ "type": "Feature", "properties": { "decimalLatitude": -33.8663, "decimalLongitude": 151.2168, "month": 1, "species_sci": "Threskiornis molucca", "species_com": "Australian White Ibis" }, "geometry": { "type": "Point", "coordinates": [ 151.2168, -33.8663 ] } },
{ "type": "Feature", "properties": { "decimalLatitude": -33.1075, "decimalLongitude": 151.4846, "month": 1, "species_sci": "Threskiornis molucca", "species_com": "Australian White Ibis" }, "geometry": { "type": "Point", "coordinates": [ 151.4846, -33.1075 ] } },
{ "type": "Feature", "properties": { "decimalLatitude": -27.5656, "decimalLongitude": 153.1023, "month": 1, "species_sci": "Threskiornis molucca", "species_com": "Australian White Ibis" }, "geometry": { "type": "Point", "coordinates": [ 153.1023, -27.5656 ] } },
{ "type": "Feature", "properties": { "decimalLatitude": -25.5331, "decimalLongitude": 152.6862, "month": 1, "species_sci": "Threskiornis molucca", "species_com": "Australian White Ibis" }, "geometry": { "type": "Point", "coordinates": [ 152.6862, -25.5331 ] } },
{ "type": "Feature", "properties": { "decimalLatitude": -27.4723, "decimalLongitude": 153.0181, "month": 1, "species_sci": "Threskiornis molucca", "species_com": "Australian White Ibis" }, "geometry": { "type": "Point", "coordinates": [ 153.0181, -27.4723 ] } },
{ "type": "Feature", "properties": { "decimalLatitude": -37.8303, "decimalLongitude": 144.9098, "month": 1, "species_sci": "Threskiornis molucca", "species_com": "Australian White Ibis" }, "geometry": { "type": "Point", "coordinates": [ 144.9098, -37.8303 ] } },
{ "type": "Feature", "properties": { "decimalLatitude": -33.9424, "decimalLongitude": 150.852, "month": 1, "species_sci": "Threskiornis molucca", "species_com": "Australian White Ibis" }, "geometry": { "type": "Point", "coordinates": [ 150.852, -33.9424 ] } },
{ "type": "Feature", "properties": { "decimalLatitude": -27.4685, "decimalLongitude": 153.0239, "month": 1, "species_sci": "Threskiornis molucca", "species_com": "Australian White Ibis" }, "geometry": { "type": "Point", "coordinates": [ 153.0239, -27.4685 ] } },
{ "type": "Feature", "properties": { "decimalLatitude": -27.4847, "decimalLongitude": 153.1147, "month": 1, "species_sci": "Threskiornis molucca", "species_com": "Australian White Ibis" }, "geometry": { "type": "Point", "coordinates": [ 153.1147, -27.4847 ] } },
{ "type": "Feature", "properties": { "decimalLatitude": -33.7222, "decimalLongitude": 150.6985, "month": 1, "species_sci": "Threskiornis molucca", "species_com": "Australian White Ibis" }, "geometry": { "type": "Point", "coordinates": [ 150.6985, -33.7222 ] } },
{ "type": "Feature", "properties": { "decimalLatitude": -19.2517, "decimalLongitude": 146.8097, "month": 1, "species_sci": "Threskiornis molucca", "species_com": "Australian White Ibis" }, "geometry": { "type": "Point", "coordinates": [ 146.8097, -19.2517 ] } },
{ "type": "Feature", "properties": { "decimalLatitude": -34.9556, "decimalLongitude": 138.534, "month": 1, "species_sci": "Threskiornis molucca", "species_com": "Australian White Ibis" }, "geometry": { "type": "Point", "coordinates": [ 138.534, -34.9556 ] } },
{ "type": "Feature", "properties": { "decimalLatitude": -37.8302, "decimalLongitude": 144.9099, "month": 1, "species_sci": "Threskiornis molucca", "species_com": "Australian White Ibis" }, "geometry": { "type": "Point", "coordinates": [ 144.9099, -37.8302 ] } },
{ "type": "Feature", "properties": { "decimalLatitude": -33.6536, "decimalLongitude": 115.35, "month": 1, "species_sci": "Threskiornis molucca", "species_com": "Australian White Ibis" }, "geometry": { "type": "Point", "coordinates": [ 115.35, -33.6536 ] } },
{ "type": "Feature", "properties": { "decimalLatitude": -31.9288, "decimalLongitude": 115.8069, "month": 1, "species_sci": "Threskiornis molucca", "species_com": "Australian White Ibis" }, "geometry": { "type": "Point", "coordinates": [ 115.8069, -31.9288 ] } },
{ "type": "Feature", "properties": { "decimalLatitude": -27.564, "decimalLongitude": 153.0932, "month": 1, "species_sci": "Threskiornis molucca", "species_com": "Australian White Ibis" }, "geometry": { "type": "Point", "coordinates": [ 153.0932, -27.564 ] } },
{ "type": "Feature", "properties": { "decimalLatitude": -26.2156, "decimalLongitude": 152.6848, "month": 1, "species_sci": "Threskiornis molucca", "species_com": "Australian White Ibis" }, "geometry": { "type": "Point", "coordinates": [ 152.6848, -26.2156 ] } },
{ "type": "Feature", "properties": { "decimalLatitude": -34.6469, "decimalLongitude": 150.8183, "month": 1, "species_sci": "Threskiornis molucca", "species_com": "Australian White Ibis" }, "geometry": { "type": "Point", "coordinates": [ 150.8183, -34.6469 ] } },
{ "type": "Feature", "properties": { "decimalLatitude": -27.4537, "decimalLongitude": 153.1009, "month": 1, "species_sci": "Threskiornis molucca", "species_com": "Australian White Ibis" }, "geometry": { "type": "Point", "coordinates": [ 153.1009, -27.4537 ] } },
{ "type": "Feature", "properties": { "decimalLatitude": -34.1141, "decimalLongitude": 142.0998, "month": 1, "species_sci": "Threskiornis molucca", "species_com": "Australian White Ibis" }, "geometry": { "type": "Point", "coordinates": [ 142.0998, -34.1141 ] } },
{ "type": "Feature", "properties": { "decimalLatitude": -33.936, "decimalLongitude": 151.1654, "month": 1, "species_sci": "Threskiornis molucca", "species_com": "Australian White Ibis" }, "geometry": { "type": "Point", "coordinates": [ 151.1654, -33.936 ] } },
{ "type": "Feature", "properties": { "decimalLatitude": -35.3679, "decimalLongitude": 139.1431, "month": 1, "species_sci": "Threskiornis molucca", "species_com": "Australian White Ibis" }, "geometry": { "type": "Point", "coordinates": [ 139.1431, -35.3679 ] } },
{ "type": "Feature", "properties": { "decimalLatitude": -28.2837, "decimalLongitude": 153.5225, "month": 1, "species_sci": "Threskiornis molucca", "species_com": "Australian White Ibis" }, "geometry": { "type": "Point", "coordinates": [ 153.5225, -28.2837 ] } },
{ "type": "Feature", "properties": { "decimalLatitude": -38.1158, "decimalLongitude": 147.0743, "month": 1, "species_sci": "Threskiornis molucca", "species_com": "Australian White Ibis" }, "geometry": { "type": "Point", "coordinates": [ 147.0743, -38.1158 ] } },
{ "type": "Feature", "properties": { "decimalLatitude": -34.0176, "decimalLongitude": 151.1257, "month": 1, "species_sci": "Threskiornis molucca", "species_com": "Australian White Ibis" }, "geometry": { "type": "Point", "coordinates": [ 151.1257, -34.0176 ] } },
{ "type": "Feature", "properties": { "decimalLatitude": -33.9042, "decimalLongitude": 151.2672, "month": 1, "species_sci": "Threskiornis molucca", "species_com": "Australian White Ibis" }, "geometry": { "type": "Point", "coordinates": [ 151.2672, -33.9042 ] } },
{ "type": "Feature", "properties": { "decimalLatitude": -34.2115, "decimalLongitude": 140.7526, "month": 1, "species_sci": "Threskiornis molucca", "species_com": "Australian White Ibis" }, "geometry": { "type": "Point", "coordinates": [ 140.7526, -34.2115 ] } },
{ "type": "Feature", "properties": { "decimalLatitude": -37.8248, "decimalLongitude": 145.1653, "month": 1, "species_sci": "Threskiornis molucca", "species_com": "Australian White Ibis" }, "geometry": { "type": "Point", "coordinates": [ 145.1653, -37.8248 ] } },
{ "type": "Feature", "properties": { "decimalLatitude": -37.6825, "decimalLongitude": 145.5319, "month": 1, "species_sci": "Threskiornis molucca", "species_com": "Australian White Ibis" }, "geometry": { "type": "Point", "coordinates": [ 145.5319, -37.6825 ] } },
{ "type": "Feature", "properties": { "decimalLatitude": -20.3075, "decimalLongitude": 118.6084, "month": 1, "species_sci": "Threskiornis molucca", "species_com": "Australian White Ibis" }, "geometry": { "type": "Point", "coordinates": [ 118.6084, -20.3075 ] } },
{ "type": "Feature", "properties": { "decimalLatitude": -37.8249, "decimalLongitude": 145.1636, "month": 1, "species_sci": "Threskiornis molucca", "species_com": "Australian White Ibis" }, "geometry": { "type": "Point", "coordinates": [ 145.1636, -37.8249 ] } },
{ "type": "Feature", "properties": { "decimalLatitude": -28.1397, "decimalLongitude": 153.4842, "month": 1, "species_sci": "Threskiornis molucca", "species_com": "Australian White Ibis" }, "geometry": { "type": "Point", "coordinates": [ 153.4842, -28.1397 ] } },
{ "type": "Feature", "properties": { "decimalLatitude": -27.3417, "decimalLongitude": 153.0955, "month": 1, "species_sci": "Threskiornis molucca", "species_com": "Australian White Ibis" }, "geometry": { "type": "Point", "coordinates": [ 153.0955, -27.3417 ] } },
{ "type": "Feature", "properties": { "decimalLatitude": -34.5344, "decimalLongitude": 150.7921, "month": 1, "species_sci": "Threskiornis molucca", "species_com": "Australian White Ibis" }, "geometry": { "type": "Point", "coordinates": [ 150.7921, -34.5344 ] } },
{ "type": "Feature", "properties": { "decimalLatitude": -33.8664, "decimalLongitude": 151.217, "month": 1, "species_sci": "Threskiornis molucca", "species_com": "Australian White Ibis" }, "geometry": { "type": "Point", "coordinates": [ 151.217, -33.8664 ] } },
{ "type": "Feature", "properties": { "decimalLatitude": -27.3823, "decimalLongitude": 153.0445, "month": 1, "species_sci": "Threskiornis molucca", "species_com": "Australian White Ibis" }, "geometry": { "type": "Point", "coordinates": [ 153.0445, -27.3823 ] } },
{ "type": "Feature", "properties": { "decimalLatitude": -33.2977, "decimalLongitude": 151.4274, "month": 1, "species_sci": "Threskiornis molucca", "species_com": "Australian White Ibis" }, "geometry": { "type": "Point", "coordinates": [ 151.4274, -33.2977 ] } },
{ "type": "Feature", "properties": { "decimalLatitude": -33.9424, "decimalLongitude": 150.852, "month": 1, "species_sci": "Threskiornis molucca", "species_com": "Australian White Ibis" }, "geometry": { "type": "Point", "coordinates": [ 150.852, -33.9424 ] } },
{ "type": "Feature", "properties": { "decimalLatitude": -33.9095, "decimalLongitude": 150.9513, "month": 1, "species_sci": "Threskiornis molucca", "species_com": "Australian White Ibis" }, "geometry": { "type": "Point", "coordinates": [ 150.9513, -33.9095 ] } },
{ "type": "Feature", "properties": { "decimalLatitude": -35.0257, "decimalLongitude": 149.2698, "month": 1, "species_sci": "Threskiornis molucca", "species_com": "Australian White Ibis" }, "geometry": { "type": "Point", "coordinates": [ 149.2698, -35.0257 ] } },
{ "type": "Feature", "properties": { "decimalLatitude": -32.1547, "decimalLongitude": 115.8216, "month": 1, "species_sci": "Threskiornis molucca", "species_com": "Australian White Ibis" }, "geometry": { "type": "Point", "coordinates": [ 115.8216, -32.1547 ] } },
{ "type": "Feature", "properties": { "decimalLatitude": -33.8655, "decimalLongitude": 151.2156, "month": 1, "species_sci": "Threskiornis molucca", "species_com": "Australian White Ibis" }, "geometry": { "type": "Point", "coordinates": [ 151.2156, -33.8655 ] } },
{ "type": "Feature", "properties": { "decimalLatitude": -33.7256, "decimalLongitude": 150.6999, "month": 1, "species_sci": "Threskiornis molucca", "species_com": "Australian White Ibis" }, "geometry": { "type": "Point", "coordinates": [ 150.6999, -33.7256 ] } },
{ "type": "Feature", "properties": { "decimalLatitude": -34.8731, "decimalLongitude": 138.6895, "month": 1, "species_sci": "Threskiornis molucca", "species_com": "Australian White Ibis" }, "geometry": { "type": "Point", "coordinates": [ 138.6895, -34.8731 ] } },
{ "type": "Feature", "properties": { "decimalLatitude": -38.1761, "decimalLongitude": 144.3542, "month": 1, "species_sci": "Threskiornis molucca", "species_com": "Australian White Ibis" }, "geometry": { "type": "Point", "coordinates": [ 144.3542, -38.1761 ] } },
{ "type": "Feature", "properties": { "decimalLatitude": -38.4165, "decimalLongitude": 145.0792, "month": 1, "species_sci": "Threskiornis molucca", "species_com": "Australian White Ibis" }, "geometry": { "type": "Point", "coordinates": [ 145.0792, -38.4165 ] } },
{ "type": "Feature", "properties": { "decimalLatitude": -32.8962, "decimalLongitude": 151.6734, "month": 1, "species_sci": "Threskiornis molucca", "species_com": "Australian White Ibis" }, "geometry": { "type": "Point", "coordinates": [ 151.6734, -32.8962 ] } },
{ "type": "Feature", "properties": { "decimalLatitude": -25.2559, "decimalLongitude": 152.6884, "month": 1, "species_sci": "Threskiornis molucca", "species_com": "Australian White Ibis" }, "geometry": { "type": "Point", "coordinates": [ 152.6884, -25.2559 ] } },
{ "type": "Feature", "properties": { "decimalLatitude": -37.7886, "decimalLongitude": 145.0435, "month": 1, "species_sci": "Threskiornis molucca", "species_com": "Australian White Ibis" }, "geometry": { "type": "Point", "coordinates": [ 145.0435, -37.7886 ] } },
{ "type": "Feature", "properties": { "decimalLatitude": -35.3166, "decimalLongitude": 149.162, "month": 1, "species_sci": "Threskiornis molucca", "species_com": "Australian White Ibis" }, "geometry": { "type": "Point", "coordinates": [ 149.162, -35.3166 ] } },
{ "type": "Feature", "properties": { "decimalLatitude": -27.6895, "decimalLongitude": 153.2332, "month": 1, "species_sci": "Threskiornis molucca", "species_com": "Australian White Ibis" }, "geometry": { "type": "Point", "coordinates": [ 153.2332, -27.6895 ] } },
{ "type": "Feature", "properties": { "decimalLatitude": -27.4349, "decimalLongitude": 153.1489, "month": 1, "species_sci": "Threskiornis molucca", "species_com": "Australian White Ibis" }, "geometry": { "type": "Point", "coordinates": [ 153.1489, -27.4349 ] } },
{ "type": "Feature", "properties": { "decimalLatitude": -36.3607, "decimalLongitude": 146.6932, "month": 1, "species_sci": "Threskiornis molucca", "species_com": "Australian White Ibis" }, "geometry": { "type": "Point", "coordinates": [ 146.6932, -36.3607 ] } },
{ "type": "Feature", "properties": { "decimalLatitude": -37.925, "decimalLongitude": 144.6634, "month": 1, "species_sci": "Threskiornis molucca", "species_com": "Australian White Ibis" }, "geometry": { "type": "Point", "coordinates": [ 144.6634, -37.925 ] } },
{ "type": "Feature", "properties": { "decimalLatitude": -12.3797, "decimalLongitude": 130.8529, "month": 1, "species_sci": "Threskiornis molucca", "species_com": "Australian White Ibis" }, "geometry": { "type": "Point", "coordinates": [ 130.8529, -12.3797 ] } },
{ "type": "Feature", "properties": { "decimalLatitude": -33.8807, "decimalLongitude": 151.2079, "month": 1, "species_sci": "Threskiornis molucca", "species_com": "Australian White Ibis" }, "geometry": { "type": "Point", "coordinates": [ 151.2079, -33.8807 ] } },
{ "type": "Feature", "properties": { "decimalLatitude": -37.8257, "decimalLongitude": 145.1623, "month": 1, "species_sci": "Threskiornis molucca", "species_com": "Australian White Ibis" }, "geometry": { "type": "Point", "coordinates": [ 145.1623, -37.8257 ] } },
{ "type": "Feature", "properties": { "decimalLatitude": -36.1358, "decimalLongitude": 146.9519, "month": 1, "species_sci": "Threskiornis molucca", "species_com": "Australian White Ibis" }, "geometry": { "type": "Point", "coordinates": [ 146.9519, -36.1358 ] } },
{ "type": "Feature", "properties": { "decimalLatitude": -36.0862, "decimalLongitude": 146.8865, "month": 1, "species_sci": "Threskiornis molucca", "species_com": "Australian White Ibis" }, "geometry": { "type": "Point", "coordinates": [ 146.8865, -36.0862 ] } },
{ "type": "Feature", "properties": { "decimalLatitude": -38.3692, "decimalLongitude": 144.8952, "month": 1, "species_sci": "Threskiornis molucca", "species_com": "Australian White Ibis" }, "geometry": { "type": "Point", "coordinates": [ 144.8952, -38.3692 ] } },
{ "type": "Feature", "properties": { "decimalLatitude": -34.9332, "decimalLongitude": 138.5098, "month": 1, "species_sci": "Threskiornis molucca", "species_com": "Australian White Ibis" }, "geometry": { "type": "Point", "coordinates": [ 138.5098, -34.9332 ] } },
{ "type": "Feature", "properties": { "decimalLatitude": -33.9065, "decimalLongitude": 150.9714, "month": 1, "species_sci": "Threskiornis molucca", "species_com": "Australian White Ibis" }, "geometry": { "type": "Point", "coordinates": [ 150.9714, -33.9065 ] } },
{ "type": "Feature", "properties": { "decimalLatitude": -37.8428, "decimalLongitude": 144.9646, "month": 1, "species_sci": "Threskiornis molucca", "species_com": "Australian White Ibis" }, "geometry": { "type": "Point", "coordinates": [ 144.9646, -37.8428 ] } },
{ "type": "Feature", "properties": { "decimalLatitude": -34.9602, "decimalLongitude": 138.5336, "month": 1, "species_sci": "Threskiornis molucca", "species_com": "Australian White Ibis" }, "geometry": { "type": "Point", "coordinates": [ 138.5336, -34.9602 ] } },
{ "type": "Feature", "properties": { "decimalLatitude": -32.7006, "decimalLongitude": 115.7181, "month": 1, "species_sci": "Threskiornis molucca", "species_com": "Australian White Ibis" }, "geometry": { "type": "Point", "coordinates": [ 115.7181, -32.7006 ] } },
{ "type": "Feature", "properties": { "decimalLatitude": -38.0437, "decimalLongitude": 144.5226, "month": 1, "species_sci": "Threskiornis molucca", "species_com": "Australian White Ibis" }, "geometry": { "type": "Point", "coordinates": [ 144.5226, -38.0437 ] } },
{ "type": "Feature", "properties": { "decimalLatitude": -34.9344, "decimalLongitude": 138.5114, "month": 1, "species_sci": "Threskiornis molucca", "species_com": "Australian White Ibis" }, "geometry": { "type": "Point", "coordinates": [ 138.5114, -34.9344 ] } },
{ "type": "Feature", "properties": { "decimalLatitude": -27.4808, "decimalLongitude": 153.0221, "month": 1, "species_sci": "Threskiornis molucca", "species_com": "Australian White Ibis" }, "geometry": { "type": "Point", "coordinates": [ 153.0221, -27.4808 ] } },
{ "type": "Feature", "properties": { "decimalLatitude": -34.9394, "decimalLongitude": 150.7744, "month": 1, "species_sci": "Threskiornis molucca", "species_com": "Australian White Ibis" }, "geometry": { "type": "Point", "coordinates": [ 150.7744, -34.9394 ] } },
{ "type": "Feature", "properties": { "decimalLatitude": -30.5113, "decimalLongitude": 151.6694, "month": 1, "species_sci": "Threskiornis molucca", "species_com": "Australian White Ibis" }, "geometry": { "type": "Point", "coordinates": [ 151.6694, -30.5113 ] } },
{ "type": "Feature", "properties": { "decimalLatitude": -27.5641, "decimalLongitude": 153.0923, "month": 1, "species_sci": "Threskiornis molucca", "species_com": "Australian White Ibis" }, "geometry": { "type": "Point", "coordinates": [ 153.0923, -27.5641 ] } },
{ "type": "Feature", "properties": { "decimalLatitude": -27.9829, "decimalLongitude": 153.4291, "month": 1, "species_sci": "Threskiornis molucca", "species_com": "Australian White Ibis" }, "geometry": { "type": "Point", "coordinates": [ 153.4291, -27.9829 ] } },
{ "type": "Feature", "properties": { "decimalLatitude": -33.9586, "decimalLongitude": 151.1577, "month": 1, "species_sci": "Threskiornis molucca", "species_com": "Australian White Ibis" }, "geometry": { "type": "Point", "coordinates": [ 151.1577, -33.9586 ] } },
{ "type": "Feature", "properties": { "decimalLatitude": -27.4978, "decimalLongitude": 153.023, "month": 1, "species_sci": "Threskiornis molucca", "species_com": "Australian White Ibis" }, "geometry": { "type": "Point", "coordinates": [ 153.023, -27.4978 ] } },
{ "type": "Feature", "properties": { "decimalLatitude": -27.4478, "decimalLongitude": 153.1001, "month": 1, "species_sci": "Threskiornis molucca", "species_com": "Australian White Ibis" }, "geometry": { "type": "Point", "coordinates": [ 153.1001, -27.4478 ] } },
{ "type": "Feature", "properties": { "decimalLatitude": -27.4509, "decimalLongitude": 153.1874, "month": 1, "species_sci": "Threskiornis molucca", "species_com": "Australian White Ibis" }, "geometry": { "type": "Point", "coordinates": [ 153.1874, -27.4509 ] } },
{ "type": "Feature", "properties": { "decimalLatitude": -27.563, "decimalLongitude": 153.095, "month": 1, "species_sci": "Threskiornis molucca", "species_com": "Australian White Ibis" }, "geometry": { "type": "Point", "coordinates": [ 153.095, -27.563 ] } },
{ "type": "Feature", "properties": { "decimalLatitude": -36.115, "decimalLongitude": 146.8876, "month": 1, "species_sci": "Threskiornis molucca", "species_com": "Australian White Ibis" }, "geometry": { "type": "Point", "coordinates": [ 146.8876, -36.115 ] } },
{ "type": "Feature", "properties": { "decimalLatitude": -33.9425, "decimalLongitude": 150.852, "month": 1, "species_sci": "Threskiornis molucca", "species_com": "Australian White Ibis" }, "geometry": { "type": "Point", "coordinates": [ 150.852, -33.9425 ] } },
{ "type": "Feature", "properties": { "decimalLatitude": -35.3732, "decimalLongitude": 139.1426, "month": 1, "species_sci": "Threskiornis molucca", "species_com": "Australian White Ibis" }, "geometry": { "type": "Point", "coordinates": [ 139.1426, -35.3732 ] } },
{ "type": "Feature", "properties": { "decimalLatitude": -38.3, "decimalLongitude": 144.3747, "month": 1, "species_sci": "Threskiornis molucca", "species_com": "Australian White Ibis" }, "geometry": { "type": "Point", "coordinates": [ 144.3747, -38.3 ] } },
{ "type": "Feature", "properties": { "decimalLatitude": -27.8063, "decimalLongitude": 153.3444, "month": 1, "species_sci": "Threskiornis molucca", "species_com": "Australian White Ibis" }, "geometry": { "type": "Point", "coordinates": [ 153.3444, -27.8063 ] } },
{ "type": "Feature", "properties": { "decimalLatitude": -33.907, "decimalLongitude": 151.2047, "month": 1, "species_sci": "Threskiornis molucca", "species_com": "Australian White Ibis" }, "geometry": { "type": "Point", "coordinates": [ 151.2047, -33.907 ] } },
{ "type": "Feature", "properties": { "decimalLatitude": -27.4786, "decimalLongitude": 153.0162, "month": 1, "species_sci": "Threskiornis molucca", "species_com": "Australian White Ibis" }, "geometry": { "type": "Point", "coordinates": [ 153.0162, -27.4786 ] } },
{ "type": "Feature", "properties": { "decimalLatitude": -37.8758, "decimalLongitude": 145.2859, "month": 1, "species_sci": "Threskiornis molucca", "species_com": "Australian White Ibis" }, "geometry": { "type": "Point", "coordinates": [ 145.2859, -37.8758 ] } },
{ "type": "Feature", "properties": { "decimalLatitude": -36.3509, "decimalLongitude": 146.3269, "month": 1, "species_sci": "Threskiornis molucca", "species_com": "Australian White Ibis" }, "geometry": { "type": "Point", "coordinates": [ 146.3269, -36.3509 ] } },
{ "type": "Feature", "properties": { "decimalLatitude": -33.8587, "decimalLongitude": 151.2157, "month": 1, "species_sci": "Threskiornis molucca", "species_com": "Australian White Ibis" }, "geometry": { "type": "Point", "coordinates": [ 151.2157, -33.8587 ] } },
{ "type": "Feature", "properties": { "decimalLatitude": -31.9103, "decimalLongitude": 115.9047, "month": 1, "species_sci": "Threskiornis molucca", "species_com": "Australian White Ibis" }, "geometry": { "type": "Point", "coordinates": [ 115.9047, -31.9103 ] } },
{ "type": "Feature", "properties": { "decimalLatitude": -38.1882, "decimalLongitude": 146.2652, "month": 1, "species_sci": "Threskiornis molucca", "species_com": "Australian White Ibis" }, "geometry": { "type": "Point", "coordinates": [ 146.2652, -38.1882 ] } },
{ "type": "Feature", "properties": { "decimalLatitude": -38.6345, "decimalLongitude": 145.7448, "month": 1, "species_sci": "Threskiornis molucca", "species_com": "Australian White Ibis" }, "geometry": { "type": "Point", "coordinates": [ 145.7448, -38.6345 ] } },
{ "type": "Feature", "properties": { "decimalLatitude": -27.5414, "decimalLongitude": 152.9986, "month": 1, "species_sci": "Threskiornis molucca", "species_com": "Australian White Ibis" }, "geometry": { "type": "Point", "coordinates": [ 152.9986, -27.5414 ] } },
{ "type": "Feature", "properties": { "decimalLatitude": -33.2962, "decimalLongitude": 115.7069, "month": 1, "species_sci": "Threskiornis molucca", "species_com": "Australian White Ibis" }, "geometry": { "type": "Point", "coordinates": [ 115.7069, -33.2962 ] } },
{ "type": "Feature", "properties": { "decimalLatitude": -33.8715, "decimalLongitude": 151.2117, "month": 1, "species_sci": "Threskiornis molucca", "species_com": "Australian White Ibis" }, "geometry": { "type": "Point", "coordinates": [ 151.2117, -33.8715 ] } },
{ "type": "Feature", "properties": { "decimalLatitude": -37.8633, "decimalLongitude": 144.8746, "month": 1, "species_sci": "Threskiornis molucca", "species_com": "Australian White Ibis" }, "geometry": { "type": "Point", "coordinates": [ 144.8746, -37.8633 ] } },
{ "type": "Feature", "properties": { "decimalLatitude": -34.5268, "decimalLongitude": 146.4266, "month": 1, "species_sci": "Threskiornis molucca", "species_com": "Australian White Ibis" }, "geometry": { "type": "Point", "coordinates": [ 146.4266, -34.5268 ] } },
{ "type": "Feature", "properties": { "decimalLatitude": -38.0281, "decimalLongitude": 144.3859, "month": 1, "species_sci": "Threskiornis molucca", "species_com": "Australian White Ibis" }, "geometry": { "type": "Point", "coordinates": [ 144.3859, -38.0281 ] } },
{ "type": "Feature", "properties": { "decimalLatitude": -33.8611, "decimalLongitude": 151.2162, "month": 1, "species_sci": "Threskiornis molucca", "species_com": "Australian White Ibis" }, "geometry": { "type": "Point", "coordinates": [ 151.2162, -33.8611 ] } },
{ "type": "Feature", "properties": { "decimalLatitude": -33.9892, "decimalLongitude": 151.1476, "month": 1, "species_sci": "Threskiornis molucca", "species_com": "Australian White Ibis" }, "geometry": { "type": "Point", "coordinates": [ 151.1476, -33.9892 ] } },
{ "type": "Feature", "properties": { "decimalLatitude": -27.4738, "decimalLongitude": 153.0288, "month": 1, "species_sci": "Threskiornis molucca", "species_com": "Australian White Ibis" }, "geometry": { "type": "Point", "coordinates": [ 153.0288, -27.4738 ] } },
{ "type": "Feature", "properties": { "decimalLatitude": -38.1271, "decimalLongitude": 147.0767, "month": 1, "species_sci": "Threskiornis molucca", "species_com": "Australian White Ibis" }, "geometry": { "type": "Point", "coordinates": [ 147.0767, -38.1271 ] } },
{ "type": "Feature", "properties": { "decimalLatitude": -34.9183, "decimalLongitude": 138.5947, "month": 1, "species_sci": "Threskiornis molucca", "species_com": "Australian White Ibis" }, "geometry": { "type": "Point", "coordinates": [ 138.5947, -34.9183 ] } },
{ "type": "Feature", "properties": { "decimalLatitude": -38.1639, "decimalLongitude": 144.3302, "month": 1, "species_sci": "Threskiornis molucca", "species_com": "Australian White Ibis" }, "geometry": { "type": "Point", "coordinates": [ 144.3302, -38.1639 ] } },
{ "type": "Feature", "properties": { "decimalLatitude": -34.9234, "decimalLongitude": 138.6055, "month": 1, "species_sci": "Threskiornis molucca", "species_com": "Australian White Ibis" }, "geometry": { "type": "Point", "coordinates": [ 138.6055, -34.9234 ] } },
{ "type": "Feature", "properties": { "decimalLatitude": -37.5639, "decimalLongitude": 145.1231, "month": 1, "species_sci": "Threskiornis molucca", "species_com": "Australian White Ibis" }, "geometry": { "type": "Point", "coordinates": [ 145.1231, -37.5639 ] } },
{ "type": "Feature", "properties": { "decimalLatitude": -35.1865, "decimalLongitude": 149.1232, "month": 1, "species_sci": "Threskiornis molucca", "species_com": "Australian White Ibis" }, "geometry": { "type": "Point", "coordinates": [ 149.1232, -35.1865 ] } },
{ "type": "Feature", "properties": { "decimalLatitude": -33.7928, "decimalLongitude": 151.1475, "month": 1, "species_sci": "Threskiornis molucca", "species_com": "Australian White Ibis" }, "geometry": { "type": "Point", "coordinates": [ 151.1475, -33.7928 ] } },
{ "type": "Feature", "properties": { "decimalLatitude": -38.1309, "decimalLongitude": 147.0761, "month": 1, "species_sci": "Threskiornis molucca", "species_com": "Australian White Ibis" }, "geometry": { "type": "Point", "coordinates": [ 147.0761, -38.1309 ] } },
{ "type": "Feature", "properties": { "decimalLatitude": -33.8746, "decimalLongitude": 151.2102, "month": 1, "species_sci": "Threskiornis molucca", "species_com": "Australian White Ibis" }, "geometry": { "type": "Point", "coordinates": [ 151.2102, -33.8746 ] } },
{ "type": "Feature", "properties": { "decimalLatitude": -37.8246, "decimalLongitude": 145.1655, "month": 1, "species_sci": "Threskiornis molucca", "species_com": "Australian White Ibis" }, "geometry": { "type": "Point", "coordinates": [ 145.1655, -37.8246 ] } },
{ "type": "Feature", "properties": { "decimalLatitude": -38.261, "decimalLongitude": 144.488, "month": 1, "species_sci": "Threskiornis molucca", "species_com": "Australian White Ibis" }, "geometry": { "type": "Point", "coordinates": [ 144.488, -38.261 ] } },
{ "type": "Feature", "properties": { "decimalLatitude": -38.2868, "decimalLongitude": 144.4, "month": 1, "species_sci": "Threskiornis molucca", "species_com": "Australian White Ibis" }, "geometry": { "type": "Point", "coordinates": [ 144.4, -38.2868 ] } },
{ "type": "Feature", "properties": { "decimalLatitude": -37.781, "decimalLongitude": 145.6123, "month": 1, "species_sci": "Threskiornis molucca", "species_com": "Australian White Ibis" }, "geometry": { "type": "Point", "coordinates": [ 145.6123, -37.781 ] } },
{ "type": "Feature", "properties": { "decimalLatitude": -19.3919, "decimalLongitude": 146.7221, "month": 1, "species_sci": "Threskiornis molucca", "species_com": "Australian White Ibis" }, "geometry": { "type": "Point", "coordinates": [ 146.7221, -19.3919 ] } },
{ "type": "Feature", "properties": { "decimalLatitude": -33.1075, "decimalLongitude": 151.4846, "month": 1, "species_sci": "Threskiornis molucca", "species_com": "Australian White Ibis" }, "geometry": { "type": "Point", "coordinates": [ 151.4846, -33.1075 ] } },
{ "type": "Feature", "properties": { "decimalLatitude": -24.8145, "decimalLongitude": 152.4643, "month": 1, "species_sci": "Threskiornis molucca", "species_com": "Australian White Ibis" }, "geometry": { "type": "Point", "coordinates": [ 152.4643, -24.8145 ] } },
{ "type": "Feature", "properties": { "decimalLatitude": -33.9537, "decimalLongitude": 151.1483, "month": 1, "species_sci": "Threskiornis molucca", "species_com": "Australian White Ibis" }, "geometry": { "type": "Point", "coordinates": [ 151.1483, -33.9537 ] } },
{ "type": "Feature", "properties": { "decimalLatitude": -34.9203, "decimalLongitude": 138.611, "month": 1, "species_sci": "Threskiornis molucca", "species_com": "Australian White Ibis" }, "geometry": { "type": "Point", "coordinates": [ 138.611, -34.9203 ] } },
{ "type": "Feature", "properties": { "decimalLatitude": -27.4988, "decimalLongitude": 153.0143, "month": 1, "species_sci": "Threskiornis molucca", "species_com": "Australian White Ibis" }, "geometry": { "type": "Point", "coordinates": [ 153.0143, -27.4988 ] } },
{ "type": "Feature", "properties": { "decimalLatitude": -33.9626, "decimalLongitude": 151.1448, "month": 1, "species_sci": "Threskiornis molucca", "species_com": "Australian White Ibis" }, "geometry": { "type": "Point", "coordinates": [ 151.1448, -33.9626 ] } },
{ "type": "Feature", "properties": { "decimalLatitude": -33.8641, "decimalLongitude": 151.2178, "month": 1, "species_sci": "Threskiornis molucca", "species_com": "Australian White Ibis" }, "geometry": { "type": "Point", "coordinates": [ 151.2178, -33.8641 ] } },
{ "type": "Feature", "properties": { "decimalLatitude": -27.453, "decimalLongitude": 153.1009, "month": 1, "species_sci": "Threskiornis molucca", "species_com": "Australian White Ibis" }, "geometry": { "type": "Point", "coordinates": [ 153.1009, -27.453 ] } },
{ "type": "Feature", "properties": { "decimalLatitude": -33.8596, "decimalLongitude": 151.2164, "month": 1, "species_sci": "Threskiornis molucca", "species_com": "Australian White Ibis" }, "geometry": { "type": "Point", "coordinates": [ 151.2164, -33.8596 ] } },
{ "type": "Feature", "properties": { "decimalLatitude": -37.8263, "decimalLongitude": 145.1612, "month": 1, "species_sci": "Threskiornis molucca", "species_com": "Australian White Ibis" }, "geometry": { "type": "Point", "coordinates": [ 145.1612, -37.8263 ] } },
{ "type": "Feature", "properties": { "decimalLatitude": -27.4753, "decimalLongitude": 153.0298, "month": 1, "species_sci": "Threskiornis molucca", "species_com": "Australian White Ibis" }, "geometry": { "type": "Point", "coordinates": [ 153.0298, -27.4753 ] } },
{ "type": "Feature", "properties": { "decimalLatitude": -31.9283, "decimalLongitude": 115.8066, "month": 1, "species_sci": "Threskiornis molucca", "species_com": "Australian White Ibis" }, "geometry": { "type": "Point", "coordinates": [ 115.8066, -31.9283 ] } },
{ "type": "Feature", "properties": { "decimalLatitude": -33.9357, "decimalLongitude": 151.1654, "month": 1, "species_sci": "Threskiornis molucca", "species_com": "Australian White Ibis" }, "geometry": { "type": "Point", "coordinates": [ 151.1654, -33.9357 ] } },
{ "type": "Feature", "properties": { "decimalLatitude": -37.8258, "decimalLongitude": 145.1621, "month": 1, "species_sci": "Threskiornis molucca", "species_com": "Australian White Ibis" }, "geometry": { "type": "Point", "coordinates": [ 145.1621, -37.8258 ] } },
{ "type": "Feature", "properties": { "decimalLatitude": -18.3188, "decimalLongitude": 133.7963, "month": 1, "species_sci": "Threskiornis molucca", "species_com": "Australian White Ibis" }, "geometry": { "type": "Point", "coordinates": [ 133.7963, -18.3188 ] } },
{ "type": "Feature", "properties": { "decimalLatitude": -35.3144, "decimalLongitude": 149.1611, "month": 1, "species_sci": "Threskiornis molucca", "species_com": "Australian White Ibis" }, "geometry": { "type": "Point", "coordinates": [ 149.1611, -35.3144 ] } },
{ "type": "Feature", "properties": { "decimalLatitude": -38.3002, "decimalLongitude": 144.3746, "month": 1, "species_sci": "Threskiornis molucca", "species_com": "Australian White Ibis" }, "geometry": { "type": "Point", "coordinates": [ 144.3746, -38.3002 ] } },
{ "type": "Feature", "properties": { "decimalLatitude": -33.945, "decimalLongitude": 150.8586, "month": 1, "species_sci": "Threskiornis molucca", "species_com": "Australian White Ibis" }, "geometry": { "type": "Point", "coordinates": [ 150.8586, -33.945 ] } },
{ "type": "Feature", "properties": { "decimalLatitude": -34.5344, "decimalLongitude": 150.7921, "month": 1, "species_sci": "Threskiornis molucca", "species_com": "Australian White Ibis" }, "geometry": { "type": "Point", "coordinates": [ 150.7921, -34.5344 ] } },
{ "type": "Feature", "properties": { "decimalLatitude": -38.6957, "decimalLongitude": 146.2429, "month": 1, "species_sci": "Threskiornis molucca", "species_com": "Australian White Ibis" }, "geometry": { "type": "Point", "coordinates": [ 146.2429, -38.6957 ] } },
{ "type": "Feature", "properties": { "decimalLatitude": -37.8854, "decimalLongitude": 144.9958, "month": 1, "species_sci": "Threskiornis molucca", "species_com": "Australian White Ibis" }, "geometry": { "type": "Point", "coordinates": [ 144.9958, -37.8854 ] } },
{ "type": "Feature", "properties": { "decimalLatitude": -37.6467, "decimalLongitude": 143.8717, "month": 1, "species_sci": "Threskiornis molucca", "species_com": "Australian White Ibis" }, "geometry": { "type": "Point", "coordinates": [ 143.8717, -37.6467 ] } },
{ "type": "Feature", "properties": { "decimalLatitude": -27.9923, "decimalLongitude": 152.9938, "month": 1, "species_sci": "Threskiornis molucca", "species_com": "Australian White Ibis" }, "geometry": { "type": "Point", "coordinates": [ 152.9938, -27.9923 ] } },
{ "type": "Feature", "properties": { "decimalLatitude": -27.5639, "decimalLongitude": 153.0932, "month": 1, "species_sci": "Threskiornis molucca", "species_com": "Australian White Ibis" }, "geometry": { "type": "Point", "coordinates": [ 153.0932, -27.5639 ] } },
{ "type": "Feature", "properties": { "decimalLatitude": -27.454, "decimalLongitude": 153.101, "month": 1, "species_sci": "Threskiornis molucca", "species_com": "Australian White Ibis" }, "geometry": { "type": "Point", "coordinates": [ 153.101, -27.454 ] } },
{ "type": "Feature", "properties": { "decimalLatitude": -35.3147, "decimalLongitude": 149.1612, "month": 1, "species_sci": "Threskiornis molucca", "species_com": "Australian White Ibis" }, "geometry": { "type": "Point", "coordinates": [ 149.1612, -35.3147 ] } },
{ "type": "Feature", "properties": { "decimalLatitude": -33.9346, "decimalLongitude": 150.9332, "month": 2, "species_sci": "Threskiornis molucca", "species_com": "Australian White Ibis" }, "geometry": { "type": "Point", "coordinates": [ 150.9332, -33.9346 ] } },
{ "type": "Feature", "properties": { "decimalLatitude": -30.1077, "decimalLongitude": 153.1992, "month": 2, "species_sci": "Threskiornis molucca", "species_com": "Australian White Ibis" }, "geometry": { "type": "Point", "coordinates": [ 153.1992, -30.1077 ] } },
{ "type": "Feature", "properties": { "decimalLatitude": -27.3808, "decimalLongitude": 153.0439, "month": 2, "species_sci": "Threskiornis molucca", "species_com": "Australian White Ibis" }, "geometry": { "type": "Point", "coordinates": [ 153.0439, -27.3808 ] } },
{ "type": "Feature", "properties": { "decimalLatitude": -34.6248, "decimalLongitude": 150.8531, "month": 2, "species_sci": "Threskiornis molucca", "species_com": "Australian White Ibis" }, "geometry": { "type": "Point", "coordinates": [ 150.8531, -34.6248 ] } },
{ "type": "Feature", "properties": { "decimalLatitude": -37.7484, "decimalLongitude": 145.0869, "month": 2, "species_sci": "Threskiornis molucca", "species_com": "Australian White Ibis" }, "geometry": { "type": "Point", "coordinates": [ 145.0869, -37.7484 ] } },
{ "type": "Feature", "properties": { "decimalLatitude": -35.2378, "decimalLongitude": 149.0869, "month": 2, "species_sci": "Threskiornis molucca", "species_com": "Australian White Ibis" }, "geometry": { "type": "Point", "coordinates": [ 149.0869, -35.2378 ] } },
{ "type": "Feature", "properties": { "decimalLatitude": -37.8055, "decimalLongitude": 145.2392, "month": 2, "species_sci": "Threskiornis molucca", "species_com": "Australian White Ibis" }, "geometry": { "type": "Point", "coordinates": [ 145.2392, -37.8055 ] } },
{ "type": "Feature", "properties": { "decimalLatitude": -33.9516, "decimalLongitude": 151.2372, "month": 2, "species_sci": "Threskiornis molucca", "species_com": "Australian White Ibis" }, "geometry": { "type": "Point", "coordinates": [ 151.2372, -33.9516 ] } },
{ "type": "Feature", "properties": { "decimalLatitude": -33.8633, "decimalLongitude": 151.2178, "month": 2, "species_sci": "Threskiornis molucca", "species_com": "Australian White Ibis" }, "geometry": { "type": "Point", "coordinates": [ 151.2178, -33.8633 ] } },
{ "type": "Feature", "properties": { "decimalLatitude": -38.3016, "decimalLongitude": 144.3755, "month": 2, "species_sci": "Threskiornis molucca", "species_com": "Australian White Ibis" }, "geometry": { "type": "Point", "coordinates": [ 144.3755, -38.3016 ] } },
{ "type": "Feature", "properties": { "decimalLatitude": -33.8803, "decimalLongitude": 151.2077, "month": 2, "species_sci": "Threskiornis molucca", "species_com": "Australian White Ibis" }, "geometry": { "type": "Point", "coordinates": [ 151.2077, -33.8803 ] } },
{ "type": "Feature", "properties": { "decimalLatitude": -37.8476, "decimalLongitude": 145.3131, "month": 2, "species_sci": "Threskiornis molucca", "species_com": "Australian White Ibis" }, "geometry": { "type": "Point", "coordinates": [ 145.3131, -37.8476 ] } },
{ "type": "Feature", "properties": { "decimalLatitude": -37.8248, "decimalLongitude": 145.1653, "month": 2, "species_sci": "Threskiornis molucca", "species_com": "Australian White Ibis" }, "geometry": { "type": "Point", "coordinates": [ 145.1653, -37.8248 ] } },
{ "type": "Feature", "properties": { "decimalLatitude": -35.2368, "decimalLongitude": 149.094, "month": 2, "species_sci": "Threskiornis molucca", "species_com": "Australian White Ibis" }, "geometry": { "type": "Point", "coordinates": [ 149.094, -35.2368 ] } },
{ "type": "Feature", "properties": { "decimalLatitude": -27.9969, "decimalLongitude": 153.4292, "month": 2, "species_sci": "Threskiornis molucca", "species_com": "Australian White Ibis" }, "geometry": { "type": "Point", "coordinates": [ 153.4292, -27.9969 ] } },
{ "type": "Feature", "properties": { "decimalLatitude": -34.6266, "decimalLongitude": 150.8576, "month": 2, "species_sci": "Threskiornis molucca", "species_com": "Australian White Ibis" }, "geometry": { "type": "Point", "coordinates": [ 150.8576, -34.6266 ] } },
{ "type": "Feature", "properties": { "decimalLatitude": -32.0597, "decimalLongitude": 115.8125, "month": 2, "species_sci": "Threskiornis molucca", "species_com": "Australian White Ibis" }, "geometry": { "type": "Point", "coordinates": [ 115.8125, -32.0597 ] } },
{ "type": "Feature", "properties": { "decimalLatitude": -33.9453, "decimalLongitude": 150.8599, "month": 2, "species_sci": "Threskiornis molucca", "species_com": "Australian White Ibis" }, "geometry": { "type": "Point", "coordinates": [ 150.8599, -33.9453 ] } },
{ "type": "Feature", "properties": { "decimalLatitude": -37.8487, "decimalLongitude": 147.8055, "month": 2, "species_sci": "Threskiornis molucca", "species_com": "Australian White Ibis" }, "geometry": { "type": "Point", "coordinates": [ 147.8055, -37.8487 ] } },
{ "type": "Feature", "properties": { "decimalLatitude": -33.9516, "decimalLongitude": 151.2372, "month": 2, "species_sci": "Threskiornis molucca", "species_com": "Australian White Ibis" }, "geometry": { "type": "Point", "coordinates": [ 151.2372, -33.9516 ] } },
{ "type": "Feature", "properties": { "decimalLatitude": -27.4632, "decimalLongitude": 153.0179, "month": 2, "species_sci": "Threskiornis molucca", "species_com": "Australian White Ibis" }, "geometry": { "type": "Point", "coordinates": [ 153.0179, -27.4632 ] } },
{ "type": "Feature", "properties": { "decimalLatitude": -34.9362, "decimalLongitude": 138.5997, "month": 2, "species_sci": "Threskiornis molucca", "species_com": "Australian White Ibis" }, "geometry": { "type": "Point", "coordinates": [ 138.5997, -34.9362 ] } },
{ "type": "Feature", "properties": { "decimalLatitude": -33.9274, "decimalLongitude": 151.1489, "month": 2, "species_sci": "Threskiornis molucca", "species_com": "Australian White Ibis" }, "geometry": { "type": "Point", "coordinates": [ 151.1489, -33.9274 ] } },
{ "type": "Feature", "properties": { "decimalLatitude": -34.9758, "decimalLongitude": 138.5088, "month": 2, "species_sci": "Threskiornis molucca", "species_com": "Australian White Ibis" }, "geometry": { "type": "Point", "coordinates": [ 138.5088, -34.9758 ] } },
{ "type": "Feature", "properties": { "decimalLatitude": -35.0175, "decimalLongitude": 117.9085, "month": 2, "species_sci": "Threskiornis molucca", "species_com": "Australian White Ibis" }, "geometry": { "type": "Point", "coordinates": [ 117.9085, -35.0175 ] } },
{ "type": "Feature", "properties": { "decimalLatitude": -35.1887, "decimalLongitude": 149.0149, "month": 2, "species_sci": "Threskiornis molucca", "species_com": "Australian White Ibis" }, "geometry": { "type": "Point", "coordinates": [ 149.0149, -35.1887 ] } },
{ "type": "Feature", "properties": { "decimalLatitude": -33.9558, "decimalLongitude": 151.1503, "month": 2, "species_sci": "Threskiornis molucca", "species_com": "Australian White Ibis" }, "geometry": { "type": "Point", "coordinates": [ 151.1503, -33.9558 ] } },
{ "type": "Feature", "properties": { "decimalLatitude": -38.3423, "decimalLongitude": 144.3173, "month": 2, "species_sci": "Threskiornis molucca", "species_com": "Australian White Ibis" }, "geometry": { "type": "Point", "coordinates": [ 144.3173, -38.3423 ] } },
{ "type": "Feature", "properties": { "decimalLatitude": -37.8579, "decimalLongitude": 144.8625, "month": 2, "species_sci": "Threskiornis molucca", "species_com": "Australian White Ibis" }, "geometry": { "type": "Point", "coordinates": [ 144.8625, -37.8579 ] } },
{ "type": "Feature", "properties": { "decimalLatitude": -33.8612, "decimalLongitude": 151.2157, "month": 2, "species_sci": "Threskiornis molucca", "species_com": "Australian White Ibis" }, "geometry": { "type": "Point", "coordinates": [ 151.2157, -33.8612 ] } },
{ "type": "Feature", "properties": { "decimalLatitude": -35.0326, "decimalLongitude": 150.6689, "month": 2, "species_sci": "Threskiornis molucca", "species_com": "Australian White Ibis" }, "geometry": { "type": "Point", "coordinates": [ 150.6689, -35.0326 ] } },
{ "type": "Feature", "properties": { "decimalLatitude": -33.9616, "decimalLongitude": 150.9034, "month": 2, "species_sci": "Threskiornis molucca", "species_com": "Australian White Ibis" }, "geometry": { "type": "Point", "coordinates": [ 150.9034, -33.9616 ] } },
{ "type": "Feature", "properties": { "decimalLatitude": -37.6392, "decimalLongitude": 145.0725, "month": 2, "species_sci": "Threskiornis molucca", "species_com": "Australian White Ibis" }, "geometry": { "type": "Point", "coordinates": [ 145.0725, -37.6392 ] } },
{ "type": "Feature", "properties": { "decimalLatitude": -33.8845, "decimalLongitude": 151.1987, "month": 2, "species_sci": "Threskiornis molucca", "species_com": "Australian White Ibis" }, "geometry": { "type": "Point", "coordinates": [ 151.1987, -33.8845 ] } },
{ "type": "Feature", "properties": { "decimalLatitude": -33.8649, "decimalLongitude": 151.217, "month": 2, "species_sci": "Threskiornis molucca", "species_com": "Australian White Ibis" }, "geometry": { "type": "Point", "coordinates": [ 151.217, -33.8649 ] } },
{ "type": "Feature", "properties": { "decimalLatitude": -34.8337, "decimalLongitude": 138.5812, "month": 2, "species_sci": "Threskiornis molucca", "species_com": "Australian White Ibis" }, "geometry": { "type": "Point", "coordinates": [ 138.5812, -34.8337 ] } },
{ "type": "Feature", "properties": { "decimalLatitude": -33.9556, "decimalLongitude": 151.1504, "month": 2, "species_sci": "Threskiornis molucca", "species_com": "Australian White Ibis" }, "geometry": { "type": "Point", "coordinates": [ 151.1504, -33.9556 ] } },
{ "type": "Feature", "properties": { "decimalLatitude": -34.5005, "decimalLongitude": 150.8189, "month": 2, "species_sci": "Threskiornis molucca", "species_com": "Australian White Ibis" }, "geometry": { "type": "Point", "coordinates": [ 150.8189, -34.5005 ] } },
{ "type": "Feature", "properties": { "decimalLatitude": -37.8304, "decimalLongitude": 144.9098, "month": 2, "species_sci": "Threskiornis molucca", "species_com": "Australian White Ibis" }, "geometry": { "type": "Point", "coordinates": [ 144.9098, -37.8304 ] } },
{ "type": "Feature", "properties": { "decimalLatitude": -33.8728, "decimalLongitude": 151.2106, "month": 2, "species_sci": "Threskiornis molucca", "species_com": "Australian White Ibis" }, "geometry": { "type": "Point", "coordinates": [ 151.2106, -33.8728 ] } },
{ "type": "Feature", "properties": { "decimalLatitude": -27.1312, "decimalLongitude": 152.8828, "month": 2, "species_sci": "Threskiornis molucca", "species_com": "Australian White Ibis" }, "geometry": { "type": "Point", "coordinates": [ 152.8828, -27.1312 ] } },
{ "type": "Feature", "properties": { "decimalLatitude": -33.1769, "decimalLongitude": 138.0155, "month": 2, "species_sci": "Threskiornis molucca", "species_com": "Australian White Ibis" }, "geometry": { "type": "Point", "coordinates": [ 138.0155, -33.1769 ] } },
{ "type": "Feature", "properties": { "decimalLatitude": -41.1673, "decimalLongitude": 146.519, "month": 2, "species_sci": "Threskiornis molucca", "species_com": "Australian White Ibis" }, "geometry": { "type": "Point", "coordinates": [ 146.519, -41.1673 ] } },
{ "type": "Feature", "properties": { "decimalLatitude": -33.932, "decimalLongitude": 151.2468, "month": 2, "species_sci": "Threskiornis molucca", "species_com": "Australian White Ibis" }, "geometry": { "type": "Point", "coordinates": [ 151.2468, -33.932 ] } },
{ "type": "Feature", "properties": { "decimalLatitude": -28.2261, "decimalLongitude": 153.5233, "month": 2, "species_sci": "Threskiornis molucca", "species_com": "Australian White Ibis" }, "geometry": { "type": "Point", "coordinates": [ 153.5233, -28.2261 ] } },
{ "type": "Feature", "properties": { "decimalLatitude": -33.9424, "decimalLongitude": 150.852, "month": 2, "species_sci": "Threskiornis molucca", "species_com": "Australian White Ibis" }, "geometry": { "type": "Point", "coordinates": [ 150.852, -33.9424 ] } },
{ "type": "Feature", "properties": { "decimalLatitude": -37.7124, "decimalLongitude": 144.9943, "month": 2, "species_sci": "Threskiornis molucca", "species_com": "Australian White Ibis" }, "geometry": { "type": "Point", "coordinates": [ 144.9943, -37.7124 ] } },
{ "type": "Feature", "properties": { "decimalLatitude": -37.8303, "decimalLongitude": 144.9071, "month": 2, "species_sci": "Threskiornis molucca", "species_com": "Australian White Ibis" }, "geometry": { "type": "Point", "coordinates": [ 144.9071, -37.8303 ] } },
{ "type": "Feature", "properties": { "decimalLatitude": -33.8626, "decimalLongitude": 151.2201, "month": 2, "species_sci": "Threskiornis molucca", "species_com": "Australian White Ibis" }, "geometry": { "type": "Point", "coordinates": [ 151.2201, -33.8626 ] } },
{ "type": "Feature", "properties": { "decimalLatitude": -37.8273, "decimalLongitude": 145.1621, "month": 2, "species_sci": "Threskiornis molucca", "species_com": "Australian White Ibis" }, "geometry": { "type": "Point", "coordinates": [ 145.1621, -37.8273 ] } },
{ "type": "Feature", "properties": { "decimalLatitude": -33.8105, "decimalLongitude": 150.9948, "month": 2, "species_sci": "Threskiornis molucca", "species_com": "Australian White Ibis" }, "geometry": { "type": "Point", "coordinates": [ 150.9948, -33.8105 ] } },
{ "type": "Feature", "properties": { "decimalLatitude": -33.9276, "decimalLongitude": 151.0347, "month": 2, "species_sci": "Threskiornis molucca", "species_com": "Australian White Ibis" }, "geometry": { "type": "Point", "coordinates": [ 151.0347, -33.9276 ] } },
{ "type": "Feature", "properties": { "decimalLatitude": -32.9084, "decimalLongitude": 151.7613, "month": 2, "species_sci": "Threskiornis molucca", "species_com": "Australian White Ibis" }, "geometry": { "type": "Point", "coordinates": [ 151.7613, -32.9084 ] } },
{ "type": "Feature", "properties": { "decimalLatitude": -37.721, "decimalLongitude": 145.0489, "month": 2, "species_sci": "Threskiornis molucca", "species_com": "Australian White Ibis" }, "geometry": { "type": "Point", "coordinates": [ 145.0489, -37.721 ] } },
{ "type": "Feature", "properties": { "decimalLatitude": -32.0502, "decimalLongitude": 115.8863, "month": 2, "species_sci": "Threskiornis molucca", "species_com": "Australian White Ibis" }, "geometry": { "type": "Point", "coordinates": [ 115.8863, -32.0502 ] } },
{ "type": "Feature", "properties": { "decimalLatitude": -38.2998, "decimalLongitude": 144.3747, "month": 2, "species_sci": "Threskiornis molucca", "species_com": "Australian White Ibis" }, "geometry": { "type": "Point", "coordinates": [ 144.3747, -38.2998 ] } },
{ "type": "Feature", "properties": { "decimalLatitude": -33.9424, "decimalLongitude": 150.8521, "month": 2, "species_sci": "Threskiornis molucca", "species_com": "Australian White Ibis" }, "geometry": { "type": "Point", "coordinates": [ 150.8521, -33.9424 ] } },
{ "type": "Feature", "properties": { "decimalLatitude": -38.188, "decimalLongitude": 145.9413, "month": 2, "species_sci": "Threskiornis molucca", "species_com": "Australian White Ibis" }, "geometry": { "type": "Point", "coordinates": [ 145.9413, -38.188 ] } },
{ "type": "Feature", "properties": { "decimalLatitude": -32.6956, "decimalLongitude": 151.545, "month": 2, "species_sci": "Threskiornis molucca", "species_com": "Australian White Ibis" }, "geometry": { "type": "Point", "coordinates": [ 151.545, -32.6956 ] } },
{ "type": "Feature", "properties": { "decimalLatitude": -33.7719, "decimalLongitude": 151.1149, "month": 2, "species_sci": "Threskiornis molucca", "species_com": "Australian White Ibis" }, "geometry": { "type": "Point", "coordinates": [ 151.1149, -33.7719 ] } },
{ "type": "Feature", "properties": { "decimalLatitude": -27.5647, "decimalLongitude": 153.0918, "month": 2, "species_sci": "Threskiornis molucca", "species_com": "Australian White Ibis" }, "geometry": { "type": "Point", "coordinates": [ 153.0918, -27.5647 ] } },
{ "type": "Feature", "properties": { "decimalLatitude": -33.8765, "decimalLongitude": 151.2139, "month": 2, "species_sci": "Threskiornis molucca", "species_com": "Australian White Ibis" }, "geometry": { "type": "Point", "coordinates": [ 151.2139, -33.8765 ] } },
{ "type": "Feature", "properties": { "decimalLatitude": -38.0395, "decimalLongitude": 144.5372, "month": 2, "species_sci": "Threskiornis molucca", "species_com": "Australian White Ibis" }, "geometry": { "type": "Point", "coordinates": [ 144.5372, -38.0395 ] } },
{ "type": "Feature", "properties": { "decimalLatitude": -33.2891, "decimalLongitude": 115.7278, "month": 2, "species_sci": "Threskiornis molucca", "species_com": "Australian White Ibis" }, "geometry": { "type": "Point", "coordinates": [ 115.7278, -33.2891 ] } },
{ "type": "Feature", "properties": { "decimalLatitude": -32.6018, "decimalLongitude": 115.6537, "month": 2, "species_sci": "Threskiornis molucca", "species_com": "Australian White Ibis" }, "geometry": { "type": "Point", "coordinates": [ 115.6537, -32.6018 ] } },
{ "type": "Feature", "properties": { "decimalLatitude": -33.965, "decimalLongitude": 151.1446, "month": 2, "species_sci": "Threskiornis molucca", "species_com": "Australian White Ibis" }, "geometry": { "type": "Point", "coordinates": [ 151.1446, -33.965 ] } },
{ "type": "Feature", "properties": { "decimalLatitude": -35.9476, "decimalLongitude": 144.9315, "month": 2, "species_sci": "Threskiornis molucca", "species_com": "Australian White Ibis" }, "geometry": { "type": "Point", "coordinates": [ 144.9315, -35.9476 ] } },
{ "type": "Feature", "properties": { "decimalLatitude": -35.2144, "decimalLongitude": 149.0886, "month": 2, "species_sci": "Threskiornis molucca", "species_com": "Australian White Ibis" }, "geometry": { "type": "Point", "coordinates": [ 149.0886, -35.2144 ] } },
{ "type": "Feature", "properties": { "decimalLatitude": -33.8781, "decimalLongitude": 151.203, "month": 2, "species_sci": "Threskiornis molucca", "species_com": "Australian White Ibis" }, "geometry": { "type": "Point", "coordinates": [ 151.203, -33.8781 ] } },
{ "type": "Feature", "properties": { "decimalLatitude": -27.5633, "decimalLongitude": 153.0943, "month": 2, "species_sci": "Threskiornis molucca", "species_com": "Australian White Ibis" }, "geometry": { "type": "Point", "coordinates": [ 153.0943, -27.5633 ] } },
{ "type": "Feature", "properties": { "decimalLatitude": -38.5176, "decimalLongitude": 145.1171, "month": 2, "species_sci": "Threskiornis molucca", "species_com": "Australian White Ibis" }, "geometry": { "type": "Point", "coordinates": [ 145.1171, -38.5176 ] } },
{ "type": "Feature", "properties": { "decimalLatitude": -27.463, "decimalLongitude": 153.0189, "month": 2, "species_sci": "Threskiornis molucca", "species_com": "Australian White Ibis" }, "geometry": { "type": "Point", "coordinates": [ 153.0189, -27.463 ] } },
{ "type": "Feature", "properties": { "decimalLatitude": -34.7364, "decimalLongitude": 138.5311, "month": 2, "species_sci": "Threskiornis molucca", "species_com": "Australian White Ibis" }, "geometry": { "type": "Point", "coordinates": [ 138.5311, -34.7364 ] } },
{ "type": "Feature", "properties": { "decimalLatitude": -38.3017, "decimalLongitude": 144.3752, "month": 2, "species_sci": "Threskiornis molucca", "species_com": "Australian White Ibis" }, "geometry": { "type": "Point", "coordinates": [ 144.3752, -38.3017 ] } },
{ "type": "Feature", "properties": { "decimalLatitude": -34.9182, "decimalLongitude": 138.6115, "month": 2, "species_sci": "Threskiornis molucca", "species_com": "Australian White Ibis" }, "geometry": { "type": "Point", "coordinates": [ 138.6115, -34.9182 ] } },
{ "type": "Feature", "properties": { "decimalLatitude": -38.2, "decimalLongitude": 146.0, "month": 2, "species_sci": "Threskiornis molucca", "species_com": "Australian White Ibis" }, "geometry": { "type": "Point", "coordinates": [ 146.0, -38.2 ] } },
{ "type": "Feature", "properties": { "decimalLatitude": -32.7215, "decimalLongitude": 151.5134, "month": 2, "species_sci": "Threskiornis molucca", "species_com": "Australian White Ibis" }, "geometry": { "type": "Point", "coordinates": [ 151.5134, -32.7215 ] } },
{ "type": "Feature", "properties": { "decimalLatitude": -33.8632, "decimalLongitude": 151.2143, "month": 2, "species_sci": "Threskiornis molucca", "species_com": "Australian White Ibis" }, "geometry": { "type": "Point", "coordinates": [ 151.2143, -33.8632 ] } },
{ "type": "Feature", "properties": { "decimalLatitude": -12.3872, "decimalLongitude": 130.8501, "month": 2, "species_sci": "Threskiornis molucca", "species_com": "Australian White Ibis" }, "geometry": { "type": "Point", "coordinates": [ 130.8501, -12.3872 ] } },
{ "type": "Feature", "properties": { "decimalLatitude": -37.8665, "decimalLongitude": 144.8767, "month": 2, "species_sci": "Threskiornis molucca", "species_com": "Australian White Ibis" }, "geometry": { "type": "Point", "coordinates": [ 144.8767, -37.8665 ] } },
{ "type": "Feature", "properties": { "decimalLatitude": -35.3146, "decimalLongitude": 149.1623, "month": 2, "species_sci": "Threskiornis molucca", "species_com": "Australian White Ibis" }, "geometry": { "type": "Point", "coordinates": [ 149.1623, -35.3146 ] } },
{ "type": "Feature", "properties": { "decimalLatitude": -36.77, "decimalLongitude": 144.3122, "month": 2, "species_sci": "Threskiornis molucca", "species_com": "Australian White Ibis" }, "geometry": { "type": "Point", "coordinates": [ 144.3122, -36.77 ] } },
{ "type": "Feature", "properties": { "decimalLatitude": -35.316, "decimalLongitude": 149.1599, "month": 2, "species_sci": "Threskiornis molucca", "species_com": "Australian White Ibis" }, "geometry": { "type": "Point", "coordinates": [ 149.1599, -35.316 ] } },
{ "type": "Feature", "properties": { "decimalLatitude": -38.1643, "decimalLongitude": 144.3306, "month": 2, "species_sci": "Threskiornis molucca", "species_com": "Australian White Ibis" }, "geometry": { "type": "Point", "coordinates": [ 144.3306, -38.1643 ] } },
{ "type": "Feature", "properties": { "decimalLatitude": -38.1387, "decimalLongitude": 144.7082, "month": 2, "species_sci": "Threskiornis molucca", "species_com": "Australian White Ibis" }, "geometry": { "type": "Point", "coordinates": [ 144.7082, -38.1387 ] } },
{ "type": "Feature", "properties": { "decimalLatitude": -38.3402, "decimalLongitude": 144.3177, "month": 2, "species_sci": "Threskiornis molucca", "species_com": "Australian White Ibis" }, "geometry": { "type": "Point", "coordinates": [ 144.3177, -38.3402 ] } },
{ "type": "Feature", "properties": { "decimalLatitude": -38.3965, "decimalLongitude": 145.1709, "month": 2, "species_sci": "Threskiornis molucca", "species_com": "Australian White Ibis" }, "geometry": { "type": "Point", "coordinates": [ 145.1709, -38.3965 ] } },
{ "type": "Feature", "properties": { "decimalLatitude": -33.8708, "decimalLongitude": 151.2119, "month": 2, "species_sci": "Threskiornis molucca", "species_com": "Australian White Ibis" }, "geometry": { "type": "Point", "coordinates": [ 151.2119, -33.8708 ] } },
{ "type": "Feature", "properties": { "decimalLatitude": -33.9481, "decimalLongitude": 151.2561, "month": 2, "species_sci": "Threskiornis molucca", "species_com": "Australian White Ibis" }, "geometry": { "type": "Point", "coordinates": [ 151.2561, -33.9481 ] } },
{ "type": "Feature", "properties": { "decimalLatitude": -33.9013, "decimalLongitude": 151.2403, "month": 2, "species_sci": "Threskiornis molucca", "species_com": "Australian White Ibis" }, "geometry": { "type": "Point", "coordinates": [ 151.2403, -33.9013 ] } },
{ "type": "Feature", "properties": { "decimalLatitude": -35.009, "decimalLongitude": 138.6358, "month": 2, "species_sci": "Threskiornis molucca", "species_com": "Australian White Ibis" }, "geometry": { "type": "Point", "coordinates": [ 138.6358, -35.009 ] } },
{ "type": "Feature", "properties": { "decimalLatitude": -35.3146, "decimalLongitude": 149.1623, "month": 2, "species_sci": "Threskiornis molucca", "species_com": "Australian White Ibis" }, "geometry": { "type": "Point", "coordinates": [ 149.1623, -35.3146 ] } },
{ "type": "Feature", "properties": { "decimalLatitude": -30.299, "decimalLongitude": 153.1231, "month": 2, "species_sci": "Threskiornis molucca", "species_com": "Australian White Ibis" }, "geometry": { "type": "Point", "coordinates": [ 153.1231, -30.299 ] } },
{ "type": "Feature", "properties": { "decimalLatitude": -27.4697, "decimalLongitude": 153.0253, "month": 2, "species_sci": "Threskiornis molucca", "species_com": "Australian White Ibis" }, "geometry": { "type": "Point", "coordinates": [ 153.0253, -27.4697 ] } },
{ "type": "Feature", "properties": { "decimalLatitude": -38.2872, "decimalLongitude": 144.4993, "month": 2, "species_sci": "Threskiornis molucca", "species_com": "Australian White Ibis" }, "geometry": { "type": "Point", "coordinates": [ 144.4993, -38.2872 ] } },
{ "type": "Feature", "properties": { "decimalLatitude": -38.3001, "decimalLongitude": 144.3732, "month": 2, "species_sci": "Threskiornis molucca", "species_com": "Australian White Ibis" }, "geometry": { "type": "Point", "coordinates": [ 144.3732, -38.3001 ] } },
{ "type": "Feature", "properties": { "decimalLatitude": -38.3, "decimalLongitude": 144.3734, "month": 2, "species_sci": "Threskiornis molucca", "species_com": "Australian White Ibis" }, "geometry": { "type": "Point", "coordinates": [ 144.3734, -38.3 ] } },
{ "type": "Feature", "properties": { "decimalLatitude": -33.862, "decimalLongitude": 151.2077, "month": 2, "species_sci": "Threskiornis molucca", "species_com": "Australian White Ibis" }, "geometry": { "type": "Point", "coordinates": [ 151.2077, -33.862 ] } },
{ "type": "Feature", "properties": { "decimalLatitude": -33.8659, "decimalLongitude": 151.2166, "month": 2, "species_sci": "Threskiornis molucca", "species_com": "Australian White Ibis" }, "geometry": { "type": "Point", "coordinates": [ 151.2166, -33.8659 ] } },
{ "type": "Feature", "properties": { "decimalLatitude": -32.008, "decimalLongitude": 151.9522, "month": 2, "species_sci": "Threskiornis molucca", "species_com": "Australian White Ibis" }, "geometry": { "type": "Point", "coordinates": [ 151.9522, -32.008 ] } },
{ "type": "Feature", "properties": { "decimalLatitude": -35.2144, "decimalLongitude": 149.0886, "month": 2, "species_sci": "Threskiornis molucca", "species_com": "Australian White Ibis" }, "geometry": { "type": "Point", "coordinates": [ 149.0886, -35.2144 ] } },
{ "type": "Feature", "properties": { "decimalLatitude": -38.4835, "decimalLongitude": 145.0181, "month": 2, "species_sci": "Threskiornis molucca", "species_com": "Australian White Ibis" }, "geometry": { "type": "Point", "coordinates": [ 145.0181, -38.4835 ] } },
{ "type": "Feature", "properties": { "decimalLatitude": -37.8547, "decimalLongitude": 148.0888, "month": 2, "species_sci": "Threskiornis molucca", "species_com": "Australian White Ibis" }, "geometry": { "type": "Point", "coordinates": [ 148.0888, -37.8547 ] } },
{ "type": "Feature", "properties": { "decimalLatitude": -38.3708, "decimalLongitude": 144.8297, "month": 2, "species_sci": "Threskiornis molucca", "species_com": "Australian White Ibis" }, "geometry": { "type": "Point", "coordinates": [ 144.8297, -38.3708 ] } },
{ "type": "Feature", "properties": { "decimalLatitude": -27.4862, "decimalLongitude": 153.1156, "month": 2, "species_sci": "Threskiornis molucca", "species_com": "Australian White Ibis" }, "geometry": { "type": "Point", "coordinates": [ 153.1156, -27.4862 ] } },
{ "type": "Feature", "properties": { "decimalLatitude": -23.3663, "decimalLongitude": 150.516, "month": 2, "species_sci": "Threskiornis molucca", "species_com": "Australian White Ibis" }, "geometry": { "type": "Point", "coordinates": [ 150.516, -23.3663 ] } },
{ "type": "Feature", "properties": { "decimalLatitude": -35.8375, "decimalLongitude": 144.9406, "month": 2, "species_sci": "Threskiornis molucca", "species_com": "Australian White Ibis" }, "geometry": { "type": "Point", "coordinates": [ 144.9406, -35.8375 ] } },
{ "type": "Feature", "properties": { "decimalLatitude": -27.463, "decimalLongitude": 153.0186, "month": 2, "species_sci": "Threskiornis molucca", "species_com": "Australian White Ibis" }, "geometry": { "type": "Point", "coordinates": [ 153.0186, -27.463 ] } },
{ "type": "Feature", "properties": { "decimalLatitude": -36.3509, "decimalLongitude": 146.3305, "month": 2, "species_sci": "Threskiornis molucca", "species_com": "Australian White Ibis" }, "geometry": { "type": "Point", "coordinates": [ 146.3305, -36.3509 ] } },
{ "type": "Feature", "properties": { "decimalLatitude": -38.0776, "decimalLongitude": 145.376, "month": 2, "species_sci": "Threskiornis molucca", "species_com": "Australian White Ibis" }, "geometry": { "type": "Point", "coordinates": [ 145.376, -38.0776 ] } },
{ "type": "Feature", "properties": { "decimalLatitude": -37.8314, "decimalLongitude": 144.9082, "month": 2, "species_sci": "Threskiornis molucca", "species_com": "Australian White Ibis" }, "geometry": { "type": "Point", "coordinates": [ 144.9082, -37.8314 ] } },
{ "type": "Feature", "properties": { "decimalLatitude": -38.26, "decimalLongitude": 144.5155, "month": 2, "species_sci": "Threskiornis molucca", "species_com": "Australian White Ibis" }, "geometry": { "type": "Point", "coordinates": [ 144.5155, -38.26 ] } },
{ "type": "Feature", "properties": { "decimalLatitude": -35.1745, "decimalLongitude": 149.1291, "month": 2, "species_sci": "Threskiornis molucca", "species_com": "Australian White Ibis" }, "geometry": { "type": "Point", "coordinates": [ 149.1291, -35.1745 ] } },
{ "type": "Feature", "properties": { "decimalLatitude": -33.9501, "decimalLongitude": 150.8568, "month": 2, "species_sci": "Threskiornis molucca", "species_com": "Australian White Ibis" }, "geometry": { "type": "Point", "coordinates": [ 150.8568, -33.9501 ] } },
{ "type": "Feature", "properties": { "decimalLatitude": -35.2299, "decimalLongitude": 149.0737, "month": 2, "species_sci": "Threskiornis molucca", "species_com": "Australian White Ibis" }, "geometry": { "type": "Point", "coordinates": [ 149.0737, -35.2299 ] } },
{ "type": "Feature", "properties": { "decimalLatitude": -33.8868, "decimalLongitude": 151.1698, "month": 2, "species_sci": "Threskiornis molucca", "species_com": "Australian White Ibis" }, "geometry": { "type": "Point", "coordinates": [ 151.1698, -33.8868 ] } },
{ "type": "Feature", "properties": { "decimalLatitude": -27.4172, "decimalLongitude": 152.9783, "month": 2, "species_sci": "Threskiornis molucca", "species_com": "Australian White Ibis" }, "geometry": { "type": "Point", "coordinates": [ 152.9783, -27.4172 ] } },
{ "type": "Feature", "properties": { "decimalLatitude": -37.8317, "decimalLongitude": 144.9087, "month": 2, "species_sci": "Threskiornis molucca", "species_com": "Australian White Ibis" }, "geometry": { "type": "Point", "coordinates": [ 144.9087, -37.8317 ] } },
{ "type": "Feature", "properties": { "decimalLatitude": -38.3424, "decimalLongitude": 144.317, "month": 2, "species_sci": "Threskiornis molucca", "species_com": "Australian White Ibis" }, "geometry": { "type": "Point", "coordinates": [ 144.317, -38.3424 ] } },
{ "type": "Feature", "properties": { "decimalLatitude": -27.4365, "decimalLongitude": 153.0004, "month": 2, "species_sci": "Threskiornis molucca", "species_com": "Australian White Ibis" }, "geometry": { "type": "Point", "coordinates": [ 153.0004, -27.4365 ] } },
{ "type": "Feature", "properties": { "decimalLatitude": -27.5929, "decimalLongitude": 151.9452, "month": 2, "species_sci": "Threskiornis molucca", "species_com": "Australian White Ibis" }, "geometry": { "type": "Point", "coordinates": [ 151.9452, -27.5929 ] } },
{ "type": "Feature", "properties": { "decimalLatitude": -33.965, "decimalLongitude": 151.1446, "month": 2, "species_sci": "Threskiornis molucca", "species_com": "Australian White Ibis" }, "geometry": { "type": "Point", "coordinates": [ 151.1446, -33.965 ] } },
{ "type": "Feature", "properties": { "decimalLatitude": -34.9346, "decimalLongitude": 138.5006, "month": 2, "species_sci": "Threskiornis molucca", "species_com": "Australian White Ibis" }, "geometry": { "type": "Point", "coordinates": [ 138.5006, -34.9346 ] } },
{ "type": "Feature", "properties": { "decimalLatitude": -31.9635, "decimalLongitude": 115.8756, "month": 2, "species_sci": "Threskiornis molucca", "species_com": "Australian White Ibis" }, "geometry": { "type": "Point", "coordinates": [ 115.8756, -31.9635 ] } },
{ "type": "Feature", "properties": { "decimalLatitude": -33.8602, "decimalLongitude": 151.217, "month": 2, "species_sci": "Threskiornis molucca", "species_com": "Australian White Ibis" }, "geometry": { "type": "Point", "coordinates": [ 151.217, -33.8602 ] } },
{ "type": "Feature", "properties": { "decimalLatitude": -38.302, "decimalLongitude": 144.3814, "month": 2, "species_sci": "Threskiornis molucca", "species_com": "Australian White Ibis" }, "geometry": { "type": "Point", "coordinates": [ 144.3814, -38.302 ] } },
{ "type": "Feature", "properties": { "decimalLatitude": -33.9656, "decimalLongitude": 151.1445, "month": 2, "species_sci": "Threskiornis molucca", "species_com": "Australian White Ibis" }, "geometry": { "type": "Point", "coordinates": [ 151.1445, -33.9656 ] } },
{ "type": "Feature", "properties": { "decimalLatitude": -35.2303, "decimalLongitude": 149.0702, "month": 2, "species_sci": "Threskiornis molucca", "species_com": "Australian White Ibis" }, "geometry": { "type": "Point", "coordinates": [ 149.0702, -35.2303 ] } },
{ "type": "Feature", "properties": { "decimalLatitude": -27.2971, "decimalLongitude": 153.0388, "month": 2, "species_sci": "Threskiornis molucca", "species_com": "Australian White Ibis" }, "geometry": { "type": "Point", "coordinates": [ 153.0388, -27.2971 ] } },
{ "type": "Feature", "properties": { "decimalLatitude": -33.9631, "decimalLongitude": 151.1457, "month": 2, "species_sci": "Threskiornis molucca", "species_com": "Australian White Ibis" }, "geometry": { "type": "Point", "coordinates": [ 151.1457, -33.9631 ] } },
{ "type": "Feature", "properties": { "decimalLatitude": -37.8285, "decimalLongitude": 144.9831, "month": 2, "species_sci": "Threskiornis molucca", "species_com": "Australian White Ibis" }, "geometry": { "type": "Point", "coordinates": [ 144.9831, -37.8285 ] } },
{ "type": "Feature", "properties": { "decimalLatitude": -27.4268, "decimalLongitude": 153.1697, "month": 2, "species_sci": "Threskiornis molucca", "species_com": "Australian White Ibis" }, "geometry": { "type": "Point", "coordinates": [ 153.1697, -27.4268 ] } },
{ "type": "Feature", "properties": { "decimalLatitude": -38.3004, "decimalLongitude": 144.3734, "month": 2, "species_sci": "Threskiornis molucca", "species_com": "Australian White Ibis" }, "geometry": { "type": "Point", "coordinates": [ 144.3734, -38.3004 ] } },
{ "type": "Feature", "properties": { "decimalLatitude": -28.0271, "decimalLongitude": 153.4345, "month": 2, "species_sci": "Threskiornis molucca", "species_com": "Australian White Ibis" }, "geometry": { "type": "Point", "coordinates": [ 153.4345, -28.0271 ] } },
{ "type": "Feature", "properties": { "decimalLatitude": -27.4346, "decimalLongitude": 153.148, "month": 2, "species_sci": "Threskiornis molucca", "species_com": "Australian White Ibis" }, "geometry": { "type": "Point", "coordinates": [ 153.148, -27.4346 ] } },
{ "type": "Feature", "properties": { "decimalLatitude": -34.1422, "decimalLongitude": 140.7524, "month": 2, "species_sci": "Threskiornis molucca", "species_com": "Australian White Ibis" }, "geometry": { "type": "Point", "coordinates": [ 140.7524, -34.1422 ] } },
{ "type": "Feature", "properties": { "decimalLatitude": -34.4916, "decimalLongitude": 150.8201, "month": 2, "species_sci": "Threskiornis molucca", "species_com": "Australian White Ibis" }, "geometry": { "type": "Point", "coordinates": [ 150.8201, -34.4916 ] } },
{ "type": "Feature", "properties": { "decimalLatitude": -27.5874, "decimalLongitude": 152.86, "month": 2, "species_sci": "Threskiornis molucca", "species_com": "Australian White Ibis" }, "geometry": { "type": "Point", "coordinates": [ 152.86, -27.5874 ] } },
{ "type": "Feature", "properties": { "decimalLatitude": -33.8682, "decimalLongitude": 151.2169, "month": 2, "species_sci": "Threskiornis molucca", "species_com": "Australian White Ibis" }, "geometry": { "type": "Point", "coordinates": [ 151.2169, -33.8682 ] } },
{ "type": "Feature", "properties": { "decimalLatitude": -33.771, "decimalLongitude": 151.1154, "month": 2, "species_sci": "Threskiornis molucca", "species_com": "Australian White Ibis" }, "geometry": { "type": "Point", "coordinates": [ 151.1154, -33.771 ] } },
{ "type": "Feature", "properties": { "decimalLatitude": -33.7488, "decimalLongitude": 150.6999, "month": 2, "species_sci": "Threskiornis molucca", "species_com": "Australian White Ibis" }, "geometry": { "type": "Point", "coordinates": [ 150.6999, -33.7488 ] } },
{ "type": "Feature", "properties": { "decimalLatitude": -24.9222, "decimalLongitude": 152.4915, "month": 2, "species_sci": "Threskiornis molucca", "species_com": "Australian White Ibis" }, "geometry": { "type": "Point", "coordinates": [ 152.4915, -24.9222 ] } },
{ "type": "Feature", "properties": { "decimalLatitude": -33.9, "decimalLongitude": 150.8996, "month": 2, "species_sci": "Threskiornis molucca", "species_com": "Australian White Ibis" }, "geometry": { "type": "Point", "coordinates": [ 150.8996, -33.9 ] } },
{ "type": "Feature", "properties": { "decimalLatitude": -31.5475, "decimalLongitude": 115.6826, "month": 2, "species_sci": "Threskiornis molucca", "species_com": "Australian White Ibis" }, "geometry": { "type": "Point", "coordinates": [ 115.6826, -31.5475 ] } },
{ "type": "Feature", "properties": { "decimalLatitude": -38.3412, "decimalLongitude": 144.3174, "month": 2, "species_sci": "Threskiornis molucca", "species_com": "Australian White Ibis" }, "geometry": { "type": "Point", "coordinates": [ 144.3174, -38.3412 ] } },
{ "type": "Feature", "properties": { "decimalLatitude": -37.7124, "decimalLongitude": 144.9943, "month": 2, "species_sci": "Threskiornis molucca", "species_com": "Australian White Ibis" }, "geometry": { "type": "Point", "coordinates": [ 144.9943, -37.7124 ] } },
{ "type": "Feature", "properties": { "decimalLatitude": -33.7561, "decimalLongitude": 151.2366, "month": 2, "species_sci": "Threskiornis molucca", "species_com": "Australian White Ibis" }, "geometry": { "type": "Point", "coordinates": [ 151.2366, -33.7561 ] } },
{ "type": "Feature", "properties": { "decimalLatitude": -33.9516, "decimalLongitude": 151.2372, "month": 2, "species_sci": "Threskiornis molucca", "species_com": "Australian White Ibis" }, "geometry": { "type": "Point", "coordinates": [ 151.2372, -33.9516 ] } },
{ "type": "Feature", "properties": { "decimalLatitude": -27.4656, "decimalLongitude": 153.1915, "month": 2, "species_sci": "Threskiornis molucca", "species_com": "Australian White Ibis" }, "geometry": { "type": "Point", "coordinates": [ 153.1915, -27.4656 ] } },
{ "type": "Feature", "properties": { "decimalLatitude": -33.953, "decimalLongitude": 151.1518, "month": 2, "species_sci": "Threskiornis molucca", "species_com": "Australian White Ibis" }, "geometry": { "type": "Point", "coordinates": [ 151.1518, -33.953 ] } },
{ "type": "Feature", "properties": { "decimalLatitude": -33.7467, "decimalLongitude": 151.3012, "month": 3, "species_sci": "Threskiornis molucca", "species_com": "Australian White Ibis" }, "geometry": { "type": "Point", "coordinates": [ 151.3012, -33.7467 ] } },
{ "type": "Feature", "properties": { "decimalLatitude": -27.5672, "decimalLongitude": 153.0911, "month": 3, "species_sci": "Threskiornis molucca", "species_com": "Australian White Ibis" }, "geometry": { "type": "Point", "coordinates": [ 153.0911, -27.5672 ] } },
{ "type": "Feature", "properties": { "decimalLatitude": -33.9435, "decimalLongitude": 150.8504, "month": 3, "species_sci": "Threskiornis molucca", "species_com": "Australian White Ibis" }, "geometry": { "type": "Point", "coordinates": [ 150.8504, -33.9435 ] } },
{ "type": "Feature", "properties": { "decimalLatitude": -33.8857, "decimalLongitude": 151.1932, "month": 3, "species_sci": "Threskiornis molucca", "species_com": "Australian White Ibis" }, "geometry": { "type": "Point", "coordinates": [ 151.1932, -33.8857 ] } },
{ "type": "Feature", "properties": { "decimalLatitude": -30.677, "decimalLongitude": 151.5037, "month": 3, "species_sci": "Threskiornis molucca", "species_com": "Australian White Ibis" }, "geometry": { "type": "Point", "coordinates": [ 151.5037, -30.677 ] } },
{ "type": "Feature", "properties": { "decimalLatitude": -27.4741, "decimalLongitude": 153.0288, "month": 3, "species_sci": "Threskiornis molucca", "species_com": "Australian White Ibis" }, "geometry": { "type": "Point", "coordinates": [ 153.0288, -27.4741 ] } },
{ "type": "Feature", "properties": { "decimalLatitude": -34.9139, "decimalLongitude": 138.6066, "month": 3, "species_sci": "Threskiornis molucca", "species_com": "Australian White Ibis" }, "geometry": { "type": "Point", "coordinates": [ 138.6066, -34.9139 ] } },
{ "type": "Feature", "properties": { "decimalLatitude": -33.8643, "decimalLongitude": 151.2174, "month": 3, "species_sci": "Threskiornis molucca", "species_com": "Australian White Ibis" }, "geometry": { "type": "Point", "coordinates": [ 151.2174, -33.8643 ] } },
{ "type": "Feature", "properties": { "decimalLatitude": -33.9111, "decimalLongitude": 151.1846, "month": 3, "species_sci": "Threskiornis molucca", "species_com": "Australian White Ibis" }, "geometry": { "type": "Point", "coordinates": [ 151.1846, -33.9111 ] } },
{ "type": "Feature", "properties": { "decimalLatitude": -33.8641, "decimalLongitude": 151.2173, "month": 3, "species_sci": "Threskiornis molucca", "species_com": "Australian White Ibis" }, "geometry": { "type": "Point", "coordinates": [ 151.2173, -33.8641 ] } },
{ "type": "Feature", "properties": { "decimalLatitude": -34.4004, "decimalLongitude": 150.8995, "month": 3, "species_sci": "Threskiornis molucca", "species_com": "Australian White Ibis" }, "geometry": { "type": "Point", "coordinates": [ 150.8995, -34.4004 ] } },
{ "type": "Feature", "properties": { "decimalLatitude": -38.3005, "decimalLongitude": 144.3732, "month": 3, "species_sci": "Threskiornis molucca", "species_com": "Australian White Ibis" }, "geometry": { "type": "Point", "coordinates": [ 144.3732, -38.3005 ] } },
{ "type": "Feature", "properties": { "decimalLatitude": -27.3829, "decimalLongitude": 153.0357, "month": 3, "species_sci": "Threskiornis molucca", "species_com": "Australian White Ibis" }, "geometry": { "type": "Point", "coordinates": [ 153.0357, -27.3829 ] } },
{ "type": "Feature", "properties": { "decimalLatitude": -30.7113, "decimalLongitude": 152.9189, "month": 3, "species_sci": "Threskiornis molucca", "species_com": "Australian White Ibis" }, "geometry": { "type": "Point", "coordinates": [ 152.9189, -30.7113 ] } },
{ "type": "Feature", "properties": { "decimalLatitude": -34.4916, "decimalLongitude": 150.8201, "month": 3, "species_sci": "Threskiornis molucca", "species_com": "Australian White Ibis" }, "geometry": { "type": "Point", "coordinates": [ 150.8201, -34.4916 ] } },
{ "type": "Feature", "properties": { "decimalLatitude": -27.5847, "decimalLongitude": 152.9885, "month": 3, "species_sci": "Threskiornis molucca", "species_com": "Australian White Ibis" }, "geometry": { "type": "Point", "coordinates": [ 152.9885, -27.5847 ] } },
{ "type": "Feature", "properties": { "decimalLatitude": -33.8646, "decimalLongitude": 151.2173, "month": 3, "species_sci": "Threskiornis molucca", "species_com": "Australian White Ibis" }, "geometry": { "type": "Point", "coordinates": [ 151.2173, -33.8646 ] } },
{ "type": "Feature", "properties": { "decimalLatitude": -33.893, "decimalLongitude": 151.0166, "month": 3, "species_sci": "Threskiornis molucca", "species_com": "Australian White Ibis" }, "geometry": { "type": "Point", "coordinates": [ 151.0166, -33.893 ] } },
{ "type": "Feature", "properties": { "decimalLatitude": -33.864, "decimalLongitude": 151.2183, "month": 3, "species_sci": "Threskiornis molucca", "species_com": "Australian White Ibis" }, "geometry": { "type": "Point", "coordinates": [ 151.2183, -33.864 ] } },
{ "type": "Feature", "properties": { "decimalLatitude": -27.4697, "decimalLongitude": 153.0252, "month": 3, "species_sci": "Threskiornis molucca", "species_com": "Australian White Ibis" }, "geometry": { "type": "Point", "coordinates": [ 153.0252, -27.4697 ] } },
{ "type": "Feature", "properties": { "decimalLatitude": -37.7799, "decimalLongitude": 145.6116, "month": 3, "species_sci": "Threskiornis molucca", "species_com": "Australian White Ibis" }, "geometry": { "type": "Point", "coordinates": [ 145.6116, -37.7799 ] } },
{ "type": "Feature", "properties": { "decimalLatitude": -35.0227, "decimalLongitude": 138.609, "month": 3, "species_sci": "Threskiornis molucca", "species_com": "Australian White Ibis" }, "geometry": { "type": "Point", "coordinates": [ 138.609, -35.0227 ] } },
{ "type": "Feature", "properties": { "decimalLatitude": -34.1052, "decimalLongitude": 150.7488, "month": 3, "species_sci": "Threskiornis molucca", "species_com": "Australian White Ibis" }, "geometry": { "type": "Point", "coordinates": [ 150.7488, -34.1052 ] } },
{ "type": "Feature", "properties": { "decimalLatitude": -35.078, "decimalLongitude": 138.4958, "month": 3, "species_sci": "Threskiornis molucca", "species_com": "Australian White Ibis" }, "geometry": { "type": "Point", "coordinates": [ 138.4958, -35.078 ] } },
{ "type": "Feature", "properties": { "decimalLatitude": -33.781, "decimalLongitude": 151.123, "month": 3, "species_sci": "Threskiornis molucca", "species_com": "Australian White Ibis" }, "geometry": { "type": "Point", "coordinates": [ 151.123, -33.781 ] } },
{ "type": "Feature", "properties": { "decimalLatitude": -27.5644, "decimalLongitude": 153.0922, "month": 3, "species_sci": "Threskiornis molucca", "species_com": "Australian White Ibis" }, "geometry": { "type": "Point", "coordinates": [ 153.0922, -27.5644 ] } },
{ "type": "Feature", "properties": { "decimalLatitude": -19.3122, "decimalLongitude": 146.7641, "month": 3, "species_sci": "Threskiornis molucca", "species_com": "Australian White Ibis" }, "geometry": { "type": "Point", "coordinates": [ 146.7641, -19.3122 ] } },
{ "type": "Feature", "properties": { "decimalLatitude": -37.8308, "decimalLongitude": 144.909, "month": 3, "species_sci": "Threskiornis molucca", "species_com": "Australian White Ibis" }, "geometry": { "type": "Point", "coordinates": [ 144.909, -37.8308 ] } },
{ "type": "Feature", "properties": { "decimalLatitude": -32.6642, "decimalLongitude": 151.7305, "month": 3, "species_sci": "Threskiornis molucca", "species_com": "Australian White Ibis" }, "geometry": { "type": "Point", "coordinates": [ 151.7305, -32.6642 ] } },
{ "type": "Feature", "properties": { "decimalLatitude": -34.3677, "decimalLongitude": 142.3858, "month": 3, "species_sci": "Threskiornis molucca", "species_com": "Australian White Ibis" }, "geometry": { "type": "Point", "coordinates": [ 142.3858, -34.3677 ] } },
{ "type": "Feature", "properties": { "decimalLatitude": -37.5671, "decimalLongitude": 143.8145, "month": 3, "species_sci": "Threskiornis molucca", "species_com": "Australian White Ibis" }, "geometry": { "type": "Point", "coordinates": [ 143.8145, -37.5671 ] } },
{ "type": "Feature", "properties": { "decimalLatitude": -37.8461, "decimalLongitude": 145.2689, "month": 3, "species_sci": "Threskiornis molucca", "species_com": "Australian White Ibis" }, "geometry": { "type": "Point", "coordinates": [ 145.2689, -37.8461 ] } },
{ "type": "Feature", "properties": { "decimalLatitude": -35.2144, "decimalLongitude": 149.0886, "month": 3, "species_sci": "Threskiornis molucca", "species_com": "Australian White Ibis" }, "geometry": { "type": "Point", "coordinates": [ 149.0886, -35.2144 ] } },
{ "type": "Feature", "properties": { "decimalLatitude": -33.8739, "decimalLongitude": 151.1974, "month": 3, "species_sci": "Threskiornis molucca", "species_com": "Australian White Ibis" }, "geometry": { "type": "Point", "coordinates": [ 151.1974, -33.8739 ] } },
{ "type": "Feature", "properties": { "decimalLatitude": -33.7074, "decimalLongitude": 151.107, "month": 3, "species_sci": "Threskiornis molucca", "species_com": "Australian White Ibis" }, "geometry": { "type": "Point", "coordinates": [ 151.107, -33.7074 ] } },
{ "type": "Feature", "properties": { "decimalLatitude": -33.961, "decimalLongitude": 115.016, "month": 3, "species_sci": "Threskiornis molucca", "species_com": "Australian White Ibis" }, "geometry": { "type": "Point", "coordinates": [ 115.016, -33.961 ] } },
{ "type": "Feature", "properties": { "decimalLatitude": -19.3251, "decimalLongitude": 146.7543, "month": 3, "species_sci": "Threskiornis molucca", "species_com": "Australian White Ibis" }, "geometry": { "type": "Point", "coordinates": [ 146.7543, -19.3251 ] } },
{ "type": "Feature", "properties": { "decimalLatitude": -38.0057, "decimalLongitude": 144.4126, "month": 3, "species_sci": "Threskiornis molucca", "species_com": "Australian White Ibis" }, "geometry": { "type": "Point", "coordinates": [ 144.4126, -38.0057 ] } },
{ "type": "Feature", "properties": { "decimalLatitude": -34.9167, "decimalLongitude": 138.6026, "month": 3, "species_sci": "Threskiornis molucca", "species_com": "Australian White Ibis" }, "geometry": { "type": "Point", "coordinates": [ 138.6026, -34.9167 ] } },
{ "type": "Feature", "properties": { "decimalLatitude": -38.2873, "decimalLongitude": 144.6074, "month": 3, "species_sci": "Threskiornis molucca", "species_com": "Australian White Ibis" }, "geometry": { "type": "Point", "coordinates": [ 144.6074, -38.2873 ] } },
{ "type": "Feature", "properties": { "decimalLatitude": -37.7416, "decimalLongitude": 145.0428, "month": 3, "species_sci": "Threskiornis molucca", "species_com": "Australian White Ibis" }, "geometry": { "type": "Point", "coordinates": [ 145.0428, -37.7416 ] } },
{ "type": "Feature", "properties": { "decimalLatitude": -38.2725, "decimalLongitude": 144.3699, "month": 3, "species_sci": "Threskiornis molucca", "species_com": "Australian White Ibis" }, "geometry": { "type": "Point", "coordinates": [ 144.3699, -38.2725 ] } },
{ "type": "Feature", "properties": { "decimalLatitude": -33.8833, "decimalLongitude": 151.208, "month": 3, "species_sci": "Threskiornis molucca", "species_com": "Australian White Ibis" }, "geometry": { "type": "Point", "coordinates": [ 151.208, -33.8833 ] } },
{ "type": "Feature", "properties": { "decimalLatitude": -37.8264, "decimalLongitude": 145.1624, "month": 3, "species_sci": "Threskiornis molucca", "species_com": "Australian White Ibis" }, "geometry": { "type": "Point", "coordinates": [ 145.1624, -37.8264 ] } },
{ "type": "Feature", "properties": { "decimalLatitude": -33.8435, "decimalLongitude": 151.0784, "month": 3, "species_sci": "Threskiornis molucca", "species_com": "Australian White Ibis" }, "geometry": { "type": "Point", "coordinates": [ 151.0784, -33.8435 ] } },
{ "type": "Feature", "properties": { "decimalLatitude": -34.9332, "decimalLongitude": 138.51, "month": 3, "species_sci": "Threskiornis molucca", "species_com": "Australian White Ibis" }, "geometry": { "type": "Point", "coordinates": [ 138.51, -34.9332 ] } },
{ "type": "Feature", "properties": { "decimalLatitude": -33.907, "decimalLongitude": 151.1407, "month": 3, "species_sci": "Threskiornis molucca", "species_com": "Australian White Ibis" }, "geometry": { "type": "Point", "coordinates": [ 151.1407, -33.907 ] } },
{ "type": "Feature", "properties": { "decimalLatitude": -34.9132, "decimalLongitude": 138.6065, "month": 3, "species_sci": "Threskiornis molucca", "species_com": "Australian White Ibis" }, "geometry": { "type": "Point", "coordinates": [ 138.6065, -34.9132 ] } },
{ "type": "Feature", "properties": { "decimalLatitude": -27.4692, "decimalLongitude": 153.123, "month": 3, "species_sci": "Threskiornis molucca", "species_com": "Australian White Ibis" }, "geometry": { "type": "Point", "coordinates": [ 153.123, -27.4692 ] } },
{ "type": "Feature", "properties": { "decimalLatitude": -31.4077, "decimalLongitude": 152.9032, "month": 3, "species_sci": "Threskiornis molucca", "species_com": "Australian White Ibis" }, "geometry": { "type": "Point", "coordinates": [ 152.9032, -31.4077 ] } },
{ "type": "Feature", "properties": { "decimalLatitude": -37.8559, "decimalLongitude": 144.8542, "month": 3, "species_sci": "Threskiornis molucca", "species_com": "Australian White Ibis" }, "geometry": { "type": "Point", "coordinates": [ 144.8542, -37.8559 ] } },
{ "type": "Feature", "properties": { "decimalLatitude": -27.4886, "decimalLongitude": 153.134, "month": 3, "species_sci": "Threskiornis molucca", "species_com": "Australian White Ibis" }, "geometry": { "type": "Point", "coordinates": [ 153.134, -27.4886 ] } },
{ "type": "Feature", "properties": { "decimalLatitude": -37.8312, "decimalLongitude": 144.9062, "month": 3, "species_sci": "Threskiornis molucca", "species_com": "Australian White Ibis" }, "geometry": { "type": "Point", "coordinates": [ 144.9062, -37.8312 ] } },
{ "type": "Feature", "properties": { "decimalLatitude": -27.4987, "decimalLongitude": 153.0153, "month": 3, "species_sci": "Threskiornis molucca", "species_com": "Australian White Ibis" }, "geometry": { "type": "Point", "coordinates": [ 153.0153, -27.4987 ] } },
{ "type": "Feature", "properties": { "decimalLatitude": -37.8258, "decimalLongitude": 145.1621, "month": 3, "species_sci": "Threskiornis molucca", "species_com": "Australian White Ibis" }, "geometry": { "type": "Point", "coordinates": [ 145.1621, -37.8258 ] } },
{ "type": "Feature", "properties": { "decimalLatitude": -35.2785, "decimalLongitude": 149.1188, "month": 3, "species_sci": "Threskiornis molucca", "species_com": "Australian White Ibis" }, "geometry": { "type": "Point", "coordinates": [ 149.1188, -35.2785 ] } },
{ "type": "Feature", "properties": { "decimalLatitude": -38.4711, "decimalLongitude": 145.417, "month": 3, "species_sci": "Threskiornis molucca", "species_com": "Australian White Ibis" }, "geometry": { "type": "Point", "coordinates": [ 145.417, -38.4711 ] } },
{ "type": "Feature", "properties": { "decimalLatitude": -27.5672, "decimalLongitude": 153.0911, "month": 3, "species_sci": "Threskiornis molucca", "species_com": "Australian White Ibis" }, "geometry": { "type": "Point", "coordinates": [ 153.0911, -27.5672 ] } },
{ "type": "Feature", "properties": { "decimalLatitude": -33.8641, "decimalLongitude": 151.2173, "month": 3, "species_sci": "Threskiornis molucca", "species_com": "Australian White Ibis" }, "geometry": { "type": "Point", "coordinates": [ 151.2173, -33.8641 ] } },
{ "type": "Feature", "properties": { "decimalLatitude": -32.0637, "decimalLongitude": 115.7676, "month": 3, "species_sci": "Threskiornis molucca", "species_com": "Australian White Ibis" }, "geometry": { "type": "Point", "coordinates": [ 115.7676, -32.0637 ] } },
{ "type": "Feature", "properties": { "decimalLatitude": -37.8309, "decimalLongitude": 144.9065, "month": 3, "species_sci": "Threskiornis molucca", "species_com": "Australian White Ibis" }, "geometry": { "type": "Point", "coordinates": [ 144.9065, -37.8309 ] } },
{ "type": "Feature", "properties": { "decimalLatitude": -27.9423, "decimalLongitude": 153.3596, "month": 3, "species_sci": "Threskiornis molucca", "species_com": "Australian White Ibis" }, "geometry": { "type": "Point", "coordinates": [ 153.3596, -27.9423 ] } },
{ "type": "Feature", "properties": { "decimalLatitude": -35.3138, "decimalLongitude": 149.1533, "month": 3, "species_sci": "Threskiornis molucca", "species_com": "Australian White Ibis" }, "geometry": { "type": "Point", "coordinates": [ 149.1533, -35.3138 ] } },
{ "type": "Feature", "properties": { "decimalLatitude": -36.0869, "decimalLongitude": 146.9068, "month": 3, "species_sci": "Threskiornis molucca", "species_com": "Australian White Ibis" }, "geometry": { "type": "Point", "coordinates": [ 146.9068, -36.0869 ] } },
{ "type": "Feature", "properties": { "decimalLatitude": -28.1356, "decimalLongitude": 153.4885, "month": 3, "species_sci": "Threskiornis molucca", "species_com": "Australian White Ibis" }, "geometry": { "type": "Point", "coordinates": [ 153.4885, -28.1356 ] } },
{ "type": "Feature", "properties": { "decimalLatitude": -37.797, "decimalLongitude": 144.9132, "month": 3, "species_sci": "Threskiornis molucca", "species_com": "Australian White Ibis" }, "geometry": { "type": "Point", "coordinates": [ 144.9132, -37.797 ] } },
{ "type": "Feature", "properties": { "decimalLatitude": -27.4775, "decimalLongitude": 153.0209, "month": 3, "species_sci": "Threskiornis molucca", "species_com": "Australian White Ibis" }, "geometry": { "type": "Point", "coordinates": [ 153.0209, -27.4775 ] } },
{ "type": "Feature", "properties": { "decimalLatitude": -27.4819, "decimalLongitude": 153.0242, "month": 3, "species_sci": "Threskiornis molucca", "species_com": "Australian White Ibis" }, "geometry": { "type": "Point", "coordinates": [ 153.0242, -27.4819 ] } },
{ "type": "Feature", "properties": { "decimalLatitude": -33.6969, "decimalLongitude": 150.9339, "month": 3, "species_sci": "Threskiornis molucca", "species_com": "Australian White Ibis" }, "geometry": { "type": "Point", "coordinates": [ 150.9339, -33.6969 ] } },
{ "type": "Feature", "properties": { "decimalLatitude": -27.9074, "decimalLongitude": 153.3132, "month": 3, "species_sci": "Threskiornis molucca", "species_com": "Australian White Ibis" }, "geometry": { "type": "Point", "coordinates": [ 153.3132, -27.9074 ] } },
{ "type": "Feature", "properties": { "decimalLatitude": -37.7827, "decimalLongitude": 144.951, "month": 3, "species_sci": "Threskiornis molucca", "species_com": "Australian White Ibis" }, "geometry": { "type": "Point", "coordinates": [ 144.951, -37.7827 ] } },
{ "type": "Feature", "properties": { "decimalLatitude": -33.9628, "decimalLongitude": 151.1455, "month": 3, "species_sci": "Threskiornis molucca", "species_com": "Australian White Ibis" }, "geometry": { "type": "Point", "coordinates": [ 151.1455, -33.9628 ] } },
{ "type": "Feature", "properties": { "decimalLatitude": -27.2007, "decimalLongitude": 153.0983, "month": 3, "species_sci": "Threskiornis molucca", "species_com": "Australian White Ibis" }, "geometry": { "type": "Point", "coordinates": [ 153.0983, -27.2007 ] } },
{ "type": "Feature", "properties": { "decimalLatitude": -27.1984, "decimalLongitude": 153.0389, "month": 3, "species_sci": "Threskiornis molucca", "species_com": "Australian White Ibis" }, "geometry": { "type": "Point", "coordinates": [ 153.0389, -27.1984 ] } },
{ "type": "Feature", "properties": { "decimalLatitude": -32.7212, "decimalLongitude": 151.5107, "month": 3, "species_sci": "Threskiornis molucca", "species_com": "Australian White Ibis" }, "geometry": { "type": "Point", "coordinates": [ 151.5107, -32.7212 ] } },
{ "type": "Feature", "properties": { "decimalLatitude": -27.3804, "decimalLongitude": 153.0511, "month": 3, "species_sci": "Threskiornis molucca", "species_com": "Australian White Ibis" }, "geometry": { "type": "Point", "coordinates": [ 153.0511, -27.3804 ] } },
{ "type": "Feature", "properties": { "decimalLatitude": -37.8248, "decimalLongitude": 145.1653, "month": 3, "species_sci": "Threskiornis molucca", "species_com": "Australian White Ibis" }, "geometry": { "type": "Point", "coordinates": [ 145.1653, -37.8248 ] } },
{ "type": "Feature", "properties": { "decimalLatitude": -33.794, "decimalLongitude": 151.1325, "month": 3, "species_sci": "Threskiornis molucca", "species_com": "Australian White Ibis" }, "geometry": { "type": "Point", "coordinates": [ 151.1325, -33.794 ] } },
{ "type": "Feature", "properties": { "decimalLatitude": -27.5343, "decimalLongitude": 152.9682, "month": 3, "species_sci": "Threskiornis molucca", "species_com": "Australian White Ibis" }, "geometry": { "type": "Point", "coordinates": [ 152.9682, -27.5343 ] } },
{ "type": "Feature", "properties": { "decimalLatitude": -27.4804, "decimalLongitude": 153.0239, "month": 3, "species_sci": "Threskiornis molucca", "species_com": "Australian White Ibis" }, "geometry": { "type": "Point", "coordinates": [ 153.0239, -27.4804 ] } },
{ "type": "Feature", "properties": { "decimalLatitude": -33.9586, "decimalLongitude": 151.1484, "month": 3, "species_sci": "Threskiornis molucca", "species_com": "Australian White Ibis" }, "geometry": { "type": "Point", "coordinates": [ 151.1484, -33.9586 ] } },
{ "type": "Feature", "properties": { "decimalLatitude": -27.4741, "decimalLongitude": 153.029, "month": 3, "species_sci": "Threskiornis molucca", "species_com": "Australian White Ibis" }, "geometry": { "type": "Point", "coordinates": [ 153.029, -27.4741 ] } },
{ "type": "Feature", "properties": { "decimalLatitude": -35.3145, "decimalLongitude": 149.1572, "month": 3, "species_sci": "Threskiornis molucca", "species_com": "Australian White Ibis" }, "geometry": { "type": "Point", "coordinates": [ 149.1572, -35.3145 ] } },
{ "type": "Feature", "properties": { "decimalLatitude": -35.2515, "decimalLongitude": 149.1488, "month": 3, "species_sci": "Threskiornis molucca", "species_com": "Australian White Ibis" }, "geometry": { "type": "Point", "coordinates": [ 149.1488, -35.2515 ] } },
{ "type": "Feature", "properties": { "decimalLatitude": -23.8289, "decimalLongitude": 151.2473, "month": 3, "species_sci": "Threskiornis molucca", "species_com": "Australian White Ibis" }, "geometry": { "type": "Point", "coordinates": [ 151.2473, -23.8289 ] } },
{ "type": "Feature", "properties": { "decimalLatitude": -27.3792, "decimalLongitude": 153.0371, "month": 3, "species_sci": "Threskiornis molucca", "species_com": "Australian White Ibis" }, "geometry": { "type": "Point", "coordinates": [ 153.0371, -27.3792 ] } },
{ "type": "Feature", "properties": { "decimalLatitude": -34.997, "decimalLongitude": 138.5477, "month": 3, "species_sci": "Threskiornis molucca", "species_com": "Australian White Ibis" }, "geometry": { "type": "Point", "coordinates": [ 138.5477, -34.997 ] } },
{ "type": "Feature", "properties": { "decimalLatitude": -33.8744, "decimalLongitude": 151.2102, "month": 3, "species_sci": "Threskiornis molucca", "species_com": "Australian White Ibis" }, "geometry": { "type": "Point", "coordinates": [ 151.2102, -33.8744 ] } },
{ "type": "Feature", "properties": { "decimalLatitude": -28.7957, "decimalLongitude": 153.5941, "month": 3, "species_sci": "Threskiornis molucca", "species_com": "Australian White Ibis" }, "geometry": { "type": "Point", "coordinates": [ 153.5941, -28.7957 ] } },
{ "type": "Feature", "properties": { "decimalLatitude": -27.4982, "decimalLongitude": 153.0153, "month": 3, "species_sci": "Threskiornis molucca", "species_com": "Australian White Ibis" }, "geometry": { "type": "Point", "coordinates": [ 153.0153, -27.4982 ] } },
{ "type": "Feature", "properties": { "decimalLatitude": -33.8635, "decimalLongitude": 151.2062, "month": 3, "species_sci": "Threskiornis molucca", "species_com": "Australian White Ibis" }, "geometry": { "type": "Point", "coordinates": [ 151.2062, -33.8635 ] } },
{ "type": "Feature", "properties": { "decimalLatitude": -27.9014, "decimalLongitude": 153.3766, "month": 3, "species_sci": "Threskiornis molucca", "species_com": "Australian White Ibis" }, "geometry": { "type": "Point", "coordinates": [ 153.3766, -27.9014 ] } },
{ "type": "Feature", "properties": { "decimalLatitude": -33.8641, "decimalLongitude": 151.2178, "month": 3, "species_sci": "Threskiornis molucca", "species_com": "Australian White Ibis" }, "geometry": { "type": "Point", "coordinates": [ 151.2178, -33.8641 ] } },
{ "type": "Feature", "properties": { "decimalLatitude": -38.1718, "decimalLongitude": 145.1573, "month": 3, "species_sci": "Threskiornis molucca", "species_com": "Australian White Ibis" }, "geometry": { "type": "Point", "coordinates": [ 145.1573, -38.1718 ] } },
{ "type": "Feature", "properties": { "decimalLatitude": -28.3611, "decimalLongitude": 153.5779, "month": 3, "species_sci": "Threskiornis molucca", "species_com": "Australian White Ibis" }, "geometry": { "type": "Point", "coordinates": [ 153.5779, -28.3611 ] } },
{ "type": "Feature", "properties": { "decimalLatitude": -33.966, "decimalLongitude": 151.1415, "month": 3, "species_sci": "Threskiornis molucca", "species_com": "Australian White Ibis" }, "geometry": { "type": "Point", "coordinates": [ 151.1415, -33.966 ] } },
{ "type": "Feature", "properties": { "decimalLatitude": -33.8641, "decimalLongitude": 151.2172, "month": 3, "species_sci": "Threskiornis molucca", "species_com": "Australian White Ibis" }, "geometry": { "type": "Point", "coordinates": [ 151.2172, -33.8641 ] } },
{ "type": "Feature", "properties": { "decimalLatitude": -35.3732, "decimalLongitude": 139.1426, "month": 3, "species_sci": "Threskiornis molucca", "species_com": "Australian White Ibis" }, "geometry": { "type": "Point", "coordinates": [ 139.1426, -35.3732 ] } },
{ "type": "Feature", "properties": { "decimalLatitude": -33.9633, "decimalLongitude": 151.1458, "month": 3, "species_sci": "Threskiornis molucca", "species_com": "Australian White Ibis" }, "geometry": { "type": "Point", "coordinates": [ 151.1458, -33.9633 ] } },
{ "type": "Feature", "properties": { "decimalLatitude": -38.4997, "decimalLongitude": 145.3381, "month": 3, "species_sci": "Threskiornis molucca", "species_com": "Australian White Ibis" }, "geometry": { "type": "Point", "coordinates": [ 145.3381, -38.4997 ] } },
{ "type": "Feature", "properties": { "decimalLatitude": -37.8248, "decimalLongitude": 145.1653, "month": 3, "species_sci": "Threskiornis molucca", "species_com": "Australian White Ibis" }, "geometry": { "type": "Point", "coordinates": [ 145.1653, -37.8248 ] } },
{ "type": "Feature", "properties": { "decimalLatitude": -27.3747, "decimalLongitude": 153.0268, "month": 3, "species_sci": "Threskiornis molucca", "species_com": "Australian White Ibis" }, "geometry": { "type": "Point", "coordinates": [ 153.0268, -27.3747 ] } },
{ "type": "Feature", "properties": { "decimalLatitude": -32.7203, "decimalLongitude": 152.1441, "month": 3, "species_sci": "Threskiornis molucca", "species_com": "Australian White Ibis" }, "geometry": { "type": "Point", "coordinates": [ 152.1441, -32.7203 ] } },
{ "type": "Feature", "properties": { "decimalLatitude": -37.6823, "decimalLongitude": 145.5317, "month": 3, "species_sci": "Threskiornis molucca", "species_com": "Australian White Ibis" }, "geometry": { "type": "Point", "coordinates": [ 145.5317, -37.6823 ] } },
{ "type": "Feature", "properties": { "decimalLatitude": -37.6208, "decimalLongitude": 145.105, "month": 3, "species_sci": "Threskiornis molucca", "species_com": "Australian White Ibis" }, "geometry": { "type": "Point", "coordinates": [ 145.105, -37.6208 ] } },
{ "type": "Feature", "properties": { "decimalLatitude": -34.9583, "decimalLongitude": 117.3789, "month": 3, "species_sci": "Threskiornis molucca", "species_com": "Australian White Ibis" }, "geometry": { "type": "Point", "coordinates": [ 117.3789, -34.9583 ] } },
{ "type": "Feature", "properties": { "decimalLatitude": -38.2671, "decimalLongitude": 144.6156, "month": 3, "species_sci": "Threskiornis molucca", "species_com": "Australian White Ibis" }, "geometry": { "type": "Point", "coordinates": [ 144.6156, -38.2671 ] } },
{ "type": "Feature", "properties": { "decimalLatitude": -32.79, "decimalLongitude": 149.0719, "month": 3, "species_sci": "Threskiornis molucca", "species_com": "Australian White Ibis" }, "geometry": { "type": "Point", "coordinates": [ 149.0719, -32.79 ] } },
{ "type": "Feature", "properties": { "decimalLatitude": -12.4417, "decimalLongitude": 130.8359, "month": 3, "species_sci": "Threskiornis molucca", "species_com": "Australian White Ibis" }, "geometry": { "type": "Point", "coordinates": [ 130.8359, -12.4417 ] } },
{ "type": "Feature", "properties": { "decimalLatitude": -34.4943, "decimalLongitude": 146.3561, "month": 3, "species_sci": "Threskiornis molucca", "species_com": "Australian White Ibis" }, "geometry": { "type": "Point", "coordinates": [ 146.3561, -34.4943 ] } },
{ "type": "Feature", "properties": { "decimalLatitude": -27.5661, "decimalLongitude": 153.1051, "month": 3, "species_sci": "Threskiornis molucca", "species_com": "Australian White Ibis" }, "geometry": { "type": "Point", "coordinates": [ 153.1051, -27.5661 ] } },
{ "type": "Feature", "properties": { "decimalLatitude": -37.8712, "decimalLongitude": 145.1915, "month": 3, "species_sci": "Threskiornis molucca", "species_com": "Australian White Ibis" }, "geometry": { "type": "Point", "coordinates": [ 145.1915, -37.8712 ] } },
{ "type": "Feature", "properties": { "decimalLatitude": -32.0715, "decimalLongitude": 115.835, "month": 3, "species_sci": "Threskiornis molucca", "species_com": "Australian White Ibis" }, "geometry": { "type": "Point", "coordinates": [ 115.835, -32.0715 ] } },
{ "type": "Feature", "properties": { "decimalLatitude": -27.4557, "decimalLongitude": 153.0225, "month": 3, "species_sci": "Threskiornis molucca", "species_com": "Australian White Ibis" }, "geometry": { "type": "Point", "coordinates": [ 153.0225, -27.4557 ] } },
{ "type": "Feature", "properties": { "decimalLatitude": -27.5467, "decimalLongitude": 153.2762, "month": 3, "species_sci": "Threskiornis molucca", "species_com": "Australian White Ibis" }, "geometry": { "type": "Point", "coordinates": [ 153.2762, -27.5467 ] } },
{ "type": "Feature", "properties": { "decimalLatitude": -36.9333, "decimalLongitude": 149.8737, "month": 3, "species_sci": "Threskiornis molucca", "species_com": "Australian White Ibis" }, "geometry": { "type": "Point", "coordinates": [ 149.8737, -36.9333 ] } },
{ "type": "Feature", "properties": { "decimalLatitude": -34.916, "decimalLongitude": 138.6047, "month": 3, "species_sci": "Threskiornis molucca", "species_com": "Australian White Ibis" }, "geometry": { "type": "Point", "coordinates": [ 138.6047, -34.916 ] } },
{ "type": "Feature", "properties": { "decimalLatitude": -27.3808, "decimalLongitude": 153.0358, "month": 3, "species_sci": "Threskiornis molucca", "species_com": "Australian White Ibis" }, "geometry": { "type": "Point", "coordinates": [ 153.0358, -27.3808 ] } },
{ "type": "Feature", "properties": { "decimalLatitude": -33.873, "decimalLongitude": 151.2119, "month": 3, "species_sci": "Threskiornis molucca", "species_com": "Australian White Ibis" }, "geometry": { "type": "Point", "coordinates": [ 151.2119, -33.873 ] } },
{ "type": "Feature", "properties": { "decimalLatitude": -37.829, "decimalLongitude": 145.0215, "month": 3, "species_sci": "Threskiornis molucca", "species_com": "Australian White Ibis" }, "geometry": { "type": "Point", "coordinates": [ 145.0215, -37.829 ] } },
{ "type": "Feature", "properties": { "decimalLatitude": -33.875, "decimalLongitude": 151.2026, "month": 3, "species_sci": "Threskiornis molucca", "species_com": "Australian White Ibis" }, "geometry": { "type": "Point", "coordinates": [ 151.2026, -33.875 ] } },
{ "type": "Feature", "properties": { "decimalLatitude": -33.8853, "decimalLongitude": 151.1935, "month": 3, "species_sci": "Threskiornis molucca", "species_com": "Australian White Ibis" }, "geometry": { "type": "Point", "coordinates": [ 151.1935, -33.8853 ] } },
{ "type": "Feature", "properties": { "decimalLatitude": -27.4766, "decimalLongitude": 153.0311, "month": 3, "species_sci": "Threskiornis molucca", "species_com": "Australian White Ibis" }, "geometry": { "type": "Point", "coordinates": [ 153.0311, -27.4766 ] } },
{ "type": "Feature", "properties": { "decimalLatitude": -31.9569, "decimalLongitude": 115.8443, "month": 3, "species_sci": "Threskiornis molucca", "species_com": "Australian White Ibis" }, "geometry": { "type": "Point", "coordinates": [ 115.8443, -31.9569 ] } },
{ "type": "Feature", "properties": { "decimalLatitude": -33.8825, "decimalLongitude": 151.2356, "month": 3, "species_sci": "Threskiornis molucca", "species_com": "Australian White Ibis" }, "geometry": { "type": "Point", "coordinates": [ 151.2356, -33.8825 ] } },
{ "type": "Feature", "properties": { "decimalLatitude": -33.8643, "decimalLongitude": 151.2174, "month": 3, "species_sci": "Threskiornis molucca", "species_com": "Australian White Ibis" }, "geometry": { "type": "Point", "coordinates": [ 151.2174, -33.8643 ] } },
{ "type": "Feature", "properties": { "decimalLatitude": -31.9554, "decimalLongitude": 115.8658, "month": 3, "species_sci": "Threskiornis molucca", "species_com": "Australian White Ibis" }, "geometry": { "type": "Point", "coordinates": [ 115.8658, -31.9554 ] } },
{ "type": "Feature", "properties": { "decimalLatitude": -19.3917, "decimalLongitude": 146.7221, "month": 3, "species_sci": "Threskiornis molucca", "species_com": "Australian White Ibis" }, "geometry": { "type": "Point", "coordinates": [ 146.7221, -19.3917 ] } },
{ "type": "Feature", "properties": { "decimalLatitude": -27.4847, "decimalLongitude": 153.1147, "month": 3, "species_sci": "Threskiornis molucca", "species_com": "Australian White Ibis" }, "geometry": { "type": "Point", "coordinates": [ 153.1147, -27.4847 ] } },
{ "type": "Feature", "properties": { "decimalLatitude": -38.3001, "decimalLongitude": 144.3731, "month": 3, "species_sci": "Threskiornis molucca", "species_com": "Australian White Ibis" }, "geometry": { "type": "Point", "coordinates": [ 144.3731, -38.3001 ] } },
{ "type": "Feature", "properties": { "decimalLatitude": -33.859, "decimalLongitude": 151.2155, "month": 3, "species_sci": "Threskiornis molucca", "species_com": "Australian White Ibis" }, "geometry": { "type": "Point", "coordinates": [ 151.2155, -33.859 ] } },
{ "type": "Feature", "properties": { "decimalLatitude": -25.2845, "decimalLongitude": 152.7546, "month": 3, "species_sci": "Threskiornis molucca", "species_com": "Australian White Ibis" }, "geometry": { "type": "Point", "coordinates": [ 152.7546, -25.2845 ] } },
{ "type": "Feature", "properties": { "decimalLatitude": -34.9367, "decimalLongitude": 150.7662, "month": 3, "species_sci": "Threskiornis molucca", "species_com": "Australian White Ibis" }, "geometry": { "type": "Point", "coordinates": [ 150.7662, -34.9367 ] } },
{ "type": "Feature", "properties": { "decimalLatitude": -38.3005, "decimalLongitude": 144.3734, "month": 3, "species_sci": "Threskiornis molucca", "species_com": "Australian White Ibis" }, "geometry": { "type": "Point", "coordinates": [ 144.3734, -38.3005 ] } },
{ "type": "Feature", "properties": { "decimalLatitude": -33.9426, "decimalLongitude": 150.8553, "month": 3, "species_sci": "Threskiornis molucca", "species_com": "Australian White Ibis" }, "geometry": { "type": "Point", "coordinates": [ 150.8553, -33.9426 ] } },
{ "type": "Feature", "properties": { "decimalLatitude": -32.0603, "decimalLongitude": 115.8137, "month": 3, "species_sci": "Threskiornis molucca", "species_com": "Australian White Ibis" }, "geometry": { "type": "Point", "coordinates": [ 115.8137, -32.0603 ] } },
{ "type": "Feature", "properties": { "decimalLatitude": -37.6105, "decimalLongitude": 140.371, "month": 3, "species_sci": "Threskiornis molucca", "species_com": "Australian White Ibis" }, "geometry": { "type": "Point", "coordinates": [ 140.371, -37.6105 ] } },
{ "type": "Feature", "properties": { "decimalLatitude": -37.7516, "decimalLongitude": 145.091, "month": 3, "species_sci": "Threskiornis molucca", "species_com": "Australian White Ibis" }, "geometry": { "type": "Point", "coordinates": [ 145.091, -37.7516 ] } },
{ "type": "Feature", "properties": { "decimalLatitude": -35.4265, "decimalLongitude": 149.0837, "month": 3, "species_sci": "Threskiornis molucca", "species_com": "Australian White Ibis" }, "geometry": { "type": "Point", "coordinates": [ 149.0837, -35.4265 ] } },
{ "type": "Feature", "properties": { "decimalLatitude": -33.8724, "decimalLongitude": 151.2126, "month": 3, "species_sci": "Threskiornis molucca", "species_com": "Australian White Ibis" }, "geometry": { "type": "Point", "coordinates": [ 151.2126, -33.8724 ] } },
{ "type": "Feature", "properties": { "decimalLatitude": -33.9625, "decimalLongitude": 151.1443, "month": 3, "species_sci": "Threskiornis molucca", "species_com": "Australian White Ibis" }, "geometry": { "type": "Point", "coordinates": [ 151.1443, -33.9625 ] } },
{ "type": "Feature", "properties": { "decimalLatitude": -37.7372, "decimalLongitude": 145.1565, "month": 3, "species_sci": "Threskiornis molucca", "species_com": "Australian White Ibis" }, "geometry": { "type": "Point", "coordinates": [ 145.1565, -37.7372 ] } },
{ "type": "Feature", "properties": { "decimalLatitude": -33.3107, "decimalLongitude": 115.7032, "month": 3, "species_sci": "Threskiornis molucca", "species_com": "Australian White Ibis" }, "geometry": { "type": "Point", "coordinates": [ 115.7032, -33.3107 ] } },
{ "type": "Feature", "properties": { "decimalLatitude": -33.9498, "decimalLongitude": 150.8566, "month": 3, "species_sci": "Threskiornis molucca", "species_com": "Australian White Ibis" }, "geometry": { "type": "Point", "coordinates": [ 150.8566, -33.9498 ] } },
{ "type": "Feature", "properties": { "decimalLatitude": -34.6464, "decimalLongitude": 150.7931, "month": 3, "species_sci": "Threskiornis molucca", "species_com": "Australian White Ibis" }, "geometry": { "type": "Point", "coordinates": [ 150.7931, -34.6464 ] } },
{ "type": "Feature", "properties": { "decimalLatitude": -29.1231, "decimalLongitude": 153.431, "month": 3, "species_sci": "Threskiornis molucca", "species_com": "Australian White Ibis" }, "geometry": { "type": "Point", "coordinates": [ 153.431, -29.1231 ] } },
{ "type": "Feature", "properties": { "decimalLatitude": -38.2644, "decimalLongitude": 144.6598, "month": 3, "species_sci": "Threskiornis molucca", "species_com": "Australian White Ibis" }, "geometry": { "type": "Point", "coordinates": [ 144.6598, -38.2644 ] } },
{ "type": "Feature", "properties": { "decimalLatitude": -38.004, "decimalLongitude": 144.4092, "month": 3, "species_sci": "Threskiornis molucca", "species_com": "Australian White Ibis" }, "geometry": { "type": "Point", "coordinates": [ 144.4092, -38.004 ] } },
{ "type": "Feature", "properties": { "decimalLatitude": -31.5483, "decimalLongitude": 152.8483, "month": 3, "species_sci": "Threskiornis molucca", "species_com": "Australian White Ibis" }, "geometry": { "type": "Point", "coordinates": [ 152.8483, -31.5483 ] } },
{ "type": "Feature", "properties": { "decimalLatitude": -31.7306, "decimalLongitude": 115.7739, "month": 3, "species_sci": "Threskiornis molucca", "species_com": "Australian White Ibis" }, "geometry": { "type": "Point", "coordinates": [ 115.7739, -31.7306 ] } },
{ "type": "Feature", "properties": { "decimalLatitude": -38.3782, "decimalLongitude": 145.1194, "month": 4, "species_sci": "Threskiornis molucca", "species_com": "Australian White Ibis" }, "geometry": { "type": "Point", "coordinates": [ 145.1194, -38.3782 ] } },
{ "type": "Feature", "properties": { "decimalLatitude": -27.4272, "decimalLongitude": 153.1694, "month": 4, "species_sci": "Threskiornis molucca", "species_com": "Australian White Ibis" }, "geometry": { "type": "Point", "coordinates": [ 153.1694, -27.4272 ] } },
{ "type": "Feature", "properties": { "decimalLatitude": -27.5643, "decimalLongitude": 153.0923, "month": 4, "species_sci": "Threskiornis molucca", "species_com": "Australian White Ibis" }, "geometry": { "type": "Point", "coordinates": [ 153.0923, -27.5643 ] } },
{ "type": "Feature", "properties": { "decimalLatitude": -34.8228, "decimalLongitude": 138.6635, "month": 4, "species_sci": "Threskiornis molucca", "species_com": "Australian White Ibis" }, "geometry": { "type": "Point", "coordinates": [ 138.6635, -34.8228 ] } },
{ "type": "Feature", "properties": { "decimalLatitude": -33.8722, "decimalLongitude": 151.2105, "month": 4, "species_sci": "Threskiornis molucca", "species_com": "Australian White Ibis" }, "geometry": { "type": "Point", "coordinates": [ 151.2105, -33.8722 ] } },
{ "type": "Feature", "properties": { "decimalLatitude": -38.6909, "decimalLongitude": 146.336, "month": 4, "species_sci": "Threskiornis molucca", "species_com": "Australian White Ibis" }, "geometry": { "type": "Point", "coordinates": [ 146.336, -38.6909 ] } },
{ "type": "Feature", "properties": { "decimalLatitude": -33.8714, "decimalLongitude": 151.2113, "month": 4, "species_sci": "Threskiornis molucca", "species_com": "Australian White Ibis" }, "geometry": { "type": "Point", "coordinates": [ 151.2113, -33.8714 ] } },
{ "type": "Feature", "properties": { "decimalLatitude": -33.8732, "decimalLongitude": 151.2237, "month": 4, "species_sci": "Threskiornis molucca", "species_com": "Australian White Ibis" }, "geometry": { "type": "Point", "coordinates": [ 151.2237, -33.8732 ] } },
{ "type": "Feature", "properties": { "decimalLatitude": -33.8986, "decimalLongitude": 150.9601, "month": 4, "species_sci": "Threskiornis molucca", "species_com": "Australian White Ibis" }, "geometry": { "type": "Point", "coordinates": [ 150.9601, -33.8986 ] } },
{ "type": "Feature", "properties": { "decimalLatitude": -37.8248, "decimalLongitude": 145.1653, "month": 4, "species_sci": "Threskiornis molucca", "species_com": "Australian White Ibis" }, "geometry": { "type": "Point", "coordinates": [ 145.1653, -37.8248 ] } },
{ "type": "Feature", "properties": { "decimalLatitude": -37.5482, "decimalLongitude": 145.1227, "month": 4, "species_sci": "Threskiornis molucca", "species_com": "Australian White Ibis" }, "geometry": { "type": "Point", "coordinates": [ 145.1227, -37.5482 ] } },
{ "type": "Feature", "properties": { "decimalLatitude": -36.3516, "decimalLongitude": 146.328, "month": 4, "species_sci": "Threskiornis molucca", "species_com": "Australian White Ibis" }, "geometry": { "type": "Point", "coordinates": [ 146.328, -36.3516 ] } },
{ "type": "Feature", "properties": { "decimalLatitude": -37.8, "decimalLongitude": 145.2, "month": 4, "species_sci": "Threskiornis molucca", "species_com": "Australian White Ibis" }, "geometry": { "type": "Point", "coordinates": [ 145.2, -37.8 ] } },
{ "type": "Feature", "properties": { "decimalLatitude": -33.5227, "decimalLongitude": 115.5413, "month": 4, "species_sci": "Threskiornis molucca", "species_com": "Australian White Ibis" }, "geometry": { "type": "Point", "coordinates": [ 115.5413, -33.5227 ] } },
{ "type": "Feature", "properties": { "decimalLatitude": -33.9448, "decimalLongitude": 151.145, "month": 4, "species_sci": "Threskiornis molucca", "species_com": "Australian White Ibis" }, "geometry": { "type": "Point", "coordinates": [ 151.145, -33.9448 ] } },
{ "type": "Feature", "properties": { "decimalLatitude": -31.9951, "decimalLongitude": 115.8783, "month": 4, "species_sci": "Threskiornis molucca", "species_com": "Australian White Ibis" }, "geometry": { "type": "Point", "coordinates": [ 115.8783, -31.9951 ] } },
{ "type": "Feature", "properties": { "decimalLatitude": -37.8257, "decimalLongitude": 145.1622, "month": 4, "species_sci": "Threskiornis molucca", "species_com": "Australian White Ibis" }, "geometry": { "type": "Point", "coordinates": [ 145.1622, -37.8257 ] } },
{ "type": "Feature", "properties": { "decimalLatitude": -33.2627, "decimalLongitude": 149.0842, "month": 4, "species_sci": "Threskiornis molucca", "species_com": "Australian White Ibis" }, "geometry": { "type": "Point", "coordinates": [ 149.0842, -33.2627 ] } },
{ "type": "Feature", "properties": { "decimalLatitude": -33.9436, "decimalLongitude": 150.8501, "month": 4, "species_sci": "Threskiornis molucca", "species_com": "Australian White Ibis" }, "geometry": { "type": "Point", "coordinates": [ 150.8501, -33.9436 ] } },
{ "type": "Feature", "properties": { "decimalLatitude": -34.8635, "decimalLongitude": 148.6811, "month": 4, "species_sci": "Threskiornis molucca", "species_com": "Australian White Ibis" }, "geometry": { "type": "Point", "coordinates": [ 148.6811, -34.8635 ] } },
{ "type": "Feature", "properties": { "decimalLatitude": -27.6137, "decimalLongitude": 152.3129, "month": 4, "species_sci": "Threskiornis molucca", "species_com": "Australian White Ibis" }, "geometry": { "type": "Point", "coordinates": [ 152.3129, -27.6137 ] } },
{ "type": "Feature", "properties": { "decimalLatitude": -27.4785, "decimalLongitude": 153.0238, "month": 4, "species_sci": "Threskiornis molucca", "species_com": "Australian White Ibis" }, "geometry": { "type": "Point", "coordinates": [ 153.0238, -27.4785 ] } },
{ "type": "Feature", "properties": { "decimalLatitude": -31.8333, "decimalLongitude": 115.9496, "month": 4, "species_sci": "Threskiornis molucca", "species_com": "Australian White Ibis" }, "geometry": { "type": "Point", "coordinates": [ 115.9496, -31.8333 ] } },
{ "type": "Feature", "properties": { "decimalLatitude": -23.3991, "decimalLongitude": 150.4877, "month": 4, "species_sci": "Threskiornis molucca", "species_com": "Australian White Ibis" }, "geometry": { "type": "Point", "coordinates": [ 150.4877, -23.3991 ] } },
{ "type": "Feature", "properties": { "decimalLatitude": -27.5003, "decimalLongitude": 153.0156, "month": 4, "species_sci": "Threskiornis molucca", "species_com": "Australian White Ibis" }, "geometry": { "type": "Point", "coordinates": [ 153.0156, -27.5003 ] } },
{ "type": "Feature", "properties": { "decimalLatitude": -33.3011, "decimalLongitude": 115.6786, "month": 4, "species_sci": "Threskiornis molucca", "species_com": "Australian White Ibis" }, "geometry": { "type": "Point", "coordinates": [ 115.6786, -33.3011 ] } },
{ "type": "Feature", "properties": { "decimalLatitude": -27.5632, "decimalLongitude": 153.0946, "month": 4, "species_sci": "Threskiornis molucca", "species_com": "Australian White Ibis" }, "geometry": { "type": "Point", "coordinates": [ 153.0946, -27.5632 ] } },
{ "type": "Feature", "properties": { "decimalLatitude": -28.7131, "decimalLongitude": 151.9944, "month": 4, "species_sci": "Threskiornis molucca", "species_com": "Australian White Ibis" }, "geometry": { "type": "Point", "coordinates": [ 151.9944, -28.7131 ] } },
{ "type": "Feature", "properties": { "decimalLatitude": -34.3805, "decimalLongitude": 142.371, "month": 4, "species_sci": "Threskiornis molucca", "species_com": "Australian White Ibis" }, "geometry": { "type": "Point", "coordinates": [ 142.371, -34.3805 ] } },
{ "type": "Feature", "properties": { "decimalLatitude": -34.8056, "decimalLongitude": 138.6013, "month": 4, "species_sci": "Threskiornis molucca", "species_com": "Australian White Ibis" }, "geometry": { "type": "Point", "coordinates": [ 138.6013, -34.8056 ] } },
{ "type": "Feature", "properties": { "decimalLatitude": -34.191, "decimalLongitude": 138.1446, "month": 4, "species_sci": "Threskiornis molucca", "species_com": "Australian White Ibis" }, "geometry": { "type": "Point", "coordinates": [ 138.1446, -34.191 ] } },
{ "type": "Feature", "properties": { "decimalLatitude": -34.4101, "decimalLongitude": 150.8753, "month": 4, "species_sci": "Threskiornis molucca", "species_com": "Australian White Ibis" }, "geometry": { "type": "Point", "coordinates": [ 150.8753, -34.4101 ] } },
{ "type": "Feature", "properties": { "decimalLatitude": -35.7847, "decimalLongitude": 138.0666, "month": 4, "species_sci": "Threskiornis molucca", "species_com": "Australian White Ibis" }, "geometry": { "type": "Point", "coordinates": [ 138.0666, -35.7847 ] } },
{ "type": "Feature", "properties": { "decimalLatitude": -27.5633, "decimalLongitude": 153.094, "month": 4, "species_sci": "Threskiornis molucca", "species_com": "Australian White Ibis" }, "geometry": { "type": "Point", "coordinates": [ 153.094, -27.5633 ] } },
{ "type": "Feature", "properties": { "decimalLatitude": -34.9348, "decimalLongitude": 138.5097, "month": 4, "species_sci": "Threskiornis molucca", "species_com": "Australian White Ibis" }, "geometry": { "type": "Point", "coordinates": [ 138.5097, -34.9348 ] } },
{ "type": "Feature", "properties": { "decimalLatitude": -33.9425, "decimalLongitude": 150.852, "month": 4, "species_sci": "Threskiornis molucca", "species_com": "Australian White Ibis" }, "geometry": { "type": "Point", "coordinates": [ 150.852, -33.9425 ] } },
{ "type": "Feature", "properties": { "decimalLatitude": -34.7988, "decimalLongitude": 138.6505, "month": 4, "species_sci": "Threskiornis molucca", "species_com": "Australian White Ibis" }, "geometry": { "type": "Point", "coordinates": [ 138.6505, -34.7988 ] } },
{ "type": "Feature", "properties": { "decimalLatitude": -37.9475, "decimalLongitude": 147.8018, "month": 4, "species_sci": "Threskiornis molucca", "species_com": "Australian White Ibis" }, "geometry": { "type": "Point", "coordinates": [ 147.8018, -37.9475 ] } },
{ "type": "Feature", "properties": { "decimalLatitude": -33.9448, "decimalLongitude": 150.8588, "month": 4, "species_sci": "Threskiornis molucca", "species_com": "Australian White Ibis" }, "geometry": { "type": "Point", "coordinates": [ 150.8588, -33.9448 ] } },
{ "type": "Feature", "properties": { "decimalLatitude": -27.0309, "decimalLongitude": 153.1452, "month": 4, "species_sci": "Threskiornis molucca", "species_com": "Australian White Ibis" }, "geometry": { "type": "Point", "coordinates": [ 153.1452, -27.0309 ] } },
{ "type": "Feature", "properties": { "decimalLatitude": -33.8647, "decimalLongitude": 151.2192, "month": 4, "species_sci": "Threskiornis molucca", "species_com": "Australian White Ibis" }, "geometry": { "type": "Point", "coordinates": [ 151.2192, -33.8647 ] } },
{ "type": "Feature", "properties": { "decimalLatitude": -27.5641, "decimalLongitude": 153.0986, "month": 4, "species_sci": "Threskiornis molucca", "species_com": "Australian White Ibis" }, "geometry": { "type": "Point", "coordinates": [ 153.0986, -27.5641 ] } },
{ "type": "Feature", "properties": { "decimalLatitude": -37.8592, "decimalLongitude": 144.836, "month": 4, "species_sci": "Threskiornis molucca", "species_com": "Australian White Ibis" }, "geometry": { "type": "Point", "coordinates": [ 144.836, -37.8592 ] } },
{ "type": "Feature", "properties": { "decimalLatitude": -34.5592, "decimalLongitude": 150.8072, "month": 4, "species_sci": "Threskiornis molucca", "species_com": "Australian White Ibis" }, "geometry": { "type": "Point", "coordinates": [ 150.8072, -34.5592 ] } },
{ "type": "Feature", "properties": { "decimalLatitude": -37.8298, "decimalLongitude": 144.9094, "month": 4, "species_sci": "Threskiornis molucca", "species_com": "Australian White Ibis" }, "geometry": { "type": "Point", "coordinates": [ 144.9094, -37.8298 ] } },
{ "type": "Feature", "properties": { "decimalLatitude": -27.4962, "decimalLongitude": 153.0157, "month": 4, "species_sci": "Threskiornis molucca", "species_com": "Australian White Ibis" }, "geometry": { "type": "Point", "coordinates": [ 153.0157, -27.4962 ] } },
{ "type": "Feature", "properties": { "decimalLatitude": -33.9639, "decimalLongitude": 151.1444, "month": 4, "species_sci": "Threskiornis molucca", "species_com": "Australian White Ibis" }, "geometry": { "type": "Point", "coordinates": [ 151.1444, -33.9639 ] } },
{ "type": "Feature", "properties": { "decimalLatitude": -28.0043, "decimalLongitude": 153.3409, "month": 4, "species_sci": "Threskiornis molucca", "species_com": "Australian White Ibis" }, "geometry": { "type": "Point", "coordinates": [ 153.3409, -28.0043 ] } },
{ "type": "Feature", "properties": { "decimalLatitude": -37.8585, "decimalLongitude": 144.8264, "month": 4, "species_sci": "Threskiornis molucca", "species_com": "Australian White Ibis" }, "geometry": { "type": "Point", "coordinates": [ 144.8264, -37.8585 ] } },
{ "type": "Feature", "properties": { "decimalLatitude": -27.8993, "decimalLongitude": 153.3161, "month": 4, "species_sci": "Threskiornis molucca", "species_com": "Australian White Ibis" }, "geometry": { "type": "Point", "coordinates": [ 153.3161, -27.8993 ] } },
{ "type": "Feature", "properties": { "decimalLatitude": -38.1009, "decimalLongitude": 144.3492, "month": 4, "species_sci": "Threskiornis molucca", "species_com": "Australian White Ibis" }, "geometry": { "type": "Point", "coordinates": [ 144.3492, -38.1009 ] } },
{ "type": "Feature", "properties": { "decimalLatitude": -33.8594, "decimalLongitude": 151.2161, "month": 4, "species_sci": "Threskiornis molucca", "species_com": "Australian White Ibis" }, "geometry": { "type": "Point", "coordinates": [ 151.2161, -33.8594 ] } },
{ "type": "Feature", "properties": { "decimalLatitude": -34.0423, "decimalLongitude": 151.1127, "month": 4, "species_sci": "Threskiornis molucca", "species_com": "Australian White Ibis" }, "geometry": { "type": "Point", "coordinates": [ 151.1127, -34.0423 ] } },
{ "type": "Feature", "properties": { "decimalLatitude": -21.1253, "decimalLongitude": 149.1672, "month": 4, "species_sci": "Threskiornis molucca", "species_com": "Australian White Ibis" }, "geometry": { "type": "Point", "coordinates": [ 149.1672, -21.1253 ] } },
{ "type": "Feature", "properties": { "decimalLatitude": -34.8553, "decimalLongitude": 138.6473, "month": 4, "species_sci": "Threskiornis molucca", "species_com": "Australian White Ibis" }, "geometry": { "type": "Point", "coordinates": [ 138.6473, -34.8553 ] } },
{ "type": "Feature", "properties": { "decimalLatitude": -35.3151, "decimalLongitude": 149.1601, "month": 4, "species_sci": "Threskiornis molucca", "species_com": "Australian White Ibis" }, "geometry": { "type": "Point", "coordinates": [ 149.1601, -35.3151 ] } },
{ "type": "Feature", "properties": { "decimalLatitude": -27.4663, "decimalLongitude": 153.0143, "month": 4, "species_sci": "Threskiornis molucca", "species_com": "Australian White Ibis" }, "geometry": { "type": "Point", "coordinates": [ 153.0143, -27.4663 ] } },
{ "type": "Feature", "properties": { "decimalLatitude": -37.7906, "decimalLongitude": 145.2432, "month": 4, "species_sci": "Threskiornis molucca", "species_com": "Australian White Ibis" }, "geometry": { "type": "Point", "coordinates": [ 145.2432, -37.7906 ] } },
{ "type": "Feature", "properties": { "decimalLatitude": -37.7842, "decimalLongitude": 144.9521, "month": 4, "species_sci": "Threskiornis molucca", "species_com": "Australian White Ibis" }, "geometry": { "type": "Point", "coordinates": [ 144.9521, -37.7842 ] } },
{ "type": "Feature", "properties": { "decimalLatitude": -27.3075, "decimalLongitude": 153.1732, "month": 4, "species_sci": "Threskiornis molucca", "species_com": "Australian White Ibis" }, "geometry": { "type": "Point", "coordinates": [ 153.1732, -27.3075 ] } },
{ "type": "Feature", "properties": { "decimalLatitude": -31.5694, "decimalLongitude": 116.4887, "month": 4, "species_sci": "Threskiornis molucca", "species_com": "Australian White Ibis" }, "geometry": { "type": "Point", "coordinates": [ 116.4887, -31.5694 ] } },
{ "type": "Feature", "properties": { "decimalLatitude": -18.7061, "decimalLongitude": 146.2632, "month": 4, "species_sci": "Threskiornis molucca", "species_com": "Australian White Ibis" }, "geometry": { "type": "Point", "coordinates": [ 146.2632, -18.7061 ] } },
{ "type": "Feature", "properties": { "decimalLatitude": -26.8075, "decimalLongitude": 153.1343, "month": 4, "species_sci": "Threskiornis molucca", "species_com": "Australian White Ibis" }, "geometry": { "type": "Point", "coordinates": [ 153.1343, -26.8075 ] } },
{ "type": "Feature", "properties": { "decimalLatitude": -38.6036, "decimalLongitude": 142.8693, "month": 4, "species_sci": "Threskiornis molucca", "species_com": "Australian White Ibis" }, "geometry": { "type": "Point", "coordinates": [ 142.8693, -38.6036 ] } },
{ "type": "Feature", "properties": { "decimalLatitude": -33.9631, "decimalLongitude": 151.1458, "month": 4, "species_sci": "Threskiornis molucca", "species_com": "Australian White Ibis" }, "geometry": { "type": "Point", "coordinates": [ 151.1458, -33.9631 ] } },
{ "type": "Feature", "properties": { "decimalLatitude": -33.9637, "decimalLongitude": 151.1453, "month": 4, "species_sci": "Threskiornis molucca", "species_com": "Australian White Ibis" }, "geometry": { "type": "Point", "coordinates": [ 151.1453, -33.9637 ] } },
{ "type": "Feature", "properties": { "decimalLatitude": -25.3225, "decimalLongitude": 152.813, "month": 4, "species_sci": "Threskiornis molucca", "species_com": "Australian White Ibis" }, "geometry": { "type": "Point", "coordinates": [ 152.813, -25.3225 ] } },
{ "type": "Feature", "properties": { "decimalLatitude": -27.4848, "decimalLongitude": 153.1149, "month": 4, "species_sci": "Threskiornis molucca", "species_com": "Australian White Ibis" }, "geometry": { "type": "Point", "coordinates": [ 153.1149, -27.4848 ] } },
{ "type": "Feature", "properties": { "decimalLatitude": -33.9631, "decimalLongitude": 151.1457, "month": 4, "species_sci": "Threskiornis molucca", "species_com": "Australian White Ibis" }, "geometry": { "type": "Point", "coordinates": [ 151.1457, -33.9631 ] } },
{ "type": "Feature", "properties": { "decimalLatitude": -38.1279, "decimalLongitude": 145.8721, "month": 4, "species_sci": "Threskiornis molucca", "species_com": "Australian White Ibis" }, "geometry": { "type": "Point", "coordinates": [ 145.8721, -38.1279 ] } },
{ "type": "Feature", "properties": { "decimalLatitude": -27.4685, "decimalLongitude": 153.0243, "month": 4, "species_sci": "Threskiornis molucca", "species_com": "Australian White Ibis" }, "geometry": { "type": "Point", "coordinates": [ 153.0243, -27.4685 ] } },
{ "type": "Feature", "properties": { "decimalLatitude": -32.244, "decimalLongitude": 148.601, "month": 4, "species_sci": "Threskiornis molucca", "species_com": "Australian White Ibis" }, "geometry": { "type": "Point", "coordinates": [ 148.601, -32.244 ] } },
{ "type": "Feature", "properties": { "decimalLatitude": -38.148, "decimalLongitude": 145.1219, "month": 4, "species_sci": "Threskiornis molucca", "species_com": "Australian White Ibis" }, "geometry": { "type": "Point", "coordinates": [ 145.1219, -38.148 ] } },
{ "type": "Feature", "properties": { "decimalLatitude": -33.8873, "decimalLongitude": 151.1897, "month": 4, "species_sci": "Threskiornis molucca", "species_com": "Australian White Ibis" }, "geometry": { "type": "Point", "coordinates": [ 151.1897, -33.8873 ] } },
{ "type": "Feature", "properties": { "decimalLatitude": -28.1239, "decimalLongitude": 153.4437, "month": 4, "species_sci": "Threskiornis molucca", "species_com": "Australian White Ibis" }, "geometry": { "type": "Point", "coordinates": [ 153.4437, -28.1239 ] } },
{ "type": "Feature", "properties": { "decimalLatitude": -37.8256, "decimalLongitude": 145.1623, "month": 4, "species_sci": "Threskiornis molucca", "species_com": "Australian White Ibis" }, "geometry": { "type": "Point", "coordinates": [ 145.1623, -37.8256 ] } },
{ "type": "Feature", "properties": { "decimalLatitude": -33.9424, "decimalLongitude": 150.852, "month": 4, "species_sci": "Threskiornis molucca", "species_com": "Australian White Ibis" }, "geometry": { "type": "Point", "coordinates": [ 150.852, -33.9424 ] } },
{ "type": "Feature", "properties": { "decimalLatitude": -31.91, "decimalLongitude": 152.4683, "month": 4, "species_sci": "Threskiornis molucca", "species_com": "Australian White Ibis" }, "geometry": { "type": "Point", "coordinates": [ 152.4683, -31.91 ] } },
{ "type": "Feature", "properties": { "decimalLatitude": -27.3817, "decimalLongitude": 153.0368, "month": 4, "species_sci": "Threskiornis molucca", "species_com": "Australian White Ibis" }, "geometry": { "type": "Point", "coordinates": [ 153.0368, -27.3817 ] } },
{ "type": "Feature", "properties": { "decimalLatitude": -35.013, "decimalLongitude": 117.8636, "month": 4, "species_sci": "Threskiornis molucca", "species_com": "Australian White Ibis" }, "geometry": { "type": "Point", "coordinates": [ 117.8636, -35.013 ] } },
{ "type": "Feature", "properties": { "decimalLatitude": -37.87, "decimalLongitude": 144.8961, "month": 4, "species_sci": "Threskiornis molucca", "species_com": "Australian White Ibis" }, "geometry": { "type": "Point", "coordinates": [ 144.8961, -37.87 ] } },
{ "type": "Feature", "properties": { "decimalLatitude": -25.2693, "decimalLongitude": 152.7561, "month": 4, "species_sci": "Threskiornis molucca", "species_com": "Australian White Ibis" }, "geometry": { "type": "Point", "coordinates": [ 152.7561, -25.2693 ] } },
{ "type": "Feature", "properties": { "decimalLatitude": -33.8617, "decimalLongitude": 151.0857, "month": 4, "species_sci": "Threskiornis molucca", "species_com": "Australian White Ibis" }, "geometry": { "type": "Point", "coordinates": [ 151.0857, -33.8617 ] } },
{ "type": "Feature", "properties": { "decimalLatitude": -27.3824, "decimalLongitude": 153.0345, "month": 4, "species_sci": "Threskiornis molucca", "species_com": "Australian White Ibis" }, "geometry": { "type": "Point", "coordinates": [ 153.0345, -27.3824 ] } },
{ "type": "Feature", "properties": { "decimalLatitude": -33.7734, "decimalLongitude": 151.1138, "month": 4, "species_sci": "Threskiornis molucca", "species_com": "Australian White Ibis" }, "geometry": { "type": "Point", "coordinates": [ 151.1138, -33.7734 ] } },
{ "type": "Feature", "properties": { "decimalLatitude": -37.8593, "decimalLongitude": 144.8671, "month": 4, "species_sci": "Threskiornis molucca", "species_com": "Australian White Ibis" }, "geometry": { "type": "Point", "coordinates": [ 144.8671, -37.8593 ] } },
{ "type": "Feature", "properties": { "decimalLatitude": -33.8664, "decimalLongitude": 151.2171, "month": 4, "species_sci": "Threskiornis molucca", "species_com": "Australian White Ibis" }, "geometry": { "type": "Point", "coordinates": [ 151.2171, -33.8664 ] } },
{ "type": "Feature", "properties": { "decimalLatitude": -36.1557, "decimalLongitude": 146.5764, "month": 4, "species_sci": "Threskiornis molucca", "species_com": "Australian White Ibis" }, "geometry": { "type": "Point", "coordinates": [ 146.5764, -36.1557 ] } },
{ "type": "Feature", "properties": { "decimalLatitude": -16.8, "decimalLongitude": 145.7, "month": 4, "species_sci": "Threskiornis molucca", "species_com": "Australian White Ibis" }, "geometry": { "type": "Point", "coordinates": [ 145.7, -16.8 ] } },
{ "type": "Feature", "properties": { "decimalLatitude": -34.8274, "decimalLongitude": 138.5825, "month": 4, "species_sci": "Threskiornis molucca", "species_com": "Australian White Ibis" }, "geometry": { "type": "Point", "coordinates": [ 138.5825, -34.8274 ] } },
{ "type": "Feature", "properties": { "decimalLatitude": -38.3736, "decimalLongitude": 145.1256, "month": 4, "species_sci": "Threskiornis molucca", "species_com": "Australian White Ibis" }, "geometry": { "type": "Point", "coordinates": [ 145.1256, -38.3736 ] } },
{ "type": "Feature", "properties": { "decimalLatitude": -27.6123, "decimalLongitude": 152.813, "month": 4, "species_sci": "Threskiornis molucca", "species_com": "Australian White Ibis" }, "geometry": { "type": "Point", "coordinates": [ 152.813, -27.6123 ] } },
{ "type": "Feature", "properties": { "decimalLatitude": -33.8, "decimalLongitude": 150.7, "month": 4, "species_sci": "Threskiornis molucca", "species_com": "Australian White Ibis" }, "geometry": { "type": "Point", "coordinates": [ 150.7, -33.8 ] } },
{ "type": "Feature", "properties": { "decimalLatitude": -33.888, "decimalLongitude": 151.1842, "month": 4, "species_sci": "Threskiornis molucca", "species_com": "Australian White Ibis" }, "geometry": { "type": "Point", "coordinates": [ 151.1842, -33.888 ] } },
{ "type": "Feature", "properties": { "decimalLatitude": -27.4707, "decimalLongitude": 153.0353, "month": 4, "species_sci": "Threskiornis molucca", "species_com": "Australian White Ibis" }, "geometry": { "type": "Point", "coordinates": [ 153.0353, -27.4707 ] } },
{ "type": "Feature", "properties": { "decimalLatitude": -33.8608, "decimalLongitude": 151.2096, "month": 4, "species_sci": "Threskiornis molucca", "species_com": "Australian White Ibis" }, "geometry": { "type": "Point", "coordinates": [ 151.2096, -33.8608 ] } },
{ "type": "Feature", "properties": { "decimalLatitude": -33.7712, "decimalLongitude": 150.9039, "month": 4, "species_sci": "Threskiornis molucca", "species_com": "Australian White Ibis" }, "geometry": { "type": "Point", "coordinates": [ 150.9039, -33.7712 ] } },
{ "type": "Feature", "properties": { "decimalLatitude": -33.8681, "decimalLongitude": 151.217, "month": 4, "species_sci": "Threskiornis molucca", "species_com": "Australian White Ibis" }, "geometry": { "type": "Point", "coordinates": [ 151.217, -33.8681 ] } },
{ "type": "Feature", "properties": { "decimalLatitude": -33.9242, "decimalLongitude": 151.1905, "month": 4, "species_sci": "Threskiornis molucca", "species_com": "Australian White Ibis" }, "geometry": { "type": "Point", "coordinates": [ 151.1905, -33.9242 ] } },
{ "type": "Feature", "properties": { "decimalLatitude": -34.8379, "decimalLongitude": 150.6591, "month": 4, "species_sci": "Threskiornis molucca", "species_com": "Australian White Ibis" }, "geometry": { "type": "Point", "coordinates": [ 150.6591, -34.8379 ] } },
{ "type": "Feature", "properties": { "decimalLatitude": -31.654, "decimalLongitude": 116.6687, "month": 4, "species_sci": "Threskiornis molucca", "species_com": "Australian White Ibis" }, "geometry": { "type": "Point", "coordinates": [ 116.6687, -31.654 ] } },
{ "type": "Feature", "properties": { "decimalLatitude": -27.4692, "decimalLongitude": 153.1211, "month": 4, "species_sci": "Threskiornis molucca", "species_com": "Australian White Ibis" }, "geometry": { "type": "Point", "coordinates": [ 153.1211, -27.4692 ] } },
{ "type": "Feature", "properties": { "decimalLatitude": -32.6622, "decimalLongitude": 151.964, "month": 4, "species_sci": "Threskiornis molucca", "species_com": "Australian White Ibis" }, "geometry": { "type": "Point", "coordinates": [ 151.964, -32.6622 ] } },
{ "type": "Feature", "properties": { "decimalLatitude": -33.866, "decimalLongitude": 151.2059, "month": 4, "species_sci": "Threskiornis molucca", "species_com": "Australian White Ibis" }, "geometry": { "type": "Point", "coordinates": [ 151.2059, -33.866 ] } },
{ "type": "Feature", "properties": { "decimalLatitude": -33.8752, "decimalLongitude": 151.2098, "month": 4, "species_sci": "Threskiornis molucca", "species_com": "Australian White Ibis" }, "geometry": { "type": "Point", "coordinates": [ 151.2098, -33.8752 ] } },
{ "type": "Feature", "properties": { "decimalLatitude": -27.381, "decimalLongitude": 153.0387, "month": 4, "species_sci": "Threskiornis molucca", "species_com": "Australian White Ibis" }, "geometry": { "type": "Point", "coordinates": [ 153.0387, -27.381 ] } },
{ "type": "Feature", "properties": { "decimalLatitude": -33.8751, "decimalLongitude": 151.211, "month": 4, "species_sci": "Threskiornis molucca", "species_com": "Australian White Ibis" }, "geometry": { "type": "Point", "coordinates": [ 151.211, -33.8751 ] } },
{ "type": "Feature", "properties": { "decimalLatitude": -27.3839, "decimalLongitude": 153.0515, "month": 4, "species_sci": "Threskiornis molucca", "species_com": "Australian White Ibis" }, "geometry": { "type": "Point", "coordinates": [ 153.0515, -27.3839 ] } },
{ "type": "Feature", "properties": { "decimalLatitude": -34.5321, "decimalLongitude": 150.3986, "month": 4, "species_sci": "Threskiornis molucca", "species_com": "Australian White Ibis" }, "geometry": { "type": "Point", "coordinates": [ 150.3986, -34.5321 ] } },
{ "type": "Feature", "properties": { "decimalLatitude": -33.9637, "decimalLongitude": 151.1453, "month": 4, "species_sci": "Threskiornis molucca", "species_com": "Australian White Ibis" }, "geometry": { "type": "Point", "coordinates": [ 151.1453, -33.9637 ] } },
{ "type": "Feature", "properties": { "decimalLatitude": -34.9205, "decimalLongitude": 138.6107, "month": 4, "species_sci": "Threskiornis molucca", "species_com": "Australian White Ibis" }, "geometry": { "type": "Point", "coordinates": [ 138.6107, -34.9205 ] } },
{ "type": "Feature", "properties": { "decimalLatitude": -27.5006, "decimalLongitude": 153.0152, "month": 4, "species_sci": "Threskiornis molucca", "species_com": "Australian White Ibis" }, "geometry": { "type": "Point", "coordinates": [ 153.0152, -27.5006 ] } },
{ "type": "Feature", "properties": { "decimalLatitude": -35.0882, "decimalLongitude": 138.5586, "month": 4, "species_sci": "Threskiornis molucca", "species_com": "Australian White Ibis" }, "geometry": { "type": "Point", "coordinates": [ 138.5586, -35.0882 ] } },
{ "type": "Feature", "properties": { "decimalLatitude": -31.8882, "decimalLongitude": 115.8371, "month": 4, "species_sci": "Threskiornis molucca", "species_com": "Australian White Ibis" }, "geometry": { "type": "Point", "coordinates": [ 115.8371, -31.8882 ] } },
{ "type": "Feature", "properties": { "decimalLatitude": -38.3408, "decimalLongitude": 145.28, "month": 4, "species_sci": "Threskiornis molucca", "species_com": "Australian White Ibis" }, "geometry": { "type": "Point", "coordinates": [ 145.28, -38.3408 ] } },
{ "type": "Feature", "properties": { "decimalLatitude": -29.903, "decimalLongitude": 150.6329, "month": 4, "species_sci": "Threskiornis molucca", "species_com": "Australian White Ibis" }, "geometry": { "type": "Point", "coordinates": [ 150.6329, -29.903 ] } },
{ "type": "Feature", "properties": { "decimalLatitude": -30.3011, "decimalLongitude": 153.1343, "month": 4, "species_sci": "Threskiornis molucca", "species_com": "Australian White Ibis" }, "geometry": { "type": "Point", "coordinates": [ 153.1343, -30.3011 ] } },
{ "type": "Feature", "properties": { "decimalLatitude": -25.2856, "decimalLongitude": 152.8773, "month": 4, "species_sci": "Threskiornis molucca", "species_com": "Australian White Ibis" }, "geometry": { "type": "Point", "coordinates": [ 152.8773, -25.2856 ] } },
{ "type": "Feature", "properties": { "decimalLatitude": -23.967, "decimalLongitude": 151.3201, "month": 4, "species_sci": "Threskiornis molucca", "species_com": "Australian White Ibis" }, "geometry": { "type": "Point", "coordinates": [ 151.3201, -23.967 ] } },
{ "type": "Feature", "properties": { "decimalLatitude": -34.7735, "decimalLongitude": 138.5098, "month": 4, "species_sci": "Threskiornis molucca", "species_com": "Australian White Ibis" }, "geometry": { "type": "Point", "coordinates": [ 138.5098, -34.7735 ] } },
{ "type": "Feature", "properties": { "decimalLatitude": -34.9969, "decimalLongitude": 138.548, "month": 4, "species_sci": "Threskiornis molucca", "species_com": "Australian White Ibis" }, "geometry": { "type": "Point", "coordinates": [ 138.548, -34.9969 ] } },
{ "type": "Feature", "properties": { "decimalLatitude": -27.5005, "decimalLongitude": 153.0183, "month": 4, "species_sci": "Threskiornis molucca", "species_com": "Australian White Ibis" }, "geometry": { "type": "Point", "coordinates": [ 153.0183, -27.5005 ] } },
{ "type": "Feature", "properties": { "decimalLatitude": -33.9633, "decimalLongitude": 151.1457, "month": 4, "species_sci": "Threskiornis molucca", "species_com": "Australian White Ibis" }, "geometry": { "type": "Point", "coordinates": [ 151.1457, -33.9633 ] } },
{ "type": "Feature", "properties": { "decimalLatitude": -33.8155, "decimalLongitude": 151.015, "month": 4, "species_sci": "Threskiornis molucca", "species_com": "Australian White Ibis" }, "geometry": { "type": "Point", "coordinates": [ 151.015, -33.8155 ] } },
{ "type": "Feature", "properties": { "decimalLatitude": -33.8641, "decimalLongitude": 151.2178, "month": 4, "species_sci": "Threskiornis molucca", "species_com": "Australian White Ibis" }, "geometry": { "type": "Point", "coordinates": [ 151.2178, -33.8641 ] } },
{ "type": "Feature", "properties": { "decimalLatitude": -31.9586, "decimalLongitude": 115.8433, "month": 4, "species_sci": "Threskiornis molucca", "species_com": "Australian White Ibis" }, "geometry": { "type": "Point", "coordinates": [ 115.8433, -31.9586 ] } },
{ "type": "Feature", "properties": { "decimalLatitude": -37.8581, "decimalLongitude": 144.827, "month": 4, "species_sci": "Threskiornis molucca", "species_com": "Australian White Ibis" }, "geometry": { "type": "Point", "coordinates": [ 144.827, -37.8581 ] } },
{ "type": "Feature", "properties": { "decimalLatitude": -33.9005, "decimalLongitude": 151.2287, "month": 4, "species_sci": "Threskiornis molucca", "species_com": "Australian White Ibis" }, "geometry": { "type": "Point", "coordinates": [ 151.2287, -33.9005 ] } },
{ "type": "Feature", "properties": { "decimalLatitude": -35.3167, "decimalLongitude": 149.1628, "month": 4, "species_sci": "Threskiornis molucca", "species_com": "Australian White Ibis" }, "geometry": { "type": "Point", "coordinates": [ 149.1628, -35.3167 ] } },
{ "type": "Feature", "properties": { "decimalLatitude": -27.4356, "decimalLongitude": 153.1477, "month": 4, "species_sci": "Threskiornis molucca", "species_com": "Australian White Ibis" }, "geometry": { "type": "Point", "coordinates": [ 153.1477, -27.4356 ] } },
{ "type": "Feature", "properties": { "decimalLatitude": -33.9436, "decimalLongitude": 150.8501, "month": 4, "species_sci": "Threskiornis molucca", "species_com": "Australian White Ibis" }, "geometry": { "type": "Point", "coordinates": [ 150.8501, -33.9436 ] } },
{ "type": "Feature", "properties": { "decimalLatitude": -12.562, "decimalLongitude": 131.3019, "month": 4, "species_sci": "Threskiornis molucca", "species_com": "Australian White Ibis" }, "geometry": { "type": "Point", "coordinates": [ 131.3019, -12.562 ] } },
{ "type": "Feature", "properties": { "decimalLatitude": -33.8597, "decimalLongitude": 151.2218, "month": 4, "species_sci": "Threskiornis molucca", "species_com": "Australian White Ibis" }, "geometry": { "type": "Point", "coordinates": [ 151.2218, -33.8597 ] } },
{ "type": "Feature", "properties": { "decimalLatitude": -27.1391, "decimalLongitude": 153.0508, "month": 4, "species_sci": "Threskiornis molucca", "species_com": "Australian White Ibis" }, "geometry": { "type": "Point", "coordinates": [ 153.0508, -27.1391 ] } },
{ "type": "Feature", "properties": { "decimalLatitude": -16.4872, "decimalLongitude": 145.462, "month": 4, "species_sci": "Threskiornis molucca", "species_com": "Australian White Ibis" }, "geometry": { "type": "Point", "coordinates": [ 145.462, -16.4872 ] } },
{ "type": "Feature", "properties": { "decimalLatitude": -33.9449, "decimalLongitude": 150.8585, "month": 4, "species_sci": "Threskiornis molucca", "species_com": "Australian White Ibis" }, "geometry": { "type": "Point", "coordinates": [ 150.8585, -33.9449 ] } },
{ "type": "Feature", "properties": { "decimalLatitude": -27.9812, "decimalLongitude": 153.3645, "month": 4, "species_sci": "Threskiornis molucca", "species_com": "Australian White Ibis" }, "geometry": { "type": "Point", "coordinates": [ 153.3645, -27.9812 ] } },
{ "type": "Feature", "properties": { "decimalLatitude": -37.8295, "decimalLongitude": 145.0227, "month": 4, "species_sci": "Threskiornis molucca", "species_com": "Australian White Ibis" }, "geometry": { "type": "Point", "coordinates": [ 145.0227, -37.8295 ] } },
{ "type": "Feature", "properties": { "decimalLatitude": -33.9444, "decimalLongitude": 150.8586, "month": 4, "species_sci": "Threskiornis molucca", "species_com": "Australian White Ibis" }, "geometry": { "type": "Point", "coordinates": [ 150.8586, -33.9444 ] } },
{ "type": "Feature", "properties": { "decimalLatitude": -38.26, "decimalLongitude": 145.1486, "month": 4, "species_sci": "Threskiornis molucca", "species_com": "Australian White Ibis" }, "geometry": { "type": "Point", "coordinates": [ 145.1486, -38.26 ] } },
{ "type": "Feature", "properties": { "decimalLatitude": -38.1805, "decimalLongitude": 144.5546, "month": 4, "species_sci": "Threskiornis molucca", "species_com": "Australian White Ibis" }, "geometry": { "type": "Point", "coordinates": [ 144.5546, -38.1805 ] } },
{ "type": "Feature", "properties": { "decimalLatitude": -27.1397, "decimalLongitude": 153.0508, "month": 4, "species_sci": "Threskiornis molucca", "species_com": "Australian White Ibis" }, "geometry": { "type": "Point", "coordinates": [ 153.0508, -27.1397 ] } },
{ "type": "Feature", "properties": { "decimalLatitude": -27.9806, "decimalLongitude": 153.3646, "month": 4, "species_sci": "Threskiornis molucca", "species_com": "Australian White Ibis" }, "geometry": { "type": "Point", "coordinates": [ 153.3646, -27.9806 ] } },
{ "type": "Feature", "properties": { "decimalLatitude": -33.9631, "decimalLongitude": 151.1457, "month": 4, "species_sci": "Threskiornis molucca", "species_com": "Australian White Ibis" }, "geometry": { "type": "Point", "coordinates": [ 151.1457, -33.9631 ] } },
{ "type": "Feature", "properties": { "decimalLatitude": -33.9425, "decimalLongitude": 150.852, "month": 4, "species_sci": "Threskiornis molucca", "species_com": "Australian White Ibis" }, "geometry": { "type": "Point", "coordinates": [ 150.852, -33.9425 ] } },
{ "type": "Feature", "properties": { "decimalLatitude": -33.9425, "decimalLongitude": 150.852, "month": 4, "species_sci": "Threskiornis molucca", "species_com": "Australian White Ibis" }, "geometry": { "type": "Point", "coordinates": [ 150.852, -33.9425 ] } },
{ "type": "Feature", "properties": { "decimalLatitude": -37.7728, "decimalLongitude": 145.0341, "month": 4, "species_sci": "Threskiornis molucca", "species_com": "Australian White Ibis" }, "geometry": { "type": "Point", "coordinates": [ 145.0341, -37.7728 ] } },
{ "type": "Feature", "properties": { "decimalLatitude": -37.8257, "decimalLongitude": 145.1622, "month": 4, "species_sci": "Threskiornis molucca", "species_com": "Australian White Ibis" }, "geometry": { "type": "Point", "coordinates": [ 145.1622, -37.8257 ] } },
{ "type": "Feature", "properties": { "decimalLatitude": -27.4782, "decimalLongitude": 153.0158, "month": 4, "species_sci": "Threskiornis molucca", "species_com": "Australian White Ibis" }, "geometry": { "type": "Point", "coordinates": [ 153.0158, -27.4782 ] } },
{ "type": "Feature", "properties": { "decimalLatitude": -27.1397, "decimalLongitude": 153.0508, "month": 4, "species_sci": "Threskiornis molucca", "species_com": "Australian White Ibis" }, "geometry": { "type": "Point", "coordinates": [ 153.0508, -27.1397 ] } },
{ "type": "Feature", "properties": { "decimalLatitude": -33.6953, "decimalLongitude": 151.2921, "month": 5, "species_sci": "Threskiornis molucca", "species_com": "Australian White Ibis" }, "geometry": { "type": "Point", "coordinates": [ 151.2921, -33.6953 ] } },
{ "type": "Feature", "properties": { "decimalLatitude": -19.1797, "decimalLongitude": 146.8385, "month": 5, "species_sci": "Threskiornis molucca", "species_com": "Australian White Ibis" }, "geometry": { "type": "Point", "coordinates": [ 146.8385, -19.1797 ] } },
{ "type": "Feature", "properties": { "decimalLatitude": -33.9555, "decimalLongitude": 151.04, "month": 5, "species_sci": "Threskiornis molucca", "species_com": "Australian White Ibis" }, "geometry": { "type": "Point", "coordinates": [ 151.04, -33.9555 ] } },
{ "type": "Feature", "properties": { "decimalLatitude": -27.4346, "decimalLongitude": 153.1481, "month": 5, "species_sci": "Threskiornis molucca", "species_com": "Australian White Ibis" }, "geometry": { "type": "Point", "coordinates": [ 153.1481, -27.4346 ] } },
{ "type": "Feature", "properties": { "decimalLatitude": -37.8257, "decimalLongitude": 145.1621, "month": 5, "species_sci": "Threskiornis molucca", "species_com": "Australian White Ibis" }, "geometry": { "type": "Point", "coordinates": [ 145.1621, -37.8257 ] } },
{ "type": "Feature", "properties": { "decimalLatitude": -37.5815, "decimalLongitude": 144.7528, "month": 5, "species_sci": "Threskiornis molucca", "species_com": "Australian White Ibis" }, "geometry": { "type": "Point", "coordinates": [ 144.7528, -37.5815 ] } },
{ "type": "Feature", "properties": { "decimalLatitude": -33.9511, "decimalLongitude": 151.0426, "month": 5, "species_sci": "Threskiornis molucca", "species_com": "Australian White Ibis" }, "geometry": { "type": "Point", "coordinates": [ 151.0426, -33.9511 ] } },
{ "type": "Feature", "properties": { "decimalLatitude": -34.9334, "decimalLongitude": 138.5942, "month": 5, "species_sci": "Threskiornis molucca", "species_com": "Australian White Ibis" }, "geometry": { "type": "Point", "coordinates": [ 138.5942, -34.9334 ] } },
{ "type": "Feature", "properties": { "decimalLatitude": -23.8296, "decimalLongitude": 151.2498, "month": 5, "species_sci": "Threskiornis molucca", "species_com": "Australian White Ibis" }, "geometry": { "type": "Point", "coordinates": [ 151.2498, -23.8296 ] } },
{ "type": "Feature", "properties": { "decimalLatitude": -33.9511, "decimalLongitude": 150.8549, "month": 5, "species_sci": "Threskiornis molucca", "species_com": "Australian White Ibis" }, "geometry": { "type": "Point", "coordinates": [ 150.8549, -33.9511 ] } },
{ "type": "Feature", "properties": { "decimalLatitude": -33.8685, "decimalLongitude": 151.2168, "month": 5, "species_sci": "Threskiornis molucca", "species_com": "Australian White Ibis" }, "geometry": { "type": "Point", "coordinates": [ 151.2168, -33.8685 ] } },
{ "type": "Feature", "properties": { "decimalLatitude": -29.1232, "decimalLongitude": 153.4329, "month": 5, "species_sci": "Threskiornis molucca", "species_com": "Australian White Ibis" }, "geometry": { "type": "Point", "coordinates": [ 153.4329, -29.1232 ] } },
{ "type": "Feature", "properties": { "decimalLatitude": -34.0083, "decimalLongitude": 150.822, "month": 5, "species_sci": "Threskiornis molucca", "species_com": "Australian White Ibis" }, "geometry": { "type": "Point", "coordinates": [ 150.822, -34.0083 ] } },
{ "type": "Feature", "properties": { "decimalLatitude": -34.0679, "decimalLongitude": 150.7917, "month": 5, "species_sci": "Threskiornis molucca", "species_com": "Australian White Ibis" }, "geometry": { "type": "Point", "coordinates": [ 150.7917, -34.0679 ] } },
{ "type": "Feature", "properties": { "decimalLatitude": -32.6786, "decimalLongitude": 152.1784, "month": 5, "species_sci": "Threskiornis molucca", "species_com": "Australian White Ibis" }, "geometry": { "type": "Point", "coordinates": [ 152.1784, -32.6786 ] } },
{ "type": "Feature", "properties": { "decimalLatitude": -27.3427, "decimalLongitude": 153.0999, "month": 5, "species_sci": "Threskiornis molucca", "species_com": "Australian White Ibis" }, "geometry": { "type": "Point", "coordinates": [ 153.0999, -27.3427 ] } },
{ "type": "Feature", "properties": { "decimalLatitude": -33.7597, "decimalLongitude": 150.7822, "month": 5, "species_sci": "Threskiornis molucca", "species_com": "Australian White Ibis" }, "geometry": { "type": "Point", "coordinates": [ 150.7822, -33.7597 ] } },
{ "type": "Feature", "properties": { "decimalLatitude": -33.94, "decimalLongitude": 150.8545, "month": 5, "species_sci": "Threskiornis molucca", "species_com": "Australian White Ibis" }, "geometry": { "type": "Point", "coordinates": [ 150.8545, -33.94 ] } },
{ "type": "Feature", "properties": { "decimalLatitude": -33.7526, "decimalLongitude": 151.2898, "month": 5, "species_sci": "Threskiornis molucca", "species_com": "Australian White Ibis" }, "geometry": { "type": "Point", "coordinates": [ 151.2898, -33.7526 ] } },
{ "type": "Feature", "properties": { "decimalLatitude": -34.0684, "decimalLongitude": 150.7919, "month": 5, "species_sci": "Threskiornis molucca", "species_com": "Australian White Ibis" }, "geometry": { "type": "Point", "coordinates": [ 150.7919, -34.0684 ] } },
{ "type": "Feature", "properties": { "decimalLatitude": -34.9617, "decimalLongitude": 138.513, "month": 5, "species_sci": "Threskiornis molucca", "species_com": "Australian White Ibis" }, "geometry": { "type": "Point", "coordinates": [ 138.513, -34.9617 ] } },
{ "type": "Feature", "properties": { "decimalLatitude": -34.0679, "decimalLongitude": 150.7925, "month": 5, "species_sci": "Threskiornis molucca", "species_com": "Australian White Ibis" }, "geometry": { "type": "Point", "coordinates": [ 150.7925, -34.0679 ] } },
{ "type": "Feature", "properties": { "decimalLatitude": -35.3339, "decimalLongitude": 139.1824, "month": 5, "species_sci": "Threskiornis molucca", "species_com": "Australian White Ibis" }, "geometry": { "type": "Point", "coordinates": [ 139.1824, -35.3339 ] } },
{ "type": "Feature", "properties": { "decimalLatitude": -27.5658, "decimalLongitude": 153.0994, "month": 5, "species_sci": "Threskiornis molucca", "species_com": "Australian White Ibis" }, "geometry": { "type": "Point", "coordinates": [ 153.0994, -27.5658 ] } },
{ "type": "Feature", "properties": { "decimalLatitude": -32.248, "decimalLongitude": 148.6069, "month": 5, "species_sci": "Threskiornis molucca", "species_com": "Australian White Ibis" }, "geometry": { "type": "Point", "coordinates": [ 148.6069, -32.248 ] } },
{ "type": "Feature", "properties": { "decimalLatitude": -33.9633, "decimalLongitude": 151.146, "month": 5, "species_sci": "Threskiornis molucca", "species_com": "Australian White Ibis" }, "geometry": { "type": "Point", "coordinates": [ 151.146, -33.9633 ] } },
{ "type": "Feature", "properties": { "decimalLatitude": -38.3382, "decimalLongitude": 145.516, "month": 5, "species_sci": "Threskiornis molucca", "species_com": "Australian White Ibis" }, "geometry": { "type": "Point", "coordinates": [ 145.516, -38.3382 ] } },
{ "type": "Feature", "properties": { "decimalLatitude": -34.8705, "decimalLongitude": 150.6031, "month": 5, "species_sci": "Threskiornis molucca", "species_com": "Australian White Ibis" }, "geometry": { "type": "Point", "coordinates": [ 150.6031, -34.8705 ] } },
{ "type": "Feature", "properties": { "decimalLatitude": -37.7143, "decimalLongitude": 144.9915, "month": 5, "species_sci": "Threskiornis molucca", "species_com": "Australian White Ibis" }, "geometry": { "type": "Point", "coordinates": [ 144.9915, -37.7143 ] } },
{ "type": "Feature", "properties": { "decimalLatitude": -33.8626, "decimalLongitude": 151.2201, "month": 5, "species_sci": "Threskiornis molucca", "species_com": "Australian White Ibis" }, "geometry": { "type": "Point", "coordinates": [ 151.2201, -33.8626 ] } },
{ "type": "Feature", "properties": { "decimalLatitude": -35.2144, "decimalLongitude": 149.088, "month": 5, "species_sci": "Threskiornis molucca", "species_com": "Australian White Ibis" }, "geometry": { "type": "Point", "coordinates": [ 149.088, -35.2144 ] } },
{ "type": "Feature", "properties": { "decimalLatitude": -34.0675, "decimalLongitude": 150.7928, "month": 5, "species_sci": "Threskiornis molucca", "species_com": "Australian White Ibis" }, "geometry": { "type": "Point", "coordinates": [ 150.7928, -34.0675 ] } },
{ "type": "Feature", "properties": { "decimalLatitude": -33.9424, "decimalLongitude": 150.852, "month": 5, "species_sci": "Threskiornis molucca", "species_com": "Australian White Ibis" }, "geometry": { "type": "Point", "coordinates": [ 150.852, -33.9424 ] } },
{ "type": "Feature", "properties": { "decimalLatitude": -37.9212, "decimalLongitude": 147.7032, "month": 5, "species_sci": "Threskiornis molucca", "species_com": "Australian White Ibis" }, "geometry": { "type": "Point", "coordinates": [ 147.7032, -37.9212 ] } },
{ "type": "Feature", "properties": { "decimalLatitude": -33.8647, "decimalLongitude": 151.2177, "month": 5, "species_sci": "Threskiornis molucca", "species_com": "Australian White Ibis" }, "geometry": { "type": "Point", "coordinates": [ 151.2177, -33.8647 ] } },
{ "type": "Feature", "properties": { "decimalLatitude": -38.1644, "decimalLongitude": 144.3308, "month": 5, "species_sci": "Threskiornis molucca", "species_com": "Australian White Ibis" }, "geometry": { "type": "Point", "coordinates": [ 144.3308, -38.1644 ] } },
{ "type": "Feature", "properties": { "decimalLatitude": -33.9022, "decimalLongitude": 151.1532, "month": 5, "species_sci": "Threskiornis molucca", "species_com": "Australian White Ibis" }, "geometry": { "type": "Point", "coordinates": [ 151.1532, -33.9022 ] } },
{ "type": "Feature", "properties": { "decimalLatitude": -31.8709, "decimalLongitude": 115.9747, "month": 5, "species_sci": "Threskiornis molucca", "species_com": "Australian White Ibis" }, "geometry": { "type": "Point", "coordinates": [ 115.9747, -31.8709 ] } },
{ "type": "Feature", "properties": { "decimalLatitude": -35.0839, "decimalLongitude": 138.4939, "month": 5, "species_sci": "Threskiornis molucca", "species_com": "Australian White Ibis" }, "geometry": { "type": "Point", "coordinates": [ 138.4939, -35.0839 ] } },
{ "type": "Feature", "properties": { "decimalLatitude": -32.0937, "decimalLongitude": 115.7727, "month": 5, "species_sci": "Threskiornis molucca", "species_com": "Australian White Ibis" }, "geometry": { "type": "Point", "coordinates": [ 115.7727, -32.0937 ] } },
{ "type": "Feature", "properties": { "decimalLatitude": -33.963, "decimalLongitude": 151.1457, "month": 5, "species_sci": "Threskiornis molucca", "species_com": "Australian White Ibis" }, "geometry": { "type": "Point", "coordinates": [ 151.1457, -33.963 ] } },
{ "type": "Feature", "properties": { "decimalLatitude": -31.9443, "decimalLongitude": 115.8101, "month": 5, "species_sci": "Threskiornis molucca", "species_com": "Australian White Ibis" }, "geometry": { "type": "Point", "coordinates": [ 115.8101, -31.9443 ] } },
{ "type": "Feature", "properties": { "decimalLatitude": -36.6938, "decimalLongitude": 146.9063, "month": 5, "species_sci": "Threskiornis molucca", "species_com": "Australian White Ibis" }, "geometry": { "type": "Point", "coordinates": [ 146.9063, -36.6938 ] } },
{ "type": "Feature", "properties": { "decimalLatitude": -34.0686, "decimalLongitude": 150.7925, "month": 5, "species_sci": "Threskiornis molucca", "species_com": "Australian White Ibis" }, "geometry": { "type": "Point", "coordinates": [ 150.7925, -34.0686 ] } },
{ "type": "Feature", "properties": { "decimalLatitude": -37.8317, "decimalLongitude": 144.9082, "month": 5, "species_sci": "Threskiornis molucca", "species_com": "Australian White Ibis" }, "geometry": { "type": "Point", "coordinates": [ 144.9082, -37.8317 ] } },
{ "type": "Feature", "properties": { "decimalLatitude": -36.0779, "decimalLongitude": 146.878, "month": 5, "species_sci": "Threskiornis molucca", "species_com": "Australian White Ibis" }, "geometry": { "type": "Point", "coordinates": [ 146.878, -36.0779 ] } },
{ "type": "Feature", "properties": { "decimalLatitude": -27.4672, "decimalLongitude": 153.032, "month": 5, "species_sci": "Threskiornis molucca", "species_com": "Australian White Ibis" }, "geometry": { "type": "Point", "coordinates": [ 153.032, -27.4672 ] } },
{ "type": "Feature", "properties": { "decimalLatitude": -27.2825, "decimalLongitude": 153.061, "month": 5, "species_sci": "Threskiornis molucca", "species_com": "Australian White Ibis" }, "geometry": { "type": "Point", "coordinates": [ 153.061, -27.2825 ] } },
{ "type": "Feature", "properties": { "decimalLatitude": -37.8561, "decimalLongitude": 144.8536, "month": 5, "species_sci": "Threskiornis molucca", "species_com": "Australian White Ibis" }, "geometry": { "type": "Point", "coordinates": [ 144.8536, -37.8561 ] } },
{ "type": "Feature", "properties": { "decimalLatitude": -38.2077, "decimalLongitude": 146.2728, "month": 5, "species_sci": "Threskiornis molucca", "species_com": "Australian White Ibis" }, "geometry": { "type": "Point", "coordinates": [ 146.2728, -38.2077 ] } },
{ "type": "Feature", "properties": { "decimalLatitude": -35.0839, "decimalLongitude": 138.4939, "month": 5, "species_sci": "Threskiornis molucca", "species_com": "Australian White Ibis" }, "geometry": { "type": "Point", "coordinates": [ 138.4939, -35.0839 ] } },
{ "type": "Feature", "properties": { "decimalLatitude": -32.0082, "decimalLongitude": 115.9005, "month": 5, "species_sci": "Threskiornis molucca", "species_com": "Australian White Ibis" }, "geometry": { "type": "Point", "coordinates": [ 115.9005, -32.0082 ] } },
{ "type": "Feature", "properties": { "decimalLatitude": -37.9233, "decimalLongitude": 147.6894, "month": 5, "species_sci": "Threskiornis molucca", "species_com": "Australian White Ibis" }, "geometry": { "type": "Point", "coordinates": [ 147.6894, -37.9233 ] } },
{ "type": "Feature", "properties": { "decimalLatitude": -33.9424, "decimalLongitude": 150.852, "month": 5, "species_sci": "Threskiornis molucca", "species_com": "Australian White Ibis" }, "geometry": { "type": "Point", "coordinates": [ 150.852, -33.9424 ] } },
{ "type": "Feature", "properties": { "decimalLatitude": -17.5998, "decimalLongitude": 145.9109, "month": 5, "species_sci": "Threskiornis molucca", "species_com": "Australian White Ibis" }, "geometry": { "type": "Point", "coordinates": [ 145.9109, -17.5998 ] } },
{ "type": "Feature", "properties": { "decimalLatitude": -33.9424, "decimalLongitude": 150.852, "month": 5, "species_sci": "Threskiornis molucca", "species_com": "Australian White Ibis" }, "geometry": { "type": "Point", "coordinates": [ 150.852, -33.9424 ] } },
{ "type": "Feature", "properties": { "decimalLatitude": -33.8681, "decimalLongitude": 151.217, "month": 5, "species_sci": "Threskiornis molucca", "species_com": "Australian White Ibis" }, "geometry": { "type": "Point", "coordinates": [ 151.217, -33.8681 ] } },
{ "type": "Feature", "properties": { "decimalLatitude": -33.7636, "decimalLongitude": 150.8605, "month": 5, "species_sci": "Threskiornis molucca", "species_com": "Australian White Ibis" }, "geometry": { "type": "Point", "coordinates": [ 150.8605, -33.7636 ] } },
{ "type": "Feature", "properties": { "decimalLatitude": -33.9424, "decimalLongitude": 150.852, "month": 5, "species_sci": "Threskiornis molucca", "species_com": "Australian White Ibis" }, "geometry": { "type": "Point", "coordinates": [ 150.852, -33.9424 ] } },
{ "type": "Feature", "properties": { "decimalLatitude": -27.3427, "decimalLongitude": 153.0999, "month": 5, "species_sci": "Threskiornis molucca", "species_com": "Australian White Ibis" }, "geometry": { "type": "Point", "coordinates": [ 153.0999, -27.3427 ] } },
{ "type": "Feature", "properties": { "decimalLatitude": -33.8922, "decimalLongitude": 151.2322, "month": 5, "species_sci": "Threskiornis molucca", "species_com": "Australian White Ibis" }, "geometry": { "type": "Point", "coordinates": [ 151.2322, -33.8922 ] } },
{ "type": "Feature", "properties": { "decimalLatitude": -37.1632, "decimalLongitude": 139.7491, "month": 5, "species_sci": "Threskiornis molucca", "species_com": "Australian White Ibis" }, "geometry": { "type": "Point", "coordinates": [ 139.7491, -37.1632 ] } },
{ "type": "Feature", "properties": { "decimalLatitude": -33.8442, "decimalLongitude": 151.2408, "month": 5, "species_sci": "Threskiornis molucca", "species_com": "Australian White Ibis" }, "geometry": { "type": "Point", "coordinates": [ 151.2408, -33.8442 ] } },
{ "type": "Feature", "properties": { "decimalLatitude": -33.8927, "decimalLongitude": 151.1442, "month": 5, "species_sci": "Threskiornis molucca", "species_com": "Australian White Ibis" }, "geometry": { "type": "Point", "coordinates": [ 151.1442, -33.8927 ] } },
{ "type": "Feature", "properties": { "decimalLatitude": -33.8656, "decimalLongitude": 151.2135, "month": 5, "species_sci": "Threskiornis molucca", "species_com": "Australian White Ibis" }, "geometry": { "type": "Point", "coordinates": [ 151.2135, -33.8656 ] } },
{ "type": "Feature", "properties": { "decimalLatitude": -34.0676, "decimalLongitude": 150.7926, "month": 5, "species_sci": "Threskiornis molucca", "species_com": "Australian White Ibis" }, "geometry": { "type": "Point", "coordinates": [ 150.7926, -34.0676 ] } },
{ "type": "Feature", "properties": { "decimalLatitude": -37.8258, "decimalLongitude": 145.1621, "month": 5, "species_sci": "Threskiornis molucca", "species_com": "Australian White Ibis" }, "geometry": { "type": "Point", "coordinates": [ 145.1621, -37.8258 ] } },
{ "type": "Feature", "properties": { "decimalLatitude": -27.5214, "decimalLongitude": 153.1105, "month": 5, "species_sci": "Threskiornis molucca", "species_com": "Australian White Ibis" }, "geometry": { "type": "Point", "coordinates": [ 153.1105, -27.5214 ] } },
{ "type": "Feature", "properties": { "decimalLatitude": -34.0677, "decimalLongitude": 150.792, "month": 5, "species_sci": "Threskiornis molucca", "species_com": "Australian White Ibis" }, "geometry": { "type": "Point", "coordinates": [ 150.792, -34.0677 ] } },
{ "type": "Feature", "properties": { "decimalLatitude": -33.9404, "decimalLongitude": 150.8536, "month": 5, "species_sci": "Threskiornis molucca", "species_com": "Australian White Ibis" }, "geometry": { "type": "Point", "coordinates": [ 150.8536, -33.9404 ] } },
{ "type": "Feature", "properties": { "decimalLatitude": -36.7234, "decimalLongitude": 144.3086, "month": 5, "species_sci": "Threskiornis molucca", "species_com": "Australian White Ibis" }, "geometry": { "type": "Point", "coordinates": [ 144.3086, -36.7234 ] } },
{ "type": "Feature", "properties": { "decimalLatitude": -34.1824, "decimalLongitude": 139.9901, "month": 5, "species_sci": "Threskiornis molucca", "species_com": "Australian White Ibis" }, "geometry": { "type": "Point", "coordinates": [ 139.9901, -34.1824 ] } },
{ "type": "Feature", "properties": { "decimalLatitude": -38.4803, "decimalLongitude": 145.0301, "month": 5, "species_sci": "Threskiornis molucca", "species_com": "Australian White Ibis" }, "geometry": { "type": "Point", "coordinates": [ 145.0301, -38.4803 ] } },
{ "type": "Feature", "properties": { "decimalLatitude": -33.9424, "decimalLongitude": 150.852, "month": 5, "species_sci": "Threskiornis molucca", "species_com": "Australian White Ibis" }, "geometry": { "type": "Point", "coordinates": [ 150.852, -33.9424 ] } },
{ "type": "Feature", "properties": { "decimalLatitude": -27.67, "decimalLongitude": 153.2083, "month": 5, "species_sci": "Threskiornis molucca", "species_com": "Australian White Ibis" }, "geometry": { "type": "Point", "coordinates": [ 153.2083, -27.67 ] } },
{ "type": "Feature", "properties": { "decimalLatitude": -35.3163, "decimalLongitude": 149.1622, "month": 5, "species_sci": "Threskiornis molucca", "species_com": "Australian White Ibis" }, "geometry": { "type": "Point", "coordinates": [ 149.1622, -35.3163 ] } },
{ "type": "Feature", "properties": { "decimalLatitude": -27.4678, "decimalLongitude": 153.1243, "month": 5, "species_sci": "Threskiornis molucca", "species_com": "Australian White Ibis" }, "geometry": { "type": "Point", "coordinates": [ 153.1243, -27.4678 ] } },
{ "type": "Feature", "properties": { "decimalLatitude": -38.6887, "decimalLongitude": 146.3372, "month": 5, "species_sci": "Threskiornis molucca", "species_com": "Australian White Ibis" }, "geometry": { "type": "Point", "coordinates": [ 146.3372, -38.6887 ] } },
{ "type": "Feature", "properties": { "decimalLatitude": -34.0681, "decimalLongitude": 150.7924, "month": 5, "species_sci": "Threskiornis molucca", "species_com": "Australian White Ibis" }, "geometry": { "type": "Point", "coordinates": [ 150.7924, -34.0681 ] } },
{ "type": "Feature", "properties": { "decimalLatitude": -38.3006, "decimalLongitude": 144.374, "month": 5, "species_sci": "Threskiornis molucca", "species_com": "Australian White Ibis" }, "geometry": { "type": "Point", "coordinates": [ 144.374, -38.3006 ] } },
{ "type": "Feature", "properties": { "decimalLatitude": -33.7941, "decimalLongitude": 151.0675, "month": 5, "species_sci": "Threskiornis molucca", "species_com": "Australian White Ibis" }, "geometry": { "type": "Point", "coordinates": [ 151.0675, -33.7941 ] } },
{ "type": "Feature", "properties": { "decimalLatitude": -33.9424, "decimalLongitude": 150.852, "month": 5, "species_sci": "Threskiornis molucca", "species_com": "Australian White Ibis" }, "geometry": { "type": "Point", "coordinates": [ 150.852, -33.9424 ] } },
{ "type": "Feature", "properties": { "decimalLatitude": -33.9453, "decimalLongitude": 150.8579, "month": 5, "species_sci": "Threskiornis molucca", "species_com": "Australian White Ibis" }, "geometry": { "type": "Point", "coordinates": [ 150.8579, -33.9453 ] } },
{ "type": "Feature", "properties": { "decimalLatitude": -27.4426, "decimalLongitude": 153.0286, "month": 5, "species_sci": "Threskiornis molucca", "species_com": "Australian White Ibis" }, "geometry": { "type": "Point", "coordinates": [ 153.0286, -27.4426 ] } },
{ "type": "Feature", "properties": { "decimalLatitude": -34.9594, "decimalLongitude": 138.534, "month": 5, "species_sci": "Threskiornis molucca", "species_com": "Australian White Ibis" }, "geometry": { "type": "Point", "coordinates": [ 138.534, -34.9594 ] } },
{ "type": "Feature", "properties": { "decimalLatitude": -33.8274, "decimalLongitude": 150.9997, "month": 5, "species_sci": "Threskiornis molucca", "species_com": "Australian White Ibis" }, "geometry": { "type": "Point", "coordinates": [ 150.9997, -33.8274 ] } },
{ "type": "Feature", "properties": { "decimalLatitude": -37.5654, "decimalLongitude": 143.8846, "month": 5, "species_sci": "Threskiornis molucca", "species_com": "Australian White Ibis" }, "geometry": { "type": "Point", "coordinates": [ 143.8846, -37.5654 ] } },
{ "type": "Feature", "properties": { "decimalLatitude": -34.5578, "decimalLongitude": 139.6368, "month": 5, "species_sci": "Threskiornis molucca", "species_com": "Australian White Ibis" }, "geometry": { "type": "Point", "coordinates": [ 139.6368, -34.5578 ] } },
{ "type": "Feature", "properties": { "decimalLatitude": -37.7129, "decimalLongitude": 144.9943, "month": 5, "species_sci": "Threskiornis molucca", "species_com": "Australian White Ibis" }, "geometry": { "type": "Point", "coordinates": [ 144.9943, -37.7129 ] } },
{ "type": "Feature", "properties": { "decimalLatitude": -33.2246, "decimalLongitude": 115.6408, "month": 5, "species_sci": "Threskiornis molucca", "species_com": "Australian White Ibis" }, "geometry": { "type": "Point", "coordinates": [ 115.6408, -33.2246 ] } },
{ "type": "Feature", "properties": { "decimalLatitude": -37.7129, "decimalLongitude": 144.9943, "month": 5, "species_sci": "Threskiornis molucca", "species_com": "Australian White Ibis" }, "geometry": { "type": "Point", "coordinates": [ 144.9943, -37.7129 ] } },
{ "type": "Feature", "properties": { "decimalLatitude": -32.04, "decimalLongitude": 115.831, "month": 5, "species_sci": "Threskiornis molucca", "species_com": "Australian White Ibis" }, "geometry": { "type": "Point", "coordinates": [ 115.831, -32.04 ] } },
{ "type": "Feature", "properties": { "decimalLatitude": -33.8521, "decimalLongitude": 151.0761, "month": 5, "species_sci": "Threskiornis molucca", "species_com": "Australian White Ibis" }, "geometry": { "type": "Point", "coordinates": [ 151.0761, -33.8521 ] } },
{ "type": "Feature", "properties": { "decimalLatitude": -37.5651, "decimalLongitude": 145.1233, "month": 5, "species_sci": "Threskiornis molucca", "species_com": "Australian White Ibis" }, "geometry": { "type": "Point", "coordinates": [ 145.1233, -37.5651 ] } },
{ "type": "Feature", "properties": { "decimalLatitude": -37.8249, "decimalLongitude": 145.1645, "month": 5, "species_sci": "Threskiornis molucca", "species_com": "Australian White Ibis" }, "geometry": { "type": "Point", "coordinates": [ 145.1645, -37.8249 ] } },
{ "type": "Feature", "properties": { "decimalLatitude": -19.2409, "decimalLongitude": 146.8017, "month": 5, "species_sci": "Threskiornis molucca", "species_com": "Australian White Ibis" }, "geometry": { "type": "Point", "coordinates": [ 146.8017, -19.2409 ] } },
{ "type": "Feature", "properties": { "decimalLatitude": -33.9424, "decimalLongitude": 150.852, "month": 5, "species_sci": "Threskiornis molucca", "species_com": "Australian White Ibis" }, "geometry": { "type": "Point", "coordinates": [ 150.852, -33.9424 ] } },
{ "type": "Feature", "properties": { "decimalLatitude": -34.0676, "decimalLongitude": 150.7928, "month": 5, "species_sci": "Threskiornis molucca", "species_com": "Australian White Ibis" }, "geometry": { "type": "Point", "coordinates": [ 150.7928, -34.0676 ] } },
{ "type": "Feature", "properties": { "decimalLatitude": -27.4781, "decimalLongitude": 153.0209, "month": 5, "species_sci": "Threskiornis molucca", "species_com": "Australian White Ibis" }, "geometry": { "type": "Point", "coordinates": [ 153.0209, -27.4781 ] } },
{ "type": "Feature", "properties": { "decimalLatitude": -38.3006, "decimalLongitude": 144.3746, "month": 5, "species_sci": "Threskiornis molucca", "species_com": "Australian White Ibis" }, "geometry": { "type": "Point", "coordinates": [ 144.3746, -38.3006 ] } },
{ "type": "Feature", "properties": { "decimalLatitude": -34.9759, "decimalLongitude": 138.5085, "month": 5, "species_sci": "Threskiornis molucca", "species_com": "Australian White Ibis" }, "geometry": { "type": "Point", "coordinates": [ 138.5085, -34.9759 ] } },
{ "type": "Feature", "properties": { "decimalLatitude": -27.4705, "decimalLongitude": 153.0011, "month": 5, "species_sci": "Threskiornis molucca", "species_com": "Australian White Ibis" }, "geometry": { "type": "Point", "coordinates": [ 153.0011, -27.4705 ] } },
{ "type": "Feature", "properties": { "decimalLatitude": -35.3152, "decimalLongitude": 149.1604, "month": 5, "species_sci": "Threskiornis molucca", "species_com": "Australian White Ibis" }, "geometry": { "type": "Point", "coordinates": [ 149.1604, -35.3152 ] } },
{ "type": "Feature", "properties": { "decimalLatitude": -34.9967, "decimalLongitude": 138.5474, "month": 5, "species_sci": "Threskiornis molucca", "species_com": "Australian White Ibis" }, "geometry": { "type": "Point", "coordinates": [ 138.5474, -34.9967 ] } },
{ "type": "Feature", "properties": { "decimalLatitude": -12.4502, "decimalLongitude": 130.8272, "month": 5, "species_sci": "Threskiornis molucca", "species_com": "Australian White Ibis" }, "geometry": { "type": "Point", "coordinates": [ 130.8272, -12.4502 ] } },
{ "type": "Feature", "properties": { "decimalLatitude": -38.1182, "decimalLongitude": 147.0739, "month": 5, "species_sci": "Threskiornis molucca", "species_com": "Australian White Ibis" }, "geometry": { "type": "Point", "coordinates": [ 147.0739, -38.1182 ] } },
{ "type": "Feature", "properties": { "decimalLatitude": -34.0685, "decimalLongitude": 150.7922, "month": 5, "species_sci": "Threskiornis molucca", "species_com": "Australian White Ibis" }, "geometry": { "type": "Point", "coordinates": [ 150.7922, -34.0685 ] } },
{ "type": "Feature", "properties": { "decimalLatitude": -34.0723, "decimalLongitude": 150.7693, "month": 5, "species_sci": "Threskiornis molucca", "species_com": "Australian White Ibis" }, "geometry": { "type": "Point", "coordinates": [ 150.7693, -34.0723 ] } },
{ "type": "Feature", "properties": { "decimalLatitude": -34.9176, "decimalLongitude": 138.6127, "month": 5, "species_sci": "Threskiornis molucca", "species_com": "Australian White Ibis" }, "geometry": { "type": "Point", "coordinates": [ 138.6127, -34.9176 ] } },
{ "type": "Feature", "properties": { "decimalLatitude": -37.8614, "decimalLongitude": 144.8737, "month": 5, "species_sci": "Threskiornis molucca", "species_com": "Australian White Ibis" }, "geometry": { "type": "Point", "coordinates": [ 144.8737, -37.8614 ] } },
{ "type": "Feature", "properties": { "decimalLatitude": -33.7048, "decimalLongitude": 151.0976, "month": 5, "species_sci": "Threskiornis molucca", "species_com": "Australian White Ibis" }, "geometry": { "type": "Point", "coordinates": [ 151.0976, -33.7048 ] } },
{ "type": "Feature", "properties": { "decimalLatitude": -34.0688, "decimalLongitude": 150.7922, "month": 5, "species_sci": "Threskiornis molucca", "species_com": "Australian White Ibis" }, "geometry": { "type": "Point", "coordinates": [ 150.7922, -34.0688 ] } },
{ "type": "Feature", "properties": { "decimalLatitude": -34.9212, "decimalLongitude": 138.6027, "month": 5, "species_sci": "Threskiornis molucca", "species_com": "Australian White Ibis" }, "geometry": { "type": "Point", "coordinates": [ 138.6027, -34.9212 ] } },
{ "type": "Feature", "properties": { "decimalLatitude": -37.3877, "decimalLongitude": 144.3198, "month": 5, "species_sci": "Threskiornis molucca", "species_com": "Australian White Ibis" }, "geometry": { "type": "Point", "coordinates": [ 144.3198, -37.3877 ] } },
{ "type": "Feature", "properties": { "decimalLatitude": -16.9042, "decimalLongitude": 145.7633, "month": 5, "species_sci": "Threskiornis molucca", "species_com": "Australian White Ibis" }, "geometry": { "type": "Point", "coordinates": [ 145.7633, -16.9042 ] } },
{ "type": "Feature", "properties": { "decimalLatitude": -27.4973, "decimalLongitude": 153.015, "month": 5, "species_sci": "Threskiornis molucca", "species_com": "Australian White Ibis" }, "geometry": { "type": "Point", "coordinates": [ 153.015, -27.4973 ] } },
{ "type": "Feature", "properties": { "decimalLatitude": -27.5714, "decimalLongitude": 152.9885, "month": 5, "species_sci": "Threskiornis molucca", "species_com": "Australian White Ibis" }, "geometry": { "type": "Point", "coordinates": [ 152.9885, -27.5714 ] } },
{ "type": "Feature", "properties": { "decimalLatitude": -37.8257, "decimalLongitude": 145.1621, "month": 5, "species_sci": "Threskiornis molucca", "species_com": "Australian White Ibis" }, "geometry": { "type": "Point", "coordinates": [ 145.1621, -37.8257 ] } },
{ "type": "Feature", "properties": { "decimalLatitude": -33.8685, "decimalLongitude": 151.2168, "month": 5, "species_sci": "Threskiornis molucca", "species_com": "Australian White Ibis" }, "geometry": { "type": "Point", "coordinates": [ 151.2168, -33.8685 ] } },
{ "type": "Feature", "properties": { "decimalLatitude": -23.8645, "decimalLongitude": 151.2368, "month": 5, "species_sci": "Threskiornis molucca", "species_com": "Australian White Ibis" }, "geometry": { "type": "Point", "coordinates": [ 151.2368, -23.8645 ] } },
{ "type": "Feature", "properties": { "decimalLatitude": -35.3732, "decimalLongitude": 139.1426, "month": 5, "species_sci": "Threskiornis molucca", "species_com": "Australian White Ibis" }, "geometry": { "type": "Point", "coordinates": [ 139.1426, -35.3732 ] } },
{ "type": "Feature", "properties": { "decimalLatitude": -33.9633, "decimalLongitude": 151.146, "month": 5, "species_sci": "Threskiornis molucca", "species_com": "Australian White Ibis" }, "geometry": { "type": "Point", "coordinates": [ 151.146, -33.9633 ] } },
{ "type": "Feature", "properties": { "decimalLatitude": -33.8683, "decimalLongitude": 151.2166, "month": 5, "species_sci": "Threskiornis molucca", "species_com": "Australian White Ibis" }, "geometry": { "type": "Point", "coordinates": [ 151.2166, -33.8683 ] } },
{ "type": "Feature", "properties": { "decimalLatitude": -38.3002, "decimalLongitude": 144.3734, "month": 5, "species_sci": "Threskiornis molucca", "species_com": "Australian White Ibis" }, "geometry": { "type": "Point", "coordinates": [ 144.3734, -38.3002 ] } },
{ "type": "Feature", "properties": { "decimalLatitude": -33.7483, "decimalLongitude": 151.297, "month": 5, "species_sci": "Threskiornis molucca", "species_com": "Australian White Ibis" }, "geometry": { "type": "Point", "coordinates": [ 151.297, -33.7483 ] } },
{ "type": "Feature", "properties": { "decimalLatitude": -34.0679, "decimalLongitude": 150.7925, "month": 5, "species_sci": "Threskiornis molucca", "species_com": "Australian White Ibis" }, "geometry": { "type": "Point", "coordinates": [ 150.7925, -34.0679 ] } },
{ "type": "Feature", "properties": { "decimalLatitude": -33.9424, "decimalLongitude": 150.852, "month": 5, "species_sci": "Threskiornis molucca", "species_com": "Australian White Ibis" }, "geometry": { "type": "Point", "coordinates": [ 150.852, -33.9424 ] } },
{ "type": "Feature", "properties": { "decimalLatitude": -38.3873, "decimalLongitude": 144.8764, "month": 5, "species_sci": "Threskiornis molucca", "species_com": "Australian White Ibis" }, "geometry": { "type": "Point", "coordinates": [ 144.8764, -38.3873 ] } },
{ "type": "Feature", "properties": { "decimalLatitude": -34.0675, "decimalLongitude": 150.7915, "month": 5, "species_sci": "Threskiornis molucca", "species_com": "Australian White Ibis" }, "geometry": { "type": "Point", "coordinates": [ 150.7915, -34.0675 ] } },
{ "type": "Feature", "properties": { "decimalLatitude": -33.8636, "decimalLongitude": 151.2171, "month": 5, "species_sci": "Threskiornis molucca", "species_com": "Australian White Ibis" }, "geometry": { "type": "Point", "coordinates": [ 151.2171, -33.8636 ] } },
{ "type": "Feature", "properties": { "decimalLatitude": -27.4772, "decimalLongitude": 153.0317, "month": 5, "species_sci": "Threskiornis molucca", "species_com": "Australian White Ibis" }, "geometry": { "type": "Point", "coordinates": [ 153.0317, -27.4772 ] } },
{ "type": "Feature", "properties": { "decimalLatitude": -37.8365, "decimalLongitude": 145.2583, "month": 5, "species_sci": "Threskiornis molucca", "species_com": "Australian White Ibis" }, "geometry": { "type": "Point", "coordinates": [ 145.2583, -37.8365 ] } },
{ "type": "Feature", "properties": { "decimalLatitude": -33.736, "decimalLongitude": 150.9563, "month": 5, "species_sci": "Threskiornis molucca", "species_com": "Australian White Ibis" }, "geometry": { "type": "Point", "coordinates": [ 150.9563, -33.736 ] } },
{ "type": "Feature", "properties": { "decimalLatitude": -33.9496, "decimalLongitude": 150.8567, "month": 5, "species_sci": "Threskiornis molucca", "species_com": "Australian White Ibis" }, "geometry": { "type": "Point", "coordinates": [ 150.8567, -33.9496 ] } },
{ "type": "Feature", "properties": { "decimalLatitude": -37.6444, "decimalLongitude": 145.5497, "month": 5, "species_sci": "Threskiornis molucca", "species_com": "Australian White Ibis" }, "geometry": { "type": "Point", "coordinates": [ 145.5497, -37.6444 ] } },
{ "type": "Feature", "properties": { "decimalLatitude": -33.7764, "decimalLongitude": 151.1169, "month": 5, "species_sci": "Threskiornis molucca", "species_com": "Australian White Ibis" }, "geometry": { "type": "Point", "coordinates": [ 151.1169, -33.7764 ] } },
{ "type": "Feature", "properties": { "decimalLatitude": -27.5534, "decimalLongitude": 152.3418, "month": 5, "species_sci": "Threskiornis molucca", "species_com": "Australian White Ibis" }, "geometry": { "type": "Point", "coordinates": [ 152.3418, -27.5534 ] } },
{ "type": "Feature", "properties": { "decimalLatitude": -38.2631, "decimalLongitude": 144.489, "month": 5, "species_sci": "Threskiornis molucca", "species_com": "Australian White Ibis" }, "geometry": { "type": "Point", "coordinates": [ 144.489, -38.2631 ] } },
{ "type": "Feature", "properties": { "decimalLatitude": -28.0193, "decimalLongitude": 153.4289, "month": 5, "species_sci": "Threskiornis molucca", "species_com": "Australian White Ibis" }, "geometry": { "type": "Point", "coordinates": [ 153.4289, -28.0193 ] } },
{ "type": "Feature", "properties": { "decimalLatitude": -33.8628, "decimalLongitude": 151.22, "month": 5, "species_sci": "Threskiornis molucca", "species_com": "Australian White Ibis" }, "geometry": { "type": "Point", "coordinates": [ 151.22, -33.8628 ] } },
{ "type": "Feature", "properties": { "decimalLatitude": -33.9499, "decimalLongitude": 150.8568, "month": 5, "species_sci": "Threskiornis molucca", "species_com": "Australian White Ibis" }, "geometry": { "type": "Point", "coordinates": [ 150.8568, -33.9499 ] } },
{ "type": "Feature", "properties": { "decimalLatitude": -27.468, "decimalLongitude": 153.1218, "month": 5, "species_sci": "Threskiornis molucca", "species_com": "Australian White Ibis" }, "geometry": { "type": "Point", "coordinates": [ 153.1218, -27.468 ] } },
{ "type": "Feature", "properties": { "decimalLatitude": -34.9178, "decimalLongitude": 138.6111, "month": 5, "species_sci": "Threskiornis molucca", "species_com": "Australian White Ibis" }, "geometry": { "type": "Point", "coordinates": [ 138.6111, -34.9178 ] } },
{ "type": "Feature", "properties": { "decimalLatitude": -33.9424, "decimalLongitude": 150.852, "month": 5, "species_sci": "Threskiornis molucca", "species_com": "Australian White Ibis" }, "geometry": { "type": "Point", "coordinates": [ 150.852, -33.9424 ] } },
{ "type": "Feature", "properties": { "decimalLatitude": -38.2623, "decimalLongitude": 144.6682, "month": 5, "species_sci": "Threskiornis molucca", "species_com": "Australian White Ibis" }, "geometry": { "type": "Point", "coordinates": [ 144.6682, -38.2623 ] } },
{ "type": "Feature", "properties": { "decimalLatitude": -32.7034, "decimalLongitude": 151.539, "month": 5, "species_sci": "Threskiornis molucca", "species_com": "Australian White Ibis" }, "geometry": { "type": "Point", "coordinates": [ 151.539, -32.7034 ] } },
{ "type": "Feature", "properties": { "decimalLatitude": -27.5001, "decimalLongitude": 153.0154, "month": 5, "species_sci": "Threskiornis molucca", "species_com": "Australian White Ibis" }, "geometry": { "type": "Point", "coordinates": [ 153.0154, -27.5001 ] } },
{ "type": "Feature", "properties": { "decimalLatitude": -34.0675, "decimalLongitude": 150.7906, "month": 5, "species_sci": "Threskiornis molucca", "species_com": "Australian White Ibis" }, "geometry": { "type": "Point", "coordinates": [ 150.7906, -34.0675 ] } },
{ "type": "Feature", "properties": { "decimalLatitude": -37.7883, "decimalLongitude": 144.9108, "month": 5, "species_sci": "Threskiornis molucca", "species_com": "Australian White Ibis" }, "geometry": { "type": "Point", "coordinates": [ 144.9108, -37.7883 ] } },
{ "type": "Feature", "properties": { "decimalLatitude": -34.9145, "decimalLongitude": 138.5992, "month": 5, "species_sci": "Threskiornis molucca", "species_com": "Australian White Ibis" }, "geometry": { "type": "Point", "coordinates": [ 138.5992, -34.9145 ] } },
{ "type": "Feature", "properties": { "decimalLatitude": -33.9193, "decimalLongitude": 151.2601, "month": 6, "species_sci": "Threskiornis molucca", "species_com": "Australian White Ibis" }, "geometry": { "type": "Point", "coordinates": [ 151.2601, -33.9193 ] } },
{ "type": "Feature", "properties": { "decimalLatitude": -25.4477, "decimalLongitude": 152.9882, "month": 6, "species_sci": "Threskiornis molucca", "species_com": "Australian White Ibis" }, "geometry": { "type": "Point", "coordinates": [ 152.9882, -25.4477 ] } },
{ "type": "Feature", "properties": { "decimalLatitude": -33.8649, "decimalLongitude": 151.217, "month": 6, "species_sci": "Threskiornis molucca", "species_com": "Australian White Ibis" }, "geometry": { "type": "Point", "coordinates": [ 151.217, -33.8649 ] } },
{ "type": "Feature", "properties": { "decimalLatitude": -35.1742, "decimalLongitude": 147.3685, "month": 6, "species_sci": "Threskiornis molucca", "species_com": "Australian White Ibis" }, "geometry": { "type": "Point", "coordinates": [ 147.3685, -35.1742 ] } },
{ "type": "Feature", "properties": { "decimalLatitude": -27.6178, "decimalLongitude": 152.7669, "month": 6, "species_sci": "Threskiornis molucca", "species_com": "Australian White Ibis" }, "geometry": { "type": "Point", "coordinates": [ 152.7669, -27.6178 ] } },
{ "type": "Feature", "properties": { "decimalLatitude": -31.9452, "decimalLongitude": 115.8261, "month": 6, "species_sci": "Threskiornis molucca", "species_com": "Australian White Ibis" }, "geometry": { "type": "Point", "coordinates": [ 115.8261, -31.9452 ] } },
{ "type": "Feature", "properties": { "decimalLatitude": -33.9081, "decimalLongitude": 150.9299, "month": 6, "species_sci": "Threskiornis molucca", "species_com": "Australian White Ibis" }, "geometry": { "type": "Point", "coordinates": [ 150.9299, -33.9081 ] } },
{ "type": "Feature", "properties": { "decimalLatitude": -33.8688, "decimalLongitude": 151.1178, "month": 6, "species_sci": "Threskiornis molucca", "species_com": "Australian White Ibis" }, "geometry": { "type": "Point", "coordinates": [ 151.1178, -33.8688 ] } },
{ "type": "Feature", "properties": { "decimalLatitude": -33.815, "decimalLongitude": 150.9649, "month": 6, "species_sci": "Threskiornis molucca", "species_com": "Australian White Ibis" }, "geometry": { "type": "Point", "coordinates": [ 150.9649, -33.815 ] } },
{ "type": "Feature", "properties": { "decimalLatitude": -38.0125, "decimalLongitude": 144.5791, "month": 6, "species_sci": "Threskiornis molucca", "species_com": "Australian White Ibis" }, "geometry": { "type": "Point", "coordinates": [ 144.5791, -38.0125 ] } },
{ "type": "Feature", "properties": { "decimalLatitude": -33.9424, "decimalLongitude": 150.852, "month": 6, "species_sci": "Threskiornis molucca", "species_com": "Australian White Ibis" }, "geometry": { "type": "Point", "coordinates": [ 150.852, -33.9424 ] } },
{ "type": "Feature", "properties": { "decimalLatitude": -33.7217, "decimalLongitude": 151.2723, "month": 6, "species_sci": "Threskiornis molucca", "species_com": "Australian White Ibis" }, "geometry": { "type": "Point", "coordinates": [ 151.2723, -33.7217 ] } },
{ "type": "Feature", "properties": { "decimalLatitude": -17.5392, "decimalLongitude": 145.9723, "month": 6, "species_sci": "Threskiornis molucca", "species_com": "Australian White Ibis" }, "geometry": { "type": "Point", "coordinates": [ 145.9723, -17.5392 ] } },
{ "type": "Feature", "properties": { "decimalLatitude": -38.1143, "decimalLongitude": 147.0804, "month": 6, "species_sci": "Threskiornis molucca", "species_com": "Australian White Ibis" }, "geometry": { "type": "Point", "coordinates": [ 147.0804, -38.1143 ] } },
{ "type": "Feature", "properties": { "decimalLatitude": -35.0122, "decimalLongitude": 117.9141, "month": 6, "species_sci": "Threskiornis molucca", "species_com": "Australian White Ibis" }, "geometry": { "type": "Point", "coordinates": [ 117.9141, -35.0122 ] } },
{ "type": "Feature", "properties": { "decimalLatitude": -27.2903, "decimalLongitude": 153.0653, "month": 6, "species_sci": "Threskiornis molucca", "species_com": "Australian White Ibis" }, "geometry": { "type": "Point", "coordinates": [ 153.0653, -27.2903 ] } },
{ "type": "Feature", "properties": { "decimalLatitude": -35.2864, "decimalLongitude": 138.4611, "month": 6, "species_sci": "Threskiornis molucca", "species_com": "Australian White Ibis" }, "geometry": { "type": "Point", "coordinates": [ 138.4611, -35.2864 ] } },
{ "type": "Feature", "properties": { "decimalLatitude": -27.388, "decimalLongitude": 153.036, "month": 6, "species_sci": "Threskiornis molucca", "species_com": "Australian White Ibis" }, "geometry": { "type": "Point", "coordinates": [ 153.036, -27.388 ] } },
{ "type": "Feature", "properties": { "decimalLatitude": -27.2324, "decimalLongitude": 153.0782, "month": 6, "species_sci": "Threskiornis molucca", "species_com": "Australian White Ibis" }, "geometry": { "type": "Point", "coordinates": [ 153.0782, -27.2324 ] } },
{ "type": "Feature", "properties": { "decimalLatitude": -33.8645, "decimalLongitude": 151.217, "month": 6, "species_sci": "Threskiornis molucca", "species_com": "Australian White Ibis" }, "geometry": { "type": "Point", "coordinates": [ 151.217, -33.8645 ] } },
{ "type": "Feature", "properties": { "decimalLatitude": -37.8248, "decimalLongitude": 145.1644, "month": 6, "species_sci": "Threskiornis molucca", "species_com": "Australian White Ibis" }, "geometry": { "type": "Point", "coordinates": [ 145.1644, -37.8248 ] } },
{ "type": "Feature", "properties": { "decimalLatitude": -37.758, "decimalLongitude": 145.3102, "month": 6, "species_sci": "Threskiornis molucca", "species_com": "Australian White Ibis" }, "geometry": { "type": "Point", "coordinates": [ 145.3102, -37.758 ] } },
{ "type": "Feature", "properties": { "decimalLatitude": -24.1127, "decimalLongitude": 149.9364, "month": 6, "species_sci": "Threskiornis molucca", "species_com": "Australian White Ibis" }, "geometry": { "type": "Point", "coordinates": [ 149.9364, -24.1127 ] } },
{ "type": "Feature", "properties": { "decimalLatitude": -33.9257, "decimalLongitude": 151.087, "month": 6, "species_sci": "Threskiornis molucca", "species_com": "Australian White Ibis" }, "geometry": { "type": "Point", "coordinates": [ 151.087, -33.9257 ] } },
{ "type": "Feature", "properties": { "decimalLatitude": -27.4348, "decimalLongitude": 153.1491, "month": 6, "species_sci": "Threskiornis molucca", "species_com": "Australian White Ibis" }, "geometry": { "type": "Point", "coordinates": [ 153.1491, -27.4348 ] } },
{ "type": "Feature", "properties": { "decimalLatitude": -33.8635, "decimalLongitude": 151.2136, "month": 6, "species_sci": "Threskiornis molucca", "species_com": "Australian White Ibis" }, "geometry": { "type": "Point", "coordinates": [ 151.2136, -33.8635 ] } },
{ "type": "Feature", "properties": { "decimalLatitude": -12.5617, "decimalLongitude": 131.3013, "month": 6, "species_sci": "Threskiornis molucca", "species_com": "Australian White Ibis" }, "geometry": { "type": "Point", "coordinates": [ 131.3013, -12.5617 ] } },
{ "type": "Feature", "properties": { "decimalLatitude": -33.6937, "decimalLongitude": 151.2932, "month": 6, "species_sci": "Threskiornis molucca", "species_com": "Australian White Ibis" }, "geometry": { "type": "Point", "coordinates": [ 151.2932, -33.6937 ] } },
{ "type": "Feature", "properties": { "decimalLatitude": -38.2723, "decimalLongitude": 144.3773, "month": 6, "species_sci": "Threskiornis molucca", "species_com": "Australian White Ibis" }, "geometry": { "type": "Point", "coordinates": [ 144.3773, -38.2723 ] } },
{ "type": "Feature", "properties": { "decimalLatitude": -32.7633, "decimalLongitude": 151.7431, "month": 6, "species_sci": "Threskiornis molucca", "species_com": "Australian White Ibis" }, "geometry": { "type": "Point", "coordinates": [ 151.7431, -32.7633 ] } },
{ "type": "Feature", "properties": { "decimalLatitude": -37.7099, "decimalLongitude": 144.9959, "month": 6, "species_sci": "Threskiornis molucca", "species_com": "Australian White Ibis" }, "geometry": { "type": "Point", "coordinates": [ 144.9959, -37.7099 ] } },
{ "type": "Feature", "properties": { "decimalLatitude": -19.5744, "decimalLongitude": 147.4066, "month": 6, "species_sci": "Threskiornis molucca", "species_com": "Australian White Ibis" }, "geometry": { "type": "Point", "coordinates": [ 147.4066, -19.5744 ] } },
{ "type": "Feature", "properties": { "decimalLatitude": -33.9188, "decimalLongitude": 151.0638, "month": 6, "species_sci": "Threskiornis molucca", "species_com": "Australian White Ibis" }, "geometry": { "type": "Point", "coordinates": [ 151.0638, -33.9188 ] } },
{ "type": "Feature", "properties": { "decimalLatitude": -15.6721, "decimalLongitude": 145.0207, "month": 6, "species_sci": "Threskiornis molucca", "species_com": "Australian White Ibis" }, "geometry": { "type": "Point", "coordinates": [ 145.0207, -15.6721 ] } },
{ "type": "Feature", "properties": { "decimalLatitude": -30.305, "decimalLongitude": 153.1357, "month": 6, "species_sci": "Threskiornis molucca", "species_com": "Australian White Ibis" }, "geometry": { "type": "Point", "coordinates": [ 153.1357, -30.305 ] } },
{ "type": "Feature", "properties": { "decimalLatitude": -33.7548, "decimalLongitude": 150.9176, "month": 6, "species_sci": "Threskiornis molucca", "species_com": "Australian White Ibis" }, "geometry": { "type": "Point", "coordinates": [ 150.9176, -33.7548 ] } },
{ "type": "Feature", "properties": { "decimalLatitude": -33.0764, "decimalLongitude": 151.6365, "month": 6, "species_sci": "Threskiornis molucca", "species_com": "Australian White Ibis" }, "geometry": { "type": "Point", "coordinates": [ 151.6365, -33.0764 ] } },
{ "type": "Feature", "properties": { "decimalLatitude": -27.4983, "decimalLongitude": 153.0155, "month": 6, "species_sci": "Threskiornis molucca", "species_com": "Australian White Ibis" }, "geometry": { "type": "Point", "coordinates": [ 153.0155, -27.4983 ] } },
{ "type": "Feature", "properties": { "decimalLatitude": -33.9424, "decimalLongitude": 150.852, "month": 6, "species_sci": "Threskiornis molucca", "species_com": "Australian White Ibis" }, "geometry": { "type": "Point", "coordinates": [ 150.852, -33.9424 ] } },
{ "type": "Feature", "properties": { "decimalLatitude": -33.8999, "decimalLongitude": 151.2399, "month": 6, "species_sci": "Threskiornis molucca", "species_com": "Australian White Ibis" }, "geometry": { "type": "Point", "coordinates": [ 151.2399, -33.8999 ] } },
{ "type": "Feature", "properties": { "decimalLatitude": -33.9634, "decimalLongitude": 151.1458, "month": 6, "species_sci": "Threskiornis molucca", "species_com": "Australian White Ibis" }, "geometry": { "type": "Point", "coordinates": [ 151.1458, -33.9634 ] } },
{ "type": "Feature", "properties": { "decimalLatitude": -33.8665, "decimalLongitude": 151.2141, "month": 6, "species_sci": "Threskiornis molucca", "species_com": "Australian White Ibis" }, "geometry": { "type": "Point", "coordinates": [ 151.2141, -33.8665 ] } },
{ "type": "Feature", "properties": { "decimalLatitude": -27.4692, "decimalLongitude": 153.0545, "month": 6, "species_sci": "Threskiornis molucca", "species_com": "Australian White Ibis" }, "geometry": { "type": "Point", "coordinates": [ 153.0545, -27.4692 ] } },
{ "type": "Feature", "properties": { "decimalLatitude": -36.7879, "decimalLongitude": 144.2456, "month": 6, "species_sci": "Threskiornis molucca", "species_com": "Australian White Ibis" }, "geometry": { "type": "Point", "coordinates": [ 144.2456, -36.7879 ] } },
{ "type": "Feature", "properties": { "decimalLatitude": -32.2482, "decimalLongitude": 148.6088, "month": 6, "species_sci": "Threskiornis molucca", "species_com": "Australian White Ibis" }, "geometry": { "type": "Point", "coordinates": [ 148.6088, -32.2482 ] } },
{ "type": "Feature", "properties": { "decimalLatitude": -34.9178, "decimalLongitude": 138.6112, "month": 6, "species_sci": "Threskiornis molucca", "species_com": "Australian White Ibis" }, "geometry": { "type": "Point", "coordinates": [ 138.6112, -34.9178 ] } },
{ "type": "Feature", "properties": { "decimalLatitude": -26.7639, "decimalLongitude": 153.0178, "month": 6, "species_sci": "Threskiornis molucca", "species_com": "Australian White Ibis" }, "geometry": { "type": "Point", "coordinates": [ 153.0178, -26.7639 ] } },
{ "type": "Feature", "properties": { "decimalLatitude": -24.8674, "decimalLongitude": 152.3716, "month": 6, "species_sci": "Threskiornis molucca", "species_com": "Australian White Ibis" }, "geometry": { "type": "Point", "coordinates": [ 152.3716, -24.8674 ] } },
{ "type": "Feature", "properties": { "decimalLatitude": -33.9114, "decimalLongitude": 151.1845, "month": 6, "species_sci": "Threskiornis molucca", "species_com": "Australian White Ibis" }, "geometry": { "type": "Point", "coordinates": [ 151.1845, -33.9114 ] } },
{ "type": "Feature", "properties": { "decimalLatitude": -32.2759, "decimalLongitude": 148.5855, "month": 6, "species_sci": "Threskiornis molucca", "species_com": "Australian White Ibis" }, "geometry": { "type": "Point", "coordinates": [ 148.5855, -32.2759 ] } },
{ "type": "Feature", "properties": { "decimalLatitude": -33.9632, "decimalLongitude": 151.1457, "month": 6, "species_sci": "Threskiornis molucca", "species_com": "Australian White Ibis" }, "geometry": { "type": "Point", "coordinates": [ 151.1457, -33.9632 ] } },
{ "type": "Feature", "properties": { "decimalLatitude": -37.8385, "decimalLongitude": 147.6234, "month": 6, "species_sci": "Threskiornis molucca", "species_com": "Australian White Ibis" }, "geometry": { "type": "Point", "coordinates": [ 147.6234, -37.8385 ] } },
{ "type": "Feature", "properties": { "decimalLatitude": -27.2825, "decimalLongitude": 153.0628, "month": 6, "species_sci": "Threskiornis molucca", "species_com": "Australian White Ibis" }, "geometry": { "type": "Point", "coordinates": [ 153.0628, -27.2825 ] } },
{ "type": "Feature", "properties": { "decimalLatitude": -33.9576, "decimalLongitude": 150.8777, "month": 6, "species_sci": "Threskiornis molucca", "species_com": "Australian White Ibis" }, "geometry": { "type": "Point", "coordinates": [ 150.8777, -33.9576 ] } },
{ "type": "Feature", "properties": { "decimalLatitude": -37.9813, "decimalLongitude": 146.7768, "month": 6, "species_sci": "Threskiornis molucca", "species_com": "Australian White Ibis" }, "geometry": { "type": "Point", "coordinates": [ 146.7768, -37.9813 ] } },
{ "type": "Feature", "properties": { "decimalLatitude": -33.7222, "decimalLongitude": 150.6985, "month": 6, "species_sci": "Threskiornis molucca", "species_com": "Australian White Ibis" }, "geometry": { "type": "Point", "coordinates": [ 150.6985, -33.7222 ] } },
{ "type": "Feature", "properties": { "decimalLatitude": -33.9424, "decimalLongitude": 150.852, "month": 6, "species_sci": "Threskiornis molucca", "species_com": "Australian White Ibis" }, "geometry": { "type": "Point", "coordinates": [ 150.852, -33.9424 ] } },
{ "type": "Feature", "properties": { "decimalLatitude": -20.2852, "decimalLongitude": 148.6793, "month": 6, "species_sci": "Threskiornis molucca", "species_com": "Australian White Ibis" }, "geometry": { "type": "Point", "coordinates": [ 148.6793, -20.2852 ] } },
{ "type": "Feature", "properties": { "decimalLatitude": -35.0745, "decimalLongitude": 138.5954, "month": 6, "species_sci": "Threskiornis molucca", "species_com": "Australian White Ibis" }, "geometry": { "type": "Point", "coordinates": [ 138.5954, -35.0745 ] } },
{ "type": "Feature", "properties": { "decimalLatitude": -27.5627, "decimalLongitude": 153.0968, "month": 6, "species_sci": "Threskiornis molucca", "species_com": "Australian White Ibis" }, "geometry": { "type": "Point", "coordinates": [ 153.0968, -27.5627 ] } },
{ "type": "Feature", "properties": { "decimalLatitude": -27.4753, "decimalLongitude": 153.0307, "month": 6, "species_sci": "Threskiornis molucca", "species_com": "Australian White Ibis" }, "geometry": { "type": "Point", "coordinates": [ 153.0307, -27.4753 ] } },
{ "type": "Feature", "properties": { "decimalLatitude": -33.9424, "decimalLongitude": 150.852, "month": 6, "species_sci": "Threskiornis molucca", "species_com": "Australian White Ibis" }, "geometry": { "type": "Point", "coordinates": [ 150.852, -33.9424 ] } },
{ "type": "Feature", "properties": { "decimalLatitude": -26.9181, "decimalLongitude": 152.9963, "month": 6, "species_sci": "Threskiornis molucca", "species_com": "Australian White Ibis" }, "geometry": { "type": "Point", "coordinates": [ 152.9963, -26.9181 ] } },
{ "type": "Feature", "properties": { "decimalLatitude": -28.6623, "decimalLongitude": 151.9356, "month": 6, "species_sci": "Threskiornis molucca", "species_com": "Australian White Ibis" }, "geometry": { "type": "Point", "coordinates": [ 151.9356, -28.6623 ] } },
{ "type": "Feature", "properties": { "decimalLatitude": -35.2281, "decimalLongitude": 149.0627, "month": 6, "species_sci": "Threskiornis molucca", "species_com": "Australian White Ibis" }, "geometry": { "type": "Point", "coordinates": [ 149.0627, -35.2281 ] } },
{ "type": "Feature", "properties": { "decimalLatitude": -28.6666, "decimalLongitude": 153.6158, "month": 6, "species_sci": "Threskiornis molucca", "species_com": "Australian White Ibis" }, "geometry": { "type": "Point", "coordinates": [ 153.6158, -28.6666 ] } },
{ "type": "Feature", "properties": { "decimalLatitude": -37.9007, "decimalLongitude": 145.2041, "month": 6, "species_sci": "Threskiornis molucca", "species_com": "Australian White Ibis" }, "geometry": { "type": "Point", "coordinates": [ 145.2041, -37.9007 ] } },
{ "type": "Feature", "properties": { "decimalLatitude": -37.9806, "decimalLongitude": 146.7817, "month": 6, "species_sci": "Threskiornis molucca", "species_com": "Australian White Ibis" }, "geometry": { "type": "Point", "coordinates": [ 146.7817, -37.9806 ] } },
{ "type": "Feature", "properties": { "decimalLatitude": -33.763, "decimalLongitude": 150.8603, "month": 6, "species_sci": "Threskiornis molucca", "species_com": "Australian White Ibis" }, "geometry": { "type": "Point", "coordinates": [ 150.8603, -33.763 ] } },
{ "type": "Feature", "properties": { "decimalLatitude": -37.695, "decimalLongitude": 144.9504, "month": 6, "species_sci": "Threskiornis molucca", "species_com": "Australian White Ibis" }, "geometry": { "type": "Point", "coordinates": [ 144.9504, -37.695 ] } },
{ "type": "Feature", "properties": { "decimalLatitude": -33.8638, "decimalLongitude": 151.2171, "month": 6, "species_sci": "Threskiornis molucca", "species_com": "Australian White Ibis" }, "geometry": { "type": "Point", "coordinates": [ 151.2171, -33.8638 ] } },
{ "type": "Feature", "properties": { "decimalLatitude": -37.9485, "decimalLongitude": 145.1055, "month": 6, "species_sci": "Threskiornis molucca", "species_com": "Australian White Ibis" }, "geometry": { "type": "Point", "coordinates": [ 145.1055, -37.9485 ] } },
{ "type": "Feature", "properties": { "decimalLatitude": -34.9178, "decimalLongitude": 138.6114, "month": 6, "species_sci": "Threskiornis molucca", "species_com": "Australian White Ibis" }, "geometry": { "type": "Point", "coordinates": [ 138.6114, -34.9178 ] } },
{ "type": "Feature", "properties": { "decimalLatitude": -28.3591, "decimalLongitude": 153.5728, "month": 6, "species_sci": "Threskiornis molucca", "species_com": "Australian White Ibis" }, "geometry": { "type": "Point", "coordinates": [ 153.5728, -28.3591 ] } },
{ "type": "Feature", "properties": { "decimalLatitude": -19.3121, "decimalLongitude": 146.7644, "month": 6, "species_sci": "Threskiornis molucca", "species_com": "Australian White Ibis" }, "geometry": { "type": "Point", "coordinates": [ 146.7644, -19.3121 ] } },
{ "type": "Feature", "properties": { "decimalLatitude": -28.8144, "decimalLongitude": 153.2705, "month": 6, "species_sci": "Threskiornis molucca", "species_com": "Australian White Ibis" }, "geometry": { "type": "Point", "coordinates": [ 153.2705, -28.8144 ] } },
{ "type": "Feature", "properties": { "decimalLatitude": -16.3598, "decimalLongitude": 145.4139, "month": 6, "species_sci": "Threskiornis molucca", "species_com": "Australian White Ibis" }, "geometry": { "type": "Point", "coordinates": [ 145.4139, -16.3598 ] } },
{ "type": "Feature", "properties": { "decimalLatitude": -36.1088, "decimalLongitude": 146.8915, "month": 6, "species_sci": "Threskiornis molucca", "species_com": "Australian White Ibis" }, "geometry": { "type": "Point", "coordinates": [ 146.8915, -36.1088 ] } },
{ "type": "Feature", "properties": { "decimalLatitude": -19.5816, "decimalLongitude": 147.4006, "month": 6, "species_sci": "Threskiornis molucca", "species_com": "Australian White Ibis" }, "geometry": { "type": "Point", "coordinates": [ 147.4006, -19.5816 ] } },
{ "type": "Feature", "properties": { "decimalLatitude": -27.4778, "decimalLongitude": 153.0217, "month": 6, "species_sci": "Threskiornis molucca", "species_com": "Australian White Ibis" }, "geometry": { "type": "Point", "coordinates": [ 153.0217, -27.4778 ] } },
{ "type": "Feature", "properties": { "decimalLatitude": -24.8648, "decimalLongitude": 152.3674, "month": 6, "species_sci": "Threskiornis molucca", "species_com": "Australian White Ibis" }, "geometry": { "type": "Point", "coordinates": [ 152.3674, -24.8648 ] } },
{ "type": "Feature", "properties": { "decimalLatitude": -31.9547, "decimalLongitude": 115.9063, "month": 6, "species_sci": "Threskiornis molucca", "species_com": "Australian White Ibis" }, "geometry": { "type": "Point", "coordinates": [ 115.9063, -31.9547 ] } },
{ "type": "Feature", "properties": { "decimalLatitude": -34.1705, "decimalLongitude": 140.7355, "month": 6, "species_sci": "Threskiornis molucca", "species_com": "Australian White Ibis" }, "geometry": { "type": "Point", "coordinates": [ 140.7355, -34.1705 ] } },
{ "type": "Feature", "properties": { "decimalLatitude": -33.9424, "decimalLongitude": 150.852, "month": 6, "species_sci": "Threskiornis molucca", "species_com": "Australian White Ibis" }, "geometry": { "type": "Point", "coordinates": [ 150.852, -33.9424 ] } },
{ "type": "Feature", "properties": { "decimalLatitude": -32.8404, "decimalLongitude": 151.7034, "month": 6, "species_sci": "Threskiornis molucca", "species_com": "Australian White Ibis" }, "geometry": { "type": "Point", "coordinates": [ 151.7034, -32.8404 ] } },
{ "type": "Feature", "properties": { "decimalLatitude": -35.0441, "decimalLongitude": 137.7315, "month": 6, "species_sci": "Threskiornis molucca", "species_com": "Australian White Ibis" }, "geometry": { "type": "Point", "coordinates": [ 137.7315, -35.0441 ] } },
{ "type": "Feature", "properties": { "decimalLatitude": -30.3011, "decimalLongitude": 153.1178, "month": 6, "species_sci": "Threskiornis molucca", "species_com": "Australian White Ibis" }, "geometry": { "type": "Point", "coordinates": [ 153.1178, -30.3011 ] } },
{ "type": "Feature", "properties": { "decimalLatitude": -33.8105, "decimalLongitude": 151.0043, "month": 6, "species_sci": "Threskiornis molucca", "species_com": "Australian White Ibis" }, "geometry": { "type": "Point", "coordinates": [ 151.0043, -33.8105 ] } },
{ "type": "Feature", "properties": { "decimalLatitude": -12.4562, "decimalLongitude": 131.0521, "month": 6, "species_sci": "Threskiornis molucca", "species_com": "Australian White Ibis" }, "geometry": { "type": "Point", "coordinates": [ 131.0521, -12.4562 ] } },
{ "type": "Feature", "properties": { "decimalLatitude": -12.4442, "decimalLongitude": 130.8359, "month": 6, "species_sci": "Threskiornis molucca", "species_com": "Australian White Ibis" }, "geometry": { "type": "Point", "coordinates": [ 130.8359, -12.4442 ] } },
{ "type": "Feature", "properties": { "decimalLatitude": -37.9802, "decimalLongitude": 146.7804, "month": 6, "species_sci": "Threskiornis molucca", "species_com": "Australian White Ibis" }, "geometry": { "type": "Point", "coordinates": [ 146.7804, -37.9802 ] } },
{ "type": "Feature", "properties": { "decimalLatitude": -20.0816, "decimalLongitude": 119.5761, "month": 6, "species_sci": "Threskiornis molucca", "species_com": "Australian White Ibis" }, "geometry": { "type": "Point", "coordinates": [ 119.5761, -20.0816 ] } },
{ "type": "Feature", "properties": { "decimalLatitude": -32.1257, "decimalLongitude": 115.8566, "month": 6, "species_sci": "Threskiornis molucca", "species_com": "Australian White Ibis" }, "geometry": { "type": "Point", "coordinates": [ 115.8566, -32.1257 ] } },
{ "type": "Feature", "properties": { "decimalLatitude": -16.9277, "decimalLongitude": 145.7401, "month": 6, "species_sci": "Threskiornis molucca", "species_com": "Australian White Ibis" }, "geometry": { "type": "Point", "coordinates": [ 145.7401, -16.9277 ] } },
{ "type": "Feature", "properties": { "decimalLatitude": -27.7343, "decimalLongitude": 153.102, "month": 6, "species_sci": "Threskiornis molucca", "species_com": "Australian White Ibis" }, "geometry": { "type": "Point", "coordinates": [ 153.102, -27.7343 ] } },
{ "type": "Feature", "properties": { "decimalLatitude": -10.1685, "decimalLongitude": 142.1593, "month": 6, "species_sci": "Threskiornis molucca", "species_com": "Australian White Ibis" }, "geometry": { "type": "Point", "coordinates": [ 142.1593, -10.1685 ] } },
{ "type": "Feature", "properties": { "decimalLatitude": -34.9139, "decimalLongitude": 138.6066, "month": 6, "species_sci": "Threskiornis molucca", "species_com": "Australian White Ibis" }, "geometry": { "type": "Point", "coordinates": [ 138.6066, -34.9139 ] } },
{ "type": "Feature", "properties": { "decimalLatitude": -33.7684, "decimalLongitude": 151.2842, "month": 6, "species_sci": "Threskiornis molucca", "species_com": "Australian White Ibis" }, "geometry": { "type": "Point", "coordinates": [ 151.2842, -33.7684 ] } },
{ "type": "Feature", "properties": { "decimalLatitude": -26.8083, "decimalLongitude": 153.1362, "month": 6, "species_sci": "Threskiornis molucca", "species_com": "Australian White Ibis" }, "geometry": { "type": "Point", "coordinates": [ 153.1362, -26.8083 ] } },
{ "type": "Feature", "properties": { "decimalLatitude": -12.4153, "decimalLongitude": 130.8321, "month": 6, "species_sci": "Threskiornis molucca", "species_com": "Australian White Ibis" }, "geometry": { "type": "Point", "coordinates": [ 130.8321, -12.4153 ] } },
{ "type": "Feature", "properties": { "decimalLatitude": -38.2246, "decimalLongitude": 145.1708, "month": 6, "species_sci": "Threskiornis molucca", "species_com": "Australian White Ibis" }, "geometry": { "type": "Point", "coordinates": [ 145.1708, -38.2246 ] } },
{ "type": "Feature", "properties": { "decimalLatitude": -33.9424, "decimalLongitude": 150.852, "month": 6, "species_sci": "Threskiornis molucca", "species_com": "Australian White Ibis" }, "geometry": { "type": "Point", "coordinates": [ 150.852, -33.9424 ] } },
{ "type": "Feature", "properties": { "decimalLatitude": -27.9415, "decimalLongitude": 153.4195, "month": 6, "species_sci": "Threskiornis molucca", "species_com": "Australian White Ibis" }, "geometry": { "type": "Point", "coordinates": [ 153.4195, -27.9415 ] } },
{ "type": "Feature", "properties": { "decimalLatitude": -35.3134, "decimalLongitude": 149.1552, "month": 6, "species_sci": "Threskiornis molucca", "species_com": "Australian White Ibis" }, "geometry": { "type": "Point", "coordinates": [ 149.1552, -35.3134 ] } },
{ "type": "Feature", "properties": { "decimalLatitude": -38.2609, "decimalLongitude": 144.5178, "month": 6, "species_sci": "Threskiornis molucca", "species_com": "Australian White Ibis" }, "geometry": { "type": "Point", "coordinates": [ 144.5178, -38.2609 ] } },
{ "type": "Feature", "properties": { "decimalLatitude": -33.8696, "decimalLongitude": 151.2147, "month": 6, "species_sci": "Threskiornis molucca", "species_com": "Australian White Ibis" }, "geometry": { "type": "Point", "coordinates": [ 151.2147, -33.8696 ] } },
{ "type": "Feature", "properties": { "decimalLatitude": -28.0132, "decimalLongitude": 153.4108, "month": 6, "species_sci": "Threskiornis molucca", "species_com": "Australian White Ibis" }, "geometry": { "type": "Point", "coordinates": [ 153.4108, -28.0132 ] } },
{ "type": "Feature", "properties": { "decimalLatitude": -27.5831, "decimalLongitude": 153.0524, "month": 6, "species_sci": "Threskiornis molucca", "species_com": "Australian White Ibis" }, "geometry": { "type": "Point", "coordinates": [ 153.0524, -27.5831 ] } },
{ "type": "Feature", "properties": { "decimalLatitude": -27.4774, "decimalLongitude": 153.0221, "month": 6, "species_sci": "Threskiornis molucca", "species_com": "Australian White Ibis" }, "geometry": { "type": "Point", "coordinates": [ 153.0221, -27.4774 ] } },
{ "type": "Feature", "properties": { "decimalLatitude": -37.9168, "decimalLongitude": 145.2097, "month": 6, "species_sci": "Threskiornis molucca", "species_com": "Australian White Ibis" }, "geometry": { "type": "Point", "coordinates": [ 145.2097, -37.9168 ] } },
{ "type": "Feature", "properties": { "decimalLatitude": -37.0989, "decimalLongitude": 142.4417, "month": 6, "species_sci": "Threskiornis molucca", "species_com": "Australian White Ibis" }, "geometry": { "type": "Point", "coordinates": [ 142.4417, -37.0989 ] } },
{ "type": "Feature", "properties": { "decimalLatitude": -28.641, "decimalLongitude": 153.6142, "month": 6, "species_sci": "Threskiornis molucca", "species_com": "Australian White Ibis" }, "geometry": { "type": "Point", "coordinates": [ 153.6142, -28.641 ] } },
{ "type": "Feature", "properties": { "decimalLatitude": -33.9347, "decimalLongitude": 150.933, "month": 6, "species_sci": "Threskiornis molucca", "species_com": "Australian White Ibis" }, "geometry": { "type": "Point", "coordinates": [ 150.933, -33.9347 ] } },
{ "type": "Feature", "properties": { "decimalLatitude": -33.9633, "decimalLongitude": 151.1458, "month": 6, "species_sci": "Threskiornis molucca", "species_com": "Australian White Ibis" }, "geometry": { "type": "Point", "coordinates": [ 151.1458, -33.9633 ] } },
{ "type": "Feature", "properties": { "decimalLatitude": -38.4587, "decimalLongitude": 145.3014, "month": 6, "species_sci": "Threskiornis molucca", "species_com": "Australian White Ibis" }, "geometry": { "type": "Point", "coordinates": [ 145.3014, -38.4587 ] } },
{ "type": "Feature", "properties": { "decimalLatitude": -33.2073, "decimalLongitude": 115.7167, "month": 6, "species_sci": "Threskiornis molucca", "species_com": "Australian White Ibis" }, "geometry": { "type": "Point", "coordinates": [ 115.7167, -33.2073 ] } },
{ "type": "Feature", "properties": { "decimalLatitude": -27.567, "decimalLongitude": 153.1017, "month": 6, "species_sci": "Threskiornis molucca", "species_com": "Australian White Ibis" }, "geometry": { "type": "Point", "coordinates": [ 153.1017, -27.567 ] } },
{ "type": "Feature", "properties": { "decimalLatitude": -33.8517, "decimalLongitude": 151.1264, "month": 6, "species_sci": "Threskiornis molucca", "species_com": "Australian White Ibis" }, "geometry": { "type": "Point", "coordinates": [ 151.1264, -33.8517 ] } },
{ "type": "Feature", "properties": { "decimalLatitude": -33.903, "decimalLongitude": 151.2356, "month": 6, "species_sci": "Threskiornis molucca", "species_com": "Australian White Ibis" }, "geometry": { "type": "Point", "coordinates": [ 151.2356, -33.903 ] } },
{ "type": "Feature", "properties": { "decimalLatitude": -27.4209, "decimalLongitude": 152.4508, "month": 6, "species_sci": "Threskiornis molucca", "species_com": "Australian White Ibis" }, "geometry": { "type": "Point", "coordinates": [ 152.4508, -27.4209 ] } },
{ "type": "Feature", "properties": { "decimalLatitude": -33.8696, "decimalLongitude": 151.2139, "month": 6, "species_sci": "Threskiornis molucca", "species_com": "Australian White Ibis" }, "geometry": { "type": "Point", "coordinates": [ 151.2139, -33.8696 ] } },
{ "type": "Feature", "properties": { "decimalLatitude": -33.9328, "decimalLongitude": 150.8585, "month": 6, "species_sci": "Threskiornis molucca", "species_com": "Australian White Ibis" }, "geometry": { "type": "Point", "coordinates": [ 150.8585, -33.9328 ] } },
{ "type": "Feature", "properties": { "decimalLatitude": -27.5822, "decimalLongitude": 153.0544, "month": 6, "species_sci": "Threskiornis molucca", "species_com": "Australian White Ibis" }, "geometry": { "type": "Point", "coordinates": [ 153.0544, -27.5822 ] } },
{ "type": "Feature", "properties": { "decimalLatitude": -34.9347, "decimalLongitude": 138.5099, "month": 6, "species_sci": "Threskiornis molucca", "species_com": "Australian White Ibis" }, "geometry": { "type": "Point", "coordinates": [ 138.5099, -34.9347 ] } },
{ "type": "Feature", "properties": { "decimalLatitude": -37.829, "decimalLongitude": 145.0221, "month": 6, "species_sci": "Threskiornis molucca", "species_com": "Australian White Ibis" }, "geometry": { "type": "Point", "coordinates": [ 145.0221, -37.829 ] } },
{ "type": "Feature", "properties": { "decimalLatitude": -33.8154, "decimalLongitude": 151.2098, "month": 6, "species_sci": "Threskiornis molucca", "species_com": "Australian White Ibis" }, "geometry": { "type": "Point", "coordinates": [ 151.2098, -33.8154 ] } },
{ "type": "Feature", "properties": { "decimalLatitude": -27.4894, "decimalLongitude": 153.06, "month": 6, "species_sci": "Threskiornis molucca", "species_com": "Australian White Ibis" }, "geometry": { "type": "Point", "coordinates": [ 153.06, -27.4894 ] } },
{ "type": "Feature", "properties": { "decimalLatitude": -34.9979, "decimalLongitude": 138.5476, "month": 6, "species_sci": "Threskiornis molucca", "species_com": "Australian White Ibis" }, "geometry": { "type": "Point", "coordinates": [ 138.5476, -34.9979 ] } },
{ "type": "Feature", "properties": { "decimalLatitude": -27.473, "decimalLongitude": 153.0286, "month": 6, "species_sci": "Threskiornis molucca", "species_com": "Australian White Ibis" }, "geometry": { "type": "Point", "coordinates": [ 153.0286, -27.473 ] } },
{ "type": "Feature", "properties": { "decimalLatitude": -37.8376, "decimalLongitude": 147.6222, "month": 6, "species_sci": "Threskiornis molucca", "species_com": "Australian White Ibis" }, "geometry": { "type": "Point", "coordinates": [ 147.6222, -37.8376 ] } },
{ "type": "Feature", "properties": { "decimalLatitude": -37.9002, "decimalLongitude": 145.2057, "month": 6, "species_sci": "Threskiornis molucca", "species_com": "Australian White Ibis" }, "geometry": { "type": "Point", "coordinates": [ 145.2057, -37.9002 ] } },
{ "type": "Feature", "properties": { "decimalLatitude": -33.8922, "decimalLongitude": 151.2322, "month": 6, "species_sci": "Threskiornis molucca", "species_com": "Australian White Ibis" }, "geometry": { "type": "Point", "coordinates": [ 151.2322, -33.8922 ] } },
{ "type": "Feature", "properties": { "decimalLatitude": -27.0478, "decimalLongitude": 153.109, "month": 6, "species_sci": "Threskiornis molucca", "species_com": "Australian White Ibis" }, "geometry": { "type": "Point", "coordinates": [ 153.109, -27.0478 ] } },
{ "type": "Feature", "properties": { "decimalLatitude": -23.4906, "decimalLongitude": 150.4749, "month": 6, "species_sci": "Threskiornis molucca", "species_com": "Australian White Ibis" }, "geometry": { "type": "Point", "coordinates": [ 150.4749, -23.4906 ] } },
{ "type": "Feature", "properties": { "decimalLatitude": -37.7777, "decimalLongitude": 145.3595, "month": 6, "species_sci": "Threskiornis molucca", "species_com": "Australian White Ibis" }, "geometry": { "type": "Point", "coordinates": [ 145.3595, -37.7777 ] } },
{ "type": "Feature", "properties": { "decimalLatitude": -33.8727, "decimalLongitude": 151.2104, "month": 6, "species_sci": "Threskiornis molucca", "species_com": "Australian White Ibis" }, "geometry": { "type": "Point", "coordinates": [ 151.2104, -33.8727 ] } },
{ "type": "Feature", "properties": { "decimalLatitude": -38.3005, "decimalLongitude": 144.3734, "month": 6, "species_sci": "Threskiornis molucca", "species_com": "Australian White Ibis" }, "geometry": { "type": "Point", "coordinates": [ 144.3734, -38.3005 ] } },
{ "type": "Feature", "properties": { "decimalLatitude": -23.4014, "decimalLongitude": 150.4915, "month": 6, "species_sci": "Threskiornis molucca", "species_com": "Australian White Ibis" }, "geometry": { "type": "Point", "coordinates": [ 150.4915, -23.4014 ] } },
{ "type": "Feature", "properties": { "decimalLatitude": -27.426, "decimalLongitude": 153.169, "month": 6, "species_sci": "Threskiornis molucca", "species_com": "Australian White Ibis" }, "geometry": { "type": "Point", "coordinates": [ 153.169, -27.426 ] } },
{ "type": "Feature", "properties": { "decimalLatitude": -33.8765, "decimalLongitude": 151.2071, "month": 6, "species_sci": "Threskiornis molucca", "species_com": "Australian White Ibis" }, "geometry": { "type": "Point", "coordinates": [ 151.2071, -33.8765 ] } },
{ "type": "Feature", "properties": { "decimalLatitude": -35.8137, "decimalLongitude": 145.5333, "month": 6, "species_sci": "Threskiornis molucca", "species_com": "Australian White Ibis" }, "geometry": { "type": "Point", "coordinates": [ 145.5333, -35.8137 ] } },
{ "type": "Feature", "properties": { "decimalLatitude": -33.963, "decimalLongitude": 151.1458, "month": 6, "species_sci": "Threskiornis molucca", "species_com": "Australian White Ibis" }, "geometry": { "type": "Point", "coordinates": [ 151.1458, -33.963 ] } },
{ "type": "Feature", "properties": { "decimalLatitude": -32.2467, "decimalLongitude": 148.6012, "month": 6, "species_sci": "Threskiornis molucca", "species_com": "Australian White Ibis" }, "geometry": { "type": "Point", "coordinates": [ 148.6012, -32.2467 ] } },
{ "type": "Feature", "properties": { "decimalLatitude": -35.4254, "decimalLongitude": 149.0837, "month": 6, "species_sci": "Threskiornis molucca", "species_com": "Australian White Ibis" }, "geometry": { "type": "Point", "coordinates": [ 149.0837, -35.4254 ] } },
{ "type": "Feature", "properties": { "decimalLatitude": -27.4271, "decimalLongitude": 153.537, "month": 6, "species_sci": "Threskiornis molucca", "species_com": "Australian White Ibis" }, "geometry": { "type": "Point", "coordinates": [ 153.537, -27.4271 ] } },
{ "type": "Feature", "properties": { "decimalLatitude": -33.7104, "decimalLongitude": 151.2861, "month": 6, "species_sci": "Threskiornis molucca", "species_com": "Australian White Ibis" }, "geometry": { "type": "Point", "coordinates": [ 151.2861, -33.7104 ] } },
{ "type": "Feature", "properties": { "decimalLatitude": -34.9228, "decimalLongitude": 138.6111, "month": 6, "species_sci": "Threskiornis molucca", "species_com": "Australian White Ibis" }, "geometry": { "type": "Point", "coordinates": [ 138.6111, -34.9228 ] } },
{ "type": "Feature", "properties": { "decimalLatitude": -37.6959, "decimalLongitude": 144.9084, "month": 6, "species_sci": "Threskiornis molucca", "species_com": "Australian White Ibis" }, "geometry": { "type": "Point", "coordinates": [ 144.9084, -37.6959 ] } },
{ "type": "Feature", "properties": { "decimalLatitude": -27.9397, "decimalLongitude": 153.4215, "month": 6, "species_sci": "Threskiornis molucca", "species_com": "Australian White Ibis" }, "geometry": { "type": "Point", "coordinates": [ 153.4215, -27.9397 ] } },
{ "type": "Feature", "properties": { "decimalLatitude": -32.6911, "decimalLongitude": 151.5362, "month": 6, "species_sci": "Threskiornis molucca", "species_com": "Australian White Ibis" }, "geometry": { "type": "Point", "coordinates": [ 151.5362, -32.6911 ] } },
{ "type": "Feature", "properties": { "decimalLatitude": -33.9426, "decimalLongitude": 150.8522, "month": 7, "species_sci": "Threskiornis molucca", "species_com": "Australian White Ibis" }, "geometry": { "type": "Point", "coordinates": [ 150.8522, -33.9426 ] } },
{ "type": "Feature", "properties": { "decimalLatitude": -32.8504, "decimalLongitude": 151.6831, "month": 7, "species_sci": "Threskiornis molucca", "species_com": "Australian White Ibis" }, "geometry": { "type": "Point", "coordinates": [ 151.6831, -32.8504 ] } },
{ "type": "Feature", "properties": { "decimalLatitude": -33.8649, "decimalLongitude": 151.217, "month": 7, "species_sci": "Threskiornis molucca", "species_com": "Australian White Ibis" }, "geometry": { "type": "Point", "coordinates": [ 151.217, -33.8649 ] } },
{ "type": "Feature", "properties": { "decimalLatitude": -37.9141, "decimalLongitude": 145.2303, "month": 7, "species_sci": "Threskiornis molucca", "species_com": "Australian White Ibis" }, "geometry": { "type": "Point", "coordinates": [ 145.2303, -37.9141 ] } },
{ "type": "Feature", "properties": { "decimalLatitude": -25.9137, "decimalLongitude": 153.0088, "month": 7, "species_sci": "Threskiornis molucca", "species_com": "Australian White Ibis" }, "geometry": { "type": "Point", "coordinates": [ 153.0088, -25.9137 ] } },
{ "type": "Feature", "properties": { "decimalLatitude": -27.4694, "decimalLongitude": 153.025, "month": 7, "species_sci": "Threskiornis molucca", "species_com": "Australian White Ibis" }, "geometry": { "type": "Point", "coordinates": [ 153.025, -27.4694 ] } },
{ "type": "Feature", "properties": { "decimalLatitude": -34.5, "decimalLongitude": 150.821, "month": 7, "species_sci": "Threskiornis molucca", "species_com": "Australian White Ibis" }, "geometry": { "type": "Point", "coordinates": [ 150.821, -34.5 ] } },
{ "type": "Feature", "properties": { "decimalLatitude": -33.9633, "decimalLongitude": 151.1459, "month": 7, "species_sci": "Threskiornis molucca", "species_com": "Australian White Ibis" }, "geometry": { "type": "Point", "coordinates": [ 151.1459, -33.9633 ] } },
{ "type": "Feature", "properties": { "decimalLatitude": -37.8214, "decimalLongitude": 144.9421, "month": 7, "species_sci": "Threskiornis molucca", "species_com": "Australian White Ibis" }, "geometry": { "type": "Point", "coordinates": [ 144.9421, -37.8214 ] } },
{ "type": "Feature", "properties": { "decimalLatitude": -24.9838, "decimalLongitude": 152.1898, "month": 7, "species_sci": "Threskiornis molucca", "species_com": "Australian White Ibis" }, "geometry": { "type": "Point", "coordinates": [ 152.1898, -24.9838 ] } },
{ "type": "Feature", "properties": { "decimalLatitude": -37.831, "decimalLongitude": 144.9065, "month": 7, "species_sci": "Threskiornis molucca", "species_com": "Australian White Ibis" }, "geometry": { "type": "Point", "coordinates": [ 144.9065, -37.831 ] } },
{ "type": "Feature", "properties": { "decimalLatitude": -32.0581, "decimalLongitude": 115.9746, "month": 7, "species_sci": "Threskiornis molucca", "species_com": "Australian White Ibis" }, "geometry": { "type": "Point", "coordinates": [ 115.9746, -32.0581 ] } },
{ "type": "Feature", "properties": { "decimalLatitude": -35.5321, "decimalLongitude": 138.6556, "month": 7, "species_sci": "Threskiornis molucca", "species_com": "Australian White Ibis" }, "geometry": { "type": "Point", "coordinates": [ 138.6556, -35.5321 ] } },
{ "type": "Feature", "properties": { "decimalLatitude": -37.7808, "decimalLongitude": 144.8947, "month": 7, "species_sci": "Threskiornis molucca", "species_com": "Australian White Ibis" }, "geometry": { "type": "Point", "coordinates": [ 144.8947, -37.7808 ] } },
{ "type": "Feature", "properties": { "decimalLatitude": -33.718, "decimalLongitude": 150.7603, "month": 7, "species_sci": "Threskiornis molucca", "species_com": "Australian White Ibis" }, "geometry": { "type": "Point", "coordinates": [ 150.7603, -33.718 ] } },
{ "type": "Feature", "properties": { "decimalLatitude": -27.4375, "decimalLongitude": 153.0309, "month": 7, "species_sci": "Threskiornis molucca", "species_com": "Australian White Ibis" }, "geometry": { "type": "Point", "coordinates": [ 153.0309, -27.4375 ] } },
{ "type": "Feature", "properties": { "decimalLatitude": -33.8688, "decimalLongitude": 151.0923, "month": 7, "species_sci": "Threskiornis molucca", "species_com": "Australian White Ibis" }, "geometry": { "type": "Point", "coordinates": [ 151.0923, -33.8688 ] } },
{ "type": "Feature", "properties": { "decimalLatitude": -27.4764, "decimalLongitude": 153.0302, "month": 7, "species_sci": "Threskiornis molucca", "species_com": "Australian White Ibis" }, "geometry": { "type": "Point", "coordinates": [ 153.0302, -27.4764 ] } },
{ "type": "Feature", "properties": { "decimalLatitude": -37.8961, "decimalLongitude": 145.2493, "month": 7, "species_sci": "Threskiornis molucca", "species_com": "Australian White Ibis" }, "geometry": { "type": "Point", "coordinates": [ 145.2493, -37.8961 ] } },
{ "type": "Feature", "properties": { "decimalLatitude": -33.7445, "decimalLongitude": 150.9544, "month": 7, "species_sci": "Threskiornis molucca", "species_com": "Australian White Ibis" }, "geometry": { "type": "Point", "coordinates": [ 150.9544, -33.7445 ] } },
{ "type": "Feature", "properties": { "decimalLatitude": -32.9328, "decimalLongitude": 151.7626, "month": 7, "species_sci": "Threskiornis molucca", "species_com": "Australian White Ibis" }, "geometry": { "type": "Point", "coordinates": [ 151.7626, -32.9328 ] } },
{ "type": "Feature", "properties": { "decimalLatitude": -16.8236, "decimalLongitude": 145.7323, "month": 7, "species_sci": "Threskiornis molucca", "species_com": "Australian White Ibis" }, "geometry": { "type": "Point", "coordinates": [ 145.7323, -16.8236 ] } },
{ "type": "Feature", "properties": { "decimalLatitude": -34.4875, "decimalLongitude": 150.8353, "month": 7, "species_sci": "Threskiornis molucca", "species_com": "Australian White Ibis" }, "geometry": { "type": "Point", "coordinates": [ 150.8353, -34.4875 ] } },
{ "type": "Feature", "properties": { "decimalLatitude": -33.8639, "decimalLongitude": 151.214, "month": 7, "species_sci": "Threskiornis molucca", "species_com": "Australian White Ibis" }, "geometry": { "type": "Point", "coordinates": [ 151.214, -33.8639 ] } },
{ "type": "Feature", "properties": { "decimalLatitude": -33.7332, "decimalLongitude": 150.8491, "month": 7, "species_sci": "Threskiornis molucca", "species_com": "Australian White Ibis" }, "geometry": { "type": "Point", "coordinates": [ 150.8491, -33.7332 ] } },
{ "type": "Feature", "properties": { "decimalLatitude": -37.8383, "decimalLongitude": 145.2173, "month": 7, "species_sci": "Threskiornis molucca", "species_com": "Australian White Ibis" }, "geometry": { "type": "Point", "coordinates": [ 145.2173, -37.8383 ] } },
{ "type": "Feature", "properties": { "decimalLatitude": -27.0947, "decimalLongitude": 153.163, "month": 7, "species_sci": "Threskiornis molucca", "species_com": "Australian White Ibis" }, "geometry": { "type": "Point", "coordinates": [ 153.163, -27.0947 ] } },
{ "type": "Feature", "properties": { "decimalLatitude": -33.7773, "decimalLongitude": 151.0981, "month": 7, "species_sci": "Threskiornis molucca", "species_com": "Australian White Ibis" }, "geometry": { "type": "Point", "coordinates": [ 151.0981, -33.7773 ] } },
{ "type": "Feature", "properties": { "decimalLatitude": -19.2181, "decimalLongitude": 146.7548, "month": 7, "species_sci": "Threskiornis molucca", "species_com": "Australian White Ibis" }, "geometry": { "type": "Point", "coordinates": [ 146.7548, -19.2181 ] } },
{ "type": "Feature", "properties": { "decimalLatitude": -34.9747, "decimalLongitude": 138.5363, "month": 7, "species_sci": "Threskiornis molucca", "species_com": "Australian White Ibis" }, "geometry": { "type": "Point", "coordinates": [ 138.5363, -34.9747 ] } },
{ "type": "Feature", "properties": { "decimalLatitude": -27.4669, "decimalLongitude": 153.0312, "month": 7, "species_sci": "Threskiornis molucca", "species_com": "Australian White Ibis" }, "geometry": { "type": "Point", "coordinates": [ 153.0312, -27.4669 ] } },
{ "type": "Feature", "properties": { "decimalLatitude": -34.9565, "decimalLongitude": 117.942, "month": 7, "species_sci": "Threskiornis molucca", "species_com": "Australian White Ibis" }, "geometry": { "type": "Point", "coordinates": [ 117.942, -34.9565 ] } },
{ "type": "Feature", "properties": { "decimalLatitude": -33.9669, "decimalLongitude": 151.1029, "month": 7, "species_sci": "Threskiornis molucca", "species_com": "Australian White Ibis" }, "geometry": { "type": "Point", "coordinates": [ 151.1029, -33.9669 ] } },
{ "type": "Feature", "properties": { "decimalLatitude": -33.7824, "decimalLongitude": 151.2751, "month": 7, "species_sci": "Threskiornis molucca", "species_com": "Australian White Ibis" }, "geometry": { "type": "Point", "coordinates": [ 151.2751, -33.7824 ] } },
{ "type": "Feature", "properties": { "decimalLatitude": -27.331, "decimalLongitude": 153.0828, "month": 7, "species_sci": "Threskiornis molucca", "species_com": "Australian White Ibis" }, "geometry": { "type": "Point", "coordinates": [ 153.0828, -27.331 ] } },
{ "type": "Feature", "properties": { "decimalLatitude": -27.4349, "decimalLongitude": 153.1473, "month": 7, "species_sci": "Threskiornis molucca", "species_com": "Australian White Ibis" }, "geometry": { "type": "Point", "coordinates": [ 153.1473, -27.4349 ] } },
{ "type": "Feature", "properties": { "decimalLatitude": -19.3109, "decimalLongitude": 146.7637, "month": 7, "species_sci": "Threskiornis molucca", "species_com": "Australian White Ibis" }, "geometry": { "type": "Point", "coordinates": [ 146.7637, -19.3109 ] } },
{ "type": "Feature", "properties": { "decimalLatitude": -27.2972, "decimalLongitude": 153.0373, "month": 7, "species_sci": "Threskiornis molucca", "species_com": "Australian White Ibis" }, "geometry": { "type": "Point", "coordinates": [ 153.0373, -27.2972 ] } },
{ "type": "Feature", "properties": { "decimalLatitude": -29.1166, "decimalLongitude": 153.4335, "month": 7, "species_sci": "Threskiornis molucca", "species_com": "Australian White Ibis" }, "geometry": { "type": "Point", "coordinates": [ 153.4335, -29.1166 ] } },
{ "type": "Feature", "properties": { "decimalLatitude": -33.9183, "decimalLongitude": 151.2609, "month": 7, "species_sci": "Threskiornis molucca", "species_com": "Australian White Ibis" }, "geometry": { "type": "Point", "coordinates": [ 151.2609, -33.9183 ] } },
{ "type": "Feature", "properties": { "decimalLatitude": -27.4693, "decimalLongitude": 153.1232, "month": 7, "species_sci": "Threskiornis molucca", "species_com": "Australian White Ibis" }, "geometry": { "type": "Point", "coordinates": [ 153.1232, -27.4693 ] } },
{ "type": "Feature", "properties": { "decimalLatitude": -27.4186, "decimalLongitude": 153.0551, "month": 7, "species_sci": "Threskiornis molucca", "species_com": "Australian White Ibis" }, "geometry": { "type": "Point", "coordinates": [ 153.0551, -27.4186 ] } },
{ "type": "Feature", "properties": { "decimalLatitude": -32.8753, "decimalLongitude": 151.0108, "month": 7, "species_sci": "Threskiornis molucca", "species_com": "Australian White Ibis" }, "geometry": { "type": "Point", "coordinates": [ 151.0108, -32.8753 ] } },
{ "type": "Feature", "properties": { "decimalLatitude": -38.3169, "decimalLongitude": 146.3334, "month": 7, "species_sci": "Threskiornis molucca", "species_com": "Australian White Ibis" }, "geometry": { "type": "Point", "coordinates": [ 146.3334, -38.3169 ] } },
{ "type": "Feature", "properties": { "decimalLatitude": -37.8985, "decimalLongitude": 145.2003, "month": 7, "species_sci": "Threskiornis molucca", "species_com": "Australian White Ibis" }, "geometry": { "type": "Point", "coordinates": [ 145.2003, -37.8985 ] } },
{ "type": "Feature", "properties": { "decimalLatitude": -33.8834, "decimalLongitude": 151.1921, "month": 7, "species_sci": "Threskiornis molucca", "species_com": "Australian White Ibis" }, "geometry": { "type": "Point", "coordinates": [ 151.1921, -33.8834 ] } },
{ "type": "Feature", "properties": { "decimalLatitude": -27.4323, "decimalLongitude": 153.1479, "month": 7, "species_sci": "Threskiornis molucca", "species_com": "Australian White Ibis" }, "geometry": { "type": "Point", "coordinates": [ 153.1479, -27.4323 ] } },
{ "type": "Feature", "properties": { "decimalLatitude": -16.8246, "decimalLongitude": 145.7174, "month": 7, "species_sci": "Threskiornis molucca", "species_com": "Australian White Ibis" }, "geometry": { "type": "Point", "coordinates": [ 145.7174, -16.8246 ] } },
{ "type": "Feature", "properties": { "decimalLatitude": -34.0131, "decimalLongitude": 150.7696, "month": 7, "species_sci": "Threskiornis molucca", "species_com": "Australian White Ibis" }, "geometry": { "type": "Point", "coordinates": [ 150.7696, -34.0131 ] } },
{ "type": "Feature", "properties": { "decimalLatitude": -37.975, "decimalLongitude": 145.2339, "month": 7, "species_sci": "Threskiornis molucca", "species_com": "Australian White Ibis" }, "geometry": { "type": "Point", "coordinates": [ 145.2339, -37.975 ] } },
{ "type": "Feature", "properties": { "decimalLatitude": -33.9218, "decimalLongitude": 151.1469, "month": 7, "species_sci": "Threskiornis molucca", "species_com": "Australian White Ibis" }, "geometry": { "type": "Point", "coordinates": [ 151.1469, -33.9218 ] } },
{ "type": "Feature", "properties": { "decimalLatitude": -37.8133, "decimalLongitude": 145.2359, "month": 7, "species_sci": "Threskiornis molucca", "species_com": "Australian White Ibis" }, "geometry": { "type": "Point", "coordinates": [ 145.2359, -37.8133 ] } },
{ "type": "Feature", "properties": { "decimalLatitude": -27.2773, "decimalLongitude": 153.0382, "month": 7, "species_sci": "Threskiornis molucca", "species_com": "Australian White Ibis" }, "geometry": { "type": "Point", "coordinates": [ 153.0382, -27.2773 ] } },
{ "type": "Feature", "properties": { "decimalLatitude": -33.7519, "decimalLongitude": 150.7843, "month": 7, "species_sci": "Threskiornis molucca", "species_com": "Australian White Ibis" }, "geometry": { "type": "Point", "coordinates": [ 150.7843, -33.7519 ] } },
{ "type": "Feature", "properties": { "decimalLatitude": -27.4352, "decimalLongitude": 153.1488, "month": 7, "species_sci": "Threskiornis molucca", "species_com": "Australian White Ibis" }, "geometry": { "type": "Point", "coordinates": [ 153.1488, -27.4352 ] } },
{ "type": "Feature", "properties": { "decimalLatitude": -27.476, "decimalLongitude": 153.0302, "month": 7, "species_sci": "Threskiornis molucca", "species_com": "Australian White Ibis" }, "geometry": { "type": "Point", "coordinates": [ 153.0302, -27.476 ] } },
{ "type": "Feature", "properties": { "decimalLatitude": -31.8784, "decimalLongitude": 115.6026, "month": 7, "species_sci": "Threskiornis molucca", "species_com": "Australian White Ibis" }, "geometry": { "type": "Point", "coordinates": [ 115.6026, -31.8784 ] } },
{ "type": "Feature", "properties": { "decimalLatitude": -33.8512, "decimalLongitude": 151.0791, "month": 7, "species_sci": "Threskiornis molucca", "species_com": "Australian White Ibis" }, "geometry": { "type": "Point", "coordinates": [ 151.0791, -33.8512 ] } },
{ "type": "Feature", "properties": { "decimalLatitude": -33.8609, "decimalLongitude": 151.2167, "month": 7, "species_sci": "Threskiornis molucca", "species_com": "Australian White Ibis" }, "geometry": { "type": "Point", "coordinates": [ 151.2167, -33.8609 ] } },
{ "type": "Feature", "properties": { "decimalLatitude": -31.9281, "decimalLongitude": 115.8061, "month": 7, "species_sci": "Threskiornis molucca", "species_com": "Australian White Ibis" }, "geometry": { "type": "Point", "coordinates": [ 115.8061, -31.9281 ] } },
{ "type": "Feature", "properties": { "decimalLatitude": -27.4665, "decimalLongitude": 153.0284, "month": 7, "species_sci": "Threskiornis molucca", "species_com": "Australian White Ibis" }, "geometry": { "type": "Point", "coordinates": [ 153.0284, -27.4665 ] } },
{ "type": "Feature", "properties": { "decimalLatitude": -37.9876, "decimalLongitude": 145.2751, "month": 7, "species_sci": "Threskiornis molucca", "species_com": "Australian White Ibis" }, "geometry": { "type": "Point", "coordinates": [ 145.2751, -37.9876 ] } },
{ "type": "Feature", "properties": { "decimalLatitude": -30.4975, "decimalLongitude": 153.0236, "month": 7, "species_sci": "Threskiornis molucca", "species_com": "Australian White Ibis" }, "geometry": { "type": "Point", "coordinates": [ 153.0236, -30.4975 ] } },
{ "type": "Feature", "properties": { "decimalLatitude": -31.9385, "decimalLongitude": 115.8642, "month": 7, "species_sci": "Threskiornis molucca", "species_com": "Australian White Ibis" }, "geometry": { "type": "Point", "coordinates": [ 115.8642, -31.9385 ] } },
{ "type": "Feature", "properties": { "decimalLatitude": -33.9443, "decimalLongitude": 150.8498, "month": 7, "species_sci": "Threskiornis molucca", "species_com": "Australian White Ibis" }, "geometry": { "type": "Point", "coordinates": [ 150.8498, -33.9443 ] } },
{ "type": "Feature", "properties": { "decimalLatitude": -27.4746, "decimalLongitude": 153.0282, "month": 7, "species_sci": "Threskiornis molucca", "species_com": "Australian White Ibis" }, "geometry": { "type": "Point", "coordinates": [ 153.0282, -27.4746 ] } },
{ "type": "Feature", "properties": { "decimalLatitude": -19.199, "decimalLongitude": 146.7739, "month": 7, "species_sci": "Threskiornis molucca", "species_com": "Australian White Ibis" }, "geometry": { "type": "Point", "coordinates": [ 146.7739, -19.199 ] } },
{ "type": "Feature", "properties": { "decimalLatitude": -37.8915, "decimalLongitude": 145.3388, "month": 7, "species_sci": "Threskiornis molucca", "species_com": "Australian White Ibis" }, "geometry": { "type": "Point", "coordinates": [ 145.3388, -37.8915 ] } },
{ "type": "Feature", "properties": { "decimalLatitude": -27.3046, "decimalLongitude": 153.0681, "month": 7, "species_sci": "Threskiornis molucca", "species_com": "Australian White Ibis" }, "geometry": { "type": "Point", "coordinates": [ 153.0681, -27.3046 ] } },
{ "type": "Feature", "properties": { "decimalLatitude": -33.9224, "decimalLongitude": 151.1455, "month": 7, "species_sci": "Threskiornis molucca", "species_com": "Australian White Ibis" }, "geometry": { "type": "Point", "coordinates": [ 151.1455, -33.9224 ] } },
{ "type": "Feature", "properties": { "decimalLatitude": -37.529, "decimalLongitude": 145.1157, "month": 7, "species_sci": "Threskiornis molucca", "species_com": "Australian White Ibis" }, "geometry": { "type": "Point", "coordinates": [ 145.1157, -37.529 ] } },
{ "type": "Feature", "properties": { "decimalLatitude": -37.9645, "decimalLongitude": 145.2999, "month": 7, "species_sci": "Threskiornis molucca", "species_com": "Australian White Ibis" }, "geometry": { "type": "Point", "coordinates": [ 145.2999, -37.9645 ] } },
{ "type": "Feature", "properties": { "decimalLatitude": -31.9287, "decimalLongitude": 115.8101, "month": 7, "species_sci": "Threskiornis molucca", "species_com": "Australian White Ibis" }, "geometry": { "type": "Point", "coordinates": [ 115.8101, -31.9287 ] } },
{ "type": "Feature", "properties": { "decimalLatitude": -35.3143, "decimalLongitude": 149.1624, "month": 7, "species_sci": "Threskiornis molucca", "species_com": "Australian White Ibis" }, "geometry": { "type": "Point", "coordinates": [ 149.1624, -35.3143 ] } },
{ "type": "Feature", "properties": { "decimalLatitude": -33.8645, "decimalLongitude": 151.1446, "month": 7, "species_sci": "Threskiornis molucca", "species_com": "Australian White Ibis" }, "geometry": { "type": "Point", "coordinates": [ 151.1446, -33.8645 ] } },
{ "type": "Feature", "properties": { "decimalLatitude": -32.8406, "decimalLongitude": 151.6801, "month": 7, "species_sci": "Threskiornis molucca", "species_com": "Australian White Ibis" }, "geometry": { "type": "Point", "coordinates": [ 151.6801, -32.8406 ] } },
{ "type": "Feature", "properties": { "decimalLatitude": -27.369, "decimalLongitude": 153.0441, "month": 7, "species_sci": "Threskiornis molucca", "species_com": "Australian White Ibis" }, "geometry": { "type": "Point", "coordinates": [ 153.0441, -27.369 ] } },
{ "type": "Feature", "properties": { "decimalLatitude": -33.8996, "decimalLongitude": 151.2392, "month": 7, "species_sci": "Threskiornis molucca", "species_com": "Australian White Ibis" }, "geometry": { "type": "Point", "coordinates": [ 151.2392, -33.8996 ] } },
{ "type": "Feature", "properties": { "decimalLatitude": -33.9633, "decimalLongitude": 151.146, "month": 7, "species_sci": "Threskiornis molucca", "species_com": "Australian White Ibis" }, "geometry": { "type": "Point", "coordinates": [ 151.146, -33.9633 ] } },
{ "type": "Feature", "properties": { "decimalLatitude": -26.3816, "decimalLongitude": 153.0742, "month": 7, "species_sci": "Threskiornis molucca", "species_com": "Australian White Ibis" }, "geometry": { "type": "Point", "coordinates": [ 153.0742, -26.3816 ] } },
{ "type": "Feature", "properties": { "decimalLatitude": -33.9544, "decimalLongitude": 150.8781, "month": 7, "species_sci": "Threskiornis molucca", "species_com": "Australian White Ibis" }, "geometry": { "type": "Point", "coordinates": [ 150.8781, -33.9544 ] } },
{ "type": "Feature", "properties": { "decimalLatitude": -11.6867, "decimalLongitude": 160.319, "month": 7, "species_sci": "Threskiornis molucca", "species_com": "Australian White Ibis" }, "geometry": { "type": "Point", "coordinates": [ 160.319, -11.6867 ] } },
{ "type": "Feature", "properties": { "decimalLatitude": -37.7992, "decimalLongitude": 144.9129, "month": 7, "species_sci": "Threskiornis molucca", "species_com": "Australian White Ibis" }, "geometry": { "type": "Point", "coordinates": [ 144.9129, -37.7992 ] } },
{ "type": "Feature", "properties": { "decimalLatitude": -27.9383, "decimalLongitude": 153.1914, "month": 7, "species_sci": "Threskiornis molucca", "species_com": "Australian White Ibis" }, "geometry": { "type": "Point", "coordinates": [ 153.1914, -27.9383 ] } },
{ "type": "Feature", "properties": { "decimalLatitude": -26.6846, "decimalLongitude": 153.0042, "month": 7, "species_sci": "Threskiornis molucca", "species_com": "Australian White Ibis" }, "geometry": { "type": "Point", "coordinates": [ 153.0042, -26.6846 ] } },
{ "type": "Feature", "properties": { "decimalLatitude": -32.7051, "decimalLongitude": 151.9743, "month": 7, "species_sci": "Threskiornis molucca", "species_com": "Australian White Ibis" }, "geometry": { "type": "Point", "coordinates": [ 151.9743, -32.7051 ] } },
{ "type": "Feature", "properties": { "decimalLatitude": -33.9038, "decimalLongitude": 151.2677, "month": 7, "species_sci": "Threskiornis molucca", "species_com": "Australian White Ibis" }, "geometry": { "type": "Point", "coordinates": [ 151.2677, -33.9038 ] } },
{ "type": "Feature", "properties": { "decimalLatitude": -33.7251, "decimalLongitude": 150.8808, "month": 7, "species_sci": "Threskiornis molucca", "species_com": "Australian White Ibis" }, "geometry": { "type": "Point", "coordinates": [ 150.8808, -33.7251 ] } },
{ "type": "Feature", "properties": { "decimalLatitude": -27.4263, "decimalLongitude": 153.1694, "month": 7, "species_sci": "Threskiornis molucca", "species_com": "Australian White Ibis" }, "geometry": { "type": "Point", "coordinates": [ 153.1694, -27.4263 ] } },
{ "type": "Feature", "properties": { "decimalLatitude": -17.9751, "decimalLongitude": 122.3502, "month": 7, "species_sci": "Threskiornis molucca", "species_com": "Australian White Ibis" }, "geometry": { "type": "Point", "coordinates": [ 122.3502, -17.9751 ] } },
{ "type": "Feature", "properties": { "decimalLatitude": -15.8881, "decimalLongitude": 145.3564, "month": 7, "species_sci": "Threskiornis molucca", "species_com": "Australian White Ibis" }, "geometry": { "type": "Point", "coordinates": [ 145.3564, -15.8881 ] } },
{ "type": "Feature", "properties": { "decimalLatitude": -37.9144, "decimalLongitude": 145.233, "month": 7, "species_sci": "Threskiornis molucca", "species_com": "Australian White Ibis" }, "geometry": { "type": "Point", "coordinates": [ 145.233, -37.9144 ] } },
{ "type": "Feature", "properties": { "decimalLatitude": -33.6343, "decimalLongitude": 150.8113, "month": 7, "species_sci": "Threskiornis molucca", "species_com": "Australian White Ibis" }, "geometry": { "type": "Point", "coordinates": [ 150.8113, -33.6343 ] } },
{ "type": "Feature", "properties": { "decimalLatitude": -38.4589, "decimalLongitude": 145.3017, "month": 7, "species_sci": "Threskiornis molucca", "species_com": "Australian White Ibis" }, "geometry": { "type": "Point", "coordinates": [ 145.3017, -38.4589 ] } },
{ "type": "Feature", "properties": { "decimalLatitude": -33.1202, "decimalLongitude": 115.8351, "month": 7, "species_sci": "Threskiornis molucca", "species_com": "Australian White Ibis" }, "geometry": { "type": "Point", "coordinates": [ 115.8351, -33.1202 ] } },
{ "type": "Feature", "properties": { "decimalLatitude": -32.249, "decimalLongitude": 148.6094, "month": 7, "species_sci": "Threskiornis molucca", "species_com": "Australian White Ibis" }, "geometry": { "type": "Point", "coordinates": [ 148.6094, -32.249 ] } },
{ "type": "Feature", "properties": { "decimalLatitude": -28.0096, "decimalLongitude": 153.3872, "month": 7, "species_sci": "Threskiornis molucca", "species_com": "Australian White Ibis" }, "geometry": { "type": "Point", "coordinates": [ 153.3872, -28.0096 ] } },
{ "type": "Feature", "properties": { "decimalLatitude": -38.1565, "decimalLongitude": 145.2047, "month": 7, "species_sci": "Threskiornis molucca", "species_com": "Australian White Ibis" }, "geometry": { "type": "Point", "coordinates": [ 145.2047, -38.1565 ] } },
{ "type": "Feature", "properties": { "decimalLatitude": -31.9768, "decimalLongitude": 115.8997, "month": 7, "species_sci": "Threskiornis molucca", "species_com": "Australian White Ibis" }, "geometry": { "type": "Point", "coordinates": [ 115.8997, -31.9768 ] } },
{ "type": "Feature", "properties": { "decimalLatitude": -12.5637, "decimalLongitude": 131.3039, "month": 7, "species_sci": "Threskiornis molucca", "species_com": "Australian White Ibis" }, "geometry": { "type": "Point", "coordinates": [ 131.3039, -12.5637 ] } },
{ "type": "Feature", "properties": { "decimalLatitude": -34.015, "decimalLongitude": 150.7728, "month": 7, "species_sci": "Threskiornis molucca", "species_com": "Australian White Ibis" }, "geometry": { "type": "Point", "coordinates": [ 150.7728, -34.015 ] } },
{ "type": "Feature", "properties": { "decimalLatitude": -33.8715, "decimalLongitude": 151.2213, "month": 7, "species_sci": "Threskiornis molucca", "species_com": "Australian White Ibis" }, "geometry": { "type": "Point", "coordinates": [ 151.2213, -33.8715 ] } },
{ "type": "Feature", "properties": { "decimalLatitude": -27.3426, "decimalLongitude": 153.0673, "month": 7, "species_sci": "Threskiornis molucca", "species_com": "Australian White Ibis" }, "geometry": { "type": "Point", "coordinates": [ 153.0673, -27.3426 ] } },
{ "type": "Feature", "properties": { "decimalLatitude": -38.0828, "decimalLongitude": 145.1379, "month": 7, "species_sci": "Threskiornis molucca", "species_com": "Australian White Ibis" }, "geometry": { "type": "Point", "coordinates": [ 145.1379, -38.0828 ] } },
{ "type": "Feature", "properties": { "decimalLatitude": -35.0016, "decimalLongitude": 138.5544, "month": 7, "species_sci": "Threskiornis molucca", "species_com": "Australian White Ibis" }, "geometry": { "type": "Point", "coordinates": [ 138.5544, -35.0016 ] } },
{ "type": "Feature", "properties": { "decimalLatitude": -25.5305, "decimalLongitude": 152.6993, "month": 7, "species_sci": "Threskiornis molucca", "species_com": "Australian White Ibis" }, "geometry": { "type": "Point", "coordinates": [ 152.6993, -25.5305 ] } },
{ "type": "Feature", "properties": { "decimalLatitude": -33.9003, "decimalLongitude": 151.2353, "month": 7, "species_sci": "Threskiornis molucca", "species_com": "Australian White Ibis" }, "geometry": { "type": "Point", "coordinates": [ 151.2353, -33.9003 ] } },
{ "type": "Feature", "properties": { "decimalLatitude": -16.9185, "decimalLongitude": 145.7769, "month": 7, "species_sci": "Threskiornis molucca", "species_com": "Australian White Ibis" }, "geometry": { "type": "Point", "coordinates": [ 145.7769, -16.9185 ] } },
{ "type": "Feature", "properties": { "decimalLatitude": -38.134, "decimalLongitude": 145.8405, "month": 7, "species_sci": "Threskiornis molucca", "species_com": "Australian White Ibis" }, "geometry": { "type": "Point", "coordinates": [ 145.8405, -38.134 ] } },
{ "type": "Feature", "properties": { "decimalLatitude": -38.4675, "decimalLongitude": 145.0298, "month": 7, "species_sci": "Threskiornis molucca", "species_com": "Australian White Ibis" }, "geometry": { "type": "Point", "coordinates": [ 145.0298, -38.4675 ] } },
{ "type": "Feature", "properties": { "decimalLatitude": -37.7661, "decimalLongitude": 145.5823, "month": 7, "species_sci": "Threskiornis molucca", "species_com": "Australian White Ibis" }, "geometry": { "type": "Point", "coordinates": [ 145.5823, -37.7661 ] } },
{ "type": "Feature", "properties": { "decimalLatitude": -38.5106, "decimalLongitude": 145.3522, "month": 7, "species_sci": "Threskiornis molucca", "species_com": "Australian White Ibis" }, "geometry": { "type": "Point", "coordinates": [ 145.3522, -38.5106 ] } },
{ "type": "Feature", "properties": { "decimalLatitude": -33.0839, "decimalLongitude": 151.5085, "month": 7, "species_sci": "Threskiornis molucca", "species_com": "Australian White Ibis" }, "geometry": { "type": "Point", "coordinates": [ 151.5085, -33.0839 ] } },
{ "type": "Feature", "properties": { "decimalLatitude": -29.7065, "decimalLongitude": 152.9414, "month": 7, "species_sci": "Threskiornis molucca", "species_com": "Australian White Ibis" }, "geometry": { "type": "Point", "coordinates": [ 152.9414, -29.7065 ] } },
{ "type": "Feature", "properties": { "decimalLatitude": -27.5787, "decimalLongitude": 152.9923, "month": 7, "species_sci": "Threskiornis molucca", "species_com": "Australian White Ibis" }, "geometry": { "type": "Point", "coordinates": [ 152.9923, -27.5787 ] } },
{ "type": "Feature", "properties": { "decimalLatitude": -33.922, "decimalLongitude": 151.1484, "month": 7, "species_sci": "Threskiornis molucca", "species_com": "Australian White Ibis" }, "geometry": { "type": "Point", "coordinates": [ 151.1484, -33.922 ] } },
{ "type": "Feature", "properties": { "decimalLatitude": -23.468, "decimalLongitude": 144.2152, "month": 7, "species_sci": "Threskiornis molucca", "species_com": "Australian White Ibis" }, "geometry": { "type": "Point", "coordinates": [ 144.2152, -23.468 ] } },
{ "type": "Feature", "properties": { "decimalLatitude": -35.3882, "decimalLongitude": 139.0572, "month": 7, "species_sci": "Threskiornis molucca", "species_com": "Australian White Ibis" }, "geometry": { "type": "Point", "coordinates": [ 139.0572, -35.3882 ] } },
{ "type": "Feature", "properties": { "decimalLatitude": -35.401, "decimalLongitude": 149.1504, "month": 7, "species_sci": "Threskiornis molucca", "species_com": "Australian White Ibis" }, "geometry": { "type": "Point", "coordinates": [ 149.1504, -35.401 ] } },
{ "type": "Feature", "properties": { "decimalLatitude": -34.0705, "decimalLongitude": 150.7665, "month": 7, "species_sci": "Threskiornis molucca", "species_com": "Australian White Ibis" }, "geometry": { "type": "Point", "coordinates": [ 150.7665, -34.0705 ] } },
{ "type": "Feature", "properties": { "decimalLatitude": -37.7183, "decimalLongitude": 145.0537, "month": 7, "species_sci": "Threskiornis molucca", "species_com": "Australian White Ibis" }, "geometry": { "type": "Point", "coordinates": [ 145.0537, -37.7183 ] } },
{ "type": "Feature", "properties": { "decimalLatitude": -27.4697, "decimalLongitude": 153.0254, "month": 7, "species_sci": "Threskiornis molucca", "species_com": "Australian White Ibis" }, "geometry": { "type": "Point", "coordinates": [ 153.0254, -27.4697 ] } },
{ "type": "Feature", "properties": { "decimalLatitude": -37.8385, "decimalLongitude": 145.2454, "month": 7, "species_sci": "Threskiornis molucca", "species_com": "Australian White Ibis" }, "geometry": { "type": "Point", "coordinates": [ 145.2454, -37.8385 ] } },
{ "type": "Feature", "properties": { "decimalLatitude": -27.264, "decimalLongitude": 152.8551, "month": 7, "species_sci": "Threskiornis molucca", "species_com": "Australian White Ibis" }, "geometry": { "type": "Point", "coordinates": [ 152.8551, -27.264 ] } },
{ "type": "Feature", "properties": { "decimalLatitude": -27.5102, "decimalLongitude": 153.2897, "month": 7, "species_sci": "Threskiornis molucca", "species_com": "Australian White Ibis" }, "geometry": { "type": "Point", "coordinates": [ 153.2897, -27.5102 ] } },
{ "type": "Feature", "properties": { "decimalLatitude": -28.0296, "decimalLongitude": 153.4314, "month": 7, "species_sci": "Threskiornis molucca", "species_com": "Australian White Ibis" }, "geometry": { "type": "Point", "coordinates": [ 153.4314, -28.0296 ] } },
{ "type": "Feature", "properties": { "decimalLatitude": -31.9183, "decimalLongitude": 115.7986, "month": 7, "species_sci": "Threskiornis molucca", "species_com": "Australian White Ibis" }, "geometry": { "type": "Point", "coordinates": [ 115.7986, -31.9183 ] } },
{ "type": "Feature", "properties": { "decimalLatitude": -34.9399, "decimalLongitude": 117.9341, "month": 7, "species_sci": "Threskiornis molucca", "species_com": "Australian White Ibis" }, "geometry": { "type": "Point", "coordinates": [ 117.9341, -34.9399 ] } },
{ "type": "Feature", "properties": { "decimalLatitude": -33.8608, "decimalLongitude": 151.2095, "month": 7, "species_sci": "Threskiornis molucca", "species_com": "Australian White Ibis" }, "geometry": { "type": "Point", "coordinates": [ 151.2095, -33.8608 ] } },
{ "type": "Feature", "properties": { "decimalLatitude": -33.8803, "decimalLongitude": 151.2043, "month": 7, "species_sci": "Threskiornis molucca", "species_com": "Australian White Ibis" }, "geometry": { "type": "Point", "coordinates": [ 151.2043, -33.8803 ] } },
{ "type": "Feature", "properties": { "decimalLatitude": -37.7653, "decimalLongitude": 145.3571, "month": 7, "species_sci": "Threskiornis molucca", "species_com": "Australian White Ibis" }, "geometry": { "type": "Point", "coordinates": [ 145.3571, -37.7653 ] } },
{ "type": "Feature", "properties": { "decimalLatitude": -34.9148, "decimalLongitude": 138.6027, "month": 7, "species_sci": "Threskiornis molucca", "species_com": "Australian White Ibis" }, "geometry": { "type": "Point", "coordinates": [ 138.6027, -34.9148 ] } },
{ "type": "Feature", "properties": { "decimalLatitude": -26.7818, "decimalLongitude": 152.8345, "month": 7, "species_sci": "Threskiornis molucca", "species_com": "Australian White Ibis" }, "geometry": { "type": "Point", "coordinates": [ 152.8345, -26.7818 ] } },
{ "type": "Feature", "properties": { "decimalLatitude": -33.9424, "decimalLongitude": 150.852, "month": 7, "species_sci": "Threskiornis molucca", "species_com": "Australian White Ibis" }, "geometry": { "type": "Point", "coordinates": [ 150.852, -33.9424 ] } },
{ "type": "Feature", "properties": { "decimalLatitude": -27.5712, "decimalLongitude": 152.9886, "month": 7, "species_sci": "Threskiornis molucca", "species_com": "Australian White Ibis" }, "geometry": { "type": "Point", "coordinates": [ 152.9886, -27.5712 ] } },
{ "type": "Feature", "properties": { "decimalLatitude": -12.451, "decimalLongitude": 130.8326, "month": 7, "species_sci": "Threskiornis molucca", "species_com": "Australian White Ibis" }, "geometry": { "type": "Point", "coordinates": [ 130.8326, -12.451 ] } },
{ "type": "Feature", "properties": { "decimalLatitude": -34.9967, "decimalLongitude": 138.5477, "month": 7, "species_sci": "Threskiornis molucca", "species_com": "Australian White Ibis" }, "geometry": { "type": "Point", "coordinates": [ 138.5477, -34.9967 ] } },
{ "type": "Feature", "properties": { "decimalLatitude": -12.4319, "decimalLongitude": 130.8595, "month": 7, "species_sci": "Threskiornis molucca", "species_com": "Australian White Ibis" }, "geometry": { "type": "Point", "coordinates": [ 130.8595, -12.4319 ] } },
{ "type": "Feature", "properties": { "decimalLatitude": -33.9159, "decimalLongitude": 151.2286, "month": 7, "species_sci": "Threskiornis molucca", "species_com": "Australian White Ibis" }, "geometry": { "type": "Point", "coordinates": [ 151.2286, -33.9159 ] } },
{ "type": "Feature", "properties": { "decimalLatitude": -32.7086, "decimalLongitude": 151.843, "month": 7, "species_sci": "Threskiornis molucca", "species_com": "Australian White Ibis" }, "geometry": { "type": "Point", "coordinates": [ 151.843, -32.7086 ] } },
{ "type": "Feature", "properties": { "decimalLatitude": -31.9292, "decimalLongitude": 115.8045, "month": 7, "species_sci": "Threskiornis molucca", "species_com": "Australian White Ibis" }, "geometry": { "type": "Point", "coordinates": [ 115.8045, -31.9292 ] } },
{ "type": "Feature", "properties": { "decimalLatitude": -32.0387, "decimalLongitude": 115.8989, "month": 7, "species_sci": "Threskiornis molucca", "species_com": "Australian White Ibis" }, "geometry": { "type": "Point", "coordinates": [ 115.8989, -32.0387 ] } },
{ "type": "Feature", "properties": { "decimalLatitude": -37.9946, "decimalLongitude": 144.5756, "month": 7, "species_sci": "Threskiornis molucca", "species_com": "Australian White Ibis" }, "geometry": { "type": "Point", "coordinates": [ 144.5756, -37.9946 ] } },
{ "type": "Feature", "properties": { "decimalLatitude": -27.2113, "decimalLongitude": 153.008, "month": 7, "species_sci": "Threskiornis molucca", "species_com": "Australian White Ibis" }, "geometry": { "type": "Point", "coordinates": [ 153.008, -27.2113 ] } },
{ "type": "Feature", "properties": { "decimalLatitude": -32.8757, "decimalLongitude": 151.6961, "month": 7, "species_sci": "Threskiornis molucca", "species_com": "Australian White Ibis" }, "geometry": { "type": "Point", "coordinates": [ 151.6961, -32.8757 ] } },
{ "type": "Feature", "properties": { "decimalLatitude": -38.365, "decimalLongitude": 144.7992, "month": 7, "species_sci": "Threskiornis molucca", "species_com": "Australian White Ibis" }, "geometry": { "type": "Point", "coordinates": [ 144.7992, -38.365 ] } },
{ "type": "Feature", "properties": { "decimalLatitude": -24.9901, "decimalLongitude": 148.684, "month": 7, "species_sci": "Threskiornis molucca", "species_com": "Australian White Ibis" }, "geometry": { "type": "Point", "coordinates": [ 148.684, -24.9901 ] } },
{ "type": "Feature", "properties": { "decimalLatitude": -33.8768, "decimalLongitude": 151.2108, "month": 7, "species_sci": "Threskiornis molucca", "species_com": "Australian White Ibis" }, "geometry": { "type": "Point", "coordinates": [ 151.2108, -33.8768 ] } },
{ "type": "Feature", "properties": { "decimalLatitude": -27.8816, "decimalLongitude": 153.3135, "month": 7, "species_sci": "Threskiornis molucca", "species_com": "Australian White Ibis" }, "geometry": { "type": "Point", "coordinates": [ 153.3135, -27.8816 ] } },
{ "type": "Feature", "properties": { "decimalLatitude": -35.141, "decimalLongitude": 139.2961, "month": 7, "species_sci": "Threskiornis molucca", "species_com": "Australian White Ibis" }, "geometry": { "type": "Point", "coordinates": [ 139.2961, -35.141 ] } },
{ "type": "Feature", "properties": { "decimalLatitude": -37.7035, "decimalLongitude": 145.0418, "month": 8, "species_sci": "Threskiornis molucca", "species_com": "Australian White Ibis" }, "geometry": { "type": "Point", "coordinates": [ 145.0418, -37.7035 ] } },
{ "type": "Feature", "properties": { "decimalLatitude": -33.7773, "decimalLongitude": 151.0981, "month": 8, "species_sci": "Threskiornis molucca", "species_com": "Australian White Ibis" }, "geometry": { "type": "Point", "coordinates": [ 151.0981, -33.7773 ] } },
{ "type": "Feature", "properties": { "decimalLatitude": -33.9424, "decimalLongitude": 150.8541, "month": 8, "species_sci": "Threskiornis molucca", "species_com": "Australian White Ibis" }, "geometry": { "type": "Point", "coordinates": [ 150.8541, -33.9424 ] } },
{ "type": "Feature", "properties": { "decimalLatitude": -33.9339, "decimalLongitude": 151.1812, "month": 8, "species_sci": "Threskiornis molucca", "species_com": "Australian White Ibis" }, "geometry": { "type": "Point", "coordinates": [ 151.1812, -33.9339 ] } },
{ "type": "Feature", "properties": { "decimalLatitude": -33.9232, "decimalLongitude": 151.1525, "month": 8, "species_sci": "Threskiornis molucca", "species_com": "Australian White Ibis" }, "geometry": { "type": "Point", "coordinates": [ 151.1525, -33.9232 ] } },
{ "type": "Feature", "properties": { "decimalLatitude": -28.659, "decimalLongitude": 153.569, "month": 8, "species_sci": "Threskiornis molucca", "species_com": "Australian White Ibis" }, "geometry": { "type": "Point", "coordinates": [ 153.569, -28.659 ] } },
{ "type": "Feature", "properties": { "decimalLatitude": -37.9163, "decimalLongitude": 145.2064, "month": 8, "species_sci": "Threskiornis molucca", "species_com": "Australian White Ibis" }, "geometry": { "type": "Point", "coordinates": [ 145.2064, -37.9163 ] } },
{ "type": "Feature", "properties": { "decimalLatitude": -16.9072, "decimalLongitude": 145.7657, "month": 8, "species_sci": "Threskiornis molucca", "species_com": "Australian White Ibis" }, "geometry": { "type": "Point", "coordinates": [ 145.7657, -16.9072 ] } },
{ "type": "Feature", "properties": { "decimalLatitude": -37.7842, "decimalLongitude": 144.9469, "month": 8, "species_sci": "Threskiornis molucca", "species_com": "Australian White Ibis" }, "geometry": { "type": "Point", "coordinates": [ 144.9469, -37.7842 ] } },
{ "type": "Feature", "properties": { "decimalLatitude": -27.4883, "decimalLongitude": 153.1346, "month": 8, "species_sci": "Threskiornis molucca", "species_com": "Australian White Ibis" }, "geometry": { "type": "Point", "coordinates": [ 153.1346, -27.4883 ] } },
{ "type": "Feature", "properties": { "decimalLatitude": -31.8747, "decimalLongitude": 115.8578, "month": 8, "species_sci": "Threskiornis molucca", "species_com": "Australian White Ibis" }, "geometry": { "type": "Point", "coordinates": [ 115.8578, -31.8747 ] } },
{ "type": "Feature", "properties": { "decimalLatitude": -35.2239, "decimalLongitude": 149.0694, "month": 8, "species_sci": "Threskiornis molucca", "species_com": "Australian White Ibis" }, "geometry": { "type": "Point", "coordinates": [ 149.0694, -35.2239 ] } },
{ "type": "Feature", "properties": { "decimalLatitude": -33.485, "decimalLongitude": 151.37, "month": 8, "species_sci": "Threskiornis molucca", "species_com": "Australian White Ibis" }, "geometry": { "type": "Point", "coordinates": [ 151.37, -33.485 ] } },
{ "type": "Feature", "properties": { "decimalLatitude": -37.7347, "decimalLongitude": 144.9701, "month": 8, "species_sci": "Threskiornis molucca", "species_com": "Australian White Ibis" }, "geometry": { "type": "Point", "coordinates": [ 144.9701, -37.7347 ] } },
{ "type": "Feature", "properties": { "decimalLatitude": -38.7011, "decimalLongitude": 145.8363, "month": 8, "species_sci": "Threskiornis molucca", "species_com": "Australian White Ibis" }, "geometry": { "type": "Point", "coordinates": [ 145.8363, -38.7011 ] } },
{ "type": "Feature", "properties": { "decimalLatitude": -27.9623, "decimalLongitude": 153.2378, "month": 8, "species_sci": "Threskiornis molucca", "species_com": "Australian White Ibis" }, "geometry": { "type": "Point", "coordinates": [ 153.2378, -27.9623 ] } },
{ "type": "Feature", "properties": { "decimalLatitude": -27.5356, "decimalLongitude": 153.1908, "month": 8, "species_sci": "Threskiornis molucca", "species_com": "Australian White Ibis" }, "geometry": { "type": "Point", "coordinates": [ 153.1908, -27.5356 ] } },
{ "type": "Feature", "properties": { "decimalLatitude": -33.8717, "decimalLongitude": 151.2115, "month": 8, "species_sci": "Threskiornis molucca", "species_com": "Australian White Ibis" }, "geometry": { "type": "Point", "coordinates": [ 151.2115, -33.8717 ] } },
{ "type": "Feature", "properties": { "decimalLatitude": -26.8395, "decimalLongitude": 152.9604, "month": 8, "species_sci": "Threskiornis molucca", "species_com": "Australian White Ibis" }, "geometry": { "type": "Point", "coordinates": [ 152.9604, -26.8395 ] } },
{ "type": "Feature", "properties": { "decimalLatitude": -19.5789, "decimalLongitude": 147.4011, "month": 8, "species_sci": "Threskiornis molucca", "species_com": "Australian White Ibis" }, "geometry": { "type": "Point", "coordinates": [ 147.4011, -19.5789 ] } },
{ "type": "Feature", "properties": { "decimalLatitude": -37.8286, "decimalLongitude": 145.1166, "month": 8, "species_sci": "Threskiornis molucca", "species_com": "Australian White Ibis" }, "geometry": { "type": "Point", "coordinates": [ 145.1166, -37.8286 ] } },
{ "type": "Feature", "properties": { "decimalLatitude": -34.7796, "decimalLongitude": 138.5909, "month": 8, "species_sci": "Threskiornis molucca", "species_com": "Australian White Ibis" }, "geometry": { "type": "Point", "coordinates": [ 138.5909, -34.7796 ] } },
{ "type": "Feature", "properties": { "decimalLatitude": -36.3754, "decimalLongitude": 145.3556, "month": 8, "species_sci": "Threskiornis molucca", "species_com": "Australian White Ibis" }, "geometry": { "type": "Point", "coordinates": [ 145.3556, -36.3754 ] } },
{ "type": "Feature", "properties": { "decimalLatitude": -38.0351, "decimalLongitude": 144.5244, "month": 8, "species_sci": "Threskiornis molucca", "species_com": "Australian White Ibis" }, "geometry": { "type": "Point", "coordinates": [ 144.5244, -38.0351 ] } },
{ "type": "Feature", "properties": { "decimalLatitude": -21.1, "decimalLongitude": 149.2, "month": 8, "species_sci": "Threskiornis molucca", "species_com": "Australian White Ibis" }, "geometry": { "type": "Point", "coordinates": [ 149.2, -21.1 ] } },
{ "type": "Feature", "properties": { "decimalLatitude": -23.3999, "decimalLongitude": 150.491, "month": 8, "species_sci": "Threskiornis molucca", "species_com": "Australian White Ibis" }, "geometry": { "type": "Point", "coordinates": [ 150.491, -23.3999 ] } },
{ "type": "Feature", "properties": { "decimalLatitude": -38.4047, "decimalLongitude": 144.2115, "month": 8, "species_sci": "Threskiornis molucca", "species_com": "Australian White Ibis" }, "geometry": { "type": "Point", "coordinates": [ 144.2115, -38.4047 ] } },
{ "type": "Feature", "properties": { "decimalLatitude": -27.4481, "decimalLongitude": 153.1146, "month": 8, "species_sci": "Threskiornis molucca", "species_com": "Australian White Ibis" }, "geometry": { "type": "Point", "coordinates": [ 153.1146, -27.4481 ] } },
{ "type": "Feature", "properties": { "decimalLatitude": -31.7392, "decimalLongitude": 115.7756, "month": 8, "species_sci": "Threskiornis molucca", "species_com": "Australian White Ibis" }, "geometry": { "type": "Point", "coordinates": [ 115.7756, -31.7392 ] } },
{ "type": "Feature", "properties": { "decimalLatitude": -16.9063, "decimalLongitude": 145.7643, "month": 8, "species_sci": "Threskiornis molucca", "species_com": "Australian White Ibis" }, "geometry": { "type": "Point", "coordinates": [ 145.7643, -16.9063 ] } },
{ "type": "Feature", "properties": { "decimalLatitude": -33.8737, "decimalLongitude": 151.2102, "month": 8, "species_sci": "Threskiornis molucca", "species_com": "Australian White Ibis" }, "geometry": { "type": "Point", "coordinates": [ 151.2102, -33.8737 ] } },
{ "type": "Feature", "properties": { "decimalLatitude": -17.5332, "decimalLongitude": 146.0355, "month": 8, "species_sci": "Threskiornis molucca", "species_com": "Australian White Ibis" }, "geometry": { "type": "Point", "coordinates": [ 146.0355, -17.5332 ] } },
{ "type": "Feature", "properties": { "decimalLatitude": -27.5629, "decimalLongitude": 153.0974, "month": 8, "species_sci": "Threskiornis molucca", "species_com": "Australian White Ibis" }, "geometry": { "type": "Point", "coordinates": [ 153.0974, -27.5629 ] } },
{ "type": "Feature", "properties": { "decimalLatitude": -35.1978, "decimalLongitude": 149.0093, "month": 8, "species_sci": "Threskiornis molucca", "species_com": "Australian White Ibis" }, "geometry": { "type": "Point", "coordinates": [ 149.0093, -35.1978 ] } },
{ "type": "Feature", "properties": { "decimalLatitude": -12.365, "decimalLongitude": 130.8655, "month": 8, "species_sci": "Threskiornis molucca", "species_com": "Australian White Ibis" }, "geometry": { "type": "Point", "coordinates": [ 130.8655, -12.365 ] } },
{ "type": "Feature", "properties": { "decimalLatitude": -32.0176, "decimalLongitude": 115.9293, "month": 8, "species_sci": "Threskiornis molucca", "species_com": "Australian White Ibis" }, "geometry": { "type": "Point", "coordinates": [ 115.9293, -32.0176 ] } },
{ "type": "Feature", "properties": { "decimalLatitude": -33.816, "decimalLongitude": 150.9449, "month": 8, "species_sci": "Threskiornis molucca", "species_com": "Australian White Ibis" }, "geometry": { "type": "Point", "coordinates": [ 150.9449, -33.816 ] } },
{ "type": "Feature", "properties": { "decimalLatitude": -23.3508, "decimalLongitude": 150.5242, "month": 8, "species_sci": "Threskiornis molucca", "species_com": "Australian White Ibis" }, "geometry": { "type": "Point", "coordinates": [ 150.5242, -23.3508 ] } },
{ "type": "Feature", "properties": { "decimalLatitude": -33.9234, "decimalLongitude": 151.1563, "month": 8, "species_sci": "Threskiornis molucca", "species_com": "Australian White Ibis" }, "geometry": { "type": "Point", "coordinates": [ 151.1563, -33.9234 ] } },
{ "type": "Feature", "properties": { "decimalLatitude": -35.5302, "decimalLongitude": 144.9623, "month": 8, "species_sci": "Threskiornis molucca", "species_com": "Australian White Ibis" }, "geometry": { "type": "Point", "coordinates": [ 144.9623, -35.5302 ] } },
{ "type": "Feature", "properties": { "decimalLatitude": -35.117, "decimalLongitude": 138.5345, "month": 8, "species_sci": "Threskiornis molucca", "species_com": "Australian White Ibis" }, "geometry": { "type": "Point", "coordinates": [ 138.5345, -35.117 ] } },
{ "type": "Feature", "properties": { "decimalLatitude": -27.4668, "decimalLongitude": 153.0139, "month": 8, "species_sci": "Threskiornis molucca", "species_com": "Australian White Ibis" }, "geometry": { "type": "Point", "coordinates": [ 153.0139, -27.4668 ] } },
{ "type": "Feature", "properties": { "decimalLatitude": -27.463, "decimalLongitude": 153.0189, "month": 8, "species_sci": "Threskiornis molucca", "species_com": "Australian White Ibis" }, "geometry": { "type": "Point", "coordinates": [ 153.0189, -27.463 ] } },
{ "type": "Feature", "properties": { "decimalLatitude": -25.5476, "decimalLongitude": 152.6961, "month": 8, "species_sci": "Threskiornis molucca", "species_com": "Australian White Ibis" }, "geometry": { "type": "Point", "coordinates": [ 152.6961, -25.5476 ] } },
{ "type": "Feature", "properties": { "decimalLatitude": -32.2232, "decimalLongitude": 152.5314, "month": 8, "species_sci": "Threskiornis molucca", "species_com": "Australian White Ibis" }, "geometry": { "type": "Point", "coordinates": [ 152.5314, -32.2232 ] } },
{ "type": "Feature", "properties": { "decimalLatitude": -36.8225, "decimalLongitude": 139.8508, "month": 8, "species_sci": "Threskiornis molucca", "species_com": "Australian White Ibis" }, "geometry": { "type": "Point", "coordinates": [ 139.8508, -36.8225 ] } },
{ "type": "Feature", "properties": { "decimalLatitude": -33.6421, "decimalLongitude": 151.0452, "month": 8, "species_sci": "Threskiornis molucca", "species_com": "Australian White Ibis" }, "geometry": { "type": "Point", "coordinates": [ 151.0452, -33.6421 ] } },
{ "type": "Feature", "properties": { "decimalLatitude": -34.4906, "decimalLongitude": 150.8862, "month": 8, "species_sci": "Threskiornis molucca", "species_com": "Australian White Ibis" }, "geometry": { "type": "Point", "coordinates": [ 150.8862, -34.4906 ] } },
{ "type": "Feature", "properties": { "decimalLatitude": -34.8261, "decimalLongitude": 150.6544, "month": 8, "species_sci": "Threskiornis molucca", "species_com": "Australian White Ibis" }, "geometry": { "type": "Point", "coordinates": [ 150.6544, -34.8261 ] } },
{ "type": "Feature", "properties": { "decimalLatitude": -32.8478, "decimalLongitude": 151.7162, "month": 8, "species_sci": "Threskiornis molucca", "species_com": "Australian White Ibis" }, "geometry": { "type": "Point", "coordinates": [ 151.7162, -32.8478 ] } },
{ "type": "Feature", "properties": { "decimalLatitude": -26.8389, "decimalLongitude": 152.9611, "month": 8, "species_sci": "Threskiornis molucca", "species_com": "Australian White Ibis" }, "geometry": { "type": "Point", "coordinates": [ 152.9611, -26.8389 ] } },
{ "type": "Feature", "properties": { "decimalLatitude": -19.2479, "decimalLongitude": 146.8131, "month": 8, "species_sci": "Threskiornis molucca", "species_com": "Australian White Ibis" }, "geometry": { "type": "Point", "coordinates": [ 146.8131, -19.2479 ] } },
{ "type": "Feature", "properties": { "decimalLatitude": -27.4746, "decimalLongitude": 153.0284, "month": 8, "species_sci": "Threskiornis molucca", "species_com": "Australian White Ibis" }, "geometry": { "type": "Point", "coordinates": [ 153.0284, -27.4746 ] } },
{ "type": "Feature", "properties": { "decimalLatitude": -38.3732, "decimalLongitude": 145.1257, "month": 8, "species_sci": "Threskiornis molucca", "species_com": "Australian White Ibis" }, "geometry": { "type": "Point", "coordinates": [ 145.1257, -38.3732 ] } },
{ "type": "Feature", "properties": { "decimalLatitude": -33.8922, "decimalLongitude": 151.2322, "month": 8, "species_sci": "Threskiornis molucca", "species_com": "Australian White Ibis" }, "geometry": { "type": "Point", "coordinates": [ 151.2322, -33.8922 ] } },
{ "type": "Feature", "properties": { "decimalLatitude": -33.8922, "decimalLongitude": 151.2322, "month": 8, "species_sci": "Threskiornis molucca", "species_com": "Australian White Ibis" }, "geometry": { "type": "Point", "coordinates": [ 151.2322, -33.8922 ] } },
{ "type": "Feature", "properties": { "decimalLatitude": -38.2608, "decimalLongitude": 144.5173, "month": 8, "species_sci": "Threskiornis molucca", "species_com": "Australian White Ibis" }, "geometry": { "type": "Point", "coordinates": [ 144.5173, -38.2608 ] } },
{ "type": "Feature", "properties": { "decimalLatitude": -26.7433, "decimalLongitude": 153.1281, "month": 8, "species_sci": "Threskiornis molucca", "species_com": "Australian White Ibis" }, "geometry": { "type": "Point", "coordinates": [ 153.1281, -26.7433 ] } },
{ "type": "Feature", "properties": { "decimalLatitude": -38.4163, "decimalLongitude": 145.0782, "month": 8, "species_sci": "Threskiornis molucca", "species_com": "Australian White Ibis" }, "geometry": { "type": "Point", "coordinates": [ 145.0782, -38.4163 ] } },
{ "type": "Feature", "properties": { "decimalLatitude": -16.9176, "decimalLongitude": 145.7757, "month": 8, "species_sci": "Threskiornis molucca", "species_com": "Australian White Ibis" }, "geometry": { "type": "Point", "coordinates": [ 145.7757, -16.9176 ] } },
{ "type": "Feature", "properties": { "decimalLatitude": -32.2495, "decimalLongitude": 148.6089, "month": 8, "species_sci": "Threskiornis molucca", "species_com": "Australian White Ibis" }, "geometry": { "type": "Point", "coordinates": [ 148.6089, -32.2495 ] } },
{ "type": "Feature", "properties": { "decimalLatitude": -33.9408, "decimalLongitude": 150.8547, "month": 8, "species_sci": "Threskiornis molucca", "species_com": "Australian White Ibis" }, "geometry": { "type": "Point", "coordinates": [ 150.8547, -33.9408 ] } },
{ "type": "Feature", "properties": { "decimalLatitude": -27.6666, "decimalLongitude": 152.9188, "month": 8, "species_sci": "Threskiornis molucca", "species_com": "Australian White Ibis" }, "geometry": { "type": "Point", "coordinates": [ 152.9188, -27.6666 ] } },
{ "type": "Feature", "properties": { "decimalLatitude": -26.8392, "decimalLongitude": 152.961, "month": 8, "species_sci": "Threskiornis molucca", "species_com": "Australian White Ibis" }, "geometry": { "type": "Point", "coordinates": [ 152.961, -26.8392 ] } },
{ "type": "Feature", "properties": { "decimalLatitude": -33.8746, "decimalLongitude": 151.2099, "month": 8, "species_sci": "Threskiornis molucca", "species_com": "Australian White Ibis" }, "geometry": { "type": "Point", "coordinates": [ 151.2099, -33.8746 ] } },
{ "type": "Feature", "properties": { "decimalLatitude": -27.4657, "decimalLongitude": 153.0291, "month": 8, "species_sci": "Threskiornis molucca", "species_com": "Australian White Ibis" }, "geometry": { "type": "Point", "coordinates": [ 153.0291, -27.4657 ] } },
{ "type": "Feature", "properties": { "decimalLatitude": -36.0765, "decimalLongitude": 146.887, "month": 8, "species_sci": "Threskiornis molucca", "species_com": "Australian White Ibis" }, "geometry": { "type": "Point", "coordinates": [ 146.887, -36.0765 ] } },
{ "type": "Feature", "properties": { "decimalLatitude": -34.6469, "decimalLongitude": 150.8183, "month": 8, "species_sci": "Threskiornis molucca", "species_com": "Australian White Ibis" }, "geometry": { "type": "Point", "coordinates": [ 150.8183, -34.6469 ] } },
{ "type": "Feature", "properties": { "decimalLatitude": -33.8633, "decimalLongitude": 151.2165, "month": 8, "species_sci": "Threskiornis molucca", "species_com": "Australian White Ibis" }, "geometry": { "type": "Point", "coordinates": [ 151.2165, -33.8633 ] } },
{ "type": "Feature", "properties": { "decimalLatitude": -27.907, "decimalLongitude": 153.3112, "month": 8, "species_sci": "Threskiornis molucca", "species_com": "Australian White Ibis" }, "geometry": { "type": "Point", "coordinates": [ 153.3112, -27.907 ] } },
{ "type": "Feature", "properties": { "decimalLatitude": -37.8419, "decimalLongitude": 145.1381, "month": 8, "species_sci": "Threskiornis molucca", "species_com": "Australian White Ibis" }, "geometry": { "type": "Point", "coordinates": [ 145.1381, -37.8419 ] } },
{ "type": "Feature", "properties": { "decimalLatitude": -38.2111, "decimalLongitude": 146.5293, "month": 8, "species_sci": "Threskiornis molucca", "species_com": "Australian White Ibis" }, "geometry": { "type": "Point", "coordinates": [ 146.5293, -38.2111 ] } },
{ "type": "Feature", "properties": { "decimalLatitude": -37.9008, "decimalLongitude": 145.2026, "month": 8, "species_sci": "Threskiornis molucca", "species_com": "Australian White Ibis" }, "geometry": { "type": "Point", "coordinates": [ 145.2026, -37.9008 ] } },
{ "type": "Feature", "properties": { "decimalLatitude": -33.8598, "decimalLongitude": 151.2096, "month": 8, "species_sci": "Threskiornis molucca", "species_com": "Australian White Ibis" }, "geometry": { "type": "Point", "coordinates": [ 151.2096, -33.8598 ] } },
{ "type": "Feature", "properties": { "decimalLatitude": -23.8445, "decimalLongitude": 151.2447, "month": 8, "species_sci": "Threskiornis molucca", "species_com": "Australian White Ibis" }, "geometry": { "type": "Point", "coordinates": [ 151.2447, -23.8445 ] } },
{ "type": "Feature", "properties": { "decimalLatitude": -32.8958, "decimalLongitude": 151.6727, "month": 8, "species_sci": "Threskiornis molucca", "species_com": "Australian White Ibis" }, "geometry": { "type": "Point", "coordinates": [ 151.6727, -32.8958 ] } },
{ "type": "Feature", "properties": { "decimalLatitude": -33.8922, "decimalLongitude": 151.2322, "month": 8, "species_sci": "Threskiornis molucca", "species_com": "Australian White Ibis" }, "geometry": { "type": "Point", "coordinates": [ 151.2322, -33.8922 ] } },
{ "type": "Feature", "properties": { "decimalLatitude": -34.4916, "decimalLongitude": 150.8201, "month": 8, "species_sci": "Threskiornis molucca", "species_com": "Australian White Ibis" }, "geometry": { "type": "Point", "coordinates": [ 150.8201, -34.4916 ] } },
{ "type": "Feature", "properties": { "decimalLatitude": -35.117, "decimalLongitude": 138.5346, "month": 8, "species_sci": "Threskiornis molucca", "species_com": "Australian White Ibis" }, "geometry": { "type": "Point", "coordinates": [ 138.5346, -35.117 ] } },
{ "type": "Feature", "properties": { "decimalLatitude": -17.4516, "decimalLongitude": 140.8318, "month": 8, "species_sci": "Threskiornis molucca", "species_com": "Australian White Ibis" }, "geometry": { "type": "Point", "coordinates": [ 140.8318, -17.4516 ] } },
{ "type": "Feature", "properties": { "decimalLatitude": -33.3793, "decimalLongitude": 115.6316, "month": 8, "species_sci": "Threskiornis molucca", "species_com": "Australian White Ibis" }, "geometry": { "type": "Point", "coordinates": [ 115.6316, -33.3793 ] } },
{ "type": "Feature", "properties": { "decimalLatitude": -19.3074, "decimalLongitude": 146.8026, "month": 8, "species_sci": "Threskiornis molucca", "species_com": "Australian White Ibis" }, "geometry": { "type": "Point", "coordinates": [ 146.8026, -19.3074 ] } },
{ "type": "Feature", "properties": { "decimalLatitude": -28.1, "decimalLongitude": 153.4, "month": 8, "species_sci": "Threskiornis molucca", "species_com": "Australian White Ibis" }, "geometry": { "type": "Point", "coordinates": [ 153.4, -28.1 ] } },
{ "type": "Feature", "properties": { "decimalLatitude": -27.5544, "decimalLongitude": 152.9761, "month": 8, "species_sci": "Threskiornis molucca", "species_com": "Australian White Ibis" }, "geometry": { "type": "Point", "coordinates": [ 152.9761, -27.5544 ] } },
{ "type": "Feature", "properties": { "decimalLatitude": -33.4884, "decimalLongitude": 151.3302, "month": 8, "species_sci": "Threskiornis molucca", "species_com": "Australian White Ibis" }, "geometry": { "type": "Point", "coordinates": [ 151.3302, -33.4884 ] } },
{ "type": "Feature", "properties": { "decimalLatitude": -38.5811, "decimalLongitude": 145.5717, "month": 8, "species_sci": "Threskiornis molucca", "species_com": "Australian White Ibis" }, "geometry": { "type": "Point", "coordinates": [ 145.5717, -38.5811 ] } },
{ "type": "Feature", "properties": { "decimalLatitude": -12.446, "decimalLongitude": 130.8358, "month": 8, "species_sci": "Threskiornis molucca", "species_com": "Australian White Ibis" }, "geometry": { "type": "Point", "coordinates": [ 130.8358, -12.446 ] } },
{ "type": "Feature", "properties": { "decimalLatitude": -16.2545, "decimalLongitude": 145.318, "month": 8, "species_sci": "Threskiornis molucca", "species_com": "Australian White Ibis" }, "geometry": { "type": "Point", "coordinates": [ 145.318, -16.2545 ] } },
{ "type": "Feature", "properties": { "decimalLatitude": -37.6161, "decimalLongitude": 145.1555, "month": 8, "species_sci": "Threskiornis molucca", "species_com": "Australian White Ibis" }, "geometry": { "type": "Point", "coordinates": [ 145.1555, -37.6161 ] } },
{ "type": "Feature", "properties": { "decimalLatitude": -27.426, "decimalLongitude": 153.1693, "month": 8, "species_sci": "Threskiornis molucca", "species_com": "Australian White Ibis" }, "geometry": { "type": "Point", "coordinates": [ 153.1693, -27.426 ] } },
{ "type": "Feature", "properties": { "decimalLatitude": -33.8613, "decimalLongitude": 151.2136, "month": 8, "species_sci": "Threskiornis molucca", "species_com": "Australian White Ibis" }, "geometry": { "type": "Point", "coordinates": [ 151.2136, -33.8613 ] } },
{ "type": "Feature", "properties": { "decimalLatitude": -33.885, "decimalLongitude": 151.1928, "month": 8, "species_sci": "Threskiornis molucca", "species_com": "Australian White Ibis" }, "geometry": { "type": "Point", "coordinates": [ 151.1928, -33.885 ] } },
{ "type": "Feature", "properties": { "decimalLatitude": -28.903, "decimalLongitude": 153.4106, "month": 8, "species_sci": "Threskiornis molucca", "species_com": "Australian White Ibis" }, "geometry": { "type": "Point", "coordinates": [ 153.4106, -28.903 ] } },
{ "type": "Feature", "properties": { "decimalLatitude": -19.2115, "decimalLongitude": 146.7547, "month": 8, "species_sci": "Threskiornis molucca", "species_com": "Australian White Ibis" }, "geometry": { "type": "Point", "coordinates": [ 146.7547, -19.2115 ] } },
{ "type": "Feature", "properties": { "decimalLatitude": -37.7943, "decimalLongitude": 147.6168, "month": 8, "species_sci": "Threskiornis molucca", "species_com": "Australian White Ibis" }, "geometry": { "type": "Point", "coordinates": [ 147.6168, -37.7943 ] } },
{ "type": "Feature", "properties": { "decimalLatitude": -25.608, "decimalLongitude": 152.8736, "month": 8, "species_sci": "Threskiornis molucca", "species_com": "Australian White Ibis" }, "geometry": { "type": "Point", "coordinates": [ 152.8736, -25.608 ] } },
{ "type": "Feature", "properties": { "decimalLatitude": -35.3161, "decimalLongitude": 149.1621, "month": 8, "species_sci": "Threskiornis molucca", "species_com": "Australian White Ibis" }, "geometry": { "type": "Point", "coordinates": [ 149.1621, -35.3161 ] } },
{ "type": "Feature", "properties": { "decimalLatitude": -27.4176, "decimalLongitude": 153.0013, "month": 8, "species_sci": "Threskiornis molucca", "species_com": "Australian White Ibis" }, "geometry": { "type": "Point", "coordinates": [ 153.0013, -27.4176 ] } },
{ "type": "Feature", "properties": { "decimalLatitude": -31.7722, "decimalLongitude": 115.8028, "month": 8, "species_sci": "Threskiornis molucca", "species_com": "Australian White Ibis" }, "geometry": { "type": "Point", "coordinates": [ 115.8028, -31.7722 ] } },
{ "type": "Feature", "properties": { "decimalLatitude": -38.4584, "decimalLongitude": 145.302, "month": 8, "species_sci": "Threskiornis molucca", "species_com": "Australian White Ibis" }, "geometry": { "type": "Point", "coordinates": [ 145.302, -38.4584 ] } },
{ "type": "Feature", "properties": { "decimalLatitude": -30.2973, "decimalLongitude": 153.1244, "month": 8, "species_sci": "Threskiornis molucca", "species_com": "Australian White Ibis" }, "geometry": { "type": "Point", "coordinates": [ 153.1244, -30.2973 ] } },
{ "type": "Feature", "properties": { "decimalLatitude": -34.8664, "decimalLongitude": 138.6754, "month": 8, "species_sci": "Threskiornis molucca", "species_com": "Australian White Ibis" }, "geometry": { "type": "Point", "coordinates": [ 138.6754, -34.8664 ] } },
{ "type": "Feature", "properties": { "decimalLatitude": -34.4847, "decimalLongitude": 150.8358, "month": 8, "species_sci": "Threskiornis molucca", "species_com": "Australian White Ibis" }, "geometry": { "type": "Point", "coordinates": [ 150.8358, -34.4847 ] } },
{ "type": "Feature", "properties": { "decimalLatitude": -33.8639, "decimalLongitude": 151.2173, "month": 8, "species_sci": "Threskiornis molucca", "species_com": "Australian White Ibis" }, "geometry": { "type": "Point", "coordinates": [ 151.2173, -33.8639 ] } },
{ "type": "Feature", "properties": { "decimalLatitude": -38.2548, "decimalLongitude": 145.239, "month": 8, "species_sci": "Threskiornis molucca", "species_com": "Australian White Ibis" }, "geometry": { "type": "Point", "coordinates": [ 145.239, -38.2548 ] } },
{ "type": "Feature", "properties": { "decimalLatitude": -33.8591, "decimalLongitude": 151.2082, "month": 8, "species_sci": "Threskiornis molucca", "species_com": "Australian White Ibis" }, "geometry": { "type": "Point", "coordinates": [ 151.2082, -33.8591 ] } },
{ "type": "Feature", "properties": { "decimalLatitude": -23.6514, "decimalLongitude": 150.6432, "month": 8, "species_sci": "Threskiornis molucca", "species_com": "Australian White Ibis" }, "geometry": { "type": "Point", "coordinates": [ 150.6432, -23.6514 ] } },
{ "type": "Feature", "properties": { "decimalLatitude": -27.0871, "decimalLongitude": 152.95, "month": 8, "species_sci": "Threskiornis molucca", "species_com": "Australian White Ibis" }, "geometry": { "type": "Point", "coordinates": [ 152.95, -27.0871 ] } },
{ "type": "Feature", "properties": { "decimalLatitude": -18.1838, "decimalLongitude": 142.2657, "month": 8, "species_sci": "Threskiornis molucca", "species_com": "Australian White Ibis" }, "geometry": { "type": "Point", "coordinates": [ 142.2657, -18.1838 ] } },
{ "type": "Feature", "properties": { "decimalLatitude": -16.9093, "decimalLongitude": 145.7668, "month": 8, "species_sci": "Threskiornis molucca", "species_com": "Australian White Ibis" }, "geometry": { "type": "Point", "coordinates": [ 145.7668, -16.9093 ] } },
{ "type": "Feature", "properties": { "decimalLatitude": -16.79, "decimalLongitude": 145.6951, "month": 8, "species_sci": "Threskiornis molucca", "species_com": "Australian White Ibis" }, "geometry": { "type": "Point", "coordinates": [ 145.6951, -16.79 ] } },
{ "type": "Feature", "properties": { "decimalLatitude": -20.0009, "decimalLongitude": 148.243, "month": 8, "species_sci": "Threskiornis molucca", "species_com": "Australian White Ibis" }, "geometry": { "type": "Point", "coordinates": [ 148.243, -20.0009 ] } },
{ "type": "Feature", "properties": { "decimalLatitude": -37.7303, "decimalLongitude": 144.9765, "month": 8, "species_sci": "Threskiornis molucca", "species_com": "Australian White Ibis" }, "geometry": { "type": "Point", "coordinates": [ 144.9765, -37.7303 ] } },
{ "type": "Feature", "properties": { "decimalLatitude": -16.9076, "decimalLongitude": 145.771, "month": 8, "species_sci": "Threskiornis molucca", "species_com": "Australian White Ibis" }, "geometry": { "type": "Point", "coordinates": [ 145.771, -16.9076 ] } },
{ "type": "Feature", "properties": { "decimalLatitude": -27.6441, "decimalLongitude": 151.9696, "month": 8, "species_sci": "Threskiornis molucca", "species_com": "Australian White Ibis" }, "geometry": { "type": "Point", "coordinates": [ 151.9696, -27.6441 ] } },
{ "type": "Feature", "properties": { "decimalLatitude": -16.9179, "decimalLongitude": 145.814, "month": 8, "species_sci": "Threskiornis molucca", "species_com": "Australian White Ibis" }, "geometry": { "type": "Point", "coordinates": [ 145.814, -16.9179 ] } },
{ "type": "Feature", "properties": { "decimalLatitude": -31.928, "decimalLongitude": 115.8056, "month": 8, "species_sci": "Threskiornis molucca", "species_com": "Australian White Ibis" }, "geometry": { "type": "Point", "coordinates": [ 115.8056, -31.928 ] } },
{ "type": "Feature", "properties": { "decimalLatitude": -33.9433, "decimalLongitude": 151.065, "month": 8, "species_sci": "Threskiornis molucca", "species_com": "Australian White Ibis" }, "geometry": { "type": "Point", "coordinates": [ 151.065, -33.9433 ] } },
{ "type": "Feature", "properties": { "decimalLatitude": -24.9151, "decimalLongitude": 152.4935, "month": 8, "species_sci": "Threskiornis molucca", "species_com": "Australian White Ibis" }, "geometry": { "type": "Point", "coordinates": [ 152.4935, -24.9151 ] } },
{ "type": "Feature", "properties": { "decimalLatitude": -33.2995, "decimalLongitude": 151.4254, "month": 8, "species_sci": "Threskiornis molucca", "species_com": "Australian White Ibis" }, "geometry": { "type": "Point", "coordinates": [ 151.4254, -33.2995 ] } },
{ "type": "Feature", "properties": { "decimalLatitude": -38.2683, "decimalLongitude": 144.5352, "month": 8, "species_sci": "Threskiornis molucca", "species_com": "Australian White Ibis" }, "geometry": { "type": "Point", "coordinates": [ 144.5352, -38.2683 ] } },
{ "type": "Feature", "properties": { "decimalLatitude": -37.6175, "decimalLongitude": 145.1547, "month": 8, "species_sci": "Threskiornis molucca", "species_com": "Australian White Ibis" }, "geometry": { "type": "Point", "coordinates": [ 145.1547, -37.6175 ] } },
{ "type": "Feature", "properties": { "decimalLatitude": -37.8567, "decimalLongitude": 144.8676, "month": 8, "species_sci": "Threskiornis molucca", "species_com": "Australian White Ibis" }, "geometry": { "type": "Point", "coordinates": [ 144.8676, -37.8567 ] } },
{ "type": "Feature", "properties": { "decimalLatitude": -26.8395, "decimalLongitude": 152.9604, "month": 8, "species_sci": "Threskiornis molucca", "species_com": "Australian White Ibis" }, "geometry": { "type": "Point", "coordinates": [ 152.9604, -26.8395 ] } },
{ "type": "Feature", "properties": { "decimalLatitude": -35.5269, "decimalLongitude": 138.6733, "month": 8, "species_sci": "Threskiornis molucca", "species_com": "Australian White Ibis" }, "geometry": { "type": "Point", "coordinates": [ 138.6733, -35.5269 ] } },
{ "type": "Feature", "properties": { "decimalLatitude": -37.9003, "decimalLongitude": 145.2039, "month": 8, "species_sci": "Threskiornis molucca", "species_com": "Australian White Ibis" }, "geometry": { "type": "Point", "coordinates": [ 145.2039, -37.9003 ] } },
{ "type": "Feature", "properties": { "decimalLatitude": -25.2821, "decimalLongitude": 152.9024, "month": 8, "species_sci": "Threskiornis molucca", "species_com": "Australian White Ibis" }, "geometry": { "type": "Point", "coordinates": [ 152.9024, -25.2821 ] } },
{ "type": "Feature", "properties": { "decimalLatitude": -37.9688, "decimalLongitude": 145.2308, "month": 8, "species_sci": "Threskiornis molucca", "species_com": "Australian White Ibis" }, "geometry": { "type": "Point", "coordinates": [ 145.2308, -37.9688 ] } },
{ "type": "Feature", "properties": { "decimalLatitude": -38.4162, "decimalLongitude": 145.077, "month": 8, "species_sci": "Threskiornis molucca", "species_com": "Australian White Ibis" }, "geometry": { "type": "Point", "coordinates": [ 145.077, -38.4162 ] } },
{ "type": "Feature", "properties": { "decimalLatitude": -28.1676, "decimalLongitude": 153.5305, "month": 8, "species_sci": "Threskiornis molucca", "species_com": "Australian White Ibis" }, "geometry": { "type": "Point", "coordinates": [ 153.5305, -28.1676 ] } },
{ "type": "Feature", "properties": { "decimalLatitude": -27.9623, "decimalLongitude": 153.2375, "month": 8, "species_sci": "Threskiornis molucca", "species_com": "Australian White Ibis" }, "geometry": { "type": "Point", "coordinates": [ 153.2375, -27.9623 ] } },
{ "type": "Feature", "properties": { "decimalLatitude": -26.7641, "decimalLongitude": 153.1277, "month": 8, "species_sci": "Threskiornis molucca", "species_com": "Australian White Ibis" }, "geometry": { "type": "Point", "coordinates": [ 153.1277, -26.7641 ] } },
{ "type": "Feature", "properties": { "decimalLatitude": -37.7993, "decimalLongitude": 145.3336, "month": 8, "species_sci": "Threskiornis molucca", "species_com": "Australian White Ibis" }, "geometry": { "type": "Point", "coordinates": [ 145.3336, -37.7993 ] } },
{ "type": "Feature", "properties": { "decimalLatitude": -24.7836, "decimalLongitude": 152.4328, "month": 8, "species_sci": "Threskiornis molucca", "species_com": "Australian White Ibis" }, "geometry": { "type": "Point", "coordinates": [ 152.4328, -24.7836 ] } },
{ "type": "Feature", "properties": { "decimalLatitude": -37.7971, "decimalLongitude": 144.9117, "month": 8, "species_sci": "Threskiornis molucca", "species_com": "Australian White Ibis" }, "geometry": { "type": "Point", "coordinates": [ 144.9117, -37.7971 ] } },
{ "type": "Feature", "properties": { "decimalLatitude": -31.9323, "decimalLongitude": 115.9428, "month": 8, "species_sci": "Threskiornis molucca", "species_com": "Australian White Ibis" }, "geometry": { "type": "Point", "coordinates": [ 115.9428, -31.9323 ] } },
{ "type": "Feature", "properties": { "decimalLatitude": -36.0774, "decimalLongitude": 146.8927, "month": 8, "species_sci": "Threskiornis molucca", "species_com": "Australian White Ibis" }, "geometry": { "type": "Point", "coordinates": [ 146.8927, -36.0774 ] } },
{ "type": "Feature", "properties": { "decimalLatitude": -38.3744, "decimalLongitude": 145.2223, "month": 8, "species_sci": "Threskiornis molucca", "species_com": "Australian White Ibis" }, "geometry": { "type": "Point", "coordinates": [ 145.2223, -38.3744 ] } },
{ "type": "Feature", "properties": { "decimalLatitude": -33.8624, "decimalLongitude": 151.2113, "month": 8, "species_sci": "Threskiornis molucca", "species_com": "Australian White Ibis" }, "geometry": { "type": "Point", "coordinates": [ 151.2113, -33.8624 ] } },
{ "type": "Feature", "properties": { "decimalLatitude": -27.4386, "decimalLongitude": 153.0421, "month": 8, "species_sci": "Threskiornis molucca", "species_com": "Australian White Ibis" }, "geometry": { "type": "Point", "coordinates": [ 153.0421, -27.4386 ] } },
{ "type": "Feature", "properties": { "decimalLatitude": -32.0773, "decimalLongitude": 115.8223, "month": 8, "species_sci": "Threskiornis molucca", "species_com": "Australian White Ibis" }, "geometry": { "type": "Point", "coordinates": [ 115.8223, -32.0773 ] } },
{ "type": "Feature", "properties": { "decimalLatitude": -38.3021, "decimalLongitude": 145.1942, "month": 8, "species_sci": "Threskiornis molucca", "species_com": "Australian White Ibis" }, "geometry": { "type": "Point", "coordinates": [ 145.1942, -38.3021 ] } },
{ "type": "Feature", "properties": { "decimalLatitude": -16.9188, "decimalLongitude": 145.777, "month": 8, "species_sci": "Threskiornis molucca", "species_com": "Australian White Ibis" }, "geometry": { "type": "Point", "coordinates": [ 145.777, -16.9188 ] } },
{ "type": "Feature", "properties": { "decimalLatitude": -33.8753, "decimalLongitude": 151.2009, "month": 8, "species_sci": "Threskiornis molucca", "species_com": "Australian White Ibis" }, "geometry": { "type": "Point", "coordinates": [ 151.2009, -33.8753 ] } },
{ "type": "Feature", "properties": { "decimalLatitude": -31.9597, "decimalLongitude": 115.8492, "month": 8, "species_sci": "Threskiornis molucca", "species_com": "Australian White Ibis" }, "geometry": { "type": "Point", "coordinates": [ 115.8492, -31.9597 ] } },
{ "type": "Feature", "properties": { "decimalLatitude": -35.0885, "decimalLongitude": 138.5553, "month": 8, "species_sci": "Threskiornis molucca", "species_com": "Australian White Ibis" }, "geometry": { "type": "Point", "coordinates": [ 138.5553, -35.0885 ] } },
{ "type": "Feature", "properties": { "decimalLatitude": -24.9, "decimalLongitude": 152.3, "month": 8, "species_sci": "Threskiornis molucca", "species_com": "Australian White Ibis" }, "geometry": { "type": "Point", "coordinates": [ 152.3, -24.9 ] } },
{ "type": "Feature", "properties": { "decimalLatitude": -35.7724, "decimalLongitude": 139.2732, "month": 8, "species_sci": "Threskiornis molucca", "species_com": "Australian White Ibis" }, "geometry": { "type": "Point", "coordinates": [ 139.2732, -35.7724 ] } },
{ "type": "Feature", "properties": { "decimalLatitude": -34.4875, "decimalLongitude": 150.8353, "month": 8, "species_sci": "Threskiornis molucca", "species_com": "Australian White Ibis" }, "geometry": { "type": "Point", "coordinates": [ 150.8353, -34.4875 ] } },
{ "type": "Feature", "properties": { "decimalLatitude": -27.4285, "decimalLongitude": 153.5395, "month": 8, "species_sci": "Threskiornis molucca", "species_com": "Australian White Ibis" }, "geometry": { "type": "Point", "coordinates": [ 153.5395, -27.4285 ] } },
{ "type": "Feature", "properties": { "decimalLatitude": -38.6323, "decimalLongitude": 145.7555, "month": 9, "species_sci": "Threskiornis molucca", "species_com": "Australian White Ibis" }, "geometry": { "type": "Point", "coordinates": [ 145.7555, -38.6323 ] } },
{ "type": "Feature", "properties": { "decimalLatitude": -17.9746, "decimalLongitude": 122.2207, "month": 9, "species_sci": "Threskiornis molucca", "species_com": "Australian White Ibis" }, "geometry": { "type": "Point", "coordinates": [ 122.2207, -17.9746 ] } },
{ "type": "Feature", "properties": { "decimalLatitude": -12.4129, "decimalLongitude": 130.8307, "month": 9, "species_sci": "Threskiornis molucca", "species_com": "Australian White Ibis" }, "geometry": { "type": "Point", "coordinates": [ 130.8307, -12.4129 ] } },
{ "type": "Feature", "properties": { "decimalLatitude": -34.9177, "decimalLongitude": 138.6125, "month": 9, "species_sci": "Threskiornis molucca", "species_com": "Australian White Ibis" }, "geometry": { "type": "Point", "coordinates": [ 138.6125, -34.9177 ] } },
{ "type": "Feature", "properties": { "decimalLatitude": -25.4327, "decimalLongitude": 152.9343, "month": 9, "species_sci": "Threskiornis molucca", "species_com": "Australian White Ibis" }, "geometry": { "type": "Point", "coordinates": [ 152.9343, -25.4327 ] } },
{ "type": "Feature", "properties": { "decimalLatitude": -23.3978, "decimalLongitude": 150.4909, "month": 9, "species_sci": "Threskiornis molucca", "species_com": "Australian White Ibis" }, "geometry": { "type": "Point", "coordinates": [ 150.4909, -23.3978 ] } },
{ "type": "Feature", "properties": { "decimalLatitude": -33.8774, "decimalLongitude": 151.1037, "month": 9, "species_sci": "Threskiornis molucca", "species_com": "Australian White Ibis" }, "geometry": { "type": "Point", "coordinates": [ 151.1037, -33.8774 ] } },
{ "type": "Feature", "properties": { "decimalLatitude": -27.5729, "decimalLongitude": 152.9897, "month": 9, "species_sci": "Threskiornis molucca", "species_com": "Australian White Ibis" }, "geometry": { "type": "Point", "coordinates": [ 152.9897, -27.5729 ] } },
{ "type": "Feature", "properties": { "decimalLatitude": -38.2483, "decimalLongitude": 146.4283, "month": 9, "species_sci": "Threskiornis molucca", "species_com": "Australian White Ibis" }, "geometry": { "type": "Point", "coordinates": [ 146.4283, -38.2483 ] } },
{ "type": "Feature", "properties": { "decimalLatitude": -33.8616, "decimalLongitude": 151.2103, "month": 9, "species_sci": "Threskiornis molucca", "species_com": "Australian White Ibis" }, "geometry": { "type": "Point", "coordinates": [ 151.2103, -33.8616 ] } },
{ "type": "Feature", "properties": { "decimalLatitude": -38.1751, "decimalLongitude": 144.3529, "month": 9, "species_sci": "Threskiornis molucca", "species_com": "Australian White Ibis" }, "geometry": { "type": "Point", "coordinates": [ 144.3529, -38.1751 ] } },
{ "type": "Feature", "properties": { "decimalLatitude": -33.1039, "decimalLongitude": 151.5108, "month": 9, "species_sci": "Threskiornis molucca", "species_com": "Australian White Ibis" }, "geometry": { "type": "Point", "coordinates": [ 151.5108, -33.1039 ] } },
{ "type": "Feature", "properties": { "decimalLatitude": -37.9117, "decimalLongitude": 145.2303, "month": 9, "species_sci": "Threskiornis molucca", "species_com": "Australian White Ibis" }, "geometry": { "type": "Point", "coordinates": [ 145.2303, -37.9117 ] } },
{ "type": "Feature", "properties": { "decimalLatitude": -31.7532, "decimalLongitude": 115.7739, "month": 9, "species_sci": "Threskiornis molucca", "species_com": "Australian White Ibis" }, "geometry": { "type": "Point", "coordinates": [ 115.7739, -31.7532 ] } },
{ "type": "Feature", "properties": { "decimalLatitude": -37.8837, "decimalLongitude": 145.1997, "month": 9, "species_sci": "Threskiornis molucca", "species_com": "Australian White Ibis" }, "geometry": { "type": "Point", "coordinates": [ 145.1997, -37.8837 ] } },
{ "type": "Feature", "properties": { "decimalLatitude": -34.9132, "decimalLongitude": 138.6064, "month": 9, "species_sci": "Threskiornis molucca", "species_com": "Australian White Ibis" }, "geometry": { "type": "Point", "coordinates": [ 138.6064, -34.9132 ] } },
{ "type": "Feature", "properties": { "decimalLatitude": -31.9755, "decimalLongitude": 115.8685, "month": 9, "species_sci": "Threskiornis molucca", "species_com": "Australian White Ibis" }, "geometry": { "type": "Point", "coordinates": [ 115.8685, -31.9755 ] } },
{ "type": "Feature", "properties": { "decimalLatitude": -28.0084, "decimalLongitude": 153.3867, "month": 9, "species_sci": "Threskiornis molucca", "species_com": "Australian White Ibis" }, "geometry": { "type": "Point", "coordinates": [ 153.3867, -28.0084 ] } },
{ "type": "Feature", "properties": { "decimalLatitude": -28.1291, "decimalLongitude": 153.4453, "month": 9, "species_sci": "Threskiornis molucca", "species_com": "Australian White Ibis" }, "geometry": { "type": "Point", "coordinates": [ 153.4453, -28.1291 ] } },
{ "type": "Feature", "properties": { "decimalLatitude": -37.5534, "decimalLongitude": 143.8234, "month": 9, "species_sci": "Threskiornis molucca", "species_com": "Australian White Ibis" }, "geometry": { "type": "Point", "coordinates": [ 143.8234, -37.5534 ] } },
{ "type": "Feature", "properties": { "decimalLatitude": -38.2672, "decimalLongitude": 144.4909, "month": 9, "species_sci": "Threskiornis molucca", "species_com": "Australian White Ibis" }, "geometry": { "type": "Point", "coordinates": [ 144.4909, -38.2672 ] } },
{ "type": "Feature", "properties": { "decimalLatitude": -37.9671, "decimalLongitude": 145.1327, "month": 9, "species_sci": "Threskiornis molucca", "species_com": "Australian White Ibis" }, "geometry": { "type": "Point", "coordinates": [ 145.1327, -37.9671 ] } },
{ "type": "Feature", "properties": { "decimalLatitude": -27.3446, "decimalLongitude": 153.096, "month": 9, "species_sci": "Threskiornis molucca", "species_com": "Australian White Ibis" }, "geometry": { "type": "Point", "coordinates": [ 153.096, -27.3446 ] } },
{ "type": "Feature", "properties": { "decimalLatitude": -27.3911, "decimalLongitude": 153.1695, "month": 9, "species_sci": "Threskiornis molucca", "species_com": "Australian White Ibis" }, "geometry": { "type": "Point", "coordinates": [ 153.1695, -27.3911 ] } },
{ "type": "Feature", "properties": { "decimalLatitude": -16.9089, "decimalLongitude": 145.7665, "month": 9, "species_sci": "Threskiornis molucca", "species_com": "Australian White Ibis" }, "geometry": { "type": "Point", "coordinates": [ 145.7665, -16.9089 ] } },
{ "type": "Feature", "properties": { "decimalLatitude": -33.8676, "decimalLongitude": 151.212, "month": 9, "species_sci": "Threskiornis molucca", "species_com": "Australian White Ibis" }, "geometry": { "type": "Point", "coordinates": [ 151.212, -33.8676 ] } },
{ "type": "Feature", "properties": { "decimalLatitude": -37.8692, "decimalLongitude": 145.2563, "month": 9, "species_sci": "Threskiornis molucca", "species_com": "Australian White Ibis" }, "geometry": { "type": "Point", "coordinates": [ 145.2563, -37.8692 ] } },
{ "type": "Feature", "properties": { "decimalLatitude": -37.8981, "decimalLongitude": 145.2007, "month": 9, "species_sci": "Threskiornis molucca", "species_com": "Australian White Ibis" }, "geometry": { "type": "Point", "coordinates": [ 145.2007, -37.8981 ] } },
{ "type": "Feature", "properties": { "decimalLatitude": -27.9032, "decimalLongitude": 153.3944, "month": 9, "species_sci": "Threskiornis molucca", "species_com": "Australian White Ibis" }, "geometry": { "type": "Point", "coordinates": [ 153.3944, -27.9032 ] } },
{ "type": "Feature", "properties": { "decimalLatitude": -34.4043, "decimalLongitude": 150.9016, "month": 9, "species_sci": "Threskiornis molucca", "species_com": "Australian White Ibis" }, "geometry": { "type": "Point", "coordinates": [ 150.9016, -34.4043 ] } },
{ "type": "Feature", "properties": { "decimalLatitude": -27.4175, "decimalLongitude": 153.0368, "month": 9, "species_sci": "Threskiornis molucca", "species_com": "Australian White Ibis" }, "geometry": { "type": "Point", "coordinates": [ 153.0368, -27.4175 ] } },
{ "type": "Feature", "properties": { "decimalLatitude": -34.8799, "decimalLongitude": 138.6495, "month": 9, "species_sci": "Threskiornis molucca", "species_com": "Australian White Ibis" }, "geometry": { "type": "Point", "coordinates": [ 138.6495, -34.8799 ] } },
{ "type": "Feature", "properties": { "decimalLatitude": -35.7355, "decimalLongitude": 139.263, "month": 9, "species_sci": "Threskiornis molucca", "species_com": "Australian White Ibis" }, "geometry": { "type": "Point", "coordinates": [ 139.263, -35.7355 ] } },
{ "type": "Feature", "properties": { "decimalLatitude": -33.92, "decimalLongitude": 150.9221, "month": 9, "species_sci": "Threskiornis molucca", "species_com": "Australian White Ibis" }, "geometry": { "type": "Point", "coordinates": [ 150.9221, -33.92 ] } },
{ "type": "Feature", "properties": { "decimalLatitude": -12.7053, "decimalLongitude": 131.6398, "month": 9, "species_sci": "Threskiornis molucca", "species_com": "Australian White Ibis" }, "geometry": { "type": "Point", "coordinates": [ 131.6398, -12.7053 ] } },
{ "type": "Feature", "properties": { "decimalLatitude": -27.4671, "decimalLongitude": 153.0307, "month": 9, "species_sci": "Threskiornis molucca", "species_com": "Australian White Ibis" }, "geometry": { "type": "Point", "coordinates": [ 153.0307, -27.4671 ] } },
{ "type": "Feature", "properties": { "decimalLatitude": -38.2481, "decimalLongitude": 146.4299, "month": 9, "species_sci": "Threskiornis molucca", "species_com": "Australian White Ibis" }, "geometry": { "type": "Point", "coordinates": [ 146.4299, -38.2481 ] } },
{ "type": "Feature", "properties": { "decimalLatitude": -34.9186, "decimalLongitude": 138.5938, "month": 9, "species_sci": "Threskiornis molucca", "species_com": "Australian White Ibis" }, "geometry": { "type": "Point", "coordinates": [ 138.5938, -34.9186 ] } },
{ "type": "Feature", "properties": { "decimalLatitude": -37.5302, "decimalLongitude": 145.1287, "month": 9, "species_sci": "Threskiornis molucca", "species_com": "Australian White Ibis" }, "geometry": { "type": "Point", "coordinates": [ 145.1287, -37.5302 ] } },
{ "type": "Feature", "properties": { "decimalLatitude": -19.252, "decimalLongitude": 146.8177, "month": 9, "species_sci": "Threskiornis molucca", "species_com": "Australian White Ibis" }, "geometry": { "type": "Point", "coordinates": [ 146.8177, -19.252 ] } },
{ "type": "Feature", "properties": { "decimalLatitude": -38.2106, "decimalLongitude": 146.4624, "month": 9, "species_sci": "Threskiornis molucca", "species_com": "Australian White Ibis" }, "geometry": { "type": "Point", "coordinates": [ 146.4624, -38.2106 ] } },
{ "type": "Feature", "properties": { "decimalLatitude": -27.4175, "decimalLongitude": 153.0368, "month": 9, "species_sci": "Threskiornis molucca", "species_com": "Australian White Ibis" }, "geometry": { "type": "Point", "coordinates": [ 153.0368, -27.4175 ] } },
{ "type": "Feature", "properties": { "decimalLatitude": -37.621, "decimalLongitude": 145.1067, "month": 9, "species_sci": "Threskiornis molucca", "species_com": "Australian White Ibis" }, "geometry": { "type": "Point", "coordinates": [ 145.1067, -37.621 ] } },
{ "type": "Feature", "properties": { "decimalLatitude": -38.0365, "decimalLongitude": 145.2732, "month": 9, "species_sci": "Threskiornis molucca", "species_com": "Australian White Ibis" }, "geometry": { "type": "Point", "coordinates": [ 145.2732, -38.0365 ] } },
{ "type": "Feature", "properties": { "decimalLatitude": -27.0358, "decimalLongitude": 152.8212, "month": 9, "species_sci": "Threskiornis molucca", "species_com": "Australian White Ibis" }, "geometry": { "type": "Point", "coordinates": [ 152.8212, -27.0358 ] } },
{ "type": "Feature", "properties": { "decimalLatitude": -33.59, "decimalLongitude": 150.8548, "month": 9, "species_sci": "Threskiornis molucca", "species_com": "Australian White Ibis" }, "geometry": { "type": "Point", "coordinates": [ 150.8548, -33.59 ] } },
{ "type": "Feature", "properties": { "decimalLatitude": -27.5732, "decimalLongitude": 152.9175, "month": 9, "species_sci": "Threskiornis molucca", "species_com": "Australian White Ibis" }, "geometry": { "type": "Point", "coordinates": [ 152.9175, -27.5732 ] } },
{ "type": "Feature", "properties": { "decimalLatitude": -34.8261, "decimalLongitude": 150.6544, "month": 9, "species_sci": "Threskiornis molucca", "species_com": "Australian White Ibis" }, "geometry": { "type": "Point", "coordinates": [ 150.6544, -34.8261 ] } },
{ "type": "Feature", "properties": { "decimalLatitude": -26.2155, "decimalLongitude": 152.6848, "month": 9, "species_sci": "Threskiornis molucca", "species_com": "Australian White Ibis" }, "geometry": { "type": "Point", "coordinates": [ 152.6848, -26.2155 ] } },
{ "type": "Feature", "properties": { "decimalLatitude": -31.6336, "decimalLongitude": 152.7967, "month": 9, "species_sci": "Threskiornis molucca", "species_com": "Australian White Ibis" }, "geometry": { "type": "Point", "coordinates": [ 152.7967, -31.6336 ] } },
{ "type": "Feature", "properties": { "decimalLatitude": -27.5, "decimalLongitude": 153.3, "month": 9, "species_sci": "Threskiornis molucca", "species_com": "Australian White Ibis" }, "geometry": { "type": "Point", "coordinates": [ 153.3, -27.5 ] } },
{ "type": "Feature", "properties": { "decimalLatitude": -38.6032, "decimalLongitude": 145.5832, "month": 9, "species_sci": "Threskiornis molucca", "species_com": "Australian White Ibis" }, "geometry": { "type": "Point", "coordinates": [ 145.5832, -38.6032 ] } },
{ "type": "Feature", "properties": { "decimalLatitude": -27.4353, "decimalLongitude": 153.1741, "month": 9, "species_sci": "Threskiornis molucca", "species_com": "Australian White Ibis" }, "geometry": { "type": "Point", "coordinates": [ 153.1741, -27.4353 ] } },
{ "type": "Feature", "properties": { "decimalLatitude": -16.9092, "decimalLongitude": 145.766, "month": 9, "species_sci": "Threskiornis molucca", "species_com": "Australian White Ibis" }, "geometry": { "type": "Point", "coordinates": [ 145.766, -16.9092 ] } },
{ "type": "Feature", "properties": { "decimalLatitude": -27.4175, "decimalLongitude": 153.0368, "month": 9, "species_sci": "Threskiornis molucca", "species_com": "Australian White Ibis" }, "geometry": { "type": "Point", "coordinates": [ 153.0368, -27.4175 ] } },
{ "type": "Feature", "properties": { "decimalLatitude": -27.4649, "decimalLongitude": 153.241, "month": 9, "species_sci": "Threskiornis molucca", "species_com": "Australian White Ibis" }, "geometry": { "type": "Point", "coordinates": [ 153.241, -27.4649 ] } },
{ "type": "Feature", "properties": { "decimalLatitude": -31.985, "decimalLongitude": 115.9041, "month": 9, "species_sci": "Threskiornis molucca", "species_com": "Australian White Ibis" }, "geometry": { "type": "Point", "coordinates": [ 115.9041, -31.985 ] } },
{ "type": "Feature", "properties": { "decimalLatitude": -33.9424, "decimalLongitude": 150.8526, "month": 9, "species_sci": "Threskiornis molucca", "species_com": "Australian White Ibis" }, "geometry": { "type": "Point", "coordinates": [ 150.8526, -33.9424 ] } },
{ "type": "Feature", "properties": { "decimalLatitude": -36.6807, "decimalLongitude": 149.8498, "month": 9, "species_sci": "Threskiornis molucca", "species_com": "Australian White Ibis" }, "geometry": { "type": "Point", "coordinates": [ 149.8498, -36.6807 ] } },
{ "type": "Feature", "properties": { "decimalLatitude": -27.4347, "decimalLongitude": 153.1492, "month": 9, "species_sci": "Threskiornis molucca", "species_com": "Australian White Ibis" }, "geometry": { "type": "Point", "coordinates": [ 153.1492, -27.4347 ] } },
{ "type": "Feature", "properties": { "decimalLatitude": -35.1173, "decimalLongitude": 138.534, "month": 9, "species_sci": "Threskiornis molucca", "species_com": "Australian White Ibis" }, "geometry": { "type": "Point", "coordinates": [ 138.534, -35.1173 ] } },
{ "type": "Feature", "properties": { "decimalLatitude": -33.911, "decimalLongitude": 150.929, "month": 9, "species_sci": "Threskiornis molucca", "species_com": "Australian White Ibis" }, "geometry": { "type": "Point", "coordinates": [ 150.929, -33.911 ] } },
{ "type": "Feature", "properties": { "decimalLatitude": -38.1643, "decimalLongitude": 144.3306, "month": 9, "species_sci": "Threskiornis molucca", "species_com": "Australian White Ibis" }, "geometry": { "type": "Point", "coordinates": [ 144.3306, -38.1643 ] } },
{ "type": "Feature", "properties": { "decimalLatitude": -31.9282, "decimalLongitude": 115.806, "month": 9, "species_sci": "Threskiornis molucca", "species_com": "Australian White Ibis" }, "geometry": { "type": "Point", "coordinates": [ 115.806, -31.9282 ] } },
{ "type": "Feature", "properties": { "decimalLatitude": -36.0911, "decimalLongitude": 146.9173, "month": 9, "species_sci": "Threskiornis molucca", "species_com": "Australian White Ibis" }, "geometry": { "type": "Point", "coordinates": [ 146.9173, -36.0911 ] } },
{ "type": "Feature", "properties": { "decimalLatitude": -27.4175, "decimalLongitude": 153.0368, "month": 9, "species_sci": "Threskiornis molucca", "species_com": "Australian White Ibis" }, "geometry": { "type": "Point", "coordinates": [ 153.0368, -27.4175 ] } },
{ "type": "Feature", "properties": { "decimalLatitude": -35.1726, "decimalLongitude": 149.1462, "month": 9, "species_sci": "Threskiornis molucca", "species_com": "Australian White Ibis" }, "geometry": { "type": "Point", "coordinates": [ 149.1462, -35.1726 ] } },
{ "type": "Feature", "properties": { "decimalLatitude": -34.5416, "decimalLongitude": 150.847, "month": 9, "species_sci": "Threskiornis molucca", "species_com": "Australian White Ibis" }, "geometry": { "type": "Point", "coordinates": [ 150.847, -34.5416 ] } },
{ "type": "Feature", "properties": { "decimalLatitude": -33.9764, "decimalLongitude": 151.1504, "month": 9, "species_sci": "Threskiornis molucca", "species_com": "Australian White Ibis" }, "geometry": { "type": "Point", "coordinates": [ 151.1504, -33.9764 ] } },
{ "type": "Feature", "properties": { "decimalLatitude": -35.2732, "decimalLongitude": 150.4835, "month": 9, "species_sci": "Threskiornis molucca", "species_com": "Australian White Ibis" }, "geometry": { "type": "Point", "coordinates": [ 150.4835, -35.2732 ] } },
{ "type": "Feature", "properties": { "decimalLatitude": -16.879, "decimalLongitude": 145.6614, "month": 9, "species_sci": "Threskiornis molucca", "species_com": "Australian White Ibis" }, "geometry": { "type": "Point", "coordinates": [ 145.6614, -16.879 ] } },
{ "type": "Feature", "properties": { "decimalLatitude": -20.0017, "decimalLongitude": 148.243, "month": 9, "species_sci": "Threskiornis molucca", "species_com": "Australian White Ibis" }, "geometry": { "type": "Point", "coordinates": [ 148.243, -20.0017 ] } },
{ "type": "Feature", "properties": { "decimalLatitude": -28.328, "decimalLongitude": 153.3939, "month": 9, "species_sci": "Threskiornis molucca", "species_com": "Australian White Ibis" }, "geometry": { "type": "Point", "coordinates": [ 153.3939, -28.328 ] } },
{ "type": "Feature", "properties": { "decimalLatitude": -35.6852, "decimalLongitude": 139.3389, "month": 9, "species_sci": "Threskiornis molucca", "species_com": "Australian White Ibis" }, "geometry": { "type": "Point", "coordinates": [ 139.3389, -35.6852 ] } },
{ "type": "Feature", "properties": { "decimalLatitude": -20.3235, "decimalLongitude": 148.6128, "month": 9, "species_sci": "Threskiornis molucca", "species_com": "Australian White Ibis" }, "geometry": { "type": "Point", "coordinates": [ 148.6128, -20.3235 ] } },
{ "type": "Feature", "properties": { "decimalLatitude": -33.9887, "decimalLongitude": 150.8481, "month": 9, "species_sci": "Threskiornis molucca", "species_com": "Australian White Ibis" }, "geometry": { "type": "Point", "coordinates": [ 150.8481, -33.9887 ] } },
{ "type": "Feature", "properties": { "decimalLatitude": -33.7315, "decimalLongitude": 151.102, "month": 9, "species_sci": "Threskiornis molucca", "species_com": "Australian White Ibis" }, "geometry": { "type": "Point", "coordinates": [ 151.102, -33.7315 ] } },
{ "type": "Feature", "properties": { "decimalLatitude": -33.8814, "decimalLongitude": 151.2015, "month": 9, "species_sci": "Threskiornis molucca", "species_com": "Australian White Ibis" }, "geometry": { "type": "Point", "coordinates": [ 151.2015, -33.8814 ] } },
{ "type": "Feature", "properties": { "decimalLatitude": -37.9461, "decimalLongitude": 145.1336, "month": 9, "species_sci": "Threskiornis molucca", "species_com": "Australian White Ibis" }, "geometry": { "type": "Point", "coordinates": [ 145.1336, -37.9461 ] } },
{ "type": "Feature", "properties": { "decimalLatitude": -26.8384, "decimalLongitude": 152.9605, "month": 9, "species_sci": "Threskiornis molucca", "species_com": "Australian White Ibis" }, "geometry": { "type": "Point", "coordinates": [ 152.9605, -26.8384 ] } },
{ "type": "Feature", "properties": { "decimalLatitude": -34.8379, "decimalLongitude": 150.6591, "month": 9, "species_sci": "Threskiornis molucca", "species_com": "Australian White Ibis" }, "geometry": { "type": "Point", "coordinates": [ 150.6591, -34.8379 ] } },
{ "type": "Feature", "properties": { "decimalLatitude": -38.2103, "decimalLongitude": 146.5299, "month": 9, "species_sci": "Threskiornis molucca", "species_com": "Australian White Ibis" }, "geometry": { "type": "Point", "coordinates": [ 146.5299, -38.2103 ] } },
{ "type": "Feature", "properties": { "decimalLatitude": -16.9084, "decimalLongitude": 145.766, "month": 9, "species_sci": "Threskiornis molucca", "species_com": "Australian White Ibis" }, "geometry": { "type": "Point", "coordinates": [ 145.766, -16.9084 ] } },
{ "type": "Feature", "properties": { "decimalLatitude": -25.9321, "decimalLongitude": 153.0147, "month": 9, "species_sci": "Threskiornis molucca", "species_com": "Australian White Ibis" }, "geometry": { "type": "Point", "coordinates": [ 153.0147, -25.9321 ] } },
{ "type": "Feature", "properties": { "decimalLatitude": -30.742, "decimalLongitude": 121.4522, "month": 9, "species_sci": "Threskiornis molucca", "species_com": "Australian White Ibis" }, "geometry": { "type": "Point", "coordinates": [ 121.4522, -30.742 ] } },
{ "type": "Feature", "properties": { "decimalLatitude": -27.4791, "decimalLongitude": 153.0219, "month": 9, "species_sci": "Threskiornis molucca", "species_com": "Australian White Ibis" }, "geometry": { "type": "Point", "coordinates": [ 153.0219, -27.4791 ] } },
{ "type": "Feature", "properties": { "decimalLatitude": -37.7131, "decimalLongitude": 144.9919, "month": 9, "species_sci": "Threskiornis molucca", "species_com": "Australian White Ibis" }, "geometry": { "type": "Point", "coordinates": [ 144.9919, -37.7131 ] } },
{ "type": "Feature", "properties": { "decimalLatitude": -28.8038, "decimalLongitude": 153.5465, "month": 9, "species_sci": "Threskiornis molucca", "species_com": "Australian White Ibis" }, "geometry": { "type": "Point", "coordinates": [ 153.5465, -28.8038 ] } },
{ "type": "Feature", "properties": { "decimalLatitude": -37.8256, "decimalLongitude": 145.1624, "month": 9, "species_sci": "Threskiornis molucca", "species_com": "Australian White Ibis" }, "geometry": { "type": "Point", "coordinates": [ 145.1624, -37.8256 ] } },
{ "type": "Feature", "properties": { "decimalLatitude": -16.2492, "decimalLongitude": 145.3171, "month": 9, "species_sci": "Threskiornis molucca", "species_com": "Australian White Ibis" }, "geometry": { "type": "Point", "coordinates": [ 145.3171, -16.2492 ] } },
{ "type": "Feature", "properties": { "decimalLatitude": -37.8249, "decimalLongitude": 145.1646, "month": 9, "species_sci": "Threskiornis molucca", "species_com": "Australian White Ibis" }, "geometry": { "type": "Point", "coordinates": [ 145.1646, -37.8249 ] } },
{ "type": "Feature", "properties": { "decimalLatitude": -27.4011, "decimalLongitude": 153.0791, "month": 9, "species_sci": "Threskiornis molucca", "species_com": "Australian White Ibis" }, "geometry": { "type": "Point", "coordinates": [ 153.0791, -27.4011 ] } },
{ "type": "Feature", "properties": { "decimalLatitude": -37.8812, "decimalLongitude": 145.1899, "month": 9, "species_sci": "Threskiornis molucca", "species_com": "Australian White Ibis" }, "geometry": { "type": "Point", "coordinates": [ 145.1899, -37.8812 ] } },
{ "type": "Feature", "properties": { "decimalLatitude": -38.2483, "decimalLongitude": 146.4283, "month": 9, "species_sci": "Threskiornis molucca", "species_com": "Australian White Ibis" }, "geometry": { "type": "Point", "coordinates": [ 146.4283, -38.2483 ] } },
{ "type": "Feature", "properties": { "decimalLatitude": -38.0051, "decimalLongitude": 145.126, "month": 9, "species_sci": "Threskiornis molucca", "species_com": "Australian White Ibis" }, "geometry": { "type": "Point", "coordinates": [ 145.126, -38.0051 ] } },
{ "type": "Feature", "properties": { "decimalLatitude": -35.3732, "decimalLongitude": 139.1426, "month": 9, "species_sci": "Threskiornis molucca", "species_com": "Australian White Ibis" }, "geometry": { "type": "Point", "coordinates": [ 139.1426, -35.3732 ] } },
{ "type": "Feature", "properties": { "decimalLatitude": -33.9051, "decimalLongitude": 151.0847, "month": 9, "species_sci": "Threskiornis molucca", "species_com": "Australian White Ibis" }, "geometry": { "type": "Point", "coordinates": [ 151.0847, -33.9051 ] } },
{ "type": "Feature", "properties": { "decimalLatitude": -32.0252, "decimalLongitude": 115.8142, "month": 9, "species_sci": "Threskiornis molucca", "species_com": "Australian White Ibis" }, "geometry": { "type": "Point", "coordinates": [ 115.8142, -32.0252 ] } },
{ "type": "Feature", "properties": { "decimalLatitude": -37.6164, "decimalLongitude": 145.1557, "month": 9, "species_sci": "Threskiornis molucca", "species_com": "Australian White Ibis" }, "geometry": { "type": "Point", "coordinates": [ 145.1557, -37.6164 ] } },
{ "type": "Feature", "properties": { "decimalLatitude": -12.4637, "decimalLongitude": 130.8444, "month": 9, "species_sci": "Threskiornis molucca", "species_com": "Australian White Ibis" }, "geometry": { "type": "Point", "coordinates": [ 130.8444, -12.4637 ] } },
{ "type": "Feature", "properties": { "decimalLatitude": -38.6381, "decimalLongitude": 145.7547, "month": 9, "species_sci": "Threskiornis molucca", "species_com": "Australian White Ibis" }, "geometry": { "type": "Point", "coordinates": [ 145.7547, -38.6381 ] } },
{ "type": "Feature", "properties": { "decimalLatitude": -38.3268, "decimalLongitude": 145.1921, "month": 9, "species_sci": "Threskiornis molucca", "species_com": "Australian White Ibis" }, "geometry": { "type": "Point", "coordinates": [ 145.1921, -38.3268 ] } },
{ "type": "Feature", "properties": { "decimalLatitude": -34.5436, "decimalLongitude": 150.8383, "month": 9, "species_sci": "Threskiornis molucca", "species_com": "Australian White Ibis" }, "geometry": { "type": "Point", "coordinates": [ 150.8383, -34.5436 ] } },
{ "type": "Feature", "properties": { "decimalLatitude": -32.7878, "decimalLongitude": 151.7277, "month": 9, "species_sci": "Threskiornis molucca", "species_com": "Australian White Ibis" }, "geometry": { "type": "Point", "coordinates": [ 151.7277, -32.7878 ] } },
{ "type": "Feature", "properties": { "decimalLatitude": -27.4507, "decimalLongitude": 153.1864, "month": 9, "species_sci": "Threskiornis molucca", "species_com": "Australian White Ibis" }, "geometry": { "type": "Point", "coordinates": [ 153.1864, -27.4507 ] } },
{ "type": "Feature", "properties": { "decimalLatitude": -27.5504, "decimalLongitude": 152.954, "month": 9, "species_sci": "Threskiornis molucca", "species_com": "Australian White Ibis" }, "geometry": { "type": "Point", "coordinates": [ 152.954, -27.5504 ] } },
{ "type": "Feature", "properties": { "decimalLatitude": -28.0969, "decimalLongitude": 153.4072, "month": 9, "species_sci": "Threskiornis molucca", "species_com": "Australian White Ibis" }, "geometry": { "type": "Point", "coordinates": [ 153.4072, -28.0969 ] } },
{ "type": "Feature", "properties": { "decimalLatitude": -27.4175, "decimalLongitude": 153.0368, "month": 9, "species_sci": "Threskiornis molucca", "species_com": "Australian White Ibis" }, "geometry": { "type": "Point", "coordinates": [ 153.0368, -27.4175 ] } },
{ "type": "Feature", "properties": { "decimalLatitude": -37.8257, "decimalLongitude": 145.1622, "month": 9, "species_sci": "Threskiornis molucca", "species_com": "Australian White Ibis" }, "geometry": { "type": "Point", "coordinates": [ 145.1622, -37.8257 ] } },
{ "type": "Feature", "properties": { "decimalLatitude": -34.0675, "decimalLongitude": 150.7927, "month": 9, "species_sci": "Threskiornis molucca", "species_com": "Australian White Ibis" }, "geometry": { "type": "Point", "coordinates": [ 150.7927, -34.0675 ] } },
{ "type": "Feature", "properties": { "decimalLatitude": -36.2287, "decimalLongitude": 150.0965, "month": 9, "species_sci": "Threskiornis molucca", "species_com": "Australian White Ibis" }, "geometry": { "type": "Point", "coordinates": [ 150.0965, -36.2287 ] } },
{ "type": "Feature", "properties": { "decimalLatitude": -38.0902, "decimalLongitude": 144.3331, "month": 9, "species_sci": "Threskiornis molucca", "species_com": "Australian White Ibis" }, "geometry": { "type": "Point", "coordinates": [ 144.3331, -38.0902 ] } },
{ "type": "Feature", "properties": { "decimalLatitude": -30.3742, "decimalLongitude": 153.0916, "month": 9, "species_sci": "Threskiornis molucca", "species_com": "Australian White Ibis" }, "geometry": { "type": "Point", "coordinates": [ 153.0916, -30.3742 ] } },
{ "type": "Feature", "properties": { "decimalLatitude": -28.8038, "decimalLongitude": 153.5464, "month": 9, "species_sci": "Threskiornis molucca", "species_com": "Australian White Ibis" }, "geometry": { "type": "Point", "coordinates": [ 153.5464, -28.8038 ] } },
{ "type": "Feature", "properties": { "decimalLatitude": -38.2483, "decimalLongitude": 146.4283, "month": 9, "species_sci": "Threskiornis molucca", "species_com": "Australian White Ibis" }, "geometry": { "type": "Point", "coordinates": [ 146.4283, -38.2483 ] } },
{ "type": "Feature", "properties": { "decimalLatitude": -27.3969, "decimalLongitude": 153.4394, "month": 9, "species_sci": "Threskiornis molucca", "species_com": "Australian White Ibis" }, "geometry": { "type": "Point", "coordinates": [ 153.4394, -27.3969 ] } },
{ "type": "Feature", "properties": { "decimalLatitude": -27.9355, "decimalLongitude": 153.3514, "month": 9, "species_sci": "Threskiornis molucca", "species_com": "Australian White Ibis" }, "geometry": { "type": "Point", "coordinates": [ 153.3514, -27.9355 ] } },
{ "type": "Feature", "properties": { "decimalLatitude": -37.8257, "decimalLongitude": 145.1621, "month": 9, "species_sci": "Threskiornis molucca", "species_com": "Australian White Ibis" }, "geometry": { "type": "Point", "coordinates": [ 145.1621, -37.8257 ] } },
{ "type": "Feature", "properties": { "decimalLatitude": -35.1173, "decimalLongitude": 138.5342, "month": 9, "species_sci": "Threskiornis molucca", "species_com": "Australian White Ibis" }, "geometry": { "type": "Point", "coordinates": [ 138.5342, -35.1173 ] } },
{ "type": "Feature", "properties": { "decimalLatitude": -37.7598, "decimalLongitude": 142.2515, "month": 9, "species_sci": "Threskiornis molucca", "species_com": "Australian White Ibis" }, "geometry": { "type": "Point", "coordinates": [ 142.2515, -37.7598 ] } },
{ "type": "Feature", "properties": { "decimalLatitude": -27.4623, "decimalLongitude": 153.0174, "month": 9, "species_sci": "Threskiornis molucca", "species_com": "Australian White Ibis" }, "geometry": { "type": "Point", "coordinates": [ 153.0174, -27.4623 ] } },
{ "type": "Feature", "properties": { "decimalLatitude": -28.259, "decimalLongitude": 153.5544, "month": 9, "species_sci": "Threskiornis molucca", "species_com": "Australian White Ibis" }, "geometry": { "type": "Point", "coordinates": [ 153.5544, -28.259 ] } },
{ "type": "Feature", "properties": { "decimalLatitude": -27.4175, "decimalLongitude": 153.0368, "month": 9, "species_sci": "Threskiornis molucca", "species_com": "Australian White Ibis" }, "geometry": { "type": "Point", "coordinates": [ 153.0368, -27.4175 ] } },
{ "type": "Feature", "properties": { "decimalLatitude": -35.2031, "decimalLongitude": 149.014, "month": 9, "species_sci": "Threskiornis molucca", "species_com": "Australian White Ibis" }, "geometry": { "type": "Point", "coordinates": [ 149.014, -35.2031 ] } },
{ "type": "Feature", "properties": { "decimalLatitude": -34.874, "decimalLongitude": 138.649, "month": 9, "species_sci": "Threskiornis molucca", "species_com": "Australian White Ibis" }, "geometry": { "type": "Point", "coordinates": [ 138.649, -34.874 ] } },
{ "type": "Feature", "properties": { "decimalLatitude": -37.8265, "decimalLongitude": 145.1625, "month": 9, "species_sci": "Threskiornis molucca", "species_com": "Australian White Ibis" }, "geometry": { "type": "Point", "coordinates": [ 145.1625, -37.8265 ] } },
{ "type": "Feature", "properties": { "decimalLatitude": -27.4175, "decimalLongitude": 153.0368, "month": 9, "species_sci": "Threskiornis molucca", "species_com": "Australian White Ibis" }, "geometry": { "type": "Point", "coordinates": [ 153.0368, -27.4175 ] } },
{ "type": "Feature", "properties": { "decimalLatitude": -37.8613, "decimalLongitude": 144.8752, "month": 9, "species_sci": "Threskiornis molucca", "species_com": "Australian White Ibis" }, "geometry": { "type": "Point", "coordinates": [ 144.8752, -37.8613 ] } },
{ "type": "Feature", "properties": { "decimalLatitude": -33.7458, "decimalLongitude": 150.9525, "month": 9, "species_sci": "Threskiornis molucca", "species_com": "Australian White Ibis" }, "geometry": { "type": "Point", "coordinates": [ 150.9525, -33.7458 ] } },
{ "type": "Feature", "properties": { "decimalLatitude": -27.464, "decimalLongitude": 153.0322, "month": 9, "species_sci": "Threskiornis molucca", "species_com": "Australian White Ibis" }, "geometry": { "type": "Point", "coordinates": [ 153.0322, -27.464 ] } },
{ "type": "Feature", "properties": { "decimalLatitude": -33.9047, "decimalLongitude": 151.2673, "month": 9, "species_sci": "Threskiornis molucca", "species_com": "Australian White Ibis" }, "geometry": { "type": "Point", "coordinates": [ 151.2673, -33.9047 ] } },
{ "type": "Feature", "properties": { "decimalLatitude": -23.8328, "decimalLongitude": 151.2547, "month": 9, "species_sci": "Threskiornis molucca", "species_com": "Australian White Ibis" }, "geometry": { "type": "Point", "coordinates": [ 151.2547, -23.8328 ] } },
{ "type": "Feature", "properties": { "decimalLatitude": -37.9019, "decimalLongitude": 145.0198, "month": 9, "species_sci": "Threskiornis molucca", "species_com": "Australian White Ibis" }, "geometry": { "type": "Point", "coordinates": [ 145.0198, -37.9019 ] } },
{ "type": "Feature", "properties": { "decimalLatitude": -38.1642, "decimalLongitude": 144.3309, "month": 9, "species_sci": "Threskiornis molucca", "species_com": "Australian White Ibis" }, "geometry": { "type": "Point", "coordinates": [ 144.3309, -38.1642 ] } },
{ "type": "Feature", "properties": { "decimalLatitude": -37.9008, "decimalLongitude": 145.2041, "month": 9, "species_sci": "Threskiornis molucca", "species_com": "Australian White Ibis" }, "geometry": { "type": "Point", "coordinates": [ 145.2041, -37.9008 ] } },
{ "type": "Feature", "properties": { "decimalLatitude": -33.8709, "decimalLongitude": 151.2112, "month": 9, "species_sci": "Threskiornis molucca", "species_com": "Australian White Ibis" }, "geometry": { "type": "Point", "coordinates": [ 151.2112, -33.8709 ] } },
{ "type": "Feature", "properties": { "decimalLatitude": -26.1833, "decimalLongitude": 152.6598, "month": 9, "species_sci": "Threskiornis molucca", "species_com": "Australian White Ibis" }, "geometry": { "type": "Point", "coordinates": [ 152.6598, -26.1833 ] } },
{ "type": "Feature", "properties": { "decimalLatitude": -28.8332, "decimalLongitude": 153.2658, "month": 9, "species_sci": "Threskiornis molucca", "species_com": "Australian White Ibis" }, "geometry": { "type": "Point", "coordinates": [ 153.2658, -28.8332 ] } },
{ "type": "Feature", "properties": { "decimalLatitude": -28.8038, "decimalLongitude": 153.5465, "month": 9, "species_sci": "Threskiornis molucca", "species_com": "Australian White Ibis" }, "geometry": { "type": "Point", "coordinates": [ 153.5465, -28.8038 ] } },
{ "type": "Feature", "properties": { "decimalLatitude": -32.2484, "decimalLongitude": 148.6084, "month": 9, "species_sci": "Threskiornis molucca", "species_com": "Australian White Ibis" }, "geometry": { "type": "Point", "coordinates": [ 148.6084, -32.2484 ] } },
{ "type": "Feature", "properties": { "decimalLatitude": -27.4022, "decimalLongitude": 153.0855, "month": 9, "species_sci": "Threskiornis molucca", "species_com": "Australian White Ibis" }, "geometry": { "type": "Point", "coordinates": [ 153.0855, -27.4022 ] } },
{ "type": "Feature", "properties": { "decimalLatitude": -37.837, "decimalLongitude": 145.2551, "month": 9, "species_sci": "Threskiornis molucca", "species_com": "Australian White Ibis" }, "geometry": { "type": "Point", "coordinates": [ 145.2551, -37.837 ] } },
{ "type": "Feature", "properties": { "decimalLatitude": -38.3782, "decimalLongitude": 144.8708, "month": 9, "species_sci": "Threskiornis molucca", "species_com": "Australian White Ibis" }, "geometry": { "type": "Point", "coordinates": [ 144.8708, -38.3782 ] } },
{ "type": "Feature", "properties": { "decimalLatitude": -31.9356, "decimalLongitude": 115.889, "month": 9, "species_sci": "Threskiornis molucca", "species_com": "Australian White Ibis" }, "geometry": { "type": "Point", "coordinates": [ 115.889, -31.9356 ] } },
{ "type": "Feature", "properties": { "decimalLatitude": -33.7704, "decimalLongitude": 151.1123, "month": 9, "species_sci": "Threskiornis molucca", "species_com": "Australian White Ibis" }, "geometry": { "type": "Point", "coordinates": [ 151.1123, -33.7704 ] } },
{ "type": "Feature", "properties": { "decimalLatitude": -12.446, "decimalLongitude": 130.8355, "month": 9, "species_sci": "Threskiornis molucca", "species_com": "Australian White Ibis" }, "geometry": { "type": "Point", "coordinates": [ 130.8355, -12.446 ] } },
{ "type": "Feature", "properties": { "decimalLatitude": -37.8703, "decimalLongitude": 144.8933, "month": 9, "species_sci": "Threskiornis molucca", "species_com": "Australian White Ibis" }, "geometry": { "type": "Point", "coordinates": [ 144.8933, -37.8703 ] } },
{ "type": "Feature", "properties": { "decimalLatitude": -37.8736, "decimalLongitude": 145.1898, "month": 9, "species_sci": "Threskiornis molucca", "species_com": "Australian White Ibis" }, "geometry": { "type": "Point", "coordinates": [ 145.1898, -37.8736 ] } },
{ "type": "Feature", "properties": { "decimalLatitude": -34.8131, "decimalLongitude": 150.6658, "month": 9, "species_sci": "Threskiornis molucca", "species_com": "Australian White Ibis" }, "geometry": { "type": "Point", "coordinates": [ 150.6658, -34.8131 ] } },
{ "type": "Feature", "properties": { "decimalLatitude": -33.9415, "decimalLongitude": 151.2392, "month": 9, "species_sci": "Threskiornis molucca", "species_com": "Australian White Ibis" }, "geometry": { "type": "Point", "coordinates": [ 151.2392, -33.9415 ] } },
{ "type": "Feature", "properties": { "decimalLatitude": -12.4447, "decimalLongitude": 130.8364, "month": 10, "species_sci": "Threskiornis molucca", "species_com": "Australian White Ibis" }, "geometry": { "type": "Point", "coordinates": [ 130.8364, -12.4447 ] } },
{ "type": "Feature", "properties": { "decimalLatitude": -33.8647, "decimalLongitude": 151.2168, "month": 10, "species_sci": "Threskiornis molucca", "species_com": "Australian White Ibis" }, "geometry": { "type": "Point", "coordinates": [ 151.2168, -33.8647 ] } },
{ "type": "Feature", "properties": { "decimalLatitude": -33.59, "decimalLongitude": 150.8548, "month": 10, "species_sci": "Threskiornis molucca", "species_com": "Australian White Ibis" }, "geometry": { "type": "Point", "coordinates": [ 150.8548, -33.59 ] } },
{ "type": "Feature", "properties": { "decimalLatitude": -38.2121, "decimalLongitude": 144.3229, "month": 10, "species_sci": "Threskiornis molucca", "species_com": "Australian White Ibis" }, "geometry": { "type": "Point", "coordinates": [ 144.3229, -38.2121 ] } },
{ "type": "Feature", "properties": { "decimalLatitude": -34.9181, "decimalLongitude": 138.6096, "month": 10, "species_sci": "Threskiornis molucca", "species_com": "Australian White Ibis" }, "geometry": { "type": "Point", "coordinates": [ 138.6096, -34.9181 ] } },
{ "type": "Feature", "properties": { "decimalLatitude": -37.8262, "decimalLongitude": 145.161, "month": 10, "species_sci": "Threskiornis molucca", "species_com": "Australian White Ibis" }, "geometry": { "type": "Point", "coordinates": [ 145.161, -37.8262 ] } },
{ "type": "Feature", "properties": { "decimalLatitude": -27.3026, "decimalLongitude": 152.9884, "month": 10, "species_sci": "Threskiornis molucca", "species_com": "Australian White Ibis" }, "geometry": { "type": "Point", "coordinates": [ 152.9884, -27.3026 ] } },
{ "type": "Feature", "properties": { "decimalLatitude": -33.8048, "decimalLongitude": 151.2622, "month": 10, "species_sci": "Threskiornis molucca", "species_com": "Australian White Ibis" }, "geometry": { "type": "Point", "coordinates": [ 151.2622, -33.8048 ] } },
{ "type": "Feature", "properties": { "decimalLatitude": -27.5629, "decimalLongitude": 153.0952, "month": 10, "species_sci": "Threskiornis molucca", "species_com": "Australian White Ibis" }, "geometry": { "type": "Point", "coordinates": [ 153.0952, -27.5629 ] } },
{ "type": "Feature", "properties": { "decimalLatitude": -31.4099, "decimalLongitude": 152.9028, "month": 10, "species_sci": "Threskiornis molucca", "species_com": "Australian White Ibis" }, "geometry": { "type": "Point", "coordinates": [ 152.9028, -31.4099 ] } },
{ "type": "Feature", "properties": { "decimalLatitude": -23.3766, "decimalLongitude": 150.4921, "month": 10, "species_sci": "Threskiornis molucca", "species_com": "Australian White Ibis" }, "geometry": { "type": "Point", "coordinates": [ 150.4921, -23.3766 ] } },
{ "type": "Feature", "properties": { "decimalLatitude": -28.8544, "decimalLongitude": 153.5189, "month": 10, "species_sci": "Threskiornis molucca", "species_com": "Australian White Ibis" }, "geometry": { "type": "Point", "coordinates": [ 153.5189, -28.8544 ] } },
{ "type": "Feature", "properties": { "decimalLatitude": -27.4922, "decimalLongitude": 153.137, "month": 10, "species_sci": "Threskiornis molucca", "species_com": "Australian White Ibis" }, "geometry": { "type": "Point", "coordinates": [ 153.137, -27.4922 ] } },
{ "type": "Feature", "properties": { "decimalLatitude": -27.5413, "decimalLongitude": 152.9984, "month": 10, "species_sci": "Threskiornis molucca", "species_com": "Australian White Ibis" }, "geometry": { "type": "Point", "coordinates": [ 152.9984, -27.5413 ] } },
{ "type": "Feature", "properties": { "decimalLatitude": -29.0921, "decimalLongitude": 143.2533, "month": 10, "species_sci": "Threskiornis molucca", "species_com": "Australian White Ibis" }, "geometry": { "type": "Point", "coordinates": [ 143.2533, -29.0921 ] } },
{ "type": "Feature", "properties": { "decimalLatitude": -33.741, "decimalLongitude": 151.3138, "month": 10, "species_sci": "Threskiornis molucca", "species_com": "Australian White Ibis" }, "geometry": { "type": "Point", "coordinates": [ 151.3138, -33.741 ] } },
{ "type": "Feature", "properties": { "decimalLatitude": -12.4464, "decimalLongitude": 130.836, "month": 10, "species_sci": "Threskiornis molucca", "species_com": "Australian White Ibis" }, "geometry": { "type": "Point", "coordinates": [ 130.836, -12.4464 ] } },
{ "type": "Feature", "properties": { "decimalLatitude": -38.113, "decimalLongitude": 147.0705, "month": 10, "species_sci": "Threskiornis molucca", "species_com": "Australian White Ibis" }, "geometry": { "type": "Point", "coordinates": [ 147.0705, -38.113 ] } },
{ "type": "Feature", "properties": { "decimalLatitude": -34.0971, "decimalLongitude": 150.7852, "month": 10, "species_sci": "Threskiornis molucca", "species_com": "Australian White Ibis" }, "geometry": { "type": "Point", "coordinates": [ 150.7852, -34.0971 ] } },
{ "type": "Feature", "properties": { "decimalLatitude": -12.4121, "decimalLongitude": 130.8306, "month": 10, "species_sci": "Threskiornis molucca", "species_com": "Australian White Ibis" }, "geometry": { "type": "Point", "coordinates": [ 130.8306, -12.4121 ] } },
{ "type": "Feature", "properties": { "decimalLatitude": -27.6339, "decimalLongitude": 152.3964, "month": 10, "species_sci": "Threskiornis molucca", "species_com": "Australian White Ibis" }, "geometry": { "type": "Point", "coordinates": [ 152.3964, -27.6339 ] } },
{ "type": "Feature", "properties": { "decimalLatitude": -37.8997, "decimalLongitude": 145.2038, "month": 10, "species_sci": "Threskiornis molucca", "species_com": "Australian White Ibis" }, "geometry": { "type": "Point", "coordinates": [ 145.2038, -37.8997 ] } },
{ "type": "Feature", "properties": { "decimalLatitude": -38.3957, "decimalLongitude": 142.247, "month": 10, "species_sci": "Threskiornis molucca", "species_com": "Australian White Ibis" }, "geometry": { "type": "Point", "coordinates": [ 142.247, -38.3957 ] } },
{ "type": "Feature", "properties": { "decimalLatitude": -33.6945, "decimalLongitude": 151.295, "month": 10, "species_sci": "Threskiornis molucca", "species_com": "Australian White Ibis" }, "geometry": { "type": "Point", "coordinates": [ 151.295, -33.6945 ] } },
{ "type": "Feature", "properties": { "decimalLatitude": -30.7022, "decimalLongitude": 147.5172, "month": 10, "species_sci": "Threskiornis molucca", "species_com": "Australian White Ibis" }, "geometry": { "type": "Point", "coordinates": [ 147.5172, -30.7022 ] } },
{ "type": "Feature", "properties": { "decimalLatitude": -37.8382, "decimalLongitude": 145.2216, "month": 10, "species_sci": "Threskiornis molucca", "species_com": "Australian White Ibis" }, "geometry": { "type": "Point", "coordinates": [ 145.2216, -37.8382 ] } },
{ "type": "Feature", "properties": { "decimalLatitude": -37.8255, "decimalLongitude": 145.1636, "month": 10, "species_sci": "Threskiornis molucca", "species_com": "Australian White Ibis" }, "geometry": { "type": "Point", "coordinates": [ 145.1636, -37.8255 ] } },
{ "type": "Feature", "properties": { "decimalLatitude": -38.1127, "decimalLongitude": 147.0709, "month": 10, "species_sci": "Threskiornis molucca", "species_com": "Australian White Ibis" }, "geometry": { "type": "Point", "coordinates": [ 147.0709, -38.1127 ] } },
{ "type": "Feature", "properties": { "decimalLatitude": -16.9168, "decimalLongitude": 145.7548, "month": 10, "species_sci": "Threskiornis molucca", "species_com": "Australian White Ibis" }, "geometry": { "type": "Point", "coordinates": [ 145.7548, -16.9168 ] } },
{ "type": "Feature", "properties": { "decimalLatitude": -26.2147, "decimalLongitude": 152.6844, "month": 10, "species_sci": "Threskiornis molucca", "species_com": "Australian White Ibis" }, "geometry": { "type": "Point", "coordinates": [ 152.6844, -26.2147 ] } },
{ "type": "Feature", "properties": { "decimalLatitude": -12.437, "decimalLongitude": 130.8328, "month": 10, "species_sci": "Threskiornis molucca", "species_com": "Australian White Ibis" }, "geometry": { "type": "Point", "coordinates": [ 130.8328, -12.437 ] } },
{ "type": "Feature", "properties": { "decimalLatitude": -33.8722, "decimalLongitude": 151.2205, "month": 10, "species_sci": "Threskiornis molucca", "species_com": "Australian White Ibis" }, "geometry": { "type": "Point", "coordinates": [ 151.2205, -33.8722 ] } },
{ "type": "Feature", "properties": { "decimalLatitude": -33.863, "decimalLongitude": 151.2163, "month": 10, "species_sci": "Threskiornis molucca", "species_com": "Australian White Ibis" }, "geometry": { "type": "Point", "coordinates": [ 151.2163, -33.863 ] } },
{ "type": "Feature", "properties": { "decimalLatitude": -36.1394, "decimalLongitude": 146.9018, "month": 10, "species_sci": "Threskiornis molucca", "species_com": "Australian White Ibis" }, "geometry": { "type": "Point", "coordinates": [ 146.9018, -36.1394 ] } },
{ "type": "Feature", "properties": { "decimalLatitude": -34.4834, "decimalLongitude": 150.8517, "month": 10, "species_sci": "Threskiornis molucca", "species_com": "Australian White Ibis" }, "geometry": { "type": "Point", "coordinates": [ 150.8517, -34.4834 ] } },
{ "type": "Feature", "properties": { "decimalLatitude": -17.4532, "decimalLongitude": 140.8417, "month": 10, "species_sci": "Threskiornis molucca", "species_com": "Australian White Ibis" }, "geometry": { "type": "Point", "coordinates": [ 140.8417, -17.4532 ] } },
{ "type": "Feature", "properties": { "decimalLatitude": -37.0884, "decimalLongitude": 144.348, "month": 10, "species_sci": "Threskiornis molucca", "species_com": "Australian White Ibis" }, "geometry": { "type": "Point", "coordinates": [ 144.348, -37.0884 ] } },
{ "type": "Feature", "properties": { "decimalLatitude": -33.7828, "decimalLongitude": 151.2542, "month": 10, "species_sci": "Threskiornis molucca", "species_com": "Australian White Ibis" }, "geometry": { "type": "Point", "coordinates": [ 151.2542, -33.7828 ] } },
{ "type": "Feature", "properties": { "decimalLatitude": -33.8638, "decimalLongitude": 151.2129, "month": 10, "species_sci": "Threskiornis molucca", "species_com": "Australian White Ibis" }, "geometry": { "type": "Point", "coordinates": [ 151.2129, -33.8638 ] } },
{ "type": "Feature", "properties": { "decimalLatitude": -27.4761, "decimalLongitude": 153.03, "month": 10, "species_sci": "Threskiornis molucca", "species_com": "Australian White Ibis" }, "geometry": { "type": "Point", "coordinates": [ 153.03, -27.4761 ] } },
{ "type": "Feature", "properties": { "decimalLatitude": -33.8608, "decimalLongitude": 151.2161, "month": 10, "species_sci": "Threskiornis molucca", "species_com": "Australian White Ibis" }, "geometry": { "type": "Point", "coordinates": [ 151.2161, -33.8608 ] } },
{ "type": "Feature", "properties": { "decimalLatitude": -26.6536, "decimalLongitude": 153.0984, "month": 10, "species_sci": "Threskiornis molucca", "species_com": "Australian White Ibis" }, "geometry": { "type": "Point", "coordinates": [ 153.0984, -26.6536 ] } },
{ "type": "Feature", "properties": { "decimalLatitude": -37.6559, "decimalLongitude": 145.5116, "month": 10, "species_sci": "Threskiornis molucca", "species_com": "Australian White Ibis" }, "geometry": { "type": "Point", "coordinates": [ 145.5116, -37.6559 ] } },
{ "type": "Feature", "properties": { "decimalLatitude": -33.8859, "decimalLongitude": 151.2001, "month": 10, "species_sci": "Threskiornis molucca", "species_com": "Australian White Ibis" }, "geometry": { "type": "Point", "coordinates": [ 151.2001, -33.8859 ] } },
{ "type": "Feature", "properties": { "decimalLatitude": -37.835, "decimalLongitude": 144.9585, "month": 10, "species_sci": "Threskiornis molucca", "species_com": "Australian White Ibis" }, "geometry": { "type": "Point", "coordinates": [ 144.9585, -37.835 ] } },
{ "type": "Feature", "properties": { "decimalLatitude": -34.5005, "decimalLongitude": 150.8189, "month": 10, "species_sci": "Threskiornis molucca", "species_com": "Australian White Ibis" }, "geometry": { "type": "Point", "coordinates": [ 150.8189, -34.5005 ] } },
{ "type": "Feature", "properties": { "decimalLatitude": -37.5464, "decimalLongitude": 143.8241, "month": 10, "species_sci": "Threskiornis molucca", "species_com": "Australian White Ibis" }, "geometry": { "type": "Point", "coordinates": [ 143.8241, -37.5464 ] } },
{ "type": "Feature", "properties": { "decimalLatitude": -30.5047, "decimalLongitude": 153.0048, "month": 10, "species_sci": "Threskiornis molucca", "species_com": "Australian White Ibis" }, "geometry": { "type": "Point", "coordinates": [ 153.0048, -30.5047 ] } },
{ "type": "Feature", "properties": { "decimalLatitude": -31.9278, "decimalLongitude": 115.8907, "month": 10, "species_sci": "Threskiornis molucca", "species_com": "Australian White Ibis" }, "geometry": { "type": "Point", "coordinates": [ 115.8907, -31.9278 ] } },
{ "type": "Feature", "properties": { "decimalLatitude": -27.4447, "decimalLongitude": 153.0846, "month": 10, "species_sci": "Threskiornis molucca", "species_com": "Australian White Ibis" }, "geometry": { "type": "Point", "coordinates": [ 153.0846, -27.4447 ] } },
{ "type": "Feature", "properties": { "decimalLatitude": -33.8631, "decimalLongitude": 151.2147, "month": 10, "species_sci": "Threskiornis molucca", "species_com": "Australian White Ibis" }, "geometry": { "type": "Point", "coordinates": [ 151.2147, -33.8631 ] } },
{ "type": "Feature", "properties": { "decimalLatitude": -38.3086, "decimalLongitude": 145.0961, "month": 10, "species_sci": "Threskiornis molucca", "species_com": "Australian White Ibis" }, "geometry": { "type": "Point", "coordinates": [ 145.0961, -38.3086 ] } },
{ "type": "Feature", "properties": { "decimalLatitude": -31.9172, "decimalLongitude": 115.8004, "month": 10, "species_sci": "Threskiornis molucca", "species_com": "Australian White Ibis" }, "geometry": { "type": "Point", "coordinates": [ 115.8004, -31.9172 ] } },
{ "type": "Feature", "properties": { "decimalLatitude": -38.5219, "decimalLongitude": 145.3835, "month": 10, "species_sci": "Threskiornis molucca", "species_com": "Australian White Ibis" }, "geometry": { "type": "Point", "coordinates": [ 145.3835, -38.5219 ] } },
{ "type": "Feature", "properties": { "decimalLatitude": -36.3491, "decimalLongitude": 146.3271, "month": 10, "species_sci": "Threskiornis molucca", "species_com": "Australian White Ibis" }, "geometry": { "type": "Point", "coordinates": [ 146.3271, -36.3491 ] } },
{ "type": "Feature", "properties": { "decimalLatitude": -16.9101, "decimalLongitude": 145.7625, "month": 10, "species_sci": "Threskiornis molucca", "species_com": "Australian White Ibis" }, "geometry": { "type": "Point", "coordinates": [ 145.7625, -16.9101 ] } },
{ "type": "Feature", "properties": { "decimalLatitude": -32.9243, "decimalLongitude": 151.6619, "month": 10, "species_sci": "Threskiornis molucca", "species_com": "Australian White Ibis" }, "geometry": { "type": "Point", "coordinates": [ 151.6619, -32.9243 ] } },
{ "type": "Feature", "properties": { "decimalLatitude": -38.3999, "decimalLongitude": 145.1027, "month": 10, "species_sci": "Threskiornis molucca", "species_com": "Australian White Ibis" }, "geometry": { "type": "Point", "coordinates": [ 145.1027, -38.3999 ] } },
{ "type": "Feature", "properties": { "decimalLatitude": -37.8311, "decimalLongitude": 144.9067, "month": 10, "species_sci": "Threskiornis molucca", "species_com": "Australian White Ibis" }, "geometry": { "type": "Point", "coordinates": [ 144.9067, -37.8311 ] } },
{ "type": "Feature", "properties": { "decimalLatitude": -28.0896, "decimalLongitude": 153.4571, "month": 10, "species_sci": "Threskiornis molucca", "species_com": "Australian White Ibis" }, "geometry": { "type": "Point", "coordinates": [ 153.4571, -28.0896 ] } },
{ "type": "Feature", "properties": { "decimalLatitude": -26.9687, "decimalLongitude": 152.7719, "month": 10, "species_sci": "Threskiornis molucca", "species_com": "Australian White Ibis" }, "geometry": { "type": "Point", "coordinates": [ 152.7719, -26.9687 ] } },
{ "type": "Feature", "properties": { "decimalLatitude": -27.9119, "decimalLongitude": 153.2808, "month": 10, "species_sci": "Threskiornis molucca", "species_com": "Australian White Ibis" }, "geometry": { "type": "Point", "coordinates": [ 153.2808, -27.9119 ] } },
{ "type": "Feature", "properties": { "decimalLatitude": -37.8132, "decimalLongitude": 145.2379, "month": 10, "species_sci": "Threskiornis molucca", "species_com": "Australian White Ibis" }, "geometry": { "type": "Point", "coordinates": [ 145.2379, -37.8132 ] } },
{ "type": "Feature", "properties": { "decimalLatitude": -31.9047, "decimalLongitude": 115.9664, "month": 10, "species_sci": "Threskiornis molucca", "species_com": "Australian White Ibis" }, "geometry": { "type": "Point", "coordinates": [ 115.9664, -31.9047 ] } },
{ "type": "Feature", "properties": { "decimalLatitude": -33.2815, "decimalLongitude": 149.0862, "month": 10, "species_sci": "Threskiornis molucca", "species_com": "Australian White Ibis" }, "geometry": { "type": "Point", "coordinates": [ 149.0862, -33.2815 ] } },
{ "type": "Feature", "properties": { "decimalLatitude": -12.3901, "decimalLongitude": 130.9362, "month": 10, "species_sci": "Threskiornis molucca", "species_com": "Australian White Ibis" }, "geometry": { "type": "Point", "coordinates": [ 130.9362, -12.3901 ] } },
{ "type": "Feature", "properties": { "decimalLatitude": -38.6906, "decimalLongitude": 143.1566, "month": 10, "species_sci": "Threskiornis molucca", "species_com": "Australian White Ibis" }, "geometry": { "type": "Point", "coordinates": [ 143.1566, -38.6906 ] } },
{ "type": "Feature", "properties": { "decimalLatitude": -16.9186, "decimalLongitude": 145.777, "month": 10, "species_sci": "Threskiornis molucca", "species_com": "Australian White Ibis" }, "geometry": { "type": "Point", "coordinates": [ 145.777, -16.9186 ] } },
{ "type": "Feature", "properties": { "decimalLatitude": -27.4742, "decimalLongitude": 153.0306, "month": 10, "species_sci": "Threskiornis molucca", "species_com": "Australian White Ibis" }, "geometry": { "type": "Point", "coordinates": [ 153.0306, -27.4742 ] } },
{ "type": "Feature", "properties": { "decimalLatitude": -36.1231, "decimalLongitude": 146.8748, "month": 10, "species_sci": "Threskiornis molucca", "species_com": "Australian White Ibis" }, "geometry": { "type": "Point", "coordinates": [ 146.8748, -36.1231 ] } },
{ "type": "Feature", "properties": { "decimalLatitude": -34.4985, "decimalLongitude": 150.8743, "month": 10, "species_sci": "Threskiornis molucca", "species_com": "Australian White Ibis" }, "geometry": { "type": "Point", "coordinates": [ 150.8743, -34.4985 ] } },
{ "type": "Feature", "properties": { "decimalLatitude": -37.843, "decimalLongitude": 144.9633, "month": 10, "species_sci": "Threskiornis molucca", "species_com": "Australian White Ibis" }, "geometry": { "type": "Point", "coordinates": [ 144.9633, -37.843 ] } },
{ "type": "Feature", "properties": { "decimalLatitude": -16.9076, "decimalLongitude": 145.7652, "month": 10, "species_sci": "Threskiornis molucca", "species_com": "Australian White Ibis" }, "geometry": { "type": "Point", "coordinates": [ 145.7652, -16.9076 ] } },
{ "type": "Feature", "properties": { "decimalLatitude": -35.5211, "decimalLongitude": 138.7887, "month": 10, "species_sci": "Threskiornis molucca", "species_com": "Australian White Ibis" }, "geometry": { "type": "Point", "coordinates": [ 138.7887, -35.5211 ] } },
{ "type": "Feature", "properties": { "decimalLatitude": -34.1446, "decimalLongitude": 151.053, "month": 10, "species_sci": "Threskiornis molucca", "species_com": "Australian White Ibis" }, "geometry": { "type": "Point", "coordinates": [ 151.053, -34.1446 ] } },
{ "type": "Feature", "properties": { "decimalLatitude": -35.8193, "decimalLongitude": 144.9125, "month": 10, "species_sci": "Threskiornis molucca", "species_com": "Australian White Ibis" }, "geometry": { "type": "Point", "coordinates": [ 144.9125, -35.8193 ] } },
{ "type": "Feature", "properties": { "decimalLatitude": -27.0923, "decimalLongitude": 153.1646, "month": 10, "species_sci": "Threskiornis molucca", "species_com": "Australian White Ibis" }, "geometry": { "type": "Point", "coordinates": [ 153.1646, -27.0923 ] } },
{ "type": "Feature", "properties": { "decimalLatitude": -36.0707, "decimalLongitude": 146.8553, "month": 10, "species_sci": "Threskiornis molucca", "species_com": "Australian White Ibis" }, "geometry": { "type": "Point", "coordinates": [ 146.8553, -36.0707 ] } },
{ "type": "Feature", "properties": { "decimalLatitude": -27.4503, "decimalLongitude": 153.0203, "month": 10, "species_sci": "Threskiornis molucca", "species_com": "Australian White Ibis" }, "geometry": { "type": "Point", "coordinates": [ 153.0203, -27.4503 ] } },
{ "type": "Feature", "properties": { "decimalLatitude": -35.1549, "decimalLongitude": 138.7585, "month": 10, "species_sci": "Threskiornis molucca", "species_com": "Australian White Ibis" }, "geometry": { "type": "Point", "coordinates": [ 138.7585, -35.1549 ] } },
{ "type": "Feature", "properties": { "decimalLatitude": -38.4377, "decimalLongitude": 145.3154, "month": 10, "species_sci": "Threskiornis molucca", "species_com": "Australian White Ibis" }, "geometry": { "type": "Point", "coordinates": [ 145.3154, -38.4377 ] } },
{ "type": "Feature", "properties": { "decimalLatitude": -34.9174, "decimalLongitude": 138.608, "month": 10, "species_sci": "Threskiornis molucca", "species_com": "Australian White Ibis" }, "geometry": { "type": "Point", "coordinates": [ 138.608, -34.9174 ] } },
{ "type": "Feature", "properties": { "decimalLatitude": -33.8625, "decimalLongitude": 151.2155, "month": 10, "species_sci": "Threskiornis molucca", "species_com": "Australian White Ibis" }, "geometry": { "type": "Point", "coordinates": [ 151.2155, -33.8625 ] } },
{ "type": "Feature", "properties": { "decimalLatitude": -12.4124, "decimalLongitude": 130.8302, "month": 10, "species_sci": "Threskiornis molucca", "species_com": "Australian White Ibis" }, "geometry": { "type": "Point", "coordinates": [ 130.8302, -12.4124 ] } },
{ "type": "Feature", "properties": { "decimalLatitude": -33.9332, "decimalLongitude": 151.2481, "month": 10, "species_sci": "Threskiornis molucca", "species_com": "Australian White Ibis" }, "geometry": { "type": "Point", "coordinates": [ 151.2481, -33.9332 ] } },
{ "type": "Feature", "properties": { "decimalLatitude": -35.3165, "decimalLongitude": 149.1626, "month": 10, "species_sci": "Threskiornis molucca", "species_com": "Australian White Ibis" }, "geometry": { "type": "Point", "coordinates": [ 149.1626, -35.3165 ] } },
{ "type": "Feature", "properties": { "decimalLatitude": -37.6581, "decimalLongitude": 144.971, "month": 10, "species_sci": "Threskiornis molucca", "species_com": "Australian White Ibis" }, "geometry": { "type": "Point", "coordinates": [ 144.971, -37.6581 ] } },
{ "type": "Feature", "properties": { "decimalLatitude": -33.9604, "decimalLongitude": 151.1433, "month": 10, "species_sci": "Threskiornis molucca", "species_com": "Australian White Ibis" }, "geometry": { "type": "Point", "coordinates": [ 151.1433, -33.9604 ] } },
{ "type": "Feature", "properties": { "decimalLatitude": -27.4624, "decimalLongitude": 153.0173, "month": 10, "species_sci": "Threskiornis molucca", "species_com": "Australian White Ibis" }, "geometry": { "type": "Point", "coordinates": [ 153.0173, -27.4624 ] } },
{ "type": "Feature", "properties": { "decimalLatitude": -23.624, "decimalLongitude": 150.7174, "month": 10, "species_sci": "Threskiornis molucca", "species_com": "Australian White Ibis" }, "geometry": { "type": "Point", "coordinates": [ 150.7174, -23.624 ] } },
{ "type": "Feature", "properties": { "decimalLatitude": -33.9604, "decimalLongitude": 151.1433, "month": 10, "species_sci": "Threskiornis molucca", "species_com": "Australian White Ibis" }, "geometry": { "type": "Point", "coordinates": [ 151.1433, -33.9604 ] } },
{ "type": "Feature", "properties": { "decimalLatitude": -27.9391, "decimalLongitude": 153.3491, "month": 10, "species_sci": "Threskiornis molucca", "species_com": "Australian White Ibis" }, "geometry": { "type": "Point", "coordinates": [ 153.3491, -27.9391 ] } },
{ "type": "Feature", "properties": { "decimalLatitude": -35.3159, "decimalLongitude": 149.1641, "month": 10, "species_sci": "Threskiornis molucca", "species_com": "Australian White Ibis" }, "geometry": { "type": "Point", "coordinates": [ 149.1641, -35.3159 ] } },
{ "type": "Feature", "properties": { "decimalLatitude": -33.8636, "decimalLongitude": 151.2058, "month": 10, "species_sci": "Threskiornis molucca", "species_com": "Australian White Ibis" }, "geometry": { "type": "Point", "coordinates": [ 151.2058, -33.8636 ] } },
{ "type": "Feature", "properties": { "decimalLatitude": -31.9607, "decimalLongitude": 115.8447, "month": 10, "species_sci": "Threskiornis molucca", "species_com": "Australian White Ibis" }, "geometry": { "type": "Point", "coordinates": [ 115.8447, -31.9607 ] } },
{ "type": "Feature", "properties": { "decimalLatitude": -16.919, "decimalLongitude": 145.7775, "month": 10, "species_sci": "Threskiornis molucca", "species_com": "Australian White Ibis" }, "geometry": { "type": "Point", "coordinates": [ 145.7775, -16.919 ] } },
{ "type": "Feature", "properties": { "decimalLatitude": -34.9158, "decimalLongitude": 138.6117, "month": 10, "species_sci": "Threskiornis molucca", "species_com": "Australian White Ibis" }, "geometry": { "type": "Point", "coordinates": [ 138.6117, -34.9158 ] } },
{ "type": "Feature", "properties": { "decimalLatitude": -33.9425, "decimalLongitude": 150.852, "month": 10, "species_sci": "Threskiornis molucca", "species_com": "Australian White Ibis" }, "geometry": { "type": "Point", "coordinates": [ 150.852, -33.9425 ] } },
{ "type": "Feature", "properties": { "decimalLatitude": -34.4801, "decimalLongitude": 150.8084, "month": 10, "species_sci": "Threskiornis molucca", "species_com": "Australian White Ibis" }, "geometry": { "type": "Point", "coordinates": [ 150.8084, -34.4801 ] } },
{ "type": "Feature", "properties": { "decimalLatitude": -31.9324, "decimalLongitude": 115.8511, "month": 10, "species_sci": "Threskiornis molucca", "species_com": "Australian White Ibis" }, "geometry": { "type": "Point", "coordinates": [ 115.8511, -31.9324 ] } },
{ "type": "Feature", "properties": { "decimalLatitude": -23.3981, "decimalLongitude": 150.4895, "month": 10, "species_sci": "Threskiornis molucca", "species_com": "Australian White Ibis" }, "geometry": { "type": "Point", "coordinates": [ 150.4895, -23.3981 ] } },
{ "type": "Feature", "properties": { "decimalLatitude": -30.2873, "decimalLongitude": 153.1373, "month": 10, "species_sci": "Threskiornis molucca", "species_com": "Australian White Ibis" }, "geometry": { "type": "Point", "coordinates": [ 153.1373, -30.2873 ] } },
{ "type": "Feature", "properties": { "decimalLatitude": -33.9604, "decimalLongitude": 151.1433, "month": 10, "species_sci": "Threskiornis molucca", "species_com": "Australian White Ibis" }, "geometry": { "type": "Point", "coordinates": [ 151.1433, -33.9604 ] } },
{ "type": "Feature", "properties": { "decimalLatitude": -33.8642, "decimalLongitude": 151.2166, "month": 10, "species_sci": "Threskiornis molucca", "species_com": "Australian White Ibis" }, "geometry": { "type": "Point", "coordinates": [ 151.2166, -33.8642 ] } },
{ "type": "Feature", "properties": { "decimalLatitude": -15.6978, "decimalLongitude": 145.225, "month": 10, "species_sci": "Threskiornis molucca", "species_com": "Australian White Ibis" }, "geometry": { "type": "Point", "coordinates": [ 145.225, -15.6978 ] } },
{ "type": "Feature", "properties": { "decimalLatitude": -26.2349, "decimalLongitude": 152.6398, "month": 10, "species_sci": "Threskiornis molucca", "species_com": "Australian White Ibis" }, "geometry": { "type": "Point", "coordinates": [ 152.6398, -26.2349 ] } },
{ "type": "Feature", "properties": { "decimalLatitude": -38.6907, "decimalLongitude": 143.1564, "month": 10, "species_sci": "Threskiornis molucca", "species_com": "Australian White Ibis" }, "geometry": { "type": "Point", "coordinates": [ 143.1564, -38.6907 ] } },
{ "type": "Feature", "properties": { "decimalLatitude": -38.1582, "decimalLongitude": 145.9349, "month": 10, "species_sci": "Threskiornis molucca", "species_com": "Australian White Ibis" }, "geometry": { "type": "Point", "coordinates": [ 145.9349, -38.1582 ] } },
{ "type": "Feature", "properties": { "decimalLatitude": -27.0476, "decimalLongitude": 153.1087, "month": 10, "species_sci": "Threskiornis molucca", "species_com": "Australian White Ibis" }, "geometry": { "type": "Point", "coordinates": [ 153.1087, -27.0476 ] } },
{ "type": "Feature", "properties": { "decimalLatitude": -38.524, "decimalLongitude": 145.3652, "month": 10, "species_sci": "Threskiornis molucca", "species_com": "Australian White Ibis" }, "geometry": { "type": "Point", "coordinates": [ 145.3652, -38.524 ] } },
{ "type": "Feature", "properties": { "decimalLatitude": -24.8672, "decimalLongitude": 152.3707, "month": 10, "species_sci": "Threskiornis molucca", "species_com": "Australian White Ibis" }, "geometry": { "type": "Point", "coordinates": [ 152.3707, -24.8672 ] } },
{ "type": "Feature", "properties": { "decimalLatitude": -27.4785, "decimalLongitude": 153.0296, "month": 10, "species_sci": "Threskiornis molucca", "species_com": "Australian White Ibis" }, "geometry": { "type": "Point", "coordinates": [ 153.0296, -27.4785 ] } },
{ "type": "Feature", "properties": { "decimalLatitude": -33.1062, "decimalLongitude": 151.486, "month": 10, "species_sci": "Threskiornis molucca", "species_com": "Australian White Ibis" }, "geometry": { "type": "Point", "coordinates": [ 151.486, -33.1062 ] } },
{ "type": "Feature", "properties": { "decimalLatitude": -27.4973, "decimalLongitude": 153.0163, "month": 10, "species_sci": "Threskiornis molucca", "species_com": "Australian White Ibis" }, "geometry": { "type": "Point", "coordinates": [ 153.0163, -27.4973 ] } },
{ "type": "Feature", "properties": { "decimalLatitude": -27.2445, "decimalLongitude": 153.0266, "month": 10, "species_sci": "Threskiornis molucca", "species_com": "Australian White Ibis" }, "geometry": { "type": "Point", "coordinates": [ 153.0266, -27.2445 ] } },
{ "type": "Feature", "properties": { "decimalLatitude": -36.8354, "decimalLongitude": 144.4668, "month": 10, "species_sci": "Threskiornis molucca", "species_com": "Australian White Ibis" }, "geometry": { "type": "Point", "coordinates": [ 144.4668, -36.8354 ] } },
{ "type": "Feature", "properties": { "decimalLatitude": -25.0811, "decimalLongitude": 152.5416, "month": 10, "species_sci": "Threskiornis molucca", "species_com": "Australian White Ibis" }, "geometry": { "type": "Point", "coordinates": [ 152.5416, -25.0811 ] } },
{ "type": "Feature", "properties": { "decimalLatitude": -30.7414, "decimalLongitude": 121.4536, "month": 10, "species_sci": "Threskiornis molucca", "species_com": "Australian White Ibis" }, "geometry": { "type": "Point", "coordinates": [ 121.4536, -30.7414 ] } },
{ "type": "Feature", "properties": { "decimalLatitude": -27.5406, "decimalLongitude": 152.9949, "month": 10, "species_sci": "Threskiornis molucca", "species_com": "Australian White Ibis" }, "geometry": { "type": "Point", "coordinates": [ 152.9949, -27.5406 ] } },
{ "type": "Feature", "properties": { "decimalLatitude": -37.5348, "decimalLongitude": 145.1268, "month": 10, "species_sci": "Threskiornis molucca", "species_com": "Australian White Ibis" }, "geometry": { "type": "Point", "coordinates": [ 145.1268, -37.5348 ] } },
{ "type": "Feature", "properties": { "decimalLatitude": -33.8978, "decimalLongitude": 151.2324, "month": 10, "species_sci": "Threskiornis molucca", "species_com": "Australian White Ibis" }, "geometry": { "type": "Point", "coordinates": [ 151.2324, -33.8978 ] } },
{ "type": "Feature", "properties": { "decimalLatitude": -35.0167, "decimalLongitude": 117.9113, "month": 10, "species_sci": "Threskiornis molucca", "species_com": "Australian White Ibis" }, "geometry": { "type": "Point", "coordinates": [ 117.9113, -35.0167 ] } },
{ "type": "Feature", "properties": { "decimalLatitude": -33.8607, "decimalLongitude": 151.209, "month": 10, "species_sci": "Threskiornis molucca", "species_com": "Australian White Ibis" }, "geometry": { "type": "Point", "coordinates": [ 151.209, -33.8607 ] } },
{ "type": "Feature", "properties": { "decimalLatitude": -19.2722, "decimalLongitude": 146.8256, "month": 10, "species_sci": "Threskiornis molucca", "species_com": "Australian White Ibis" }, "geometry": { "type": "Point", "coordinates": [ 146.8256, -19.2722 ] } },
{ "type": "Feature", "properties": { "decimalLatitude": -35.3165, "decimalLongitude": 149.1623, "month": 10, "species_sci": "Threskiornis molucca", "species_com": "Australian White Ibis" }, "geometry": { "type": "Point", "coordinates": [ 149.1623, -35.3165 ] } },
{ "type": "Feature", "properties": { "decimalLatitude": -33.8604, "decimalLongitude": 151.2094, "month": 10, "species_sci": "Threskiornis molucca", "species_com": "Australian White Ibis" }, "geometry": { "type": "Point", "coordinates": [ 151.2094, -33.8604 ] } },
{ "type": "Feature", "properties": { "decimalLatitude": -16.9423, "decimalLongitude": 145.6613, "month": 10, "species_sci": "Threskiornis molucca", "species_com": "Australian White Ibis" }, "geometry": { "type": "Point", "coordinates": [ 145.6613, -16.9423 ] } },
{ "type": "Feature", "properties": { "decimalLatitude": -33.8732, "decimalLongitude": 151.2118, "month": 10, "species_sci": "Threskiornis molucca", "species_com": "Australian White Ibis" }, "geometry": { "type": "Point", "coordinates": [ 151.2118, -33.8732 ] } },
{ "type": "Feature", "properties": { "decimalLatitude": -33.6913, "decimalLongitude": 150.9236, "month": 10, "species_sci": "Threskiornis molucca", "species_com": "Australian White Ibis" }, "geometry": { "type": "Point", "coordinates": [ 150.9236, -33.6913 ] } },
{ "type": "Feature", "properties": { "decimalLatitude": -27.4695, "decimalLongitude": 153.0179, "month": 10, "species_sci": "Threskiornis molucca", "species_com": "Australian White Ibis" }, "geometry": { "type": "Point", "coordinates": [ 153.0179, -27.4695 ] } },
{ "type": "Feature", "properties": { "decimalLatitude": -33.8821, "decimalLongitude": 151.2038, "month": 10, "species_sci": "Threskiornis molucca", "species_com": "Australian White Ibis" }, "geometry": { "type": "Point", "coordinates": [ 151.2038, -33.8821 ] } },
{ "type": "Feature", "properties": { "decimalLatitude": -27.4671, "decimalLongitude": 153.2405, "month": 10, "species_sci": "Threskiornis molucca", "species_com": "Australian White Ibis" }, "geometry": { "type": "Point", "coordinates": [ 153.2405, -27.4671 ] } },
{ "type": "Feature", "properties": { "decimalLatitude": -37.8608, "decimalLongitude": 144.8409, "month": 10, "species_sci": "Threskiornis molucca", "species_com": "Australian White Ibis" }, "geometry": { "type": "Point", "coordinates": [ 144.8409, -37.8608 ] } },
{ "type": "Feature", "properties": { "decimalLatitude": -33.9222, "decimalLongitude": 151.039, "month": 10, "species_sci": "Threskiornis molucca", "species_com": "Australian White Ibis" }, "geometry": { "type": "Point", "coordinates": [ 151.039, -33.9222 ] } },
{ "type": "Feature", "properties": { "decimalLatitude": -36.9558, "decimalLongitude": 140.7298, "month": 10, "species_sci": "Threskiornis molucca", "species_com": "Australian White Ibis" }, "geometry": { "type": "Point", "coordinates": [ 140.7298, -36.9558 ] } },
{ "type": "Feature", "properties": { "decimalLatitude": -33.8646, "decimalLongitude": 151.217, "month": 10, "species_sci": "Threskiornis molucca", "species_com": "Australian White Ibis" }, "geometry": { "type": "Point", "coordinates": [ 151.217, -33.8646 ] } },
{ "type": "Feature", "properties": { "decimalLatitude": -34.5344, "decimalLongitude": 150.7921, "month": 10, "species_sci": "Threskiornis molucca", "species_com": "Australian White Ibis" }, "geometry": { "type": "Point", "coordinates": [ 150.7921, -34.5344 ] } },
{ "type": "Feature", "properties": { "decimalLatitude": -27.2187, "decimalLongitude": 153.0296, "month": 10, "species_sci": "Threskiornis molucca", "species_com": "Australian White Ibis" }, "geometry": { "type": "Point", "coordinates": [ 153.0296, -27.2187 ] } },
{ "type": "Feature", "properties": { "decimalLatitude": -33.952, "decimalLongitude": 150.8737, "month": 10, "species_sci": "Threskiornis molucca", "species_com": "Australian White Ibis" }, "geometry": { "type": "Point", "coordinates": [ 150.8737, -33.952 ] } },
{ "type": "Feature", "properties": { "decimalLatitude": -16.8231, "decimalLongitude": 145.792, "month": 10, "species_sci": "Threskiornis molucca", "species_com": "Australian White Ibis" }, "geometry": { "type": "Point", "coordinates": [ 145.792, -16.8231 ] } },
{ "type": "Feature", "properties": { "decimalLatitude": -27.6652, "decimalLongitude": 153.0774, "month": 10, "species_sci": "Threskiornis molucca", "species_com": "Australian White Ibis" }, "geometry": { "type": "Point", "coordinates": [ 153.0774, -27.6652 ] } },
{ "type": "Feature", "properties": { "decimalLatitude": -33.8626, "decimalLongitude": 151.212, "month": 10, "species_sci": "Threskiornis molucca", "species_com": "Australian White Ibis" }, "geometry": { "type": "Point", "coordinates": [ 151.212, -33.8626 ] } },
{ "type": "Feature", "properties": { "decimalLatitude": -33.8625, "decimalLongitude": 151.2156, "month": 10, "species_sci": "Threskiornis molucca", "species_com": "Australian White Ibis" }, "geometry": { "type": "Point", "coordinates": [ 151.2156, -33.8625 ] } },
{ "type": "Feature", "properties": { "decimalLatitude": -37.7922, "decimalLongitude": 144.8256, "month": 10, "species_sci": "Threskiornis molucca", "species_com": "Australian White Ibis" }, "geometry": { "type": "Point", "coordinates": [ 144.8256, -37.7922 ] } },
{ "type": "Feature", "properties": { "decimalLatitude": -17.9794, "decimalLongitude": 122.224, "month": 10, "species_sci": "Threskiornis molucca", "species_com": "Australian White Ibis" }, "geometry": { "type": "Point", "coordinates": [ 122.224, -17.9794 ] } },
{ "type": "Feature", "properties": { "decimalLatitude": -28.6469, "decimalLongitude": 153.6082, "month": 10, "species_sci": "Threskiornis molucca", "species_com": "Australian White Ibis" }, "geometry": { "type": "Point", "coordinates": [ 153.6082, -28.6469 ] } },
{ "type": "Feature", "properties": { "decimalLatitude": -31.9288, "decimalLongitude": 115.8049, "month": 10, "species_sci": "Threskiornis molucca", "species_com": "Australian White Ibis" }, "geometry": { "type": "Point", "coordinates": [ 115.8049, -31.9288 ] } },
{ "type": "Feature", "properties": { "decimalLatitude": -35.7782, "decimalLongitude": 137.7657, "month": 10, "species_sci": "Threskiornis molucca", "species_com": "Australian White Ibis" }, "geometry": { "type": "Point", "coordinates": [ 137.7657, -35.7782 ] } },
{ "type": "Feature", "properties": { "decimalLatitude": -37.6185, "decimalLongitude": 145.1542, "month": 10, "species_sci": "Threskiornis molucca", "species_com": "Australian White Ibis" }, "geometry": { "type": "Point", "coordinates": [ 145.1542, -37.6185 ] } },
{ "type": "Feature", "properties": { "decimalLatitude": -33.9285, "decimalLongitude": 151.1863, "month": 10, "species_sci": "Threskiornis molucca", "species_com": "Australian White Ibis" }, "geometry": { "type": "Point", "coordinates": [ 151.1863, -33.9285 ] } },
{ "type": "Feature", "properties": { "decimalLatitude": -37.552, "decimalLongitude": 143.8237, "month": 11, "species_sci": "Threskiornis molucca", "species_com": "Australian White Ibis" }, "geometry": { "type": "Point", "coordinates": [ 143.8237, -37.552 ] } },
{ "type": "Feature", "properties": { "decimalLatitude": -37.8311, "decimalLongitude": 144.9759, "month": 11, "species_sci": "Threskiornis molucca", "species_com": "Australian White Ibis" }, "geometry": { "type": "Point", "coordinates": [ 144.9759, -37.8311 ] } },
{ "type": "Feature", "properties": { "decimalLatitude": -28.0537, "decimalLongitude": 153.4966, "month": 11, "species_sci": "Threskiornis molucca", "species_com": "Australian White Ibis" }, "geometry": { "type": "Point", "coordinates": [ 153.4966, -28.0537 ] } },
{ "type": "Feature", "properties": { "decimalLatitude": -16.9037, "decimalLongitude": 145.7658, "month": 11, "species_sci": "Threskiornis molucca", "species_com": "Australian White Ibis" }, "geometry": { "type": "Point", "coordinates": [ 145.7658, -16.9037 ] } },
{ "type": "Feature", "properties": { "decimalLatitude": -38.4508, "decimalLongitude": 145.2249, "month": 11, "species_sci": "Threskiornis molucca", "species_com": "Australian White Ibis" }, "geometry": { "type": "Point", "coordinates": [ 145.2249, -38.4508 ] } },
{ "type": "Feature", "properties": { "decimalLatitude": -33.8118, "decimalLongitude": 151.1039, "month": 11, "species_sci": "Threskiornis molucca", "species_com": "Australian White Ibis" }, "geometry": { "type": "Point", "coordinates": [ 151.1039, -33.8118 ] } },
{ "type": "Feature", "properties": { "decimalLatitude": -34.7974, "decimalLongitude": 138.7007, "month": 11, "species_sci": "Threskiornis molucca", "species_com": "Australian White Ibis" }, "geometry": { "type": "Point", "coordinates": [ 138.7007, -34.7974 ] } },
{ "type": "Feature", "properties": { "decimalLatitude": -37.8989, "decimalLongitude": 145.2038, "month": 11, "species_sci": "Threskiornis molucca", "species_com": "Australian White Ibis" }, "geometry": { "type": "Point", "coordinates": [ 145.2038, -37.8989 ] } },
{ "type": "Feature", "properties": { "decimalLatitude": -27.5632, "decimalLongitude": 153.0981, "month": 11, "species_sci": "Threskiornis molucca", "species_com": "Australian White Ibis" }, "geometry": { "type": "Point", "coordinates": [ 153.0981, -27.5632 ] } },
{ "type": "Feature", "properties": { "decimalLatitude": -30.8882, "decimalLongitude": 153.0335, "month": 11, "species_sci": "Threskiornis molucca", "species_com": "Australian White Ibis" }, "geometry": { "type": "Point", "coordinates": [ 153.0335, -30.8882 ] } },
{ "type": "Feature", "properties": { "decimalLatitude": -27.5279, "decimalLongitude": 153.0268, "month": 11, "species_sci": "Threskiornis molucca", "species_com": "Australian White Ibis" }, "geometry": { "type": "Point", "coordinates": [ 153.0268, -27.5279 ] } },
{ "type": "Feature", "properties": { "decimalLatitude": -34.5441, "decimalLongitude": 150.7957, "month": 11, "species_sci": "Threskiornis molucca", "species_com": "Australian White Ibis" }, "geometry": { "type": "Point", "coordinates": [ 150.7957, -34.5441 ] } },
{ "type": "Feature", "properties": { "decimalLatitude": -27.4702, "decimalLongitude": 153.0288, "month": 11, "species_sci": "Threskiornis molucca", "species_com": "Australian White Ibis" }, "geometry": { "type": "Point", "coordinates": [ 153.0288, -27.4702 ] } },
{ "type": "Feature", "properties": { "decimalLatitude": -33.9423, "decimalLongitude": 150.8547, "month": 11, "species_sci": "Threskiornis molucca", "species_com": "Australian White Ibis" }, "geometry": { "type": "Point", "coordinates": [ 150.8547, -33.9423 ] } },
{ "type": "Feature", "properties": { "decimalLatitude": -33.8187, "decimalLongitude": 151.0454, "month": 11, "species_sci": "Threskiornis molucca", "species_com": "Australian White Ibis" }, "geometry": { "type": "Point", "coordinates": [ 151.0454, -33.8187 ] } },
{ "type": "Feature", "properties": { "decimalLatitude": -17.1861, "decimalLongitude": 126.243, "month": 11, "species_sci": "Threskiornis molucca", "species_com": "Australian White Ibis" }, "geometry": { "type": "Point", "coordinates": [ 126.243, -17.1861 ] } },
{ "type": "Feature", "properties": { "decimalLatitude": -28.0892, "decimalLongitude": 153.3713, "month": 11, "species_sci": "Threskiornis molucca", "species_com": "Australian White Ibis" }, "geometry": { "type": "Point", "coordinates": [ 153.3713, -28.0892 ] } },
{ "type": "Feature", "properties": { "decimalLatitude": -33.9352, "decimalLongitude": 151.1501, "month": 11, "species_sci": "Threskiornis molucca", "species_com": "Australian White Ibis" }, "geometry": { "type": "Point", "coordinates": [ 151.1501, -33.9352 ] } },
{ "type": "Feature", "properties": { "decimalLatitude": -34.7497, "decimalLongitude": 138.6738, "month": 11, "species_sci": "Threskiornis molucca", "species_com": "Australian White Ibis" }, "geometry": { "type": "Point", "coordinates": [ 138.6738, -34.7497 ] } },
{ "type": "Feature", "properties": { "decimalLatitude": -27.5176, "decimalLongitude": 152.9633, "month": 11, "species_sci": "Threskiornis molucca", "species_com": "Australian White Ibis" }, "geometry": { "type": "Point", "coordinates": [ 152.9633, -27.5176 ] } },
{ "type": "Feature", "properties": { "decimalLatitude": -33.6966, "decimalLongitude": 150.931, "month": 11, "species_sci": "Threskiornis molucca", "species_com": "Australian White Ibis" }, "geometry": { "type": "Point", "coordinates": [ 150.931, -33.6966 ] } },
{ "type": "Feature", "properties": { "decimalLatitude": -38.0567, "decimalLongitude": 145.5036, "month": 11, "species_sci": "Threskiornis molucca", "species_com": "Australian White Ibis" }, "geometry": { "type": "Point", "coordinates": [ 145.5036, -38.0567 ] } },
{ "type": "Feature", "properties": { "decimalLatitude": -37.8246, "decimalLongitude": 145.1656, "month": 11, "species_sci": "Threskiornis molucca", "species_com": "Australian White Ibis" }, "geometry": { "type": "Point", "coordinates": [ 145.1656, -37.8246 ] } },
{ "type": "Feature", "properties": { "decimalLatitude": -31.9146, "decimalLongitude": 115.8102, "month": 11, "species_sci": "Threskiornis molucca", "species_com": "Australian White Ibis" }, "geometry": { "type": "Point", "coordinates": [ 115.8102, -31.9146 ] } },
{ "type": "Feature", "properties": { "decimalLatitude": -34.8804, "decimalLongitude": 150.677, "month": 11, "species_sci": "Threskiornis molucca", "species_com": "Australian White Ibis" }, "geometry": { "type": "Point", "coordinates": [ 150.677, -34.8804 ] } },
{ "type": "Feature", "properties": { "decimalLatitude": -27.0824, "decimalLongitude": 153.1583, "month": 11, "species_sci": "Threskiornis molucca", "species_com": "Australian White Ibis" }, "geometry": { "type": "Point", "coordinates": [ 153.1583, -27.0824 ] } },
{ "type": "Feature", "properties": { "decimalLatitude": -34.9138, "decimalLongitude": 138.6059, "month": 11, "species_sci": "Threskiornis molucca", "species_com": "Australian White Ibis" }, "geometry": { "type": "Point", "coordinates": [ 138.6059, -34.9138 ] } },
{ "type": "Feature", "properties": { "decimalLatitude": -37.6609, "decimalLongitude": 145.5303, "month": 11, "species_sci": "Threskiornis molucca", "species_com": "Australian White Ibis" }, "geometry": { "type": "Point", "coordinates": [ 145.5303, -37.6609 ] } },
{ "type": "Feature", "properties": { "decimalLatitude": -38.3919, "decimalLongitude": 142.2437, "month": 11, "species_sci": "Threskiornis molucca", "species_com": "Australian White Ibis" }, "geometry": { "type": "Point", "coordinates": [ 142.2437, -38.3919 ] } },
{ "type": "Feature", "properties": { "decimalLatitude": -34.4101, "decimalLongitude": 150.8753, "month": 11, "species_sci": "Threskiornis molucca", "species_com": "Australian White Ibis" }, "geometry": { "type": "Point", "coordinates": [ 150.8753, -34.4101 ] } },
{ "type": "Feature", "properties": { "decimalLatitude": -32.8738, "decimalLongitude": 151.6956, "month": 11, "species_sci": "Threskiornis molucca", "species_com": "Australian White Ibis" }, "geometry": { "type": "Point", "coordinates": [ 151.6956, -32.8738 ] } },
{ "type": "Feature", "properties": { "decimalLatitude": -32.0556, "decimalLongitude": 115.8948, "month": 11, "species_sci": "Threskiornis molucca", "species_com": "Australian White Ibis" }, "geometry": { "type": "Point", "coordinates": [ 115.8948, -32.0556 ] } },
{ "type": "Feature", "properties": { "decimalLatitude": -32.5505, "decimalLongitude": 115.7085, "month": 11, "species_sci": "Threskiornis molucca", "species_com": "Australian White Ibis" }, "geometry": { "type": "Point", "coordinates": [ 115.7085, -32.5505 ] } },
{ "type": "Feature", "properties": { "decimalLatitude": -34.5044, "decimalLongitude": 150.8743, "month": 11, "species_sci": "Threskiornis molucca", "species_com": "Australian White Ibis" }, "geometry": { "type": "Point", "coordinates": [ 150.8743, -34.5044 ] } },
{ "type": "Feature", "properties": { "decimalLatitude": -37.8255, "decimalLongitude": 145.1624, "month": 11, "species_sci": "Threskiornis molucca", "species_com": "Australian White Ibis" }, "geometry": { "type": "Point", "coordinates": [ 145.1624, -37.8255 ] } },
{ "type": "Feature", "properties": { "decimalLatitude": -37.5604, "decimalLongitude": 145.1245, "month": 11, "species_sci": "Threskiornis molucca", "species_com": "Australian White Ibis" }, "geometry": { "type": "Point", "coordinates": [ 145.1245, -37.5604 ] } },
{ "type": "Feature", "properties": { "decimalLatitude": -33.872, "decimalLongitude": 151.211, "month": 11, "species_sci": "Threskiornis molucca", "species_com": "Australian White Ibis" }, "geometry": { "type": "Point", "coordinates": [ 151.211, -33.872 ] } },
{ "type": "Feature", "properties": { "decimalLatitude": -33.7728, "decimalLongitude": 151.1109, "month": 11, "species_sci": "Threskiornis molucca", "species_com": "Australian White Ibis" }, "geometry": { "type": "Point", "coordinates": [ 151.1109, -33.7728 ] } },
{ "type": "Feature", "properties": { "decimalLatitude": -34.9342, "decimalLongitude": 138.5099, "month": 11, "species_sci": "Threskiornis molucca", "species_com": "Australian White Ibis" }, "geometry": { "type": "Point", "coordinates": [ 138.5099, -34.9342 ] } },
{ "type": "Feature", "properties": { "decimalLatitude": -33.8641, "decimalLongitude": 151.2174, "month": 11, "species_sci": "Threskiornis molucca", "species_com": "Australian White Ibis" }, "geometry": { "type": "Point", "coordinates": [ 151.2174, -33.8641 ] } },
{ "type": "Feature", "properties": { "decimalLatitude": -12.4653, "decimalLongitude": 130.8447, "month": 11, "species_sci": "Threskiornis molucca", "species_com": "Australian White Ibis" }, "geometry": { "type": "Point", "coordinates": [ 130.8447, -12.4653 ] } },
{ "type": "Feature", "properties": { "decimalLatitude": -32.8728, "decimalLongitude": 151.6928, "month": 11, "species_sci": "Threskiornis molucca", "species_com": "Australian White Ibis" }, "geometry": { "type": "Point", "coordinates": [ 151.6928, -32.8728 ] } },
{ "type": "Feature", "properties": { "decimalLatitude": -33.876, "decimalLongitude": 151.2106, "month": 11, "species_sci": "Threskiornis molucca", "species_com": "Australian White Ibis" }, "geometry": { "type": "Point", "coordinates": [ 151.2106, -33.876 ] } },
{ "type": "Feature", "properties": { "decimalLatitude": -33.8714, "decimalLongitude": 151.1802, "month": 11, "species_sci": "Threskiornis molucca", "species_com": "Australian White Ibis" }, "geometry": { "type": "Point", "coordinates": [ 151.1802, -33.8714 ] } },
{ "type": "Feature", "properties": { "decimalLatitude": -34.8337, "decimalLongitude": 138.5812, "month": 11, "species_sci": "Threskiornis molucca", "species_com": "Australian White Ibis" }, "geometry": { "type": "Point", "coordinates": [ 138.5812, -34.8337 ] } },
{ "type": "Feature", "properties": { "decimalLatitude": -33.8372, "decimalLongitude": 151.1372, "month": 11, "species_sci": "Threskiornis molucca", "species_com": "Australian White Ibis" }, "geometry": { "type": "Point", "coordinates": [ 151.1372, -33.8372 ] } },
{ "type": "Feature", "properties": { "decimalLatitude": -33.9424, "decimalLongitude": 150.852, "month": 11, "species_sci": "Threskiornis molucca", "species_com": "Australian White Ibis" }, "geometry": { "type": "Point", "coordinates": [ 150.852, -33.9424 ] } },
{ "type": "Feature", "properties": { "decimalLatitude": -34.5416, "decimalLongitude": 150.847, "month": 11, "species_sci": "Threskiornis molucca", "species_com": "Australian White Ibis" }, "geometry": { "type": "Point", "coordinates": [ 150.847, -34.5416 ] } },
{ "type": "Feature", "properties": { "decimalLatitude": -35.3152, "decimalLongitude": 149.1601, "month": 11, "species_sci": "Threskiornis molucca", "species_com": "Australian White Ibis" }, "geometry": { "type": "Point", "coordinates": [ 149.1601, -35.3152 ] } },
{ "type": "Feature", "properties": { "decimalLatitude": -35.5136, "decimalLongitude": 139.1856, "month": 11, "species_sci": "Threskiornis molucca", "species_com": "Australian White Ibis" }, "geometry": { "type": "Point", "coordinates": [ 139.1856, -35.5136 ] } },
{ "type": "Feature", "properties": { "decimalLatitude": -33.9425, "decimalLongitude": 150.8521, "month": 11, "species_sci": "Threskiornis molucca", "species_com": "Australian White Ibis" }, "geometry": { "type": "Point", "coordinates": [ 150.8521, -33.9425 ] } },
{ "type": "Feature", "properties": { "decimalLatitude": -12.4465, "decimalLongitude": 130.835, "month": 11, "species_sci": "Threskiornis molucca", "species_com": "Australian White Ibis" }, "geometry": { "type": "Point", "coordinates": [ 130.835, -12.4465 ] } },
{ "type": "Feature", "properties": { "decimalLatitude": -33.8598, "decimalLongitude": 151.2224, "month": 11, "species_sci": "Threskiornis molucca", "species_com": "Australian White Ibis" }, "geometry": { "type": "Point", "coordinates": [ 151.2224, -33.8598 ] } },
{ "type": "Feature", "properties": { "decimalLatitude": -33.8643, "decimalLongitude": 151.2176, "month": 11, "species_sci": "Threskiornis molucca", "species_com": "Australian White Ibis" }, "geometry": { "type": "Point", "coordinates": [ 151.2176, -33.8643 ] } },
{ "type": "Feature", "properties": { "decimalLatitude": -37.8317, "decimalLongitude": 144.9079, "month": 11, "species_sci": "Threskiornis molucca", "species_com": "Australian White Ibis" }, "geometry": { "type": "Point", "coordinates": [ 144.9079, -37.8317 ] } },
{ "type": "Feature", "properties": { "decimalLatitude": -37.683, "decimalLongitude": 145.5326, "month": 11, "species_sci": "Threskiornis molucca", "species_com": "Australian White Ibis" }, "geometry": { "type": "Point", "coordinates": [ 145.5326, -37.683 ] } },
{ "type": "Feature", "properties": { "decimalLatitude": -33.8637, "decimalLongitude": 151.2139, "month": 11, "species_sci": "Threskiornis molucca", "species_com": "Australian White Ibis" }, "geometry": { "type": "Point", "coordinates": [ 151.2139, -33.8637 ] } },
{ "type": "Feature", "properties": { "decimalLatitude": -33.8635, "decimalLongitude": 151.2156, "month": 11, "species_sci": "Threskiornis molucca", "species_com": "Australian White Ibis" }, "geometry": { "type": "Point", "coordinates": [ 151.2156, -33.8635 ] } },
{ "type": "Feature", "properties": { "decimalLatitude": -27.4227, "decimalLongitude": 153.1696, "month": 11, "species_sci": "Threskiornis molucca", "species_com": "Australian White Ibis" }, "geometry": { "type": "Point", "coordinates": [ 153.1696, -27.4227 ] } },
{ "type": "Feature", "properties": { "decimalLatitude": -34.5369, "decimalLongitude": 150.8684, "month": 11, "species_sci": "Threskiornis molucca", "species_com": "Australian White Ibis" }, "geometry": { "type": "Point", "coordinates": [ 150.8684, -34.5369 ] } },
{ "type": "Feature", "properties": { "decimalLatitude": -33.9289, "decimalLongitude": 151.1477, "month": 11, "species_sci": "Threskiornis molucca", "species_com": "Australian White Ibis" }, "geometry": { "type": "Point", "coordinates": [ 151.1477, -33.9289 ] } },
{ "type": "Feature", "properties": { "decimalLatitude": -33.8719, "decimalLongitude": 151.2117, "month": 11, "species_sci": "Threskiornis molucca", "species_com": "Australian White Ibis" }, "geometry": { "type": "Point", "coordinates": [ 151.2117, -33.8719 ] } },
{ "type": "Feature", "properties": { "decimalLatitude": -37.8247, "decimalLongitude": 145.1654, "month": 11, "species_sci": "Threskiornis molucca", "species_com": "Australian White Ibis" }, "geometry": { "type": "Point", "coordinates": [ 145.1654, -37.8247 ] } },
{ "type": "Feature", "properties": { "decimalLatitude": -34.7479, "decimalLongitude": 138.9689, "month": 11, "species_sci": "Threskiornis molucca", "species_com": "Australian White Ibis" }, "geometry": { "type": "Point", "coordinates": [ 138.9689, -34.7479 ] } },
{ "type": "Feature", "properties": { "decimalLatitude": -33.8711, "decimalLongitude": 151.212, "month": 11, "species_sci": "Threskiornis molucca", "species_com": "Australian White Ibis" }, "geometry": { "type": "Point", "coordinates": [ 151.212, -33.8711 ] } },
{ "type": "Feature", "properties": { "decimalLatitude": -33.867, "decimalLongitude": 151.2177, "month": 11, "species_sci": "Threskiornis molucca", "species_com": "Australian White Ibis" }, "geometry": { "type": "Point", "coordinates": [ 151.2177, -33.867 ] } },
{ "type": "Feature", "properties": { "decimalLatitude": -38.3147, "decimalLongitude": 146.3352, "month": 11, "species_sci": "Threskiornis molucca", "species_com": "Australian White Ibis" }, "geometry": { "type": "Point", "coordinates": [ 146.3352, -38.3147 ] } },
{ "type": "Feature", "properties": { "decimalLatitude": -34.4394, "decimalLongitude": 150.8579, "month": 11, "species_sci": "Threskiornis molucca", "species_com": "Australian White Ibis" }, "geometry": { "type": "Point", "coordinates": [ 150.8579, -34.4394 ] } },
{ "type": "Feature", "properties": { "decimalLatitude": -27.4421, "decimalLongitude": 153.1758, "month": 11, "species_sci": "Threskiornis molucca", "species_com": "Australian White Ibis" }, "geometry": { "type": "Point", "coordinates": [ 153.1758, -27.4421 ] } },
{ "type": "Feature", "properties": { "decimalLatitude": -33.8441, "decimalLongitude": 151.2406, "month": 11, "species_sci": "Threskiornis molucca", "species_com": "Australian White Ibis" }, "geometry": { "type": "Point", "coordinates": [ 151.2406, -33.8441 ] } },
{ "type": "Feature", "properties": { "decimalLatitude": -37.9041, "decimalLongitude": 145.2397, "month": 11, "species_sci": "Threskiornis molucca", "species_com": "Australian White Ibis" }, "geometry": { "type": "Point", "coordinates": [ 145.2397, -37.9041 ] } },
{ "type": "Feature", "properties": { "decimalLatitude": -12.8975, "decimalLongitude": 132.5155, "month": 11, "species_sci": "Threskiornis molucca", "species_com": "Australian White Ibis" }, "geometry": { "type": "Point", "coordinates": [ 132.5155, -12.8975 ] } },
{ "type": "Feature", "properties": { "decimalLatitude": -34.5417, "decimalLongitude": 150.8482, "month": 11, "species_sci": "Threskiornis molucca", "species_com": "Australian White Ibis" }, "geometry": { "type": "Point", "coordinates": [ 150.8482, -34.5417 ] } },
{ "type": "Feature", "properties": { "decimalLatitude": -19.4071, "decimalLongitude": 146.7264, "month": 11, "species_sci": "Threskiornis molucca", "species_com": "Australian White Ibis" }, "geometry": { "type": "Point", "coordinates": [ 146.7264, -19.4071 ] } },
{ "type": "Feature", "properties": { "decimalLatitude": -37.8797, "decimalLongitude": 144.8012, "month": 11, "species_sci": "Threskiornis molucca", "species_com": "Australian White Ibis" }, "geometry": { "type": "Point", "coordinates": [ 144.8012, -37.8797 ] } },
{ "type": "Feature", "properties": { "decimalLatitude": -27.4791, "decimalLongitude": 153.0219, "month": 11, "species_sci": "Threskiornis molucca", "species_com": "Australian White Ibis" }, "geometry": { "type": "Point", "coordinates": [ 153.0219, -27.4791 ] } },
{ "type": "Feature", "properties": { "decimalLatitude": -35.3732, "decimalLongitude": 139.1426, "month": 11, "species_sci": "Threskiornis molucca", "species_com": "Australian White Ibis" }, "geometry": { "type": "Point", "coordinates": [ 139.1426, -35.3732 ] } },
{ "type": "Feature", "properties": { "decimalLatitude": -33.8573, "decimalLongitude": 151.2144, "month": 11, "species_sci": "Threskiornis molucca", "species_com": "Australian White Ibis" }, "geometry": { "type": "Point", "coordinates": [ 151.2144, -33.8573 ] } },
{ "type": "Feature", "properties": { "decimalLatitude": -27.4437, "decimalLongitude": 153.1824, "month": 11, "species_sci": "Threskiornis molucca", "species_com": "Australian White Ibis" }, "geometry": { "type": "Point", "coordinates": [ 153.1824, -27.4437 ] } },
{ "type": "Feature", "properties": { "decimalLatitude": -37.8248, "decimalLongitude": 145.1653, "month": 11, "species_sci": "Threskiornis molucca", "species_com": "Australian White Ibis" }, "geometry": { "type": "Point", "coordinates": [ 145.1653, -37.8248 ] } },
{ "type": "Feature", "properties": { "decimalLatitude": -34.4043, "decimalLongitude": 150.9016, "month": 11, "species_sci": "Threskiornis molucca", "species_com": "Australian White Ibis" }, "geometry": { "type": "Point", "coordinates": [ 150.9016, -34.4043 ] } },
{ "type": "Feature", "properties": { "decimalLatitude": -33.9425, "decimalLongitude": 150.852, "month": 11, "species_sci": "Threskiornis molucca", "species_com": "Australian White Ibis" }, "geometry": { "type": "Point", "coordinates": [ 150.852, -33.9425 ] } },
{ "type": "Feature", "properties": { "decimalLatitude": -34.4875, "decimalLongitude": 150.8353, "month": 11, "species_sci": "Threskiornis molucca", "species_com": "Australian White Ibis" }, "geometry": { "type": "Point", "coordinates": [ 150.8353, -34.4875 ] } },
{ "type": "Feature", "properties": { "decimalLatitude": -26.8043, "decimalLongitude": 153.1309, "month": 11, "species_sci": "Threskiornis molucca", "species_com": "Australian White Ibis" }, "geometry": { "type": "Point", "coordinates": [ 153.1309, -26.8043 ] } },
{ "type": "Feature", "properties": { "decimalLatitude": -37.9839, "decimalLongitude": 144.9387, "month": 11, "species_sci": "Threskiornis molucca", "species_com": "Australian White Ibis" }, "geometry": { "type": "Point", "coordinates": [ 144.9387, -37.9839 ] } },
{ "type": "Feature", "properties": { "decimalLatitude": -27.2187, "decimalLongitude": 153.0296, "month": 11, "species_sci": "Threskiornis molucca", "species_com": "Australian White Ibis" }, "geometry": { "type": "Point", "coordinates": [ 153.0296, -27.2187 ] } },
{ "type": "Feature", "properties": { "decimalLatitude": -35.5162, "decimalLongitude": 138.8762, "month": 11, "species_sci": "Threskiornis molucca", "species_com": "Australian White Ibis" }, "geometry": { "type": "Point", "coordinates": [ 138.8762, -35.5162 ] } },
{ "type": "Feature", "properties": { "decimalLatitude": -34.754, "decimalLongitude": 149.7324, "month": 11, "species_sci": "Threskiornis molucca", "species_com": "Australian White Ibis" }, "geometry": { "type": "Point", "coordinates": [ 149.7324, -34.754 ] } },
{ "type": "Feature", "properties": { "decimalLatitude": -28.1696, "decimalLongitude": 153.59, "month": 11, "species_sci": "Threskiornis molucca", "species_com": "Australian White Ibis" }, "geometry": { "type": "Point", "coordinates": [ 153.59, -28.1696 ] } },
{ "type": "Feature", "properties": { "decimalLatitude": -37.6555, "decimalLongitude": 145.5079, "month": 11, "species_sci": "Threskiornis molucca", "species_com": "Australian White Ibis" }, "geometry": { "type": "Point", "coordinates": [ 145.5079, -37.6555 ] } },
{ "type": "Feature", "properties": { "decimalLatitude": -33.8596, "decimalLongitude": 151.2167, "month": 11, "species_sci": "Threskiornis molucca", "species_com": "Australian White Ibis" }, "geometry": { "type": "Point", "coordinates": [ 151.2167, -33.8596 ] } },
{ "type": "Feature", "properties": { "decimalLatitude": -30.3, "decimalLongitude": 149.8, "month": 11, "species_sci": "Threskiornis molucca", "species_com": "Australian White Ibis" }, "geometry": { "type": "Point", "coordinates": [ 149.8, -30.3 ] } },
{ "type": "Feature", "properties": { "decimalLatitude": -27.589, "decimalLongitude": 151.9728, "month": 11, "species_sci": "Threskiornis molucca", "species_com": "Australian White Ibis" }, "geometry": { "type": "Point", "coordinates": [ 151.9728, -27.589 ] } },
{ "type": "Feature", "properties": { "decimalLatitude": -27.4639, "decimalLongitude": 153.02, "month": 11, "species_sci": "Threskiornis molucca", "species_com": "Australian White Ibis" }, "geometry": { "type": "Point", "coordinates": [ 153.02, -27.4639 ] } },
{ "type": "Feature", "properties": { "decimalLatitude": -37.8404, "decimalLongitude": 144.9712, "month": 11, "species_sci": "Threskiornis molucca", "species_com": "Australian White Ibis" }, "geometry": { "type": "Point", "coordinates": [ 144.9712, -37.8404 ] } },
{ "type": "Feature", "properties": { "decimalLatitude": -33.86, "decimalLongitude": 151.2166, "month": 11, "species_sci": "Threskiornis molucca", "species_com": "Australian White Ibis" }, "geometry": { "type": "Point", "coordinates": [ 151.2166, -33.86 ] } },
{ "type": "Feature", "properties": { "decimalLatitude": -38.2608, "decimalLongitude": 144.5169, "month": 11, "species_sci": "Threskiornis molucca", "species_com": "Australian White Ibis" }, "geometry": { "type": "Point", "coordinates": [ 144.5169, -38.2608 ] } },
{ "type": "Feature", "properties": { "decimalLatitude": -37.8256, "decimalLongitude": 145.1622, "month": 11, "species_sci": "Threskiornis molucca", "species_com": "Australian White Ibis" }, "geometry": { "type": "Point", "coordinates": [ 145.1622, -37.8256 ] } },
{ "type": "Feature", "properties": { "decimalLatitude": -37.003, "decimalLongitude": 145.285, "month": 11, "species_sci": "Threskiornis molucca", "species_com": "Australian White Ibis" }, "geometry": { "type": "Point", "coordinates": [ 145.285, -37.003 ] } },
{ "type": "Feature", "properties": { "decimalLatitude": -32.8727, "decimalLongitude": 151.6948, "month": 11, "species_sci": "Threskiornis molucca", "species_com": "Australian White Ibis" }, "geometry": { "type": "Point", "coordinates": [ 151.6948, -32.8727 ] } },
{ "type": "Feature", "properties": { "decimalLatitude": -30.5489, "decimalLongitude": 149.8714, "month": 11, "species_sci": "Threskiornis molucca", "species_com": "Australian White Ibis" }, "geometry": { "type": "Point", "coordinates": [ 149.8714, -30.5489 ] } },
{ "type": "Feature", "properties": { "decimalLatitude": -34.0614, "decimalLongitude": 150.7722, "month": 11, "species_sci": "Threskiornis molucca", "species_com": "Australian White Ibis" }, "geometry": { "type": "Point", "coordinates": [ 150.7722, -34.0614 ] } },
{ "type": "Feature", "properties": { "decimalLatitude": -34.4672, "decimalLongitude": 150.7666, "month": 11, "species_sci": "Threskiornis molucca", "species_com": "Australian White Ibis" }, "geometry": { "type": "Point", "coordinates": [ 150.7666, -34.4672 ] } },
{ "type": "Feature", "properties": { "decimalLatitude": -37.9045, "decimalLongitude": 145.2479, "month": 11, "species_sci": "Threskiornis molucca", "species_com": "Australian White Ibis" }, "geometry": { "type": "Point", "coordinates": [ 145.2479, -37.9045 ] } },
{ "type": "Feature", "properties": { "decimalLatitude": -27.4008, "decimalLongitude": 153.1075, "month": 11, "species_sci": "Threskiornis molucca", "species_com": "Australian White Ibis" }, "geometry": { "type": "Point", "coordinates": [ 153.1075, -27.4008 ] } },
{ "type": "Feature", "properties": { "decimalLatitude": -29.4604, "decimalLongitude": 153.2035, "month": 11, "species_sci": "Threskiornis molucca", "species_com": "Australian White Ibis" }, "geometry": { "type": "Point", "coordinates": [ 153.2035, -29.4604 ] } },
{ "type": "Feature", "properties": { "decimalLatitude": -38.315, "decimalLongitude": 146.3349, "month": 11, "species_sci": "Threskiornis molucca", "species_com": "Australian White Ibis" }, "geometry": { "type": "Point", "coordinates": [ 146.3349, -38.315 ] } },
{ "type": "Feature", "properties": { "decimalLatitude": -37.7348, "decimalLongitude": 144.9703, "month": 11, "species_sci": "Threskiornis molucca", "species_com": "Australian White Ibis" }, "geometry": { "type": "Point", "coordinates": [ 144.9703, -37.7348 ] } },
{ "type": "Feature", "properties": { "decimalLatitude": -27.4461, "decimalLongitude": 153.185, "month": 11, "species_sci": "Threskiornis molucca", "species_com": "Australian White Ibis" }, "geometry": { "type": "Point", "coordinates": [ 153.185, -27.4461 ] } },
{ "type": "Feature", "properties": { "decimalLatitude": -34.8101, "decimalLongitude": 149.4585, "month": 11, "species_sci": "Threskiornis molucca", "species_com": "Australian White Ibis" }, "geometry": { "type": "Point", "coordinates": [ 149.4585, -34.8101 ] } },
{ "type": "Feature", "properties": { "decimalLatitude": -34.8346, "decimalLongitude": 138.52, "month": 11, "species_sci": "Threskiornis molucca", "species_com": "Australian White Ibis" }, "geometry": { "type": "Point", "coordinates": [ 138.52, -34.8346 ] } },
{ "type": "Feature", "properties": { "decimalLatitude": -27.4695, "decimalLongitude": 153.0249, "month": 11, "species_sci": "Threskiornis molucca", "species_com": "Australian White Ibis" }, "geometry": { "type": "Point", "coordinates": [ 153.0249, -27.4695 ] } },
{ "type": "Feature", "properties": { "decimalLatitude": -27.481, "decimalLongitude": 153.0247, "month": 11, "species_sci": "Threskiornis molucca", "species_com": "Australian White Ibis" }, "geometry": { "type": "Point", "coordinates": [ 153.0247, -27.481 ] } },
{ "type": "Feature", "properties": { "decimalLatitude": -34.9556, "decimalLongitude": 138.5336, "month": 11, "species_sci": "Threskiornis molucca", "species_com": "Australian White Ibis" }, "geometry": { "type": "Point", "coordinates": [ 138.5336, -34.9556 ] } },
{ "type": "Feature", "properties": { "decimalLatitude": -32.3449, "decimalLongitude": 115.8185, "month": 11, "species_sci": "Threskiornis molucca", "species_com": "Australian White Ibis" }, "geometry": { "type": "Point", "coordinates": [ 115.8185, -32.3449 ] } },
{ "type": "Feature", "properties": { "decimalLatitude": -27.4726, "decimalLongitude": 153.0308, "month": 11, "species_sci": "Threskiornis molucca", "species_com": "Australian White Ibis" }, "geometry": { "type": "Point", "coordinates": [ 153.0308, -27.4726 ] } },
{ "type": "Feature", "properties": { "decimalLatitude": -27.475, "decimalLongitude": 153.0304, "month": 11, "species_sci": "Threskiornis molucca", "species_com": "Australian White Ibis" }, "geometry": { "type": "Point", "coordinates": [ 153.0304, -27.475 ] } },
{ "type": "Feature", "properties": { "decimalLatitude": -33.6922, "decimalLongitude": 150.6969, "month": 11, "species_sci": "Threskiornis molucca", "species_com": "Australian White Ibis" }, "geometry": { "type": "Point", "coordinates": [ 150.6969, -33.6922 ] } },
{ "type": "Feature", "properties": { "decimalLatitude": -33.8981, "decimalLongitude": 151.2312, "month": 11, "species_sci": "Threskiornis molucca", "species_com": "Australian White Ibis" }, "geometry": { "type": "Point", "coordinates": [ 151.2312, -33.8981 ] } },
{ "type": "Feature", "properties": { "decimalLatitude": -37.8767, "decimalLongitude": 147.9889, "month": 11, "species_sci": "Threskiornis molucca", "species_com": "Australian White Ibis" }, "geometry": { "type": "Point", "coordinates": [ 147.9889, -37.8767 ] } },
{ "type": "Feature", "properties": { "decimalLatitude": -34.9215, "decimalLongitude": 138.5984, "month": 11, "species_sci": "Threskiornis molucca", "species_com": "Australian White Ibis" }, "geometry": { "type": "Point", "coordinates": [ 138.5984, -34.9215 ] } },
{ "type": "Feature", "properties": { "decimalLatitude": -31.9272, "decimalLongitude": 115.8095, "month": 11, "species_sci": "Threskiornis molucca", "species_com": "Australian White Ibis" }, "geometry": { "type": "Point", "coordinates": [ 115.8095, -31.9272 ] } },
{ "type": "Feature", "properties": { "decimalLatitude": -34.7999, "decimalLongitude": 138.6997, "month": 11, "species_sci": "Threskiornis molucca", "species_com": "Australian White Ibis" }, "geometry": { "type": "Point", "coordinates": [ 138.6997, -34.7999 ] } },
{ "type": "Feature", "properties": { "decimalLatitude": -35.1421, "decimalLongitude": 149.113, "month": 11, "species_sci": "Threskiornis molucca", "species_com": "Australian White Ibis" }, "geometry": { "type": "Point", "coordinates": [ 149.113, -35.1421 ] } },
{ "type": "Feature", "properties": { "decimalLatitude": -34.8564, "decimalLongitude": 138.6485, "month": 11, "species_sci": "Threskiornis molucca", "species_com": "Australian White Ibis" }, "geometry": { "type": "Point", "coordinates": [ 138.6485, -34.8564 ] } },
{ "type": "Feature", "properties": { "decimalLatitude": -34.7734, "decimalLongitude": 138.5099, "month": 11, "species_sci": "Threskiornis molucca", "species_com": "Australian White Ibis" }, "geometry": { "type": "Point", "coordinates": [ 138.5099, -34.7734 ] } },
{ "type": "Feature", "properties": { "decimalLatitude": -33.867, "decimalLongitude": 151.2177, "month": 11, "species_sci": "Threskiornis molucca", "species_com": "Australian White Ibis" }, "geometry": { "type": "Point", "coordinates": [ 151.2177, -33.867 ] } },
{ "type": "Feature", "properties": { "decimalLatitude": -38.1774, "decimalLongitude": 145.2604, "month": 11, "species_sci": "Threskiornis molucca", "species_com": "Australian White Ibis" }, "geometry": { "type": "Point", "coordinates": [ 145.2604, -38.1774 ] } },
{ "type": "Feature", "properties": { "decimalLatitude": -27.4745, "decimalLongitude": 153.0285, "month": 11, "species_sci": "Threskiornis molucca", "species_com": "Australian White Ibis" }, "geometry": { "type": "Point", "coordinates": [ 153.0285, -27.4745 ] } },
{ "type": "Feature", "properties": { "decimalLatitude": -34.9186, "decimalLongitude": 138.6113, "month": 11, "species_sci": "Threskiornis molucca", "species_com": "Australian White Ibis" }, "geometry": { "type": "Point", "coordinates": [ 138.6113, -34.9186 ] } },
{ "type": "Feature", "properties": { "decimalLatitude": -30.2119, "decimalLongitude": 153.1573, "month": 11, "species_sci": "Threskiornis molucca", "species_com": "Australian White Ibis" }, "geometry": { "type": "Point", "coordinates": [ 153.1573, -30.2119 ] } },
{ "type": "Feature", "properties": { "decimalLatitude": -27.5839, "decimalLongitude": 152.9918, "month": 11, "species_sci": "Threskiornis molucca", "species_com": "Australian White Ibis" }, "geometry": { "type": "Point", "coordinates": [ 152.9918, -27.5839 ] } },
{ "type": "Feature", "properties": { "decimalLatitude": -35.3717, "decimalLongitude": 149.238, "month": 11, "species_sci": "Threskiornis molucca", "species_com": "Australian White Ibis" }, "geometry": { "type": "Point", "coordinates": [ 149.238, -35.3717 ] } },
{ "type": "Feature", "properties": { "decimalLatitude": -33.7466, "decimalLongitude": 150.6825, "month": 11, "species_sci": "Threskiornis molucca", "species_com": "Australian White Ibis" }, "geometry": { "type": "Point", "coordinates": [ 150.6825, -33.7466 ] } },
{ "type": "Feature", "properties": { "decimalLatitude": -38.5209, "decimalLongitude": 145.3644, "month": 11, "species_sci": "Threskiornis molucca", "species_com": "Australian White Ibis" }, "geometry": { "type": "Point", "coordinates": [ 145.3644, -38.5209 ] } },
{ "type": "Feature", "properties": { "decimalLatitude": -28.6475, "decimalLongitude": 153.6089, "month": 11, "species_sci": "Threskiornis molucca", "species_com": "Australian White Ibis" }, "geometry": { "type": "Point", "coordinates": [ 153.6089, -28.6475 ] } },
{ "type": "Feature", "properties": { "decimalLatitude": -33.8627, "decimalLongitude": 151.2109, "month": 11, "species_sci": "Threskiornis molucca", "species_com": "Australian White Ibis" }, "geometry": { "type": "Point", "coordinates": [ 151.2109, -33.8627 ] } },
{ "type": "Feature", "properties": { "decimalLatitude": -37.2083, "decimalLongitude": 145.4305, "month": 11, "species_sci": "Threskiornis molucca", "species_com": "Australian White Ibis" }, "geometry": { "type": "Point", "coordinates": [ 145.4305, -37.2083 ] } },
{ "type": "Feature", "properties": { "decimalLatitude": -34.9556, "decimalLongitude": 138.5343, "month": 11, "species_sci": "Threskiornis molucca", "species_com": "Australian White Ibis" }, "geometry": { "type": "Point", "coordinates": [ 138.5343, -34.9556 ] } },
{ "type": "Feature", "properties": { "decimalLatitude": -16.4801, "decimalLongitude": 145.4622, "month": 11, "species_sci": "Threskiornis molucca", "species_com": "Australian White Ibis" }, "geometry": { "type": "Point", "coordinates": [ 145.4622, -16.4801 ] } },
{ "type": "Feature", "properties": { "decimalLatitude": -33.9421, "decimalLongitude": 150.8542, "month": 11, "species_sci": "Threskiornis molucca", "species_com": "Australian White Ibis" }, "geometry": { "type": "Point", "coordinates": [ 150.8542, -33.9421 ] } },
{ "type": "Feature", "properties": { "decimalLatitude": -34.9072, "decimalLongitude": 138.6145, "month": 11, "species_sci": "Threskiornis molucca", "species_com": "Australian White Ibis" }, "geometry": { "type": "Point", "coordinates": [ 138.6145, -34.9072 ] } },
{ "type": "Feature", "properties": { "decimalLatitude": -35.2112, "decimalLongitude": 149.0139, "month": 11, "species_sci": "Threskiornis molucca", "species_com": "Australian White Ibis" }, "geometry": { "type": "Point", "coordinates": [ 149.0139, -35.2112 ] } },
{ "type": "Feature", "properties": { "decimalLatitude": -27.4432, "decimalLongitude": 153.0292, "month": 11, "species_sci": "Threskiornis molucca", "species_com": "Australian White Ibis" }, "geometry": { "type": "Point", "coordinates": [ 153.0292, -27.4432 ] } },
{ "type": "Feature", "properties": { "decimalLatitude": -34.9191, "decimalLongitude": 138.6108, "month": 11, "species_sci": "Threskiornis molucca", "species_com": "Australian White Ibis" }, "geometry": { "type": "Point", "coordinates": [ 138.6108, -34.9191 ] } },
{ "type": "Feature", "properties": { "decimalLatitude": -27.4651, "decimalLongitude": 153.24, "month": 11, "species_sci": "Threskiornis molucca", "species_com": "Australian White Ibis" }, "geometry": { "type": "Point", "coordinates": [ 153.24, -27.4651 ] } },
{ "type": "Feature", "properties": { "decimalLatitude": -28.7957, "decimalLongitude": 153.5943, "month": 11, "species_sci": "Threskiornis molucca", "species_com": "Australian White Ibis" }, "geometry": { "type": "Point", "coordinates": [ 153.5943, -28.7957 ] } },
{ "type": "Feature", "properties": { "decimalLatitude": -27.4784, "decimalLongitude": 153.0559, "month": 11, "species_sci": "Threskiornis molucca", "species_com": "Australian White Ibis" }, "geometry": { "type": "Point", "coordinates": [ 153.0559, -27.4784 ] } },
{ "type": "Feature", "properties": { "decimalLatitude": -34.4801, "decimalLongitude": 150.8084, "month": 11, "species_sci": "Threskiornis molucca", "species_com": "Australian White Ibis" }, "geometry": { "type": "Point", "coordinates": [ 150.8084, -34.4801 ] } },
{ "type": "Feature", "properties": { "decimalLatitude": -27.4698, "decimalLongitude": 153.026, "month": 11, "species_sci": "Threskiornis molucca", "species_com": "Australian White Ibis" }, "geometry": { "type": "Point", "coordinates": [ 153.026, -27.4698 ] } },
{ "type": "Feature", "properties": { "decimalLatitude": -33.8857, "decimalLongitude": 151.1941, "month": 12, "species_sci": "Threskiornis molucca", "species_com": "Australian White Ibis" }, "geometry": { "type": "Point", "coordinates": [ 151.1941, -33.8857 ] } },
{ "type": "Feature", "properties": { "decimalLatitude": -33.82, "decimalLongitude": 151.006, "month": 12, "species_sci": "Threskiornis molucca", "species_com": "Australian White Ibis" }, "geometry": { "type": "Point", "coordinates": [ 151.006, -33.82 ] } },
{ "type": "Feature", "properties": { "decimalLatitude": -37.8258, "decimalLongitude": 145.1621, "month": 12, "species_sci": "Threskiornis molucca", "species_com": "Australian White Ibis" }, "geometry": { "type": "Point", "coordinates": [ 145.1621, -37.8258 ] } },
{ "type": "Feature", "properties": { "decimalLatitude": -34.4853, "decimalLongitude": 150.799, "month": 12, "species_sci": "Threskiornis molucca", "species_com": "Australian White Ibis" }, "geometry": { "type": "Point", "coordinates": [ 150.799, -34.4853 ] } },
{ "type": "Feature", "properties": { "decimalLatitude": -33.8635, "decimalLongitude": 151.2178, "month": 12, "species_sci": "Threskiornis molucca", "species_com": "Australian White Ibis" }, "geometry": { "type": "Point", "coordinates": [ 151.2178, -33.8635 ] } },
{ "type": "Feature", "properties": { "decimalLatitude": -33.8647, "decimalLongitude": 151.2161, "month": 12, "species_sci": "Threskiornis molucca", "species_com": "Australian White Ibis" }, "geometry": { "type": "Point", "coordinates": [ 151.2161, -33.8647 ] } },
{ "type": "Feature", "properties": { "decimalLatitude": -33.8587, "decimalLongitude": 151.2161, "month": 12, "species_sci": "Threskiornis molucca", "species_com": "Australian White Ibis" }, "geometry": { "type": "Point", "coordinates": [ 151.2161, -33.8587 ] } },
{ "type": "Feature", "properties": { "decimalLatitude": -32.014, "decimalLongitude": 115.9698, "month": 12, "species_sci": "Threskiornis molucca", "species_com": "Australian White Ibis" }, "geometry": { "type": "Point", "coordinates": [ 115.9698, -32.014 ] } },
{ "type": "Feature", "properties": { "decimalLatitude": -33.8641, "decimalLongitude": 151.2174, "month": 12, "species_sci": "Threskiornis molucca", "species_com": "Australian White Ibis" }, "geometry": { "type": "Point", "coordinates": [ 151.2174, -33.8641 ] } },
{ "type": "Feature", "properties": { "decimalLatitude": -33.8642, "decimalLongitude": 151.2175, "month": 12, "species_sci": "Threskiornis molucca", "species_com": "Australian White Ibis" }, "geometry": { "type": "Point", "coordinates": [ 151.2175, -33.8642 ] } },
{ "type": "Feature", "properties": { "decimalLatitude": -33.6944, "decimalLongitude": 150.9254, "month": 12, "species_sci": "Threskiornis molucca", "species_com": "Australian White Ibis" }, "geometry": { "type": "Point", "coordinates": [ 150.9254, -33.6944 ] } },
{ "type": "Feature", "properties": { "decimalLatitude": -33.9532, "decimalLongitude": 151.1496, "month": 12, "species_sci": "Threskiornis molucca", "species_com": "Australian White Ibis" }, "geometry": { "type": "Point", "coordinates": [ 151.1496, -33.9532 ] } },
{ "type": "Feature", "properties": { "decimalLatitude": -12.7651, "decimalLongitude": 132.7576, "month": 12, "species_sci": "Threskiornis molucca", "species_com": "Australian White Ibis" }, "geometry": { "type": "Point", "coordinates": [ 132.7576, -12.7651 ] } },
{ "type": "Feature", "properties": { "decimalLatitude": -34.6397, "decimalLongitude": 138.4751, "month": 12, "species_sci": "Threskiornis molucca", "species_com": "Australian White Ibis" }, "geometry": { "type": "Point", "coordinates": [ 138.4751, -34.6397 ] } },
{ "type": "Feature", "properties": { "decimalLatitude": -27.5306, "decimalLongitude": 152.9741, "month": 12, "species_sci": "Threskiornis molucca", "species_com": "Australian White Ibis" }, "geometry": { "type": "Point", "coordinates": [ 152.9741, -27.5306 ] } },
{ "type": "Feature", "properties": { "decimalLatitude": -34.5344, "decimalLongitude": 150.7921, "month": 12, "species_sci": "Threskiornis molucca", "species_com": "Australian White Ibis" }, "geometry": { "type": "Point", "coordinates": [ 150.7921, -34.5344 ] } },
{ "type": "Feature", "properties": { "decimalLatitude": -33.8625, "decimalLongitude": 151.2162, "month": 12, "species_sci": "Threskiornis molucca", "species_com": "Australian White Ibis" }, "geometry": { "type": "Point", "coordinates": [ 151.2162, -33.8625 ] } },
{ "type": "Feature", "properties": { "decimalLatitude": -35.5284, "decimalLongitude": 138.8065, "month": 12, "species_sci": "Threskiornis molucca", "species_com": "Australian White Ibis" }, "geometry": { "type": "Point", "coordinates": [ 138.8065, -35.5284 ] } },
{ "type": "Feature", "properties": { "decimalLatitude": -27.4062, "decimalLongitude": 153.1676, "month": 12, "species_sci": "Threskiornis molucca", "species_com": "Australian White Ibis" }, "geometry": { "type": "Point", "coordinates": [ 153.1676, -27.4062 ] } },
{ "type": "Feature", "properties": { "decimalLatitude": -34.9343, "decimalLongitude": 138.5097, "month": 12, "species_sci": "Threskiornis molucca", "species_com": "Australian White Ibis" }, "geometry": { "type": "Point", "coordinates": [ 138.5097, -34.9343 ] } },
{ "type": "Feature", "properties": { "decimalLatitude": -33.871, "decimalLongitude": 151.2123, "month": 12, "species_sci": "Threskiornis molucca", "species_com": "Australian White Ibis" }, "geometry": { "type": "Point", "coordinates": [ 151.2123, -33.871 ] } },
{ "type": "Feature", "properties": { "decimalLatitude": -37.8257, "decimalLongitude": 145.162, "month": 12, "species_sci": "Threskiornis molucca", "species_com": "Australian White Ibis" }, "geometry": { "type": "Point", "coordinates": [ 145.162, -37.8257 ] } },
{ "type": "Feature", "properties": { "decimalLatitude": -34.8337, "decimalLongitude": 138.5812, "month": 12, "species_sci": "Threskiornis molucca", "species_com": "Australian White Ibis" }, "geometry": { "type": "Point", "coordinates": [ 138.5812, -34.8337 ] } },
{ "type": "Feature", "properties": { "decimalLatitude": -35.3723, "decimalLongitude": 139.1475, "month": 12, "species_sci": "Threskiornis molucca", "species_com": "Australian White Ibis" }, "geometry": { "type": "Point", "coordinates": [ 139.1475, -35.3723 ] } },
{ "type": "Feature", "properties": { "decimalLatitude": -33.9425, "decimalLongitude": 150.852, "month": 12, "species_sci": "Threskiornis molucca", "species_com": "Australian White Ibis" }, "geometry": { "type": "Point", "coordinates": [ 150.852, -33.9425 ] } },
{ "type": "Feature", "properties": { "decimalLatitude": -19.2409, "decimalLongitude": 146.7931, "month": 12, "species_sci": "Threskiornis molucca", "species_com": "Australian White Ibis" }, "geometry": { "type": "Point", "coordinates": [ 146.7931, -19.2409 ] } },
{ "type": "Feature", "properties": { "decimalLatitude": -33.8615, "decimalLongitude": 151.2081, "month": 12, "species_sci": "Threskiornis molucca", "species_com": "Australian White Ibis" }, "geometry": { "type": "Point", "coordinates": [ 151.2081, -33.8615 ] } },
{ "type": "Feature", "properties": { "decimalLatitude": -38.3928, "decimalLongitude": 142.2441, "month": 12, "species_sci": "Threskiornis molucca", "species_com": "Australian White Ibis" }, "geometry": { "type": "Point", "coordinates": [ 142.2441, -38.3928 ] } },
{ "type": "Feature", "properties": { "decimalLatitude": -32.8408, "decimalLongitude": 151.7106, "month": 12, "species_sci": "Threskiornis molucca", "species_com": "Australian White Ibis" }, "geometry": { "type": "Point", "coordinates": [ 151.7106, -32.8408 ] } },
{ "type": "Feature", "properties": { "decimalLatitude": -34.8359, "decimalLongitude": 138.6159, "month": 12, "species_sci": "Threskiornis molucca", "species_com": "Australian White Ibis" }, "geometry": { "type": "Point", "coordinates": [ 138.6159, -34.8359 ] } },
{ "type": "Feature", "properties": { "decimalLatitude": -27.086, "decimalLongitude": 152.9534, "month": 12, "species_sci": "Threskiornis molucca", "species_com": "Australian White Ibis" }, "geometry": { "type": "Point", "coordinates": [ 152.9534, -27.086 ] } },
{ "type": "Feature", "properties": { "decimalLatitude": -35.1785, "decimalLongitude": 149.1303, "month": 12, "species_sci": "Threskiornis molucca", "species_com": "Australian White Ibis" }, "geometry": { "type": "Point", "coordinates": [ 149.1303, -35.1785 ] } },
{ "type": "Feature", "properties": { "decimalLatitude": -37.8861, "decimalLongitude": 144.9955, "month": 12, "species_sci": "Threskiornis molucca", "species_com": "Australian White Ibis" }, "geometry": { "type": "Point", "coordinates": [ 144.9955, -37.8861 ] } },
{ "type": "Feature", "properties": { "decimalLatitude": -35.2973, "decimalLongitude": 149.0815, "month": 12, "species_sci": "Threskiornis molucca", "species_com": "Australian White Ibis" }, "geometry": { "type": "Point", "coordinates": [ 149.0815, -35.2973 ] } },
{ "type": "Feature", "properties": { "decimalLatitude": -27.5321, "decimalLongitude": 153.0144, "month": 12, "species_sci": "Threskiornis molucca", "species_com": "Australian White Ibis" }, "geometry": { "type": "Point", "coordinates": [ 153.0144, -27.5321 ] } },
{ "type": "Feature", "properties": { "decimalLatitude": -33.8177, "decimalLongitude": 151.0214, "month": 12, "species_sci": "Threskiornis molucca", "species_com": "Australian White Ibis" }, "geometry": { "type": "Point", "coordinates": [ 151.0214, -33.8177 ] } },
{ "type": "Feature", "properties": { "decimalLatitude": -28.6452, "decimalLongitude": 153.6203, "month": 12, "species_sci": "Threskiornis molucca", "species_com": "Australian White Ibis" }, "geometry": { "type": "Point", "coordinates": [ 153.6203, -28.6452 ] } },
{ "type": "Feature", "properties": { "decimalLatitude": -34.6144, "decimalLongitude": 150.8534, "month": 12, "species_sci": "Threskiornis molucca", "species_com": "Australian White Ibis" }, "geometry": { "type": "Point", "coordinates": [ 150.8534, -34.6144 ] } },
{ "type": "Feature", "properties": { "decimalLatitude": -37.538, "decimalLongitude": 143.7833, "month": 12, "species_sci": "Threskiornis molucca", "species_com": "Australian White Ibis" }, "geometry": { "type": "Point", "coordinates": [ 143.7833, -37.538 ] } },
{ "type": "Feature", "properties": { "decimalLatitude": -38.3668, "decimalLongitude": 145.2118, "month": 12, "species_sci": "Threskiornis molucca", "species_com": "Australian White Ibis" }, "geometry": { "type": "Point", "coordinates": [ 145.2118, -38.3668 ] } },
{ "type": "Feature", "properties": { "decimalLatitude": -33.8636, "decimalLongitude": 151.2178, "month": 12, "species_sci": "Threskiornis molucca", "species_com": "Australian White Ibis" }, "geometry": { "type": "Point", "coordinates": [ 151.2178, -33.8636 ] } },
{ "type": "Feature", "properties": { "decimalLatitude": -27.5629, "decimalLongitude": 153.095, "month": 12, "species_sci": "Threskiornis molucca", "species_com": "Australian White Ibis" }, "geometry": { "type": "Point", "coordinates": [ 153.095, -27.5629 ] } },
{ "type": "Feature", "properties": { "decimalLatitude": -33.9452, "decimalLongitude": 150.8596, "month": 12, "species_sci": "Threskiornis molucca", "species_com": "Australian White Ibis" }, "geometry": { "type": "Point", "coordinates": [ 150.8596, -33.9452 ] } },
{ "type": "Feature", "properties": { "decimalLatitude": -37.7743, "decimalLongitude": 145.0356, "month": 12, "species_sci": "Threskiornis molucca", "species_com": "Australian White Ibis" }, "geometry": { "type": "Point", "coordinates": [ 145.0356, -37.7743 ] } },
{ "type": "Feature", "properties": { "decimalLatitude": -30.5626, "decimalLongitude": 149.8685, "month": 12, "species_sci": "Threskiornis molucca", "species_com": "Australian White Ibis" }, "geometry": { "type": "Point", "coordinates": [ 149.8685, -30.5626 ] } },
{ "type": "Feature", "properties": { "decimalLatitude": -27.1899, "decimalLongitude": 151.2608, "month": 12, "species_sci": "Threskiornis molucca", "species_com": "Australian White Ibis" }, "geometry": { "type": "Point", "coordinates": [ 151.2608, -27.1899 ] } },
{ "type": "Feature", "properties": { "decimalLatitude": -33.9463, "decimalLongitude": 150.8539, "month": 12, "species_sci": "Threskiornis molucca", "species_com": "Australian White Ibis" }, "geometry": { "type": "Point", "coordinates": [ 150.8539, -33.9463 ] } },
{ "type": "Feature", "properties": { "decimalLatitude": -30.47, "decimalLongitude": 153.039, "month": 12, "species_sci": "Threskiornis molucca", "species_com": "Australian White Ibis" }, "geometry": { "type": "Point", "coordinates": [ 153.039, -30.47 ] } },
{ "type": "Feature", "properties": { "decimalLatitude": -34.0707, "decimalLongitude": 150.7327, "month": 12, "species_sci": "Threskiornis molucca", "species_com": "Australian White Ibis" }, "geometry": { "type": "Point", "coordinates": [ 150.7327, -34.0707 ] } },
{ "type": "Feature", "properties": { "decimalLatitude": -36.3273, "decimalLongitude": 146.8389, "month": 12, "species_sci": "Threskiornis molucca", "species_com": "Australian White Ibis" }, "geometry": { "type": "Point", "coordinates": [ 146.8389, -36.3273 ] } },
{ "type": "Feature", "properties": { "decimalLatitude": -31.8608, "decimalLongitude": 115.9812, "month": 12, "species_sci": "Threskiornis molucca", "species_com": "Australian White Ibis" }, "geometry": { "type": "Point", "coordinates": [ 115.9812, -31.8608 ] } },
{ "type": "Feature", "properties": { "decimalLatitude": -34.9364, "decimalLongitude": 138.62, "month": 12, "species_sci": "Threskiornis molucca", "species_com": "Australian White Ibis" }, "geometry": { "type": "Point", "coordinates": [ 138.62, -34.9364 ] } },
{ "type": "Feature", "properties": { "decimalLatitude": -27.3798, "decimalLongitude": 153.0469, "month": 12, "species_sci": "Threskiornis molucca", "species_com": "Australian White Ibis" }, "geometry": { "type": "Point", "coordinates": [ 153.0469, -27.3798 ] } },
{ "type": "Feature", "properties": { "decimalLatitude": -27.4723, "decimalLongitude": 153.0307, "month": 12, "species_sci": "Threskiornis molucca", "species_com": "Australian White Ibis" }, "geometry": { "type": "Point", "coordinates": [ 153.0307, -27.4723 ] } },
{ "type": "Feature", "properties": { "decimalLatitude": -33.8897, "decimalLongitude": 151.2228, "month": 12, "species_sci": "Threskiornis molucca", "species_com": "Australian White Ibis" }, "geometry": { "type": "Point", "coordinates": [ 151.2228, -33.8897 ] } },
{ "type": "Feature", "properties": { "decimalLatitude": -33.8748, "decimalLongitude": 151.2111, "month": 12, "species_sci": "Threskiornis molucca", "species_com": "Australian White Ibis" }, "geometry": { "type": "Point", "coordinates": [ 151.2111, -33.8748 ] } },
{ "type": "Feature", "properties": { "decimalLatitude": -27.5706, "decimalLongitude": 153.115, "month": 12, "species_sci": "Threskiornis molucca", "species_com": "Australian White Ibis" }, "geometry": { "type": "Point", "coordinates": [ 153.115, -27.5706 ] } },
{ "type": "Feature", "properties": { "decimalLatitude": -27.5208, "decimalLongitude": 151.922, "month": 12, "species_sci": "Threskiornis molucca", "species_com": "Australian White Ibis" }, "geometry": { "type": "Point", "coordinates": [ 151.922, -27.5208 ] } },
{ "type": "Feature", "properties": { "decimalLatitude": -34.893, "decimalLongitude": 138.6219, "month": 12, "species_sci": "Threskiornis molucca", "species_com": "Australian White Ibis" }, "geometry": { "type": "Point", "coordinates": [ 138.6219, -34.893 ] } },
{ "type": "Feature", "properties": { "decimalLatitude": -31.9767, "decimalLongitude": 115.8556, "month": 12, "species_sci": "Threskiornis molucca", "species_com": "Australian White Ibis" }, "geometry": { "type": "Point", "coordinates": [ 115.8556, -31.9767 ] } },
{ "type": "Feature", "properties": { "decimalLatitude": -32.0874, "decimalLongitude": 115.8227, "month": 12, "species_sci": "Threskiornis molucca", "species_com": "Australian White Ibis" }, "geometry": { "type": "Point", "coordinates": [ 115.8227, -32.0874 ] } },
{ "type": "Feature", "properties": { "decimalLatitude": -27.565, "decimalLongitude": 153.0989, "month": 12, "species_sci": "Threskiornis molucca", "species_com": "Australian White Ibis" }, "geometry": { "type": "Point", "coordinates": [ 153.0989, -27.565 ] } },
{ "type": "Feature", "properties": { "decimalLatitude": -36.7569, "decimalLongitude": 144.2799, "month": 12, "species_sci": "Threskiornis molucca", "species_com": "Australian White Ibis" }, "geometry": { "type": "Point", "coordinates": [ 144.2799, -36.7569 ] } },
{ "type": "Feature", "properties": { "decimalLatitude": -34.6394, "decimalLongitude": 138.475, "month": 12, "species_sci": "Threskiornis molucca", "species_com": "Australian White Ibis" }, "geometry": { "type": "Point", "coordinates": [ 138.475, -34.6394 ] } },
{ "type": "Feature", "properties": { "decimalLatitude": -32.2472, "decimalLongitude": 148.611, "month": 12, "species_sci": "Threskiornis molucca", "species_com": "Australian White Ibis" }, "geometry": { "type": "Point", "coordinates": [ 148.611, -32.2472 ] } },
{ "type": "Feature", "properties": { "decimalLatitude": -34.9365, "decimalLongitude": 138.5973, "month": 12, "species_sci": "Threskiornis molucca", "species_com": "Australian White Ibis" }, "geometry": { "type": "Point", "coordinates": [ 138.5973, -34.9365 ] } },
{ "type": "Feature", "properties": { "decimalLatitude": -35.2411, "decimalLongitude": 149.1044, "month": 12, "species_sci": "Threskiornis molucca", "species_com": "Australian White Ibis" }, "geometry": { "type": "Point", "coordinates": [ 149.1044, -35.2411 ] } },
{ "type": "Feature", "properties": { "decimalLatitude": -33.8712, "decimalLongitude": 151.2118, "month": 12, "species_sci": "Threskiornis molucca", "species_com": "Australian White Ibis" }, "geometry": { "type": "Point", "coordinates": [ 151.2118, -33.8712 ] } },
{ "type": "Feature", "properties": { "decimalLatitude": -35.3082, "decimalLongitude": 149.1509, "month": 12, "species_sci": "Threskiornis molucca", "species_com": "Australian White Ibis" }, "geometry": { "type": "Point", "coordinates": [ 149.1509, -35.3082 ] } },
{ "type": "Feature", "properties": { "decimalLatitude": -33.9421, "decimalLongitude": 150.8541, "month": 12, "species_sci": "Threskiornis molucca", "species_com": "Australian White Ibis" }, "geometry": { "type": "Point", "coordinates": [ 150.8541, -33.9421 ] } },
{ "type": "Feature", "properties": { "decimalLatitude": -33.9338, "decimalLongitude": 151.1803, "month": 12, "species_sci": "Threskiornis molucca", "species_com": "Australian White Ibis" }, "geometry": { "type": "Point", "coordinates": [ 151.1803, -33.9338 ] } },
{ "type": "Feature", "properties": { "decimalLatitude": -34.5621, "decimalLongitude": 150.873, "month": 12, "species_sci": "Threskiornis molucca", "species_com": "Australian White Ibis" }, "geometry": { "type": "Point", "coordinates": [ 150.873, -34.5621 ] } },
{ "type": "Feature", "properties": { "decimalLatitude": -27.4154, "decimalLongitude": 153.0218, "month": 12, "species_sci": "Threskiornis molucca", "species_com": "Australian White Ibis" }, "geometry": { "type": "Point", "coordinates": [ 153.0218, -27.4154 ] } },
{ "type": "Feature", "properties": { "decimalLatitude": -33.8751, "decimalLongitude": 151.2113, "month": 12, "species_sci": "Threskiornis molucca", "species_com": "Australian White Ibis" }, "geometry": { "type": "Point", "coordinates": [ 151.2113, -33.8751 ] } },
{ "type": "Feature", "properties": { "decimalLatitude": -37.8257, "decimalLongitude": 145.163, "month": 12, "species_sci": "Threskiornis molucca", "species_com": "Australian White Ibis" }, "geometry": { "type": "Point", "coordinates": [ 145.163, -37.8257 ] } },
{ "type": "Feature", "properties": { "decimalLatitude": -33.5267, "decimalLongitude": 151.3146, "month": 12, "species_sci": "Threskiornis molucca", "species_com": "Australian White Ibis" }, "geometry": { "type": "Point", "coordinates": [ 151.3146, -33.5267 ] } },
{ "type": "Feature", "properties": { "decimalLatitude": -35.2812, "decimalLongitude": 149.1542, "month": 12, "species_sci": "Threskiornis molucca", "species_com": "Australian White Ibis" }, "geometry": { "type": "Point", "coordinates": [ 149.1542, -35.2812 ] } },
{ "type": "Feature", "properties": { "decimalLatitude": -36.073, "decimalLongitude": 146.8432, "month": 12, "species_sci": "Threskiornis molucca", "species_com": "Australian White Ibis" }, "geometry": { "type": "Point", "coordinates": [ 146.8432, -36.073 ] } },
{ "type": "Feature", "properties": { "decimalLatitude": -37.8257, "decimalLongitude": 145.1622, "month": 12, "species_sci": "Threskiornis molucca", "species_com": "Australian White Ibis" }, "geometry": { "type": "Point", "coordinates": [ 145.1622, -37.8257 ] } },
{ "type": "Feature", "properties": { "decimalLatitude": -33.8933, "decimalLongitude": 151.2332, "month": 12, "species_sci": "Threskiornis molucca", "species_com": "Australian White Ibis" }, "geometry": { "type": "Point", "coordinates": [ 151.2332, -33.8933 ] } },
{ "type": "Feature", "properties": { "decimalLatitude": -26.7625, "decimalLongitude": 153.1325, "month": 12, "species_sci": "Threskiornis molucca", "species_com": "Australian White Ibis" }, "geometry": { "type": "Point", "coordinates": [ 153.1325, -26.7625 ] } },
{ "type": "Feature", "properties": { "decimalLatitude": -36.3522, "decimalLongitude": 146.3301, "month": 12, "species_sci": "Threskiornis molucca", "species_com": "Australian White Ibis" }, "geometry": { "type": "Point", "coordinates": [ 146.3301, -36.3522 ] } },
{ "type": "Feature", "properties": { "decimalLatitude": -33.8713, "decimalLongitude": 151.2118, "month": 12, "species_sci": "Threskiornis molucca", "species_com": "Australian White Ibis" }, "geometry": { "type": "Point", "coordinates": [ 151.2118, -33.8713 ] } },
{ "type": "Feature", "properties": { "decimalLatitude": -33.8607, "decimalLongitude": 151.2026, "month": 12, "species_sci": "Threskiornis molucca", "species_com": "Australian White Ibis" }, "geometry": { "type": "Point", "coordinates": [ 151.2026, -33.8607 ] } },
{ "type": "Feature", "properties": { "decimalLatitude": -37.9354, "decimalLongitude": 145.113, "month": 12, "species_sci": "Threskiornis molucca", "species_com": "Australian White Ibis" }, "geometry": { "type": "Point", "coordinates": [ 145.113, -37.9354 ] } },
{ "type": "Feature", "properties": { "decimalLatitude": -34.8564, "decimalLongitude": 138.6485, "month": 12, "species_sci": "Threskiornis molucca", "species_com": "Australian White Ibis" }, "geometry": { "type": "Point", "coordinates": [ 138.6485, -34.8564 ] } },
{ "type": "Feature", "properties": { "decimalLatitude": -27.6138, "decimalLongitude": 153.0241, "month": 12, "species_sci": "Threskiornis molucca", "species_com": "Australian White Ibis" }, "geometry": { "type": "Point", "coordinates": [ 153.0241, -27.6138 ] } },
{ "type": "Feature", "properties": { "decimalLatitude": -33.9425, "decimalLongitude": 150.852, "month": 12, "species_sci": "Threskiornis molucca", "species_com": "Australian White Ibis" }, "geometry": { "type": "Point", "coordinates": [ 150.852, -33.9425 ] } },
{ "type": "Feature", "properties": { "decimalLatitude": -32.9239, "decimalLongitude": 151.7487, "month": 12, "species_sci": "Threskiornis molucca", "species_com": "Australian White Ibis" }, "geometry": { "type": "Point", "coordinates": [ 151.7487, -32.9239 ] } },
{ "type": "Feature", "properties": { "decimalLatitude": -27.6593, "decimalLongitude": 153.0782, "month": 12, "species_sci": "Threskiornis molucca", "species_com": "Australian White Ibis" }, "geometry": { "type": "Point", "coordinates": [ 153.0782, -27.6593 ] } },
{ "type": "Feature", "properties": { "decimalLatitude": -30.5115, "decimalLongitude": 151.6673, "month": 12, "species_sci": "Threskiornis molucca", "species_com": "Australian White Ibis" }, "geometry": { "type": "Point", "coordinates": [ 151.6673, -30.5115 ] } },
{ "type": "Feature", "properties": { "decimalLatitude": -27.6581, "decimalLongitude": 153.0768, "month": 12, "species_sci": "Threskiornis molucca", "species_com": "Australian White Ibis" }, "geometry": { "type": "Point", "coordinates": [ 153.0768, -27.6581 ] } },
{ "type": "Feature", "properties": { "decimalLatitude": -30.299, "decimalLongitude": 153.1231, "month": 12, "species_sci": "Threskiornis molucca", "species_com": "Australian White Ibis" }, "geometry": { "type": "Point", "coordinates": [ 153.1231, -30.299 ] } },
{ "type": "Feature", "properties": { "decimalLatitude": -37.8257, "decimalLongitude": 145.1621, "month": 12, "species_sci": "Threskiornis molucca", "species_com": "Australian White Ibis" }, "geometry": { "type": "Point", "coordinates": [ 145.1621, -37.8257 ] } },
{ "type": "Feature", "properties": { "decimalLatitude": -34.8438, "decimalLongitude": 138.6599, "month": 12, "species_sci": "Threskiornis molucca", "species_com": "Australian White Ibis" }, "geometry": { "type": "Point", "coordinates": [ 138.6599, -34.8438 ] } },
{ "type": "Feature", "properties": { "decimalLatitude": -35.5463, "decimalLongitude": 138.872, "month": 12, "species_sci": "Threskiornis molucca", "species_com": "Australian White Ibis" }, "geometry": { "type": "Point", "coordinates": [ 138.872, -35.5463 ] } },
{ "type": "Feature", "properties": { "decimalLatitude": -33.8653, "decimalLongitude": 151.2058, "month": 12, "species_sci": "Threskiornis molucca", "species_com": "Australian White Ibis" }, "geometry": { "type": "Point", "coordinates": [ 151.2058, -33.8653 ] } },
{ "type": "Feature", "properties": { "decimalLatitude": -37.5824, "decimalLongitude": 140.3178, "month": 12, "species_sci": "Threskiornis molucca", "species_com": "Australian White Ibis" }, "geometry": { "type": "Point", "coordinates": [ 140.3178, -37.5824 ] } },
{ "type": "Feature", "properties": { "decimalLatitude": -33.8651, "decimalLongitude": 151.207, "month": 12, "species_sci": "Threskiornis molucca", "species_com": "Australian White Ibis" }, "geometry": { "type": "Point", "coordinates": [ 151.207, -33.8651 ] } },
{ "type": "Feature", "properties": { "decimalLatitude": -33.8856, "decimalLongitude": 151.2142, "month": 12, "species_sci": "Threskiornis molucca", "species_com": "Australian White Ibis" }, "geometry": { "type": "Point", "coordinates": [ 151.2142, -33.8856 ] } },
{ "type": "Feature", "properties": { "decimalLatitude": -33.8642, "decimalLongitude": 151.2166, "month": 12, "species_sci": "Threskiornis molucca", "species_com": "Australian White Ibis" }, "geometry": { "type": "Point", "coordinates": [ 151.2166, -33.8642 ] } },
{ "type": "Feature", "properties": { "decimalLatitude": -19.3119, "decimalLongitude": 146.7646, "month": 12, "species_sci": "Threskiornis molucca", "species_com": "Australian White Ibis" }, "geometry": { "type": "Point", "coordinates": [ 146.7646, -19.3119 ] } },
{ "type": "Feature", "properties": { "decimalLatitude": -38.5009, "decimalLongitude": 145.3339, "month": 12, "species_sci": "Threskiornis molucca", "species_com": "Australian White Ibis" }, "geometry": { "type": "Point", "coordinates": [ 145.3339, -38.5009 ] } },
{ "type": "Feature", "properties": { "decimalLatitude": -34.9346, "decimalLongitude": 138.5101, "month": 12, "species_sci": "Threskiornis molucca", "species_com": "Australian White Ibis" }, "geometry": { "type": "Point", "coordinates": [ 138.5101, -34.9346 ] } },
{ "type": "Feature", "properties": { "decimalLatitude": -33.8972, "decimalLongitude": 150.9724, "month": 12, "species_sci": "Threskiornis molucca", "species_com": "Australian White Ibis" }, "geometry": { "type": "Point", "coordinates": [ 150.9724, -33.8972 ] } },
{ "type": "Feature", "properties": { "decimalLatitude": -33.9425, "decimalLongitude": 150.852, "month": 12, "species_sci": "Threskiornis molucca", "species_com": "Australian White Ibis" }, "geometry": { "type": "Point", "coordinates": [ 150.852, -33.9425 ] } },
{ "type": "Feature", "properties": { "decimalLatitude": -35.1774, "decimalLongitude": 149.162, "month": 12, "species_sci": "Threskiornis molucca", "species_com": "Australian White Ibis" }, "geometry": { "type": "Point", "coordinates": [ 149.162, -35.1774 ] } },
{ "type": "Feature", "properties": { "decimalLatitude": -37.7328, "decimalLongitude": 144.9683, "month": 12, "species_sci": "Threskiornis molucca", "species_com": "Australian White Ibis" }, "geometry": { "type": "Point", "coordinates": [ 144.9683, -37.7328 ] } },
{ "type": "Feature", "properties": { "decimalLatitude": -32.0986, "decimalLongitude": 115.7891, "month": 12, "species_sci": "Threskiornis molucca", "species_com": "Australian White Ibis" }, "geometry": { "type": "Point", "coordinates": [ 115.7891, -32.0986 ] } },
{ "type": "Feature", "properties": { "decimalLatitude": -33.9425, "decimalLongitude": 150.852, "month": 12, "species_sci": "Threskiornis molucca", "species_com": "Australian White Ibis" }, "geometry": { "type": "Point", "coordinates": [ 150.852, -33.9425 ] } },
{ "type": "Feature", "properties": { "decimalLatitude": -37.8706, "decimalLongitude": 144.9095, "month": 12, "species_sci": "Threskiornis molucca", "species_com": "Australian White Ibis" }, "geometry": { "type": "Point", "coordinates": [ 144.9095, -37.8706 ] } },
{ "type": "Feature", "properties": { "decimalLatitude": -30.7423, "decimalLongitude": 121.452, "month": 12, "species_sci": "Threskiornis molucca", "species_com": "Australian White Ibis" }, "geometry": { "type": "Point", "coordinates": [ 121.452, -30.7423 ] } },
{ "type": "Feature", "properties": { "decimalLatitude": -34.8337, "decimalLongitude": 138.5812, "month": 12, "species_sci": "Threskiornis molucca", "species_com": "Australian White Ibis" }, "geometry": { "type": "Point", "coordinates": [ 138.5812, -34.8337 ] } },
{ "type": "Feature", "properties": { "decimalLatitude": -27.4055, "decimalLongitude": 153.0817, "month": 12, "species_sci": "Threskiornis molucca", "species_com": "Australian White Ibis" }, "geometry": { "type": "Point", "coordinates": [ 153.0817, -27.4055 ] } },
{ "type": "Feature", "properties": { "decimalLatitude": -26.5551, "decimalLongitude": 153.0869, "month": 12, "species_sci": "Threskiornis molucca", "species_com": "Australian White Ibis" }, "geometry": { "type": "Point", "coordinates": [ 153.0869, -26.5551 ] } },
{ "type": "Feature", "properties": { "decimalLatitude": -34.9647, "decimalLongitude": 138.6956, "month": 12, "species_sci": "Threskiornis molucca", "species_com": "Australian White Ibis" }, "geometry": { "type": "Point", "coordinates": [ 138.6956, -34.9647 ] } },
{ "type": "Feature", "properties": { "decimalLatitude": -27.4658, "decimalLongitude": 153.0235, "month": 12, "species_sci": "Threskiornis molucca", "species_com": "Australian White Ibis" }, "geometry": { "type": "Point", "coordinates": [ 153.0235, -27.4658 ] } },
{ "type": "Feature", "properties": { "decimalLatitude": -33.7732, "decimalLongitude": 151.1134, "month": 12, "species_sci": "Threskiornis molucca", "species_com": "Australian White Ibis" }, "geometry": { "type": "Point", "coordinates": [ 151.1134, -33.7732 ] } },
{ "type": "Feature", "properties": { "decimalLatitude": -34.478, "decimalLongitude": 150.7966, "month": 12, "species_sci": "Threskiornis molucca", "species_com": "Australian White Ibis" }, "geometry": { "type": "Point", "coordinates": [ 150.7966, -34.478 ] } },
{ "type": "Feature", "properties": { "decimalLatitude": -33.8813, "decimalLongitude": 151.1691, "month": 12, "species_sci": "Threskiornis molucca", "species_com": "Australian White Ibis" }, "geometry": { "type": "Point", "coordinates": [ 151.1691, -33.8813 ] } },
{ "type": "Feature", "properties": { "decimalLatitude": -27.4354, "decimalLongitude": 153.1484, "month": 12, "species_sci": "Threskiornis molucca", "species_com": "Australian White Ibis" }, "geometry": { "type": "Point", "coordinates": [ 153.1484, -27.4354 ] } },
{ "type": "Feature", "properties": { "decimalLatitude": -37.7381, "decimalLongitude": 145.1561, "month": 12, "species_sci": "Threskiornis molucca", "species_com": "Australian White Ibis" }, "geometry": { "type": "Point", "coordinates": [ 145.1561, -37.7381 ] } },
{ "type": "Feature", "properties": { "decimalLatitude": -35.0881, "decimalLongitude": 138.5546, "month": 12, "species_sci": "Threskiornis molucca", "species_com": "Australian White Ibis" }, "geometry": { "type": "Point", "coordinates": [ 138.5546, -35.0881 ] } },
{ "type": "Feature", "properties": { "decimalLatitude": -34.9238, "decimalLongitude": 138.6135, "month": 12, "species_sci": "Threskiornis molucca", "species_com": "Australian White Ibis" }, "geometry": { "type": "Point", "coordinates": [ 138.6135, -34.9238 ] } },
{ "type": "Feature", "properties": { "decimalLatitude": -33.8648, "decimalLongitude": 151.2129, "month": 12, "species_sci": "Threskiornis molucca", "species_com": "Australian White Ibis" }, "geometry": { "type": "Point", "coordinates": [ 151.2129, -33.8648 ] } },
{ "type": "Feature", "properties": { "decimalLatitude": -17.5183, "decimalLongitude": 146.0244, "month": 12, "species_sci": "Threskiornis molucca", "species_com": "Australian White Ibis" }, "geometry": { "type": "Point", "coordinates": [ 146.0244, -17.5183 ] } },
{ "type": "Feature", "properties": { "decimalLatitude": -33.8638, "decimalLongitude": 151.2163, "month": 12, "species_sci": "Threskiornis molucca", "species_com": "Australian White Ibis" }, "geometry": { "type": "Point", "coordinates": [ 151.2163, -33.8638 ] } },
{ "type": "Feature", "properties": { "decimalLatitude": -27.5131, "decimalLongitude": 153.0758, "month": 12, "species_sci": "Threskiornis molucca", "species_com": "Australian White Ibis" }, "geometry": { "type": "Point", "coordinates": [ 153.0758, -27.5131 ] } },
{ "type": "Feature", "properties": { "decimalLatitude": -27.766, "decimalLongitude": 153.246, "month": 12, "species_sci": "Threskiornis molucca", "species_com": "Australian White Ibis" }, "geometry": { "type": "Point", "coordinates": [ 153.246, -27.766 ] } },
{ "type": "Feature", "properties": { "decimalLatitude": -34.9756, "decimalLongitude": 138.5079, "month": 12, "species_sci": "Threskiornis molucca", "species_com": "Australian White Ibis" }, "geometry": { "type": "Point", "coordinates": [ 138.5079, -34.9756 ] } },
{ "type": "Feature", "properties": { "decimalLatitude": -34.8326, "decimalLongitude": 150.5989, "month": 12, "species_sci": "Threskiornis molucca", "species_com": "Australian White Ibis" }, "geometry": { "type": "Point", "coordinates": [ 150.5989, -34.8326 ] } },
{ "type": "Feature", "properties": { "decimalLatitude": -37.8258, "decimalLongitude": 145.1622, "month": 12, "species_sci": "Threskiornis molucca", "species_com": "Australian White Ibis" }, "geometry": { "type": "Point", "coordinates": [ 145.1622, -37.8258 ] } },
{ "type": "Feature", "properties": { "decimalLatitude": -31.91, "decimalLongitude": 115.8014, "month": 12, "species_sci": "Threskiornis molucca", "species_com": "Australian White Ibis" }, "geometry": { "type": "Point", "coordinates": [ 115.8014, -31.91 ] } },
{ "type": "Feature", "properties": { "decimalLatitude": -33.8642, "decimalLongitude": 151.2175, "month": 12, "species_sci": "Threskiornis molucca", "species_com": "Australian White Ibis" }, "geometry": { "type": "Point", "coordinates": [ 151.2175, -33.8642 ] } },
{ "type": "Feature", "properties": { "decimalLatitude": -33.8709, "decimalLongitude": 151.2118, "month": 12, "species_sci": "Threskiornis molucca", "species_com": "Australian White Ibis" }, "geometry": { "type": "Point", "coordinates": [ 151.2118, -33.8709 ] } },
{ "type": "Feature", "properties": { "decimalLatitude": -27.2795, "decimalLongitude": 153.063, "month": 12, "species_sci": "Threskiornis molucca", "species_com": "Australian White Ibis" }, "geometry": { "type": "Point", "coordinates": [ 153.063, -27.2795 ] } },
{ "type": "Feature", "properties": { "decimalLatitude": -34.5472, "decimalLongitude": 150.7931, "month": 12, "species_sci": "Threskiornis molucca", "species_com": "Australian White Ibis" }, "geometry": { "type": "Point", "coordinates": [ 150.7931, -34.5472 ] } },
{ "type": "Feature", "properties": { "decimalLatitude": -32.9075, "decimalLongitude": 151.6865, "month": 12, "species_sci": "Threskiornis molucca", "species_com": "Australian White Ibis" }, "geometry": { "type": "Point", "coordinates": [ 151.6865, -32.9075 ] } },
{ "type": "Feature", "properties": { "decimalLatitude": -28.0098, "decimalLongitude": 153.387, "month": 12, "species_sci": "Threskiornis molucca", "species_com": "Australian White Ibis" }, "geometry": { "type": "Point", "coordinates": [ 153.387, -28.0098 ] } },
{ "type": "Feature", "properties": { "decimalLatitude": -35.3141, "decimalLongitude": 149.1618, "month": 12, "species_sci": "Threskiornis molucca", "species_com": "Australian White Ibis" }, "geometry": { "type": "Point", "coordinates": [ 149.1618, -35.3141 ] } },
{ "type": "Feature", "properties": { "decimalLatitude": -36.2048, "decimalLongitude": 146.243, "month": 12, "species_sci": "Threskiornis molucca", "species_com": "Australian White Ibis" }, "geometry": { "type": "Point", "coordinates": [ 146.243, -36.2048 ] } },
{ "type": "Feature", "properties": { "decimalLatitude": -35.5326, "decimalLongitude": 138.8277, "month": 12, "species_sci": "Threskiornis molucca", "species_com": "Australian White Ibis" }, "geometry": { "type": "Point", "coordinates": [ 138.8277, -35.5326 ] } },
{ "type": "Feature", "properties": { "decimalLatitude": -27.343, "decimalLongitude": 153.0997, "month": 12, "species_sci": "Threskiornis molucca", "species_com": "Australian White Ibis" }, "geometry": { "type": "Point", "coordinates": [ 153.0997, -27.343 ] } },
{ "type": "Feature", "properties": { "decimalLatitude": -33.8646, "decimalLongitude": 151.2172, "month": 12, "species_sci": "Threskiornis molucca", "species_com": "Australian White Ibis" }, "geometry": { "type": "Point", "coordinates": [ 151.2172, -33.8646 ] } },
{ "type": "Feature", "properties": { "decimalLatitude": -33.8734, "decimalLongitude": 151.1922, "month": 12, "species_sci": "Threskiornis molucca", "species_com": "Australian White Ibis" }, "geometry": { "type": "Point", "coordinates": [ 151.1922, -33.8734 ] } },
{ "type": "Feature", "properties": { "decimalLatitude": -33.8086, "decimalLongitude": 121.9215, "month": 12, "species_sci": "Threskiornis molucca", "species_com": "Australian White Ibis" }, "geometry": { "type": "Point", "coordinates": [ 121.9215, -33.8086 ] } },
{ "type": "Feature", "properties": { "decimalLatitude": -27.2187, "decimalLongitude": 153.0296, "month": 12, "species_sci": "Threskiornis molucca", "species_com": "Australian White Ibis" }, "geometry": { "type": "Point", "coordinates": [ 153.0296, -27.2187 ] } },
{ "type": "Feature", "properties": { "decimalLatitude": -32.6917, "decimalLongitude": 151.5363, "month": 12, "species_sci": "Threskiornis molucca", "species_com": "Australian White Ibis" }, "geometry": { "type": "Point", "coordinates": [ 151.5363, -32.6917 ] } },
{ "type": "Feature", "properties": { "decimalLatitude": -37.9932, "decimalLongitude": 144.5721, "month": 12, "species_sci": "Threskiornis molucca", "species_com": "Australian White Ibis" }, "geometry": { "type": "Point", "coordinates": [ 144.5721, -37.9932 ] } },
{ "type": "Feature", "properties": { "decimalLatitude": -33.8643, "decimalLongitude": 151.2175, "month": 12, "species_sci": "Threskiornis molucca", "species_com": "Australian White Ibis" }, "geometry": { "type": "Point", "coordinates": [ 151.2175, -33.8643 ] } }
]
}
